<?xml version="1.0" encoding="UTF-8"?>
<gpx xmlns="http://www.topografix.com/GPX/1/1" xmlns:gpxtpx="http://www.garmin.com/xmlschemas/TrackPointExtension/v1" xmlns:xsi="http://www.w3.org/2001/XMLSchema-instance" xsi:schemaLocation="http://www.topografix.com/GPX/1/1 http://www.topografix.com/GPX/1/1/gpx.xsd" version="1.1" creator="gpx.py -- https://github.com/tkrajina/gpxpy">
  <trk>
    <name>gpx from keep</name>
    <type>Run</type>
    <trkseg>
      <trkpt lat="28.79384666962824" lon="115.87516695249698">
        <ele>29.68855055514723</ele>
        <time>7630-07-04T05:47:46.700012Z</time>
      </trkpt>
      <trkpt lat="28.79385190499876" lon="115.87516740348552">
        <ele>29.45864863973111</ele>
        <time>1970-01-01T00:00:00.400000Z</time>
        <extensions>
          <gpxtpx:TrackPointExtension>
            <gpxtpx:hr>105</gpxtpx:hr>
          </gpxtpx:TrackPointExtension>
        </extensions>
      </trkpt>
      <trkpt lat="28.793857260385188" lon="115.87516849321077">
        <ele>29.26113375183195</ele>
        <time>1970-01-01T00:00:00.800000Z</time>
        <extensions>
          <gpxtpx:TrackPointExtension>
            <gpxtpx:hr>105</gpxtpx:hr>
          </gpxtpx:TrackPointExtension>
        </extensions>
      </trkpt>
      <trkpt lat="28.793862437978685" lon="115.87517011101976">
        <ele>29.070670755580068</ele>
        <time>1970-01-01T00:00:01.300000Z</time>
        <extensions>
          <gpxtpx:TrackPointExtension>
            <gpxtpx:hr>105</gpxtpx:hr>
          </gpxtpx:TrackPointExtension>
        </extensions>
      </trkpt>
      <trkpt lat="28.79386757521861" lon="115.87517222364947">
        <ele>28.883372181095183</ele>
        <time>1970-01-01T00:00:01.700000Z</time>
        <extensions>
          <gpxtpx:TrackPointExtension>
            <gpxtpx:hr>105</gpxtpx:hr>
          </gpxtpx:TrackPointExtension>
        </extensions>
      </trkpt>
      <trkpt lat="28.79387261234301" lon="115.87517472626365">
        <ele>28.700204767286777</ele>
        <time>1970-01-01T00:00:02.200000Z</time>
        <extensions>
          <gpxtpx:TrackPointExtension>
            <gpxtpx:hr>105</gpxtpx:hr>
          </gpxtpx:TrackPointExtension>
        </extensions>
      </trkpt>
      <trkpt lat="28.793877558232076" lon="115.87517748964963">
        <ele>28.52062061894685</ele>
        <time>1970-01-01T00:00:02.600000Z</time>
        <extensions>
          <gpxtpx:TrackPointExtension>
            <gpxtpx:hr>105</gpxtpx:hr>
          </gpxtpx:TrackPointExtension>
        </extensions>
      </trkpt>
      <trkpt lat="28.79388304820624" lon="115.87517965707575">
        <ele>28.1956470888108</ele>
        <time>1970-01-01T00:00:03.100000Z</time>
        <extensions>
          <gpxtpx:TrackPointExtension>
            <gpxtpx:hr>105</gpxtpx:hr>
          </gpxtpx:TrackPointExtension>
        </extensions>
      </trkpt>
      <trkpt lat="28.793888515760944" lon="115.87518157551189">
        <ele>27.88263338059187</ele>
        <time>1970-01-01T00:00:03.600000Z</time>
        <extensions>
          <gpxtpx:TrackPointExtension>
            <gpxtpx:hr>105</gpxtpx:hr>
          </gpxtpx:TrackPointExtension>
        </extensions>
      </trkpt>
      <trkpt lat="28.79389408014979" lon="115.87518269079023">
        <ele>27.583500664681196</ele>
        <time>1970-01-01T00:00:04.100000Z</time>
        <extensions>
          <gpxtpx:TrackPointExtension>
            <gpxtpx:hr>105</gpxtpx:hr>
          </gpxtpx:TrackPointExtension>
        </extensions>
      </trkpt>
      <trkpt lat="28.793899563052747" lon="115.87518392309205">
        <ele>27.30732679925859</ele>
        <time>1970-01-01T00:00:04.600000Z</time>
        <extensions>
          <gpxtpx:TrackPointExtension>
            <gpxtpx:hr>105</gpxtpx:hr>
          </gpxtpx:TrackPointExtension>
        </extensions>
      </trkpt>
      <trkpt lat="28.79390507012025" lon="115.87518486948666">
        <ele>27.06197359599173</ele>
        <time>1970-01-01T00:00:05.100000Z</time>
        <extensions>
          <gpxtpx:TrackPointExtension>
            <gpxtpx:hr>105</gpxtpx:hr>
          </gpxtpx:TrackPointExtension>
        </extensions>
      </trkpt>
      <trkpt lat="28.793910526368865" lon="115.87518596569295">
        <ele>26.85154078155756</ele>
        <time>1970-01-01T00:00:05.600000Z</time>
        <extensions>
          <gpxtpx:TrackPointExtension>
            <gpxtpx:hr>105</gpxtpx:hr>
          </gpxtpx:TrackPointExtension>
        </extensions>
      </trkpt>
      <trkpt lat="28.79391593788196" lon="115.87518684573712">
        <ele>26.663643894717097</ele>
        <time>1970-01-01T00:00:06.100000Z</time>
        <extensions>
          <gpxtpx:TrackPointExtension>
            <gpxtpx:hr>105</gpxtpx:hr>
          </gpxtpx:TrackPointExtension>
        </extensions>
      </trkpt>
      <trkpt lat="28.793921333302272" lon="115.87518757530526">
        <ele>26.490691299550235</ele>
        <time>1970-01-01T00:00:06.600000Z</time>
        <extensions>
          <gpxtpx:TrackPointExtension>
            <gpxtpx:hr>105</gpxtpx:hr>
          </gpxtpx:TrackPointExtension>
        </extensions>
      </trkpt>
      <trkpt lat="28.79392698430818" lon="115.87518817248252">
        <ele>26.380591904744506</ele>
        <time>1970-01-01T00:00:07.100000Z</time>
        <extensions>
          <gpxtpx:TrackPointExtension>
            <gpxtpx:hr>105</gpxtpx:hr>
          </gpxtpx:TrackPointExtension>
        </extensions>
      </trkpt>
      <trkpt lat="28.793932503730414" lon="115.87518859444151">
        <ele>26.222639925777912</ele>
        <time>1970-01-01T00:00:07.600000Z</time>
        <extensions>
          <gpxtpx:TrackPointExtension>
            <gpxtpx:hr>105</gpxtpx:hr>
          </gpxtpx:TrackPointExtension>
        </extensions>
      </trkpt>
      <trkpt lat="28.79393798712564" lon="115.87518920021672">
        <ele>26.02328569535166</ele>
        <time>1970-01-01T00:00:08.100000Z</time>
        <extensions>
          <gpxtpx:TrackPointExtension>
            <gpxtpx:hr>105</gpxtpx:hr>
          </gpxtpx:TrackPointExtension>
        </extensions>
      </trkpt>
      <trkpt lat="28.793943606443996" lon="115.87518959906195">
        <ele>25.82096856739372</ele>
        <time>1970-01-01T00:00:08.600000Z</time>
        <extensions>
          <gpxtpx:TrackPointExtension>
            <gpxtpx:hr>104</gpxtpx:hr>
          </gpxtpx:TrackPointExtension>
        </extensions>
      </trkpt>
      <trkpt lat="28.79394948973671" lon="115.87518957520116">
        <ele>25.62823824491352</ele>
        <time>1970-01-01T00:00:09.100000Z</time>
        <extensions>
          <gpxtpx:TrackPointExtension>
            <gpxtpx:hr>104</gpxtpx:hr>
          </gpxtpx:TrackPointExtension>
        </extensions>
      </trkpt>
      <trkpt lat="28.79395567732718" lon="115.87518932391497">
        <ele>25.460820238105953</ele>
        <time>1970-01-01T00:00:09.600000Z</time>
        <extensions>
          <gpxtpx:TrackPointExtension>
            <gpxtpx:hr>104</gpxtpx:hr>
          </gpxtpx:TrackPointExtension>
        </extensions>
      </trkpt>
      <trkpt lat="28.79396202271295" lon="115.87518859501222">
        <ele>25.33128533232957</ele>
        <time>1970-01-01T00:00:10.100000Z</time>
        <extensions>
          <gpxtpx:TrackPointExtension>
            <gpxtpx:hr>104</gpxtpx:hr>
          </gpxtpx:TrackPointExtension>
        </extensions>
      </trkpt>
      <trkpt lat="28.793968516309516" lon="115.87518713735044">
        <ele>25.234841907396913</ele>
        <time>1970-01-01T00:00:10.600000Z</time>
        <extensions>
          <gpxtpx:TrackPointExtension>
            <gpxtpx:hr>104</gpxtpx:hr>
          </gpxtpx:TrackPointExtension>
        </extensions>
      </trkpt>
      <trkpt lat="28.793975234079145" lon="115.87518626394753">
        <ele>25.165047713555396</ele>
        <time>1970-01-01T00:00:11.100000Z</time>
        <extensions>
          <gpxtpx:TrackPointExtension>
            <gpxtpx:hr>104</gpxtpx:hr>
          </gpxtpx:TrackPointExtension>
        </extensions>
      </trkpt>
      <trkpt lat="28.793982250088526" lon="115.87518649489992">
        <ele>25.126043738797307</ele>
        <time>1970-01-01T00:00:11.600000Z</time>
        <extensions>
          <gpxtpx:TrackPointExtension>
            <gpxtpx:hr>104</gpxtpx:hr>
          </gpxtpx:TrackPointExtension>
        </extensions>
      </trkpt>
      <trkpt lat="28.793989584496718" lon="115.87518708041553">
        <ele>25.086587147787213</ele>
        <time>1970-01-01T00:00:12.100000Z</time>
        <extensions>
          <gpxtpx:TrackPointExtension>
            <gpxtpx:hr>104</gpxtpx:hr>
          </gpxtpx:TrackPointExtension>
        </extensions>
      </trkpt>
      <trkpt lat="28.793997844064982" lon="115.875187461297">
        <ele>25.081069624982774</ele>
        <time>1970-01-01T00:00:12.600000Z</time>
        <extensions>
          <gpxtpx:TrackPointExtension>
            <gpxtpx:hr>104</gpxtpx:hr>
          </gpxtpx:TrackPointExtension>
        </extensions>
      </trkpt>
      <trkpt lat="28.794006863748873" lon="115.87518776753288">
        <ele>25.078292566351593</ele>
        <time>1970-01-01T00:00:13.100000Z</time>
        <extensions>
          <gpxtpx:TrackPointExtension>
            <gpxtpx:hr>104</gpxtpx:hr>
          </gpxtpx:TrackPointExtension>
        </extensions>
      </trkpt>
      <trkpt lat="28.794016516367776" lon="115.87518827340996">
        <ele>25.066413935273886</ele>
        <time>1970-01-01T00:00:13.600000Z</time>
        <extensions>
          <gpxtpx:TrackPointExtension>
            <gpxtpx:hr>104</gpxtpx:hr>
          </gpxtpx:TrackPointExtension>
        </extensions>
      </trkpt>
      <trkpt lat="28.79402729490514" lon="115.8751890480825">
        <ele>25.05827064719051</ele>
        <time>1970-01-01T00:00:14.100000Z</time>
        <extensions>
          <gpxtpx:TrackPointExtension>
            <gpxtpx:hr>104</gpxtpx:hr>
          </gpxtpx:TrackPointExtension>
        </extensions>
      </trkpt>
      <trkpt lat="28.794039051603825" lon="115.87518978550119">
        <ele>24.9807966100052</ele>
        <time>1970-01-01T00:00:14.600000Z</time>
        <extensions>
          <gpxtpx:TrackPointExtension>
            <gpxtpx:hr>104</gpxtpx:hr>
          </gpxtpx:TrackPointExtension>
        </extensions>
      </trkpt>
      <trkpt lat="28.79405134694883" lon="115.87519106859315">
        <ele>24.960027560591698</ele>
        <time>1970-01-01T00:00:15.100000Z</time>
        <extensions>
          <gpxtpx:TrackPointExtension>
            <gpxtpx:hr>104</gpxtpx:hr>
          </gpxtpx:TrackPointExtension>
        </extensions>
      </trkpt>
      <trkpt lat="28.794063306161714" lon="115.87519282500593">
        <ele>25.028758534230292</ele>
        <time>1970-01-01T00:00:15.600000Z</time>
        <extensions>
          <gpxtpx:TrackPointExtension>
            <gpxtpx:hr>104</gpxtpx:hr>
          </gpxtpx:TrackPointExtension>
        </extensions>
      </trkpt>
      <trkpt lat="28.794074619724157" lon="115.87519496225904">
        <ele>25.202295535244048</ele>
        <time>1970-01-01T00:00:16.100000Z</time>
        <extensions>
          <gpxtpx:TrackPointExtension>
            <gpxtpx:hr>111</gpxtpx:hr>
          </gpxtpx:TrackPointExtension>
        </extensions>
      </trkpt>
      <trkpt lat="28.794085459598676" lon="115.87519709053589">
        <ele>25.32357532903552</ele>
        <time>1970-01-01T00:00:16.600000Z</time>
        <extensions>
          <gpxtpx:TrackPointExtension>
            <gpxtpx:hr>111</gpxtpx:hr>
          </gpxtpx:TrackPointExtension>
        </extensions>
      </trkpt>
      <trkpt lat="28.79409634534298" lon="115.87519888682914">
        <ele>25.41059748828411</ele>
        <time>1970-01-01T00:00:17.100000Z</time>
        <extensions>
          <gpxtpx:TrackPointExtension>
            <gpxtpx:hr>111</gpxtpx:hr>
          </gpxtpx:TrackPointExtension>
        </extensions>
      </trkpt>
      <trkpt lat="28.794107807145828" lon="115.87520059962036">
        <ele>25.437151361256838</ele>
        <time>1970-01-01T00:00:17.600000Z</time>
        <extensions>
          <gpxtpx:TrackPointExtension>
            <gpxtpx:hr>111</gpxtpx:hr>
          </gpxtpx:TrackPointExtension>
        </extensions>
      </trkpt>
      <trkpt lat="28.794119780174604" lon="115.87520201851032">
        <ele>25.470759592950344</ele>
        <time>1970-01-01T00:00:18.100000Z</time>
        <extensions>
          <gpxtpx:TrackPointExtension>
            <gpxtpx:hr>111</gpxtpx:hr>
          </gpxtpx:TrackPointExtension>
        </extensions>
      </trkpt>
      <trkpt lat="28.794131773886463" lon="115.87520319695082">
        <ele>25.50268873758614</ele>
        <time>1970-01-01T00:00:18.600000Z</time>
        <extensions>
          <gpxtpx:TrackPointExtension>
            <gpxtpx:hr>111</gpxtpx:hr>
          </gpxtpx:TrackPointExtension>
        </extensions>
      </trkpt>
      <trkpt lat="28.794144862702076" lon="115.87520468964661">
        <ele>25.76200718805194</ele>
        <time>1970-01-01T00:00:19.100000Z</time>
        <extensions>
          <gpxtpx:TrackPointExtension>
            <gpxtpx:hr>111</gpxtpx:hr>
          </gpxtpx:TrackPointExtension>
        </extensions>
      </trkpt>
      <trkpt lat="28.794167469435475" lon="115.87520684258786">
        <ele>25.8524061255157</ele>
        <time>1970-01-01T00:00:20.100000Z</time>
        <extensions>
          <gpxtpx:TrackPointExtension>
            <gpxtpx:hr>111</gpxtpx:hr>
          </gpxtpx:TrackPointExtension>
        </extensions>
      </trkpt>
      <trkpt lat="28.794189706677628" lon="115.87520877161667">
        <ele>25.95105371437967</ele>
        <time>1970-01-01T00:00:21Z</time>
        <extensions>
          <gpxtpx:TrackPointExtension>
            <gpxtpx:hr>111</gpxtpx:hr>
          </gpxtpx:TrackPointExtension>
        </extensions>
      </trkpt>
      <trkpt lat="28.794211563104493" lon="115.87521031381866">
        <ele>26.082768203690648</ele>
        <time>1970-01-01T00:00:22Z</time>
        <extensions>
          <gpxtpx:TrackPointExtension>
            <gpxtpx:hr>111</gpxtpx:hr>
          </gpxtpx:TrackPointExtension>
        </extensions>
      </trkpt>
      <trkpt lat="28.794233987037657" lon="115.87521295881373">
        <ele>26.216320007108152</ele>
        <time>1970-01-01T00:00:22.900000Z</time>
        <extensions>
          <gpxtpx:TrackPointExtension>
            <gpxtpx:hr>122</gpxtpx:hr>
          </gpxtpx:TrackPointExtension>
        </extensions>
      </trkpt>
      <trkpt lat="28.7942559580802" lon="115.87521600143127">
        <ele>26.355033012107015</ele>
        <time>1970-01-01T00:00:23.900000Z</time>
        <extensions>
          <gpxtpx:TrackPointExtension>
            <gpxtpx:hr>122</gpxtpx:hr>
          </gpxtpx:TrackPointExtension>
        </extensions>
      </trkpt>
      <trkpt lat="28.794277670750223" lon="115.87521828918076">
        <ele>26.471278220415115</ele>
        <time>1970-01-01T00:00:24.800000Z</time>
        <extensions>
          <gpxtpx:TrackPointExtension>
            <gpxtpx:hr>122</gpxtpx:hr>
          </gpxtpx:TrackPointExtension>
        </extensions>
      </trkpt>
      <trkpt lat="28.794300132748106" lon="115.87522066736706">
        <ele>26.465297705493867</ele>
        <time>1970-01-01T00:00:25.800000Z</time>
        <extensions>
          <gpxtpx:TrackPointExtension>
            <gpxtpx:hr>122</gpxtpx:hr>
          </gpxtpx:TrackPointExtension>
        </extensions>
      </trkpt>
      <trkpt lat="28.794322540950358" lon="115.87522340338423">
        <ele>26.47306879516691</ele>
        <time>1970-01-01T00:00:26.700000Z</time>
        <extensions>
          <gpxtpx:TrackPointExtension>
            <gpxtpx:hr>122</gpxtpx:hr>
          </gpxtpx:TrackPointExtension>
        </extensions>
      </trkpt>
      <trkpt lat="28.794344849445732" lon="115.87522740174181">
        <ele>26.484758285805583</ele>
        <time>1970-01-01T00:00:27.700000Z</time>
        <extensions>
          <gpxtpx:TrackPointExtension>
            <gpxtpx:hr>124</gpxtpx:hr>
          </gpxtpx:TrackPointExtension>
        </extensions>
      </trkpt>
      <trkpt lat="28.79436709577036" lon="115.87523397220905">
        <ele>26.50691178906709</ele>
        <time>1970-01-01T00:00:28.600000Z</time>
        <extensions>
          <gpxtpx:TrackPointExtension>
            <gpxtpx:hr>124</gpxtpx:hr>
          </gpxtpx:TrackPointExtension>
        </extensions>
      </trkpt>
      <trkpt lat="28.794389546854124" lon="115.8752430679652">
        <ele>26.54865919891745</ele>
        <time>1970-01-01T00:00:29.600000Z</time>
        <extensions>
          <gpxtpx:TrackPointExtension>
            <gpxtpx:hr>124</gpxtpx:hr>
          </gpxtpx:TrackPointExtension>
        </extensions>
      </trkpt>
      <trkpt lat="28.794409946220608" lon="115.87525208609833">
        <ele>26.616662028245628</ele>
        <time>1970-01-01T00:00:30.600000Z</time>
        <extensions>
          <gpxtpx:TrackPointExtension>
            <gpxtpx:hr>127</gpxtpx:hr>
          </gpxtpx:TrackPointExtension>
        </extensions>
      </trkpt>
      <trkpt lat="28.794428988888328" lon="115.8752591172514">
        <ele>26.71435949485749</ele>
        <time>1970-01-01T00:00:31.600000Z</time>
        <extensions>
          <gpxtpx:TrackPointExtension>
            <gpxtpx:hr>127</gpxtpx:hr>
          </gpxtpx:TrackPointExtension>
        </extensions>
      </trkpt>
      <trkpt lat="28.794448652815813" lon="115.87526353696553">
        <ele>26.84529508277774</ele>
        <time>1970-01-01T00:00:32.600000Z</time>
        <extensions>
          <gpxtpx:TrackPointExtension>
            <gpxtpx:hr>127</gpxtpx:hr>
          </gpxtpx:TrackPointExtension>
        </extensions>
      </trkpt>
      <trkpt lat="28.794470209865576" lon="115.87526516253871">
        <ele>27.017201989889145</ele>
        <time>1970-01-01T00:00:33.600000Z</time>
        <extensions>
          <gpxtpx:TrackPointExtension>
            <gpxtpx:hr>127</gpxtpx:hr>
          </gpxtpx:TrackPointExtension>
        </extensions>
      </trkpt>
      <trkpt lat="28.794493537045316" lon="115.87526314478784">
        <ele>27.253902743570507</ele>
        <time>1970-01-01T00:00:34.600000Z</time>
        <extensions>
          <gpxtpx:TrackPointExtension>
            <gpxtpx:hr>127</gpxtpx:hr>
          </gpxtpx:TrackPointExtension>
        </extensions>
      </trkpt>
      <trkpt lat="28.794608309111226" lon="115.8752204636433">
        <ele>28.206297161988914</ele>
        <time>1970-01-01T00:00:39.700000Z</time>
        <extensions>
          <gpxtpx:TrackPointExtension>
            <gpxtpx:hr>129</gpxtpx:hr>
          </gpxtpx:TrackPointExtension>
        </extensions>
      </trkpt>
      <trkpt lat="28.794628584556698" lon="115.87520733980942">
        <ele>28.30309826415032</ele>
        <time>1970-01-01T00:00:40.700000Z</time>
        <extensions>
          <gpxtpx:TrackPointExtension>
            <gpxtpx:hr>129</gpxtpx:hr>
          </gpxtpx:TrackPointExtension>
        </extensions>
      </trkpt>
      <trkpt lat="28.794646694713826" lon="115.87519340252787">
        <ele>28.32749229390174</ele>
        <time>1970-01-01T00:00:41.700000Z</time>
        <extensions>
          <gpxtpx:TrackPointExtension>
            <gpxtpx:hr>129</gpxtpx:hr>
          </gpxtpx:TrackPointExtension>
        </extensions>
      </trkpt>
      <trkpt lat="28.794663669966475" lon="115.87517851688415">
        <ele>28.253837287425995</ele>
        <time>1970-01-01T00:00:42.700000Z</time>
        <extensions>
          <gpxtpx:TrackPointExtension>
            <gpxtpx:hr>129</gpxtpx:hr>
          </gpxtpx:TrackPointExtension>
        </extensions>
      </trkpt>
      <trkpt lat="28.79467988638429" lon="115.87516250792662">
        <ele>28.124839027412236</ele>
        <time>1970-01-01T00:00:43.700000Z</time>
        <extensions>
          <gpxtpx:TrackPointExtension>
            <gpxtpx:hr>130</gpxtpx:hr>
          </gpxtpx:TrackPointExtension>
        </extensions>
      </trkpt>
      <trkpt lat="28.794694970354563" lon="115.87514514028855">
        <ele>27.94672783371061</ele>
        <time>1970-01-01T00:00:44.700000Z</time>
        <extensions>
          <gpxtpx:TrackPointExtension>
            <gpxtpx:hr>130</gpxtpx:hr>
          </gpxtpx:TrackPointExtension>
        </extensions>
      </trkpt>
      <trkpt lat="28.79470858432355" lon="115.87512683061802">
        <ele>27.721003334969282</ele>
        <time>1970-01-01T00:00:45.700000Z</time>
        <extensions>
          <gpxtpx:TrackPointExtension>
            <gpxtpx:hr>130</gpxtpx:hr>
          </gpxtpx:TrackPointExtension>
        </extensions>
      </trkpt>
      <trkpt lat="28.79472070691659" lon="115.87510837038154">
        <ele>27.44560361187905</ele>
        <time>1970-01-01T00:00:46.700000Z</time>
        <extensions>
          <gpxtpx:TrackPointExtension>
            <gpxtpx:hr>134</gpxtpx:hr>
          </gpxtpx:TrackPointExtension>
        </extensions>
      </trkpt>
      <trkpt lat="28.79473100398118" lon="115.87509095682532">
        <ele>27.116417959332466</ele>
        <time>1970-01-01T00:00:47.700000Z</time>
        <extensions>
          <gpxtpx:TrackPointExtension>
            <gpxtpx:hr>134</gpxtpx:hr>
          </gpxtpx:TrackPointExtension>
        </extensions>
      </trkpt>
      <trkpt lat="28.79473909474107" lon="115.87507459733874">
        <ele>26.73057976271957</ele>
        <time>1970-01-01T00:00:48.700000Z</time>
        <extensions>
          <gpxtpx:TrackPointExtension>
            <gpxtpx:hr>134</gpxtpx:hr>
          </gpxtpx:TrackPointExtension>
        </extensions>
      </trkpt>
      <trkpt lat="28.794745252179517" lon="115.87505760131849">
        <ele>26.289713970385492</ele>
        <time>1970-01-01T00:00:49.700000Z</time>
        <extensions>
          <gpxtpx:TrackPointExtension>
            <gpxtpx:hr>134</gpxtpx:hr>
          </gpxtpx:TrackPointExtension>
        </extensions>
      </trkpt>
      <trkpt lat="28.79474997497101" lon="115.87503962588285">
        <ele>25.80013740248978</ele>
        <time>1970-01-01T00:00:50.700000Z</time>
        <extensions>
          <gpxtpx:TrackPointExtension>
            <gpxtpx:hr>134</gpxtpx:hr>
          </gpxtpx:TrackPointExtension>
        </extensions>
      </trkpt>
      <trkpt lat="28.794754054629767" lon="115.87502184157115">
        <ele>25.27326119504869</ele>
        <time>1970-01-01T00:00:51.700000Z</time>
        <extensions>
          <gpxtpx:TrackPointExtension>
            <gpxtpx:hr>134</gpxtpx:hr>
          </gpxtpx:TrackPointExtension>
        </extensions>
      </trkpt>
      <trkpt lat="28.794769810926994" lon="115.87501757327425">
        <ele>31.450931034050882</ele>
        <time>1970-01-01T00:01:41.600000Z</time>
        <extensions>
          <gpxtpx:TrackPointExtension>
            <gpxtpx:hr>110</gpxtpx:hr>
          </gpxtpx:TrackPointExtension>
        </extensions>
      </trkpt>
      <trkpt lat="28.7947914502029" lon="115.87502396680179">
        <ele>31.345012630335987</ele>
        <time>1970-01-01T00:01:42.600000Z</time>
        <extensions>
          <gpxtpx:TrackPointExtension>
            <gpxtpx:hr>110</gpxtpx:hr>
          </gpxtpx:TrackPointExtension>
        </extensions>
      </trkpt>
      <trkpt lat="28.794986630971415" lon="115.87509511000364">
        <ele>30.39311266504228</ele>
        <time>1970-01-01T00:01:51.500000Z</time>
        <extensions>
          <gpxtpx:TrackPointExtension>
            <gpxtpx:hr>113</gpxtpx:hr>
          </gpxtpx:TrackPointExtension>
        </extensions>
      </trkpt>
      <trkpt lat="28.795013238163804" lon="115.8751107921909">
        <ele>30.17943115811795</ele>
        <time>1970-01-01T00:01:52.500000Z</time>
        <extensions>
          <gpxtpx:TrackPointExtension>
            <gpxtpx:hr>113</gpxtpx:hr>
          </gpxtpx:TrackPointExtension>
        </extensions>
      </trkpt>
      <trkpt lat="28.79503372499749" lon="115.87512316649554">
        <ele>29.90656609646976</ele>
        <time>1970-01-01T00:01:53.500000Z</time>
        <extensions>
          <gpxtpx:TrackPointExtension>
            <gpxtpx:hr>113</gpxtpx:hr>
          </gpxtpx:TrackPointExtension>
        </extensions>
      </trkpt>
      <trkpt lat="28.795053968512978" lon="115.87513721378312">
        <ele>29.614007357507944</ele>
        <time>1970-01-01T00:01:54.500000Z</time>
        <extensions>
          <gpxtpx:TrackPointExtension>
            <gpxtpx:hr>113</gpxtpx:hr>
          </gpxtpx:TrackPointExtension>
        </extensions>
      </trkpt>
      <trkpt lat="28.79507014757407" lon="115.87514853750777">
        <ele>29.332304765470326</ele>
        <time>1970-01-01T00:01:55.500000Z</time>
        <extensions>
          <gpxtpx:TrackPointExtension>
            <gpxtpx:hr>113</gpxtpx:hr>
          </gpxtpx:TrackPointExtension>
        </extensions>
      </trkpt>
      <trkpt lat="28.795083770832896" lon="115.87515838913875">
        <ele>29.07862980104983</ele>
        <time>1970-01-01T00:01:56.500000Z</time>
        <extensions>
          <gpxtpx:TrackPointExtension>
            <gpxtpx:hr>113</gpxtpx:hr>
          </gpxtpx:TrackPointExtension>
        </extensions>
      </trkpt>
      <trkpt lat="28.795095593160813" lon="115.87516708610967">
        <ele>28.859011108987033</ele>
        <time>1970-01-01T00:01:57.500000Z</time>
        <extensions>
          <gpxtpx:TrackPointExtension>
            <gpxtpx:hr>113</gpxtpx:hr>
          </gpxtpx:TrackPointExtension>
        </extensions>
      </trkpt>
      <trkpt lat="28.795106655079987" lon="115.87517565532093">
        <ele>28.67487515322864</ele>
        <time>1970-01-01T00:01:58.500000Z</time>
        <extensions>
          <gpxtpx:TrackPointExtension>
            <gpxtpx:hr>113</gpxtpx:hr>
          </gpxtpx:TrackPointExtension>
        </extensions>
      </trkpt>
      <trkpt lat="28.795118356374296" lon="115.875185221172">
        <ele>28.52655557822436</ele>
        <time>1970-01-01T00:01:59.500000Z</time>
        <extensions>
          <gpxtpx:TrackPointExtension>
            <gpxtpx:hr>113</gpxtpx:hr>
          </gpxtpx:TrackPointExtension>
        </extensions>
      </trkpt>
      <trkpt lat="28.79513250049971" lon="115.87519696014567">
        <ele>28.413984616287053</ele>
        <time>1970-01-01T00:02:00.500000Z</time>
        <extensions>
          <gpxtpx:TrackPointExtension>
            <gpxtpx:hr>113</gpxtpx:hr>
          </gpxtpx:TrackPointExtension>
        </extensions>
      </trkpt>
      <trkpt lat="28.79515296272974" lon="115.87521473779869">
        <ele>28.336360078305006</ele>
        <time>1970-01-01T00:02:01.500000Z</time>
        <extensions>
          <gpxtpx:TrackPointExtension>
            <gpxtpx:hr>113</gpxtpx:hr>
          </gpxtpx:TrackPointExtension>
        </extensions>
      </trkpt>
      <trkpt lat="28.795179270771232" lon="115.87523820319988">
        <ele>28.29179530777037</ele>
        <time>1970-01-01T00:02:02.500000Z</time>
        <extensions>
          <gpxtpx:TrackPointExtension>
            <gpxtpx:hr>113</gpxtpx:hr>
          </gpxtpx:TrackPointExtension>
        </extensions>
      </trkpt>
      <trkpt lat="28.79520662988362" lon="115.8752624694647">
        <ele>28.27657559234649</ele>
        <time>1970-01-01T00:02:03.500000Z</time>
        <extensions>
          <gpxtpx:TrackPointExtension>
            <gpxtpx:hr>133</gpxtpx:hr>
          </gpxtpx:TrackPointExtension>
        </extensions>
      </trkpt>
      <trkpt lat="28.79522988320697" lon="115.8752824068047">
        <ele>28.285570655949414</ele>
        <time>1970-01-01T00:02:04.500000Z</time>
        <extensions>
          <gpxtpx:TrackPointExtension>
            <gpxtpx:hr>133</gpxtpx:hr>
          </gpxtpx:TrackPointExtension>
        </extensions>
      </trkpt>
      <trkpt lat="28.795248219473137" lon="115.87529685001407">
        <ele>28.312853914685547</ele>
        <time>1970-01-01T00:02:05.500000Z</time>
        <extensions>
          <gpxtpx:TrackPointExtension>
            <gpxtpx:hr>133</gpxtpx:hr>
          </gpxtpx:TrackPointExtension>
        </extensions>
      </trkpt>
      <trkpt lat="28.795264359019235" lon="115.8753085464783">
        <ele>28.351897922344506</ele>
        <time>1970-01-01T00:02:06.500000Z</time>
        <extensions>
          <gpxtpx:TrackPointExtension>
            <gpxtpx:hr>133</gpxtpx:hr>
          </gpxtpx:TrackPointExtension>
        </extensions>
      </trkpt>
      <trkpt lat="28.79527968472241" lon="115.87531913258816">
        <ele>28.396476197987795</ele>
        <time>1970-01-01T00:02:07.500000Z</time>
        <extensions>
          <gpxtpx:TrackPointExtension>
            <gpxtpx:hr>133</gpxtpx:hr>
          </gpxtpx:TrackPointExtension>
        </extensions>
      </trkpt>
      <trkpt lat="28.7952947210674" lon="115.87532894107198">
        <ele>28.441491646692157</ele>
        <time>1970-01-01T00:02:08.500000Z</time>
        <extensions>
          <gpxtpx:TrackPointExtension>
            <gpxtpx:hr>133</gpxtpx:hr>
          </gpxtpx:TrackPointExtension>
        </extensions>
      </trkpt>
      <trkpt lat="28.79530950354774" lon="115.87533796307247">
        <ele>28.483083711005747</ele>
        <time>1970-01-01T00:02:09.500000Z</time>
        <extensions>
          <gpxtpx:TrackPointExtension>
            <gpxtpx:hr>133</gpxtpx:hr>
          </gpxtpx:TrackPointExtension>
        </extensions>
      </trkpt>
      <trkpt lat="28.795324163880423" lon="115.87534517722989">
        <ele>28.518550670705736</ele>
        <time>1970-01-01T00:02:10.500000Z</time>
        <extensions>
          <gpxtpx:TrackPointExtension>
            <gpxtpx:hr>133</gpxtpx:hr>
          </gpxtpx:TrackPointExtension>
        </extensions>
      </trkpt>
      <trkpt lat="28.79535414497444" lon="115.87533655953699">
        <ele>28.557165381498635</ele>
        <time>1970-01-01T00:02:11.500000Z</time>
        <extensions>
          <gpxtpx:TrackPointExtension>
            <gpxtpx:hr>133</gpxtpx:hr>
          </gpxtpx:TrackPointExtension>
        </extensions>
      </trkpt>
      <trkpt lat="28.795369420629893" lon="115.87533705315997">
        <ele>28.58906793128699</ele>
        <time>1970-01-01T00:02:12.500000Z</time>
        <extensions>
          <gpxtpx:TrackPointExtension>
            <gpxtpx:hr>133</gpxtpx:hr>
          </gpxtpx:TrackPointExtension>
        </extensions>
      </trkpt>
      <trkpt lat="28.795382965199053" lon="115.87533868228586">
        <ele>28.61443200148642</ele>
        <time>1970-01-01T00:02:13.500000Z</time>
        <extensions>
          <gpxtpx:TrackPointExtension>
            <gpxtpx:hr>133</gpxtpx:hr>
          </gpxtpx:TrackPointExtension>
        </extensions>
      </trkpt>
      <trkpt lat="28.79539578495659" lon="115.8753401940522">
        <ele>28.634861822240055</ele>
        <time>1970-01-01T00:02:14.500000Z</time>
        <extensions>
          <gpxtpx:TrackPointExtension>
            <gpxtpx:hr>133</gpxtpx:hr>
          </gpxtpx:TrackPointExtension>
        </extensions>
      </trkpt>
      <trkpt lat="28.795408654876365" lon="115.87534123536234">
        <ele>28.652422964572906</ele>
        <time>1970-01-01T00:02:15.500000Z</time>
        <extensions>
          <gpxtpx:TrackPointExtension>
            <gpxtpx:hr>133</gpxtpx:hr>
          </gpxtpx:TrackPointExtension>
        </extensions>
      </trkpt>
      <trkpt lat="28.795421796453542" lon="115.87534153473112">
        <ele>28.668838176876307</ele>
        <time>1970-01-01T00:02:16.500000Z</time>
        <extensions>
          <gpxtpx:TrackPointExtension>
            <gpxtpx:hr>133</gpxtpx:hr>
          </gpxtpx:TrackPointExtension>
        </extensions>
      </trkpt>
      <trkpt lat="28.795435836530167" lon="115.87534097916169">
        <ele>28.6854011612013</ele>
        <time>1970-01-01T00:02:17.500000Z</time>
        <extensions>
          <gpxtpx:TrackPointExtension>
            <gpxtpx:hr>133</gpxtpx:hr>
          </gpxtpx:TrackPointExtension>
        </extensions>
      </trkpt>
      <trkpt lat="28.79545136611312" lon="115.87533972090552">
        <ele>28.70153776090592</ele>
        <time>1970-01-01T00:02:18.500000Z</time>
        <extensions>
          <gpxtpx:TrackPointExtension>
            <gpxtpx:hr>141</gpxtpx:hr>
          </gpxtpx:TrackPointExtension>
        </extensions>
      </trkpt>
      <trkpt lat="28.795469405299976" lon="115.87533820691289">
        <ele>28.71365725900978</ele>
        <time>1970-01-01T00:02:19.500000Z</time>
        <extensions>
          <gpxtpx:TrackPointExtension>
            <gpxtpx:hr>141</gpxtpx:hr>
          </gpxtpx:TrackPointExtension>
        </extensions>
      </trkpt>
      <trkpt lat="28.79549034407489" lon="115.87533779902779">
        <ele>28.720367626287043</ele>
        <time>1970-01-01T00:02:20.500000Z</time>
        <extensions>
          <gpxtpx:TrackPointExtension>
            <gpxtpx:hr>141</gpxtpx:hr>
          </gpxtpx:TrackPointExtension>
        </extensions>
      </trkpt>
      <trkpt lat="28.795493428265587" lon="115.87533789257158">
        <ele>28.729500450193882</ele>
        <time>1970-01-01T00:02:20.600000Z</time>
        <extensions>
          <gpxtpx:TrackPointExtension>
            <gpxtpx:hr>141</gpxtpx:hr>
          </gpxtpx:TrackPointExtension>
        </extensions>
      </trkpt>
      <trkpt lat="28.795515679144984" lon="115.87533855015536">
        <ele>28.721847735345364</ele>
        <time>1970-01-01T00:02:21.600000Z</time>
        <extensions>
          <gpxtpx:TrackPointExtension>
            <gpxtpx:hr>141</gpxtpx:hr>
          </gpxtpx:TrackPointExtension>
        </extensions>
      </trkpt>
      <trkpt lat="28.795539251537164" lon="115.87533982212449">
        <ele>28.673430343158543</ele>
        <time>1970-01-01T00:02:22.600000Z</time>
        <extensions>
          <gpxtpx:TrackPointExtension>
            <gpxtpx:hr>141</gpxtpx:hr>
          </gpxtpx:TrackPointExtension>
        </extensions>
      </trkpt>
      <trkpt lat="28.795563574123264" lon="115.8753418377797">
        <ele>28.675030135549605</ele>
        <time>1970-01-01T00:02:23.600000Z</time>
        <extensions>
          <gpxtpx:TrackPointExtension>
            <gpxtpx:hr>141</gpxtpx:hr>
          </gpxtpx:TrackPointExtension>
        </extensions>
      </trkpt>
      <trkpt lat="28.79558771934586" lon="115.87534415720717">
        <ele>28.68263646028936</ele>
        <time>1970-01-01T00:02:24.600000Z</time>
        <extensions>
          <gpxtpx:TrackPointExtension>
            <gpxtpx:hr>141</gpxtpx:hr>
          </gpxtpx:TrackPointExtension>
        </extensions>
      </trkpt>
      <trkpt lat="28.795611794210284" lon="115.87534632635747">
        <ele>28.68726539425552</ele>
        <time>1970-01-01T00:02:25.600000Z</time>
        <extensions>
          <gpxtpx:TrackPointExtension>
            <gpxtpx:hr>141</gpxtpx:hr>
          </gpxtpx:TrackPointExtension>
        </extensions>
      </trkpt>
      <trkpt lat="28.7956357379004" lon="115.87534829550698">
        <ele>28.68373097386211</ele>
        <time>1970-01-01T00:02:26.600000Z</time>
        <extensions>
          <gpxtpx:TrackPointExtension>
            <gpxtpx:hr>142</gpxtpx:hr>
          </gpxtpx:TrackPointExtension>
        </extensions>
      </trkpt>
      <trkpt lat="28.795660372454385" lon="115.87535097418085">
        <ele>28.674848990514874</ele>
        <time>1970-01-01T00:02:27.600000Z</time>
        <extensions>
          <gpxtpx:TrackPointExtension>
            <gpxtpx:hr>142</gpxtpx:hr>
          </gpxtpx:TrackPointExtension>
        </extensions>
      </trkpt>
      <trkpt lat="28.79568577545856" lon="115.87535563633365">
        <ele>28.663176998496056</ele>
        <time>1970-01-01T00:02:28.600000Z</time>
        <extensions>
          <gpxtpx:TrackPointExtension>
            <gpxtpx:hr>142</gpxtpx:hr>
          </gpxtpx:TrackPointExtension>
        </extensions>
      </trkpt>
      <trkpt lat="28.795713402234057" lon="115.87536176542585">
        <ele>28.690221008844674</ele>
        <time>1970-01-01T00:02:29.600000Z</time>
        <extensions>
          <gpxtpx:TrackPointExtension>
            <gpxtpx:hr>144</gpxtpx:hr>
          </gpxtpx:TrackPointExtension>
        </extensions>
      </trkpt>
      <trkpt lat="28.795744936489108" lon="115.87536808116195">
        <ele>28.802803269587457</ele>
        <time>1970-01-01T00:02:30.600000Z</time>
        <extensions>
          <gpxtpx:TrackPointExtension>
            <gpxtpx:hr>144</gpxtpx:hr>
          </gpxtpx:TrackPointExtension>
        </extensions>
      </trkpt>
      <trkpt lat="28.795930867087485" lon="115.87539984090817">
        <ele>30.08893532678485</ele>
        <time>1970-01-01T00:02:36.500000Z</time>
        <extensions>
          <gpxtpx:TrackPointExtension>
            <gpxtpx:hr>144</gpxtpx:hr>
          </gpxtpx:TrackPointExtension>
        </extensions>
      </trkpt>
      <trkpt lat="28.795957558324936" lon="115.87540441985034">
        <ele>30.292320255190134</ele>
        <time>1970-01-01T00:02:37.500000Z</time>
        <extensions>
          <gpxtpx:TrackPointExtension>
            <gpxtpx:hr>144</gpxtpx:hr>
          </gpxtpx:TrackPointExtension>
        </extensions>
      </trkpt>
      <trkpt lat="28.79597521232996" lon="115.87540739436932">
        <ele>30.40961443632841</ele>
        <time>1970-01-01T00:02:38.500000Z</time>
        <extensions>
          <gpxtpx:TrackPointExtension>
            <gpxtpx:hr>144</gpxtpx:hr>
          </gpxtpx:TrackPointExtension>
        </extensions>
      </trkpt>
      <trkpt lat="28.795987207168917" lon="115.87540933822233">
        <ele>30.47108342498541</ele>
        <time>1970-01-01T00:02:39.500000Z</time>
        <extensions>
          <gpxtpx:TrackPointExtension>
            <gpxtpx:hr>148</gpxtpx:hr>
          </gpxtpx:TrackPointExtension>
        </extensions>
      </trkpt>
      <trkpt lat="28.795995323210555" lon="115.87541087209208">
        <ele>30.5049161138013</ele>
        <time>1970-01-01T00:02:40.500000Z</time>
        <extensions>
          <gpxtpx:TrackPointExtension>
            <gpxtpx:hr>148</gpxtpx:hr>
          </gpxtpx:TrackPointExtension>
        </extensions>
      </trkpt>
      <trkpt lat="28.796009781899414" lon="115.8754129156298">
        <ele>30.5344205647707</ele>
        <time>1970-01-01T00:02:41.700000Z</time>
        <extensions>
          <gpxtpx:TrackPointExtension>
            <gpxtpx:hr>148</gpxtpx:hr>
          </gpxtpx:TrackPointExtension>
        </extensions>
      </trkpt>
      <trkpt lat="28.79603071610431" lon="115.87541584339655">
        <ele>30.566419881768525</ele>
        <time>1970-01-01T00:02:42.700000Z</time>
        <extensions>
          <gpxtpx:TrackPointExtension>
            <gpxtpx:hr>148</gpxtpx:hr>
          </gpxtpx:TrackPointExtension>
        </extensions>
      </trkpt>
      <trkpt lat="28.796084239484365" lon="115.87541243664258">
        <ele>30.639281197451055</ele>
        <time>1970-01-01T00:02:44.700000Z</time>
        <extensions>
          <gpxtpx:TrackPointExtension>
            <gpxtpx:hr>148</gpxtpx:hr>
          </gpxtpx:TrackPointExtension>
        </extensions>
      </trkpt>
      <trkpt lat="28.796114663089355" lon="115.87540940754108">
        <ele>30.664831578731537</ele>
        <time>1970-01-01T00:02:45.700000Z</time>
        <extensions>
          <gpxtpx:TrackPointExtension>
            <gpxtpx:hr>148</gpxtpx:hr>
          </gpxtpx:TrackPointExtension>
        </extensions>
      </trkpt>
      <trkpt lat="28.79614305940705" lon="115.87541069348083">
        <ele>30.68070186395198</ele>
        <time>1970-01-01T00:02:46.700000Z</time>
        <extensions>
          <gpxtpx:TrackPointExtension>
            <gpxtpx:hr>148</gpxtpx:hr>
          </gpxtpx:TrackPointExtension>
        </extensions>
      </trkpt>
      <trkpt lat="28.7961697994154" lon="115.87541395414426">
        <ele>30.696405487135053</ele>
        <time>1970-01-01T00:02:47.700000Z</time>
        <extensions>
          <gpxtpx:TrackPointExtension>
            <gpxtpx:hr>148</gpxtpx:hr>
          </gpxtpx:TrackPointExtension>
        </extensions>
      </trkpt>
      <trkpt lat="28.79619556722123" lon="115.87541833656037">
        <ele>30.71842247992754</ele>
        <time>1970-01-01T00:02:48.700000Z</time>
        <extensions>
          <gpxtpx:TrackPointExtension>
            <gpxtpx:hr>152</gpxtpx:hr>
          </gpxtpx:TrackPointExtension>
        </extensions>
      </trkpt>
      <trkpt lat="28.796220758808346" lon="115.87542323602737">
        <ele>30.749932622537017</ele>
        <time>1970-01-01T00:02:49.700000Z</time>
        <extensions>
          <gpxtpx:TrackPointExtension>
            <gpxtpx:hr>152</gpxtpx:hr>
          </gpxtpx:TrackPointExtension>
        </extensions>
      </trkpt>
      <trkpt lat="28.796244769521188" lon="115.87542819889647">
        <ele>30.792382223531604</ele>
        <time>1970-01-01T00:02:50.700000Z</time>
        <extensions>
          <gpxtpx:TrackPointExtension>
            <gpxtpx:hr>152</gpxtpx:hr>
          </gpxtpx:TrackPointExtension>
        </extensions>
      </trkpt>
      <trkpt lat="28.796267800550147" lon="115.87543345088564">
        <ele>30.845573663711548</ele>
        <time>1970-01-01T00:02:51.700000Z</time>
        <extensions>
          <gpxtpx:TrackPointExtension>
            <gpxtpx:hr>152</gpxtpx:hr>
          </gpxtpx:TrackPointExtension>
        </extensions>
      </trkpt>
      <trkpt lat="28.796290226080167" lon="115.87543939455675">
        <ele>30.907679989002645</ele>
        <time>1970-01-01T00:02:52.700000Z</time>
        <extensions>
          <gpxtpx:TrackPointExtension>
            <gpxtpx:hr>152</gpxtpx:hr>
          </gpxtpx:TrackPointExtension>
        </extensions>
      </trkpt>
      <trkpt lat="28.79631200227212" lon="115.87544677145709">
        <ele>30.97508843522519</ele>
        <time>1970-01-01T00:02:53.700000Z</time>
        <extensions>
          <gpxtpx:TrackPointExtension>
            <gpxtpx:hr>152</gpxtpx:hr>
          </gpxtpx:TrackPointExtension>
        </extensions>
      </trkpt>
      <trkpt lat="28.796333160537042" lon="115.87545508100594">
        <ele>31.043286805972457</ele>
        <time>1970-01-01T00:02:54.700000Z</time>
        <extensions>
          <gpxtpx:TrackPointExtension>
            <gpxtpx:hr>152</gpxtpx:hr>
          </gpxtpx:TrackPointExtension>
        </extensions>
      </trkpt>
      <trkpt lat="28.796354096775115" lon="115.87546289516325">
        <ele>31.10721379891038</ele>
        <time>1970-01-01T00:02:55.700000Z</time>
        <extensions>
          <gpxtpx:TrackPointExtension>
            <gpxtpx:hr>152</gpxtpx:hr>
          </gpxtpx:TrackPointExtension>
        </extensions>
      </trkpt>
      <trkpt lat="28.796375776582693" lon="115.8754692835304">
        <ele>31.162666982971132</ele>
        <time>1970-01-01T00:02:56.700000Z</time>
        <extensions>
          <gpxtpx:TrackPointExtension>
            <gpxtpx:hr>152</gpxtpx:hr>
          </gpxtpx:TrackPointExtension>
        </extensions>
      </trkpt>
      <trkpt lat="28.79639815156185" lon="115.87547471177747">
        <ele>31.207088033668697</ele>
        <time>1970-01-01T00:02:57.700000Z</time>
        <extensions>
          <gpxtpx:TrackPointExtension>
            <gpxtpx:hr>152</gpxtpx:hr>
          </gpxtpx:TrackPointExtension>
        </extensions>
      </trkpt>
      <trkpt lat="28.79642078425008" lon="115.87547937151258">
        <ele>31.23953511659056</ele>
        <time>1970-01-01T00:02:58.700000Z</time>
        <extensions>
          <gpxtpx:TrackPointExtension>
            <gpxtpx:hr>152</gpxtpx:hr>
          </gpxtpx:TrackPointExtension>
        </extensions>
      </trkpt>
      <trkpt lat="28.796442615285223" lon="115.875482547724">
        <ele>31.26054753176868</ele>
        <time>1970-01-01T00:02:59.700000Z</time>
        <extensions>
          <gpxtpx:TrackPointExtension>
            <gpxtpx:hr>156</gpxtpx:hr>
          </gpxtpx:TrackPointExtension>
        </extensions>
      </trkpt>
      <trkpt lat="28.796463175776456" lon="115.8754836478798">
        <ele>31.272078192792833</ele>
        <time>1970-01-01T00:03:00.700000Z</time>
        <extensions>
          <gpxtpx:TrackPointExtension>
            <gpxtpx:hr>156</gpxtpx:hr>
          </gpxtpx:TrackPointExtension>
        </extensions>
      </trkpt>
      <trkpt lat="28.796482699656632" lon="115.87548192093321">
        <ele>31.277256925590336</ele>
        <time>1970-01-01T00:03:01.700000Z</time>
        <extensions>
          <gpxtpx:TrackPointExtension>
            <gpxtpx:hr>156</gpxtpx:hr>
          </gpxtpx:TrackPointExtension>
        </extensions>
      </trkpt>
      <trkpt lat="28.796504201770343" lon="115.87547776581472">
        <ele>31.279973089694977</ele>
        <time>1970-01-01T00:03:02.700000Z</time>
        <extensions>
          <gpxtpx:TrackPointExtension>
            <gpxtpx:hr>153</gpxtpx:hr>
          </gpxtpx:TrackPointExtension>
        </extensions>
      </trkpt>
      <trkpt lat="28.79652540089596" lon="115.87547519203581">
        <ele>31.284094165079296</ele>
        <time>1970-01-01T00:03:03.700000Z</time>
        <extensions>
          <gpxtpx:TrackPointExtension>
            <gpxtpx:hr>153</gpxtpx:hr>
          </gpxtpx:TrackPointExtension>
        </extensions>
      </trkpt>
      <trkpt lat="28.79654641490751" lon="115.87547426982351">
        <ele>31.292321510612965</ele>
        <time>1970-01-01T00:03:04.700000Z</time>
        <extensions>
          <gpxtpx:TrackPointExtension>
            <gpxtpx:hr>153</gpxtpx:hr>
          </gpxtpx:TrackPointExtension>
        </extensions>
      </trkpt>
      <trkpt lat="28.796566512353067" lon="115.87547511908716">
        <ele>31.305950853973627</ele>
        <time>1970-01-01T00:03:05.700000Z</time>
        <extensions>
          <gpxtpx:TrackPointExtension>
            <gpxtpx:hr>152</gpxtpx:hr>
          </gpxtpx:TrackPointExtension>
        </extensions>
      </trkpt>
      <trkpt lat="28.796586055518873" lon="115.87547781999125">
        <ele>31.32499571237713</ele>
        <time>1970-01-01T00:03:06.700000Z</time>
        <extensions>
          <gpxtpx:TrackPointExtension>
            <gpxtpx:hr>152</gpxtpx:hr>
          </gpxtpx:TrackPointExtension>
        </extensions>
      </trkpt>
      <trkpt lat="28.796605797828345" lon="115.87548208701241">
        <ele>31.34962861891836</ele>
        <time>1970-01-01T00:03:07.700000Z</time>
        <extensions>
          <gpxtpx:TrackPointExtension>
            <gpxtpx:hr>152</gpxtpx:hr>
          </gpxtpx:TrackPointExtension>
        </extensions>
      </trkpt>
      <trkpt lat="28.796626156126678" lon="115.87548695420776">
        <ele>31.37922701332718</ele>
        <time>1970-01-01T00:03:08.700000Z</time>
        <extensions>
          <gpxtpx:TrackPointExtension>
            <gpxtpx:hr>152</gpxtpx:hr>
          </gpxtpx:TrackPointExtension>
        </extensions>
      </trkpt>
      <trkpt lat="28.796646980141603" lon="115.8754914085779">
        <ele>31.41401021182537</ele>
        <time>1970-01-01T00:03:09.700000Z</time>
        <extensions>
          <gpxtpx:TrackPointExtension>
            <gpxtpx:hr>152</gpxtpx:hr>
          </gpxtpx:TrackPointExtension>
        </extensions>
      </trkpt>
      <trkpt lat="28.796668356357717" lon="115.87549530870349">
        <ele>31.45521906297654</ele>
        <time>1970-01-01T00:03:10.700000Z</time>
        <extensions>
          <gpxtpx:TrackPointExtension>
            <gpxtpx:hr>160</gpxtpx:hr>
          </gpxtpx:TrackPointExtension>
        </extensions>
      </trkpt>
      <trkpt lat="28.79669058929202" lon="115.8754984005487">
        <ele>31.505339050665498</ele>
        <time>1970-01-01T00:03:11.700000Z</time>
        <extensions>
          <gpxtpx:TrackPointExtension>
            <gpxtpx:hr>160</gpxtpx:hr>
          </gpxtpx:TrackPointExtension>
        </extensions>
      </trkpt>
      <trkpt lat="28.796714078447557" lon="115.87550041506624">
        <ele>31.56439525913447</ele>
        <time>1970-01-01T00:03:12.600000Z</time>
        <extensions>
          <gpxtpx:TrackPointExtension>
            <gpxtpx:hr>160</gpxtpx:hr>
          </gpxtpx:TrackPointExtension>
        </extensions>
      </trkpt>
      <trkpt lat="28.796738686119134" lon="115.87550204272176">
        <ele>31.63341596722603</ele>
        <time>1970-01-01T00:03:13.600000Z</time>
        <extensions>
          <gpxtpx:TrackPointExtension>
            <gpxtpx:hr>160</gpxtpx:hr>
          </gpxtpx:TrackPointExtension>
        </extensions>
      </trkpt>
      <trkpt lat="28.796763308467803" lon="115.87550368648915">
        <ele>31.71291419211775</ele>
        <time>1970-01-01T00:03:14.600000Z</time>
        <extensions>
          <gpxtpx:TrackPointExtension>
            <gpxtpx:hr>160</gpxtpx:hr>
          </gpxtpx:TrackPointExtension>
        </extensions>
      </trkpt>
      <trkpt lat="28.796787562677128" lon="115.87550530302752">
        <ele>31.808418673463166</ele>
        <time>1970-01-01T00:03:15.600000Z</time>
        <extensions>
          <gpxtpx:TrackPointExtension>
            <gpxtpx:hr>160</gpxtpx:hr>
          </gpxtpx:TrackPointExtension>
        </extensions>
      </trkpt>
      <trkpt lat="28.79681137853817" lon="115.87550733553442">
        <ele>31.904621789231896</ele>
        <time>1970-01-01T00:03:16.600000Z</time>
        <extensions>
          <gpxtpx:TrackPointExtension>
            <gpxtpx:hr>161</gpxtpx:hr>
          </gpxtpx:TrackPointExtension>
        </extensions>
      </trkpt>
      <trkpt lat="28.79683503106052" lon="115.87550973409026">
        <ele>31.99214534740895</ele>
        <time>1970-01-01T00:03:17.600000Z</time>
        <extensions>
          <gpxtpx:TrackPointExtension>
            <gpxtpx:hr>161</gpxtpx:hr>
          </gpxtpx:TrackPointExtension>
        </extensions>
      </trkpt>
      <trkpt lat="28.79685834518178" lon="115.87551212412356">
        <ele>32.04499579500407</ele>
        <time>1970-01-01T00:03:18.600000Z</time>
        <extensions>
          <gpxtpx:TrackPointExtension>
            <gpxtpx:hr>161</gpxtpx:hr>
          </gpxtpx:TrackPointExtension>
        </extensions>
      </trkpt>
      <trkpt lat="28.79688144902536" lon="115.8755143181639">
        <ele>32.066211014054716</ele>
        <time>1970-01-01T00:03:19.600000Z</time>
        <extensions>
          <gpxtpx:TrackPointExtension>
            <gpxtpx:hr>161</gpxtpx:hr>
          </gpxtpx:TrackPointExtension>
        </extensions>
      </trkpt>
      <trkpt lat="28.79690471062126" lon="115.875516198181">
        <ele>32.05679691862315</ele>
        <time>1970-01-01T00:03:20.600000Z</time>
        <extensions>
          <gpxtpx:TrackPointExtension>
            <gpxtpx:hr>161</gpxtpx:hr>
          </gpxtpx:TrackPointExtension>
        </extensions>
      </trkpt>
      <trkpt lat="28.796928184318425" lon="115.87551783093645">
        <ele>32.01401826739311</ele>
        <time>1970-01-01T00:03:21.600000Z</time>
        <extensions>
          <gpxtpx:TrackPointExtension>
            <gpxtpx:hr>161</gpxtpx:hr>
          </gpxtpx:TrackPointExtension>
        </extensions>
      </trkpt>
      <trkpt lat="28.796951998620052" lon="115.87551954500086">
        <ele>31.936857995577157</ele>
        <time>1970-01-01T00:03:22.600000Z</time>
        <extensions>
          <gpxtpx:TrackPointExtension>
            <gpxtpx:hr>161</gpxtpx:hr>
          </gpxtpx:TrackPointExtension>
        </extensions>
      </trkpt>
      <trkpt lat="28.796976038473108" lon="115.87552186303745">
        <ele>31.82832745835185</ele>
        <time>1970-01-01T00:03:23.600000Z</time>
        <extensions>
          <gpxtpx:TrackPointExtension>
            <gpxtpx:hr>163</gpxtpx:hr>
          </gpxtpx:TrackPointExtension>
        </extensions>
      </trkpt>
      <trkpt lat="28.796999786746248" lon="115.87552479937122">
        <ele>31.698445100337267</ele>
        <time>1970-01-01T00:03:24.600000Z</time>
        <extensions>
          <gpxtpx:TrackPointExtension>
            <gpxtpx:hr>163</gpxtpx:hr>
          </gpxtpx:TrackPointExtension>
        </extensions>
      </trkpt>
      <trkpt lat="28.797023496249" lon="115.87552740101717">
        <ele>31.56452703103423</ele>
        <time>1970-01-01T00:03:25.600000Z</time>
        <extensions>
          <gpxtpx:TrackPointExtension>
            <gpxtpx:hr>163</gpxtpx:hr>
          </gpxtpx:TrackPointExtension>
        </extensions>
      </trkpt>
      <trkpt lat="28.797047468702065" lon="115.87552805726882">
        <ele>31.45145632047206</ele>
        <time>1970-01-01T00:03:26.600000Z</time>
        <extensions>
          <gpxtpx:TrackPointExtension>
            <gpxtpx:hr>163</gpxtpx:hr>
          </gpxtpx:TrackPointExtension>
        </extensions>
      </trkpt>
      <trkpt lat="28.797071575029847" lon="115.87552564053931">
        <ele>31.38991735316813</ele>
        <time>1970-01-01T00:03:27.600000Z</time>
        <extensions>
          <gpxtpx:TrackPointExtension>
            <gpxtpx:hr>163</gpxtpx:hr>
          </gpxtpx:TrackPointExtension>
        </extensions>
      </trkpt>
      <trkpt lat="28.79721455027225" lon="115.8754952897642">
        <ele>31.67752566188574</ele>
        <time>1970-01-01T00:03:33.700000Z</time>
        <extensions>
          <gpxtpx:TrackPointExtension>
            <gpxtpx:hr>165</gpxtpx:hr>
          </gpxtpx:TrackPointExtension>
        </extensions>
      </trkpt>
      <trkpt lat="28.797238178215093" lon="115.87549090565741">
        <ele>31.759610254317522</ele>
        <time>1970-01-01T00:03:34.700000Z</time>
        <extensions>
          <gpxtpx:TrackPointExtension>
            <gpxtpx:hr>165</gpxtpx:hr>
          </gpxtpx:TrackPointExtension>
        </extensions>
      </trkpt>
      <trkpt lat="28.797261998390937" lon="115.87548971646612">
        <ele>31.796236829832196</ele>
        <time>1970-01-01T00:03:35.700000Z</time>
        <extensions>
          <gpxtpx:TrackPointExtension>
            <gpxtpx:hr>165</gpxtpx:hr>
          </gpxtpx:TrackPointExtension>
        </extensions>
      </trkpt>
      <trkpt lat="28.79728589841025" lon="115.87549091561762">
        <ele>31.81282397173345</ele>
        <time>1970-01-01T00:03:36.700000Z</time>
        <extensions>
          <gpxtpx:TrackPointExtension>
            <gpxtpx:hr>165</gpxtpx:hr>
          </gpxtpx:TrackPointExtension>
        </extensions>
      </trkpt>
      <trkpt lat="28.7973097831906" lon="115.87549341254388">
        <ele>31.824755110777915</ele>
        <time>1970-01-01T00:03:37.700000Z</time>
        <extensions>
          <gpxtpx:TrackPointExtension>
            <gpxtpx:hr>166</gpxtpx:hr>
          </gpxtpx:TrackPointExtension>
        </extensions>
      </trkpt>
      <trkpt lat="28.797333266061113" lon="115.87549589029959">
        <ele>31.840314980596304</ele>
        <time>1970-01-01T00:03:38.700000Z</time>
        <extensions>
          <gpxtpx:TrackPointExtension>
            <gpxtpx:hr>166</gpxtpx:hr>
          </gpxtpx:TrackPointExtension>
        </extensions>
      </trkpt>
      <trkpt lat="28.797356562195024" lon="115.87549776880559">
        <ele>31.863341143354774</ele>
        <time>1970-01-01T00:03:39.700000Z</time>
        <extensions>
          <gpxtpx:TrackPointExtension>
            <gpxtpx:hr>166</gpxtpx:hr>
          </gpxtpx:TrackPointExtension>
        </extensions>
      </trkpt>
      <trkpt lat="28.79737978460577" lon="115.87549954883085">
        <ele>31.895323772914708</ele>
        <time>1970-01-01T00:03:40.700000Z</time>
        <extensions>
          <gpxtpx:TrackPointExtension>
            <gpxtpx:hr>166</gpxtpx:hr>
          </gpxtpx:TrackPointExtension>
        </extensions>
      </trkpt>
      <trkpt lat="28.79740270674092" lon="115.87550179717563">
        <ele>31.935548963025212</ele>
        <time>1970-01-01T00:03:41.700000Z</time>
        <extensions>
          <gpxtpx:TrackPointExtension>
            <gpxtpx:hr>166</gpxtpx:hr>
          </gpxtpx:TrackPointExtension>
        </extensions>
      </trkpt>
      <trkpt lat="28.79742516107244" lon="115.8755040585558">
        <ele>31.982152520678937</ele>
        <time>1970-01-01T00:03:42.700000Z</time>
        <extensions>
          <gpxtpx:TrackPointExtension>
            <gpxtpx:hr>166</gpxtpx:hr>
          </gpxtpx:TrackPointExtension>
        </extensions>
      </trkpt>
      <trkpt lat="28.797447336468686" lon="115.87550601567857">
        <ele>32.0330213829875</ele>
        <time>1970-01-01T00:03:43.700000Z</time>
        <extensions>
          <gpxtpx:TrackPointExtension>
            <gpxtpx:hr>166</gpxtpx:hr>
          </gpxtpx:TrackPointExtension>
        </extensions>
      </trkpt>
      <trkpt lat="28.797469410546178" lon="115.87550817691476">
        <ele>32.086703394539654</ele>
        <time>1970-01-01T00:03:44.700000Z</time>
        <extensions>
          <gpxtpx:TrackPointExtension>
            <gpxtpx:hr>165</gpxtpx:hr>
          </gpxtpx:TrackPointExtension>
        </extensions>
      </trkpt>
      <trkpt lat="28.797491143039046" lon="115.87551104708199">
        <ele>32.14191189594567</ele>
        <time>1970-01-01T00:03:45.700000Z</time>
        <extensions>
          <gpxtpx:TrackPointExtension>
            <gpxtpx:hr>165</gpxtpx:hr>
          </gpxtpx:TrackPointExtension>
        </extensions>
      </trkpt>
      <trkpt lat="28.797512696063105" lon="115.87551476263366">
        <ele>32.19824068900198</ele>
        <time>1970-01-01T00:03:46.700000Z</time>
        <extensions>
          <gpxtpx:TrackPointExtension>
            <gpxtpx:hr>165</gpxtpx:hr>
          </gpxtpx:TrackPointExtension>
        </extensions>
      </trkpt>
      <trkpt lat="28.79753455025753" lon="115.87551884793898">
        <ele>32.256185128353536</ele>
        <time>1970-01-01T00:03:47.700000Z</time>
        <extensions>
          <gpxtpx:TrackPointExtension>
            <gpxtpx:hr>165</gpxtpx:hr>
          </gpxtpx:TrackPointExtension>
        </extensions>
      </trkpt>
      <trkpt lat="28.797556846986772" lon="115.8755226326604">
        <ele>32.31655397731811</ele>
        <time>1970-01-01T00:03:48.700000Z</time>
        <extensions>
          <gpxtpx:TrackPointExtension>
            <gpxtpx:hr>165</gpxtpx:hr>
          </gpxtpx:TrackPointExtension>
        </extensions>
      </trkpt>
      <trkpt lat="28.797579623370865" lon="115.87552600506842">
        <ele>32.37900953460485</ele>
        <time>1970-01-01T00:03:49.700000Z</time>
        <extensions>
          <gpxtpx:TrackPointExtension>
            <gpxtpx:hr>165</gpxtpx:hr>
          </gpxtpx:TrackPointExtension>
        </extensions>
      </trkpt>
      <trkpt lat="28.797602996641892" lon="115.87552899389223">
        <ele>32.44281422905624</ele>
        <time>1970-01-01T00:03:50.700000Z</time>
        <extensions>
          <gpxtpx:TrackPointExtension>
            <gpxtpx:hr>165</gpxtpx:hr>
          </gpxtpx:TrackPointExtension>
        </extensions>
      </trkpt>
      <trkpt lat="28.79762670467907" lon="115.87553132924842">
        <ele>32.50656558293849</ele>
        <time>1970-01-01T00:03:51.700000Z</time>
        <extensions>
          <gpxtpx:TrackPointExtension>
            <gpxtpx:hr>165</gpxtpx:hr>
          </gpxtpx:TrackPointExtension>
        </extensions>
      </trkpt>
      <trkpt lat="28.79765056145007" lon="115.8755329029203">
        <ele>32.56900399364531</ele>
        <time>1970-01-01T00:03:52.700000Z</time>
        <extensions>
          <gpxtpx:TrackPointExtension>
            <gpxtpx:hr>165</gpxtpx:hr>
          </gpxtpx:TrackPointExtension>
        </extensions>
      </trkpt>
      <trkpt lat="28.797674514625175" lon="115.87553397829318">
        <ele>32.62955894321203</ele>
        <time>1970-01-01T00:03:53.700000Z</time>
        <extensions>
          <gpxtpx:TrackPointExtension>
            <gpxtpx:hr>165</gpxtpx:hr>
          </gpxtpx:TrackPointExtension>
        </extensions>
      </trkpt>
      <trkpt lat="28.79769851432011" lon="115.87553458582163">
        <ele>32.68931816704571</ele>
        <time>1970-01-01T00:03:54.700000Z</time>
        <extensions>
          <gpxtpx:TrackPointExtension>
            <gpxtpx:hr>165</gpxtpx:hr>
          </gpxtpx:TrackPointExtension>
        </extensions>
      </trkpt>
      <trkpt lat="28.797722199648764" lon="115.87553502192854">
        <ele>32.74926927220076</ele>
        <time>1970-01-01T00:03:55.700000Z</time>
        <extensions>
          <gpxtpx:TrackPointExtension>
            <gpxtpx:hr>165</gpxtpx:hr>
          </gpxtpx:TrackPointExtension>
        </extensions>
      </trkpt>
      <trkpt lat="28.797745824519158" lon="115.87553526578343">
        <ele>32.81127865985036</ele>
        <time>1970-01-01T00:03:56.700000Z</time>
        <extensions>
          <gpxtpx:TrackPointExtension>
            <gpxtpx:hr>165</gpxtpx:hr>
          </gpxtpx:TrackPointExtension>
        </extensions>
      </trkpt>
      <trkpt lat="28.79776970458364" lon="115.87553544417781">
        <ele>32.87698487378657</ele>
        <time>1970-01-01T00:03:57.700000Z</time>
        <extensions>
          <gpxtpx:TrackPointExtension>
            <gpxtpx:hr>165</gpxtpx:hr>
          </gpxtpx:TrackPointExtension>
        </extensions>
      </trkpt>
      <trkpt lat="28.797794011667023" lon="115.87553537965073">
        <ele>32.94518374092877</ele>
        <time>1970-01-01T00:03:58.700000Z</time>
        <extensions>
          <gpxtpx:TrackPointExtension>
            <gpxtpx:hr>165</gpxtpx:hr>
          </gpxtpx:TrackPointExtension>
        </extensions>
      </trkpt>
      <trkpt lat="28.797818237060515" lon="115.87553473851302">
        <ele>33.01239833701402</ele>
        <time>1970-01-01T00:03:59.700000Z</time>
        <extensions>
          <gpxtpx:TrackPointExtension>
            <gpxtpx:hr>165</gpxtpx:hr>
          </gpxtpx:TrackPointExtension>
        </extensions>
      </trkpt>
      <trkpt lat="28.797842062329945" lon="115.87553334221205">
        <ele>33.07446145173162</ele>
        <time>1970-01-01T00:04:00.700000Z</time>
        <extensions>
          <gpxtpx:TrackPointExtension>
            <gpxtpx:hr>165</gpxtpx:hr>
          </gpxtpx:TrackPointExtension>
        </extensions>
      </trkpt>
      <trkpt lat="28.797865428228643" lon="115.87553087055304">
        <ele>33.12573095597327</ele>
        <time>1970-01-01T00:04:01.700000Z</time>
        <extensions>
          <gpxtpx:TrackPointExtension>
            <gpxtpx:hr>165</gpxtpx:hr>
          </gpxtpx:TrackPointExtension>
        </extensions>
      </trkpt>
      <trkpt lat="28.797888371760674" lon="115.87552771978312">
        <ele>33.15951968729496</ele>
        <time>1970-01-01T00:04:02.700000Z</time>
        <extensions>
          <gpxtpx:TrackPointExtension>
            <gpxtpx:hr>165</gpxtpx:hr>
          </gpxtpx:TrackPointExtension>
        </extensions>
      </trkpt>
      <trkpt lat="28.79791119351834" lon="115.87552443343208">
        <ele>33.17034300882369</ele>
        <time>1970-01-01T00:04:03.700000Z</time>
        <extensions>
          <gpxtpx:TrackPointExtension>
            <gpxtpx:hr>165</gpxtpx:hr>
          </gpxtpx:TrackPointExtension>
        </extensions>
      </trkpt>
      <trkpt lat="28.797933722135134" lon="115.87552160384669">
        <ele>33.15427446831018</ele>
        <time>1970-01-01T00:04:04.700000Z</time>
        <extensions>
          <gpxtpx:TrackPointExtension>
            <gpxtpx:hr>165</gpxtpx:hr>
          </gpxtpx:TrackPointExtension>
        </extensions>
      </trkpt>
      <trkpt lat="28.797956095630095" lon="115.87551927502483">
        <ele>33.11002981103957</ele>
        <time>1970-01-01T00:04:05.700000Z</time>
        <extensions>
          <gpxtpx:TrackPointExtension>
            <gpxtpx:hr>165</gpxtpx:hr>
          </gpxtpx:TrackPointExtension>
        </extensions>
      </trkpt>
      <trkpt lat="28.79797861317128" lon="115.87551731746318">
        <ele>33.03983226697892</ele>
        <time>1970-01-01T00:04:06.700000Z</time>
        <extensions>
          <gpxtpx:TrackPointExtension>
            <gpxtpx:hr>166</gpxtpx:hr>
          </gpxtpx:TrackPointExtension>
        </extensions>
      </trkpt>
      <trkpt lat="28.798001610214467" lon="115.87551591321491">
        <ele>32.94989637285471</ele>
        <time>1970-01-01T00:04:07.700000Z</time>
        <extensions>
          <gpxtpx:TrackPointExtension>
            <gpxtpx:hr>166</gpxtpx:hr>
          </gpxtpx:TrackPointExtension>
        </extensions>
      </trkpt>
      <trkpt lat="28.79802529402867" lon="115.87551524459087">
        <ele>32.849695920944214</ele>
        <time>1970-01-01T00:04:08.700000Z</time>
        <extensions>
          <gpxtpx:TrackPointExtension>
            <gpxtpx:hr>166</gpxtpx:hr>
          </gpxtpx:TrackPointExtension>
        </extensions>
      </trkpt>
      <trkpt lat="28.798049058074366" lon="115.87551534978569">
        <ele>32.74904603417963</ele>
        <time>1970-01-01T00:04:09.700000Z</time>
        <extensions>
          <gpxtpx:TrackPointExtension>
            <gpxtpx:hr>166</gpxtpx:hr>
          </gpxtpx:TrackPointExtension>
        </extensions>
      </trkpt>
      <trkpt lat="28.79807264642818" lon="115.8755160565332">
        <ele>32.656279037706554</ele>
        <time>1970-01-01T00:04:10.700000Z</time>
        <extensions>
          <gpxtpx:TrackPointExtension>
            <gpxtpx:hr>166</gpxtpx:hr>
          </gpxtpx:TrackPointExtension>
        </extensions>
      </trkpt>
      <trkpt lat="28.798095792426626" lon="115.87551708950508">
        <ele>32.57723688520491</ele>
        <time>1970-01-01T00:04:11.700000Z</time>
        <extensions>
          <gpxtpx:TrackPointExtension>
            <gpxtpx:hr>166</gpxtpx:hr>
          </gpxtpx:TrackPointExtension>
        </extensions>
      </trkpt>
      <trkpt lat="28.79811832189103" lon="115.87551830079155">
        <ele>32.51471396908164</ele>
        <time>1970-01-01T00:04:12.700000Z</time>
        <extensions>
          <gpxtpx:TrackPointExtension>
            <gpxtpx:hr>166</gpxtpx:hr>
          </gpxtpx:TrackPointExtension>
        </extensions>
      </trkpt>
      <trkpt lat="28.798140449588995" lon="115.87551973583534">
        <ele>32.46909299399704</ele>
        <time>1970-01-01T00:04:13.700000Z</time>
        <extensions>
          <gpxtpx:TrackPointExtension>
            <gpxtpx:hr>166</gpxtpx:hr>
          </gpxtpx:TrackPointExtension>
        </extensions>
      </trkpt>
      <trkpt lat="28.798161612983378" lon="115.87552131233883">
        <ele>32.439483758062124</ele>
        <time>1970-01-01T00:04:14.700000Z</time>
        <extensions>
          <gpxtpx:TrackPointExtension>
            <gpxtpx:hr>166</gpxtpx:hr>
          </gpxtpx:TrackPointExtension>
        </extensions>
      </trkpt>
      <trkpt lat="28.79818192073172" lon="115.87552275568007">
        <ele>32.42484281677753</ele>
        <time>1970-01-01T00:04:15.700000Z</time>
        <extensions>
          <gpxtpx:TrackPointExtension>
            <gpxtpx:hr>166</gpxtpx:hr>
          </gpxtpx:TrackPointExtension>
        </extensions>
      </trkpt>
      <trkpt lat="28.798201972565817" lon="115.87552363339033">
        <ele>32.424494381062686</ele>
        <time>1970-01-01T00:04:16.700000Z</time>
        <extensions>
          <gpxtpx:TrackPointExtension>
            <gpxtpx:hr>166</gpxtpx:hr>
          </gpxtpx:TrackPointExtension>
        </extensions>
      </trkpt>
      <trkpt lat="28.798221598304764" lon="115.8755238576016">
        <ele>32.43801001366228</ele>
        <time>1970-01-01T00:04:17.700000Z</time>
        <extensions>
          <gpxtpx:TrackPointExtension>
            <gpxtpx:hr>166</gpxtpx:hr>
          </gpxtpx:TrackPointExtension>
        </extensions>
      </trkpt>
      <trkpt lat="28.798240796946846" lon="115.87552381784518">
        <ele>32.465691205114126</ele>
        <time>1970-01-01T00:04:18.700000Z</time>
        <extensions>
          <gpxtpx:TrackPointExtension>
            <gpxtpx:hr>166</gpxtpx:hr>
          </gpxtpx:TrackPointExtension>
        </extensions>
      </trkpt>
      <trkpt lat="28.79825938579655" lon="115.8755240296372">
        <ele>32.507777948863804</ele>
        <time>1970-01-01T00:04:19.700000Z</time>
        <extensions>
          <gpxtpx:TrackPointExtension>
            <gpxtpx:hr>166</gpxtpx:hr>
          </gpxtpx:TrackPointExtension>
        </extensions>
      </trkpt>
      <trkpt lat="28.798278322570702" lon="115.8755244262302">
        <ele>32.563665460795164</ele>
        <time>1970-01-01T00:04:20.700000Z</time>
        <extensions>
          <gpxtpx:TrackPointExtension>
            <gpxtpx:hr>166</gpxtpx:hr>
          </gpxtpx:TrackPointExtension>
        </extensions>
      </trkpt>
      <trkpt lat="28.79829838796142" lon="115.87552486553432">
        <ele>32.631509153172374</ele>
        <time>1970-01-01T00:04:21.700000Z</time>
        <extensions>
          <gpxtpx:TrackPointExtension>
            <gpxtpx:hr>166</gpxtpx:hr>
          </gpxtpx:TrackPointExtension>
        </extensions>
      </trkpt>
      <trkpt lat="28.798319491575374" lon="115.87552512959525">
        <ele>32.709759266115725</ele>
        <time>1970-01-01T00:04:22.700000Z</time>
        <extensions>
          <gpxtpx:TrackPointExtension>
            <gpxtpx:hr>166</gpxtpx:hr>
          </gpxtpx:TrackPointExtension>
        </extensions>
      </trkpt>
      <trkpt lat="28.79834136455998" lon="115.87552523417105">
        <ele>32.795347719453275</ele>
        <time>1970-01-01T00:04:23.700000Z</time>
        <extensions>
          <gpxtpx:TrackPointExtension>
            <gpxtpx:hr>166</gpxtpx:hr>
          </gpxtpx:TrackPointExtension>
        </extensions>
      </trkpt>
      <trkpt lat="28.798363562329406" lon="115.87552542033404">
        <ele>32.8849164461717</ele>
        <time>1970-01-01T00:04:24.700000Z</time>
        <extensions>
          <gpxtpx:TrackPointExtension>
            <gpxtpx:hr>166</gpxtpx:hr>
          </gpxtpx:TrackPointExtension>
        </extensions>
      </trkpt>
      <trkpt lat="28.79838569292388" lon="115.87552547232285">
        <ele>32.975111646577716</ele>
        <time>1970-01-01T00:04:25.700000Z</time>
        <extensions>
          <gpxtpx:TrackPointExtension>
            <gpxtpx:hr>166</gpxtpx:hr>
          </gpxtpx:TrackPointExtension>
        </extensions>
      </trkpt>
      <trkpt lat="28.798407825035127" lon="115.87552515423957">
        <ele>33.06267323996872</ele>
        <time>1970-01-01T00:04:26.700000Z</time>
        <extensions>
          <gpxtpx:TrackPointExtension>
            <gpxtpx:hr>165</gpxtpx:hr>
          </gpxtpx:TrackPointExtension>
        </extensions>
      </trkpt>
      <trkpt lat="28.798429692332004" lon="115.87552420469963">
        <ele>33.1430238597095</ele>
        <time>1970-01-01T00:04:27.700000Z</time>
        <extensions>
          <gpxtpx:TrackPointExtension>
            <gpxtpx:hr>165</gpxtpx:hr>
          </gpxtpx:TrackPointExtension>
        </extensions>
      </trkpt>
      <trkpt lat="28.798451452830406" lon="115.87552252607601">
        <ele>33.212576324120164</ele>
        <time>1970-01-01T00:04:28.700000Z</time>
        <extensions>
          <gpxtpx:TrackPointExtension>
            <gpxtpx:hr>165</gpxtpx:hr>
          </gpxtpx:TrackPointExtension>
        </extensions>
      </trkpt>
      <trkpt lat="28.798473257425933" lon="115.87552041144784">
        <ele>33.268290179781616</ele>
        <time>1970-01-01T00:04:29.700000Z</time>
        <extensions>
          <gpxtpx:TrackPointExtension>
            <gpxtpx:hr>165</gpxtpx:hr>
          </gpxtpx:TrackPointExtension>
        </extensions>
      </trkpt>
      <trkpt lat="28.79849504301896" lon="115.87551803287171">
        <ele>33.30816046241671</ele>
        <time>1970-01-01T00:04:30.700000Z</time>
        <extensions>
          <gpxtpx:TrackPointExtension>
            <gpxtpx:hr>165</gpxtpx:hr>
          </gpxtpx:TrackPointExtension>
        </extensions>
      </trkpt>
      <trkpt lat="28.7985161949107" lon="115.8755152953282">
        <ele>33.33281787391752</ele>
        <time>1970-01-01T00:04:31.700000Z</time>
        <extensions>
          <gpxtpx:TrackPointExtension>
            <gpxtpx:hr>164</gpxtpx:hr>
          </gpxtpx:TrackPointExtension>
        </extensions>
      </trkpt>
      <trkpt lat="28.79853734782784" lon="115.87551198037121">
        <ele>33.34621238987893</ele>
        <time>1970-01-01T00:04:32.700000Z</time>
        <extensions>
          <gpxtpx:TrackPointExtension>
            <gpxtpx:hr>164</gpxtpx:hr>
          </gpxtpx:TrackPointExtension>
        </extensions>
      </trkpt>
      <trkpt lat="28.798559264545336" lon="115.87550805647044">
        <ele>33.35419931355864</ele>
        <time>1970-01-01T00:04:33.700000Z</time>
        <extensions>
          <gpxtpx:TrackPointExtension>
            <gpxtpx:hr>164</gpxtpx:hr>
          </gpxtpx:TrackPointExtension>
        </extensions>
      </trkpt>
      <trkpt lat="28.798581112323546" lon="115.87550395807418">
        <ele>33.36404400784522</ele>
        <time>1970-01-01T00:04:34.700000Z</time>
        <extensions>
          <gpxtpx:TrackPointExtension>
            <gpxtpx:hr>164</gpxtpx:hr>
          </gpxtpx:TrackPointExtension>
        </extensions>
      </trkpt>
      <trkpt lat="28.79860258407489" lon="115.87549962365101">
        <ele>33.38366089761257</ele>
        <time>1970-01-01T00:04:35.700000Z</time>
        <extensions>
          <gpxtpx:TrackPointExtension>
            <gpxtpx:hr>164</gpxtpx:hr>
          </gpxtpx:TrackPointExtension>
        </extensions>
      </trkpt>
      <trkpt lat="28.798623774359186" lon="115.8754949597989">
        <ele>33.41848289128393</ele>
        <time>1970-01-01T00:04:36.700000Z</time>
        <extensions>
          <gpxtpx:TrackPointExtension>
            <gpxtpx:hr>166</gpxtpx:hr>
          </gpxtpx:TrackPointExtension>
        </extensions>
      </trkpt>
      <trkpt lat="28.798645234259908" lon="115.87548999025023">
        <ele>33.47065902687609</ele>
        <time>1970-01-01T00:04:37.700000Z</time>
        <extensions>
          <gpxtpx:TrackPointExtension>
            <gpxtpx:hr>166</gpxtpx:hr>
          </gpxtpx:TrackPointExtension>
        </extensions>
      </trkpt>
      <trkpt lat="28.798667414984696" lon="115.87548504715662">
        <ele>33.539076945744455</ele>
        <time>1970-01-01T00:04:38.700000Z</time>
        <extensions>
          <gpxtpx:TrackPointExtension>
            <gpxtpx:hr>166</gpxtpx:hr>
          </gpxtpx:TrackPointExtension>
        </extensions>
      </trkpt>
      <trkpt lat="28.798689902333265" lon="115.87548091534133">
        <ele>33.61969265714288</ele>
        <time>1970-01-01T00:04:39.700000Z</time>
        <extensions>
          <gpxtpx:TrackPointExtension>
            <gpxtpx:hr>166</gpxtpx:hr>
          </gpxtpx:TrackPointExtension>
        </extensions>
      </trkpt>
      <trkpt lat="28.798712492726494" lon="115.87547826570541">
        <ele>33.70604745578021</ele>
        <time>1970-01-01T00:04:40.700000Z</time>
        <extensions>
          <gpxtpx:TrackPointExtension>
            <gpxtpx:hr>166</gpxtpx:hr>
          </gpxtpx:TrackPointExtension>
        </extensions>
      </trkpt>
      <trkpt lat="28.798734876759813" lon="115.87547673957262">
        <ele>33.7905243197456</ele>
        <time>1970-01-01T00:04:41.700000Z</time>
        <extensions>
          <gpxtpx:TrackPointExtension>
            <gpxtpx:hr>166</gpxtpx:hr>
          </gpxtpx:TrackPointExtension>
        </extensions>
      </trkpt>
      <trkpt lat="28.798756729778034" lon="115.87547562363888">
        <ele>33.86648160871118</ele>
        <time>1970-01-01T00:04:42.700000Z</time>
        <extensions>
          <gpxtpx:TrackPointExtension>
            <gpxtpx:hr>167</gpxtpx:hr>
          </gpxtpx:TrackPointExtension>
        </extensions>
      </trkpt>
      <trkpt lat="28.79877845251144" lon="115.87547518147714">
        <ele>33.92995994631201</ele>
        <time>1970-01-01T00:04:43.700000Z</time>
        <extensions>
          <gpxtpx:TrackPointExtension>
            <gpxtpx:hr>167</gpxtpx:hr>
          </gpxtpx:TrackPointExtension>
        </extensions>
      </trkpt>
      <trkpt lat="28.79880003716923" lon="115.87547539851114">
        <ele>33.98015667498112</ele>
        <time>1970-01-01T00:04:44.700000Z</time>
        <extensions>
          <gpxtpx:TrackPointExtension>
            <gpxtpx:hr>167</gpxtpx:hr>
          </gpxtpx:TrackPointExtension>
        </extensions>
      </trkpt>
      <trkpt lat="28.79882232217801" lon="115.87547515718177">
        <ele>34.01934532914311</ele>
        <time>1970-01-01T00:04:45.700000Z</time>
        <extensions>
          <gpxtpx:TrackPointExtension>
            <gpxtpx:hr>167</gpxtpx:hr>
          </gpxtpx:TrackPointExtension>
        </extensions>
      </trkpt>
      <trkpt lat="28.798845909523326" lon="115.8754739025139">
        <ele>34.05153770837933</ele>
        <time>1970-01-01T00:04:46.700000Z</time>
        <extensions>
          <gpxtpx:TrackPointExtension>
            <gpxtpx:hr>167</gpxtpx:hr>
          </gpxtpx:TrackPointExtension>
        </extensions>
      </trkpt>
      <trkpt lat="28.798870090811395" lon="115.87547221131477">
        <ele>34.081179167144</ele>
        <time>1970-01-01T00:04:47.700000Z</time>
        <extensions>
          <gpxtpx:TrackPointExtension>
            <gpxtpx:hr>168</gpxtpx:hr>
          </gpxtpx:TrackPointExtension>
        </extensions>
      </trkpt>
      <trkpt lat="28.798894362791533" lon="115.87547067629386">
        <ele>34.1111517380923</ele>
        <time>1970-01-01T00:04:48.700000Z</time>
        <extensions>
          <gpxtpx:TrackPointExtension>
            <gpxtpx:hr>168</gpxtpx:hr>
          </gpxtpx:TrackPointExtension>
        </extensions>
      </trkpt>
      <trkpt lat="28.798917925496287" lon="115.87546925498282">
        <ele>34.141825002618134</ele>
        <time>1970-01-01T00:04:49.700000Z</time>
        <extensions>
          <gpxtpx:TrackPointExtension>
            <gpxtpx:hr>168</gpxtpx:hr>
          </gpxtpx:TrackPointExtension>
        </extensions>
      </trkpt>
      <trkpt lat="28.798940602753316" lon="115.87546722458727">
        <ele>34.17071974463761</ele>
        <time>1970-01-01T00:04:50.700000Z</time>
        <extensions>
          <gpxtpx:TrackPointExtension>
            <gpxtpx:hr>168</gpxtpx:hr>
          </gpxtpx:TrackPointExtension>
        </extensions>
      </trkpt>
      <trkpt lat="28.79896212775253" lon="115.87546442228131">
        <ele>34.197521256282926</ele>
        <time>1970-01-01T00:04:51.700000Z</time>
        <extensions>
          <gpxtpx:TrackPointExtension>
            <gpxtpx:hr>168</gpxtpx:hr>
          </gpxtpx:TrackPointExtension>
        </extensions>
      </trkpt>
      <trkpt lat="28.798983193519927" lon="115.8754610080803">
        <ele>34.2224061563611</ele>
        <time>1970-01-01T00:04:52.700000Z</time>
        <extensions>
          <gpxtpx:TrackPointExtension>
            <gpxtpx:hr>169</gpxtpx:hr>
          </gpxtpx:TrackPointExtension>
        </extensions>
      </trkpt>
      <trkpt lat="28.799004391325315" lon="115.87545746897521">
        <ele>34.24590723030269</ele>
        <time>1970-01-01T00:04:53.700000Z</time>
        <extensions>
          <gpxtpx:TrackPointExtension>
            <gpxtpx:hr>169</gpxtpx:hr>
          </gpxtpx:TrackPointExtension>
        </extensions>
      </trkpt>
      <trkpt lat="28.79902583590193" lon="115.87545415920903">
        <ele>34.268787836655974</ele>
        <time>1970-01-01T00:04:54.700000Z</time>
        <extensions>
          <gpxtpx:TrackPointExtension>
            <gpxtpx:hr>169</gpxtpx:hr>
          </gpxtpx:TrackPointExtension>
        </extensions>
      </trkpt>
      <trkpt lat="28.7990474794967" lon="115.87545097429268">
        <ele>34.294380124658346</ele>
        <time>1970-01-01T00:04:55.700000Z</time>
        <extensions>
          <gpxtpx:TrackPointExtension>
            <gpxtpx:hr>169</gpxtpx:hr>
          </gpxtpx:TrackPointExtension>
        </extensions>
      </trkpt>
      <trkpt lat="28.799069101763735" lon="115.87544701278539">
        <ele>34.32461566105485</ele>
        <time>1970-01-01T00:04:56.700000Z</time>
        <extensions>
          <gpxtpx:TrackPointExtension>
            <gpxtpx:hr>168</gpxtpx:hr>
          </gpxtpx:TrackPointExtension>
        </extensions>
      </trkpt>
      <trkpt lat="28.799091402841082" lon="115.87544046275994">
        <ele>34.361403457820415</ele>
        <time>1970-01-01T00:04:57.700000Z</time>
        <extensions>
          <gpxtpx:TrackPointExtension>
            <gpxtpx:hr>168</gpxtpx:hr>
          </gpxtpx:TrackPointExtension>
        </extensions>
      </trkpt>
      <trkpt lat="28.79911404843806" lon="115.87543096412847">
        <ele>34.40699196886271</ele>
        <time>1970-01-01T00:04:58.700000Z</time>
        <extensions>
          <gpxtpx:TrackPointExtension>
            <gpxtpx:hr>168</gpxtpx:hr>
          </gpxtpx:TrackPointExtension>
        </extensions>
      </trkpt>
      <trkpt lat="28.799136408365996" lon="115.87542015778499">
        <ele>34.46378360502422</ele>
        <time>1970-01-01T00:04:59.700000Z</time>
        <extensions>
          <gpxtpx:TrackPointExtension>
            <gpxtpx:hr>168</gpxtpx:hr>
          </gpxtpx:TrackPointExtension>
        </extensions>
      </trkpt>
      <trkpt lat="28.79915836804196" lon="115.87541020522949">
        <ele>34.53086022939533</ele>
        <time>1970-01-01T00:05:00.700000Z</time>
        <extensions>
          <gpxtpx:TrackPointExtension>
            <gpxtpx:hr>168</gpxtpx:hr>
          </gpxtpx:TrackPointExtension>
        </extensions>
      </trkpt>
      <trkpt lat="28.799180052164044" lon="115.87540170504447">
        <ele>34.60265554115176</ele>
        <time>1970-01-01T00:05:01.700000Z</time>
        <extensions>
          <gpxtpx:TrackPointExtension>
            <gpxtpx:hr>168</gpxtpx:hr>
          </gpxtpx:TrackPointExtension>
        </extensions>
      </trkpt>
      <trkpt lat="28.79920211730054" lon="115.87539391293">
        <ele>34.670009231194854</ele>
        <time>1970-01-01T00:05:02.700000Z</time>
        <extensions>
          <gpxtpx:TrackPointExtension>
            <gpxtpx:hr>167</gpxtpx:hr>
          </gpxtpx:TrackPointExtension>
        </extensions>
      </trkpt>
      <trkpt lat="28.799224721078996" lon="115.87538628839317">
        <ele>34.72253601998091</ele>
        <time>1970-01-01T00:05:03.700000Z</time>
        <extensions>
          <gpxtpx:TrackPointExtension>
            <gpxtpx:hr>167</gpxtpx:hr>
          </gpxtpx:TrackPointExtension>
        </extensions>
      </trkpt>
      <trkpt lat="28.799247523175172" lon="115.87537904725909">
        <ele>34.75264841038734</ele>
        <time>1970-01-01T00:05:04.700000Z</time>
        <extensions>
          <gpxtpx:TrackPointExtension>
            <gpxtpx:hr>167</gpxtpx:hr>
          </gpxtpx:TrackPointExtension>
        </extensions>
      </trkpt>
      <trkpt lat="28.799270357533636" lon="115.8753721611437">
        <ele>34.75672677811235</ele>
        <time>1970-01-01T00:05:05.700000Z</time>
        <extensions>
          <gpxtpx:TrackPointExtension>
            <gpxtpx:hr>167</gpxtpx:hr>
          </gpxtpx:TrackPointExtension>
        </extensions>
      </trkpt>
      <trkpt lat="28.799293051622985" lon="115.87536555540947">
        <ele>34.73710151575506</ele>
        <time>1970-01-01T00:05:06.700000Z</time>
        <extensions>
          <gpxtpx:TrackPointExtension>
            <gpxtpx:hr>167</gpxtpx:hr>
          </gpxtpx:TrackPointExtension>
        </extensions>
      </trkpt>
      <trkpt lat="28.79931596890811" lon="115.87536017318241">
        <ele>34.700914315879345</ele>
        <time>1970-01-01T00:05:07.700000Z</time>
        <extensions>
          <gpxtpx:TrackPointExtension>
            <gpxtpx:hr>168</gpxtpx:hr>
          </gpxtpx:TrackPointExtension>
        </extensions>
      </trkpt>
      <trkpt lat="28.799339028924187" lon="115.8753568032007">
        <ele>34.65739429555833</ele>
        <time>1970-01-01T00:05:08.700000Z</time>
        <extensions>
          <gpxtpx:TrackPointExtension>
            <gpxtpx:hr>168</gpxtpx:hr>
          </gpxtpx:TrackPointExtension>
        </extensions>
      </trkpt>
      <trkpt lat="28.799362114371096" lon="115.87535439477101">
        <ele>34.61448581516743</ele>
        <time>1970-01-01T00:05:09.700000Z</time>
        <extensions>
          <gpxtpx:TrackPointExtension>
            <gpxtpx:hr>168</gpxtpx:hr>
          </gpxtpx:TrackPointExtension>
        </extensions>
      </trkpt>
      <trkpt lat="28.799385749181305" lon="115.8753524314318">
        <ele>34.57933937199414</ele>
        <time>1970-01-01T00:05:10.700000Z</time>
        <extensions>
          <gpxtpx:TrackPointExtension>
            <gpxtpx:hr>168</gpxtpx:hr>
          </gpxtpx:TrackPointExtension>
        </extensions>
      </trkpt>
      <trkpt lat="28.799410003060544" lon="115.87535096916493">
        <ele>34.557254223152995</ele>
        <time>1970-01-01T00:05:11.700000Z</time>
        <extensions>
          <gpxtpx:TrackPointExtension>
            <gpxtpx:hr>168</gpxtpx:hr>
          </gpxtpx:TrackPointExtension>
        </extensions>
      </trkpt>
      <trkpt lat="28.799434510842392" lon="115.87534924862476">
        <ele>34.550861118361354</ele>
        <time>1970-01-01T00:05:12.700000Z</time>
        <extensions>
          <gpxtpx:TrackPointExtension>
            <gpxtpx:hr>168</gpxtpx:hr>
          </gpxtpx:TrackPointExtension>
        </extensions>
      </trkpt>
      <trkpt lat="28.79945913958685" lon="115.87534643564965">
        <ele>34.56062370631844</ele>
        <time>1970-01-01T00:05:13.700000Z</time>
        <extensions>
          <gpxtpx:TrackPointExtension>
            <gpxtpx:hr>168</gpxtpx:hr>
          </gpxtpx:TrackPointExtension>
        </extensions>
      </trkpt>
      <trkpt lat="28.799483872895063" lon="115.8753422862692">
        <ele>34.58411866053939</ele>
        <time>1970-01-01T00:05:14.700000Z</time>
        <extensions>
          <gpxtpx:TrackPointExtension>
            <gpxtpx:hr>168</gpxtpx:hr>
          </gpxtpx:TrackPointExtension>
        </extensions>
      </trkpt>
      <trkpt lat="28.799508492359887" lon="115.87533742582316">
        <ele>34.616527306847274</ele>
        <time>1970-01-01T00:05:15.700000Z</time>
        <extensions>
          <gpxtpx:TrackPointExtension>
            <gpxtpx:hr>168</gpxtpx:hr>
          </gpxtpx:TrackPointExtension>
        </extensions>
      </trkpt>
      <trkpt lat="28.79953285290919" lon="115.87533219002445">
        <ele>34.651260478422046</ele>
        <time>1970-01-01T00:05:16.700000Z</time>
        <extensions>
          <gpxtpx:TrackPointExtension>
            <gpxtpx:hr>168</gpxtpx:hr>
          </gpxtpx:TrackPointExtension>
        </extensions>
      </trkpt>
      <trkpt lat="28.799556774761935" lon="115.87532696696026">
        <ele>34.68092179019004</ele>
        <time>1970-01-01T00:05:17.700000Z</time>
        <extensions>
          <gpxtpx:TrackPointExtension>
            <gpxtpx:hr>168</gpxtpx:hr>
          </gpxtpx:TrackPointExtension>
        </extensions>
      </trkpt>
      <trkpt lat="28.799580330366993" lon="115.87532164922717">
        <ele>34.69773088954389</ele>
        <time>1970-01-01T00:05:18.700000Z</time>
        <extensions>
          <gpxtpx:TrackPointExtension>
            <gpxtpx:hr>169</gpxtpx:hr>
          </gpxtpx:TrackPointExtension>
        </extensions>
      </trkpt>
      <trkpt lat="28.79960318505939" lon="115.87531642834651">
        <ele>34.6970349829644</ele>
        <time>1970-01-01T00:05:19.700000Z</time>
        <extensions>
          <gpxtpx:TrackPointExtension>
            <gpxtpx:hr>169</gpxtpx:hr>
          </gpxtpx:TrackPointExtension>
        </extensions>
      </trkpt>
      <trkpt lat="28.7996255074562" lon="115.87531128322448">
        <ele>34.67698444519192</ele>
        <time>1970-01-01T00:05:20.700000Z</time>
        <extensions>
          <gpxtpx:TrackPointExtension>
            <gpxtpx:hr>169</gpxtpx:hr>
          </gpxtpx:TrackPointExtension>
        </extensions>
      </trkpt>
      <trkpt lat="28.799647611914043" lon="115.87530652667087">
        <ele>34.63855488784611</ele>
        <time>1970-01-01T00:05:21.700000Z</time>
        <extensions>
          <gpxtpx:TrackPointExtension>
            <gpxtpx:hr>169</gpxtpx:hr>
          </gpxtpx:TrackPointExtension>
        </extensions>
      </trkpt>
      <trkpt lat="28.799669620054708" lon="115.87530266670107">
        <ele>34.58458994142711</ele>
        <time>1970-01-01T00:05:22.700000Z</time>
        <extensions>
          <gpxtpx:TrackPointExtension>
            <gpxtpx:hr>169</gpxtpx:hr>
          </gpxtpx:TrackPointExtension>
        </extensions>
      </trkpt>
      <trkpt lat="28.799691148455565" lon="115.87529932838592">
        <ele>34.52012044098228</ele>
        <time>1970-01-01T00:05:23.700000Z</time>
        <extensions>
          <gpxtpx:TrackPointExtension>
            <gpxtpx:hr>169</gpxtpx:hr>
          </gpxtpx:TrackPointExtension>
        </extensions>
      </trkpt>
      <trkpt lat="28.79971154944473" lon="115.87529586710649">
        <ele>34.450561709702015</ele>
        <time>1970-01-01T00:05:24.700000Z</time>
        <extensions>
          <gpxtpx:TrackPointExtension>
            <gpxtpx:hr>169</gpxtpx:hr>
          </gpxtpx:TrackPointExtension>
        </extensions>
      </trkpt>
      <trkpt lat="28.799731259703094" lon="115.87529191500923">
        <ele>34.38106367737055</ele>
        <time>1970-01-01T00:05:25.700000Z</time>
        <extensions>
          <gpxtpx:TrackPointExtension>
            <gpxtpx:hr>169</gpxtpx:hr>
          </gpxtpx:TrackPointExtension>
        </extensions>
      </trkpt>
      <trkpt lat="28.79975069499169" lon="115.87528726757867">
        <ele>34.31575238984078</ele>
        <time>1970-01-01T00:05:26.700000Z</time>
        <extensions>
          <gpxtpx:TrackPointExtension>
            <gpxtpx:hr>169</gpxtpx:hr>
          </gpxtpx:TrackPointExtension>
        </extensions>
      </trkpt>
      <trkpt lat="28.799770324323656" lon="115.87528186061975">
        <ele>34.25810566358268</ele>
        <time>1970-01-01T00:05:27.700000Z</time>
        <extensions>
          <gpxtpx:TrackPointExtension>
            <gpxtpx:hr>169</gpxtpx:hr>
          </gpxtpx:TrackPointExtension>
        </extensions>
      </trkpt>
      <trkpt lat="28.799790150672322" lon="115.87527654131065">
        <ele>34.20824574679136</ele>
        <time>1970-01-01T00:05:28.700000Z</time>
        <extensions>
          <gpxtpx:TrackPointExtension>
            <gpxtpx:hr>169</gpxtpx:hr>
          </gpxtpx:TrackPointExtension>
        </extensions>
      </trkpt>
      <trkpt lat="28.799809975297208" lon="115.8752724637572">
        <ele>34.16501394752413</ele>
        <time>1970-01-01T00:05:29.700000Z</time>
        <extensions>
          <gpxtpx:TrackPointExtension>
            <gpxtpx:hr>168</gpxtpx:hr>
          </gpxtpx:TrackPointExtension>
        </extensions>
      </trkpt>
      <trkpt lat="28.799829956160465" lon="115.87526962712036">
        <ele>34.12677434831858</ele>
        <time>1970-01-01T00:05:30.700000Z</time>
        <extensions>
          <gpxtpx:TrackPointExtension>
            <gpxtpx:hr>168</gpxtpx:hr>
          </gpxtpx:TrackPointExtension>
        </extensions>
      </trkpt>
      <trkpt lat="28.79984995768769" lon="115.8752671394057">
        <ele>34.09213183168322</ele>
        <time>1970-01-01T00:05:31.700000Z</time>
        <extensions>
          <gpxtpx:TrackPointExtension>
            <gpxtpx:hr>168</gpxtpx:hr>
          </gpxtpx:TrackPointExtension>
        </extensions>
      </trkpt>
      <trkpt lat="28.79987029944269" lon="115.87526495857453">
        <ele>34.06264266744256</ele>
        <time>1970-01-01T00:05:32.700000Z</time>
        <extensions>
          <gpxtpx:TrackPointExtension>
            <gpxtpx:hr>167</gpxtpx:hr>
          </gpxtpx:TrackPointExtension>
        </extensions>
      </trkpt>
      <trkpt lat="28.79989061629326" lon="115.87526299143536">
        <ele>34.04341366607696</ele>
        <time>1970-01-01T00:05:33.700000Z</time>
        <extensions>
          <gpxtpx:TrackPointExtension>
            <gpxtpx:hr>167</gpxtpx:hr>
          </gpxtpx:TrackPointExtension>
        </extensions>
      </trkpt>
      <trkpt lat="28.79991053513397" lon="115.87526068548979">
        <ele>34.040736890397966</ele>
        <time>1970-01-01T00:05:34.700000Z</time>
        <extensions>
          <gpxtpx:TrackPointExtension>
            <gpxtpx:hr>167</gpxtpx:hr>
          </gpxtpx:TrackPointExtension>
        </extensions>
      </trkpt>
      <trkpt lat="28.799930429201705" lon="115.87525701902727">
        <ele>34.06070491857827</ele>
        <time>1970-01-01T00:05:35.700000Z</time>
        <extensions>
          <gpxtpx:TrackPointExtension>
            <gpxtpx:hr>167</gpxtpx:hr>
          </gpxtpx:TrackPointExtension>
        </extensions>
      </trkpt>
      <trkpt lat="28.799950706220752" lon="115.87525136363368">
        <ele>34.1100583570078</ele>
        <time>1970-01-01T00:05:36.700000Z</time>
        <extensions>
          <gpxtpx:TrackPointExtension>
            <gpxtpx:hr>167</gpxtpx:hr>
          </gpxtpx:TrackPointExtension>
        </extensions>
      </trkpt>
      <trkpt lat="28.799972275590783" lon="115.87524402015433">
        <ele>34.19107503071427</ele>
        <time>1970-01-01T00:05:37.700000Z</time>
        <extensions>
          <gpxtpx:TrackPointExtension>
            <gpxtpx:hr>163</gpxtpx:hr>
          </gpxtpx:TrackPointExtension>
        </extensions>
      </trkpt>
      <trkpt lat="28.799995016540418" lon="115.87523552406842">
        <ele>34.30200701765716</ele>
        <time>1970-01-01T00:05:38.700000Z</time>
        <extensions>
          <gpxtpx:TrackPointExtension>
            <gpxtpx:hr>163</gpxtpx:hr>
          </gpxtpx:TrackPointExtension>
        </extensions>
      </trkpt>
      <trkpt lat="28.800018271297276" lon="115.87522638142333">
        <ele>34.436441260389984</ele>
        <time>1970-01-01T00:05:39.700000Z</time>
        <extensions>
          <gpxtpx:TrackPointExtension>
            <gpxtpx:hr>163</gpxtpx:hr>
          </gpxtpx:TrackPointExtension>
        </extensions>
      </trkpt>
      <trkpt lat="28.800041437478882" lon="115.87521762313013">
        <ele>34.5839632274583</ele>
        <time>1970-01-01T00:05:40.700000Z</time>
        <extensions>
          <gpxtpx:TrackPointExtension>
            <gpxtpx:hr>163</gpxtpx:hr>
          </gpxtpx:TrackPointExtension>
        </extensions>
      </trkpt>
      <trkpt lat="28.800064144957513" lon="115.87520985065863">
        <ele>34.72991393599659</ele>
        <time>1970-01-01T00:05:41.700000Z</time>
        <extensions>
          <gpxtpx:TrackPointExtension>
            <gpxtpx:hr>163</gpxtpx:hr>
          </gpxtpx:TrackPointExtension>
        </extensions>
      </trkpt>
      <trkpt lat="28.800085896665383" lon="115.87520227922651">
        <ele>34.860820420086384</ele>
        <time>1970-01-01T00:05:42.700000Z</time>
        <extensions>
          <gpxtpx:TrackPointExtension>
            <gpxtpx:hr>163</gpxtpx:hr>
          </gpxtpx:TrackPointExtension>
        </extensions>
      </trkpt>
      <trkpt lat="28.800107349141424" lon="115.87519458168997">
        <ele>34.965658543631434</ele>
        <time>1970-01-01T00:05:43.700000Z</time>
        <extensions>
          <gpxtpx:TrackPointExtension>
            <gpxtpx:hr>163</gpxtpx:hr>
          </gpxtpx:TrackPointExtension>
        </extensions>
      </trkpt>
      <trkpt lat="28.80012927129694" lon="115.87518740867174">
        <ele>35.03830621577799</ele>
        <time>1970-01-01T00:05:44.700000Z</time>
        <extensions>
          <gpxtpx:TrackPointExtension>
            <gpxtpx:hr>163</gpxtpx:hr>
          </gpxtpx:TrackPointExtension>
        </extensions>
      </trkpt>
      <trkpt lat="28.80015164133861" lon="115.87518054878878">
        <ele>35.0778599716723</ele>
        <time>1970-01-01T00:05:45.700000Z</time>
        <extensions>
          <gpxtpx:TrackPointExtension>
            <gpxtpx:hr>163</gpxtpx:hr>
          </gpxtpx:TrackPointExtension>
        </extensions>
      </trkpt>
      <trkpt lat="28.80017429615931" lon="115.87517377111762">
        <ele>35.08956470154226</ele>
        <time>1970-01-01T00:05:46.700000Z</time>
        <extensions>
          <gpxtpx:TrackPointExtension>
            <gpxtpx:hr>163</gpxtpx:hr>
          </gpxtpx:TrackPointExtension>
        </extensions>
      </trkpt>
      <trkpt lat="28.800197266500422" lon="115.87516724660662">
        <ele>35.08204382844269</ele>
        <time>1970-01-01T00:05:47.700000Z</time>
        <extensions>
          <gpxtpx:TrackPointExtension>
            <gpxtpx:hr>167</gpxtpx:hr>
          </gpxtpx:TrackPointExtension>
        </extensions>
      </trkpt>
      <trkpt lat="28.80022102771914" lon="115.87516152543223">
        <ele>35.0654227482155</ele>
        <time>1970-01-01T00:05:48.700000Z</time>
        <extensions>
          <gpxtpx:TrackPointExtension>
            <gpxtpx:hr>167</gpxtpx:hr>
          </gpxtpx:TrackPointExtension>
        </extensions>
      </trkpt>
      <trkpt lat="28.80024522520794" lon="115.87515692990671">
        <ele>35.048701820895076</ele>
        <time>1970-01-01T00:05:49.700000Z</time>
        <extensions>
          <gpxtpx:TrackPointExtension>
            <gpxtpx:hr>167</gpxtpx:hr>
          </gpxtpx:TrackPointExtension>
        </extensions>
      </trkpt>
      <trkpt lat="28.80026907874906" lon="115.87515342959087">
        <ele>35.0382495354861</ele>
        <time>1970-01-01T00:05:50.700000Z</time>
        <extensions>
          <gpxtpx:TrackPointExtension>
            <gpxtpx:hr>167</gpxtpx:hr>
          </gpxtpx:TrackPointExtension>
        </extensions>
      </trkpt>
      <trkpt lat="28.800292061918892" lon="115.87515076398338">
        <ele>35.035659465007484</ele>
        <time>1970-01-01T00:05:51.700000Z</time>
        <extensions>
          <gpxtpx:TrackPointExtension>
            <gpxtpx:hr>167</gpxtpx:hr>
          </gpxtpx:TrackPointExtension>
        </extensions>
      </trkpt>
      <trkpt lat="28.800314429804697" lon="115.87514822503704">
        <ele>35.03904606215656</ele>
        <time>1970-01-01T00:05:52.700000Z</time>
        <extensions>
          <gpxtpx:TrackPointExtension>
            <gpxtpx:hr>167</gpxtpx:hr>
          </gpxtpx:TrackPointExtension>
        </extensions>
      </trkpt>
      <trkpt lat="28.800337153273347" lon="115.87514532861093">
        <ele>35.044385343790054</ele>
        <time>1970-01-01T00:05:53.700000Z</time>
        <extensions>
          <gpxtpx:TrackPointExtension>
            <gpxtpx:hr>167</gpxtpx:hr>
          </gpxtpx:TrackPointExtension>
        </extensions>
      </trkpt>
      <trkpt lat="28.80036093740145" lon="115.87514142019023">
        <ele>35.04779645241797</ele>
        <time>1970-01-01T00:05:54.700000Z</time>
        <extensions>
          <gpxtpx:TrackPointExtension>
            <gpxtpx:hr>167</gpxtpx:hr>
          </gpxtpx:TrackPointExtension>
        </extensions>
      </trkpt>
      <trkpt lat="28.80038537694842" lon="115.87513624114789">
        <ele>35.046308217570186</ele>
        <time>1970-01-01T00:05:55.700000Z</time>
        <extensions>
          <gpxtpx:TrackPointExtension>
            <gpxtpx:hr>167</gpxtpx:hr>
          </gpxtpx:TrackPointExtension>
        </extensions>
      </trkpt>
      <trkpt lat="28.800409644449907" lon="115.87512985889333">
        <ele>35.03937335126102</ele>
        <time>1970-01-01T00:05:56.700000Z</time>
        <extensions>
          <gpxtpx:TrackPointExtension>
            <gpxtpx:hr>167</gpxtpx:hr>
          </gpxtpx:TrackPointExtension>
        </extensions>
      </trkpt>
      <trkpt lat="28.800433705437072" lon="115.87512230459048">
        <ele>35.0288906050846</ele>
        <time>1970-01-01T00:05:57.700000Z</time>
        <extensions>
          <gpxtpx:TrackPointExtension>
            <gpxtpx:hr>170</gpxtpx:hr>
          </gpxtpx:TrackPointExtension>
        </extensions>
      </trkpt>
      <trkpt lat="28.800457596792825" lon="115.87511406032584">
        <ele>35.018319031223655</ele>
        <time>1970-01-01T00:05:58.700000Z</time>
        <extensions>
          <gpxtpx:TrackPointExtension>
            <gpxtpx:hr>170</gpxtpx:hr>
          </gpxtpx:TrackPointExtension>
        </extensions>
      </trkpt>
      <trkpt lat="28.80048151932666" lon="115.87510579264622">
        <ele>35.011126121506095</ele>
        <time>1970-01-01T00:05:59.700000Z</time>
        <extensions>
          <gpxtpx:TrackPointExtension>
            <gpxtpx:hr>170</gpxtpx:hr>
          </gpxtpx:TrackPointExtension>
        </extensions>
      </trkpt>
      <trkpt lat="28.800505333342734" lon="115.87509829608321">
        <ele>35.010557665489614</ele>
        <time>1970-01-01T00:06:00.700000Z</time>
        <extensions>
          <gpxtpx:TrackPointExtension>
            <gpxtpx:hr>170</gpxtpx:hr>
          </gpxtpx:TrackPointExtension>
        </extensions>
      </trkpt>
      <trkpt lat="28.800528585265287" lon="115.87509134246903">
        <ele>35.01822254806757</ele>
        <time>1970-01-01T00:06:01.700000Z</time>
        <extensions>
          <gpxtpx:TrackPointExtension>
            <gpxtpx:hr>170</gpxtpx:hr>
          </gpxtpx:TrackPointExtension>
        </extensions>
      </trkpt>
      <trkpt lat="28.80055118793238" lon="115.87508389481181">
        <ele>35.03365109488368</ele>
        <time>1970-01-01T00:06:02.700000Z</time>
        <extensions>
          <gpxtpx:TrackPointExtension>
            <gpxtpx:hr>170</gpxtpx:hr>
          </gpxtpx:TrackPointExtension>
        </extensions>
      </trkpt>
      <trkpt lat="28.80057338543742" lon="115.87507585875038">
        <ele>35.054971273988485</ele>
        <time>1970-01-01T00:06:03.700000Z</time>
        <extensions>
          <gpxtpx:TrackPointExtension>
            <gpxtpx:hr>170</gpxtpx:hr>
          </gpxtpx:TrackPointExtension>
        </extensions>
      </trkpt>
      <trkpt lat="28.800595807503814" lon="115.8750679075044">
        <ele>35.080257751978934</ele>
        <time>1970-01-01T00:06:04.700000Z</time>
        <extensions>
          <gpxtpx:TrackPointExtension>
            <gpxtpx:hr>170</gpxtpx:hr>
          </gpxtpx:TrackPointExtension>
        </extensions>
      </trkpt>
      <trkpt lat="28.800618675892707" lon="115.87506049898302">
        <ele>35.10869067814201</ele>
        <time>1970-01-01T00:06:05.700000Z</time>
        <extensions>
          <gpxtpx:TrackPointExtension>
            <gpxtpx:hr>170</gpxtpx:hr>
          </gpxtpx:TrackPointExtension>
        </extensions>
      </trkpt>
      <trkpt lat="28.800641867287617" lon="115.87505348536989">
        <ele>35.14053074456751</ele>
        <time>1970-01-01T00:06:06.700000Z</time>
        <extensions>
          <gpxtpx:TrackPointExtension>
            <gpxtpx:hr>170</gpxtpx:hr>
          </gpxtpx:TrackPointExtension>
        </extensions>
      </trkpt>
      <trkpt lat="28.800665681973143" lon="115.87504733857212">
        <ele>35.17646973952651</ele>
        <time>1970-01-01T00:06:07.700000Z</time>
        <extensions>
          <gpxtpx:TrackPointExtension>
            <gpxtpx:hr>170</gpxtpx:hr>
          </gpxtpx:TrackPointExtension>
        </extensions>
      </trkpt>
      <trkpt lat="28.800690658043585" lon="115.87504273947286">
        <ele>35.21694766264409</ele>
        <time>1970-01-01T00:06:08.700000Z</time>
        <extensions>
          <gpxtpx:TrackPointExtension>
            <gpxtpx:hr>169</gpxtpx:hr>
          </gpxtpx:TrackPointExtension>
        </extensions>
      </trkpt>
      <trkpt lat="28.800715978525787" lon="115.87503925658595">
        <ele>35.26205188687891</ele>
        <time>1970-01-01T00:06:09.700000Z</time>
        <extensions>
          <gpxtpx:TrackPointExtension>
            <gpxtpx:hr>169</gpxtpx:hr>
          </gpxtpx:TrackPointExtension>
        </extensions>
      </trkpt>
      <trkpt lat="28.800740804167894" lon="115.87503610405287">
        <ele>35.31087934225798</ele>
        <time>1970-01-01T00:06:10.700000Z</time>
        <extensions>
          <gpxtpx:TrackPointExtension>
            <gpxtpx:hr>169</gpxtpx:hr>
          </gpxtpx:TrackPointExtension>
        </extensions>
      </trkpt>
      <trkpt lat="28.80076546359584" lon="115.87503305869559">
        <ele>35.36185996606946</ele>
        <time>1970-01-01T00:06:11.700000Z</time>
        <extensions>
          <gpxtpx:TrackPointExtension>
            <gpxtpx:hr>169</gpxtpx:hr>
          </gpxtpx:TrackPointExtension>
        </extensions>
      </trkpt>
      <trkpt lat="28.800789947497165" lon="115.87502993321534">
        <ele>35.413252759724855</ele>
        <time>1970-01-01T00:06:12.700000Z</time>
        <extensions>
          <gpxtpx:TrackPointExtension>
            <gpxtpx:hr>169</gpxtpx:hr>
          </gpxtpx:TrackPointExtension>
        </extensions>
      </trkpt>
      <trkpt lat="28.800814258657997" lon="115.8750263443523">
        <ele>35.46358982473612</ele>
        <time>1970-01-01T00:06:13.700000Z</time>
        <extensions>
          <gpxtpx:TrackPointExtension>
            <gpxtpx:hr>169</gpxtpx:hr>
          </gpxtpx:TrackPointExtension>
        </extensions>
      </trkpt>
      <trkpt lat="28.80083855568565" lon="115.87502197625876">
        <ele>35.51125120930374</ele>
        <time>1970-01-01T00:06:14.700000Z</time>
        <extensions>
          <gpxtpx:TrackPointExtension>
            <gpxtpx:hr>169</gpxtpx:hr>
          </gpxtpx:TrackPointExtension>
        </extensions>
      </trkpt>
      <trkpt lat="28.800863075869927" lon="115.87501670256923">
        <ele>35.55489574559033</ele>
        <time>1970-01-01T00:06:15.700000Z</time>
        <extensions>
          <gpxtpx:TrackPointExtension>
            <gpxtpx:hr>169</gpxtpx:hr>
          </gpxtpx:TrackPointExtension>
        </extensions>
      </trkpt>
      <trkpt lat="28.800887606454857" lon="115.87501097154312">
        <ele>35.59376609325409</ele>
        <time>1970-01-01T00:06:16.700000Z</time>
        <extensions>
          <gpxtpx:TrackPointExtension>
            <gpxtpx:hr>169</gpxtpx:hr>
          </gpxtpx:TrackPointExtension>
        </extensions>
      </trkpt>
      <trkpt lat="28.800911688777642" lon="115.87500513119853">
        <ele>35.628008645027876</ele>
        <time>1970-01-01T00:06:17.700000Z</time>
        <extensions>
          <gpxtpx:TrackPointExtension>
            <gpxtpx:hr>169</gpxtpx:hr>
          </gpxtpx:TrackPointExtension>
        </extensions>
      </trkpt>
      <trkpt lat="28.800935773348815" lon="115.8749993995966">
        <ele>35.65793882962316</ele>
        <time>1970-01-01T00:06:18.700000Z</time>
        <extensions>
          <gpxtpx:TrackPointExtension>
            <gpxtpx:hr>169</gpxtpx:hr>
          </gpxtpx:TrackPointExtension>
        </extensions>
      </trkpt>
      <trkpt lat="28.800959922279635" lon="115.87499407996867">
        <ele>35.68463443219662</ele>
        <time>1970-01-01T00:06:19.700000Z</time>
        <extensions>
          <gpxtpx:TrackPointExtension>
            <gpxtpx:hr>169</gpxtpx:hr>
          </gpxtpx:TrackPointExtension>
        </extensions>
      </trkpt>
      <trkpt lat="28.800983820564795" lon="115.87498921985164">
        <ele>35.70939037296921</ele>
        <time>1970-01-01T00:06:20.700000Z</time>
        <extensions>
          <gpxtpx:TrackPointExtension>
            <gpxtpx:hr>169</gpxtpx:hr>
          </gpxtpx:TrackPointExtension>
        </extensions>
      </trkpt>
      <trkpt lat="28.801007207335548" lon="115.87498479292368">
        <ele>35.73328671231866</ele>
        <time>1970-01-01T00:06:21.700000Z</time>
        <extensions>
          <gpxtpx:TrackPointExtension>
            <gpxtpx:hr>169</gpxtpx:hr>
          </gpxtpx:TrackPointExtension>
        </extensions>
      </trkpt>
      <trkpt lat="28.80103036515444" lon="115.87498048372859">
        <ele>35.756755443289876</ele>
        <time>1970-01-01T00:06:22.700000Z</time>
        <extensions>
          <gpxtpx:TrackPointExtension>
            <gpxtpx:hr>168</gpxtpx:hr>
          </gpxtpx:TrackPointExtension>
        </extensions>
      </trkpt>
      <trkpt lat="28.801053625123725" lon="115.8749755046463">
        <ele>35.77886519022286</ele>
        <time>1970-01-01T00:06:23.700000Z</time>
        <extensions>
          <gpxtpx:TrackPointExtension>
            <gpxtpx:hr>168</gpxtpx:hr>
          </gpxtpx:TrackPointExtension>
        </extensions>
      </trkpt>
      <trkpt lat="28.80107625813956" lon="115.87496973702027">
        <ele>35.797798422165215</ele>
        <time>1970-01-01T00:06:24.700000Z</time>
        <extensions>
          <gpxtpx:TrackPointExtension>
            <gpxtpx:hr>168</gpxtpx:hr>
          </gpxtpx:TrackPointExtension>
        </extensions>
      </trkpt>
      <trkpt lat="28.80109823832806" lon="115.87496287436974">
        <ele>35.81093009375036</ele>
        <time>1970-01-01T00:06:25.700000Z</time>
        <extensions>
          <gpxtpx:TrackPointExtension>
            <gpxtpx:hr>168</gpxtpx:hr>
          </gpxtpx:TrackPointExtension>
        </extensions>
      </trkpt>
      <trkpt lat="28.801119651220247" lon="115.87495517028208">
        <ele>35.81536982115358</ele>
        <time>1970-01-01T00:06:26.700000Z</time>
        <extensions>
          <gpxtpx:TrackPointExtension>
            <gpxtpx:hr>168</gpxtpx:hr>
          </gpxtpx:TrackPointExtension>
        </extensions>
      </trkpt>
      <trkpt lat="28.801140839622867" lon="115.87494763556717">
        <ele>35.8084802813828</ele>
        <time>1970-01-01T00:06:27.700000Z</time>
        <extensions>
          <gpxtpx:TrackPointExtension>
            <gpxtpx:hr>168</gpxtpx:hr>
          </gpxtpx:TrackPointExtension>
        </extensions>
      </trkpt>
      <trkpt lat="28.801162296488535" lon="115.87494084849226">
        <ele>35.78969371691346</ele>
        <time>1970-01-01T00:06:28.700000Z</time>
        <extensions>
          <gpxtpx:TrackPointExtension>
            <gpxtpx:hr>168</gpxtpx:hr>
          </gpxtpx:TrackPointExtension>
        </extensions>
      </trkpt>
      <trkpt lat="28.801184005503877" lon="115.87493505894724">
        <ele>35.75932218320668</ele>
        <time>1970-01-01T00:06:29.700000Z</time>
        <extensions>
          <gpxtpx:TrackPointExtension>
            <gpxtpx:hr>168</gpxtpx:hr>
          </gpxtpx:TrackPointExtension>
        </extensions>
      </trkpt>
      <trkpt lat="28.80120594747746" lon="115.8749304377315">
        <ele>35.718386908993125</ele>
        <time>1970-01-01T00:06:30.700000Z</time>
        <extensions>
          <gpxtpx:TrackPointExtension>
            <gpxtpx:hr>168</gpxtpx:hr>
          </gpxtpx:TrackPointExtension>
        </extensions>
      </trkpt>
      <trkpt lat="28.801227537990663" lon="115.8749268735241">
        <ele>35.66855118703097</ele>
        <time>1970-01-01T00:06:31.700000Z</time>
        <extensions>
          <gpxtpx:TrackPointExtension>
            <gpxtpx:hr>168</gpxtpx:hr>
          </gpxtpx:TrackPointExtension>
        </extensions>
      </trkpt>
      <trkpt lat="28.80124882727153" lon="115.87492392786764">
        <ele>35.61209468264133</ele>
        <time>1970-01-01T00:06:32.600000Z</time>
        <extensions>
          <gpxtpx:TrackPointExtension>
            <gpxtpx:hr>167</gpxtpx:hr>
          </gpxtpx:TrackPointExtension>
        </extensions>
      </trkpt>
      <trkpt lat="28.801270798597987" lon="115.87492071959537">
        <ele>35.551932998001575</ele>
        <time>1970-01-01T00:06:33.600000Z</time>
        <extensions>
          <gpxtpx:TrackPointExtension>
            <gpxtpx:hr>167</gpxtpx:hr>
          </gpxtpx:TrackPointExtension>
        </extensions>
      </trkpt>
      <trkpt lat="28.80129348143174" lon="115.8749161822555">
        <ele>35.49156997911632</ele>
        <time>1970-01-01T00:06:34.600000Z</time>
        <extensions>
          <gpxtpx:TrackPointExtension>
            <gpxtpx:hr>167</gpxtpx:hr>
          </gpxtpx:TrackPointExtension>
        </extensions>
      </trkpt>
      <trkpt lat="28.80131671379805" lon="115.87491028208366">
        <ele>35.43465989921242</ele>
        <time>1970-01-01T00:06:35.600000Z</time>
        <extensions>
          <gpxtpx:TrackPointExtension>
            <gpxtpx:hr>167</gpxtpx:hr>
          </gpxtpx:TrackPointExtension>
        </extensions>
      </trkpt>
      <trkpt lat="28.80133989663503" lon="115.87490377683885">
        <ele>35.38449257519096</ele>
        <time>1970-01-01T00:06:36.600000Z</time>
        <extensions>
          <gpxtpx:TrackPointExtension>
            <gpxtpx:hr>167</gpxtpx:hr>
          </gpxtpx:TrackPointExtension>
        </extensions>
      </trkpt>
      <trkpt lat="28.80136233105671" lon="115.87489712214644">
        <ele>35.34312334470451</ele>
        <time>1970-01-01T00:06:37.600000Z</time>
        <extensions>
          <gpxtpx:TrackPointExtension>
            <gpxtpx:hr>167</gpxtpx:hr>
          </gpxtpx:TrackPointExtension>
        </extensions>
      </trkpt>
      <trkpt lat="28.80138446413682" lon="115.87489089176675">
        <ele>35.31147095095366</ele>
        <time>1970-01-01T00:06:38.600000Z</time>
        <extensions>
          <gpxtpx:TrackPointExtension>
            <gpxtpx:hr>167</gpxtpx:hr>
          </gpxtpx:TrackPointExtension>
        </extensions>
      </trkpt>
      <trkpt lat="28.80140576636758" lon="115.87488491547576">
        <ele>35.289305144920945</ele>
        <time>1970-01-01T00:06:39.600000Z</time>
        <extensions>
          <gpxtpx:TrackPointExtension>
            <gpxtpx:hr>167</gpxtpx:hr>
          </gpxtpx:TrackPointExtension>
        </extensions>
      </trkpt>
      <trkpt lat="28.801425217720286" lon="115.87487831545621">
        <ele>35.275752750225365</ele>
        <time>1970-01-01T00:06:40.600000Z</time>
        <extensions>
          <gpxtpx:TrackPointExtension>
            <gpxtpx:hr>167</gpxtpx:hr>
          </gpxtpx:TrackPointExtension>
        </extensions>
      </trkpt>
      <trkpt lat="28.80144292575624" lon="115.87486908018815">
        <ele>35.26971347257495</ele>
        <time>1970-01-01T00:06:41.600000Z</time>
        <extensions>
          <gpxtpx:TrackPointExtension>
            <gpxtpx:hr>167</gpxtpx:hr>
          </gpxtpx:TrackPointExtension>
        </extensions>
      </trkpt>
      <trkpt lat="28.801459693148157" lon="115.87485503350976">
        <ele>35.270357829518616</ele>
        <time>1970-01-01T00:06:42.600000Z</time>
        <extensions>
          <gpxtpx:TrackPointExtension>
            <gpxtpx:hr>167</gpxtpx:hr>
          </gpxtpx:TrackPointExtension>
        </extensions>
      </trkpt>
      <trkpt lat="28.801475467054473" lon="115.87483708878777">
        <ele>35.27654493879527</ele>
        <time>1970-01-01T00:06:43.600000Z</time>
        <extensions>
          <gpxtpx:TrackPointExtension>
            <gpxtpx:hr>167</gpxtpx:hr>
          </gpxtpx:TrackPointExtension>
        </extensions>
      </trkpt>
      <trkpt lat="28.801489761226136" lon="115.87481747516472">
        <ele>35.28731609135866</ele>
        <time>1970-01-01T00:06:44.600000Z</time>
        <extensions>
          <gpxtpx:TrackPointExtension>
            <gpxtpx:hr>167</gpxtpx:hr>
          </gpxtpx:TrackPointExtension>
        </extensions>
      </trkpt>
      <trkpt lat="28.801502981765992" lon="115.87479678764318">
        <ele>35.30203724373132</ele>
        <time>1970-01-01T00:06:45.600000Z</time>
        <extensions>
          <gpxtpx:TrackPointExtension>
            <gpxtpx:hr>167</gpxtpx:hr>
          </gpxtpx:TrackPointExtension>
        </extensions>
      </trkpt>
      <trkpt lat="28.80151557269285" lon="115.87477452613362">
        <ele>35.31981704477221</ele>
        <time>1970-01-01T00:06:46.600000Z</time>
        <extensions>
          <gpxtpx:TrackPointExtension>
            <gpxtpx:hr>168</gpxtpx:hr>
          </gpxtpx:TrackPointExtension>
        </extensions>
      </trkpt>
      <trkpt lat="28.8015276557511" lon="115.87475105210223">
        <ele>35.339436734095216</ele>
        <time>1970-01-01T00:06:47.600000Z</time>
        <extensions>
          <gpxtpx:TrackPointExtension>
            <gpxtpx:hr>168</gpxtpx:hr>
          </gpxtpx:TrackPointExtension>
        </extensions>
      </trkpt>
      <trkpt lat="28.801538655592026" lon="115.87472681128722">
        <ele>35.359213285148144</ele>
        <time>1970-01-01T00:06:48.600000Z</time>
        <extensions>
          <gpxtpx:TrackPointExtension>
            <gpxtpx:hr>168</gpxtpx:hr>
          </gpxtpx:TrackPointExtension>
        </extensions>
      </trkpt>
      <trkpt lat="28.801547648134317" lon="115.87470207260596">
        <ele>35.37689776252955</ele>
        <time>1970-01-01T00:06:49.600000Z</time>
        <extensions>
          <gpxtpx:TrackPointExtension>
            <gpxtpx:hr>168</gpxtpx:hr>
          </gpxtpx:TrackPointExtension>
        </extensions>
      </trkpt>
      <trkpt lat="28.801555671192276" lon="115.87467703703739">
        <ele>35.38966630678624</ele>
        <time>1970-01-01T00:06:50.600000Z</time>
        <extensions>
          <gpxtpx:TrackPointExtension>
            <gpxtpx:hr>168</gpxtpx:hr>
          </gpxtpx:TrackPointExtension>
        </extensions>
      </trkpt>
      <trkpt lat="28.801563947142608" lon="115.87465206111146">
        <ele>35.395955342799425</ele>
        <time>1970-01-01T00:06:51.600000Z</time>
        <extensions>
          <gpxtpx:TrackPointExtension>
            <gpxtpx:hr>168</gpxtpx:hr>
          </gpxtpx:TrackPointExtension>
        </extensions>
      </trkpt>
      <trkpt lat="28.801572431122832" lon="115.87462744234672">
        <ele>35.394855396822095</ele>
        <time>1970-01-01T00:06:52.600000Z</time>
        <extensions>
          <gpxtpx:TrackPointExtension>
            <gpxtpx:hr>168</gpxtpx:hr>
          </gpxtpx:TrackPointExtension>
        </extensions>
      </trkpt>
      <trkpt lat="28.801581060868376" lon="115.87460289081814">
        <ele>35.386666897684336</ele>
        <time>1970-01-01T00:06:53.600000Z</time>
        <extensions>
          <gpxtpx:TrackPointExtension>
            <gpxtpx:hr>168</gpxtpx:hr>
          </gpxtpx:TrackPointExtension>
        </extensions>
      </trkpt>
      <trkpt lat="28.801588962293753" lon="115.8745785966392">
        <ele>35.37303320877254</ele>
        <time>1970-01-01T00:06:54.600000Z</time>
        <extensions>
          <gpxtpx:TrackPointExtension>
            <gpxtpx:hr>168</gpxtpx:hr>
          </gpxtpx:TrackPointExtension>
        </extensions>
      </trkpt>
      <trkpt lat="28.80159555872154" lon="115.87455443492563">
        <ele>35.356938764452934</ele>
        <time>1970-01-01T00:06:55.600000Z</time>
        <extensions>
          <gpxtpx:TrackPointExtension>
            <gpxtpx:hr>168</gpxtpx:hr>
          </gpxtpx:TrackPointExtension>
        </extensions>
      </trkpt>
      <trkpt lat="28.801600686960462" lon="115.8745300138722">
        <ele>35.34192949347198</ele>
        <time>1970-01-01T00:06:56.600000Z</time>
        <extensions>
          <gpxtpx:TrackPointExtension>
            <gpxtpx:hr>168</gpxtpx:hr>
          </gpxtpx:TrackPointExtension>
        </extensions>
      </trkpt>
      <trkpt lat="28.801604283150592" lon="115.87450495308711">
        <ele>35.331985380500555</ele>
        <time>1970-01-01T00:06:57.600000Z</time>
        <extensions>
          <gpxtpx:TrackPointExtension>
            <gpxtpx:hr>167</gpxtpx:hr>
          </gpxtpx:TrackPointExtension>
        </extensions>
      </trkpt>
      <trkpt lat="28.80160630847615" lon="115.87447916482492">
        <ele>35.33071972709149</ele>
        <time>1970-01-01T00:06:58.600000Z</time>
        <extensions>
          <gpxtpx:TrackPointExtension>
            <gpxtpx:hr>167</gpxtpx:hr>
          </gpxtpx:TrackPointExtension>
        </extensions>
      </trkpt>
      <trkpt lat="28.801607125876206" lon="115.87445289239504">
        <ele>35.340669736266136</ele>
        <time>1970-01-01T00:06:59.600000Z</time>
        <extensions>
          <gpxtpx:TrackPointExtension>
            <gpxtpx:hr>167</gpxtpx:hr>
          </gpxtpx:TrackPointExtension>
        </extensions>
      </trkpt>
      <trkpt lat="28.80160760857942" lon="115.8744261603435">
        <ele>35.362689645029604</ele>
        <time>1970-01-01T00:07:00.600000Z</time>
        <extensions>
          <gpxtpx:TrackPointExtension>
            <gpxtpx:hr>167</gpxtpx:hr>
          </gpxtpx:TrackPointExtension>
        </extensions>
      </trkpt>
      <trkpt lat="28.80160799932586" lon="115.87439936804044">
        <ele>35.3956990884617</ele>
        <time>1970-01-01T00:07:01.600000Z</time>
        <extensions>
          <gpxtpx:TrackPointExtension>
            <gpxtpx:hr>167</gpxtpx:hr>
          </gpxtpx:TrackPointExtension>
        </extensions>
      </trkpt>
      <trkpt lat="28.80160836806863" lon="115.87437277211485">
        <ele>35.43730322178453</ele>
        <time>1970-01-01T00:07:02.600000Z</time>
        <extensions>
          <gpxtpx:TrackPointExtension>
            <gpxtpx:hr>167</gpxtpx:hr>
          </gpxtpx:TrackPointExtension>
        </extensions>
      </trkpt>
      <trkpt lat="28.801609031219346" lon="115.87434622404412">
        <ele>35.48439209070057</ele>
        <time>1970-01-01T00:07:03.600000Z</time>
        <extensions>
          <gpxtpx:TrackPointExtension>
            <gpxtpx:hr>167</gpxtpx:hr>
          </gpxtpx:TrackPointExtension>
        </extensions>
      </trkpt>
      <trkpt lat="28.801610390544713" lon="115.87432028126929">
        <ele>35.53351299930364</ele>
        <time>1970-01-01T00:07:04.600000Z</time>
        <extensions>
          <gpxtpx:TrackPointExtension>
            <gpxtpx:hr>167</gpxtpx:hr>
          </gpxtpx:TrackPointExtension>
        </extensions>
      </trkpt>
      <trkpt lat="28.801612107821178" lon="115.87429438300366">
        <ele>35.581707845442</ele>
        <time>1970-01-01T00:07:05.600000Z</time>
        <extensions>
          <gpxtpx:TrackPointExtension>
            <gpxtpx:hr>167</gpxtpx:hr>
          </gpxtpx:TrackPointExtension>
        </extensions>
      </trkpt>
      <trkpt lat="28.801613891790566" lon="115.87426839665402">
        <ele>35.626660181209445</ele>
        <time>1970-01-01T00:07:06.600000Z</time>
        <extensions>
          <gpxtpx:TrackPointExtension>
            <gpxtpx:hr>167</gpxtpx:hr>
          </gpxtpx:TrackPointExtension>
        </extensions>
      </trkpt>
      <trkpt lat="28.801615987027102" lon="115.87424308200522">
        <ele>35.66661114618182</ele>
        <time>1970-01-01T00:07:07.600000Z</time>
        <extensions>
          <gpxtpx:TrackPointExtension>
            <gpxtpx:hr>167</gpxtpx:hr>
          </gpxtpx:TrackPointExtension>
        </extensions>
      </trkpt>
      <trkpt lat="28.801617706338565" lon="115.87421789620053">
        <ele>35.7003905987367</ele>
        <time>1970-01-01T00:07:08.600000Z</time>
        <extensions>
          <gpxtpx:TrackPointExtension>
            <gpxtpx:hr>170</gpxtpx:hr>
          </gpxtpx:TrackPointExtension>
        </extensions>
      </trkpt>
      <trkpt lat="28.801618799537064" lon="115.87419286967543">
        <ele>35.72785422299057</ele>
        <time>1970-01-01T00:07:09.600000Z</time>
        <extensions>
          <gpxtpx:TrackPointExtension>
            <gpxtpx:hr>170</gpxtpx:hr>
          </gpxtpx:TrackPointExtension>
        </extensions>
      </trkpt>
      <trkpt lat="28.801619613834028" lon="115.87416829805014">
        <ele>35.74889939650893</ele>
        <time>1970-01-01T00:07:10.600000Z</time>
        <extensions>
          <gpxtpx:TrackPointExtension>
            <gpxtpx:hr>170</gpxtpx:hr>
          </gpxtpx:TrackPointExtension>
        </extensions>
      </trkpt>
      <trkpt lat="28.801620160877746" lon="115.87414522272975">
        <ele>35.76414210256189</ele>
        <time>1970-01-01T00:07:11.600000Z</time>
        <extensions>
          <gpxtpx:TrackPointExtension>
            <gpxtpx:hr>170</gpxtpx:hr>
          </gpxtpx:TrackPointExtension>
        </extensions>
      </trkpt>
      <trkpt lat="28.801621014322404" lon="115.87412369221289">
        <ele>35.77480272669345</ele>
        <time>1970-01-01T00:07:12.600000Z</time>
        <extensions>
          <gpxtpx:TrackPointExtension>
            <gpxtpx:hr>170</gpxtpx:hr>
          </gpxtpx:TrackPointExtension>
        </extensions>
      </trkpt>
      <trkpt lat="28.801622447674447" lon="115.87410187352909">
        <ele>35.78283072728664</ele>
        <time>1970-01-01T00:07:13.600000Z</time>
        <extensions>
          <gpxtpx:TrackPointExtension>
            <gpxtpx:hr>170</gpxtpx:hr>
          </gpxtpx:TrackPointExtension>
        </extensions>
      </trkpt>
      <trkpt lat="28.801624564767437" lon="115.8740793761115">
        <ele>35.79097110405564</ele>
        <time>1970-01-01T00:07:14.600000Z</time>
        <extensions>
          <gpxtpx:TrackPointExtension>
            <gpxtpx:hr>170</gpxtpx:hr>
          </gpxtpx:TrackPointExtension>
        </extensions>
      </trkpt>
      <trkpt lat="28.801627511037484" lon="115.87405721481633">
        <ele>35.80284174904227</ele>
        <time>1970-01-01T00:07:15.600000Z</time>
        <extensions>
          <gpxtpx:TrackPointExtension>
            <gpxtpx:hr>169</gpxtpx:hr>
          </gpxtpx:TrackPointExtension>
        </extensions>
      </trkpt>
      <trkpt lat="28.80163085837378" lon="115.8740362711781">
        <ele>35.821761385537684</ele>
        <time>1970-01-01T00:07:16.600000Z</time>
        <extensions>
          <gpxtpx:TrackPointExtension>
            <gpxtpx:hr>169</gpxtpx:hr>
          </gpxtpx:TrackPointExtension>
        </extensions>
      </trkpt>
      <trkpt lat="28.80163418071998" lon="115.87401578933074">
        <ele>35.85041968803853</ele>
        <time>1970-01-01T00:07:17.600000Z</time>
        <extensions>
          <gpxtpx:TrackPointExtension>
            <gpxtpx:hr>169</gpxtpx:hr>
          </gpxtpx:TrackPointExtension>
        </extensions>
      </trkpt>
      <trkpt lat="28.801637335177546" lon="115.8739942710516">
        <ele>35.89056958537549</ele>
        <time>1970-01-01T00:07:18.600000Z</time>
        <extensions>
          <gpxtpx:TrackPointExtension>
            <gpxtpx:hr>170</gpxtpx:hr>
          </gpxtpx:TrackPointExtension>
        </extensions>
      </trkpt>
      <trkpt lat="28.80164017191121" lon="115.87397194800688">
        <ele>35.94205183442682</ele>
        <time>1970-01-01T00:07:19.600000Z</time>
        <extensions>
          <gpxtpx:TrackPointExtension>
            <gpxtpx:hr>170</gpxtpx:hr>
          </gpxtpx:TrackPointExtension>
        </extensions>
      </trkpt>
      <trkpt lat="28.801643267118255" lon="115.87394913240787">
        <ele>36.00303274858743</ele>
        <time>1970-01-01T00:07:20.600000Z</time>
        <extensions>
          <gpxtpx:TrackPointExtension>
            <gpxtpx:hr>170</gpxtpx:hr>
          </gpxtpx:TrackPointExtension>
        </extensions>
      </trkpt>
      <trkpt lat="28.80164673554481" lon="115.87392608655642">
        <ele>36.070550018921494</ele>
        <time>1970-01-01T00:07:21.600000Z</time>
        <extensions>
          <gpxtpx:TrackPointExtension>
            <gpxtpx:hr>173</gpxtpx:hr>
          </gpxtpx:TrackPointExtension>
        </extensions>
      </trkpt>
      <trkpt lat="28.80164949963171" lon="115.87390292976866">
        <ele>36.14093786664307</ele>
        <time>1970-01-01T00:07:22.600000Z</time>
        <extensions>
          <gpxtpx:TrackPointExtension>
            <gpxtpx:hr>173</gpxtpx:hr>
          </gpxtpx:TrackPointExtension>
        </extensions>
      </trkpt>
      <trkpt lat="28.801650769211726" lon="115.87387797993384">
        <ele>36.210003577172756</ele>
        <time>1970-01-01T00:07:23.600000Z</time>
        <extensions>
          <gpxtpx:TrackPointExtension>
            <gpxtpx:hr>173</gpxtpx:hr>
          </gpxtpx:TrackPointExtension>
        </extensions>
      </trkpt>
      <trkpt lat="28.801650244431507" lon="115.87385115915124">
        <ele>36.274434708058834</ele>
        <time>1970-01-01T00:07:24.600000Z</time>
        <extensions>
          <gpxtpx:TrackPointExtension>
            <gpxtpx:hr>173</gpxtpx:hr>
          </gpxtpx:TrackPointExtension>
        </extensions>
      </trkpt>
      <trkpt lat="28.80164813087552" lon="115.873823926646">
        <ele>36.331698179244995</ele>
        <time>1970-01-01T00:07:25.600000Z</time>
        <extensions>
          <gpxtpx:TrackPointExtension>
            <gpxtpx:hr>173</gpxtpx:hr>
          </gpxtpx:TrackPointExtension>
        </extensions>
      </trkpt>
      <trkpt lat="28.801644726246213" lon="115.87379678799732">
        <ele>36.38113015703857</ele>
        <time>1970-01-01T00:07:26.600000Z</time>
        <extensions>
          <gpxtpx:TrackPointExtension>
            <gpxtpx:hr>173</gpxtpx:hr>
          </gpxtpx:TrackPointExtension>
        </extensions>
      </trkpt>
      <trkpt lat="28.801640832709534" lon="115.87376984066844">
        <ele>36.424275448545814</ele>
        <time>1970-01-01T00:07:27.600000Z</time>
        <extensions>
          <gpxtpx:TrackPointExtension>
            <gpxtpx:hr>173</gpxtpx:hr>
          </gpxtpx:TrackPointExtension>
        </extensions>
      </trkpt>
      <trkpt lat="28.801636794702333" lon="115.8737426679787">
        <ele>36.465044484473765</ele>
        <time>1970-01-01T00:07:28.600000Z</time>
        <extensions>
          <gpxtpx:TrackPointExtension>
            <gpxtpx:hr>173</gpxtpx:hr>
          </gpxtpx:TrackPointExtension>
        </extensions>
      </trkpt>
      <trkpt lat="28.801632891159993" lon="115.87371543449888">
        <ele>36.506528943777084</ele>
        <time>1970-01-01T00:07:29.600000Z</time>
        <extensions>
          <gpxtpx:TrackPointExtension>
            <gpxtpx:hr>173</gpxtpx:hr>
          </gpxtpx:TrackPointExtension>
        </extensions>
      </trkpt>
      <trkpt lat="28.801630242195724" lon="115.87368782075092">
        <ele>36.55220654979348</ele>
        <time>1970-01-01T00:07:30.600000Z</time>
        <extensions>
          <gpxtpx:TrackPointExtension>
            <gpxtpx:hr>173</gpxtpx:hr>
          </gpxtpx:TrackPointExtension>
        </extensions>
      </trkpt>
      <trkpt lat="28.801630156003583" lon="115.87366003737658">
        <ele>36.60475816484541</ele>
        <time>1970-01-01T00:07:31.600000Z</time>
        <extensions>
          <gpxtpx:TrackPointExtension>
            <gpxtpx:hr>172</gpxtpx:hr>
          </gpxtpx:TrackPointExtension>
        </extensions>
      </trkpt>
      <trkpt lat="28.80163322975559" lon="115.8736329528562">
        <ele>36.66495200432837</ele>
        <time>1970-01-01T00:07:32.600000Z</time>
        <extensions>
          <gpxtpx:TrackPointExtension>
            <gpxtpx:hr>172</gpxtpx:hr>
          </gpxtpx:TrackPointExtension>
        </extensions>
      </trkpt>
      <trkpt lat="28.801638506216726" lon="115.87360600209365">
        <ele>36.73160443082452</ele>
        <time>1970-01-01T00:07:33.600000Z</time>
        <extensions>
          <gpxtpx:TrackPointExtension>
            <gpxtpx:hr>172</gpxtpx:hr>
          </gpxtpx:TrackPointExtension>
        </extensions>
      </trkpt>
      <trkpt lat="28.801644539703076" lon="115.87357904200788">
        <ele>36.80234253127128</ele>
        <time>1970-01-01T00:07:34.600000Z</time>
        <extensions>
          <gpxtpx:TrackPointExtension>
            <gpxtpx:hr>172</gpxtpx:hr>
          </gpxtpx:TrackPointExtension>
        </extensions>
      </trkpt>
      <trkpt lat="28.801649926055685" lon="115.87355205637088">
        <ele>36.87292723823339</ele>
        <time>1970-01-01T00:07:35.600000Z</time>
        <extensions>
          <gpxtpx:TrackPointExtension>
            <gpxtpx:hr>172</gpxtpx:hr>
          </gpxtpx:TrackPointExtension>
        </extensions>
      </trkpt>
      <trkpt lat="28.80165375946673" lon="115.87352518631401">
        <ele>36.93758255429566</ele>
        <time>1970-01-01T00:07:36.600000Z</time>
        <extensions>
          <gpxtpx:TrackPointExtension>
            <gpxtpx:hr>172</gpxtpx:hr>
          </gpxtpx:TrackPointExtension>
        </extensions>
      </trkpt>
      <trkpt lat="28.801656098486795" lon="115.87349923409785">
        <ele>36.99060583859682</ele>
        <time>1970-01-01T00:07:37.600000Z</time>
        <extensions>
          <gpxtpx:TrackPointExtension>
            <gpxtpx:hr>172</gpxtpx:hr>
          </gpxtpx:TrackPointExtension>
        </extensions>
      </trkpt>
      <trkpt lat="28.801657653802916" lon="115.87347608690922">
        <ele>37.02765886858106</ele>
        <time>1970-01-01T00:07:38.600000Z</time>
        <extensions>
          <gpxtpx:TrackPointExtension>
            <gpxtpx:hr>167</gpxtpx:hr>
          </gpxtpx:TrackPointExtension>
        </extensions>
      </trkpt>
      <trkpt lat="28.801659015026935" lon="115.87345580630316">
        <ele>37.0472507327795</ele>
        <time>1970-01-01T00:07:39.600000Z</time>
        <extensions>
          <gpxtpx:TrackPointExtension>
            <gpxtpx:hr>167</gpxtpx:hr>
          </gpxtpx:TrackPointExtension>
        </extensions>
      </trkpt>
      <trkpt lat="28.80166055931262" lon="115.87343679041032">
        <ele>37.050943181850016</ele>
        <time>1970-01-01T00:07:40.600000Z</time>
        <extensions>
          <gpxtpx:TrackPointExtension>
            <gpxtpx:hr>167</gpxtpx:hr>
          </gpxtpx:TrackPointExtension>
        </extensions>
      </trkpt>
      <trkpt lat="28.80166243605516" lon="115.8734184112344">
        <ele>37.042853965424</ele>
        <time>1970-01-01T00:07:41.600000Z</time>
        <extensions>
          <gpxtpx:TrackPointExtension>
            <gpxtpx:hr>167</gpxtpx:hr>
          </gpxtpx:TrackPointExtension>
        </extensions>
      </trkpt>
      <trkpt lat="28.801663486196276" lon="115.87339957017136">
        <ele>37.0285406447947</ele>
        <time>1970-01-01T00:07:42.600000Z</time>
        <extensions>
          <gpxtpx:TrackPointExtension>
            <gpxtpx:hr>167</gpxtpx:hr>
          </gpxtpx:TrackPointExtension>
        </extensions>
      </trkpt>
      <trkpt lat="28.80166295241742" lon="115.8733779227919">
        <ele>37.01374714355916</ele>
        <time>1970-01-01T00:07:43.600000Z</time>
        <extensions>
          <gpxtpx:TrackPointExtension>
            <gpxtpx:hr>167</gpxtpx:hr>
          </gpxtpx:TrackPointExtension>
        </extensions>
      </trkpt>
      <trkpt lat="28.801661684749156" lon="115.87335258531164">
        <ele>37.00306628737599</ele>
        <time>1970-01-01T00:07:44.600000Z</time>
        <extensions>
          <gpxtpx:TrackPointExtension>
            <gpxtpx:hr>167</gpxtpx:hr>
          </gpxtpx:TrackPointExtension>
        </extensions>
      </trkpt>
      <trkpt lat="28.801660315570267" lon="115.87332537054402">
        <ele>36.99938461743295</ele>
        <time>1970-01-01T00:07:45.600000Z</time>
        <extensions>
          <gpxtpx:TrackPointExtension>
            <gpxtpx:hr>167</gpxtpx:hr>
          </gpxtpx:TrackPointExtension>
        </extensions>
      </trkpt>
      <trkpt lat="28.801658923993145" lon="115.87329743783472">
        <ele>37.0037424582988</ele>
        <time>1970-01-01T00:07:46.600000Z</time>
        <extensions>
          <gpxtpx:TrackPointExtension>
            <gpxtpx:hr>167</gpxtpx:hr>
          </gpxtpx:TrackPointExtension>
        </extensions>
      </trkpt>
      <trkpt lat="28.801657882906742" lon="115.87326972274431">
        <ele>37.01553763076663</ele>
        <time>1970-01-01T00:07:47.600000Z</time>
        <extensions>
          <gpxtpx:TrackPointExtension>
            <gpxtpx:hr>166</gpxtpx:hr>
          </gpxtpx:TrackPointExtension>
        </extensions>
      </trkpt>
      <trkpt lat="28.801657344810025" lon="115.87324224820321">
        <ele>37.03323077317327</ele>
        <time>1970-01-01T00:07:48.600000Z</time>
        <extensions>
          <gpxtpx:TrackPointExtension>
            <gpxtpx:hr>166</gpxtpx:hr>
          </gpxtpx:TrackPointExtension>
        </extensions>
      </trkpt>
      <trkpt lat="28.801656768699285" lon="115.87321459659164">
        <ele>37.054798662662506</ele>
        <time>1970-01-01T00:07:49.600000Z</time>
        <extensions>
          <gpxtpx:TrackPointExtension>
            <gpxtpx:hr>166</gpxtpx:hr>
          </gpxtpx:TrackPointExtension>
        </extensions>
      </trkpt>
      <trkpt lat="28.801655948506497" lon="115.87318721037849">
        <ele>37.07815473712981</ele>
        <time>1970-01-01T00:07:50.600000Z</time>
        <extensions>
          <gpxtpx:TrackPointExtension>
            <gpxtpx:hr>166</gpxtpx:hr>
          </gpxtpx:TrackPointExtension>
        </extensions>
      </trkpt>
      <trkpt lat="28.80165506411296" lon="115.87316056174272">
        <ele>37.10153252258897</ele>
        <time>1970-01-01T00:07:51.600000Z</time>
        <extensions>
          <gpxtpx:TrackPointExtension>
            <gpxtpx:hr>166</gpxtpx:hr>
          </gpxtpx:TrackPointExtension>
        </extensions>
      </trkpt>
      <trkpt lat="28.80165446663185" lon="115.87313444694648">
        <ele>37.12372968904674</ele>
        <time>1970-01-01T00:07:52.600000Z</time>
        <extensions>
          <gpxtpx:TrackPointExtension>
            <gpxtpx:hr>166</gpxtpx:hr>
          </gpxtpx:TrackPointExtension>
        </extensions>
      </trkpt>
      <trkpt lat="28.801654278774837" lon="115.87310770607523">
        <ele>37.14392354898155</ele>
        <time>1970-01-01T00:07:53.600000Z</time>
        <extensions>
          <gpxtpx:TrackPointExtension>
            <gpxtpx:hr>169</gpxtpx:hr>
          </gpxtpx:TrackPointExtension>
        </extensions>
      </trkpt>
      <trkpt lat="28.801653891700624" lon="115.87307988229239">
        <ele>37.16158081497997</ele>
        <time>1970-01-01T00:07:54.600000Z</time>
        <extensions>
          <gpxtpx:TrackPointExtension>
            <gpxtpx:hr>169</gpxtpx:hr>
          </gpxtpx:TrackPointExtension>
        </extensions>
      </trkpt>
      <trkpt lat="28.801654031047473" lon="115.87305202769622">
        <ele>37.17638262733817</ele>
        <time>1970-01-01T00:07:55.600000Z</time>
        <extensions>
          <gpxtpx:TrackPointExtension>
            <gpxtpx:hr>169</gpxtpx:hr>
          </gpxtpx:TrackPointExtension>
        </extensions>
      </trkpt>
      <trkpt lat="28.801655341304535" lon="115.87302490955055">
        <ele>37.18809775728732</ele>
        <time>1970-01-01T00:07:56.600000Z</time>
        <extensions>
          <gpxtpx:TrackPointExtension>
            <gpxtpx:hr>169</gpxtpx:hr>
          </gpxtpx:TrackPointExtension>
        </extensions>
      </trkpt>
      <trkpt lat="28.801656953893794" lon="115.8729979772012">
        <ele>37.19666154496372</ele>
        <time>1970-01-01T00:07:57.600000Z</time>
        <extensions>
          <gpxtpx:TrackPointExtension>
            <gpxtpx:hr>169</gpxtpx:hr>
          </gpxtpx:TrackPointExtension>
        </extensions>
      </trkpt>
      <trkpt lat="28.801658657449284" lon="115.8729711160841">
        <ele>37.20220566447824</ele>
        <time>1970-01-01T00:07:58.600000Z</time>
        <extensions>
          <gpxtpx:TrackPointExtension>
            <gpxtpx:hr>169</gpxtpx:hr>
          </gpxtpx:TrackPointExtension>
        </extensions>
      </trkpt>
      <trkpt lat="28.80166073193486" lon="115.87294527639916">
        <ele>37.205224176868796</ele>
        <time>1970-01-01T00:07:59.600000Z</time>
        <extensions>
          <gpxtpx:TrackPointExtension>
            <gpxtpx:hr>171</gpxtpx:hr>
          </gpxtpx:TrackPointExtension>
        </extensions>
      </trkpt>
      <trkpt lat="28.801663435575602" lon="115.87292015345682">
        <ele>37.206637198105454</ele>
        <time>1970-01-01T00:08:00.600000Z</time>
        <extensions>
          <gpxtpx:TrackPointExtension>
            <gpxtpx:hr>171</gpxtpx:hr>
          </gpxtpx:TrackPointExtension>
        </extensions>
      </trkpt>
      <trkpt lat="28.80166621476318" lon="115.8728946589011">
        <ele>37.20753383822739</ele>
        <time>1970-01-01T00:08:01.600000Z</time>
        <extensions>
          <gpxtpx:TrackPointExtension>
            <gpxtpx:hr>171</gpxtpx:hr>
          </gpxtpx:TrackPointExtension>
        </extensions>
      </trkpt>
      <trkpt lat="28.80166830096453" lon="115.87286862915691">
        <ele>37.20881498046219</ele>
        <time>1970-01-01T00:08:02.600000Z</time>
        <extensions>
          <gpxtpx:TrackPointExtension>
            <gpxtpx:hr>171</gpxtpx:hr>
          </gpxtpx:TrackPointExtension>
        </extensions>
      </trkpt>
      <trkpt lat="28.801669423426407" lon="115.87284221993782">
        <ele>37.211251359432936</ele>
        <time>1970-01-01T00:08:03.600000Z</time>
        <extensions>
          <gpxtpx:TrackPointExtension>
            <gpxtpx:hr>171</gpxtpx:hr>
          </gpxtpx:TrackPointExtension>
        </extensions>
      </trkpt>
      <trkpt lat="28.801669769190767" lon="115.87281552445707">
        <ele>37.21544009819627</ele>
        <time>1970-01-01T00:08:04.600000Z</time>
        <extensions>
          <gpxtpx:TrackPointExtension>
            <gpxtpx:hr>171</gpxtpx:hr>
          </gpxtpx:TrackPointExtension>
        </extensions>
      </trkpt>
      <trkpt lat="28.801669887583433" lon="115.8727885714947">
        <ele>37.221547186374664</ele>
        <time>1970-01-01T00:08:05.600000Z</time>
        <extensions>
          <gpxtpx:TrackPointExtension>
            <gpxtpx:hr>171</gpxtpx:hr>
          </gpxtpx:TrackPointExtension>
        </extensions>
      </trkpt>
      <trkpt lat="28.80166944338837" lon="115.87276139141512">
        <ele>37.229399140924215</ele>
        <time>1970-01-01T00:08:06.600000Z</time>
        <extensions>
          <gpxtpx:TrackPointExtension>
            <gpxtpx:hr>171</gpxtpx:hr>
          </gpxtpx:TrackPointExtension>
        </extensions>
      </trkpt>
      <trkpt lat="28.80166867793074" lon="115.87273418952287">
        <ele>37.23882467672229</ele>
        <time>1970-01-01T00:08:07.600000Z</time>
        <extensions>
          <gpxtpx:TrackPointExtension>
            <gpxtpx:hr>171</gpxtpx:hr>
          </gpxtpx:TrackPointExtension>
        </extensions>
      </trkpt>
      <trkpt lat="28.801668262287368" lon="115.87270723966341">
        <ele>37.2494885167107</ele>
        <time>1970-01-01T00:08:08.600000Z</time>
        <extensions>
          <gpxtpx:TrackPointExtension>
            <gpxtpx:hr>171</gpxtpx:hr>
          </gpxtpx:TrackPointExtension>
        </extensions>
      </trkpt>
      <trkpt lat="28.80166779799004" lon="115.8726810725835">
        <ele>37.26078302226961</ele>
        <time>1970-01-01T00:08:09.600000Z</time>
        <extensions>
          <gpxtpx:TrackPointExtension>
            <gpxtpx:hr>171</gpxtpx:hr>
          </gpxtpx:TrackPointExtension>
        </extensions>
      </trkpt>
      <trkpt lat="28.801667336804833" lon="115.87265617464337">
        <ele>37.2719876524061</ele>
        <time>1970-01-01T00:08:10.600000Z</time>
        <extensions>
          <gpxtpx:TrackPointExtension>
            <gpxtpx:hr>172</gpxtpx:hr>
          </gpxtpx:TrackPointExtension>
        </extensions>
      </trkpt>
      <trkpt lat="28.801666999973023" lon="115.87263171395925">
        <ele>37.28226659446955</ele>
        <time>1970-01-01T00:08:11.600000Z</time>
        <extensions>
          <gpxtpx:TrackPointExtension>
            <gpxtpx:hr>172</gpxtpx:hr>
          </gpxtpx:TrackPointExtension>
        </extensions>
      </trkpt>
      <trkpt lat="28.801666894190355" lon="115.87260705065046">
        <ele>37.29139626491815</ele>
        <time>1970-01-01T00:08:12.600000Z</time>
        <extensions>
          <gpxtpx:TrackPointExtension>
            <gpxtpx:hr>172</gpxtpx:hr>
          </gpxtpx:TrackPointExtension>
        </extensions>
      </trkpt>
      <trkpt lat="28.80166729454076" lon="115.87258154523205">
        <ele>37.2998680351302</ele>
        <time>1970-01-01T00:08:13.600000Z</time>
        <extensions>
          <gpxtpx:TrackPointExtension>
            <gpxtpx:hr>172</gpxtpx:hr>
          </gpxtpx:TrackPointExtension>
        </extensions>
      </trkpt>
      <trkpt lat="28.80166790239599" lon="115.87255535437075">
        <ele>37.30894194915891</ele>
        <time>1970-01-01T00:08:14.600000Z</time>
        <extensions>
          <gpxtpx:TrackPointExtension>
            <gpxtpx:hr>174</gpxtpx:hr>
          </gpxtpx:TrackPointExtension>
        </extensions>
      </trkpt>
      <trkpt lat="28.801668345312443" lon="115.87252927977416">
        <ele>37.319695645943284</ele>
        <time>1970-01-01T00:08:15.600000Z</time>
        <extensions>
          <gpxtpx:TrackPointExtension>
            <gpxtpx:hr>174</gpxtpx:hr>
          </gpxtpx:TrackPointExtension>
        </extensions>
      </trkpt>
      <trkpt lat="28.80166862348215" lon="115.87250356300112">
        <ele>37.33325365744531</ele>
        <time>1970-01-01T00:08:16.600000Z</time>
        <extensions>
          <gpxtpx:TrackPointExtension>
            <gpxtpx:hr>174</gpxtpx:hr>
          </gpxtpx:TrackPointExtension>
        </extensions>
      </trkpt>
      <trkpt lat="28.80166893724867" lon="115.87247810545679">
        <ele>37.35051606781781</ele>
        <time>1970-01-01T00:08:17.600000Z</time>
        <extensions>
          <gpxtpx:TrackPointExtension>
            <gpxtpx:hr>174</gpxtpx:hr>
          </gpxtpx:TrackPointExtension>
        </extensions>
      </trkpt>
      <trkpt lat="28.8016701599659" lon="115.87245205201134">
        <ele>37.37204643338919</ele>
        <time>1970-01-01T00:08:18.600000Z</time>
        <extensions>
          <gpxtpx:TrackPointExtension>
            <gpxtpx:hr>174</gpxtpx:hr>
          </gpxtpx:TrackPointExtension>
        </extensions>
      </trkpt>
      <trkpt lat="28.80167290972676" lon="115.87242571957424">
        <ele>37.39783002063632</ele>
        <time>1970-01-01T00:08:19.600000Z</time>
        <extensions>
          <gpxtpx:TrackPointExtension>
            <gpxtpx:hr>172</gpxtpx:hr>
          </gpxtpx:TrackPointExtension>
        </extensions>
      </trkpt>
      <trkpt lat="28.801675996998764" lon="115.87239987540612">
        <ele>37.427774402312934</ele>
        <time>1970-01-01T00:08:20.600000Z</time>
        <extensions>
          <gpxtpx:TrackPointExtension>
            <gpxtpx:hr>172</gpxtpx:hr>
          </gpxtpx:TrackPointExtension>
        </extensions>
      </trkpt>
      <trkpt lat="28.801677800976574" lon="115.8723739280531">
        <ele>37.46125882025808</ele>
        <time>1970-01-01T00:08:21.600000Z</time>
        <extensions>
          <gpxtpx:TrackPointExtension>
            <gpxtpx:hr>172</gpxtpx:hr>
          </gpxtpx:TrackPointExtension>
        </extensions>
      </trkpt>
      <trkpt lat="28.801678298991465" lon="115.87234731266263">
        <ele>37.49711476173252</ele>
        <time>1970-01-01T00:08:22.600000Z</time>
        <extensions>
          <gpxtpx:TrackPointExtension>
            <gpxtpx:hr>172</gpxtpx:hr>
          </gpxtpx:TrackPointExtension>
        </extensions>
      </trkpt>
      <trkpt lat="28.801678431489968" lon="115.87232011406489">
        <ele>37.53400542400777</ele>
        <time>1970-01-01T00:08:23.600000Z</time>
        <extensions>
          <gpxtpx:TrackPointExtension>
            <gpxtpx:hr>172</gpxtpx:hr>
          </gpxtpx:TrackPointExtension>
        </extensions>
      </trkpt>
      <trkpt lat="28.801678135647478" lon="115.87229271632701">
        <ele>37.570988135412335</ele>
        <time>1970-01-01T00:08:24.600000Z</time>
        <extensions>
          <gpxtpx:TrackPointExtension>
            <gpxtpx:hr>173</gpxtpx:hr>
          </gpxtpx:TrackPointExtension>
        </extensions>
      </trkpt>
      <trkpt lat="28.801677206973668" lon="115.87226519420263">
        <ele>37.60824958514422</ele>
        <time>1970-01-01T00:08:25.600000Z</time>
        <extensions>
          <gpxtpx:TrackPointExtension>
            <gpxtpx:hr>173</gpxtpx:hr>
          </gpxtpx:TrackPointExtension>
        </extensions>
      </trkpt>
      <trkpt lat="28.801675678065312" lon="115.87223773337539">
        <ele>37.64671820867807</ele>
        <time>1970-01-01T00:08:26.600000Z</time>
        <extensions>
          <gpxtpx:TrackPointExtension>
            <gpxtpx:hr>173</gpxtpx:hr>
          </gpxtpx:TrackPointExtension>
        </extensions>
      </trkpt>
      <trkpt lat="28.801674074662657" lon="115.87221087104122">
        <ele>37.687565287575126</ele>
        <time>1970-01-01T00:08:27.600000Z</time>
        <extensions>
          <gpxtpx:TrackPointExtension>
            <gpxtpx:hr>173</gpxtpx:hr>
          </gpxtpx:TrackPointExtension>
        </extensions>
      </trkpt>
      <trkpt lat="28.80167329842476" lon="115.872184531073">
        <ele>37.73179968073964</ele>
        <time>1970-01-01T00:08:28.600000Z</time>
        <extensions>
          <gpxtpx:TrackPointExtension>
            <gpxtpx:hr>173</gpxtpx:hr>
          </gpxtpx:TrackPointExtension>
        </extensions>
      </trkpt>
      <trkpt lat="28.80167340649082" lon="115.87215888797739">
        <ele>37.77990900259465</ele>
        <time>1970-01-01T00:08:29.600000Z</time>
        <extensions>
          <gpxtpx:TrackPointExtension>
            <gpxtpx:hr>173</gpxtpx:hr>
          </gpxtpx:TrackPointExtension>
        </extensions>
      </trkpt>
      <trkpt lat="28.801674496048243" lon="115.87213467915377">
        <ele>37.83233406022191</ele>
        <time>1970-01-01T00:08:30.600000Z</time>
        <extensions>
          <gpxtpx:TrackPointExtension>
            <gpxtpx:hr>172</gpxtpx:hr>
          </gpxtpx:TrackPointExtension>
        </extensions>
      </trkpt>
      <trkpt lat="28.80167659116061" lon="115.8721119088524">
        <ele>37.88904452137649</ele>
        <time>1970-01-01T00:08:31.600000Z</time>
        <extensions>
          <gpxtpx:TrackPointExtension>
            <gpxtpx:hr>172</gpxtpx:hr>
          </gpxtpx:TrackPointExtension>
        </extensions>
      </trkpt>
      <trkpt lat="28.801679020244922" lon="115.87209011707085">
        <ele>37.94983311276883</ele>
        <time>1970-01-01T00:08:32.600000Z</time>
        <extensions>
          <gpxtpx:TrackPointExtension>
            <gpxtpx:hr>172</gpxtpx:hr>
          </gpxtpx:TrackPointExtension>
        </extensions>
      </trkpt>
      <trkpt lat="28.801681218241185" lon="115.87206937141332">
        <ele>38.01593372039497</ele>
        <time>1970-01-01T00:08:33.600000Z</time>
        <extensions>
          <gpxtpx:TrackPointExtension>
            <gpxtpx:hr>172</gpxtpx:hr>
          </gpxtpx:TrackPointExtension>
        </extensions>
      </trkpt>
      <trkpt lat="28.80168360388654" lon="115.87204925193437">
        <ele>38.0892025930807</ele>
        <time>1970-01-01T00:08:34.600000Z</time>
        <extensions>
          <gpxtpx:TrackPointExtension>
            <gpxtpx:hr>172</gpxtpx:hr>
          </gpxtpx:TrackPointExtension>
        </extensions>
      </trkpt>
      <trkpt lat="28.801685957304947" lon="115.87202870200034">
        <ele>38.170855874195695</ele>
        <time>1970-01-01T00:08:35.600000Z</time>
        <extensions>
          <gpxtpx:TrackPointExtension>
            <gpxtpx:hr>172</gpxtpx:hr>
          </gpxtpx:TrackPointExtension>
        </extensions>
      </trkpt>
      <trkpt lat="28.801687547051284" lon="115.87200821362036">
        <ele>38.26241844147444</ele>
        <time>1970-01-01T00:08:36.600000Z</time>
        <extensions>
          <gpxtpx:TrackPointExtension>
            <gpxtpx:hr>172</gpxtpx:hr>
          </gpxtpx:TrackPointExtension>
        </extensions>
      </trkpt>
      <trkpt lat="28.801688712730467" lon="115.87198857862155">
        <ele>38.36648495681584</ele>
        <time>1970-01-01T00:08:37.600000Z</time>
        <extensions>
          <gpxtpx:TrackPointExtension>
            <gpxtpx:hr>172</gpxtpx:hr>
          </gpxtpx:TrackPointExtension>
        </extensions>
      </trkpt>
      <trkpt lat="28.80168998150941" lon="115.8719689892283">
        <ele>38.48305982723832</ele>
        <time>1970-01-01T00:08:38.600000Z</time>
        <extensions>
          <gpxtpx:TrackPointExtension>
            <gpxtpx:hr>172</gpxtpx:hr>
          </gpxtpx:TrackPointExtension>
        </extensions>
      </trkpt>
      <trkpt lat="28.801691372800292" lon="115.87194894490639">
        <ele>38.611559056676924</ele>
        <time>1970-01-01T00:08:39.600000Z</time>
        <extensions>
          <gpxtpx:TrackPointExtension>
            <gpxtpx:hr>172</gpxtpx:hr>
          </gpxtpx:TrackPointExtension>
        </extensions>
      </trkpt>
      <trkpt lat="28.801692416572372" lon="115.87192760359953">
        <ele>38.749961115419865</ele>
        <time>1970-01-01T00:08:40.600000Z</time>
        <extensions>
          <gpxtpx:TrackPointExtension>
            <gpxtpx:hr>172</gpxtpx:hr>
          </gpxtpx:TrackPointExtension>
        </extensions>
      </trkpt>
      <trkpt lat="28.80169360342165" lon="115.87190439738838">
        <ele>38.89401136059314</ele>
        <time>1970-01-01T00:08:41.600000Z</time>
        <extensions>
          <gpxtpx:TrackPointExtension>
            <gpxtpx:hr>172</gpxtpx:hr>
          </gpxtpx:TrackPointExtension>
        </extensions>
      </trkpt>
      <trkpt lat="28.80169585554481" lon="115.8718804471029">
        <ele>39.03660518210381</ele>
        <time>1970-01-01T00:08:42.600000Z</time>
        <extensions>
          <gpxtpx:TrackPointExtension>
            <gpxtpx:hr>172</gpxtpx:hr>
          </gpxtpx:TrackPointExtension>
        </extensions>
      </trkpt>
      <trkpt lat="28.801700010720136" lon="115.87185570077456">
        <ele>39.16796761844307</ele>
        <time>1970-01-01T00:08:43.600000Z</time>
        <extensions>
          <gpxtpx:TrackPointExtension>
            <gpxtpx:hr>172</gpxtpx:hr>
          </gpxtpx:TrackPointExtension>
        </extensions>
      </trkpt>
      <trkpt lat="28.80170683608094" lon="115.87183035819247">
        <ele>39.27758879121393</ele>
        <time>1970-01-01T00:08:44.600000Z</time>
        <extensions>
          <gpxtpx:TrackPointExtension>
            <gpxtpx:hr>172</gpxtpx:hr>
          </gpxtpx:TrackPointExtension>
        </extensions>
      </trkpt>
      <trkpt lat="28.801715677633663" lon="115.8718058675678">
        <ele>39.35632305871695</ele>
        <time>1970-01-01T00:08:45.600000Z</time>
        <extensions>
          <gpxtpx:TrackPointExtension>
            <gpxtpx:hr>172</gpxtpx:hr>
          </gpxtpx:TrackPointExtension>
        </extensions>
      </trkpt>
      <trkpt lat="28.80172500552987" lon="115.87178116309936">
        <ele>39.397920151241124</ele>
        <time>1970-01-01T00:08:46.600000Z</time>
        <extensions>
          <gpxtpx:TrackPointExtension>
            <gpxtpx:hr>172</gpxtpx:hr>
          </gpxtpx:TrackPointExtension>
        </extensions>
      </trkpt>
      <trkpt lat="28.80173358460882" lon="115.87175542528405">
        <ele>39.40011635236442</ele>
        <time>1970-01-01T00:08:47.600000Z</time>
        <extensions>
          <gpxtpx:TrackPointExtension>
            <gpxtpx:hr>167</gpxtpx:hr>
          </gpxtpx:TrackPointExtension>
        </extensions>
      </trkpt>
      <trkpt lat="28.801741204552098" lon="115.87172936019924">
        <ele>39.36558766942471</ele>
        <time>1970-01-01T00:08:48.600000Z</time>
        <extensions>
          <gpxtpx:TrackPointExtension>
            <gpxtpx:hr>167</gpxtpx:hr>
          </gpxtpx:TrackPointExtension>
        </extensions>
      </trkpt>
      <trkpt lat="28.801747697319808" lon="115.87170434986255">
        <ele>39.29981832392514</ele>
        <time>1970-01-01T00:08:49.600000Z</time>
        <extensions>
          <gpxtpx:TrackPointExtension>
            <gpxtpx:hr>167</gpxtpx:hr>
          </gpxtpx:TrackPointExtension>
        </extensions>
      </trkpt>
      <trkpt lat="28.801753281814545" lon="115.87168050188801">
        <ele>39.20920515246689</ele>
        <time>1970-01-01T00:08:50.600000Z</time>
        <extensions>
          <gpxtpx:TrackPointExtension>
            <gpxtpx:hr>167</gpxtpx:hr>
          </gpxtpx:TrackPointExtension>
        </extensions>
      </trkpt>
      <trkpt lat="28.8017589019709" lon="115.87165697978878">
        <ele>39.10001817252487</ele>
        <time>1970-01-01T00:08:51.600000Z</time>
        <extensions>
          <gpxtpx:TrackPointExtension>
            <gpxtpx:hr>167</gpxtpx:hr>
          </gpxtpx:TrackPointExtension>
        </extensions>
      </trkpt>
      <trkpt lat="28.80176536467542" lon="115.87163490231092">
        <ele>38.97729816287756</ele>
        <time>1970-01-01T00:08:52.600000Z</time>
        <extensions>
          <gpxtpx:TrackPointExtension>
            <gpxtpx:hr>167</gpxtpx:hr>
          </gpxtpx:TrackPointExtension>
        </extensions>
      </trkpt>
      <trkpt lat="28.801774263131236" lon="115.87161549149297">
        <ele>38.846645508892834</ele>
        <time>1970-01-01T00:08:53.600000Z</time>
        <extensions>
          <gpxtpx:TrackPointExtension>
            <gpxtpx:hr>167</gpxtpx:hr>
          </gpxtpx:TrackPointExtension>
        </extensions>
      </trkpt>
      <trkpt lat="28.801787152381145" lon="115.87160095201698">
        <ele>38.71294172760099</ele>
        <time>1970-01-01T00:08:54.600000Z</time>
        <extensions>
          <gpxtpx:TrackPointExtension>
            <gpxtpx:hr>167</gpxtpx:hr>
          </gpxtpx:TrackPointExtension>
        </extensions>
      </trkpt>
      <trkpt lat="28.80180411846905" lon="115.87159298885184">
        <ele>38.58065419550985</ele>
        <time>1970-01-01T00:08:55.600000Z</time>
        <extensions>
          <gpxtpx:TrackPointExtension>
            <gpxtpx:hr>167</gpxtpx:hr>
          </gpxtpx:TrackPointExtension>
        </extensions>
      </trkpt>
      <trkpt lat="28.801823900289182" lon="115.87159006926233">
        <ele>38.45485867746174</ele>
        <time>1970-01-01T00:08:56.600000Z</time>
        <extensions>
          <gpxtpx:TrackPointExtension>
            <gpxtpx:hr>167</gpxtpx:hr>
          </gpxtpx:TrackPointExtension>
        </extensions>
      </trkpt>
      <trkpt lat="28.801844166703372" lon="115.87159061104319">
        <ele>38.34004573710263</ele>
        <time>1970-01-01T00:08:57.600000Z</time>
        <extensions>
          <gpxtpx:TrackPointExtension>
            <gpxtpx:hr>167</gpxtpx:hr>
          </gpxtpx:TrackPointExtension>
        </extensions>
      </trkpt>
      <trkpt lat="28.80186373294038" lon="115.87159370469372">
        <ele>38.24065610021353</ele>
        <time>1970-01-01T00:08:58.600000Z</time>
        <extensions>
          <gpxtpx:TrackPointExtension>
            <gpxtpx:hr>167</gpxtpx:hr>
          </gpxtpx:TrackPointExtension>
        </extensions>
      </trkpt>
      <trkpt lat="28.801882127591625" lon="115.87159832812617">
        <ele>38.161132046952844</ele>
        <time>1970-01-01T00:08:59.600000Z</time>
        <extensions>
          <gpxtpx:TrackPointExtension>
            <gpxtpx:hr>167</gpxtpx:hr>
          </gpxtpx:TrackPointExtension>
        </extensions>
      </trkpt>
      <trkpt lat="28.801899730091208" lon="115.87160582472252">
        <ele>38.10598529316485</ele>
        <time>1970-01-01T00:09:00.600000Z</time>
        <extensions>
          <gpxtpx:TrackPointExtension>
            <gpxtpx:hr>167</gpxtpx:hr>
          </gpxtpx:TrackPointExtension>
        </extensions>
      </trkpt>
      <trkpt lat="28.801916522239917" lon="115.87161828065386">
        <ele>38.079368197359145</ele>
        <time>1970-01-01T00:09:01.600000Z</time>
        <extensions>
          <gpxtpx:TrackPointExtension>
            <gpxtpx:hr>167</gpxtpx:hr>
          </gpxtpx:TrackPointExtension>
        </extensions>
      </trkpt>
      <trkpt lat="28.801930713438093" lon="115.87163552452726">
        <ele>38.0850968984887</ele>
        <time>1970-01-01T00:09:02.600000Z</time>
        <extensions>
          <gpxtpx:TrackPointExtension>
            <gpxtpx:hr>167</gpxtpx:hr>
          </gpxtpx:TrackPointExtension>
        </extensions>
      </trkpt>
      <trkpt lat="28.801941113027688" lon="115.87165654105394">
        <ele>38.12419817876071</ele>
        <time>1970-01-01T00:09:03.600000Z</time>
        <extensions>
          <gpxtpx:TrackPointExtension>
            <gpxtpx:hr>167</gpxtpx:hr>
          </gpxtpx:TrackPointExtension>
        </extensions>
      </trkpt>
      <trkpt lat="28.801947843177164" lon="115.87167982711185">
        <ele>38.19530250132084</ele>
        <time>1970-01-01T00:09:04.600000Z</time>
        <extensions>
          <gpxtpx:TrackPointExtension>
            <gpxtpx:hr>167</gpxtpx:hr>
          </gpxtpx:TrackPointExtension>
        </extensions>
      </trkpt>
      <trkpt lat="28.801951667130265" lon="115.87170425107072">
        <ele>38.29525203816593</ele>
        <time>1970-01-01T00:09:05.600000Z</time>
        <extensions>
          <gpxtpx:TrackPointExtension>
            <gpxtpx:hr>167</gpxtpx:hr>
          </gpxtpx:TrackPointExtension>
        </extensions>
      </trkpt>
      <trkpt lat="28.801953468946994" lon="115.87172937168904">
        <ele>38.41744586918503</ele>
        <time>1970-01-01T00:09:06.600000Z</time>
        <extensions>
          <gpxtpx:TrackPointExtension>
            <gpxtpx:hr>167</gpxtpx:hr>
          </gpxtpx:TrackPointExtension>
        </extensions>
      </trkpt>
      <trkpt lat="28.801954439963204" lon="115.8717547600494">
        <ele>38.554009013809264</ele>
        <time>1970-01-01T00:09:07.600000Z</time>
        <extensions>
          <gpxtpx:TrackPointExtension>
            <gpxtpx:hr>167</gpxtpx:hr>
          </gpxtpx:TrackPointExtension>
        </extensions>
      </trkpt>
      <trkpt lat="28.801955437015753" lon="115.87178024464933">
        <ele>38.69555097911507</ele>
        <time>1970-01-01T00:09:08.600000Z</time>
        <extensions>
          <gpxtpx:TrackPointExtension>
            <gpxtpx:hr>167</gpxtpx:hr>
          </gpxtpx:TrackPointExtension>
        </extensions>
      </trkpt>
      <trkpt lat="28.80195669989608" lon="115.87180529338313">
        <ele>38.83176718838513</ele>
        <time>1970-01-01T00:09:09.600000Z</time>
        <extensions>
          <gpxtpx:TrackPointExtension>
            <gpxtpx:hr>167</gpxtpx:hr>
          </gpxtpx:TrackPointExtension>
        </extensions>
      </trkpt>
      <trkpt lat="28.801957850882037" lon="115.87183042161182">
        <ele>38.952250520698726</ele>
        <time>1970-01-01T00:09:10.600000Z</time>
        <extensions>
          <gpxtpx:TrackPointExtension>
            <gpxtpx:hr>167</gpxtpx:hr>
          </gpxtpx:TrackPointExtension>
        </extensions>
      </trkpt>
      <trkpt lat="28.80195852413361" lon="115.8718559662898">
        <ele>39.04805980063975</ele>
        <time>1970-01-01T00:09:11.600000Z</time>
        <extensions>
          <gpxtpx:TrackPointExtension>
            <gpxtpx:hr>167</gpxtpx:hr>
          </gpxtpx:TrackPointExtension>
        </extensions>
      </trkpt>
      <trkpt lat="28.80195858110373" lon="115.87188174706205">
        <ele>39.11173336673528</ele>
        <time>1970-01-01T00:09:12.600000Z</time>
        <extensions>
          <gpxtpx:TrackPointExtension>
            <gpxtpx:hr>170</gpxtpx:hr>
          </gpxtpx:TrackPointExtension>
        </extensions>
      </trkpt>
      <trkpt lat="28.801958102510856" lon="115.87190796905517">
        <ele>39.13874262291938</ele>
        <time>1970-01-01T00:09:13.600000Z</time>
        <extensions>
          <gpxtpx:TrackPointExtension>
            <gpxtpx:hr>170</gpxtpx:hr>
          </gpxtpx:TrackPointExtension>
        </extensions>
      </trkpt>
      <trkpt lat="28.801957170440712" lon="115.87193405463803">
        <ele>39.1279189158231</ele>
        <time>1970-01-01T00:09:14.600000Z</time>
        <extensions>
          <gpxtpx:TrackPointExtension>
            <gpxtpx:hr>170</gpxtpx:hr>
          </gpxtpx:TrackPointExtension>
        </extensions>
      </trkpt>
      <trkpt lat="28.80195567055057" lon="115.87196008867058">
        <ele>39.08073327690363</ele>
        <time>1970-01-01T00:09:15.600000Z</time>
        <extensions>
          <gpxtpx:TrackPointExtension>
            <gpxtpx:hr>170</gpxtpx:hr>
          </gpxtpx:TrackPointExtension>
        </extensions>
      </trkpt>
      <trkpt lat="28.801954271990482" lon="115.87198623424815">
        <ele>39.00202781148255</ele>
        <time>1970-01-01T00:09:16.600000Z</time>
        <extensions>
          <gpxtpx:TrackPointExtension>
            <gpxtpx:hr>170</gpxtpx:hr>
          </gpxtpx:TrackPointExtension>
        </extensions>
      </trkpt>
      <trkpt lat="28.801953509075258" lon="115.87201224946209">
        <ele>38.89881087001413</ele>
        <time>1970-01-01T00:09:17.600000Z</time>
        <extensions>
          <gpxtpx:TrackPointExtension>
            <gpxtpx:hr>170</gpxtpx:hr>
          </gpxtpx:TrackPointExtension>
        </extensions>
      </trkpt>
      <trkpt lat="28.80195315008774" lon="115.87203822008654">
        <ele>38.77959027979523</ele>
        <time>1970-01-01T00:09:18.600000Z</time>
        <extensions>
          <gpxtpx:TrackPointExtension>
            <gpxtpx:hr>171</gpxtpx:hr>
          </gpxtpx:TrackPointExtension>
        </extensions>
      </trkpt>
      <trkpt lat="28.801953026753825" lon="115.87206401563284">
        <ele>38.65353256650269</ele>
        <time>1970-01-01T00:09:19.600000Z</time>
        <extensions>
          <gpxtpx:TrackPointExtension>
            <gpxtpx:hr>171</gpxtpx:hr>
          </gpxtpx:TrackPointExtension>
        </extensions>
      </trkpt>
      <trkpt lat="28.801953224725175" lon="115.87208968595014">
        <ele>38.529325909912586</ele>
        <time>1970-01-01T00:09:20.600000Z</time>
        <extensions>
          <gpxtpx:TrackPointExtension>
            <gpxtpx:hr>171</gpxtpx:hr>
          </gpxtpx:TrackPointExtension>
        </extensions>
      </trkpt>
      <trkpt lat="28.801953819778905" lon="115.87211498527279">
        <ele>38.41376022063196</ele>
        <time>1970-01-01T00:09:21.600000Z</time>
        <extensions>
          <gpxtpx:TrackPointExtension>
            <gpxtpx:hr>171</gpxtpx:hr>
          </gpxtpx:TrackPointExtension>
        </extensions>
      </trkpt>
      <trkpt lat="28.801954555251044" lon="115.8721398922188">
        <ele>38.31161605101079</ele>
        <time>1970-01-01T00:09:22.600000Z</time>
        <extensions>
          <gpxtpx:TrackPointExtension>
            <gpxtpx:hr>172</gpxtpx:hr>
          </gpxtpx:TrackPointExtension>
        </extensions>
      </trkpt>
      <trkpt lat="28.801955060810517" lon="115.87216480928562">
        <ele>38.225512789562345</ele>
        <time>1970-01-01T00:09:23.600000Z</time>
        <extensions>
          <gpxtpx:TrackPointExtension>
            <gpxtpx:hr>172</gpxtpx:hr>
          </gpxtpx:TrackPointExtension>
        </extensions>
      </trkpt>
      <trkpt lat="28.80195512724858" lon="115.87218967799785">
        <ele>38.15599396452308</ele>
        <time>1970-01-01T00:09:24.600000Z</time>
        <extensions>
          <gpxtpx:TrackPointExtension>
            <gpxtpx:hr>172</gpxtpx:hr>
          </gpxtpx:TrackPointExtension>
        </extensions>
      </trkpt>
      <trkpt lat="28.801955332126546" lon="115.87221518476306">
        <ele>38.10182907991111</ele>
        <time>1970-01-01T00:09:25.600000Z</time>
        <extensions>
          <gpxtpx:TrackPointExtension>
            <gpxtpx:hr>172</gpxtpx:hr>
          </gpxtpx:TrackPointExtension>
        </extensions>
      </trkpt>
      <trkpt lat="28.801956017284226" lon="115.87224036028041">
        <ele>38.060734778642654</ele>
        <time>1970-01-01T00:09:26.600000Z</time>
        <extensions>
          <gpxtpx:TrackPointExtension>
            <gpxtpx:hr>171</gpxtpx:hr>
          </gpxtpx:TrackPointExtension>
        </extensions>
      </trkpt>
      <trkpt lat="28.801956594255564" lon="115.87226485216915">
        <ele>38.02974535804242</ele>
        <time>1970-01-01T00:09:27.600000Z</time>
        <extensions>
          <gpxtpx:TrackPointExtension>
            <gpxtpx:hr>171</gpxtpx:hr>
          </gpxtpx:TrackPointExtension>
        </extensions>
      </trkpt>
      <trkpt lat="28.801956770607223" lon="115.87228911311264">
        <ele>38.00568994227797</ele>
        <time>1970-01-01T00:09:28.600000Z</time>
        <extensions>
          <gpxtpx:TrackPointExtension>
            <gpxtpx:hr>171</gpxtpx:hr>
          </gpxtpx:TrackPointExtension>
        </extensions>
      </trkpt>
      <trkpt lat="28.801956610482275" lon="115.87231318880133">
        <ele>37.98575986176729</ele>
        <time>1970-01-01T00:09:29.600000Z</time>
        <extensions>
          <gpxtpx:TrackPointExtension>
            <gpxtpx:hr>171</gpxtpx:hr>
          </gpxtpx:TrackPointExtension>
        </extensions>
      </trkpt>
      <trkpt lat="28.801955970980753" lon="115.87233796874744">
        <ele>37.968011495657265</ele>
        <time>1970-01-01T00:09:30.600000Z</time>
        <extensions>
          <gpxtpx:TrackPointExtension>
            <gpxtpx:hr>171</gpxtpx:hr>
          </gpxtpx:TrackPointExtension>
        </extensions>
      </trkpt>
      <trkpt lat="28.801955268830742" lon="115.87236294973918">
        <ele>37.951138279400766</ele>
        <time>1970-01-01T00:09:31.600000Z</time>
        <extensions>
          <gpxtpx:TrackPointExtension>
            <gpxtpx:hr>171</gpxtpx:hr>
          </gpxtpx:TrackPointExtension>
        </extensions>
      </trkpt>
      <trkpt lat="28.801954839119126" lon="115.87238783043045">
        <ele>37.93461443018168</ele>
        <time>1970-01-01T00:09:32.600000Z</time>
        <extensions>
          <gpxtpx:TrackPointExtension>
            <gpxtpx:hr>171</gpxtpx:hr>
          </gpxtpx:TrackPointExtension>
        </extensions>
      </trkpt>
      <trkpt lat="28.80195496407513" lon="115.8724125572429">
        <ele>37.91875523887575</ele>
        <time>1970-01-01T00:09:33.600000Z</time>
        <extensions>
          <gpxtpx:TrackPointExtension>
            <gpxtpx:hr>171</gpxtpx:hr>
          </gpxtpx:TrackPointExtension>
        </extensions>
      </trkpt>
      <trkpt lat="28.801956045866994" lon="115.87243721601855">
        <ele>37.90309338551015</ele>
        <time>1970-01-01T00:09:34.600000Z</time>
        <extensions>
          <gpxtpx:TrackPointExtension>
            <gpxtpx:hr>171</gpxtpx:hr>
          </gpxtpx:TrackPointExtension>
        </extensions>
      </trkpt>
      <trkpt lat="28.80195757597573" lon="115.87246190513672">
        <ele>37.88669099844992</ele>
        <time>1970-01-01T00:09:35.600000Z</time>
        <extensions>
          <gpxtpx:TrackPointExtension>
            <gpxtpx:hr>171</gpxtpx:hr>
          </gpxtpx:TrackPointExtension>
        </extensions>
      </trkpt>
      <trkpt lat="28.801958742856563" lon="115.8724862831945">
        <ele>37.86842774413526</ele>
        <time>1970-01-01T00:09:36.600000Z</time>
        <extensions>
          <gpxtpx:TrackPointExtension>
            <gpxtpx:hr>171</gpxtpx:hr>
          </gpxtpx:TrackPointExtension>
        </extensions>
      </trkpt>
      <trkpt lat="28.801959044369337" lon="115.87251054936915">
        <ele>37.84684747084975</ele>
        <time>1970-01-01T00:09:37.600000Z</time>
        <extensions>
          <gpxtpx:TrackPointExtension>
            <gpxtpx:hr>171</gpxtpx:hr>
          </gpxtpx:TrackPointExtension>
        </extensions>
      </trkpt>
      <trkpt lat="28.801958585063645" lon="115.87253478009858">
        <ele>37.81959521025419</ele>
        <time>1970-01-01T00:09:38.600000Z</time>
        <extensions>
          <gpxtpx:TrackPointExtension>
            <gpxtpx:hr>169</gpxtpx:hr>
          </gpxtpx:TrackPointExtension>
        </extensions>
      </trkpt>
      <trkpt lat="28.80195764312371" lon="115.87255877673358">
        <ele>37.785053154453635</ele>
        <time>1970-01-01T00:09:39.600000Z</time>
        <extensions>
          <gpxtpx:TrackPointExtension>
            <gpxtpx:hr>169</gpxtpx:hr>
          </gpxtpx:TrackPointExtension>
        </extensions>
      </trkpt>
      <trkpt lat="28.801956772867587" lon="115.87258281494952">
        <ele>37.741992838680744</ele>
        <time>1970-01-01T00:09:40.600000Z</time>
        <extensions>
          <gpxtpx:TrackPointExtension>
            <gpxtpx:hr>169</gpxtpx:hr>
          </gpxtpx:TrackPointExtension>
        </extensions>
      </trkpt>
      <trkpt lat="28.8019561543759" lon="115.87260743223715">
        <ele>37.69014944229275</ele>
        <time>1970-01-01T00:09:41.600000Z</time>
        <extensions>
          <gpxtpx:TrackPointExtension>
            <gpxtpx:hr>169</gpxtpx:hr>
          </gpxtpx:TrackPointExtension>
        </extensions>
      </trkpt>
      <trkpt lat="28.801955917330826" lon="115.87263198900631">
        <ele>37.630627552978694</ele>
        <time>1970-01-01T00:09:42.600000Z</time>
        <extensions>
          <gpxtpx:TrackPointExtension>
            <gpxtpx:hr>169</gpxtpx:hr>
          </gpxtpx:TrackPointExtension>
        </extensions>
      </trkpt>
      <trkpt lat="28.80195654389642" lon="115.8726557704251">
        <ele>37.565828420221806</ele>
        <time>1970-01-01T00:09:43.600000Z</time>
        <extensions>
          <gpxtpx:TrackPointExtension>
            <gpxtpx:hr>169</gpxtpx:hr>
          </gpxtpx:TrackPointExtension>
        </extensions>
      </trkpt>
      <trkpt lat="28.80195751235833" lon="115.87267942895342">
        <ele>37.500592610798776</ele>
        <time>1970-01-01T00:09:44.600000Z</time>
        <extensions>
          <gpxtpx:TrackPointExtension>
            <gpxtpx:hr>169</gpxtpx:hr>
          </gpxtpx:TrackPointExtension>
        </extensions>
      </trkpt>
      <trkpt lat="28.80195821673363" lon="115.87270342974568">
        <ele>37.440114182420075</ele>
        <time>1970-01-01T00:09:45.600000Z</time>
        <extensions>
          <gpxtpx:TrackPointExtension>
            <gpxtpx:hr>169</gpxtpx:hr>
          </gpxtpx:TrackPointExtension>
        </extensions>
      </trkpt>
      <trkpt lat="28.80195848436769" lon="115.87272778342498">
        <ele>37.389176798053086</ele>
        <time>1970-01-01T00:09:46.600000Z</time>
        <extensions>
          <gpxtpx:TrackPointExtension>
            <gpxtpx:hr>169</gpxtpx:hr>
          </gpxtpx:TrackPointExtension>
        </extensions>
      </trkpt>
      <trkpt lat="28.80195805415252" lon="115.87275223396024">
        <ele>37.352084467187524</ele>
        <time>1970-01-01T00:09:47.600000Z</time>
        <extensions>
          <gpxtpx:TrackPointExtension>
            <gpxtpx:hr>169</gpxtpx:hr>
          </gpxtpx:TrackPointExtension>
        </extensions>
      </trkpt>
      <trkpt lat="28.801957548166687" lon="115.87277654509501">
        <ele>37.332101536914706</ele>
        <time>1970-01-01T00:09:48.600000Z</time>
        <extensions>
          <gpxtpx:TrackPointExtension>
            <gpxtpx:hr>169</gpxtpx:hr>
          </gpxtpx:TrackPointExtension>
        </extensions>
      </trkpt>
      <trkpt lat="28.80195705534576" lon="115.87280125857893">
        <ele>37.33059968799353</ele>
        <time>1970-01-01T00:09:49.600000Z</time>
        <extensions>
          <gpxtpx:TrackPointExtension>
            <gpxtpx:hr>169</gpxtpx:hr>
          </gpxtpx:TrackPointExtension>
        </extensions>
      </trkpt>
      <trkpt lat="28.801956520285806" lon="115.87282657255349">
        <ele>37.34848060552031</ele>
        <time>1970-01-01T00:09:50.600000Z</time>
        <extensions>
          <gpxtpx:TrackPointExtension>
            <gpxtpx:hr>169</gpxtpx:hr>
          </gpxtpx:TrackPointExtension>
        </extensions>
      </trkpt>
      <trkpt lat="28.801956506001797" lon="115.8728522707123">
        <ele>37.386499581858516</ele>
        <time>1970-01-01T00:09:51.600000Z</time>
        <extensions>
          <gpxtpx:TrackPointExtension>
            <gpxtpx:hr>169</gpxtpx:hr>
          </gpxtpx:TrackPointExtension>
        </extensions>
      </trkpt>
      <trkpt lat="28.80195703468461" lon="115.87287842014055">
        <ele>37.44401518255472</ele>
        <time>1970-01-01T00:09:52.600000Z</time>
        <extensions>
          <gpxtpx:TrackPointExtension>
            <gpxtpx:hr>169</gpxtpx:hr>
          </gpxtpx:TrackPointExtension>
        </extensions>
      </trkpt>
      <trkpt lat="28.801958140360558" lon="115.87290449942675">
        <ele>37.52012033201754</ele>
        <time>1970-01-01T00:09:53.600000Z</time>
        <extensions>
          <gpxtpx:TrackPointExtension>
            <gpxtpx:hr>169</gpxtpx:hr>
          </gpxtpx:TrackPointExtension>
        </extensions>
      </trkpt>
      <trkpt lat="28.80195960283742" lon="115.87293076537684">
        <ele>37.61162869352847</ele>
        <time>1970-01-01T00:09:54.600000Z</time>
        <extensions>
          <gpxtpx:TrackPointExtension>
            <gpxtpx:hr>169</gpxtpx:hr>
          </gpxtpx:TrackPointExtension>
        </extensions>
      </trkpt>
      <trkpt lat="28.801960884334203" lon="115.8729572207584">
        <ele>37.71333761513233</ele>
        <time>1970-01-01T00:09:55.600000Z</time>
        <extensions>
          <gpxtpx:TrackPointExtension>
            <gpxtpx:hr>169</gpxtpx:hr>
          </gpxtpx:TrackPointExtension>
        </extensions>
      </trkpt>
      <trkpt lat="28.8019616737613" lon="115.87298391798886">
        <ele>37.81820649653673</ele>
        <time>1970-01-01T00:09:56.600000Z</time>
        <extensions>
          <gpxtpx:TrackPointExtension>
            <gpxtpx:hr>170</gpxtpx:hr>
          </gpxtpx:TrackPointExtension>
        </extensions>
      </trkpt>
      <trkpt lat="28.80196184636583" lon="115.87301097873039">
        <ele>37.917727299034595</ele>
        <time>1970-01-01T00:09:57.600000Z</time>
        <extensions>
          <gpxtpx:TrackPointExtension>
            <gpxtpx:hr>170</gpxtpx:hr>
          </gpxtpx:TrackPointExtension>
        </extensions>
      </trkpt>
      <trkpt lat="28.801961551583464" lon="115.87303758119029">
        <ele>38.002682564780116</ele>
        <time>1970-01-01T00:09:58.600000Z</time>
        <extensions>
          <gpxtpx:TrackPointExtension>
            <gpxtpx:hr>170</gpxtpx:hr>
          </gpxtpx:TrackPointExtension>
        </extensions>
      </trkpt>
      <trkpt lat="28.801960996282165" lon="115.87306406980474">
        <ele>38.065474478527904</ele>
        <time>1970-01-01T00:09:59.600000Z</time>
        <extensions>
          <gpxtpx:TrackPointExtension>
            <gpxtpx:hr>170</gpxtpx:hr>
          </gpxtpx:TrackPointExtension>
        </extensions>
      </trkpt>
      <trkpt lat="28.801960297043944" lon="115.87309042201771">
        <ele>38.10074825026095</ele>
        <time>1970-01-01T00:10:00.600000Z</time>
        <extensions>
          <gpxtpx:TrackPointExtension>
            <gpxtpx:hr>170</gpxtpx:hr>
          </gpxtpx:TrackPointExtension>
        </extensions>
      </trkpt>
      <trkpt lat="28.801959705410365" lon="115.87311647915962">
        <ele>38.10576349217445</ele>
        <time>1970-01-01T00:10:01.600000Z</time>
        <extensions>
          <gpxtpx:TrackPointExtension>
            <gpxtpx:hr>170</gpxtpx:hr>
          </gpxtpx:TrackPointExtension>
        </extensions>
      </trkpt>
      <trkpt lat="28.801959443480012" lon="115.87314240988276">
        <ele>38.08133336249739</ele>
        <time>1970-01-01T00:10:02.600000Z</time>
        <extensions>
          <gpxtpx:TrackPointExtension>
            <gpxtpx:hr>170</gpxtpx:hr>
          </gpxtpx:TrackPointExtension>
        </extensions>
      </trkpt>
      <trkpt lat="28.80195937407244" lon="115.87316801714366">
        <ele>38.031386469490826</ele>
        <time>1970-01-01T00:10:03.600000Z</time>
        <extensions>
          <gpxtpx:TrackPointExtension>
            <gpxtpx:hr>170</gpxtpx:hr>
          </gpxtpx:TrackPointExtension>
        </extensions>
      </trkpt>
      <trkpt lat="28.801959124365023" lon="115.87319382232872">
        <ele>37.96176909841597</ele>
        <time>1970-01-01T00:10:04.600000Z</time>
        <extensions>
          <gpxtpx:TrackPointExtension>
            <gpxtpx:hr>170</gpxtpx:hr>
          </gpxtpx:TrackPointExtension>
        </extensions>
      </trkpt>
      <trkpt lat="28.801959319441753" lon="115.8732196698228">
        <ele>37.879323965869844</ele>
        <time>1970-01-01T00:10:05.600000Z</time>
        <extensions>
          <gpxtpx:TrackPointExtension>
            <gpxtpx:hr>170</gpxtpx:hr>
          </gpxtpx:TrackPointExtension>
        </extensions>
      </trkpt>
      <trkpt lat="28.801959824482182" lon="115.87324549825367">
        <ele>37.79122517257929</ele>
        <time>1970-01-01T00:10:06.600000Z</time>
        <extensions>
          <gpxtpx:TrackPointExtension>
            <gpxtpx:hr>170</gpxtpx:hr>
          </gpxtpx:TrackPointExtension>
        </extensions>
      </trkpt>
      <trkpt lat="28.80196011306395" lon="115.87327170432198">
        <ele>37.70361361000687</ele>
        <time>1970-01-01T00:10:07.600000Z</time>
        <extensions>
          <gpxtpx:TrackPointExtension>
            <gpxtpx:hr>170</gpxtpx:hr>
          </gpxtpx:TrackPointExtension>
        </extensions>
      </trkpt>
      <trkpt lat="28.801961091935524" lon="115.87329832953405">
        <ele>37.62062088493258</ele>
        <time>1970-01-01T00:10:08.600000Z</time>
        <extensions>
          <gpxtpx:TrackPointExtension>
            <gpxtpx:hr>171</gpxtpx:hr>
          </gpxtpx:TrackPointExtension>
        </extensions>
      </trkpt>
      <trkpt lat="28.80196277843152" lon="115.87332530536627">
        <ele>37.54425098467618</ele>
        <time>1970-01-01T00:10:09.600000Z</time>
        <extensions>
          <gpxtpx:TrackPointExtension>
            <gpxtpx:hr>171</gpxtpx:hr>
          </gpxtpx:TrackPointExtension>
        </extensions>
      </trkpt>
      <trkpt lat="28.80196433498324" lon="115.873352193867">
        <ele>37.47473238687962</ele>
        <time>1970-01-01T00:10:10.600000Z</time>
        <extensions>
          <gpxtpx:TrackPointExtension>
            <gpxtpx:hr>171</gpxtpx:hr>
          </gpxtpx:TrackPointExtension>
        </extensions>
      </trkpt>
      <trkpt lat="28.801966356544156" lon="115.87337901815278">
        <ele>37.40997054055333</ele>
        <time>1970-01-01T00:10:11.600000Z</time>
        <extensions>
          <gpxtpx:TrackPointExtension>
            <gpxtpx:hr>171</gpxtpx:hr>
          </gpxtpx:TrackPointExtension>
        </extensions>
      </trkpt>
      <trkpt lat="28.801969269479496" lon="115.8734055351326">
        <ele>37.34835638292134</ele>
        <time>1970-01-01T00:10:12.600000Z</time>
        <extensions>
          <gpxtpx:TrackPointExtension>
            <gpxtpx:hr>171</gpxtpx:hr>
          </gpxtpx:TrackPointExtension>
        </extensions>
      </trkpt>
      <trkpt lat="28.801972651523386" lon="115.87343187318753">
        <ele>37.288746564649045</ele>
        <time>1970-01-01T00:10:13.600000Z</time>
        <extensions>
          <gpxtpx:TrackPointExtension>
            <gpxtpx:hr>171</gpxtpx:hr>
          </gpxtpx:TrackPointExtension>
        </extensions>
      </trkpt>
      <trkpt lat="28.801975818738118" lon="115.87345838654747">
        <ele>37.23135825432837</ele>
        <time>1970-01-01T00:10:14.600000Z</time>
        <extensions>
          <gpxtpx:TrackPointExtension>
            <gpxtpx:hr>170</gpxtpx:hr>
          </gpxtpx:TrackPointExtension>
        </extensions>
      </trkpt>
      <trkpt lat="28.80197812140584" lon="115.87348509978948">
        <ele>37.177964030765</ele>
        <time>1970-01-01T00:10:15.600000Z</time>
        <extensions>
          <gpxtpx:TrackPointExtension>
            <gpxtpx:hr>170</gpxtpx:hr>
          </gpxtpx:TrackPointExtension>
        </extensions>
      </trkpt>
      <trkpt lat="28.801979573626483" lon="115.8735120228521">
        <ele>37.132434473372996</ele>
        <time>1970-01-01T00:10:16.600000Z</time>
        <extensions>
          <gpxtpx:TrackPointExtension>
            <gpxtpx:hr>170</gpxtpx:hr>
          </gpxtpx:TrackPointExtension>
        </extensions>
      </trkpt>
      <trkpt lat="28.801980381181362" lon="115.87353866872255">
        <ele>37.09825158957392</ele>
        <time>1970-01-01T00:10:17.600000Z</time>
        <extensions>
          <gpxtpx:TrackPointExtension>
            <gpxtpx:hr>170</gpxtpx:hr>
          </gpxtpx:TrackPointExtension>
        </extensions>
      </trkpt>
      <trkpt lat="28.801980756724163" lon="115.87356532026904">
        <ele>37.08673782646656</ele>
        <time>1970-01-01T00:10:18.600000Z</time>
        <extensions>
          <gpxtpx:TrackPointExtension>
            <gpxtpx:hr>170</gpxtpx:hr>
          </gpxtpx:TrackPointExtension>
        </extensions>
      </trkpt>
      <trkpt lat="28.801981033891998" lon="115.8735919877803">
        <ele>37.08403057139367</ele>
        <time>1970-01-01T00:10:19.600000Z</time>
        <extensions>
          <gpxtpx:TrackPointExtension>
            <gpxtpx:hr>170</gpxtpx:hr>
          </gpxtpx:TrackPointExtension>
        </extensions>
      </trkpt>
      <trkpt lat="28.801981696068278" lon="115.87361851553456">
        <ele>37.05785210803151</ele>
        <time>1970-01-01T00:10:20.600000Z</time>
        <extensions>
          <gpxtpx:TrackPointExtension>
            <gpxtpx:hr>167</gpxtpx:hr>
          </gpxtpx:TrackPointExtension>
        </extensions>
      </trkpt>
      <trkpt lat="28.801982309746116" lon="115.87364516574601">
        <ele>37.032659905962646</ele>
        <time>1970-01-01T00:10:21.600000Z</time>
        <extensions>
          <gpxtpx:TrackPointExtension>
            <gpxtpx:hr>167</gpxtpx:hr>
          </gpxtpx:TrackPointExtension>
        </extensions>
      </trkpt>
      <trkpt lat="28.80198299078198" lon="115.87367155488066">
        <ele>36.98870329558849</ele>
        <time>1970-01-01T00:10:22.600000Z</time>
        <extensions>
          <gpxtpx:TrackPointExtension>
            <gpxtpx:hr>167</gpxtpx:hr>
          </gpxtpx:TrackPointExtension>
        </extensions>
      </trkpt>
      <trkpt lat="28.801983939664574" lon="115.87369808653492">
        <ele>36.936396738514304</ele>
        <time>1970-01-01T00:10:23.600000Z</time>
        <extensions>
          <gpxtpx:TrackPointExtension>
            <gpxtpx:hr>167</gpxtpx:hr>
          </gpxtpx:TrackPointExtension>
        </extensions>
      </trkpt>
      <trkpt lat="28.8019848927625" lon="115.8737246930275">
        <ele>36.86129211075604</ele>
        <time>1970-01-01T00:10:24.600000Z</time>
        <extensions>
          <gpxtpx:TrackPointExtension>
            <gpxtpx:hr>167</gpxtpx:hr>
          </gpxtpx:TrackPointExtension>
        </extensions>
      </trkpt>
      <trkpt lat="28.801986257273686" lon="115.87375032784962">
        <ele>36.75600034650415</ele>
        <time>1970-01-01T00:10:25.600000Z</time>
        <extensions>
          <gpxtpx:TrackPointExtension>
            <gpxtpx:hr>167</gpxtpx:hr>
          </gpxtpx:TrackPointExtension>
        </extensions>
      </trkpt>
      <trkpt lat="28.801987487081817" lon="115.87377522399363">
        <ele>36.61982920393348</ele>
        <time>1970-01-01T00:10:26.600000Z</time>
        <extensions>
          <gpxtpx:TrackPointExtension>
            <gpxtpx:hr>167</gpxtpx:hr>
          </gpxtpx:TrackPointExtension>
        </extensions>
      </trkpt>
      <trkpt lat="28.80198772623522" lon="115.87379957652774">
        <ele>36.462480313144624</ele>
        <time>1970-01-01T00:10:27.600000Z</time>
        <extensions>
          <gpxtpx:TrackPointExtension>
            <gpxtpx:hr>167</gpxtpx:hr>
          </gpxtpx:TrackPointExtension>
        </extensions>
      </trkpt>
      <trkpt lat="28.80198650872433" lon="115.87382397196161">
        <ele>36.308775590732694</ele>
        <time>1970-01-01T00:10:28.600000Z</time>
        <extensions>
          <gpxtpx:TrackPointExtension>
            <gpxtpx:hr>167</gpxtpx:hr>
          </gpxtpx:TrackPointExtension>
        </extensions>
      </trkpt>
      <trkpt lat="28.801985348118418" lon="115.87384938037185">
        <ele>36.19823919702321</ele>
        <time>1970-01-01T00:10:29.600000Z</time>
        <extensions>
          <gpxtpx:TrackPointExtension>
            <gpxtpx:hr>168</gpxtpx:hr>
          </gpxtpx:TrackPointExtension>
        </extensions>
      </trkpt>
      <trkpt lat="28.801999489661352" lon="115.87402529613335">
        <ele>36.471053377725184</ele>
        <time>1970-01-01T00:10:36.600000Z</time>
        <extensions>
          <gpxtpx:TrackPointExtension>
            <gpxtpx:hr>168</gpxtpx:hr>
          </gpxtpx:TrackPointExtension>
        </extensions>
      </trkpt>
      <trkpt lat="28.802002489174402" lon="115.87404925917394">
        <ele>36.590049443766475</ele>
        <time>1970-01-01T00:10:37.600000Z</time>
        <extensions>
          <gpxtpx:TrackPointExtension>
            <gpxtpx:hr>168</gpxtpx:hr>
          </gpxtpx:TrackPointExtension>
        </extensions>
      </trkpt>
      <trkpt lat="28.802003926240335" lon="115.87407340248421">
        <ele>36.66352796461433</ele>
        <time>1970-01-01T00:10:38.600000Z</time>
        <extensions>
          <gpxtpx:TrackPointExtension>
            <gpxtpx:hr>168</gpxtpx:hr>
          </gpxtpx:TrackPointExtension>
        </extensions>
      </trkpt>
      <trkpt lat="28.802005101078937" lon="115.87409903662987">
        <ele>36.70263344794512</ele>
        <time>1970-01-01T00:10:39.600000Z</time>
        <extensions>
          <gpxtpx:TrackPointExtension>
            <gpxtpx:hr>168</gpxtpx:hr>
          </gpxtpx:TrackPointExtension>
        </extensions>
      </trkpt>
      <trkpt lat="28.802006147739498" lon="115.87412612019087">
        <ele>36.71224125567824</ele>
        <time>1970-01-01T00:10:40.600000Z</time>
        <extensions>
          <gpxtpx:TrackPointExtension>
            <gpxtpx:hr>168</gpxtpx:hr>
          </gpxtpx:TrackPointExtension>
        </extensions>
      </trkpt>
      <trkpt lat="28.802007069300952" lon="115.87415409169115">
        <ele>36.69827915262431</ele>
        <time>1970-01-01T00:10:41.600000Z</time>
        <extensions>
          <gpxtpx:TrackPointExtension>
            <gpxtpx:hr>168</gpxtpx:hr>
          </gpxtpx:TrackPointExtension>
        </extensions>
      </trkpt>
      <trkpt lat="28.802007981907522" lon="115.87418214125186">
        <ele>36.66719656530768</ele>
        <time>1970-01-01T00:10:42.600000Z</time>
        <extensions>
          <gpxtpx:TrackPointExtension>
            <gpxtpx:hr>168</gpxtpx:hr>
          </gpxtpx:TrackPointExtension>
        </extensions>
      </trkpt>
      <trkpt lat="28.802008677453358" lon="115.87420964282103">
        <ele>36.6252264007926</ele>
        <time>1970-01-01T00:10:43.600000Z</time>
        <extensions>
          <gpxtpx:TrackPointExtension>
            <gpxtpx:hr>168</gpxtpx:hr>
          </gpxtpx:TrackPointExtension>
        </extensions>
      </trkpt>
      <trkpt lat="28.80200914116057" lon="115.87423692168764">
        <ele>36.57942224945873</ele>
        <time>1970-01-01T00:10:44.600000Z</time>
        <extensions>
          <gpxtpx:TrackPointExtension>
            <gpxtpx:hr>168</gpxtpx:hr>
          </gpxtpx:TrackPointExtension>
        </extensions>
      </trkpt>
      <trkpt lat="28.80200944399744" lon="115.87426390082808">
        <ele>36.53379221819341</ele>
        <time>1970-01-01T00:10:45.600000Z</time>
        <extensions>
          <gpxtpx:TrackPointExtension>
            <gpxtpx:hr>168</gpxtpx:hr>
          </gpxtpx:TrackPointExtension>
        </extensions>
      </trkpt>
      <trkpt lat="28.802009483148964" lon="115.8742909159943">
        <ele>36.4901669183746</ele>
        <time>1970-01-01T00:10:46.600000Z</time>
        <extensions>
          <gpxtpx:TrackPointExtension>
            <gpxtpx:hr>168</gpxtpx:hr>
          </gpxtpx:TrackPointExtension>
        </extensions>
      </trkpt>
      <trkpt lat="28.80200933681405" lon="115.87431827023677">
        <ele>36.448204967193305</ele>
        <time>1970-01-01T00:10:47.600000Z</time>
        <extensions>
          <gpxtpx:TrackPointExtension>
            <gpxtpx:hr>168</gpxtpx:hr>
          </gpxtpx:TrackPointExtension>
        </extensions>
      </trkpt>
      <trkpt lat="28.802009254048798" lon="115.87434590561126">
        <ele>36.40630939416587</ele>
        <time>1970-01-01T00:10:48.600000Z</time>
        <extensions>
          <gpxtpx:TrackPointExtension>
            <gpxtpx:hr>168</gpxtpx:hr>
          </gpxtpx:TrackPointExtension>
        </extensions>
      </trkpt>
      <trkpt lat="28.802009380772855" lon="115.87437390471229">
        <ele>36.36006079055369</ele>
        <time>1970-01-01T00:10:49.600000Z</time>
        <extensions>
          <gpxtpx:TrackPointExtension>
            <gpxtpx:hr>168</gpxtpx:hr>
          </gpxtpx:TrackPointExtension>
        </extensions>
      </trkpt>
      <trkpt lat="28.802010011135" lon="115.874402058548">
        <ele>36.30502813402563</ele>
        <time>1970-01-01T00:10:50.600000Z</time>
        <extensions>
          <gpxtpx:TrackPointExtension>
            <gpxtpx:hr>168</gpxtpx:hr>
          </gpxtpx:TrackPointExtension>
        </extensions>
      </trkpt>
      <trkpt lat="28.802011672066747" lon="115.87442990658448">
        <ele>36.237071017734706</ele>
        <time>1970-01-01T00:10:51.600000Z</time>
        <extensions>
          <gpxtpx:TrackPointExtension>
            <gpxtpx:hr>167</gpxtpx:hr>
          </gpxtpx:TrackPointExtension>
        </extensions>
      </trkpt>
      <trkpt lat="28.802014639747544" lon="115.87445676619157">
        <ele>36.15327994339168</ele>
        <time>1970-01-01T00:10:52.600000Z</time>
        <extensions>
          <gpxtpx:TrackPointExtension>
            <gpxtpx:hr>167</gpxtpx:hr>
          </gpxtpx:TrackPointExtension>
        </extensions>
      </trkpt>
      <trkpt lat="28.802019141867753" lon="115.87448300196213">
        <ele>36.05324145592749</ele>
        <time>1970-01-01T00:10:53.600000Z</time>
        <extensions>
          <gpxtpx:TrackPointExtension>
            <gpxtpx:hr>167</gpxtpx:hr>
          </gpxtpx:TrackPointExtension>
        </extensions>
      </trkpt>
      <trkpt lat="28.802025730340027" lon="115.87450899311214">
        <ele>35.940335740335286</ele>
        <time>1970-01-01T00:10:54.600000Z</time>
        <extensions>
          <gpxtpx:TrackPointExtension>
            <gpxtpx:hr>167</gpxtpx:hr>
          </gpxtpx:TrackPointExtension>
        </extensions>
      </trkpt>
      <trkpt lat="28.80203435010006" lon="115.87453433798619">
        <ele>35.821516963653266</ele>
        <time>1970-01-01T00:10:55.600000Z</time>
        <extensions>
          <gpxtpx:TrackPointExtension>
            <gpxtpx:hr>166</gpxtpx:hr>
          </gpxtpx:TrackPointExtension>
        </extensions>
      </trkpt>
      <trkpt lat="28.80204465656491" lon="115.87455832567784">
        <ele>35.705728442408144</ele>
        <time>1970-01-01T00:10:56.600000Z</time>
        <extensions>
          <gpxtpx:TrackPointExtension>
            <gpxtpx:hr>166</gpxtpx:hr>
          </gpxtpx:TrackPointExtension>
        </extensions>
      </trkpt>
      <trkpt lat="28.802056838536586" lon="115.87458081655652">
        <ele>35.60103769879788</ele>
        <time>1970-01-01T00:10:57.600000Z</time>
        <extensions>
          <gpxtpx:TrackPointExtension>
            <gpxtpx:hr>166</gpxtpx:hr>
          </gpxtpx:TrackPointExtension>
        </extensions>
      </trkpt>
      <trkpt lat="28.802070843174633" lon="115.87460191859661">
        <ele>35.51520395837724</ele>
        <time>1970-01-01T00:10:58.600000Z</time>
        <extensions>
          <gpxtpx:TrackPointExtension>
            <gpxtpx:hr>166</gpxtpx:hr>
          </gpxtpx:TrackPointExtension>
        </extensions>
      </trkpt>
      <trkpt lat="28.802086206471937" lon="115.87462126654916">
        <ele>35.45298189390451</ele>
        <time>1970-01-01T00:10:59.600000Z</time>
        <extensions>
          <gpxtpx:TrackPointExtension>
            <gpxtpx:hr>165</gpxtpx:hr>
          </gpxtpx:TrackPointExtension>
        </extensions>
      </trkpt>
      <trkpt lat="28.802101856678593" lon="115.87463912796953">
        <ele>35.415576895698905</ele>
        <time>1970-01-01T00:11:00.600000Z</time>
        <extensions>
          <gpxtpx:TrackPointExtension>
            <gpxtpx:hr>165</gpxtpx:hr>
          </gpxtpx:TrackPointExtension>
        </extensions>
      </trkpt>
      <trkpt lat="28.80211736571929" lon="115.87465516716313">
        <ele>35.40150422323495</ele>
        <time>1970-01-01T00:11:01.600000Z</time>
        <extensions>
          <gpxtpx:TrackPointExtension>
            <gpxtpx:hr>165</gpxtpx:hr>
          </gpxtpx:TrackPointExtension>
        </extensions>
      </trkpt>
      <trkpt lat="28.80213341540158" lon="115.87466879383605">
        <ele>35.40832974109799</ele>
        <time>1970-01-01T00:11:02.600000Z</time>
        <extensions>
          <gpxtpx:TrackPointExtension>
            <gpxtpx:hr>165</gpxtpx:hr>
          </gpxtpx:TrackPointExtension>
        </extensions>
      </trkpt>
      <trkpt lat="28.80215019299395" lon="115.87468040926372">
        <ele>35.4337370255962</ele>
        <time>1970-01-01T00:11:03.600000Z</time>
        <extensions>
          <gpxtpx:TrackPointExtension>
            <gpxtpx:hr>165</gpxtpx:hr>
          </gpxtpx:TrackPointExtension>
        </extensions>
      </trkpt>
      <trkpt lat="28.80216783910006" lon="115.87468968259842">
        <ele>35.47635729890317</ele>
        <time>1970-01-01T00:11:04.600000Z</time>
        <extensions>
          <gpxtpx:TrackPointExtension>
            <gpxtpx:hr>165</gpxtpx:hr>
          </gpxtpx:TrackPointExtension>
        </extensions>
      </trkpt>
      <trkpt lat="28.80218654041188" lon="115.87469658268381">
        <ele>35.53594445437193</ele>
        <time>1970-01-01T00:11:05.600000Z</time>
        <extensions>
          <gpxtpx:TrackPointExtension>
            <gpxtpx:hr>165</gpxtpx:hr>
          </gpxtpx:TrackPointExtension>
        </extensions>
      </trkpt>
      <trkpt lat="28.802206229636216" lon="115.87470164056259">
        <ele>35.612692669034004</ele>
        <time>1970-01-01T00:11:06.600000Z</time>
        <extensions>
          <gpxtpx:TrackPointExtension>
            <gpxtpx:hr>165</gpxtpx:hr>
          </gpxtpx:TrackPointExtension>
        </extensions>
      </trkpt>
      <trkpt lat="28.80222677231746" lon="115.8747045854711">
        <ele>35.70626853778958</ele>
        <time>1970-01-01T00:11:07.600000Z</time>
        <extensions>
          <gpxtpx:TrackPointExtension>
            <gpxtpx:hr>165</gpxtpx:hr>
          </gpxtpx:TrackPointExtension>
        </extensions>
      </trkpt>
      <trkpt lat="28.80224797650144" lon="115.87470499869764">
        <ele>35.81378480698913</ele>
        <time>1970-01-01T00:11:08.600000Z</time>
        <extensions>
          <gpxtpx:TrackPointExtension>
            <gpxtpx:hr>165</gpxtpx:hr>
          </gpxtpx:TrackPointExtension>
        </extensions>
      </trkpt>
      <trkpt lat="28.80226908115874" lon="115.87470344389901">
        <ele>35.93147468101233</ele>
        <time>1970-01-01T00:11:09.600000Z</time>
        <extensions>
          <gpxtpx:TrackPointExtension>
            <gpxtpx:hr>165</gpxtpx:hr>
          </gpxtpx:TrackPointExtension>
        </extensions>
      </trkpt>
      <trkpt lat="28.802289643447565" lon="115.87470117644342">
        <ele>36.05533828679472</ele>
        <time>1970-01-01T00:11:10.600000Z</time>
        <extensions>
          <gpxtpx:TrackPointExtension>
            <gpxtpx:hr>165</gpxtpx:hr>
          </gpxtpx:TrackPointExtension>
        </extensions>
      </trkpt>
      <trkpt lat="28.802310088296924" lon="115.87469796987159">
        <ele>36.180691349320114</ele>
        <time>1970-01-01T00:11:11.600000Z</time>
        <extensions>
          <gpxtpx:TrackPointExtension>
            <gpxtpx:hr>165</gpxtpx:hr>
          </gpxtpx:TrackPointExtension>
        </extensions>
      </trkpt>
      <trkpt lat="28.802330853718278" lon="115.87469320357513">
        <ele>36.30322283320129</ele>
        <time>1970-01-01T00:11:12.600000Z</time>
        <extensions>
          <gpxtpx:TrackPointExtension>
            <gpxtpx:hr>165</gpxtpx:hr>
          </gpxtpx:TrackPointExtension>
        </extensions>
      </trkpt>
      <trkpt lat="28.80235184224756" lon="115.87468743517945">
        <ele>36.41867283824831</ele>
        <time>1970-01-01T00:11:13.600000Z</time>
        <extensions>
          <gpxtpx:TrackPointExtension>
            <gpxtpx:hr>166</gpxtpx:hr>
          </gpxtpx:TrackPointExtension>
        </extensions>
      </trkpt>
      <trkpt lat="28.80237246020736" lon="115.87468138847765">
        <ele>36.522706935182214</ele>
        <time>1970-01-01T00:11:14.600000Z</time>
        <extensions>
          <gpxtpx:TrackPointExtension>
            <gpxtpx:hr>166</gpxtpx:hr>
          </gpxtpx:TrackPointExtension>
        </extensions>
      </trkpt>
      <trkpt lat="28.802393226318944" lon="115.8746753023406">
        <ele>36.61090946942568</ele>
        <time>1970-01-01T00:11:15.600000Z</time>
        <extensions>
          <gpxtpx:TrackPointExtension>
            <gpxtpx:hr>166</gpxtpx:hr>
          </gpxtpx:TrackPointExtension>
        </extensions>
      </trkpt>
      <trkpt lat="28.80241438793597" lon="115.87466920312909">
        <ele>36.67920365743339</ele>
        <time>1970-01-01T00:11:16.600000Z</time>
        <extensions>
          <gpxtpx:TrackPointExtension>
            <gpxtpx:hr>166</gpxtpx:hr>
          </gpxtpx:TrackPointExtension>
        </extensions>
      </trkpt>
      <trkpt lat="28.802435213199036" lon="115.87466352364726">
        <ele>36.7241997346282</ele>
        <time>1970-01-01T00:11:17.600000Z</time>
        <extensions>
          <gpxtpx:TrackPointExtension>
            <gpxtpx:hr>166</gpxtpx:hr>
          </gpxtpx:TrackPointExtension>
        </extensions>
      </trkpt>
      <trkpt lat="28.802455611764103" lon="115.87465850219174">
        <ele>36.74384925048798</ele>
        <time>1970-01-01T00:11:18.600000Z</time>
        <extensions>
          <gpxtpx:TrackPointExtension>
            <gpxtpx:hr>166</gpxtpx:hr>
          </gpxtpx:TrackPointExtension>
        </extensions>
      </trkpt>
      <trkpt lat="28.802476072323888" lon="115.87465382669521">
        <ele>36.737687358632684</ele>
        <time>1970-01-01T00:11:19.600000Z</time>
        <extensions>
          <gpxtpx:TrackPointExtension>
            <gpxtpx:hr>166</gpxtpx:hr>
          </gpxtpx:TrackPointExtension>
        </extensions>
      </trkpt>
      <trkpt lat="28.802496978573686" lon="115.87464951600901">
        <ele>36.70697455480695</ele>
        <time>1970-01-01T00:11:20.600000Z</time>
        <extensions>
          <gpxtpx:TrackPointExtension>
            <gpxtpx:hr>166</gpxtpx:hr>
          </gpxtpx:TrackPointExtension>
        </extensions>
      </trkpt>
      <trkpt lat="28.80251778395483" lon="115.87464588075947">
        <ele>36.65592573862523</ele>
        <time>1970-01-01T00:11:21.600000Z</time>
        <extensions>
          <gpxtpx:TrackPointExtension>
            <gpxtpx:hr>166</gpxtpx:hr>
          </gpxtpx:TrackPointExtension>
        </extensions>
      </trkpt>
      <trkpt lat="28.80253827201034" lon="115.87464269619645">
        <ele>36.58975252788514</ele>
        <time>1970-01-01T00:11:22.600000Z</time>
        <extensions>
          <gpxtpx:TrackPointExtension>
            <gpxtpx:hr>166</gpxtpx:hr>
          </gpxtpx:TrackPointExtension>
        </extensions>
      </trkpt>
      <trkpt lat="28.802558287325105" lon="115.87463971330274">
        <ele>36.514265860430896</ele>
        <time>1970-01-01T00:11:23.600000Z</time>
        <extensions>
          <gpxtpx:TrackPointExtension>
            <gpxtpx:hr>166</gpxtpx:hr>
          </gpxtpx:TrackPointExtension>
        </extensions>
      </trkpt>
      <trkpt lat="28.802577656595826" lon="115.87463661806869">
        <ele>36.43536690995097</ele>
        <time>1970-01-01T00:11:24.600000Z</time>
        <extensions>
          <gpxtpx:TrackPointExtension>
            <gpxtpx:hr>166</gpxtpx:hr>
          </gpxtpx:TrackPointExtension>
        </extensions>
      </trkpt>
      <trkpt lat="28.80259687966453" lon="115.87463312328067">
        <ele>36.358822838403285</ele>
        <time>1970-01-01T00:11:25.600000Z</time>
        <extensions>
          <gpxtpx:TrackPointExtension>
            <gpxtpx:hr>166</gpxtpx:hr>
          </gpxtpx:TrackPointExtension>
        </extensions>
      </trkpt>
      <trkpt lat="28.802616118562383" lon="115.87462870341811">
        <ele>36.28888946771622</ele>
        <time>1970-01-01T00:11:26.600000Z</time>
        <extensions>
          <gpxtpx:TrackPointExtension>
            <gpxtpx:hr>167</gpxtpx:hr>
          </gpxtpx:TrackPointExtension>
        </extensions>
      </trkpt>
      <trkpt lat="28.80263541974804" lon="115.87462322996899">
        <ele>36.22923830803484</ele>
        <time>1970-01-01T00:11:27.600000Z</time>
        <extensions>
          <gpxtpx:TrackPointExtension>
            <gpxtpx:hr>167</gpxtpx:hr>
          </gpxtpx:TrackPointExtension>
        </extensions>
      </trkpt>
      <trkpt lat="28.802654858388102" lon="115.87461685629529">
        <ele>36.18276493810117</ele>
        <time>1970-01-01T00:11:28.600000Z</time>
        <extensions>
          <gpxtpx:TrackPointExtension>
            <gpxtpx:hr>167</gpxtpx:hr>
          </gpxtpx:TrackPointExtension>
        </extensions>
      </trkpt>
      <trkpt lat="28.802674433300055" lon="115.87461023988504">
        <ele>36.15118941664696</ele>
        <time>1970-01-01T00:11:29.600000Z</time>
        <extensions>
          <gpxtpx:TrackPointExtension>
            <gpxtpx:hr>167</gpxtpx:hr>
          </gpxtpx:TrackPointExtension>
        </extensions>
      </trkpt>
      <trkpt lat="28.802694789278103" lon="115.87460496895292">
        <ele>36.13457161933184</ele>
        <time>1970-01-01T00:11:30.600000Z</time>
        <extensions>
          <gpxtpx:TrackPointExtension>
            <gpxtpx:hr>167</gpxtpx:hr>
          </gpxtpx:TrackPointExtension>
        </extensions>
      </trkpt>
      <trkpt lat="28.802715923449018" lon="115.87460056420416">
        <ele>36.13076653517783</ele>
        <time>1970-01-01T00:11:31.600000Z</time>
        <extensions>
          <gpxtpx:TrackPointExtension>
            <gpxtpx:hr>167</gpxtpx:hr>
          </gpxtpx:TrackPointExtension>
        </extensions>
      </trkpt>
      <trkpt lat="28.802737386944234" lon="115.87459662431955">
        <ele>36.13596240989864</ele>
        <time>1970-01-01T00:11:32.600000Z</time>
        <extensions>
          <gpxtpx:TrackPointExtension>
            <gpxtpx:hr>167</gpxtpx:hr>
          </gpxtpx:TrackPointExtension>
        </extensions>
      </trkpt>
      <trkpt lat="28.802759553685828" lon="115.87459318802865">
        <ele>36.145553931593895</ele>
        <time>1970-01-01T00:11:33.600000Z</time>
        <extensions>
          <gpxtpx:TrackPointExtension>
            <gpxtpx:hr>167</gpxtpx:hr>
          </gpxtpx:TrackPointExtension>
        </extensions>
      </trkpt>
      <trkpt lat="28.802781963765778" lon="115.87458958671573">
        <ele>36.1550918770954</ele>
        <time>1970-01-01T00:11:34.600000Z</time>
        <extensions>
          <gpxtpx:TrackPointExtension>
            <gpxtpx:hr>167</gpxtpx:hr>
          </gpxtpx:TrackPointExtension>
        </extensions>
      </trkpt>
      <trkpt lat="28.80280399222021" lon="115.87458603677335">
        <ele>36.16111875884235</ele>
        <time>1970-01-01T00:11:35.600000Z</time>
        <extensions>
          <gpxtpx:TrackPointExtension>
            <gpxtpx:hr>168</gpxtpx:hr>
          </gpxtpx:TrackPointExtension>
        </extensions>
      </trkpt>
      <trkpt lat="28.802825733787753" lon="115.87458256676898">
        <ele>36.161644492298365</ele>
        <time>1970-01-01T00:11:36.600000Z</time>
        <extensions>
          <gpxtpx:TrackPointExtension>
            <gpxtpx:hr>168</gpxtpx:hr>
          </gpxtpx:TrackPointExtension>
        </extensions>
      </trkpt>
      <trkpt lat="28.802847331925427" lon="115.8745795918129">
        <ele>36.15600017271936</ele>
        <time>1970-01-01T00:11:37.600000Z</time>
        <extensions>
          <gpxtpx:TrackPointExtension>
            <gpxtpx:hr>168</gpxtpx:hr>
          </gpxtpx:TrackPointExtension>
        </extensions>
      </trkpt>
      <trkpt lat="28.802869326340083" lon="115.87457727511261">
        <ele>36.14449193701148</ele>
        <time>1970-01-01T00:11:38.600000Z</time>
        <extensions>
          <gpxtpx:TrackPointExtension>
            <gpxtpx:hr>168</gpxtpx:hr>
          </gpxtpx:TrackPointExtension>
        </extensions>
      </trkpt>
      <trkpt lat="28.80289238186033" lon="115.8745748355148">
        <ele>36.12825638148934</ele>
        <time>1970-01-01T00:11:39.600000Z</time>
        <extensions>
          <gpxtpx:TrackPointExtension>
            <gpxtpx:hr>168</gpxtpx:hr>
          </gpxtpx:TrackPointExtension>
        </extensions>
      </trkpt>
      <trkpt lat="28.80291709212895" lon="115.87457244208196">
        <ele>36.10881755594164</ele>
        <time>1970-01-01T00:11:40.600000Z</time>
        <extensions>
          <gpxtpx:TrackPointExtension>
            <gpxtpx:hr>167</gpxtpx:hr>
          </gpxtpx:TrackPointExtension>
        </extensions>
      </trkpt>
      <trkpt lat="28.802942958472627" lon="115.8745705036922">
        <ele>36.0879401601851</ele>
        <time>1970-01-01T00:11:41.600000Z</time>
        <extensions>
          <gpxtpx:TrackPointExtension>
            <gpxtpx:hr>167</gpxtpx:hr>
          </gpxtpx:TrackPointExtension>
        </extensions>
      </trkpt>
      <trkpt lat="28.8029677668661" lon="115.8745690674254">
        <ele>36.06707689911127</ele>
        <time>1970-01-01T00:11:42.600000Z</time>
        <extensions>
          <gpxtpx:TrackPointExtension>
            <gpxtpx:hr>167</gpxtpx:hr>
          </gpxtpx:TrackPointExtension>
        </extensions>
      </trkpt>
      <trkpt lat="28.8029899901688" lon="115.87456827915236">
        <ele>36.04720622859895</ele>
        <time>1970-01-01T00:11:43.600000Z</time>
        <extensions>
          <gpxtpx:TrackPointExtension>
            <gpxtpx:hr>167</gpxtpx:hr>
          </gpxtpx:TrackPointExtension>
        </extensions>
      </trkpt>
      <trkpt lat="28.80301144132175" lon="115.87456726665194">
        <ele>36.0302977738902</ele>
        <time>1970-01-01T00:11:44.600000Z</time>
        <extensions>
          <gpxtpx:TrackPointExtension>
            <gpxtpx:hr>167</gpxtpx:hr>
          </gpxtpx:TrackPointExtension>
        </extensions>
      </trkpt>
      <trkpt lat="28.803034171590607" lon="115.87456579786767">
        <ele>36.017583143897355</ele>
        <time>1970-01-01T00:11:45.600000Z</time>
        <extensions>
          <gpxtpx:TrackPointExtension>
            <gpxtpx:hr>167</gpxtpx:hr>
          </gpxtpx:TrackPointExtension>
        </extensions>
      </trkpt>
      <trkpt lat="28.803057524202046" lon="115.87456420952391">
        <ele>36.01168949902058</ele>
        <time>1970-01-01T00:11:46.600000Z</time>
        <extensions>
          <gpxtpx:TrackPointExtension>
            <gpxtpx:hr>166</gpxtpx:hr>
          </gpxtpx:TrackPointExtension>
        </extensions>
      </trkpt>
      <trkpt lat="28.803081011033836" lon="115.87456275305715">
        <ele>36.016348564997315</ele>
        <time>1970-01-01T00:11:47.600000Z</time>
        <extensions>
          <gpxtpx:TrackPointExtension>
            <gpxtpx:hr>166</gpxtpx:hr>
          </gpxtpx:TrackPointExtension>
        </extensions>
      </trkpt>
      <trkpt lat="28.80310564659981" lon="115.87456143131548">
        <ele>36.03614953905344</ele>
        <time>1970-01-01T00:11:48.600000Z</time>
        <extensions>
          <gpxtpx:TrackPointExtension>
            <gpxtpx:hr>166</gpxtpx:hr>
          </gpxtpx:TrackPointExtension>
        </extensions>
      </trkpt>
      <trkpt lat="28.80313157719791" lon="115.87455959864633">
        <ele>36.07429932616651</ele>
        <time>1970-01-01T00:11:49.600000Z</time>
        <extensions>
          <gpxtpx:TrackPointExtension>
            <gpxtpx:hr>166</gpxtpx:hr>
          </gpxtpx:TrackPointExtension>
        </extensions>
      </trkpt>
      <trkpt lat="28.803157994338928" lon="115.8745573009352">
        <ele>36.13481600675732</ele>
        <time>1970-01-01T00:11:50.600000Z</time>
        <extensions>
          <gpxtpx:TrackPointExtension>
            <gpxtpx:hr>166</gpxtpx:hr>
          </gpxtpx:TrackPointExtension>
        </extensions>
      </trkpt>
      <trkpt lat="28.80318399726065" lon="115.874554660884">
        <ele>36.22082297876477</ele>
        <time>1970-01-01T00:11:51.600000Z</time>
        <extensions>
          <gpxtpx:TrackPointExtension>
            <gpxtpx:hr>167</gpxtpx:hr>
          </gpxtpx:TrackPointExtension>
        </extensions>
      </trkpt>
      <trkpt lat="28.803209339107035" lon="115.87455192141006">
        <ele>36.33386742323637</ele>
        <time>1970-01-01T00:11:52.600000Z</time>
        <extensions>
          <gpxtpx:TrackPointExtension>
            <gpxtpx:hr>167</gpxtpx:hr>
          </gpxtpx:TrackPointExtension>
        </extensions>
      </trkpt>
      <trkpt lat="28.80323427758925" lon="115.87454951345447">
        <ele>36.47373946662992</ele>
        <time>1970-01-01T00:11:53.600000Z</time>
        <extensions>
          <gpxtpx:TrackPointExtension>
            <gpxtpx:hr>167</gpxtpx:hr>
          </gpxtpx:TrackPointExtension>
        </extensions>
      </trkpt>
      <trkpt lat="28.803259178299605" lon="115.87454747382714">
        <ele>36.6356519702822</ele>
        <time>1970-01-01T00:11:54.600000Z</time>
        <extensions>
          <gpxtpx:TrackPointExtension>
            <gpxtpx:hr>167</gpxtpx:hr>
          </gpxtpx:TrackPointExtension>
        </extensions>
      </trkpt>
      <trkpt lat="28.80328467687845" lon="115.87454619273277">
        <ele>36.8112411852926</ele>
        <time>1970-01-01T00:11:55.600000Z</time>
        <extensions>
          <gpxtpx:TrackPointExtension>
            <gpxtpx:hr>167</gpxtpx:hr>
          </gpxtpx:TrackPointExtension>
        </extensions>
      </trkpt>
      <trkpt lat="28.803310963894656" lon="115.87454608686365">
        <ele>36.98930253461003</ele>
        <time>1970-01-01T00:11:56.600000Z</time>
        <extensions>
          <gpxtpx:TrackPointExtension>
            <gpxtpx:hr>167</gpxtpx:hr>
          </gpxtpx:TrackPointExtension>
        </extensions>
      </trkpt>
      <trkpt lat="28.803337623298894" lon="115.87454704575951">
        <ele>37.15747023932636</ele>
        <time>1970-01-01T00:11:57.600000Z</time>
        <extensions>
          <gpxtpx:TrackPointExtension>
            <gpxtpx:hr>170</gpxtpx:hr>
          </gpxtpx:TrackPointExtension>
        </extensions>
      </trkpt>
      <trkpt lat="28.80336352277908" lon="115.87454797324975">
        <ele>37.303816949017346</ele>
        <time>1970-01-01T00:11:58.600000Z</time>
        <extensions>
          <gpxtpx:TrackPointExtension>
            <gpxtpx:hr>170</gpxtpx:hr>
          </gpxtpx:TrackPointExtension>
        </extensions>
      </trkpt>
      <trkpt lat="28.803388775483597" lon="115.87454783236953">
        <ele>37.420780554413795</ele>
        <time>1970-01-01T00:11:59.600000Z</time>
        <extensions>
          <gpxtpx:TrackPointExtension>
            <gpxtpx:hr>170</gpxtpx:hr>
          </gpxtpx:TrackPointExtension>
        </extensions>
      </trkpt>
      <trkpt lat="28.803413973078158" lon="115.87454716238747">
        <ele>37.50435624551028</ele>
        <time>1970-01-01T00:12:00.600000Z</time>
        <extensions>
          <gpxtpx:TrackPointExtension>
            <gpxtpx:hr>170</gpxtpx:hr>
          </gpxtpx:TrackPointExtension>
        </extensions>
      </trkpt>
      <trkpt lat="28.803438834738134" lon="115.87454634568411">
        <ele>37.55425300169736</ele>
        <time>1970-01-01T00:12:01.600000Z</time>
        <extensions>
          <gpxtpx:TrackPointExtension>
            <gpxtpx:hr>170</gpxtpx:hr>
          </gpxtpx:TrackPointExtension>
        </extensions>
      </trkpt>
      <trkpt lat="28.803463530386875" lon="115.87454560819064">
        <ele>37.57368117943406</ele>
        <time>1970-01-01T00:12:02.600000Z</time>
        <extensions>
          <gpxtpx:TrackPointExtension>
            <gpxtpx:hr>170</gpxtpx:hr>
          </gpxtpx:TrackPointExtension>
        </extensions>
      </trkpt>
      <trkpt lat="28.803488156526782" lon="115.87454516615809">
        <ele>37.56939437240362</ele>
        <time>1970-01-01T00:12:03.600000Z</time>
        <extensions>
          <gpxtpx:TrackPointExtension>
            <gpxtpx:hr>170</gpxtpx:hr>
          </gpxtpx:TrackPointExtension>
        </extensions>
      </trkpt>
      <trkpt lat="28.80351249541525" lon="115.87454443118085">
        <ele>37.54908432252705</ele>
        <time>1970-01-01T00:12:04.600000Z</time>
        <extensions>
          <gpxtpx:TrackPointExtension>
            <gpxtpx:hr>170</gpxtpx:hr>
          </gpxtpx:TrackPointExtension>
        </extensions>
      </trkpt>
      <trkpt lat="28.8035368609139" lon="115.87454285707328">
        <ele>37.52078055590391</ele>
        <time>1970-01-01T00:12:05.600000Z</time>
        <extensions>
          <gpxtpx:TrackPointExtension>
            <gpxtpx:hr>172</gpxtpx:hr>
          </gpxtpx:TrackPointExtension>
        </extensions>
      </trkpt>
      <trkpt lat="28.803560589911605" lon="115.87454066483741">
        <ele>37.491632346995175</ele>
        <time>1970-01-01T00:12:06.600000Z</time>
        <extensions>
          <gpxtpx:TrackPointExtension>
            <gpxtpx:hr>172</gpxtpx:hr>
          </gpxtpx:TrackPointExtension>
        </extensions>
      </trkpt>
      <trkpt lat="28.803583120221344" lon="115.87453886578194">
        <ele>37.467574772424996</ele>
        <time>1970-01-01T00:12:07.600000Z</time>
        <extensions>
          <gpxtpx:TrackPointExtension>
            <gpxtpx:hr>172</gpxtpx:hr>
          </gpxtpx:TrackPointExtension>
        </extensions>
      </trkpt>
      <trkpt lat="28.80360498011394" lon="115.8745383741923">
        <ele>37.45161474682391</ele>
        <time>1970-01-01T00:12:08.600000Z</time>
        <extensions>
          <gpxtpx:TrackPointExtension>
            <gpxtpx:hr>172</gpxtpx:hr>
          </gpxtpx:TrackPointExtension>
        </extensions>
      </trkpt>
      <trkpt lat="28.803626393496785" lon="115.87453894916614">
        <ele>37.444306971505284</ele>
        <time>1970-01-01T00:12:09.600000Z</time>
        <extensions>
          <gpxtpx:TrackPointExtension>
            <gpxtpx:hr>172</gpxtpx:hr>
          </gpxtpx:TrackPointExtension>
        </extensions>
      </trkpt>
      <trkpt lat="28.803648064750796" lon="115.874539807267">
        <ele>37.44411195162684</ele>
        <time>1970-01-01T00:12:10.600000Z</time>
        <extensions>
          <gpxtpx:TrackPointExtension>
            <gpxtpx:hr>172</gpxtpx:hr>
          </gpxtpx:TrackPointExtension>
        </extensions>
      </trkpt>
      <trkpt lat="28.80367038015329" lon="115.87454070340846">
        <ele>37.44855521712452</ele>
        <time>1970-01-01T00:12:11.600000Z</time>
        <extensions>
          <gpxtpx:TrackPointExtension>
            <gpxtpx:hr>174</gpxtpx:hr>
          </gpxtpx:TrackPointExtension>
        </extensions>
      </trkpt>
      <trkpt lat="28.803692555637177" lon="115.87454189023046">
        <ele>37.4565394744277</ele>
        <time>1970-01-01T00:12:12.600000Z</time>
        <extensions>
          <gpxtpx:TrackPointExtension>
            <gpxtpx:hr>174</gpxtpx:hr>
          </gpxtpx:TrackPointExtension>
        </extensions>
      </trkpt>
      <trkpt lat="28.803714643110016" lon="115.87454354874691">
        <ele>37.469322856515646</ele>
        <time>1970-01-01T00:12:13.600000Z</time>
        <extensions>
          <gpxtpx:TrackPointExtension>
            <gpxtpx:hr>174</gpxtpx:hr>
          </gpxtpx:TrackPointExtension>
        </extensions>
      </trkpt>
      <trkpt lat="28.80373704932987" lon="115.87454524985381">
        <ele>37.48890316020697</ele>
        <time>1970-01-01T00:12:14.600000Z</time>
        <extensions>
          <gpxtpx:TrackPointExtension>
            <gpxtpx:hr>174</gpxtpx:hr>
          </gpxtpx:TrackPointExtension>
        </extensions>
      </trkpt>
      <trkpt lat="28.803759717587884" lon="115.87454681157472">
        <ele>37.518037100322545</ele>
        <time>1970-01-01T00:12:15.600000Z</time>
        <extensions>
          <gpxtpx:TrackPointExtension>
            <gpxtpx:hr>174</gpxtpx:hr>
          </gpxtpx:TrackPointExtension>
        </extensions>
      </trkpt>
      <trkpt lat="28.803782448392454" lon="115.87454882113512">
        <ele>37.55972835421562</ele>
        <time>1970-01-01T00:12:16.600000Z</time>
        <extensions>
          <gpxtpx:TrackPointExtension>
            <gpxtpx:hr>174</gpxtpx:hr>
          </gpxtpx:TrackPointExtension>
        </extensions>
      </trkpt>
      <trkpt lat="28.80380497907145" lon="115.87455097250003">
        <ele>37.614128487184644</ele>
        <time>1970-01-01T00:12:17.600000Z</time>
        <extensions>
          <gpxtpx:TrackPointExtension>
            <gpxtpx:hr>174</gpxtpx:hr>
          </gpxtpx:TrackPointExtension>
        </extensions>
      </trkpt>
      <trkpt lat="28.803827661497298" lon="115.87455277308987">
        <ele>37.67971435375512</ele>
        <time>1970-01-01T00:12:18.600000Z</time>
        <extensions>
          <gpxtpx:TrackPointExtension>
            <gpxtpx:hr>174</gpxtpx:hr>
          </gpxtpx:TrackPointExtension>
        </extensions>
      </trkpt>
      <trkpt lat="28.803850509189896" lon="115.87455462464393">
        <ele>37.75277900695801</ele>
        <time>1970-01-01T00:12:19.600000Z</time>
        <extensions>
          <gpxtpx:TrackPointExtension>
            <gpxtpx:hr>174</gpxtpx:hr>
          </gpxtpx:TrackPointExtension>
        </extensions>
      </trkpt>
      <trkpt lat="28.80387284903272" lon="115.87455680461576">
        <ele>37.82718876749277</ele>
        <time>1970-01-01T00:12:20.600000Z</time>
        <extensions>
          <gpxtpx:TrackPointExtension>
            <gpxtpx:hr>174</gpxtpx:hr>
          </gpxtpx:TrackPointExtension>
        </extensions>
      </trkpt>
      <trkpt lat="28.803894533891803" lon="115.87455954357156">
        <ele>37.89358370192349</ele>
        <time>1970-01-01T00:12:21.600000Z</time>
        <extensions>
          <gpxtpx:TrackPointExtension>
            <gpxtpx:hr>174</gpxtpx:hr>
          </gpxtpx:TrackPointExtension>
        </extensions>
      </trkpt>
      <trkpt lat="28.803915621678744" lon="115.87456226739407">
        <ele>37.94390381593257</ele>
        <time>1970-01-01T00:12:22.600000Z</time>
        <extensions>
          <gpxtpx:TrackPointExtension>
            <gpxtpx:hr>174</gpxtpx:hr>
          </gpxtpx:TrackPointExtension>
        </extensions>
      </trkpt>
      <trkpt lat="28.803936221603795" lon="115.8745643080356">
        <ele>37.970849281176925</ele>
        <time>1970-01-01T00:12:23.600000Z</time>
        <extensions>
          <gpxtpx:TrackPointExtension>
            <gpxtpx:hr>174</gpxtpx:hr>
          </gpxtpx:TrackPointExtension>
        </extensions>
      </trkpt>
      <trkpt lat="28.803956922709855" lon="115.87456587848834">
        <ele>37.970222778618336</ele>
        <time>1970-01-01T00:12:24.600000Z</time>
        <extensions>
          <gpxtpx:TrackPointExtension>
            <gpxtpx:hr>174</gpxtpx:hr>
          </gpxtpx:TrackPointExtension>
        </extensions>
      </trkpt>
      <trkpt lat="28.803978016518858" lon="115.87456733701944">
        <ele>37.941873454488814</ele>
        <time>1970-01-01T00:12:25.600000Z</time>
        <extensions>
          <gpxtpx:TrackPointExtension>
            <gpxtpx:hr>175</gpxtpx:hr>
          </gpxtpx:TrackPointExtension>
        </extensions>
      </trkpt>
      <trkpt lat="28.80399935006225" lon="115.87456929541382">
        <ele>37.889964170753956</ele>
        <time>1970-01-01T00:12:26.600000Z</time>
        <extensions>
          <gpxtpx:TrackPointExtension>
            <gpxtpx:hr>175</gpxtpx:hr>
          </gpxtpx:TrackPointExtension>
        </extensions>
      </trkpt>
      <trkpt lat="28.8040209380022" lon="115.87457168667603">
        <ele>37.821808504872024</ele>
        <time>1970-01-01T00:12:27.600000Z</time>
        <extensions>
          <gpxtpx:TrackPointExtension>
            <gpxtpx:hr>175</gpxtpx:hr>
          </gpxtpx:TrackPointExtension>
        </extensions>
      </trkpt>
      <trkpt lat="28.804043197969538" lon="115.87457378707673">
        <ele>37.7472768612206</ele>
        <time>1970-01-01T00:12:28.600000Z</time>
        <extensions>
          <gpxtpx:TrackPointExtension>
            <gpxtpx:hr>175</gpxtpx:hr>
          </gpxtpx:TrackPointExtension>
        </extensions>
      </trkpt>
      <trkpt lat="28.804066244401685" lon="115.8745756932217">
        <ele>37.676543382927775</ele>
        <time>1970-01-01T00:12:29.600000Z</time>
        <extensions>
          <gpxtpx:TrackPointExtension>
            <gpxtpx:hr>175</gpxtpx:hr>
          </gpxtpx:TrackPointExtension>
        </extensions>
      </trkpt>
      <trkpt lat="28.80408937378592" lon="115.87457802042279">
        <ele>37.6176792671904</ele>
        <time>1970-01-01T00:12:30.600000Z</time>
        <extensions>
          <gpxtpx:TrackPointExtension>
            <gpxtpx:hr>175</gpxtpx:hr>
          </gpxtpx:TrackPointExtension>
        </extensions>
      </trkpt>
      <trkpt lat="28.804112188837006" lon="115.87458110065079">
        <ele>37.574778120964766</ele>
        <time>1970-01-01T00:12:31.600000Z</time>
        <extensions>
          <gpxtpx:TrackPointExtension>
            <gpxtpx:hr>175</gpxtpx:hr>
          </gpxtpx:TrackPointExtension>
        </extensions>
      </trkpt>
      <trkpt lat="28.80413503808957" lon="115.87458474301526">
        <ele>37.5486104330048</ele>
        <time>1970-01-01T00:12:32.600000Z</time>
        <extensions>
          <gpxtpx:TrackPointExtension>
            <gpxtpx:hr>175</gpxtpx:hr>
          </gpxtpx:TrackPointExtension>
        </extensions>
      </trkpt>
      <trkpt lat="28.80415799674286" lon="115.87458823217442">
        <ele>37.536458656191826</ele>
        <time>1970-01-01T00:12:33.600000Z</time>
        <extensions>
          <gpxtpx:TrackPointExtension>
            <gpxtpx:hr>176</gpxtpx:hr>
          </gpxtpx:TrackPointExtension>
        </extensions>
      </trkpt>
      <trkpt lat="28.804180802772233" lon="115.87459200680064">
        <ele>37.53370375186205</ele>
        <time>1970-01-01T00:12:34.600000Z</time>
        <extensions>
          <gpxtpx:TrackPointExtension>
            <gpxtpx:hr>176</gpxtpx:hr>
          </gpxtpx:TrackPointExtension>
        </extensions>
      </trkpt>
      <trkpt lat="28.80420330266121" lon="115.8745964861804">
        <ele>37.53547373320907</ele>
        <time>1970-01-01T00:12:35.600000Z</time>
        <extensions>
          <gpxtpx:TrackPointExtension>
            <gpxtpx:hr>176</gpxtpx:hr>
          </gpxtpx:TrackPointExtension>
        </extensions>
      </trkpt>
      <trkpt lat="28.804225070744682" lon="115.87460089743702">
        <ele>37.537976370193064</ele>
        <time>1970-01-01T00:12:36.600000Z</time>
        <extensions>
          <gpxtpx:TrackPointExtension>
            <gpxtpx:hr>176</gpxtpx:hr>
          </gpxtpx:TrackPointExtension>
        </extensions>
      </trkpt>
      <trkpt lat="28.80424608919941" lon="115.8746044994347">
        <ele>37.538189199753106</ele>
        <time>1970-01-01T00:12:37.600000Z</time>
        <extensions>
          <gpxtpx:TrackPointExtension>
            <gpxtpx:hr>176</gpxtpx:hr>
          </gpxtpx:TrackPointExtension>
        </extensions>
      </trkpt>
      <trkpt lat="28.804267072075024" lon="115.87460734007257">
        <ele>37.5348700247705</ele>
        <time>1970-01-01T00:12:38.600000Z</time>
        <extensions>
          <gpxtpx:TrackPointExtension>
            <gpxtpx:hr>175</gpxtpx:hr>
          </gpxtpx:TrackPointExtension>
        </extensions>
      </trkpt>
      <trkpt lat="28.80428839312759" lon="115.87460999773971">
        <ele>37.52893622498959</ele>
        <time>1970-01-01T00:12:39.600000Z</time>
        <extensions>
          <gpxtpx:TrackPointExtension>
            <gpxtpx:hr>175</gpxtpx:hr>
          </gpxtpx:TrackPointExtension>
        </extensions>
      </trkpt>
      <trkpt lat="28.80430996663683" lon="115.87461331283593">
        <ele>37.5232221018523</ele>
        <time>1970-01-01T00:12:40.600000Z</time>
        <extensions>
          <gpxtpx:TrackPointExtension>
            <gpxtpx:hr>175</gpxtpx:hr>
          </gpxtpx:TrackPointExtension>
        </extensions>
      </trkpt>
      <trkpt lat="28.80433169684834" lon="115.87461785898147">
        <ele>37.52054257970303</ele>
        <time>1970-01-01T00:12:41.600000Z</time>
        <extensions>
          <gpxtpx:TrackPointExtension>
            <gpxtpx:hr>176</gpxtpx:hr>
          </gpxtpx:TrackPointExtension>
        </extensions>
      </trkpt>
      <trkpt lat="28.804353725943646" lon="115.87462333888162">
        <ele>37.522130861878395</ele>
        <time>1970-01-01T00:12:42.600000Z</time>
        <extensions>
          <gpxtpx:TrackPointExtension>
            <gpxtpx:hr>176</gpxtpx:hr>
          </gpxtpx:TrackPointExtension>
        </extensions>
      </trkpt>
      <trkpt lat="28.804376243898727" lon="115.87462977681207">
        <ele>37.527487645857036</ele>
        <time>1970-01-01T00:12:43.600000Z</time>
        <extensions>
          <gpxtpx:TrackPointExtension>
            <gpxtpx:hr>176</gpxtpx:hr>
          </gpxtpx:TrackPointExtension>
        </extensions>
      </trkpt>
      <trkpt lat="28.804398915615216" lon="115.87463630135538">
        <ele>37.53494346514344</ele>
        <time>1970-01-01T00:12:44.600000Z</time>
        <extensions>
          <gpxtpx:TrackPointExtension>
            <gpxtpx:hr>176</gpxtpx:hr>
          </gpxtpx:TrackPointExtension>
        </extensions>
      </trkpt>
      <trkpt lat="28.8044216880274" lon="115.87464200186831">
        <ele>37.54199684038758</ele>
        <time>1970-01-01T00:12:45.600000Z</time>
        <extensions>
          <gpxtpx:TrackPointExtension>
            <gpxtpx:hr>176</gpxtpx:hr>
          </gpxtpx:TrackPointExtension>
        </extensions>
      </trkpt>
      <trkpt lat="28.804444892893446" lon="115.87464721040509">
        <ele>37.54610868450254</ele>
        <time>1970-01-01T00:12:46.600000Z</time>
        <extensions>
          <gpxtpx:TrackPointExtension>
            <gpxtpx:hr>176</gpxtpx:hr>
          </gpxtpx:TrackPointExtension>
        </extensions>
      </trkpt>
      <trkpt lat="28.804468281030395" lon="115.87465218285186">
        <ele>37.546559176407754</ele>
        <time>1970-01-01T00:12:47.600000Z</time>
        <extensions>
          <gpxtpx:TrackPointExtension>
            <gpxtpx:hr>176</gpxtpx:hr>
          </gpxtpx:TrackPointExtension>
        </extensions>
      </trkpt>
      <trkpt lat="28.804491949645016" lon="115.87465740115418">
        <ele>37.54429332073778</ele>
        <time>1970-01-01T00:12:48.600000Z</time>
        <extensions>
          <gpxtpx:TrackPointExtension>
            <gpxtpx:hr>176</gpxtpx:hr>
          </gpxtpx:TrackPointExtension>
        </extensions>
      </trkpt>
      <trkpt lat="28.80451578180476" lon="115.87466300429708">
        <ele>37.540521178394556</ele>
        <time>1970-01-01T00:12:49.600000Z</time>
        <extensions>
          <gpxtpx:TrackPointExtension>
            <gpxtpx:hr>176</gpxtpx:hr>
          </gpxtpx:TrackPointExtension>
        </extensions>
      </trkpt>
      <trkpt lat="28.804539277654094" lon="115.87466887859075">
        <ele>37.53684979863465</ele>
        <time>1970-01-01T00:12:50.600000Z</time>
        <extensions>
          <gpxtpx:TrackPointExtension>
            <gpxtpx:hr>176</gpxtpx:hr>
          </gpxtpx:TrackPointExtension>
        </extensions>
      </trkpt>
      <trkpt lat="28.804562340765454" lon="115.87467531040733">
        <ele>37.53539342060685</ele>
        <time>1970-01-01T00:12:51.600000Z</time>
        <extensions>
          <gpxtpx:TrackPointExtension>
            <gpxtpx:hr>176</gpxtpx:hr>
          </gpxtpx:TrackPointExtension>
        </extensions>
      </trkpt>
      <trkpt lat="28.80458535024631" lon="115.87468189096695">
        <ele>37.53833193983883</ele>
        <time>1970-01-01T00:12:52.600000Z</time>
        <extensions>
          <gpxtpx:TrackPointExtension>
            <gpxtpx:hr>175</gpxtpx:hr>
          </gpxtpx:TrackPointExtension>
        </extensions>
      </trkpt>
      <trkpt lat="28.8046086648035" lon="115.87468841054714">
        <ele>37.54768143966794</ele>
        <time>1970-01-01T00:12:53.600000Z</time>
        <extensions>
          <gpxtpx:TrackPointExtension>
            <gpxtpx:hr>175</gpxtpx:hr>
          </gpxtpx:TrackPointExtension>
        </extensions>
      </trkpt>
      <trkpt lat="28.804632186959676" lon="115.87469547142321">
        <ele>37.565792601555586</ele>
        <time>1970-01-01T00:12:54.600000Z</time>
        <extensions>
          <gpxtpx:TrackPointExtension>
            <gpxtpx:hr>175</gpxtpx:hr>
          </gpxtpx:TrackPointExtension>
        </extensions>
      </trkpt>
      <trkpt lat="28.804655764812804" lon="115.87470257282556">
        <ele>37.59496676083654</ele>
        <time>1970-01-01T00:12:55.600000Z</time>
        <extensions>
          <gpxtpx:TrackPointExtension>
            <gpxtpx:hr>175</gpxtpx:hr>
          </gpxtpx:TrackPointExtension>
        </extensions>
      </trkpt>
      <trkpt lat="28.804678578530392" lon="115.87470950612374">
        <ele>37.63657141942531</ele>
        <time>1970-01-01T00:12:56.600000Z</time>
        <extensions>
          <gpxtpx:TrackPointExtension>
            <gpxtpx:hr>175</gpxtpx:hr>
          </gpxtpx:TrackPointExtension>
        </extensions>
      </trkpt>
      <trkpt lat="28.804700287297013" lon="115.87471667074416">
        <ele>37.68988856393844</ele>
        <time>1970-01-01T00:12:57.600000Z</time>
        <extensions>
          <gpxtpx:TrackPointExtension>
            <gpxtpx:hr>177</gpxtpx:hr>
          </gpxtpx:TrackPointExtension>
        </extensions>
      </trkpt>
      <trkpt lat="28.804721275202894" lon="115.87472422909147">
        <ele>37.751744074746966</ele>
        <time>1970-01-01T00:12:58.600000Z</time>
        <extensions>
          <gpxtpx:TrackPointExtension>
            <gpxtpx:hr>177</gpxtpx:hr>
          </gpxtpx:TrackPointExtension>
        </extensions>
      </trkpt>
      <trkpt lat="28.80474187375484" lon="115.87473254119725">
        <ele>37.81657286453992</ele>
        <time>1970-01-01T00:12:59.600000Z</time>
        <extensions>
          <gpxtpx:TrackPointExtension>
            <gpxtpx:hr>177</gpxtpx:hr>
          </gpxtpx:TrackPointExtension>
        </extensions>
      </trkpt>
      <trkpt lat="28.804762411239995" lon="115.87474140429906">
        <ele>37.880205255933106</ele>
        <time>1970-01-01T00:13:00.600000Z</time>
        <extensions>
          <gpxtpx:TrackPointExtension>
            <gpxtpx:hr>177</gpxtpx:hr>
          </gpxtpx:TrackPointExtension>
        </extensions>
      </trkpt>
      <trkpt lat="28.804783042616364" lon="115.87475001274962">
        <ele>37.93941753450781</ele>
        <time>1970-01-01T00:13:01.600000Z</time>
        <extensions>
          <gpxtpx:TrackPointExtension>
            <gpxtpx:hr>177</gpxtpx:hr>
          </gpxtpx:TrackPointExtension>
        </extensions>
      </trkpt>
      <trkpt lat="28.80480364627608" lon="115.87475802834591">
        <ele>37.99274605792016</ele>
        <time>1970-01-01T00:13:02.600000Z</time>
        <extensions>
          <gpxtpx:TrackPointExtension>
            <gpxtpx:hr>177</gpxtpx:hr>
          </gpxtpx:TrackPointExtension>
        </extensions>
      </trkpt>
      <trkpt lat="28.804824096714324" lon="115.8747653122268">
        <ele>38.04093928541988</ele>
        <time>1970-01-01T00:13:03.600000Z</time>
        <extensions>
          <gpxtpx:TrackPointExtension>
            <gpxtpx:hr>174</gpxtpx:hr>
          </gpxtpx:TrackPointExtension>
        </extensions>
      </trkpt>
      <trkpt lat="28.80484482594142" lon="115.87477167744842">
        <ele>38.087388274259865</ele>
        <time>1970-01-01T00:13:04.600000Z</time>
        <extensions>
          <gpxtpx:TrackPointExtension>
            <gpxtpx:hr>174</gpxtpx:hr>
          </gpxtpx:TrackPointExtension>
        </extensions>
      </trkpt>
      <trkpt lat="28.80486564358773" lon="115.87477750141154">
        <ele>38.13486139662564</ele>
        <time>1970-01-01T00:13:05.600000Z</time>
        <extensions>
          <gpxtpx:TrackPointExtension>
            <gpxtpx:hr>174</gpxtpx:hr>
          </gpxtpx:TrackPointExtension>
        </extensions>
      </trkpt>
      <trkpt lat="28.80488636902626" lon="115.87478279120329">
        <ele>38.18645691219717</ele>
        <time>1970-01-01T00:13:06.600000Z</time>
        <extensions>
          <gpxtpx:TrackPointExtension>
            <gpxtpx:hr>174</gpxtpx:hr>
          </gpxtpx:TrackPointExtension>
        </extensions>
      </trkpt>
      <trkpt lat="28.80490680032831" lon="115.8747868882734">
        <ele>38.24580428190529</ele>
        <time>1970-01-01T00:13:07.600000Z</time>
        <extensions>
          <gpxtpx:TrackPointExtension>
            <gpxtpx:hr>174</gpxtpx:hr>
          </gpxtpx:TrackPointExtension>
        </extensions>
      </trkpt>
      <trkpt lat="28.804926698055635" lon="115.87478935971016">
        <ele>38.314978171139956</ele>
        <time>1970-01-01T00:13:08.600000Z</time>
        <extensions>
          <gpxtpx:TrackPointExtension>
            <gpxtpx:hr>174</gpxtpx:hr>
          </gpxtpx:TrackPointExtension>
        </extensions>
      </trkpt>
      <trkpt lat="28.804947463898973" lon="115.87479210241806">
        <ele>38.393061216920614</ele>
        <time>1970-01-01T00:13:09.600000Z</time>
        <extensions>
          <gpxtpx:TrackPointExtension>
            <gpxtpx:hr>174</gpxtpx:hr>
          </gpxtpx:TrackPointExtension>
        </extensions>
      </trkpt>
      <trkpt lat="28.80496952333123" lon="115.87479733727228">
        <ele>38.47654597368091</ele>
        <time>1970-01-01T00:13:10.600000Z</time>
        <extensions>
          <gpxtpx:TrackPointExtension>
            <gpxtpx:hr>174</gpxtpx:hr>
          </gpxtpx:TrackPointExtension>
        </extensions>
      </trkpt>
      <trkpt lat="28.804992139936502" lon="115.87480444611663">
        <ele>38.559359521605074</ele>
        <time>1970-01-01T00:13:11.600000Z</time>
        <extensions>
          <gpxtpx:TrackPointExtension>
            <gpxtpx:hr>174</gpxtpx:hr>
          </gpxtpx:TrackPointExtension>
        </extensions>
      </trkpt>
      <trkpt lat="28.805014597473654" lon="115.8748117011025">
        <ele>38.63327025063336</ele>
        <time>1970-01-01T00:13:12.600000Z</time>
        <extensions>
          <gpxtpx:TrackPointExtension>
            <gpxtpx:hr>174</gpxtpx:hr>
          </gpxtpx:TrackPointExtension>
        </extensions>
      </trkpt>
      <trkpt lat="28.805036271590755" lon="115.87481818265658">
        <ele>38.692177820019424</ele>
        <time>1970-01-01T00:13:13.600000Z</time>
        <extensions>
          <gpxtpx:TrackPointExtension>
            <gpxtpx:hr>173</gpxtpx:hr>
          </gpxtpx:TrackPointExtension>
        </extensions>
      </trkpt>
      <trkpt lat="28.80505764618496" lon="115.87482371330388">
        <ele>38.74176159966737</ele>
        <time>1970-01-01T00:13:14.600000Z</time>
        <extensions>
          <gpxtpx:TrackPointExtension>
            <gpxtpx:hr>173</gpxtpx:hr>
          </gpxtpx:TrackPointExtension>
        </extensions>
      </trkpt>
      <trkpt lat="28.805078976221537" lon="115.8748289752639">
        <ele>38.77870652638376</ele>
        <time>1970-01-01T00:13:15.600000Z</time>
        <extensions>
          <gpxtpx:TrackPointExtension>
            <gpxtpx:hr>173</gpxtpx:hr>
          </gpxtpx:TrackPointExtension>
        </extensions>
      </trkpt>
      <trkpt lat="28.805100333685985" lon="115.8748345059471">
        <ele>38.8020754577592</ele>
        <time>1970-01-01T00:13:16.600000Z</time>
        <extensions>
          <gpxtpx:TrackPointExtension>
            <gpxtpx:hr>173</gpxtpx:hr>
          </gpxtpx:TrackPointExtension>
        </extensions>
      </trkpt>
      <trkpt lat="28.805121638205833" lon="115.87483997589872">
        <ele>38.81817918457091</ele>
        <time>1970-01-01T00:13:17.600000Z</time>
        <extensions>
          <gpxtpx:TrackPointExtension>
            <gpxtpx:hr>173</gpxtpx:hr>
          </gpxtpx:TrackPointExtension>
        </extensions>
      </trkpt>
      <trkpt lat="28.805142753729733" lon="115.87484603882547">
        <ele>38.835900424048305</ele>
        <time>1970-01-01T00:13:18.600000Z</time>
        <extensions>
          <gpxtpx:TrackPointExtension>
            <gpxtpx:hr>174</gpxtpx:hr>
          </gpxtpx:TrackPointExtension>
        </extensions>
      </trkpt>
      <trkpt lat="28.805163508100435" lon="115.87485368129212">
        <ele>38.86094601638615</ele>
        <time>1970-01-01T00:13:19.600000Z</time>
        <extensions>
          <gpxtpx:TrackPointExtension>
            <gpxtpx:hr>174</gpxtpx:hr>
          </gpxtpx:TrackPointExtension>
        </extensions>
      </trkpt>
      <trkpt lat="28.80518233284461" lon="115.87486314657828">
        <ele>38.89446952100843</ele>
        <time>1970-01-01T00:13:20.600000Z</time>
        <extensions>
          <gpxtpx:TrackPointExtension>
            <gpxtpx:hr>174</gpxtpx:hr>
          </gpxtpx:TrackPointExtension>
        </extensions>
      </trkpt>
      <trkpt lat="28.805199203141466" lon="115.8748745252088">
        <ele>38.931797593832016</ele>
        <time>1970-01-01T00:13:21.600000Z</time>
        <extensions>
          <gpxtpx:TrackPointExtension>
            <gpxtpx:hr>174</gpxtpx:hr>
          </gpxtpx:TrackPointExtension>
        </extensions>
      </trkpt>
      <trkpt lat="28.805215235506825" lon="115.87488747489247">
        <ele>38.961659603752196</ele>
        <time>1970-01-01T00:13:22.600000Z</time>
        <extensions>
          <gpxtpx:TrackPointExtension>
            <gpxtpx:hr>174</gpxtpx:hr>
          </gpxtpx:TrackPointExtension>
        </extensions>
      </trkpt>
      <trkpt lat="28.805230918751157" lon="115.87490041870515">
        <ele>38.965768554247916</ele>
        <time>1970-01-01T00:13:23.600000Z</time>
        <extensions>
          <gpxtpx:TrackPointExtension>
            <gpxtpx:hr>174</gpxtpx:hr>
          </gpxtpx:TrackPointExtension>
        </extensions>
      </trkpt>
      <trkpt lat="28.80523642484613" lon="115.87490467765356">
        <ele>38.96598798688501</ele>
        <time>1970-01-01T00:13:24Z</time>
        <extensions>
          <gpxtpx:TrackPointExtension>
            <gpxtpx:hr>174</gpxtpx:hr>
          </gpxtpx:TrackPointExtension>
        </extensions>
      </trkpt>
      <trkpt lat="28.80524712751386" lon="115.87491223645706">
        <ele>38.95918762590736</ele>
        <time>1970-01-01T00:13:24.600000Z</time>
        <extensions>
          <gpxtpx:TrackPointExtension>
            <gpxtpx:hr>174</gpxtpx:hr>
          </gpxtpx:TrackPointExtension>
        </extensions>
      </trkpt>
      <trkpt lat="28.805265304749152" lon="115.8749225262099">
        <ele>38.9529778752476</ele>
        <time>1970-01-01T00:13:25.600000Z</time>
        <extensions>
          <gpxtpx:TrackPointExtension>
            <gpxtpx:hr>176</gpxtpx:hr>
          </gpxtpx:TrackPointExtension>
        </extensions>
      </trkpt>
      <trkpt lat="28.80528516472861" lon="115.8749314671695">
        <ele>38.95089767314494</ele>
        <time>1970-01-01T00:13:26.600000Z</time>
        <extensions>
          <gpxtpx:TrackPointExtension>
            <gpxtpx:hr>176</gpxtpx:hr>
          </gpxtpx:TrackPointExtension>
        </extensions>
      </trkpt>
      <trkpt lat="28.80530568787599" lon="115.87493997942126">
        <ele>38.94629066064954</ele>
        <time>1970-01-01T00:13:27.600000Z</time>
        <extensions>
          <gpxtpx:TrackPointExtension>
            <gpxtpx:hr>176</gpxtpx:hr>
          </gpxtpx:TrackPointExtension>
        </extensions>
      </trkpt>
      <trkpt lat="28.805326422680587" lon="115.87494921070048">
        <ele>38.93738013878465</ele>
        <time>1970-01-01T00:13:28.600000Z</time>
        <extensions>
          <gpxtpx:TrackPointExtension>
            <gpxtpx:hr>176</gpxtpx:hr>
          </gpxtpx:TrackPointExtension>
        </extensions>
      </trkpt>
      <trkpt lat="28.805346580604336" lon="115.8749590122669">
        <ele>38.92632715124637</ele>
        <time>1970-01-01T00:13:29.600000Z</time>
        <extensions>
          <gpxtpx:TrackPointExtension>
            <gpxtpx:hr>176</gpxtpx:hr>
          </gpxtpx:TrackPointExtension>
        </extensions>
      </trkpt>
      <trkpt lat="28.805365567263532" lon="115.87496855101347">
        <ele>38.917173532769084</ele>
        <time>1970-01-01T00:13:30.600000Z</time>
        <extensions>
          <gpxtpx:TrackPointExtension>
            <gpxtpx:hr>176</gpxtpx:hr>
          </gpxtpx:TrackPointExtension>
        </extensions>
      </trkpt>
      <trkpt lat="28.80538444899833" lon="115.87497856559423">
        <ele>38.913890425115824</ele>
        <time>1970-01-01T00:13:31.600000Z</time>
        <extensions>
          <gpxtpx:TrackPointExtension>
            <gpxtpx:hr>176</gpxtpx:hr>
          </gpxtpx:TrackPointExtension>
        </extensions>
      </trkpt>
      <trkpt lat="28.805404204733236" lon="115.87498970986678">
        <ele>38.91838592197746</ele>
        <time>1970-01-01T00:13:32.600000Z</time>
        <extensions>
          <gpxtpx:TrackPointExtension>
            <gpxtpx:hr>176</gpxtpx:hr>
          </gpxtpx:TrackPointExtension>
        </extensions>
      </trkpt>
      <trkpt lat="28.805424884265047" lon="115.87500118459714">
        <ele>38.93204233981669</ele>
        <time>1970-01-01T00:13:33.600000Z</time>
        <extensions>
          <gpxtpx:TrackPointExtension>
            <gpxtpx:hr>176</gpxtpx:hr>
          </gpxtpx:TrackPointExtension>
        </extensions>
      </trkpt>
      <trkpt lat="28.80544595210395" lon="115.87501200183164">
        <ele>38.954571888782084</ele>
        <time>1970-01-01T00:13:34.600000Z</time>
        <extensions>
          <gpxtpx:TrackPointExtension>
            <gpxtpx:hr>175</gpxtpx:hr>
          </gpxtpx:TrackPointExtension>
        </extensions>
      </trkpt>
      <trkpt lat="28.805466654823324" lon="115.87502172357725">
        <ele>38.98378974571824</ele>
        <time>1970-01-01T00:13:35.600000Z</time>
        <extensions>
          <gpxtpx:TrackPointExtension>
            <gpxtpx:hr>175</gpxtpx:hr>
          </gpxtpx:TrackPointExtension>
        </extensions>
      </trkpt>
      <trkpt lat="28.805487387625064" lon="115.87503068235966">
        <ele>39.019159246236086</ele>
        <time>1970-01-01T00:13:36.600000Z</time>
        <extensions>
          <gpxtpx:TrackPointExtension>
            <gpxtpx:hr>175</gpxtpx:hr>
          </gpxtpx:TrackPointExtension>
        </extensions>
      </trkpt>
      <trkpt lat="28.805508221165315" lon="115.87503929606221">
        <ele>39.062633680179715</ele>
        <time>1970-01-01T00:13:37.600000Z</time>
        <extensions>
          <gpxtpx:TrackPointExtension>
            <gpxtpx:hr>175</gpxtpx:hr>
          </gpxtpx:TrackPointExtension>
        </extensions>
      </trkpt>
      <trkpt lat="28.805529032303195" lon="115.87504830955756">
        <ele>39.11617894191295</ele>
        <time>1970-01-01T00:13:38.600000Z</time>
        <extensions>
          <gpxtpx:TrackPointExtension>
            <gpxtpx:hr>175</gpxtpx:hr>
          </gpxtpx:TrackPointExtension>
        </extensions>
      </trkpt>
      <trkpt lat="28.80555007707852" lon="115.87505785604121">
        <ele>39.18259163759649</ele>
        <time>1970-01-01T00:13:39.600000Z</time>
        <extensions>
          <gpxtpx:TrackPointExtension>
            <gpxtpx:hr>175</gpxtpx:hr>
          </gpxtpx:TrackPointExtension>
        </extensions>
      </trkpt>
      <trkpt lat="28.805571255805955" lon="115.87506757362772">
        <ele>39.2667042221874</ele>
        <time>1970-01-01T00:13:40.600000Z</time>
        <extensions>
          <gpxtpx:TrackPointExtension>
            <gpxtpx:hr>175</gpxtpx:hr>
          </gpxtpx:TrackPointExtension>
        </extensions>
      </trkpt>
      <trkpt lat="28.80559299631604" lon="115.87507734529296">
        <ele>39.37158866785467</ele>
        <time>1970-01-01T00:13:41.600000Z</time>
        <extensions>
          <gpxtpx:TrackPointExtension>
            <gpxtpx:hr>175</gpxtpx:hr>
          </gpxtpx:TrackPointExtension>
        </extensions>
      </trkpt>
      <trkpt lat="28.805614884858258" lon="115.87508680266482">
        <ele>39.49772570375353</ele>
        <time>1970-01-01T00:13:42.600000Z</time>
        <extensions>
          <gpxtpx:TrackPointExtension>
            <gpxtpx:hr>175</gpxtpx:hr>
          </gpxtpx:TrackPointExtension>
        </extensions>
      </trkpt>
      <trkpt lat="28.80563628949351" lon="115.87509570596335">
        <ele>39.642174895852804</ele>
        <time>1970-01-01T00:13:43.600000Z</time>
        <extensions>
          <gpxtpx:TrackPointExtension>
            <gpxtpx:hr>175</gpxtpx:hr>
          </gpxtpx:TrackPointExtension>
        </extensions>
      </trkpt>
      <trkpt lat="28.805657574178397" lon="115.87510431368321">
        <ele>39.7981195775792</ele>
        <time>1970-01-01T00:13:44.600000Z</time>
        <extensions>
          <gpxtpx:TrackPointExtension>
            <gpxtpx:hr>175</gpxtpx:hr>
          </gpxtpx:TrackPointExtension>
        </extensions>
      </trkpt>
      <trkpt lat="28.805678812193168" lon="115.87511310193806">
        <ele>39.955208596773446</ele>
        <time>1970-01-01T00:13:45.600000Z</time>
        <extensions>
          <gpxtpx:TrackPointExtension>
            <gpxtpx:hr>175</gpxtpx:hr>
          </gpxtpx:TrackPointExtension>
        </extensions>
      </trkpt>
      <trkpt lat="28.805699596901974" lon="115.87512253411315">
        <ele>40.098804774694145</ele>
        <time>1970-01-01T00:13:46.600000Z</time>
        <extensions>
          <gpxtpx:TrackPointExtension>
            <gpxtpx:hr>175</gpxtpx:hr>
          </gpxtpx:TrackPointExtension>
        </extensions>
      </trkpt>
      <trkpt lat="28.805718921802217" lon="115.87513261343112">
        <ele>40.215607897378504</ele>
        <time>1970-01-01T00:13:47.600000Z</time>
        <extensions>
          <gpxtpx:TrackPointExtension>
            <gpxtpx:hr>175</gpxtpx:hr>
          </gpxtpx:TrackPointExtension>
        </extensions>
      </trkpt>
      <trkpt lat="28.80573706800913" lon="115.87514224438245">
        <ele>40.29703508038074</ele>
        <time>1970-01-01T00:13:48.600000Z</time>
        <extensions>
          <gpxtpx:TrackPointExtension>
            <gpxtpx:hr>175</gpxtpx:hr>
          </gpxtpx:TrackPointExtension>
        </extensions>
      </trkpt>
      <trkpt lat="28.80575556740844" lon="115.87515124625499">
        <ele>40.33986503817141</ele>
        <time>1970-01-01T00:13:49.600000Z</time>
        <extensions>
          <gpxtpx:TrackPointExtension>
            <gpxtpx:hr>175</gpxtpx:hr>
          </gpxtpx:TrackPointExtension>
        </extensions>
      </trkpt>
      <trkpt lat="28.80577460357336" lon="115.87516043318288">
        <ele>40.34516379516572</ele>
        <time>1970-01-01T00:13:50.600000Z</time>
        <extensions>
          <gpxtpx:TrackPointExtension>
            <gpxtpx:hr>175</gpxtpx:hr>
          </gpxtpx:TrackPointExtension>
        </extensions>
      </trkpt>
      <trkpt lat="28.80579370146264" lon="115.8751699695409">
        <ele>40.31785487756133</ele>
        <time>1970-01-01T00:13:51.600000Z</time>
        <extensions>
          <gpxtpx:TrackPointExtension>
            <gpxtpx:hr>175</gpxtpx:hr>
          </gpxtpx:TrackPointExtension>
        </extensions>
      </trkpt>
      <trkpt lat="28.805813167930793" lon="115.87517999983132">
        <ele>40.26313204318285</ele>
        <time>1970-01-01T00:13:52.600000Z</time>
        <extensions>
          <gpxtpx:TrackPointExtension>
            <gpxtpx:hr>176</gpxtpx:hr>
          </gpxtpx:TrackPointExtension>
        </extensions>
      </trkpt>
      <trkpt lat="28.80583445755561" lon="115.87519102838675">
        <ele>40.184743135236204</ele>
        <time>1970-01-01T00:13:53.600000Z</time>
        <extensions>
          <gpxtpx:TrackPointExtension>
            <gpxtpx:hr>176</gpxtpx:hr>
          </gpxtpx:TrackPointExtension>
        </extensions>
      </trkpt>
      <trkpt lat="28.80585782222984" lon="115.8752027352344">
        <ele>40.08578426763415</ele>
        <time>1970-01-01T00:13:54.600000Z</time>
        <extensions>
          <gpxtpx:TrackPointExtension>
            <gpxtpx:hr>176</gpxtpx:hr>
          </gpxtpx:TrackPointExtension>
        </extensions>
      </trkpt>
      <trkpt lat="28.805881838945794" lon="115.87521356279983">
        <ele>39.96859307959676</ele>
        <time>1970-01-01T00:13:55.600000Z</time>
        <extensions>
          <gpxtpx:TrackPointExtension>
            <gpxtpx:hr>176</gpxtpx:hr>
          </gpxtpx:TrackPointExtension>
        </extensions>
      </trkpt>
      <trkpt lat="28.80590525393893" lon="115.87522290379412">
        <ele>39.83789133653045</ele>
        <time>1970-01-01T00:13:56.600000Z</time>
        <extensions>
          <gpxtpx:TrackPointExtension>
            <gpxtpx:hr>177</gpxtpx:hr>
          </gpxtpx:TrackPointExtension>
        </extensions>
      </trkpt>
      <trkpt lat="28.80592782026607" lon="115.8752311917462">
        <ele>39.70016518328339</ele>
        <time>1970-01-01T00:13:57.600000Z</time>
        <extensions>
          <gpxtpx:TrackPointExtension>
            <gpxtpx:hr>177</gpxtpx:hr>
          </gpxtpx:TrackPointExtension>
        </extensions>
      </trkpt>
      <trkpt lat="28.80594919932081" lon="115.87523873568664">
        <ele>39.56326531432569</ele>
        <time>1970-01-01T00:13:58.600000Z</time>
        <extensions>
          <gpxtpx:TrackPointExtension>
            <gpxtpx:hr>177</gpxtpx:hr>
          </gpxtpx:TrackPointExtension>
        </extensions>
      </trkpt>
      <trkpt lat="28.805969575650067" lon="115.87524615142556">
        <ele>39.436666836962104</ele>
        <time>1970-01-01T00:13:59.600000Z</time>
        <extensions>
          <gpxtpx:TrackPointExtension>
            <gpxtpx:hr>178</gpxtpx:hr>
          </gpxtpx:TrackPointExtension>
        </extensions>
      </trkpt>
      <trkpt lat="28.805990166868185" lon="115.87525388519047">
        <ele>39.3297103587538</ele>
        <time>1970-01-01T00:14:00.600000Z</time>
        <extensions>
          <gpxtpx:TrackPointExtension>
            <gpxtpx:hr>178</gpxtpx:hr>
          </gpxtpx:TrackPointExtension>
        </extensions>
      </trkpt>
      <trkpt lat="28.806010986285557" lon="115.87526180610672">
        <ele>39.25063511636108</ele>
        <time>1970-01-01T00:14:01.600000Z</time>
        <extensions>
          <gpxtpx:TrackPointExtension>
            <gpxtpx:hr>178</gpxtpx:hr>
          </gpxtpx:TrackPointExtension>
        </extensions>
      </trkpt>
      <trkpt lat="28.806031482469773" lon="115.875270256967">
        <ele>39.206270911730826</ele>
        <time>1970-01-01T00:14:02.600000Z</time>
        <extensions>
          <gpxtpx:TrackPointExtension>
            <gpxtpx:hr>178</gpxtpx:hr>
          </gpxtpx:TrackPointExtension>
        </extensions>
      </trkpt>
      <trkpt lat="28.806051466368707" lon="115.87527901403584">
        <ele>39.20180281251669</ele>
        <time>1970-01-01T00:14:03.600000Z</time>
        <extensions>
          <gpxtpx:TrackPointExtension>
            <gpxtpx:hr>178</gpxtpx:hr>
          </gpxtpx:TrackPointExtension>
        </extensions>
      </trkpt>
      <trkpt lat="28.806071436548212" lon="115.87528767330677">
        <ele>39.23696683906019</ele>
        <time>1970-01-01T00:14:04.600000Z</time>
        <extensions>
          <gpxtpx:TrackPointExtension>
            <gpxtpx:hr>177</gpxtpx:hr>
          </gpxtpx:TrackPointExtension>
        </extensions>
      </trkpt>
      <trkpt lat="28.806091655996262" lon="115.87529644035048">
        <ele>39.30927431769669</ele>
        <time>1970-01-01T00:14:05.600000Z</time>
        <extensions>
          <gpxtpx:TrackPointExtension>
            <gpxtpx:hr>177</gpxtpx:hr>
          </gpxtpx:TrackPointExtension>
        </extensions>
      </trkpt>
      <trkpt lat="28.806111334527213" lon="115.87530489781453">
        <ele>39.412977990694344</ele>
        <time>1970-01-01T00:14:06.600000Z</time>
        <extensions>
          <gpxtpx:TrackPointExtension>
            <gpxtpx:hr>177</gpxtpx:hr>
          </gpxtpx:TrackPointExtension>
        </extensions>
      </trkpt>
      <trkpt lat="28.806130641020737" lon="115.87531295920091">
        <ele>39.53948943968862</ele>
        <time>1970-01-01T00:14:07.600000Z</time>
        <extensions>
          <gpxtpx:TrackPointExtension>
            <gpxtpx:hr>177</gpxtpx:hr>
          </gpxtpx:TrackPointExtension>
        </extensions>
      </trkpt>
      <trkpt lat="28.80615016846201" lon="115.87532186772665">
        <ele>39.67815717123449</ele>
        <time>1970-01-01T00:14:08.600000Z</time>
        <extensions>
          <gpxtpx:TrackPointExtension>
            <gpxtpx:hr>177</gpxtpx:hr>
          </gpxtpx:TrackPointExtension>
        </extensions>
      </trkpt>
      <trkpt lat="28.80616966167619" lon="115.87533233749497">
        <ele>39.816743122413754</ele>
        <time>1970-01-01T00:14:09.600000Z</time>
        <extensions>
          <gpxtpx:TrackPointExtension>
            <gpxtpx:hr>176</gpxtpx:hr>
          </gpxtpx:TrackPointExtension>
        </extensions>
      </trkpt>
      <trkpt lat="28.806188997065778" lon="115.87534387673455">
        <ele>39.94192357826978</ele>
        <time>1970-01-01T00:14:10.600000Z</time>
        <extensions>
          <gpxtpx:TrackPointExtension>
            <gpxtpx:hr>176</gpxtpx:hr>
          </gpxtpx:TrackPointExtension>
        </extensions>
      </trkpt>
      <trkpt lat="28.806208120709414" lon="115.875355474143">
        <ele>40.04128188919276</ele>
        <time>1970-01-01T00:14:11.600000Z</time>
        <extensions>
          <gpxtpx:TrackPointExtension>
            <gpxtpx:hr>176</gpxtpx:hr>
          </gpxtpx:TrackPointExtension>
        </extensions>
      </trkpt>
      <trkpt lat="28.80622768894986" lon="115.87536623793775">
        <ele>40.10506478790194</ele>
        <time>1970-01-01T00:14:12.600000Z</time>
        <extensions>
          <gpxtpx:TrackPointExtension>
            <gpxtpx:hr>176</gpxtpx:hr>
          </gpxtpx:TrackPointExtension>
        </extensions>
      </trkpt>
      <trkpt lat="28.806248519120643" lon="115.87537625115992">
        <ele>40.12743316683918</ele>
        <time>1970-01-01T00:14:13.600000Z</time>
        <extensions>
          <gpxtpx:TrackPointExtension>
            <gpxtpx:hr>176</gpxtpx:hr>
          </gpxtpx:TrackPointExtension>
        </extensions>
      </trkpt>
      <trkpt lat="28.806270363266194" lon="115.87538530242196">
        <ele>40.10838338267058</ele>
        <time>1970-01-01T00:14:14.600000Z</time>
        <extensions>
          <gpxtpx:TrackPointExtension>
            <gpxtpx:hr>177</gpxtpx:hr>
          </gpxtpx:TrackPointExtension>
        </extensions>
      </trkpt>
      <trkpt lat="28.806292408269176" lon="115.87539350980943">
        <ele>40.052477040328085</ele>
        <time>1970-01-01T00:14:15.600000Z</time>
        <extensions>
          <gpxtpx:TrackPointExtension>
            <gpxtpx:hr>177</gpxtpx:hr>
          </gpxtpx:TrackPointExtension>
        </extensions>
      </trkpt>
      <trkpt lat="28.806314253547658" lon="115.8754018073445">
        <ele>39.96736812964082</ele>
        <time>1970-01-01T00:14:16.600000Z</time>
        <extensions>
          <gpxtpx:TrackPointExtension>
            <gpxtpx:hr>177</gpxtpx:hr>
          </gpxtpx:TrackPointExtension>
        </extensions>
      </trkpt>
      <trkpt lat="28.80633555381724" lon="115.87541098947995">
        <ele>39.86234626919031</ele>
        <time>1970-01-01T00:14:17.600000Z</time>
        <extensions>
          <gpxtpx:TrackPointExtension>
            <gpxtpx:hr>177</gpxtpx:hr>
          </gpxtpx:TrackPointExtension>
        </extensions>
      </trkpt>
      <trkpt lat="28.8063563844316" lon="115.87542165320106">
        <ele>39.74647546000779</ele>
        <time>1970-01-01T00:14:18.600000Z</time>
        <extensions>
          <gpxtpx:TrackPointExtension>
            <gpxtpx:hr>177</gpxtpx:hr>
          </gpxtpx:TrackPointExtension>
        </extensions>
      </trkpt>
      <trkpt lat="28.80637705534977" lon="115.87543335614458">
        <ele>39.62918798904866</ele>
        <time>1970-01-01T00:14:19.600000Z</time>
        <extensions>
          <gpxtpx:TrackPointExtension>
            <gpxtpx:hr>177</gpxtpx:hr>
          </gpxtpx:TrackPointExtension>
        </extensions>
      </trkpt>
      <trkpt lat="28.806396751119472" lon="115.87544611020981">
        <ele>39.51820580288768</ele>
        <time>1970-01-01T00:14:20.600000Z</time>
        <extensions>
          <gpxtpx:TrackPointExtension>
            <gpxtpx:hr>177</gpxtpx:hr>
          </gpxtpx:TrackPointExtension>
        </extensions>
      </trkpt>
      <trkpt lat="28.806415348799565" lon="115.87545906504393">
        <ele>39.41897186078131</ele>
        <time>1970-01-01T00:14:21.600000Z</time>
        <extensions>
          <gpxtpx:TrackPointExtension>
            <gpxtpx:hr>175</gpxtpx:hr>
          </gpxtpx:TrackPointExtension>
        </extensions>
      </trkpt>
      <trkpt lat="28.806433678482016" lon="115.875470163991">
        <ele>39.3351043863222</ele>
        <time>1970-01-01T00:14:22.600000Z</time>
        <extensions>
          <gpxtpx:TrackPointExtension>
            <gpxtpx:hr>175</gpxtpx:hr>
          </gpxtpx:TrackPointExtension>
        </extensions>
      </trkpt>
      <trkpt lat="28.806452402104537" lon="115.87547938895673">
        <ele>39.26877965964377</ele>
        <time>1970-01-01T00:14:23.600000Z</time>
        <extensions>
          <gpxtpx:TrackPointExtension>
            <gpxtpx:hr>175</gpxtpx:hr>
          </gpxtpx:TrackPointExtension>
        </extensions>
      </trkpt>
      <trkpt lat="28.806471838891753" lon="115.87548776560213">
        <ele>39.22067668661475</ele>
        <time>1970-01-01T00:14:24.600000Z</time>
        <extensions>
          <gpxtpx:TrackPointExtension>
            <gpxtpx:hr>175</gpxtpx:hr>
          </gpxtpx:TrackPointExtension>
        </extensions>
      </trkpt>
      <trkpt lat="28.806492126421954" lon="115.87549658263654">
        <ele>39.191234645433724</ele>
        <time>1970-01-01T00:14:25.600000Z</time>
        <extensions>
          <gpxtpx:TrackPointExtension>
            <gpxtpx:hr>175</gpxtpx:hr>
          </gpxtpx:TrackPointExtension>
        </extensions>
      </trkpt>
      <trkpt lat="28.80651210805354" lon="115.87550689744117">
        <ele>39.181175644509494</ele>
        <time>1970-01-01T00:14:26.600000Z</time>
        <extensions>
          <gpxtpx:TrackPointExtension>
            <gpxtpx:hr>175</gpxtpx:hr>
          </gpxtpx:TrackPointExtension>
        </extensions>
      </trkpt>
      <trkpt lat="28.806530565051176" lon="115.8755182316818">
        <ele>39.19023609254509</ele>
        <time>1970-01-01T00:14:27.600000Z</time>
        <extensions>
          <gpxtpx:TrackPointExtension>
            <gpxtpx:hr>175</gpxtpx:hr>
          </gpxtpx:TrackPointExtension>
        </extensions>
      </trkpt>
      <trkpt lat="28.80654794368693" lon="115.8755295739685">
        <ele>39.21731421910226</ele>
        <time>1970-01-01T00:14:28.600000Z</time>
        <extensions>
          <gpxtpx:TrackPointExtension>
            <gpxtpx:hr>175</gpxtpx:hr>
          </gpxtpx:TrackPointExtension>
        </extensions>
      </trkpt>
      <trkpt lat="28.806565236199518" lon="115.87554010925632">
        <ele>39.25977385696024</ele>
        <time>1970-01-01T00:14:29.600000Z</time>
        <extensions>
          <gpxtpx:TrackPointExtension>
            <gpxtpx:hr>175</gpxtpx:hr>
          </gpxtpx:TrackPointExtension>
        </extensions>
      </trkpt>
      <trkpt lat="28.806582929581428" lon="115.8755489347293">
        <ele>39.31327391322702</ele>
        <time>1970-01-01T00:14:30.600000Z</time>
        <extensions>
          <gpxtpx:TrackPointExtension>
            <gpxtpx:hr>175</gpxtpx:hr>
          </gpxtpx:TrackPointExtension>
        </extensions>
      </trkpt>
      <trkpt lat="28.806601431713514" lon="115.8755565699662">
        <ele>39.37195023614913</ele>
        <time>1970-01-01T00:14:31.600000Z</time>
        <extensions>
          <gpxtpx:TrackPointExtension>
            <gpxtpx:hr>175</gpxtpx:hr>
          </gpxtpx:TrackPointExtension>
        </extensions>
      </trkpt>
      <trkpt lat="28.806620934562783" lon="115.87556364597607">
        <ele>39.43047396373004</ele>
        <time>1970-01-01T00:14:32.600000Z</time>
        <extensions>
          <gpxtpx:TrackPointExtension>
            <gpxtpx:hr>175</gpxtpx:hr>
          </gpxtpx:TrackPointExtension>
        </extensions>
      </trkpt>
      <trkpt lat="28.806641051910816" lon="115.87557065996386">
        <ele>39.48354329261929</ele>
        <time>1970-01-01T00:14:33.600000Z</time>
        <extensions>
          <gpxtpx:TrackPointExtension>
            <gpxtpx:hr>175</gpxtpx:hr>
          </gpxtpx:TrackPointExtension>
        </extensions>
      </trkpt>
      <trkpt lat="28.806661897198577" lon="115.87557831801911">
        <ele>39.527795726433396</ele>
        <time>1970-01-01T00:14:34.600000Z</time>
        <extensions>
          <gpxtpx:TrackPointExtension>
            <gpxtpx:hr>175</gpxtpx:hr>
          </gpxtpx:TrackPointExtension>
        </extensions>
      </trkpt>
      <trkpt lat="28.80668291164782" lon="115.87558618493807">
        <ele>39.56244515348226</ele>
        <time>1970-01-01T00:14:35.600000Z</time>
        <extensions>
          <gpxtpx:TrackPointExtension>
            <gpxtpx:hr>175</gpxtpx:hr>
          </gpxtpx:TrackPointExtension>
        </extensions>
      </trkpt>
      <trkpt lat="28.80670286249875" lon="115.87559395889822">
        <ele>39.589719919487834</ele>
        <time>1970-01-01T00:14:36.600000Z</time>
        <extensions>
          <gpxtpx:TrackPointExtension>
            <gpxtpx:hr>175</gpxtpx:hr>
          </gpxtpx:TrackPointExtension>
        </extensions>
      </trkpt>
      <trkpt lat="28.806721635869117" lon="115.87560215580399">
        <ele>39.613228905014694</ele>
        <time>1970-01-01T00:14:37.600000Z</time>
        <extensions>
          <gpxtpx:TrackPointExtension>
            <gpxtpx:hr>173</gpxtpx:hr>
          </gpxtpx:TrackPointExtension>
        </extensions>
      </trkpt>
      <trkpt lat="28.806740099412167" lon="115.87561057078314">
        <ele>39.638804824091494</ele>
        <time>1970-01-01T00:14:38.600000Z</time>
        <extensions>
          <gpxtpx:TrackPointExtension>
            <gpxtpx:hr>173</gpxtpx:hr>
          </gpxtpx:TrackPointExtension>
        </extensions>
      </trkpt>
      <trkpt lat="28.806759067115383" lon="115.87561828506438">
        <ele>39.671782203018665</ele>
        <time>1970-01-01T00:14:39.600000Z</time>
        <extensions>
          <gpxtpx:TrackPointExtension>
            <gpxtpx:hr>173</gpxtpx:hr>
          </gpxtpx:TrackPointExtension>
        </extensions>
      </trkpt>
      <trkpt lat="28.80677836045868" lon="115.87562540059166">
        <ele>39.71547282766551</ele>
        <time>1970-01-01T00:14:40.600000Z</time>
        <extensions>
          <gpxtpx:TrackPointExtension>
            <gpxtpx:hr>173</gpxtpx:hr>
          </gpxtpx:TrackPointExtension>
        </extensions>
      </trkpt>
      <trkpt lat="28.806797628870935" lon="115.87563267123792">
        <ele>39.770606133155525</ele>
        <time>1970-01-01T00:14:41.600000Z</time>
        <extensions>
          <gpxtpx:TrackPointExtension>
            <gpxtpx:hr>173</gpxtpx:hr>
          </gpxtpx:TrackPointExtension>
        </extensions>
      </trkpt>
      <trkpt lat="28.80681699224333" lon="115.87564054815881">
        <ele>39.8358620563522</ele>
        <time>1970-01-01T00:14:42.600000Z</time>
        <extensions>
          <gpxtpx:TrackPointExtension>
            <gpxtpx:hr>173</gpxtpx:hr>
          </gpxtpx:TrackPointExtension>
        </extensions>
      </trkpt>
      <trkpt lat="28.806836141157262" lon="115.87564861075067">
        <ele>39.90715315565467</ele>
        <time>1970-01-01T00:14:43.600000Z</time>
        <extensions>
          <gpxtpx:TrackPointExtension>
            <gpxtpx:hr>173</gpxtpx:hr>
          </gpxtpx:TrackPointExtension>
        </extensions>
      </trkpt>
      <trkpt lat="28.806854992977442" lon="115.87565635302614">
        <ele>39.97784537728876</ele>
        <time>1970-01-01T00:14:44.600000Z</time>
        <extensions>
          <gpxtpx:TrackPointExtension>
            <gpxtpx:hr>173</gpxtpx:hr>
          </gpxtpx:TrackPointExtension>
        </extensions>
      </trkpt>
      <trkpt lat="28.806873289158883" lon="115.87566364555369">
        <ele>40.0396480448544</ele>
        <time>1970-01-01T00:14:45.600000Z</time>
        <extensions>
          <gpxtpx:TrackPointExtension>
            <gpxtpx:hr>171</gpxtpx:hr>
          </gpxtpx:TrackPointExtension>
        </extensions>
      </trkpt>
      <trkpt lat="28.806890823052402" lon="115.87567055624966">
        <ele>40.083995000459254</ele>
        <time>1970-01-01T00:14:46.600000Z</time>
        <extensions>
          <gpxtpx:TrackPointExtension>
            <gpxtpx:hr>171</gpxtpx:hr>
          </gpxtpx:TrackPointExtension>
        </extensions>
      </trkpt>
      <trkpt lat="28.80690786872658" lon="115.87567730183962">
        <ele>40.106091395020485</ele>
        <time>1970-01-01T00:14:47.600000Z</time>
        <extensions>
          <gpxtpx:TrackPointExtension>
            <gpxtpx:hr>171</gpxtpx:hr>
          </gpxtpx:TrackPointExtension>
        </extensions>
      </trkpt>
      <trkpt lat="28.806924925231943" lon="115.87568422272095">
        <ele>40.104293446056545</ele>
        <time>1970-01-01T00:14:48.600000Z</time>
        <extensions>
          <gpxtpx:TrackPointExtension>
            <gpxtpx:hr>171</gpxtpx:hr>
          </gpxtpx:TrackPointExtension>
        </extensions>
      </trkpt>
      <trkpt lat="28.806942070994083" lon="115.87569227302133">
        <ele>40.080651441589</ele>
        <time>1970-01-01T00:14:49.600000Z</time>
        <extensions>
          <gpxtpx:TrackPointExtension>
            <gpxtpx:hr>171</gpxtpx:hr>
          </gpxtpx:TrackPointExtension>
        </extensions>
      </trkpt>
      <trkpt lat="28.806959228624503" lon="115.87570169376384">
        <ele>40.04108991846442</ele>
        <time>1970-01-01T00:14:50.600000Z</time>
        <extensions>
          <gpxtpx:TrackPointExtension>
            <gpxtpx:hr>171</gpxtpx:hr>
          </gpxtpx:TrackPointExtension>
        </extensions>
      </trkpt>
      <trkpt lat="28.80697689113085" lon="115.87571160766053">
        <ele>39.992402490228415</ele>
        <time>1970-01-01T00:14:51.600000Z</time>
        <extensions>
          <gpxtpx:TrackPointExtension>
            <gpxtpx:hr>171</gpxtpx:hr>
          </gpxtpx:TrackPointExtension>
        </extensions>
      </trkpt>
      <trkpt lat="28.806995428150383" lon="115.8757218714885">
        <ele>39.942326688207686</ele>
        <time>1970-01-01T00:14:52.600000Z</time>
        <extensions>
          <gpxtpx:TrackPointExtension>
            <gpxtpx:hr>171</gpxtpx:hr>
          </gpxtpx:TrackPointExtension>
        </extensions>
      </trkpt>
      <trkpt lat="28.807014346628545" lon="115.87573230843618">
        <ele>39.89899630006403</ele>
        <time>1970-01-01T00:14:53.600000Z</time>
        <extensions>
          <gpxtpx:TrackPointExtension>
            <gpxtpx:hr>171</gpxtpx:hr>
          </gpxtpx:TrackPointExtension>
        </extensions>
      </trkpt>
      <trkpt lat="28.807032683907906" lon="115.87574258099322">
        <ele>39.870937689207494</ele>
        <time>1970-01-01T00:14:54.600000Z</time>
        <extensions>
          <gpxtpx:TrackPointExtension>
            <gpxtpx:hr>171</gpxtpx:hr>
          </gpxtpx:TrackPointExtension>
        </extensions>
      </trkpt>
      <trkpt lat="28.807050213229594" lon="115.87575326714465">
        <ele>39.865196947939694</ele>
        <time>1970-01-01T00:14:55.600000Z</time>
        <extensions>
          <gpxtpx:TrackPointExtension>
            <gpxtpx:hr>171</gpxtpx:hr>
          </gpxtpx:TrackPointExtension>
        </extensions>
      </trkpt>
      <trkpt lat="28.807067544936082" lon="115.87576454844451">
        <ele>39.88827951904386</ele>
        <time>1970-01-01T00:14:56.600000Z</time>
        <extensions>
          <gpxtpx:TrackPointExtension>
            <gpxtpx:hr>171</gpxtpx:hr>
          </gpxtpx:TrackPointExtension>
        </extensions>
      </trkpt>
      <trkpt lat="28.80708556985171" lon="115.8757752563006">
        <ele>39.94253570120782</ele>
        <time>1970-01-01T00:14:57.600000Z</time>
        <extensions>
          <gpxtpx:TrackPointExtension>
            <gpxtpx:hr>170</gpxtpx:hr>
          </gpxtpx:TrackPointExtension>
        </extensions>
      </trkpt>
      <trkpt lat="28.80710481319897" lon="115.87578459548418">
        <ele>40.02656704746187</ele>
        <time>1970-01-01T00:14:58.600000Z</time>
        <extensions>
          <gpxtpx:TrackPointExtension>
            <gpxtpx:hr>170</gpxtpx:hr>
          </gpxtpx:TrackPointExtension>
        </extensions>
      </trkpt>
      <trkpt lat="28.807125156338177" lon="115.87579299120414">
        <ele>40.13589739333838</ele>
        <time>1970-01-01T00:14:59.600000Z</time>
        <extensions>
          <gpxtpx:TrackPointExtension>
            <gpxtpx:hr>170</gpxtpx:hr>
          </gpxtpx:TrackPointExtension>
        </extensions>
      </trkpt>
      <trkpt lat="28.80714595242133" lon="115.87580105662194">
        <ele>40.263856132514775</ele>
        <time>1970-01-01T00:15:00.600000Z</time>
        <extensions>
          <gpxtpx:TrackPointExtension>
            <gpxtpx:hr>170</gpxtpx:hr>
          </gpxtpx:TrackPointExtension>
        </extensions>
      </trkpt>
      <trkpt lat="28.807166794473833" lon="115.87580960143677">
        <ele>40.40105660259724</ele>
        <time>1970-01-01T00:15:01.600000Z</time>
        <extensions>
          <gpxtpx:TrackPointExtension>
            <gpxtpx:hr>173</gpxtpx:hr>
          </gpxtpx:TrackPointExtension>
        </extensions>
      </trkpt>
      <trkpt lat="28.80718836321165" lon="115.87581874005797">
        <ele>40.536805273965</ele>
        <time>1970-01-01T00:15:02.600000Z</time>
        <extensions>
          <gpxtpx:TrackPointExtension>
            <gpxtpx:hr>173</gpxtpx:hr>
          </gpxtpx:TrackPointExtension>
        </extensions>
      </trkpt>
      <trkpt lat="28.80721082739253" lon="115.87582760888368">
        <ele>40.66061198245734</ele>
        <time>1970-01-01T00:15:03.600000Z</time>
        <extensions>
          <gpxtpx:TrackPointExtension>
            <gpxtpx:hr>173</gpxtpx:hr>
          </gpxtpx:TrackPointExtension>
        </extensions>
      </trkpt>
      <trkpt lat="28.807233492585073" lon="115.87583578922114">
        <ele>40.76396853942424</ele>
        <time>1970-01-01T00:15:04.600000Z</time>
        <extensions>
          <gpxtpx:TrackPointExtension>
            <gpxtpx:hr>173</gpxtpx:hr>
          </gpxtpx:TrackPointExtension>
        </extensions>
      </trkpt>
      <trkpt lat="28.807256077554683" lon="115.87584352291684">
        <ele>40.84180781804025</ele>
        <time>1970-01-01T00:15:05.600000Z</time>
        <extensions>
          <gpxtpx:TrackPointExtension>
            <gpxtpx:hr>173</gpxtpx:hr>
          </gpxtpx:TrackPointExtension>
        </extensions>
      </trkpt>
      <trkpt lat="28.807278354041316" lon="115.87585093752848">
        <ele>40.89344863407314</ele>
        <time>1970-01-01T00:15:06.600000Z</time>
        <extensions>
          <gpxtpx:TrackPointExtension>
            <gpxtpx:hr>174</gpxtpx:hr>
          </gpxtpx:TrackPointExtension>
        </extensions>
      </trkpt>
      <trkpt lat="28.807300531282344" lon="115.87585810287884">
        <ele>40.9223206685856</ele>
        <time>1970-01-01T00:15:07.600000Z</time>
        <extensions>
          <gpxtpx:TrackPointExtension>
            <gpxtpx:hr>174</gpxtpx:hr>
          </gpxtpx:TrackPointExtension>
        </extensions>
      </trkpt>
      <trkpt lat="28.80732270100232" lon="115.87586487725888">
        <ele>40.93455735221505</ele>
        <time>1970-01-01T00:15:08.600000Z</time>
        <extensions>
          <gpxtpx:TrackPointExtension>
            <gpxtpx:hr>174</gpxtpx:hr>
          </gpxtpx:TrackPointExtension>
        </extensions>
      </trkpt>
      <trkpt lat="28.80734493514934" lon="115.87587143681671">
        <ele>40.9364926610142</ele>
        <time>1970-01-01T00:15:09.600000Z</time>
        <extensions>
          <gpxtpx:TrackPointExtension>
            <gpxtpx:hr>174</gpxtpx:hr>
          </gpxtpx:TrackPointExtension>
        </extensions>
      </trkpt>
      <trkpt lat="28.8073673785221" lon="115.87587777503273">
        <ele>40.93478985410184</ele>
        <time>1970-01-01T00:15:10.600000Z</time>
        <extensions>
          <gpxtpx:TrackPointExtension>
            <gpxtpx:hr>173</gpxtpx:hr>
          </gpxtpx:TrackPointExtension>
        </extensions>
      </trkpt>
      <trkpt lat="28.807390034677073" lon="115.87588366192273">
        <ele>40.93421281315386</ele>
        <time>1970-01-01T00:15:11.600000Z</time>
        <extensions>
          <gpxtpx:TrackPointExtension>
            <gpxtpx:hr>173</gpxtpx:hr>
          </gpxtpx:TrackPointExtension>
        </extensions>
      </trkpt>
      <trkpt lat="28.807413097528556" lon="115.87588960761924">
        <ele>40.93769820500165</ele>
        <time>1970-01-01T00:15:12.600000Z</time>
        <extensions>
          <gpxtpx:TrackPointExtension>
            <gpxtpx:hr>173</gpxtpx:hr>
          </gpxtpx:TrackPointExtension>
        </extensions>
      </trkpt>
      <trkpt lat="28.80743659882299" lon="115.87589572995691">
        <ele>40.94713582564145</ele>
        <time>1970-01-01T00:15:13.600000Z</time>
        <extensions>
          <gpxtpx:TrackPointExtension>
            <gpxtpx:hr>173</gpxtpx:hr>
          </gpxtpx:TrackPointExtension>
        </extensions>
      </trkpt>
      <trkpt lat="28.80745966538276" lon="115.87590178406194">
        <ele>40.96404384449124</ele>
        <time>1970-01-01T00:15:14.600000Z</time>
        <extensions>
          <gpxtpx:TrackPointExtension>
            <gpxtpx:hr>173</gpxtpx:hr>
          </gpxtpx:TrackPointExtension>
        </extensions>
      </trkpt>
      <trkpt lat="28.80748054127063" lon="115.87590763800956">
        <ele>40.98916785977781</ele>
        <time>1970-01-01T00:15:15.600000Z</time>
        <extensions>
          <gpxtpx:TrackPointExtension>
            <gpxtpx:hr>173</gpxtpx:hr>
          </gpxtpx:TrackPointExtension>
        </extensions>
      </trkpt>
      <trkpt lat="28.807500466088467" lon="115.87591433453544">
        <ele>41.02374379336834</ele>
        <time>1970-01-01T00:15:16.600000Z</time>
        <extensions>
          <gpxtpx:TrackPointExtension>
            <gpxtpx:hr>173</gpxtpx:hr>
          </gpxtpx:TrackPointExtension>
        </extensions>
      </trkpt>
      <trkpt lat="28.807521530071636" lon="115.87592299935335">
        <ele>41.06972089968622</ele>
        <time>1970-01-01T00:15:17.600000Z</time>
        <extensions>
          <gpxtpx:TrackPointExtension>
            <gpxtpx:hr>173</gpxtpx:hr>
          </gpxtpx:TrackPointExtension>
        </extensions>
      </trkpt>
      <trkpt lat="28.807542825557178" lon="115.87593364562545">
        <ele>41.129076038487256</ele>
        <time>1970-01-01T00:15:18.600000Z</time>
        <extensions>
          <gpxtpx:TrackPointExtension>
            <gpxtpx:hr>173</gpxtpx:hr>
          </gpxtpx:TrackPointExtension>
        </extensions>
      </trkpt>
      <trkpt lat="28.807563521652487" lon="115.87594508042329">
        <ele>41.203205154277384</ele>
        <time>1970-01-01T00:15:19.600000Z</time>
        <extensions>
          <gpxtpx:TrackPointExtension>
            <gpxtpx:hr>173</gpxtpx:hr>
          </gpxtpx:TrackPointExtension>
        </extensions>
      </trkpt>
      <trkpt lat="28.80758379665979" lon="115.8759558016175">
        <ele>41.291442262008786</ele>
        <time>1970-01-01T00:15:20.600000Z</time>
        <extensions>
          <gpxtpx:TrackPointExtension>
            <gpxtpx:hr>174</gpxtpx:hr>
          </gpxtpx:TrackPointExtension>
        </extensions>
      </trkpt>
      <trkpt lat="28.80760406617869" lon="115.87596564884956">
        <ele>41.39134689979255</ele>
        <time>1970-01-01T00:15:21.600000Z</time>
        <extensions>
          <gpxtpx:TrackPointExtension>
            <gpxtpx:hr>174</gpxtpx:hr>
          </gpxtpx:TrackPointExtension>
        </extensions>
      </trkpt>
      <trkpt lat="28.807624297918288" lon="115.87597404291736">
        <ele>41.499067701399326</ele>
        <time>1970-01-01T00:15:22.600000Z</time>
        <extensions>
          <gpxtpx:TrackPointExtension>
            <gpxtpx:hr>174</gpxtpx:hr>
          </gpxtpx:TrackPointExtension>
        </extensions>
      </trkpt>
      <trkpt lat="28.80764469481064" lon="115.87598137153171">
        <ele>41.60825655143708</ele>
        <time>1970-01-01T00:15:23.600000Z</time>
        <extensions>
          <gpxtpx:TrackPointExtension>
            <gpxtpx:hr>174</gpxtpx:hr>
          </gpxtpx:TrackPointExtension>
        </extensions>
      </trkpt>
      <trkpt lat="28.80766536867374" lon="115.87598924111651">
        <ele>41.71266032382846</ele>
        <time>1970-01-01T00:15:24.600000Z</time>
        <extensions>
          <gpxtpx:TrackPointExtension>
            <gpxtpx:hr>174</gpxtpx:hr>
          </gpxtpx:TrackPointExtension>
        </extensions>
      </trkpt>
      <trkpt lat="28.807686319825454" lon="115.87599805119832">
        <ele>41.80660111736506</ele>
        <time>1970-01-01T00:15:25.600000Z</time>
        <extensions>
          <gpxtpx:TrackPointExtension>
            <gpxtpx:hr>174</gpxtpx:hr>
          </gpxtpx:TrackPointExtension>
        </extensions>
      </trkpt>
      <trkpt lat="28.807707826365046" lon="115.87600731028859">
        <ele>41.88511126302183</ele>
        <time>1970-01-01T00:15:26.600000Z</time>
        <extensions>
          <gpxtpx:TrackPointExtension>
            <gpxtpx:hr>174</gpxtpx:hr>
          </gpxtpx:TrackPointExtension>
        </extensions>
      </trkpt>
      <trkpt lat="28.80772938601202" lon="115.87601719953247">
        <ele>41.943586667999625</ele>
        <time>1970-01-01T00:15:27.600000Z</time>
        <extensions>
          <gpxtpx:TrackPointExtension>
            <gpxtpx:hr>174</gpxtpx:hr>
          </gpxtpx:TrackPointExtension>
        </extensions>
      </trkpt>
      <trkpt lat="28.80775061495149" lon="115.87602757123126">
        <ele>41.979114080779254</ele>
        <time>1970-01-01T00:15:28.600000Z</time>
        <extensions>
          <gpxtpx:TrackPointExtension>
            <gpxtpx:hr>174</gpxtpx:hr>
          </gpxtpx:TrackPointExtension>
        </extensions>
      </trkpt>
      <trkpt lat="28.807771515761797" lon="115.87603741803936">
        <ele>41.989282509312034</ele>
        <time>1970-01-01T00:15:29.600000Z</time>
        <extensions>
          <gpxtpx:TrackPointExtension>
            <gpxtpx:hr>174</gpxtpx:hr>
          </gpxtpx:TrackPointExtension>
        </extensions>
      </trkpt>
      <trkpt lat="28.807792439707168" lon="115.87604642223235">
        <ele>41.97283854428679</ele>
        <time>1970-01-01T00:15:30.600000Z</time>
        <extensions>
          <gpxtpx:TrackPointExtension>
            <gpxtpx:hr>174</gpxtpx:hr>
          </gpxtpx:TrackPointExtension>
        </extensions>
      </trkpt>
      <trkpt lat="28.807813910276288" lon="115.87605483430181">
        <ele>41.93021662067622</ele>
        <time>1970-01-01T00:15:31.600000Z</time>
        <extensions>
          <gpxtpx:TrackPointExtension>
            <gpxtpx:hr>176</gpxtpx:hr>
          </gpxtpx:TrackPointExtension>
        </extensions>
      </trkpt>
      <trkpt lat="28.80783552688402" lon="115.87606378074872">
        <ele>41.86436710692942</ele>
        <time>1970-01-01T00:15:32.600000Z</time>
        <extensions>
          <gpxtpx:TrackPointExtension>
            <gpxtpx:hr>176</gpxtpx:hr>
          </gpxtpx:TrackPointExtension>
        </extensions>
      </trkpt>
      <trkpt lat="28.80785704649641" lon="115.87607394793488">
        <ele>41.77956452406943</ele>
        <time>1970-01-01T00:15:33.600000Z</time>
        <extensions>
          <gpxtpx:TrackPointExtension>
            <gpxtpx:hr>176</gpxtpx:hr>
          </gpxtpx:TrackPointExtension>
        </extensions>
      </trkpt>
      <trkpt lat="28.807877818902455" lon="115.87608463341608">
        <ele>41.681632213294506</ele>
        <time>1970-01-01T00:15:34.600000Z</time>
        <extensions>
          <gpxtpx:TrackPointExtension>
            <gpxtpx:hr>176</gpxtpx:hr>
          </gpxtpx:TrackPointExtension>
        </extensions>
      </trkpt>
      <trkpt lat="28.807897912991553" lon="115.87609479450283">
        <ele>41.576959697529674</ele>
        <time>1970-01-01T00:15:35.600000Z</time>
        <extensions>
          <gpxtpx:TrackPointExtension>
            <gpxtpx:hr>176</gpxtpx:hr>
          </gpxtpx:TrackPointExtension>
        </extensions>
      </trkpt>
      <trkpt lat="28.807918323794706" lon="115.87610450030087">
        <ele>41.47145244944841</ele>
        <time>1970-01-01T00:15:36.600000Z</time>
        <extensions>
          <gpxtpx:TrackPointExtension>
            <gpxtpx:hr>175</gpxtpx:hr>
          </gpxtpx:TrackPointExtension>
        </extensions>
      </trkpt>
      <trkpt lat="28.807938632347938" lon="115.8761134419523">
        <ele>41.36930137593299</ele>
        <time>1970-01-01T00:15:37.600000Z</time>
        <extensions>
          <gpxtpx:TrackPointExtension>
            <gpxtpx:hr>175</gpxtpx:hr>
          </gpxtpx:TrackPointExtension>
        </extensions>
      </trkpt>
      <trkpt lat="28.807958810870527" lon="115.87612004046198">
        <ele>41.27223265822977</ele>
        <time>1970-01-01T00:15:38.600000Z</time>
        <extensions>
          <gpxtpx:TrackPointExtension>
            <gpxtpx:hr>175</gpxtpx:hr>
          </gpxtpx:TrackPointExtension>
        </extensions>
      </trkpt>
      <trkpt lat="28.807979709357515" lon="115.8761242978508">
        <ele>41.18005816079676</ele>
        <time>1970-01-01T00:15:39.600000Z</time>
        <extensions>
          <gpxtpx:TrackPointExtension>
            <gpxtpx:hr>175</gpxtpx:hr>
          </gpxtpx:TrackPointExtension>
        </extensions>
      </trkpt>
      <trkpt lat="28.808001835657063" lon="115.8761273950031">
        <ele>41.09083953034133</ele>
        <time>1970-01-01T00:15:40.600000Z</time>
        <extensions>
          <gpxtpx:TrackPointExtension>
            <gpxtpx:hr>175</gpxtpx:hr>
          </gpxtpx:TrackPointExtension>
        </extensions>
      </trkpt>
      <trkpt lat="28.80802540064432" lon="115.87613012755477">
        <ele>41.00103953294456</ele>
        <time>1970-01-01T00:15:41.600000Z</time>
        <extensions>
          <gpxtpx:TrackPointExtension>
            <gpxtpx:hr>173</gpxtpx:hr>
          </gpxtpx:TrackPointExtension>
        </extensions>
      </trkpt>
      <trkpt lat="28.808049458166188" lon="115.87613218419843">
        <ele>40.90625131037086</ele>
        <time>1970-01-01T00:15:42.600000Z</time>
        <extensions>
          <gpxtpx:TrackPointExtension>
            <gpxtpx:hr>173</gpxtpx:hr>
          </gpxtpx:TrackPointExtension>
        </extensions>
      </trkpt>
      <trkpt lat="28.80807271136983" lon="115.87613387372537">
        <ele>40.80534736160189</ele>
        <time>1970-01-01T00:15:43.600000Z</time>
        <extensions>
          <gpxtpx:TrackPointExtension>
            <gpxtpx:hr>173</gpxtpx:hr>
          </gpxtpx:TrackPointExtension>
        </extensions>
      </trkpt>
      <trkpt lat="28.808095520177638" lon="115.87613637654835">
        <ele>40.69819644279778</ele>
        <time>1970-01-01T00:15:44.600000Z</time>
        <extensions>
          <gpxtpx:TrackPointExtension>
            <gpxtpx:hr>173</gpxtpx:hr>
          </gpxtpx:TrackPointExtension>
        </extensions>
      </trkpt>
      <trkpt lat="28.808118034918202" lon="115.87613978214479">
        <ele>40.585176094435155</ele>
        <time>1970-01-01T00:15:45.600000Z</time>
        <extensions>
          <gpxtpx:TrackPointExtension>
            <gpxtpx:hr>173</gpxtpx:hr>
          </gpxtpx:TrackPointExtension>
        </extensions>
      </trkpt>
      <trkpt lat="28.80814014923705" lon="115.87614426797931">
        <ele>40.46850525960326</ele>
        <time>1970-01-01T00:15:46.600000Z</time>
        <extensions>
          <gpxtpx:TrackPointExtension>
            <gpxtpx:hr>173</gpxtpx:hr>
          </gpxtpx:TrackPointExtension>
        </extensions>
      </trkpt>
      <trkpt lat="28.808162252364927" lon="115.87614948829538">
        <ele>40.35173736233264</ele>
        <time>1970-01-01T00:15:47.600000Z</time>
        <extensions>
          <gpxtpx:TrackPointExtension>
            <gpxtpx:hr>172</gpxtpx:hr>
          </gpxtpx:TrackPointExtension>
        </extensions>
      </trkpt>
      <trkpt lat="28.808184167964036" lon="115.87615515528506">
        <ele>40.23856826592237</ele>
        <time>1970-01-01T00:15:48.600000Z</time>
        <extensions>
          <gpxtpx:TrackPointExtension>
            <gpxtpx:hr>172</gpxtpx:hr>
          </gpxtpx:TrackPointExtension>
        </extensions>
      </trkpt>
      <trkpt lat="28.808205849286995" lon="115.87616172179706">
        <ele>40.13401688449085</ele>
        <time>1970-01-01T00:15:49.600000Z</time>
        <extensions>
          <gpxtpx:TrackPointExtension>
            <gpxtpx:hr>172</gpxtpx:hr>
          </gpxtpx:TrackPointExtension>
        </extensions>
      </trkpt>
      <trkpt lat="28.808227340399533" lon="115.87616835556885">
        <ele>40.044952088966966</ele>
        <time>1970-01-01T00:15:50.600000Z</time>
        <extensions>
          <gpxtpx:TrackPointExtension>
            <gpxtpx:hr>172</gpxtpx:hr>
          </gpxtpx:TrackPointExtension>
        </extensions>
      </trkpt>
      <trkpt lat="28.808248563843293" lon="115.8761741099745">
        <ele>39.97858380898833</ele>
        <time>1970-01-01T00:15:51.600000Z</time>
        <extensions>
          <gpxtpx:TrackPointExtension>
            <gpxtpx:hr>172</gpxtpx:hr>
          </gpxtpx:TrackPointExtension>
        </extensions>
      </trkpt>
      <trkpt lat="28.808270027383735" lon="115.87617880030116">
        <ele>39.94075287412852</ele>
        <time>1970-01-01T00:15:52.600000Z</time>
        <extensions>
          <gpxtpx:TrackPointExtension>
            <gpxtpx:hr>172</gpxtpx:hr>
          </gpxtpx:TrackPointExtension>
        </extensions>
      </trkpt>
      <trkpt lat="28.808291987363262" lon="115.87618265856997">
        <ele>39.93310441635549</ele>
        <time>1970-01-01T00:15:53.600000Z</time>
        <extensions>
          <gpxtpx:TrackPointExtension>
            <gpxtpx:hr>172</gpxtpx:hr>
          </gpxtpx:TrackPointExtension>
        </extensions>
      </trkpt>
      <trkpt lat="28.808314254290426" lon="115.87618597796919">
        <ele>39.95270422939211</ele>
        <time>1970-01-01T00:15:54.600000Z</time>
        <extensions>
          <gpxtpx:TrackPointExtension>
            <gpxtpx:hr>172</gpxtpx:hr>
          </gpxtpx:TrackPointExtension>
        </extensions>
      </trkpt>
      <trkpt lat="28.8083371481159" lon="115.87618921964784">
        <ele>39.99248979333788</ele>
        <time>1970-01-01T00:15:55.600000Z</time>
        <extensions>
          <gpxtpx:TrackPointExtension>
            <gpxtpx:hr>172</gpxtpx:hr>
          </gpxtpx:TrackPointExtension>
        </extensions>
      </trkpt>
      <trkpt lat="28.808359933886006" lon="115.87619339616987">
        <ele>40.044391913339496</ele>
        <time>1970-01-01T00:15:56.600000Z</time>
        <extensions>
          <gpxtpx:TrackPointExtension>
            <gpxtpx:hr>172</gpxtpx:hr>
          </gpxtpx:TrackPointExtension>
        </extensions>
      </trkpt>
      <trkpt lat="28.808382103764647" lon="115.87619891462374">
        <ele>40.10007606446743</ele>
        <time>1970-01-01T00:15:57.600000Z</time>
        <extensions>
          <gpxtpx:TrackPointExtension>
            <gpxtpx:hr>169</gpxtpx:hr>
          </gpxtpx:TrackPointExtension>
        </extensions>
      </trkpt>
      <trkpt lat="28.808403725363082" lon="115.87620553030588">
        <ele>40.15323228947818</ele>
        <time>1970-01-01T00:15:58.600000Z</time>
        <extensions>
          <gpxtpx:TrackPointExtension>
            <gpxtpx:hr>169</gpxtpx:hr>
          </gpxtpx:TrackPointExtension>
        </extensions>
      </trkpt>
      <trkpt lat="28.808424581759045" lon="115.87621330021227">
        <ele>40.200347973033786</ele>
        <time>1970-01-01T00:15:59.600000Z</time>
        <extensions>
          <gpxtpx:TrackPointExtension>
            <gpxtpx:hr>169</gpxtpx:hr>
          </gpxtpx:TrackPointExtension>
        </extensions>
      </trkpt>
      <trkpt lat="28.808445094725197" lon="115.87622240505623">
        <ele>40.24130626861006</ele>
        <time>1970-01-01T00:16:00.600000Z</time>
        <extensions>
          <gpxtpx:TrackPointExtension>
            <gpxtpx:hr>169</gpxtpx:hr>
          </gpxtpx:TrackPointExtension>
        </extensions>
      </trkpt>
      <trkpt lat="28.808465277455724" lon="115.87623200378872">
        <ele>40.2764240456745</ele>
        <time>1970-01-01T00:16:01.600000Z</time>
        <extensions>
          <gpxtpx:TrackPointExtension>
            <gpxtpx:hr>169</gpxtpx:hr>
          </gpxtpx:TrackPointExtension>
        </extensions>
      </trkpt>
      <trkpt lat="28.808485329499096" lon="115.8762410893622">
        <ele>40.30778567492962</ele>
        <time>1970-01-01T00:16:02.600000Z</time>
        <extensions>
          <gpxtpx:TrackPointExtension>
            <gpxtpx:hr>169</gpxtpx:hr>
          </gpxtpx:TrackPointExtension>
        </extensions>
      </trkpt>
      <trkpt lat="28.80850527723536" lon="115.87624942529287">
        <ele>40.338525380939245</ele>
        <time>1970-01-01T00:16:03.600000Z</time>
        <extensions>
          <gpxtpx:TrackPointExtension>
            <gpxtpx:hr>169</gpxtpx:hr>
          </gpxtpx:TrackPointExtension>
        </extensions>
      </trkpt>
      <trkpt lat="28.80852558332944" lon="115.87625590109772">
        <ele>40.371663513593376</ele>
        <time>1970-01-01T00:16:04.600000Z</time>
        <extensions>
          <gpxtpx:TrackPointExtension>
            <gpxtpx:hr>170</gpxtpx:hr>
          </gpxtpx:TrackPointExtension>
        </extensions>
      </trkpt>
      <trkpt lat="28.80854763228574" lon="115.87625886973866">
        <ele>40.40856884885579</ele>
        <time>1970-01-01T00:16:05.600000Z</time>
        <extensions>
          <gpxtpx:TrackPointExtension>
            <gpxtpx:hr>170</gpxtpx:hr>
          </gpxtpx:TrackPointExtension>
        </extensions>
      </trkpt>
      <trkpt lat="28.80857132599825" lon="115.8762581231316">
        <ele>40.44798900652677</ele>
        <time>1970-01-01T00:16:06.600000Z</time>
        <extensions>
          <gpxtpx:TrackPointExtension>
            <gpxtpx:hr>170</gpxtpx:hr>
          </gpxtpx:TrackPointExtension>
        </extensions>
      </trkpt>
      <trkpt lat="28.808595767310006" lon="115.87625504548623">
        <ele>40.48637879639864</ele>
        <time>1970-01-01T00:16:07.600000Z</time>
        <extensions>
          <gpxtpx:TrackPointExtension>
            <gpxtpx:hr>170</gpxtpx:hr>
          </gpxtpx:TrackPointExtension>
        </extensions>
      </trkpt>
      <trkpt lat="28.808620532825437" lon="115.87625117296312">
        <ele>40.519092412665486</ele>
        <time>1970-01-01T00:16:08.600000Z</time>
        <extensions>
          <gpxtpx:TrackPointExtension>
            <gpxtpx:hr>170</gpxtpx:hr>
          </gpxtpx:TrackPointExtension>
        </extensions>
      </trkpt>
      <trkpt lat="28.80864550715869" lon="115.8762482156681">
        <ele>40.541902362369</ele>
        <time>1970-01-01T00:16:09.600000Z</time>
        <extensions>
          <gpxtpx:TrackPointExtension>
            <gpxtpx:hr>171</gpxtpx:hr>
          </gpxtpx:TrackPointExtension>
        </extensions>
      </trkpt>
      <trkpt lat="28.808670582639227" lon="115.87624877555626">
        <ele>40.55200075171888</ele>
        <time>1970-01-01T00:16:10.600000Z</time>
        <extensions>
          <gpxtpx:TrackPointExtension>
            <gpxtpx:hr>171</gpxtpx:hr>
          </gpxtpx:TrackPointExtension>
        </extensions>
      </trkpt>
      <trkpt lat="28.808694760481423" lon="115.87625528293603">
        <ele>40.54937610030174</ele>
        <time>1970-01-01T00:16:11.600000Z</time>
        <extensions>
          <gpxtpx:TrackPointExtension>
            <gpxtpx:hr>171</gpxtpx:hr>
          </gpxtpx:TrackPointExtension>
        </extensions>
      </trkpt>
      <trkpt lat="28.80871730987516" lon="115.87626787024513">
        <ele>40.5360516263172</ele>
        <time>1970-01-01T00:16:12.600000Z</time>
        <extensions>
          <gpxtpx:TrackPointExtension>
            <gpxtpx:hr>171</gpxtpx:hr>
          </gpxtpx:TrackPointExtension>
        </extensions>
      </trkpt>
      <trkpt lat="28.808738551783208" lon="115.87628378944456">
        <ele>40.51509243808687</ele>
        <time>1970-01-01T00:16:13.600000Z</time>
        <extensions>
          <gpxtpx:TrackPointExtension>
            <gpxtpx:hr>171</gpxtpx:hr>
          </gpxtpx:TrackPointExtension>
        </extensions>
      </trkpt>
      <trkpt lat="28.808758828608667" lon="115.87629963498968">
        <ele>40.49026449304074</ele>
        <time>1970-01-01T00:16:14.600000Z</time>
        <extensions>
          <gpxtpx:TrackPointExtension>
            <gpxtpx:hr>171</gpxtpx:hr>
          </gpxtpx:TrackPointExtension>
        </extensions>
      </trkpt>
      <trkpt lat="28.80877883161219" lon="115.87631389418183">
        <ele>40.46541425678879</ele>
        <time>1970-01-01T00:16:15.600000Z</time>
        <extensions>
          <gpxtpx:TrackPointExtension>
            <gpxtpx:hr>171</gpxtpx:hr>
          </gpxtpx:TrackPointExtension>
        </extensions>
      </trkpt>
      <trkpt lat="28.80879876422544" lon="115.87632625621833">
        <ele>40.44428586028516</ele>
        <time>1970-01-01T00:16:16.600000Z</time>
        <extensions>
          <gpxtpx:TrackPointExtension>
            <gpxtpx:hr>171</gpxtpx:hr>
          </gpxtpx:TrackPointExtension>
        </extensions>
      </trkpt>
      <trkpt lat="28.808818319186813" lon="115.87633723653899">
        <ele>40.430093344300985</ele>
        <time>1970-01-01T00:16:17.600000Z</time>
        <extensions>
          <gpxtpx:TrackPointExtension>
            <gpxtpx:hr>171</gpxtpx:hr>
          </gpxtpx:TrackPointExtension>
        </extensions>
      </trkpt>
      <trkpt lat="28.80883825252766" lon="115.87634865114471">
        <ele>40.42510386835784</ele>
        <time>1970-01-01T00:16:18.600000Z</time>
        <extensions>
          <gpxtpx:TrackPointExtension>
            <gpxtpx:hr>171</gpxtpx:hr>
          </gpxtpx:TrackPointExtension>
        </extensions>
      </trkpt>
      <trkpt lat="28.808858705105408" lon="115.87636099095467">
        <ele>40.431152783334255</ele>
        <time>1970-01-01T00:16:19.600000Z</time>
        <extensions>
          <gpxtpx:TrackPointExtension>
            <gpxtpx:hr>171</gpxtpx:hr>
          </gpxtpx:TrackPointExtension>
        </extensions>
      </trkpt>
      <trkpt lat="28.80887921060354" lon="115.87637338245591">
        <ele>40.44886789750308</ele>
        <time>1970-01-01T00:16:20.600000Z</time>
        <extensions>
          <gpxtpx:TrackPointExtension>
            <gpxtpx:hr>171</gpxtpx:hr>
          </gpxtpx:TrackPointExtension>
        </extensions>
      </trkpt>
      <trkpt lat="28.808899711057137" lon="115.87638485629755">
        <ele>40.47891560290009</ele>
        <time>1970-01-01T00:16:21.600000Z</time>
        <extensions>
          <gpxtpx:TrackPointExtension>
            <gpxtpx:hr>171</gpxtpx:hr>
          </gpxtpx:TrackPointExtension>
        </extensions>
      </trkpt>
      <trkpt lat="28.808920339228607" lon="115.87639506026461">
        <ele>40.52209077216685</ele>
        <time>1970-01-01T00:16:22.600000Z</time>
        <extensions>
          <gpxtpx:TrackPointExtension>
            <gpxtpx:hr>169</gpxtpx:hr>
          </gpxtpx:TrackPointExtension>
        </extensions>
      </trkpt>
      <trkpt lat="28.808941247321265" lon="115.87640481655455">
        <ele>40.57922350522131</ele>
        <time>1970-01-01T00:16:23.600000Z</time>
        <extensions>
          <gpxtpx:TrackPointExtension>
            <gpxtpx:hr>169</gpxtpx:hr>
          </gpxtpx:TrackPointExtension>
        </extensions>
      </trkpt>
      <trkpt lat="28.808961649415053" lon="115.87641472569861">
        <ele>40.65082155074924</ele>
        <time>1970-01-01T00:16:24.600000Z</time>
        <extensions>
          <gpxtpx:TrackPointExtension>
            <gpxtpx:hr>169</gpxtpx:hr>
          </gpxtpx:TrackPointExtension>
        </extensions>
      </trkpt>
      <trkpt lat="28.80898157836231" lon="115.8764246599962">
        <ele>40.73786346334964</ele>
        <time>1970-01-01T00:16:25.600000Z</time>
        <extensions>
          <gpxtpx:TrackPointExtension>
            <gpxtpx:hr>169</gpxtpx:hr>
          </gpxtpx:TrackPointExtension>
        </extensions>
      </trkpt>
      <trkpt lat="28.80900179483305" lon="115.87643482521604">
        <ele>40.84131529554725</ele>
        <time>1970-01-01T00:16:26.600000Z</time>
        <extensions>
          <gpxtpx:TrackPointExtension>
            <gpxtpx:hr>169</gpxtpx:hr>
          </gpxtpx:TrackPointExtension>
        </extensions>
      </trkpt>
      <trkpt lat="28.809022214365417" lon="115.87644484277205">
        <ele>40.96182727627456</ele>
        <time>1970-01-01T00:16:27.600000Z</time>
        <extensions>
          <gpxtpx:TrackPointExtension>
            <gpxtpx:hr>169</gpxtpx:hr>
          </gpxtpx:TrackPointExtension>
        </extensions>
      </trkpt>
      <trkpt lat="28.809042996489893" lon="115.87645448506423">
        <ele>41.10010772291571</ele>
        <time>1970-01-01T00:16:28.600000Z</time>
        <extensions>
          <gpxtpx:TrackPointExtension>
            <gpxtpx:hr>169</gpxtpx:hr>
          </gpxtpx:TrackPointExtension>
        </extensions>
      </trkpt>
      <trkpt lat="28.8090644487508" lon="115.87646390396034">
        <ele>41.228128569200635</ele>
        <time>1970-01-01T00:16:29.600000Z</time>
        <extensions>
          <gpxtpx:TrackPointExtension>
            <gpxtpx:hr>172</gpxtpx:hr>
          </gpxtpx:TrackPointExtension>
        </extensions>
      </trkpt>
      <trkpt lat="28.809086256241837" lon="115.8764729028806">
        <ele>41.36755425110459</ele>
        <time>1970-01-01T00:16:30.600000Z</time>
        <extensions>
          <gpxtpx:TrackPointExtension>
            <gpxtpx:hr>172</gpxtpx:hr>
          </gpxtpx:TrackPointExtension>
        </extensions>
      </trkpt>
      <trkpt lat="28.8091078352011" lon="115.87648223387403">
        <ele>41.507858680561185</ele>
        <time>1970-01-01T00:16:31.600000Z</time>
        <extensions>
          <gpxtpx:TrackPointExtension>
            <gpxtpx:hr>172</gpxtpx:hr>
          </gpxtpx:TrackPointExtension>
        </extensions>
      </trkpt>
      <trkpt lat="28.80912896914475" lon="115.87649233774933">
        <ele>41.64075752906501</ele>
        <time>1970-01-01T00:16:32.600000Z</time>
        <extensions>
          <gpxtpx:TrackPointExtension>
            <gpxtpx:hr>172</gpxtpx:hr>
          </gpxtpx:TrackPointExtension>
        </extensions>
      </trkpt>
      <trkpt lat="28.80915017190434" lon="115.87650318964396">
        <ele>41.757966632954776</ele>
        <time>1970-01-01T00:16:33.600000Z</time>
        <extensions>
          <gpxtpx:TrackPointExtension>
            <gpxtpx:hr>172</gpxtpx:hr>
          </gpxtpx:TrackPointExtension>
        </extensions>
      </trkpt>
      <trkpt lat="28.80917165862036" lon="115.87651448565893">
        <ele>41.85152240190655</ele>
        <time>1970-01-01T00:16:34.600000Z</time>
        <extensions>
          <gpxtpx:TrackPointExtension>
            <gpxtpx:hr>175</gpxtpx:hr>
          </gpxtpx:TrackPointExtension>
        </extensions>
      </trkpt>
      <trkpt lat="28.80919274387112" lon="115.87652558857772">
        <ele>41.915843181312084</ele>
        <time>1970-01-01T00:16:35.600000Z</time>
        <extensions>
          <gpxtpx:TrackPointExtension>
            <gpxtpx:hr>175</gpxtpx:hr>
          </gpxtpx:TrackPointExtension>
        </extensions>
      </trkpt>
      <trkpt lat="28.809213438995886" lon="115.87653676401906">
        <ele>41.95054609980434</ele>
        <time>1970-01-01T00:16:36.600000Z</time>
        <extensions>
          <gpxtpx:TrackPointExtension>
            <gpxtpx:hr>175</gpxtpx:hr>
          </gpxtpx:TrackPointExtension>
        </extensions>
      </trkpt>
      <trkpt lat="28.80923425156721" lon="115.8765482062406">
        <ele>41.9639326101169</ele>
        <time>1970-01-01T00:16:37.600000Z</time>
        <extensions>
          <gpxtpx:TrackPointExtension>
            <gpxtpx:hr>174</gpxtpx:hr>
          </gpxtpx:TrackPointExtension>
        </extensions>
      </trkpt>
      <trkpt lat="28.80925566303923" lon="115.87655948244976">
        <ele>41.97665959596634</ele>
        <time>1970-01-01T00:16:38.600000Z</time>
        <extensions>
          <gpxtpx:TrackPointExtension>
            <gpxtpx:hr>174</gpxtpx:hr>
          </gpxtpx:TrackPointExtension>
        </extensions>
      </trkpt>
      <trkpt lat="28.809362400054603" lon="115.87661088321603">
        <ele>41.84493308328092</ele>
        <time>1970-01-01T00:16:43.600000Z</time>
        <extensions>
          <gpxtpx:TrackPointExtension>
            <gpxtpx:hr>178</gpxtpx:hr>
          </gpxtpx:TrackPointExtension>
        </extensions>
      </trkpt>
      <trkpt lat="28.809382826782283" lon="115.87662068728032">
        <ele>41.753047892823815</ele>
        <time>1970-01-01T00:16:44.600000Z</time>
        <extensions>
          <gpxtpx:TrackPointExtension>
            <gpxtpx:hr>178</gpxtpx:hr>
          </gpxtpx:TrackPointExtension>
        </extensions>
      </trkpt>
      <trkpt lat="28.809403312714597" lon="115.87663110439053">
        <ele>41.65241255238652</ele>
        <time>1970-01-01T00:16:45.600000Z</time>
        <extensions>
          <gpxtpx:TrackPointExtension>
            <gpxtpx:hr>178</gpxtpx:hr>
          </gpxtpx:TrackPointExtension>
        </extensions>
      </trkpt>
      <trkpt lat="28.809424953244402" lon="115.87664181297193">
        <ele>41.56526165921241</ele>
        <time>1970-01-01T00:16:46.600000Z</time>
        <extensions>
          <gpxtpx:TrackPointExtension>
            <gpxtpx:hr>178</gpxtpx:hr>
          </gpxtpx:TrackPointExtension>
        </extensions>
      </trkpt>
      <trkpt lat="28.80944700979551" lon="115.8766525040799">
        <ele>41.50082858093083</ele>
        <time>1970-01-01T00:16:47.600000Z</time>
        <extensions>
          <gpxtpx:TrackPointExtension>
            <gpxtpx:hr>178</gpxtpx:hr>
          </gpxtpx:TrackPointExtension>
        </extensions>
      </trkpt>
      <trkpt lat="28.80946788401038" lon="115.87666313871608">
        <ele>41.460980038158596</ele>
        <time>1970-01-01T00:16:48.600000Z</time>
        <extensions>
          <gpxtpx:TrackPointExtension>
            <gpxtpx:hr>178</gpxtpx:hr>
          </gpxtpx:TrackPointExtension>
        </extensions>
      </trkpt>
      <trkpt lat="28.80948767952868" lon="115.87667361613124">
        <ele>41.44177629891783</ele>
        <time>1970-01-01T00:16:49.600000Z</time>
        <extensions>
          <gpxtpx:TrackPointExtension>
            <gpxtpx:hr>178</gpxtpx:hr>
          </gpxtpx:TrackPointExtension>
        </extensions>
      </trkpt>
      <trkpt lat="28.809506939421333" lon="115.87668328432673">
        <ele>41.43654714804143</ele>
        <time>1970-01-01T00:16:50.600000Z</time>
        <extensions>
          <gpxtpx:TrackPointExtension>
            <gpxtpx:hr>178</gpxtpx:hr>
          </gpxtpx:TrackPointExtension>
        </extensions>
      </trkpt>
      <trkpt lat="28.809525269716662" lon="115.87669218669659">
        <ele>41.43771828711033</ele>
        <time>1970-01-01T00:16:51.600000Z</time>
        <extensions>
          <gpxtpx:TrackPointExtension>
            <gpxtpx:hr>178</gpxtpx:hr>
          </gpxtpx:TrackPointExtension>
        </extensions>
      </trkpt>
      <trkpt lat="28.809542002257814" lon="115.87670066582535">
        <ele>41.43951962236315</ele>
        <time>1970-01-01T00:16:52.600000Z</time>
        <extensions>
          <gpxtpx:TrackPointExtension>
            <gpxtpx:hr>178</gpxtpx:hr>
          </gpxtpx:TrackPointExtension>
        </extensions>
      </trkpt>
      <trkpt lat="28.80955848447012" lon="115.87670862286238">
        <ele>41.43513707816601</ele>
        <time>1970-01-01T00:16:53.600000Z</time>
        <extensions>
          <gpxtpx:TrackPointExtension>
            <gpxtpx:hr>178</gpxtpx:hr>
          </gpxtpx:TrackPointExtension>
        </extensions>
      </trkpt>
      <trkpt lat="28.809576358146693" lon="115.87671664568447">
        <ele>41.41924261953682</ele>
        <time>1970-01-01T00:16:54.600000Z</time>
        <extensions>
          <gpxtpx:TrackPointExtension>
            <gpxtpx:hr>178</gpxtpx:hr>
          </gpxtpx:TrackPointExtension>
        </extensions>
      </trkpt>
      <trkpt lat="28.80959510056486" lon="115.87672494301866">
        <ele>41.388779235072434</ele>
        <time>1970-01-01T00:16:55.600000Z</time>
        <extensions>
          <gpxtpx:TrackPointExtension>
            <gpxtpx:hr>178</gpxtpx:hr>
          </gpxtpx:TrackPointExtension>
        </extensions>
      </trkpt>
      <trkpt lat="28.8096141979533" lon="115.87673282363674">
        <ele>41.34292097762227</ele>
        <time>1970-01-01T00:16:56.600000Z</time>
        <extensions>
          <gpxtpx:TrackPointExtension>
            <gpxtpx:hr>178</gpxtpx:hr>
          </gpxtpx:TrackPointExtension>
        </extensions>
      </trkpt>
      <trkpt lat="28.809633667709896" lon="115.876740002138">
        <ele>41.28119754232466</ele>
        <time>1970-01-01T00:16:57.600000Z</time>
        <extensions>
          <gpxtpx:TrackPointExtension>
            <gpxtpx:hr>178</gpxtpx:hr>
          </gpxtpx:TrackPointExtension>
        </extensions>
      </trkpt>
      <trkpt lat="28.809653362770934" lon="115.87674686670692">
        <ele>41.207630986347795</ele>
        <time>1970-01-01T00:16:58.600000Z</time>
        <extensions>
          <gpxtpx:TrackPointExtension>
            <gpxtpx:hr>178</gpxtpx:hr>
          </gpxtpx:TrackPointExtension>
        </extensions>
      </trkpt>
      <trkpt lat="28.80967422358759" lon="115.8767539774755">
        <ele>41.13024049066007</ele>
        <time>1970-01-01T00:16:59.600000Z</time>
        <extensions>
          <gpxtpx:TrackPointExtension>
            <gpxtpx:hr>177</gpxtpx:hr>
          </gpxtpx:TrackPointExtension>
        </extensions>
      </trkpt>
      <trkpt lat="28.80969574345084" lon="115.87676156828068">
        <ele>41.05856450274587</ele>
        <time>1970-01-01T00:17:00.600000Z</time>
        <extensions>
          <gpxtpx:TrackPointExtension>
            <gpxtpx:hr>177</gpxtpx:hr>
          </gpxtpx:TrackPointExtension>
        </extensions>
      </trkpt>
      <trkpt lat="28.809716811707784" lon="115.8767705235317">
        <ele>41.002173439599574</ele>
        <time>1970-01-01T00:17:01.600000Z</time>
        <extensions>
          <gpxtpx:TrackPointExtension>
            <gpxtpx:hr>177</gpxtpx:hr>
          </gpxtpx:TrackPointExtension>
        </extensions>
      </trkpt>
      <trkpt lat="28.809737313403936" lon="115.87678018847453">
        <ele>40.966115998104215</ele>
        <time>1970-01-01T00:17:02.600000Z</time>
        <extensions>
          <gpxtpx:TrackPointExtension>
            <gpxtpx:hr>177</gpxtpx:hr>
          </gpxtpx:TrackPointExtension>
        </extensions>
      </trkpt>
      <trkpt lat="28.809757238319236" lon="115.87678962314634">
        <ele>40.94876021519303</ele>
        <time>1970-01-01T00:17:03.600000Z</time>
        <extensions>
          <gpxtpx:TrackPointExtension>
            <gpxtpx:hr>177</gpxtpx:hr>
          </gpxtpx:TrackPointExtension>
        </extensions>
      </trkpt>
      <trkpt lat="28.809776815040525" lon="115.87679906834391">
        <ele>40.942339569330215</ele>
        <time>1970-01-01T00:17:04.600000Z</time>
        <extensions>
          <gpxtpx:TrackPointExtension>
            <gpxtpx:hr>175</gpxtpx:hr>
          </gpxtpx:TrackPointExtension>
        </extensions>
      </trkpt>
      <trkpt lat="28.809795536632794" lon="115.87680878603769">
        <ele>40.937434701249</ele>
        <time>1970-01-01T00:17:05.600000Z</time>
        <extensions>
          <gpxtpx:TrackPointExtension>
            <gpxtpx:hr>175</gpxtpx:hr>
          </gpxtpx:TrackPointExtension>
        </extensions>
      </trkpt>
      <trkpt lat="28.80981413476976" lon="115.87681959710177">
        <ele>40.92414776887745</ele>
        <time>1970-01-01T00:17:06.600000Z</time>
        <extensions>
          <gpxtpx:TrackPointExtension>
            <gpxtpx:hr>175</gpxtpx:hr>
          </gpxtpx:TrackPointExtension>
        </extensions>
      </trkpt>
      <trkpt lat="28.80983284917965" lon="115.87683115706083">
        <ele>40.8942004237324</ele>
        <time>1970-01-01T00:17:07.600000Z</time>
        <extensions>
          <gpxtpx:TrackPointExtension>
            <gpxtpx:hr>175</gpxtpx:hr>
          </gpxtpx:TrackPointExtension>
        </extensions>
      </trkpt>
      <trkpt lat="28.809850523719753" lon="115.8768429796968">
        <ele>40.84364181756973</ele>
        <time>1970-01-01T00:17:08.600000Z</time>
        <extensions>
          <gpxtpx:TrackPointExtension>
            <gpxtpx:hr>174</gpxtpx:hr>
          </gpxtpx:TrackPointExtension>
        </extensions>
      </trkpt>
      <trkpt lat="28.809867019395995" lon="115.87685517279053">
        <ele>40.77416259236634</ele>
        <time>1970-01-01T00:17:09.600000Z</time>
        <extensions>
          <gpxtpx:TrackPointExtension>
            <gpxtpx:hr>174</gpxtpx:hr>
          </gpxtpx:TrackPointExtension>
        </extensions>
      </trkpt>
      <trkpt lat="28.809881478480794" lon="115.87686638198142">
        <ele>40.69347207900137</ele>
        <time>1970-01-01T00:17:10.600000Z</time>
        <extensions>
          <gpxtpx:TrackPointExtension>
            <gpxtpx:hr>174</gpxtpx:hr>
          </gpxtpx:TrackPointExtension>
        </extensions>
      </trkpt>
      <trkpt lat="28.809892125832192" lon="115.87687486933531">
        <ele>40.61259420774877</ele>
        <time>1970-01-01T00:17:11.600000Z</time>
        <extensions>
          <gpxtpx:TrackPointExtension>
            <gpxtpx:hr>174</gpxtpx:hr>
          </gpxtpx:TrackPointExtension>
        </extensions>
      </trkpt>
      <trkpt lat="28.809901766616882" lon="115.87688145391441">
        <ele>40.5446317223832</ele>
        <time>1970-01-01T00:17:12.600000Z</time>
        <extensions>
          <gpxtpx:TrackPointExtension>
            <gpxtpx:hr>174</gpxtpx:hr>
          </gpxtpx:TrackPointExtension>
        </extensions>
      </trkpt>
      <trkpt lat="28.80991524793051" lon="115.87688866098365">
        <ele>40.50152833946049</ele>
        <time>1970-01-01T00:17:13.600000Z</time>
        <extensions>
          <gpxtpx:TrackPointExtension>
            <gpxtpx:hr>174</gpxtpx:hr>
          </gpxtpx:TrackPointExtension>
        </extensions>
      </trkpt>
      <trkpt lat="28.809933498054313" lon="115.87689823760952">
        <ele>40.48923368193209</ele>
        <time>1970-01-01T00:17:14.600000Z</time>
        <extensions>
          <gpxtpx:TrackPointExtension>
            <gpxtpx:hr>172</gpxtpx:hr>
          </gpxtpx:TrackPointExtension>
        </extensions>
      </trkpt>
      <trkpt lat="28.809956956772965" lon="115.87691016470399">
        <ele>40.50890710763633</ele>
        <time>1970-01-01T00:17:15.600000Z</time>
        <extensions>
          <gpxtpx:TrackPointExtension>
            <gpxtpx:hr>172</gpxtpx:hr>
          </gpxtpx:TrackPointExtension>
        </extensions>
      </trkpt>
      <trkpt lat="28.8099839420173" lon="115.87692306949933">
        <ele>40.554254616610706</ele>
        <time>1970-01-01T00:17:16.600000Z</time>
        <extensions>
          <gpxtpx:TrackPointExtension>
            <gpxtpx:hr>172</gpxtpx:hr>
          </gpxtpx:TrackPointExtension>
        </extensions>
      </trkpt>
      <trkpt lat="28.810011956068198" lon="115.87693597454981">
        <ele>40.61869833059609</ele>
        <time>1970-01-01T00:17:17.600000Z</time>
        <extensions>
          <gpxtpx:TrackPointExtension>
            <gpxtpx:hr>172</gpxtpx:hr>
          </gpxtpx:TrackPointExtension>
        </extensions>
      </trkpt>
      <trkpt lat="28.81004009859706" lon="115.87694866299086">
        <ele>40.694580651819706</ele>
        <time>1970-01-01T00:17:18.600000Z</time>
        <extensions>
          <gpxtpx:TrackPointExtension>
            <gpxtpx:hr>172</gpxtpx:hr>
          </gpxtpx:TrackPointExtension>
        </extensions>
      </trkpt>
      <trkpt lat="28.810068713339827" lon="115.87696088963055">
        <ele>40.772021532058716</ele>
        <time>1970-01-01T00:17:19.600000Z</time>
        <extensions>
          <gpxtpx:TrackPointExtension>
            <gpxtpx:hr>172</gpxtpx:hr>
          </gpxtpx:TrackPointExtension>
        </extensions>
      </trkpt>
      <trkpt lat="28.810098046426027" lon="115.8769723670092">
        <ele>40.84289698116481</ele>
        <time>1970-01-01T00:17:20.600000Z</time>
        <extensions>
          <gpxtpx:TrackPointExtension>
            <gpxtpx:hr>170</gpxtpx:hr>
          </gpxtpx:TrackPointExtension>
        </extensions>
      </trkpt>
      <trkpt lat="28.810127959278375" lon="115.87698334029122">
        <ele>40.89731669053435</ele>
        <time>1970-01-01T00:17:21.600000Z</time>
        <extensions>
          <gpxtpx:TrackPointExtension>
            <gpxtpx:hr>170</gpxtpx:hr>
          </gpxtpx:TrackPointExtension>
        </extensions>
      </trkpt>
      <trkpt lat="28.810158278840227" lon="115.87699394912194">
        <ele>40.92548192758113</ele>
        <time>1970-01-01T00:17:22.600000Z</time>
        <extensions>
          <gpxtpx:TrackPointExtension>
            <gpxtpx:hr>170</gpxtpx:hr>
          </gpxtpx:TrackPointExtension>
        </extensions>
      </trkpt>
      <trkpt lat="28.810188709682926" lon="115.87700444183027">
        <ele>40.9203281942755</ele>
        <time>1970-01-01T00:17:23.600000Z</time>
        <extensions>
          <gpxtpx:TrackPointExtension>
            <gpxtpx:hr>170</gpxtpx:hr>
          </gpxtpx:TrackPointExtension>
        </extensions>
      </trkpt>
      <trkpt lat="28.810222708490304" lon="115.87701737248943">
        <ele>40.861195360310376</ele>
        <time>1970-01-01T00:17:24.800000Z</time>
        <extensions>
          <gpxtpx:TrackPointExtension>
            <gpxtpx:hr>170</gpxtpx:hr>
          </gpxtpx:TrackPointExtension>
        </extensions>
      </trkpt>
      <trkpt lat="28.810246160503244" lon="115.87702753982695">
        <ele>40.786769365891814</ele>
        <time>1970-01-01T00:17:25.600000Z</time>
        <extensions>
          <gpxtpx:TrackPointExtension>
            <gpxtpx:hr>170</gpxtpx:hr>
          </gpxtpx:TrackPointExtension>
        </extensions>
      </trkpt>
      <trkpt lat="28.810273962890736" lon="115.87703979341659">
        <ele>40.68047042004764</ele>
        <time>1970-01-01T00:17:26.600000Z</time>
        <extensions>
          <gpxtpx:TrackPointExtension>
            <gpxtpx:hr>170</gpxtpx:hr>
          </gpxtpx:TrackPointExtension>
        </extensions>
      </trkpt>
      <trkpt lat="28.810301050506684" lon="115.87705120110299">
        <ele>40.56915329489857</ele>
        <time>1970-01-01T00:17:27.600000Z</time>
        <extensions>
          <gpxtpx:TrackPointExtension>
            <gpxtpx:hr>170</gpxtpx:hr>
          </gpxtpx:TrackPointExtension>
        </extensions>
      </trkpt>
      <trkpt lat="28.810327544516266" lon="115.87706174547675">
        <ele>40.467045477591455</ele>
        <time>1970-01-01T00:17:28.600000Z</time>
        <extensions>
          <gpxtpx:TrackPointExtension>
            <gpxtpx:hr>171</gpxtpx:hr>
          </gpxtpx:TrackPointExtension>
        </extensions>
      </trkpt>
      <trkpt lat="28.81035376962925" lon="115.87707205337401">
        <ele>40.385189617984</ele>
        <time>1970-01-01T00:17:29.600000Z</time>
        <extensions>
          <gpxtpx:TrackPointExtension>
            <gpxtpx:hr>171</gpxtpx:hr>
          </gpxtpx:TrackPointExtension>
        </extensions>
      </trkpt>
      <trkpt lat="28.810379761233428" lon="115.8770822765971">
        <ele>40.32963998615742</ele>
        <time>1970-01-01T00:17:30.600000Z</time>
        <extensions>
          <gpxtpx:TrackPointExtension>
            <gpxtpx:hr>171</gpxtpx:hr>
          </gpxtpx:TrackPointExtension>
        </extensions>
      </trkpt>
      <trkpt lat="28.81040547950454" lon="115.87709247289852">
        <ele>40.300498894415796</ele>
        <time>1970-01-01T00:17:31.600000Z</time>
        <extensions>
          <gpxtpx:TrackPointExtension>
            <gpxtpx:hr>171</gpxtpx:hr>
          </gpxtpx:TrackPointExtension>
        </extensions>
      </trkpt>
      <trkpt lat="28.810430720727844" lon="115.87710257747013">
        <ele>40.293313088826835</ele>
        <time>1970-01-01T00:17:32.600000Z</time>
        <extensions>
          <gpxtpx:TrackPointExtension>
            <gpxtpx:hr>171</gpxtpx:hr>
          </gpxtpx:TrackPointExtension>
        </extensions>
      </trkpt>
      <trkpt lat="28.810455822345258" lon="115.877111694121">
        <ele>40.30178124923259</ele>
        <time>1970-01-01T00:17:33.600000Z</time>
        <extensions>
          <gpxtpx:TrackPointExtension>
            <gpxtpx:hr>171</gpxtpx:hr>
          </gpxtpx:TrackPointExtension>
        </extensions>
      </trkpt>
      <trkpt lat="28.810481094276778" lon="115.87711971247018">
        <ele>40.31868140865117</ele>
        <time>1970-01-01T00:17:34.600000Z</time>
        <extensions>
          <gpxtpx:TrackPointExtension>
            <gpxtpx:hr>171</gpxtpx:hr>
          </gpxtpx:TrackPointExtension>
        </extensions>
      </trkpt>
      <trkpt lat="28.810506729676842" lon="115.87712723855492">
        <ele>40.3357764929533</ele>
        <time>1970-01-01T00:17:35.600000Z</time>
        <extensions>
          <gpxtpx:TrackPointExtension>
            <gpxtpx:hr>171</gpxtpx:hr>
          </gpxtpx:TrackPointExtension>
        </extensions>
      </trkpt>
      <trkpt lat="28.810532214420633" lon="115.87713475172109">
        <ele>40.346997663378716</ele>
        <time>1970-01-01T00:17:36.600000Z</time>
        <extensions>
          <gpxtpx:TrackPointExtension>
            <gpxtpx:hr>172</gpxtpx:hr>
          </gpxtpx:TrackPointExtension>
        </extensions>
      </trkpt>
      <trkpt lat="28.810557394354678" lon="115.87714282615212">
        <ele>40.35058634728193</ele>
        <time>1970-01-01T00:17:37.600000Z</time>
        <extensions>
          <gpxtpx:TrackPointExtension>
            <gpxtpx:hr>172</gpxtpx:hr>
          </gpxtpx:TrackPointExtension>
        </extensions>
      </trkpt>
      <trkpt lat="28.810582215752067" lon="115.87715129072865">
        <ele>40.34783879015595</ele>
        <time>1970-01-01T00:17:38.600000Z</time>
        <extensions>
          <gpxtpx:TrackPointExtension>
            <gpxtpx:hr>172</gpxtpx:hr>
          </gpxtpx:TrackPointExtension>
        </extensions>
      </trkpt>
      <trkpt lat="28.81060665757924" lon="115.87715976943076">
        <ele>40.34212242718786</ele>
        <time>1970-01-01T00:17:39.600000Z</time>
        <extensions>
          <gpxtpx:TrackPointExtension>
            <gpxtpx:hr>172</gpxtpx:hr>
          </gpxtpx:TrackPointExtension>
        </extensions>
      </trkpt>
      <trkpt lat="28.81063068508733" lon="115.87716822057001">
        <ele>40.336296079680324</ele>
        <time>1970-01-01T00:17:40.600000Z</time>
        <extensions>
          <gpxtpx:TrackPointExtension>
            <gpxtpx:hr>172</gpxtpx:hr>
          </gpxtpx:TrackPointExtension>
        </extensions>
      </trkpt>
      <trkpt lat="28.810654848756794" lon="115.8771769360905">
        <ele>40.33096219692379</ele>
        <time>1970-01-01T00:17:41.600000Z</time>
        <extensions>
          <gpxtpx:TrackPointExtension>
            <gpxtpx:hr>174</gpxtpx:hr>
          </gpxtpx:TrackPointExtension>
        </extensions>
      </trkpt>
      <trkpt lat="28.81067996555479" lon="115.87718640121837">
        <ele>40.323228566907346</ele>
        <time>1970-01-01T00:17:42.600000Z</time>
        <extensions>
          <gpxtpx:TrackPointExtension>
            <gpxtpx:hr>174</gpxtpx:hr>
          </gpxtpx:TrackPointExtension>
        </extensions>
      </trkpt>
      <trkpt lat="28.810705956334996" lon="115.87719659751474">
        <ele>40.308557570911944</ele>
        <time>1970-01-01T00:17:43.600000Z</time>
        <extensions>
          <gpxtpx:TrackPointExtension>
            <gpxtpx:hr>174</gpxtpx:hr>
          </gpxtpx:TrackPointExtension>
        </extensions>
      </trkpt>
      <trkpt lat="28.810731907176798" lon="115.8772070836147">
        <ele>40.281290230341256</ele>
        <time>1970-01-01T00:17:44.600000Z</time>
        <extensions>
          <gpxtpx:TrackPointExtension>
            <gpxtpx:hr>174</gpxtpx:hr>
          </gpxtpx:TrackPointExtension>
        </extensions>
      </trkpt>
      <trkpt lat="28.810756594885298" lon="115.87721730026611">
        <ele>40.23780289385468</ele>
        <time>1970-01-01T00:17:45.600000Z</time>
        <extensions>
          <gpxtpx:TrackPointExtension>
            <gpxtpx:hr>174</gpxtpx:hr>
          </gpxtpx:TrackPointExtension>
        </extensions>
      </trkpt>
      <trkpt lat="28.810780575612203" lon="115.8772276592694">
        <ele>40.177447248250246</ele>
        <time>1970-01-01T00:17:46.600000Z</time>
        <extensions>
          <gpxtpx:TrackPointExtension>
            <gpxtpx:hr>174</gpxtpx:hr>
          </gpxtpx:TrackPointExtension>
        </extensions>
      </trkpt>
      <trkpt lat="28.810804877276222" lon="115.87723839413069">
        <ele>40.10166734177619</ele>
        <time>1970-01-01T00:17:47.600000Z</time>
        <extensions>
          <gpxtpx:TrackPointExtension>
            <gpxtpx:hr>174</gpxtpx:hr>
          </gpxtpx:TrackPointExtension>
        </extensions>
      </trkpt>
      <trkpt lat="28.810829113836192" lon="115.87724955439732">
        <ele>40.01651117298752</ele>
        <time>1970-01-01T00:17:48.600000Z</time>
        <extensions>
          <gpxtpx:TrackPointExtension>
            <gpxtpx:hr>175</gpxtpx:hr>
          </gpxtpx:TrackPointExtension>
        </extensions>
      </trkpt>
      <trkpt lat="28.810853326426273" lon="115.87726152710003">
        <ele>39.93069485016167</ele>
        <time>1970-01-01T00:17:49.600000Z</time>
        <extensions>
          <gpxtpx:TrackPointExtension>
            <gpxtpx:hr>175</gpxtpx:hr>
          </gpxtpx:TrackPointExtension>
        </extensions>
      </trkpt>
      <trkpt lat="28.81087778169579" lon="115.87727364367109">
        <ele>39.85325711593032</ele>
        <time>1970-01-01T00:17:50.600000Z</time>
        <extensions>
          <gpxtpx:TrackPointExtension>
            <gpxtpx:hr>175</gpxtpx:hr>
          </gpxtpx:TrackPointExtension>
        </extensions>
      </trkpt>
      <trkpt lat="28.810902833608175" lon="115.87728508214444">
        <ele>39.79198481049389</ele>
        <time>1970-01-01T00:17:51.600000Z</time>
        <extensions>
          <gpxtpx:TrackPointExtension>
            <gpxtpx:hr>175</gpxtpx:hr>
          </gpxtpx:TrackPointExtension>
        </extensions>
      </trkpt>
      <trkpt lat="28.81092870623415" lon="115.87729591252577">
        <ele>39.75378692056984</ele>
        <time>1970-01-01T00:17:52.600000Z</time>
        <extensions>
          <gpxtpx:TrackPointExtension>
            <gpxtpx:hr>175</gpxtpx:hr>
          </gpxtpx:TrackPointExtension>
        </extensions>
      </trkpt>
      <trkpt lat="28.810954756803653" lon="115.8773068695794">
        <ele>39.74222257360816</ele>
        <time>1970-01-01T00:17:53.600000Z</time>
        <extensions>
          <gpxtpx:TrackPointExtension>
            <gpxtpx:hr>175</gpxtpx:hr>
          </gpxtpx:TrackPointExtension>
        </extensions>
      </trkpt>
      <trkpt lat="28.81098050686511" lon="115.87731824552426">
        <ele>39.75781103875488</ele>
        <time>1970-01-01T00:17:54.600000Z</time>
        <extensions>
          <gpxtpx:TrackPointExtension>
            <gpxtpx:hr>175</gpxtpx:hr>
          </gpxtpx:TrackPointExtension>
        </extensions>
      </trkpt>
      <trkpt lat="28.8110065373695" lon="115.87733034689381">
        <ele>39.798246037214994</ele>
        <time>1970-01-01T00:17:55.600000Z</time>
        <extensions>
          <gpxtpx:TrackPointExtension>
            <gpxtpx:hr>175</gpxtpx:hr>
          </gpxtpx:TrackPointExtension>
        </extensions>
      </trkpt>
      <trkpt lat="28.81103231477892" lon="115.87734251177473">
        <ele>39.85889679938555</ele>
        <time>1970-01-01T00:17:56.600000Z</time>
        <extensions>
          <gpxtpx:TrackPointExtension>
            <gpxtpx:hr>175</gpxtpx:hr>
          </gpxtpx:TrackPointExtension>
        </extensions>
      </trkpt>
      <trkpt lat="28.81105722036515" lon="115.87735389952492">
        <ele>39.93174258060753</ele>
        <time>1970-01-01T00:17:57.600000Z</time>
        <extensions>
          <gpxtpx:TrackPointExtension>
            <gpxtpx:hr>175</gpxtpx:hr>
          </gpxtpx:TrackPointExtension>
        </extensions>
      </trkpt>
      <trkpt lat="28.811081912322077" lon="115.87736492799779">
        <ele>40.00805439054966</ele>
        <time>1970-01-01T00:17:58.600000Z</time>
        <extensions>
          <gpxtpx:TrackPointExtension>
            <gpxtpx:hr>175</gpxtpx:hr>
          </gpxtpx:TrackPointExtension>
        </extensions>
      </trkpt>
      <trkpt lat="28.81110657763316" lon="115.8773760294722">
        <ele>40.0798707716167</ele>
        <time>1970-01-01T00:17:59.600000Z</time>
        <extensions>
          <gpxtpx:TrackPointExtension>
            <gpxtpx:hr>175</gpxtpx:hr>
          </gpxtpx:TrackPointExtension>
        </extensions>
      </trkpt>
      <trkpt lat="28.811131367417655" lon="115.87738729571448">
        <ele>40.14232487231493</ele>
        <time>1970-01-01T00:18:00.600000Z</time>
        <extensions>
          <gpxtpx:TrackPointExtension>
            <gpxtpx:hr>175</gpxtpx:hr>
          </gpxtpx:TrackPointExtension>
        </extensions>
      </trkpt>
      <trkpt lat="28.81115698728764" lon="115.87739908590751">
        <ele>40.19418877083808</ele>
        <time>1970-01-01T00:18:01.600000Z</time>
        <extensions>
          <gpxtpx:TrackPointExtension>
            <gpxtpx:hr>175</gpxtpx:hr>
          </gpxtpx:TrackPointExtension>
        </extensions>
      </trkpt>
      <trkpt lat="28.811182942870243" lon="115.87741142775945">
        <ele>40.2390594612807</ele>
        <time>1970-01-01T00:18:02.600000Z</time>
        <extensions>
          <gpxtpx:TrackPointExtension>
            <gpxtpx:hr>175</gpxtpx:hr>
          </gpxtpx:TrackPointExtension>
        </extensions>
      </trkpt>
      <trkpt lat="28.811208075548784" lon="115.8774240090187">
        <ele>40.28090355172753</ele>
        <time>1970-01-01T00:18:03.600000Z</time>
        <extensions>
          <gpxtpx:TrackPointExtension>
            <gpxtpx:hr>175</gpxtpx:hr>
          </gpxtpx:TrackPointExtension>
        </extensions>
      </trkpt>
      <trkpt lat="28.81123240035353" lon="115.87743618847254">
        <ele>40.323650856502354</ele>
        <time>1970-01-01T00:18:04.600000Z</time>
        <extensions>
          <gpxtpx:TrackPointExtension>
            <gpxtpx:hr>175</gpxtpx:hr>
          </gpxtpx:TrackPointExtension>
        </extensions>
      </trkpt>
      <trkpt lat="28.811256003666895" lon="115.87744691996853">
        <ele>40.36992606706917</ele>
        <time>1970-01-01T00:18:05.600000Z</time>
        <extensions>
          <gpxtpx:TrackPointExtension>
            <gpxtpx:hr>175</gpxtpx:hr>
          </gpxtpx:TrackPointExtension>
        </extensions>
      </trkpt>
      <trkpt lat="28.811279662966214" lon="115.8774564774451">
        <ele>40.42049120366573</ele>
        <time>1970-01-01T00:18:06.600000Z</time>
        <extensions>
          <gpxtpx:TrackPointExtension>
            <gpxtpx:hr>175</gpxtpx:hr>
          </gpxtpx:TrackPointExtension>
        </extensions>
      </trkpt>
      <trkpt lat="28.811303850779797" lon="115.87746527016348">
        <ele>40.4725100947544</ele>
        <time>1970-01-01T00:18:07.600000Z</time>
        <extensions>
          <gpxtpx:TrackPointExtension>
            <gpxtpx:hr>175</gpxtpx:hr>
          </gpxtpx:TrackPointExtension>
        </extensions>
      </trkpt>
      <trkpt lat="28.811328519315364" lon="115.87747364806033">
        <ele>40.52101196721196</ele>
        <time>1970-01-01T00:18:08.600000Z</time>
        <extensions>
          <gpxtpx:TrackPointExtension>
            <gpxtpx:hr>175</gpxtpx:hr>
          </gpxtpx:TrackPointExtension>
        </extensions>
      </trkpt>
      <trkpt lat="28.81135318397765" lon="115.87748185961335">
        <ele>40.55977424606681</ele>
        <time>1970-01-01T00:18:09.600000Z</time>
        <extensions>
          <gpxtpx:TrackPointExtension>
            <gpxtpx:hr>175</gpxtpx:hr>
          </gpxtpx:TrackPointExtension>
        </extensions>
      </trkpt>
      <trkpt lat="28.81137732392875" lon="115.87749009545512">
        <ele>40.58282197173685</ele>
        <time>1970-01-01T00:18:10.600000Z</time>
        <extensions>
          <gpxtpx:TrackPointExtension>
            <gpxtpx:hr>175</gpxtpx:hr>
          </gpxtpx:TrackPointExtension>
        </extensions>
      </trkpt>
      <trkpt lat="28.81140137168122" lon="115.87749913659528">
        <ele>40.58544110134244</ele>
        <time>1970-01-01T00:18:11.600000Z</time>
        <extensions>
          <gpxtpx:TrackPointExtension>
            <gpxtpx:hr>175</gpxtpx:hr>
          </gpxtpx:TrackPointExtension>
        </extensions>
      </trkpt>
      <trkpt lat="28.811425187944117" lon="115.87750882689177">
        <ele>40.566470325924456</ele>
        <time>1970-01-01T00:18:12.600000Z</time>
        <extensions>
          <gpxtpx:TrackPointExtension>
            <gpxtpx:hr>176</gpxtpx:hr>
          </gpxtpx:TrackPointExtension>
        </extensions>
      </trkpt>
      <trkpt lat="28.811448995194603" lon="115.87751896092962">
        <ele>40.529029910452664</ele>
        <time>1970-01-01T00:18:13.600000Z</time>
        <extensions>
          <gpxtpx:TrackPointExtension>
            <gpxtpx:hr>176</gpxtpx:hr>
          </gpxtpx:TrackPointExtension>
        </extensions>
      </trkpt>
      <trkpt lat="28.81147344451331" lon="115.87752960298441">
        <ele>40.47928833309561</ele>
        <time>1970-01-01T00:18:14.600000Z</time>
        <extensions>
          <gpxtpx:TrackPointExtension>
            <gpxtpx:hr>176</gpxtpx:hr>
          </gpxtpx:TrackPointExtension>
        </extensions>
      </trkpt>
      <trkpt lat="28.811498768412026" lon="115.87754054096133">
        <ele>40.42341214232147</ele>
        <time>1970-01-01T00:18:15.600000Z</time>
        <extensions>
          <gpxtpx:TrackPointExtension>
            <gpxtpx:hr>176</gpxtpx:hr>
          </gpxtpx:TrackPointExtension>
        </extensions>
      </trkpt>
      <trkpt lat="28.81152443509182" lon="115.87755110424224">
        <ele>40.36856717988849</ele>
        <time>1970-01-01T00:18:16.600000Z</time>
        <extensions>
          <gpxtpx:TrackPointExtension>
            <gpxtpx:hr>176</gpxtpx:hr>
          </gpxtpx:TrackPointExtension>
        </extensions>
      </trkpt>
      <trkpt lat="28.81155007724394" lon="115.87756093322506">
        <ele>40.319804274477065</ele>
        <time>1970-01-01T00:18:17.600000Z</time>
        <extensions>
          <gpxtpx:TrackPointExtension>
            <gpxtpx:hr>176</gpxtpx:hr>
          </gpxtpx:TrackPointExtension>
        </extensions>
      </trkpt>
      <trkpt lat="28.81157548229735" lon="115.87757021100336">
        <ele>40.27984261699021</ele>
        <time>1970-01-01T00:18:18.600000Z</time>
        <extensions>
          <gpxtpx:TrackPointExtension>
            <gpxtpx:hr>176</gpxtpx:hr>
          </gpxtpx:TrackPointExtension>
        </extensions>
      </trkpt>
      <trkpt lat="28.811600502987176" lon="115.87757919103079">
        <ele>40.24983643647283</ele>
        <time>1970-01-01T00:18:19.600000Z</time>
        <extensions>
          <gpxtpx:TrackPointExtension>
            <gpxtpx:hr>176</gpxtpx:hr>
          </gpxtpx:TrackPointExtension>
        </extensions>
      </trkpt>
      <trkpt lat="28.811625255357015" lon="115.87758792246356">
        <ele>40.23212280496955</ele>
        <time>1970-01-01T00:18:20.600000Z</time>
        <extensions>
          <gpxtpx:TrackPointExtension>
            <gpxtpx:hr>176</gpxtpx:hr>
          </gpxtpx:TrackPointExtension>
        </extensions>
      </trkpt>
      <trkpt lat="28.811649632713547" lon="115.87759584859275">
        <ele>40.226581833325326</ele>
        <time>1970-01-01T00:18:21.600000Z</time>
        <extensions>
          <gpxtpx:TrackPointExtension>
            <gpxtpx:hr>176</gpxtpx:hr>
          </gpxtpx:TrackPointExtension>
        </extensions>
      </trkpt>
      <trkpt lat="28.811672835419838" lon="115.87760348298812">
        <ele>40.2336336588487</ele>
        <time>1970-01-01T00:18:22.600000Z</time>
        <extensions>
          <gpxtpx:TrackPointExtension>
            <gpxtpx:hr>176</gpxtpx:hr>
          </gpxtpx:TrackPointExtension>
        </extensions>
      </trkpt>
      <trkpt lat="28.811693935213906" lon="115.8776116665776">
        <ele>40.25389517657459</ele>
        <time>1970-01-01T00:18:23.600000Z</time>
        <extensions>
          <gpxtpx:TrackPointExtension>
            <gpxtpx:hr>176</gpxtpx:hr>
          </gpxtpx:TrackPointExtension>
        </extensions>
      </trkpt>
      <trkpt lat="28.811713556363912" lon="115.87762057372467">
        <ele>40.287240255624056</ele>
        <time>1970-01-01T00:18:24.600000Z</time>
        <extensions>
          <gpxtpx:TrackPointExtension>
            <gpxtpx:hr>176</gpxtpx:hr>
          </gpxtpx:TrackPointExtension>
        </extensions>
      </trkpt>
      <trkpt lat="28.81173298060939" lon="115.8776304392761">
        <ele>40.33071740530431</ele>
        <time>1970-01-01T00:18:25.600000Z</time>
        <extensions>
          <gpxtpx:TrackPointExtension>
            <gpxtpx:hr>176</gpxtpx:hr>
          </gpxtpx:TrackPointExtension>
        </extensions>
      </trkpt>
      <trkpt lat="28.811753052302848" lon="115.87764030840651">
        <ele>40.379279140383005</ele>
        <time>1970-01-01T00:18:26.600000Z</time>
        <extensions>
          <gpxtpx:TrackPointExtension>
            <gpxtpx:hr>176</gpxtpx:hr>
          </gpxtpx:TrackPointExtension>
        </extensions>
      </trkpt>
      <trkpt lat="28.811774172803663" lon="115.87764996682591">
        <ele>40.42567864153534</ele>
        <time>1970-01-01T00:18:27.600000Z</time>
        <extensions>
          <gpxtpx:TrackPointExtension>
            <gpxtpx:hr>176</gpxtpx:hr>
          </gpxtpx:TrackPointExtension>
        </extensions>
      </trkpt>
      <trkpt lat="28.811796521668914" lon="115.87765982270444">
        <ele>40.46194790303707</ele>
        <time>1970-01-01T00:18:28.600000Z</time>
        <extensions>
          <gpxtpx:TrackPointExtension>
            <gpxtpx:hr>176</gpxtpx:hr>
          </gpxtpx:TrackPointExtension>
        </extensions>
      </trkpt>
      <trkpt lat="28.811819765723406" lon="115.87766974320819">
        <ele>40.481430595740676</ele>
        <time>1970-01-01T00:18:29.600000Z</time>
        <extensions>
          <gpxtpx:TrackPointExtension>
            <gpxtpx:hr>176</gpxtpx:hr>
          </gpxtpx:TrackPointExtension>
        </extensions>
      </trkpt>
      <trkpt lat="28.81184380050165" lon="115.87767945624337">
        <ele>40.48084860853851</ele>
        <time>1970-01-01T00:18:30.600000Z</time>
        <extensions>
          <gpxtpx:TrackPointExtension>
            <gpxtpx:hr>176</gpxtpx:hr>
          </gpxtpx:TrackPointExtension>
        </extensions>
      </trkpt>
      <trkpt lat="28.811868701812198" lon="115.8776882707036">
        <ele>40.46163814794272</ele>
        <time>1970-01-01T00:18:31.600000Z</time>
        <extensions>
          <gpxtpx:TrackPointExtension>
            <gpxtpx:hr>176</gpxtpx:hr>
          </gpxtpx:TrackPointExtension>
        </extensions>
      </trkpt>
      <trkpt lat="28.811894268686345" lon="115.8776965210388">
        <ele>40.428907645866275</ele>
        <time>1970-01-01T00:18:32.600000Z</time>
        <extensions>
          <gpxtpx:TrackPointExtension>
            <gpxtpx:hr>176</gpxtpx:hr>
          </gpxtpx:TrackPointExtension>
        </extensions>
      </trkpt>
      <trkpt lat="28.811919716396222" lon="115.87770475665322">
        <ele>40.38938342034817</ele>
        <time>1970-01-01T00:18:33.600000Z</time>
        <extensions>
          <gpxtpx:TrackPointExtension>
            <gpxtpx:hr>177</gpxtpx:hr>
          </gpxtpx:TrackPointExtension>
        </extensions>
      </trkpt>
      <trkpt lat="28.811944688837315" lon="115.87771328007781">
        <ele>40.34986139368266</ele>
        <time>1970-01-01T00:18:34.600000Z</time>
        <extensions>
          <gpxtpx:TrackPointExtension>
            <gpxtpx:hr>177</gpxtpx:hr>
          </gpxtpx:TrackPointExtension>
        </extensions>
      </trkpt>
      <trkpt lat="28.811969429420433" lon="115.87772212926775">
        <ele>40.31613782607019</ele>
        <time>1970-01-01T00:18:35.600000Z</time>
        <extensions>
          <gpxtpx:TrackPointExtension>
            <gpxtpx:hr>177</gpxtpx:hr>
          </gpxtpx:TrackPointExtension>
        </extensions>
      </trkpt>
      <trkpt lat="28.811994174455968" lon="115.87773106022186">
        <ele>40.29131870996207</ele>
        <time>1970-01-01T00:18:36.600000Z</time>
        <extensions>
          <gpxtpx:TrackPointExtension>
            <gpxtpx:hr>177</gpxtpx:hr>
          </gpxtpx:TrackPointExtension>
        </extensions>
      </trkpt>
      <trkpt lat="28.81201879140351" lon="115.87773940024086">
        <ele>40.276104723103344</ele>
        <time>1970-01-01T00:18:37.600000Z</time>
        <extensions>
          <gpxtpx:TrackPointExtension>
            <gpxtpx:hr>177</gpxtpx:hr>
          </gpxtpx:TrackPointExtension>
        </extensions>
      </trkpt>
      <trkpt lat="28.812042699506563" lon="115.87774682184394">
        <ele>40.2696953099221</ele>
        <time>1970-01-01T00:18:38.600000Z</time>
        <extensions>
          <gpxtpx:TrackPointExtension>
            <gpxtpx:hr>180</gpxtpx:hr>
          </gpxtpx:TrackPointExtension>
        </extensions>
      </trkpt>
      <trkpt lat="28.81206600692178" lon="115.87775378921125">
        <ele>40.26976077910513</ele>
        <time>1970-01-01T00:18:39.600000Z</time>
        <extensions>
          <gpxtpx:TrackPointExtension>
            <gpxtpx:hr>180</gpxtpx:hr>
          </gpxtpx:TrackPointExtension>
        </extensions>
      </trkpt>
      <trkpt lat="28.812088648911043" lon="115.87776056530912">
        <ele>40.27329874224961</ele>
        <time>1970-01-01T00:18:40.600000Z</time>
        <extensions>
          <gpxtpx:TrackPointExtension>
            <gpxtpx:hr>180</gpxtpx:hr>
          </gpxtpx:TrackPointExtension>
        </extensions>
      </trkpt>
      <trkpt lat="28.812111412017913" lon="115.87776815282224">
        <ele>40.276944091543555</ele>
        <time>1970-01-01T00:18:41.600000Z</time>
        <extensions>
          <gpxtpx:TrackPointExtension>
            <gpxtpx:hr>180</gpxtpx:hr>
          </gpxtpx:TrackPointExtension>
        </extensions>
      </trkpt>
      <trkpt lat="28.812134949194228" lon="115.87777690856429">
        <ele>40.27712133061141</ele>
        <time>1970-01-01T00:18:42.600000Z</time>
        <extensions>
          <gpxtpx:TrackPointExtension>
            <gpxtpx:hr>180</gpxtpx:hr>
          </gpxtpx:TrackPointExtension>
        </extensions>
      </trkpt>
      <trkpt lat="28.812158959453033" lon="115.87778555807694">
        <ele>40.26907035242766</ele>
        <time>1970-01-01T00:18:43.600000Z</time>
        <extensions>
          <gpxtpx:TrackPointExtension>
            <gpxtpx:hr>180</gpxtpx:hr>
          </gpxtpx:TrackPointExtension>
        </extensions>
      </trkpt>
      <trkpt lat="28.81218339767062" lon="115.87779388690333">
        <ele>40.25970492232591</ele>
        <time>1970-01-01T00:18:44.600000Z</time>
        <extensions>
          <gpxtpx:TrackPointExtension>
            <gpxtpx:hr>180</gpxtpx:hr>
          </gpxtpx:TrackPointExtension>
        </extensions>
      </trkpt>
      <trkpt lat="28.81220757950064" lon="115.87780229729945">
        <ele>40.24482518527657</ele>
        <time>1970-01-01T00:18:45.600000Z</time>
        <extensions>
          <gpxtpx:TrackPointExtension>
            <gpxtpx:hr>180</gpxtpx:hr>
          </gpxtpx:TrackPointExtension>
        </extensions>
      </trkpt>
      <trkpt lat="28.812232011106712" lon="115.8778105753067">
        <ele>40.22009635530412</ele>
        <time>1970-01-01T00:18:46.600000Z</time>
        <extensions>
          <gpxtpx:TrackPointExtension>
            <gpxtpx:hr>180</gpxtpx:hr>
          </gpxtpx:TrackPointExtension>
        </extensions>
      </trkpt>
      <trkpt lat="28.81225708201298" lon="115.87781875490708">
        <ele>40.187727835960686</ele>
        <time>1970-01-01T00:18:47.600000Z</time>
        <extensions>
          <gpxtpx:TrackPointExtension>
            <gpxtpx:hr>179</gpxtpx:hr>
          </gpxtpx:TrackPointExtension>
        </extensions>
      </trkpt>
      <trkpt lat="28.812282602152585" lon="115.87782699568032">
        <ele>40.152961554937065</ele>
        <time>1970-01-01T00:18:48.600000Z</time>
        <extensions>
          <gpxtpx:TrackPointExtension>
            <gpxtpx:hr>179</gpxtpx:hr>
          </gpxtpx:TrackPointExtension>
        </extensions>
      </trkpt>
      <trkpt lat="28.8123079956903" lon="115.87783463019669">
        <ele>40.12420497182757</ele>
        <time>1970-01-01T00:18:49.600000Z</time>
        <extensions>
          <gpxtpx:TrackPointExtension>
            <gpxtpx:hr>179</gpxtpx:hr>
          </gpxtpx:TrackPointExtension>
        </extensions>
      </trkpt>
      <trkpt lat="28.812332264529065" lon="115.8778411972835">
        <ele>40.103971869684756</ele>
        <time>1970-01-01T00:18:50.600000Z</time>
        <extensions>
          <gpxtpx:TrackPointExtension>
            <gpxtpx:hr>179</gpxtpx:hr>
          </gpxtpx:TrackPointExtension>
        </extensions>
      </trkpt>
      <trkpt lat="28.812356099435515" lon="115.87784746067601">
        <ele>40.09225372970104</ele>
        <time>1970-01-01T00:18:51.600000Z</time>
        <extensions>
          <gpxtpx:TrackPointExtension>
            <gpxtpx:hr>179</gpxtpx:hr>
          </gpxtpx:TrackPointExtension>
        </extensions>
      </trkpt>
      <trkpt lat="28.812380198551125" lon="115.87785385910512">
        <ele>40.08498118259013</ele>
        <time>1970-01-01T00:18:52.600000Z</time>
        <extensions>
          <gpxtpx:TrackPointExtension>
            <gpxtpx:hr>178</gpxtpx:hr>
          </gpxtpx:TrackPointExtension>
        </extensions>
      </trkpt>
      <trkpt lat="28.812403829766843" lon="115.87786016461993">
        <ele>40.0714323669672</ele>
        <time>1970-01-01T00:18:53.600000Z</time>
        <extensions>
          <gpxtpx:TrackPointExtension>
            <gpxtpx:hr>178</gpxtpx:hr>
          </gpxtpx:TrackPointExtension>
        </extensions>
      </trkpt>
      <trkpt lat="28.81241184828118" lon="115.8778623331813">
        <ele>40.06967291794717</ele>
        <time>1970-01-01T00:18:54Z</time>
        <extensions>
          <gpxtpx:TrackPointExtension>
            <gpxtpx:hr>178</gpxtpx:hr>
          </gpxtpx:TrackPointExtension>
        </extensions>
      </trkpt>
      <trkpt lat="28.81242674910723" lon="115.87786637197017">
        <ele>40.06221019849181</ele>
        <time>1970-01-01T00:18:54.600000Z</time>
        <extensions>
          <gpxtpx:TrackPointExtension>
            <gpxtpx:hr>178</gpxtpx:hr>
          </gpxtpx:TrackPointExtension>
        </extensions>
      </trkpt>
      <trkpt lat="28.81244958423499" lon="115.87787243299404">
        <ele>40.06699299253523</ele>
        <time>1970-01-01T00:18:55.600000Z</time>
        <extensions>
          <gpxtpx:TrackPointExtension>
            <gpxtpx:hr>178</gpxtpx:hr>
          </gpxtpx:TrackPointExtension>
        </extensions>
      </trkpt>
      <trkpt lat="28.81247198882982" lon="115.87787828251773">
        <ele>40.083921959623694</ele>
        <time>1970-01-01T00:18:56.600000Z</time>
        <extensions>
          <gpxtpx:TrackPointExtension>
            <gpxtpx:hr>178</gpxtpx:hr>
          </gpxtpx:TrackPointExtension>
        </extensions>
      </trkpt>
      <trkpt lat="28.812494122618954" lon="115.87788413359793">
        <ele>40.09313804842532</ele>
        <time>1970-01-01T00:18:57.600000Z</time>
        <extensions>
          <gpxtpx:TrackPointExtension>
            <gpxtpx:hr>178</gpxtpx:hr>
          </gpxtpx:TrackPointExtension>
        </extensions>
      </trkpt>
      <trkpt lat="28.812516387992492" lon="115.87789035921126">
        <ele>40.08330603595823</ele>
        <time>1970-01-01T00:18:58.600000Z</time>
        <extensions>
          <gpxtpx:TrackPointExtension>
            <gpxtpx:hr>178</gpxtpx:hr>
          </gpxtpx:TrackPointExtension>
        </extensions>
      </trkpt>
      <trkpt lat="28.812538778366665" lon="115.87789725179294">
        <ele>40.052166354842484</ele>
        <time>1970-01-01T00:18:59.600000Z</time>
        <extensions>
          <gpxtpx:TrackPointExtension>
            <gpxtpx:hr>178</gpxtpx:hr>
          </gpxtpx:TrackPointExtension>
        </extensions>
      </trkpt>
      <trkpt lat="28.812561644236144" lon="115.87790469601681">
        <ele>40.00528900139034</ele>
        <time>1970-01-01T00:19:00.600000Z</time>
        <extensions>
          <gpxtpx:TrackPointExtension>
            <gpxtpx:hr>177</gpxtpx:hr>
          </gpxtpx:TrackPointExtension>
        </extensions>
      </trkpt>
      <trkpt lat="28.81258526156687" lon="115.87791215946532">
        <ele>39.952780588530004</ele>
        <time>1970-01-01T00:19:01.600000Z</time>
        <extensions>
          <gpxtpx:TrackPointExtension>
            <gpxtpx:hr>177</gpxtpx:hr>
          </gpxtpx:TrackPointExtension>
        </extensions>
      </trkpt>
      <trkpt lat="28.812609466590075" lon="115.87791943788552">
        <ele>39.903170032426715</ele>
        <time>1970-01-01T00:19:02.600000Z</time>
        <extensions>
          <gpxtpx:TrackPointExtension>
            <gpxtpx:hr>177</gpxtpx:hr>
          </gpxtpx:TrackPointExtension>
        </extensions>
      </trkpt>
      <trkpt lat="28.812633388616103" lon="115.87792636229821">
        <ele>39.863868771120906</ele>
        <time>1970-01-01T00:19:03.600000Z</time>
        <extensions>
          <gpxtpx:TrackPointExtension>
            <gpxtpx:hr>177</gpxtpx:hr>
          </gpxtpx:TrackPointExtension>
        </extensions>
      </trkpt>
      <trkpt lat="28.81265661078038" lon="115.87793268467134">
        <ele>39.82320154644549</ele>
        <time>1970-01-01T00:19:04.600000Z</time>
        <extensions>
          <gpxtpx:TrackPointExtension>
            <gpxtpx:hr>177</gpxtpx:hr>
          </gpxtpx:TrackPointExtension>
        </extensions>
      </trkpt>
      <trkpt lat="28.812679355599105" lon="115.87793866148711">
        <ele>39.77630872186273</ele>
        <time>1970-01-01T00:19:05.600000Z</time>
        <extensions>
          <gpxtpx:TrackPointExtension>
            <gpxtpx:hr>177</gpxtpx:hr>
          </gpxtpx:TrackPointExtension>
        </extensions>
      </trkpt>
      <trkpt lat="28.812701484257037" lon="115.87794438552756">
        <ele>39.71124616917223</ele>
        <time>1970-01-01T00:19:06.600000Z</time>
        <extensions>
          <gpxtpx:TrackPointExtension>
            <gpxtpx:hr>177</gpxtpx:hr>
          </gpxtpx:TrackPointExtension>
        </extensions>
      </trkpt>
      <trkpt lat="28.812722853373764" lon="115.87794983730213">
        <ele>39.5391245232895</ele>
        <time>1970-01-01T00:19:07.600000Z</time>
        <extensions>
          <gpxtpx:TrackPointExtension>
            <gpxtpx:hr>177</gpxtpx:hr>
          </gpxtpx:TrackPointExtension>
        </extensions>
      </trkpt>
      <trkpt lat="28.812743745325182" lon="115.87795515676486">
        <ele>39.42728432640433</ele>
        <time>1970-01-01T00:19:08.600000Z</time>
        <extensions>
          <gpxtpx:TrackPointExtension>
            <gpxtpx:hr>177</gpxtpx:hr>
          </gpxtpx:TrackPointExtension>
        </extensions>
      </trkpt>
      <trkpt lat="28.812764284369447" lon="115.87796037228598">
        <ele>39.31064458750188</ele>
        <time>1970-01-01T00:19:09.600000Z</time>
        <extensions>
          <gpxtpx:TrackPointExtension>
            <gpxtpx:hr>175</gpxtpx:hr>
          </gpxtpx:TrackPointExtension>
        </extensions>
      </trkpt>
      <trkpt lat="28.812785284640945" lon="115.87796603524421">
        <ele>39.19938083644956</ele>
        <time>1970-01-01T00:19:10.600000Z</time>
        <extensions>
          <gpxtpx:TrackPointExtension>
            <gpxtpx:hr>175</gpxtpx:hr>
          </gpxtpx:TrackPointExtension>
        </extensions>
      </trkpt>
      <trkpt lat="28.81280753325227" lon="115.87797217602868">
        <ele>39.114142573438585</ele>
        <time>1970-01-01T00:19:11.600000Z</time>
        <extensions>
          <gpxtpx:TrackPointExtension>
            <gpxtpx:hr>175</gpxtpx:hr>
          </gpxtpx:TrackPointExtension>
        </extensions>
      </trkpt>
      <trkpt lat="28.812831438587388" lon="115.87797784342239">
        <ele>39.08706827927381</ele>
        <time>1970-01-01T00:19:12.600000Z</time>
        <extensions>
          <gpxtpx:TrackPointExtension>
            <gpxtpx:hr>175</gpxtpx:hr>
          </gpxtpx:TrackPointExtension>
        </extensions>
      </trkpt>
      <trkpt lat="28.812858987180093" lon="115.87798288833739">
        <ele>39.161945104599</ele>
        <time>1970-01-01T00:19:13.600000Z</time>
        <extensions>
          <gpxtpx:TrackPointExtension>
            <gpxtpx:hr>175</gpxtpx:hr>
          </gpxtpx:TrackPointExtension>
        </extensions>
      </trkpt>
      <trkpt lat="28.813143342747736" lon="115.87801052663092">
        <ele>40.356256699189544</ele>
        <time>1970-01-01T00:19:26Z</time>
        <extensions>
          <gpxtpx:TrackPointExtension>
            <gpxtpx:hr>176</gpxtpx:hr>
          </gpxtpx:TrackPointExtension>
        </extensions>
      </trkpt>
      <trkpt lat="28.813171483754946" lon="115.87801325089583">
        <ele>40.33262116648257</ele>
        <time>1970-01-01T00:19:27Z</time>
        <extensions>
          <gpxtpx:TrackPointExtension>
            <gpxtpx:hr>176</gpxtpx:hr>
          </gpxtpx:TrackPointExtension>
        </extensions>
      </trkpt>
      <trkpt lat="28.813194257887798" lon="115.87801562795647">
        <ele>40.19545725546777</ele>
        <time>1970-01-01T00:19:28Z</time>
        <extensions>
          <gpxtpx:TrackPointExtension>
            <gpxtpx:hr>176</gpxtpx:hr>
          </gpxtpx:TrackPointExtension>
        </extensions>
      </trkpt>
      <trkpt lat="28.813214613201314" lon="115.87801798600394">
        <ele>39.997806400060654</ele>
        <time>1970-01-01T00:19:29Z</time>
        <extensions>
          <gpxtpx:TrackPointExtension>
            <gpxtpx:hr>175</gpxtpx:hr>
          </gpxtpx:TrackPointExtension>
        </extensions>
      </trkpt>
      <trkpt lat="28.8132248915387" lon="115.87802084929235">
        <ele>39.780051009729505</ele>
        <time>1970-01-01T00:19:30Z</time>
        <extensions>
          <gpxtpx:TrackPointExtension>
            <gpxtpx:hr>175</gpxtpx:hr>
          </gpxtpx:TrackPointExtension>
        </extensions>
      </trkpt>
      <trkpt lat="28.81323329496867" lon="115.8780234955089">
        <ele>39.57207564264536</ele>
        <time>1970-01-01T00:19:31Z</time>
        <extensions>
          <gpxtpx:TrackPointExtension>
            <gpxtpx:hr>175</gpxtpx:hr>
          </gpxtpx:TrackPointExtension>
        </extensions>
      </trkpt>
      <trkpt lat="28.813245443253894" lon="115.878028319165">
        <ele>39.38058729469776</ele>
        <time>1970-01-01T00:19:32Z</time>
        <extensions>
          <gpxtpx:TrackPointExtension>
            <gpxtpx:hr>175</gpxtpx:hr>
          </gpxtpx:TrackPointExtension>
        </extensions>
      </trkpt>
      <trkpt lat="28.813257010287973" lon="115.87803286705136">
        <ele>39.212507067248225</ele>
        <time>1970-01-01T00:19:33Z</time>
        <extensions>
          <gpxtpx:TrackPointExtension>
            <gpxtpx:hr>175</gpxtpx:hr>
          </gpxtpx:TrackPointExtension>
        </extensions>
      </trkpt>
      <trkpt lat="28.813268156086306" lon="115.878037089421">
        <ele>39.07190749421716</ele>
        <time>1970-01-01T00:19:34Z</time>
        <extensions>
          <gpxtpx:TrackPointExtension>
            <gpxtpx:hr>175</gpxtpx:hr>
          </gpxtpx:TrackPointExtension>
        </extensions>
      </trkpt>
      <trkpt lat="28.81328165086681" lon="115.87804321584423">
        <ele>38.96206241752952</ele>
        <time>1970-01-01T00:19:35Z</time>
        <extensions>
          <gpxtpx:TrackPointExtension>
            <gpxtpx:hr>175</gpxtpx:hr>
          </gpxtpx:TrackPointExtension>
        </extensions>
      </trkpt>
      <trkpt lat="28.813294765243374" lon="115.87804908994559">
        <ele>38.883590900339186</ele>
        <time>1970-01-01T00:19:36Z</time>
        <extensions>
          <gpxtpx:TrackPointExtension>
            <gpxtpx:hr>175</gpxtpx:hr>
          </gpxtpx:TrackPointExtension>
        </extensions>
      </trkpt>
      <trkpt lat="28.813307584927507" lon="115.87805523397373">
        <ele>38.83403796516359</ele>
        <time>1970-01-01T00:19:37Z</time>
        <extensions>
          <gpxtpx:TrackPointExtension>
            <gpxtpx:hr>175</gpxtpx:hr>
          </gpxtpx:TrackPointExtension>
        </extensions>
      </trkpt>
      <trkpt lat="28.813320010458273" lon="115.87806156301143">
        <ele>38.80588404554874</ele>
        <time>1970-01-01T00:19:38Z</time>
        <extensions>
          <gpxtpx:TrackPointExtension>
            <gpxtpx:hr>175</gpxtpx:hr>
          </gpxtpx:TrackPointExtension>
        </extensions>
      </trkpt>
      <trkpt lat="28.813334403372004" lon="115.87806994972763">
        <ele>38.78739270567894</ele>
        <time>1970-01-01T00:19:39Z</time>
        <extensions>
          <gpxtpx:TrackPointExtension>
            <gpxtpx:hr>175</gpxtpx:hr>
          </gpxtpx:TrackPointExtension>
        </extensions>
      </trkpt>
      <trkpt lat="28.81334591024018" lon="115.87807577828914">
        <ele>38.76269581448287</ele>
        <time>1970-01-01T00:19:40Z</time>
        <extensions>
          <gpxtpx:TrackPointExtension>
            <gpxtpx:hr>175</gpxtpx:hr>
          </gpxtpx:TrackPointExtension>
        </extensions>
      </trkpt>
      <trkpt lat="28.813357519891365" lon="115.87807888100151">
        <ele>38.74072662740946</ele>
        <time>1970-01-01T00:19:40.700000Z</time>
        <extensions>
          <gpxtpx:TrackPointExtension>
            <gpxtpx:hr>175</gpxtpx:hr>
          </gpxtpx:TrackPointExtension>
        </extensions>
      </trkpt>
      <trkpt lat="28.813381114777812" lon="115.8780822060033">
        <ele>38.699797418899834</ele>
        <time>1970-01-01T00:19:41.700000Z</time>
        <extensions>
          <gpxtpx:TrackPointExtension>
            <gpxtpx:hr>175</gpxtpx:hr>
          </gpxtpx:TrackPointExtension>
        </extensions>
      </trkpt>
      <trkpt lat="28.813430686855433" lon="115.87810113171408">
        <ele>38.64683157764375</ele>
        <time>1970-01-01T00:19:42.700000Z</time>
        <extensions>
          <gpxtpx:TrackPointExtension>
            <gpxtpx:hr>175</gpxtpx:hr>
          </gpxtpx:TrackPointExtension>
        </extensions>
      </trkpt>
      <trkpt lat="28.813460668011903" lon="115.87810733307732">
        <ele>38.57868301589042</ele>
        <time>1970-01-01T00:19:43.700000Z</time>
        <extensions>
          <gpxtpx:TrackPointExtension>
            <gpxtpx:hr>176</gpxtpx:hr>
          </gpxtpx:TrackPointExtension>
        </extensions>
      </trkpt>
      <trkpt lat="28.813487614995605" lon="115.87811224779078">
        <ele>38.497487938031554</ele>
        <time>1970-01-01T00:19:44.700000Z</time>
        <extensions>
          <gpxtpx:TrackPointExtension>
            <gpxtpx:hr>176</gpxtpx:hr>
          </gpxtpx:TrackPointExtension>
        </extensions>
      </trkpt>
      <trkpt lat="28.8135131716854" lon="115.87811702075251">
        <ele>38.407749785110354</ele>
        <time>1970-01-01T00:19:45.700000Z</time>
        <extensions>
          <gpxtpx:TrackPointExtension>
            <gpxtpx:hr>176</gpxtpx:hr>
          </gpxtpx:TrackPointExtension>
        </extensions>
      </trkpt>
      <trkpt lat="28.813538034032867" lon="115.87812232181514">
        <ele>38.317018828354776</ele>
        <time>1970-01-01T00:19:46.700000Z</time>
        <extensions>
          <gpxtpx:TrackPointExtension>
            <gpxtpx:hr>176</gpxtpx:hr>
          </gpxtpx:TrackPointExtension>
        </extensions>
      </trkpt>
      <trkpt lat="28.813562581176164" lon="115.87812972659808">
        <ele>38.23467192798853</ele>
        <time>1970-01-01T00:19:47.700000Z</time>
        <extensions>
          <gpxtpx:TrackPointExtension>
            <gpxtpx:hr>176</gpxtpx:hr>
          </gpxtpx:TrackPointExtension>
        </extensions>
      </trkpt>
      <trkpt lat="28.81358767593531" lon="115.87813815555583">
        <ele>38.169701393693686</ele>
        <time>1970-01-01T00:19:48.700000Z</time>
        <extensions>
          <gpxtpx:TrackPointExtension>
            <gpxtpx:hr>175</gpxtpx:hr>
          </gpxtpx:TrackPointExtension>
        </extensions>
      </trkpt>
      <trkpt lat="28.81361364280756" lon="115.87814752655582">
        <ele>38.12843537889421</ele>
        <time>1970-01-01T00:19:49.700000Z</time>
        <extensions>
          <gpxtpx:TrackPointExtension>
            <gpxtpx:hr>175</gpxtpx:hr>
          </gpxtpx:TrackPointExtension>
        </extensions>
      </trkpt>
      <trkpt lat="28.813640255551185" lon="115.87815937227239">
        <ele>38.113116623833776</ele>
        <time>1970-01-01T00:19:50.700000Z</time>
        <extensions>
          <gpxtpx:TrackPointExtension>
            <gpxtpx:hr>175</gpxtpx:hr>
          </gpxtpx:TrackPointExtension>
        </extensions>
      </trkpt>
      <trkpt lat="28.813667150483276" lon="115.87817185466004">
        <ele>38.12136295810342</ele>
        <time>1970-01-01T00:19:51.700000Z</time>
        <extensions>
          <gpxtpx:TrackPointExtension>
            <gpxtpx:hr>175</gpxtpx:hr>
          </gpxtpx:TrackPointExtension>
        </extensions>
      </trkpt>
      <trkpt lat="28.813692894992112" lon="115.87818406346715">
        <ele>38.14689033664763</ele>
        <time>1970-01-01T00:19:52.600000Z</time>
        <extensions>
          <gpxtpx:TrackPointExtension>
            <gpxtpx:hr>175</gpxtpx:hr>
          </gpxtpx:TrackPointExtension>
        </extensions>
      </trkpt>
      <trkpt lat="28.813716570092456" lon="115.87819518754733">
        <ele>38.181702577508986</ele>
        <time>1970-01-01T00:19:53.600000Z</time>
        <extensions>
          <gpxtpx:TrackPointExtension>
            <gpxtpx:hr>175</gpxtpx:hr>
          </gpxtpx:TrackPointExtension>
        </extensions>
      </trkpt>
      <trkpt lat="28.8137390896608" lon="115.87820408078699">
        <ele>38.21804454084486</ele>
        <time>1970-01-01T00:19:54.600000Z</time>
        <extensions>
          <gpxtpx:TrackPointExtension>
            <gpxtpx:hr>175</gpxtpx:hr>
          </gpxtpx:TrackPointExtension>
        </extensions>
      </trkpt>
      <trkpt lat="28.81376147244594" lon="115.8782109327748">
        <ele>38.25094599276781</ele>
        <time>1970-01-01T00:19:55.600000Z</time>
        <extensions>
          <gpxtpx:TrackPointExtension>
            <gpxtpx:hr>175</gpxtpx:hr>
          </gpxtpx:TrackPointExtension>
        </extensions>
      </trkpt>
      <trkpt lat="28.81378366101635" lon="115.8782161453166">
        <ele>38.2787398211658</ele>
        <time>1970-01-01T00:19:56.600000Z</time>
        <extensions>
          <gpxtpx:TrackPointExtension>
            <gpxtpx:hr>175</gpxtpx:hr>
          </gpxtpx:TrackPointExtension>
        </extensions>
      </trkpt>
      <trkpt lat="28.813805199912085" lon="115.87821982906495">
        <ele>38.30276243947446</ele>
        <time>1970-01-01T00:19:57.600000Z</time>
        <extensions>
          <gpxtpx:TrackPointExtension>
            <gpxtpx:hr>175</gpxtpx:hr>
          </gpxtpx:TrackPointExtension>
        </extensions>
      </trkpt>
      <trkpt lat="28.813826331312104" lon="115.87822256038665">
        <ele>38.32480395492166</ele>
        <time>1970-01-01T00:19:58.600000Z</time>
        <extensions>
          <gpxtpx:TrackPointExtension>
            <gpxtpx:hr>175</gpxtpx:hr>
          </gpxtpx:TrackPointExtension>
        </extensions>
      </trkpt>
      <trkpt lat="28.813847646603026" lon="115.87822480487549">
        <ele>38.34738648030907</ele>
        <time>1970-01-01T00:19:59.600000Z</time>
        <extensions>
          <gpxtpx:TrackPointExtension>
            <gpxtpx:hr>175</gpxtpx:hr>
          </gpxtpx:TrackPointExtension>
        </extensions>
      </trkpt>
      <trkpt lat="28.813869221780383" lon="115.8782265421728">
        <ele>38.372565208002925</ele>
        <time>1970-01-01T00:20:00.600000Z</time>
        <extensions>
          <gpxtpx:TrackPointExtension>
            <gpxtpx:hr>175</gpxtpx:hr>
          </gpxtpx:TrackPointExtension>
        </extensions>
      </trkpt>
      <trkpt lat="28.813891118274555" lon="115.87822871225559">
        <ele>38.401189187541604</ele>
        <time>1970-01-01T00:20:01.600000Z</time>
        <extensions>
          <gpxtpx:TrackPointExtension>
            <gpxtpx:hr>175</gpxtpx:hr>
          </gpxtpx:TrackPointExtension>
        </extensions>
      </trkpt>
      <trkpt lat="28.813913007862435" lon="115.87823195704016">
        <ele>38.43214587774128</ele>
        <time>1970-01-01T00:20:02.600000Z</time>
        <extensions>
          <gpxtpx:TrackPointExtension>
            <gpxtpx:hr>175</gpxtpx:hr>
          </gpxtpx:TrackPointExtension>
        </extensions>
      </trkpt>
      <trkpt lat="28.81393491211848" lon="115.87823563441547">
        <ele>38.46381976362318</ele>
        <time>1970-01-01T00:20:03.600000Z</time>
        <extensions>
          <gpxtpx:TrackPointExtension>
            <gpxtpx:hr>175</gpxtpx:hr>
          </gpxtpx:TrackPointExtension>
        </extensions>
      </trkpt>
      <trkpt lat="28.813956594645028" lon="115.87823926299573">
        <ele>38.49319048412144</ele>
        <time>1970-01-01T00:20:04.600000Z</time>
        <extensions>
          <gpxtpx:TrackPointExtension>
            <gpxtpx:hr>175</gpxtpx:hr>
          </gpxtpx:TrackPointExtension>
        </extensions>
      </trkpt>
      <trkpt lat="28.813977495388627" lon="115.87824284910597">
        <ele>38.51705038174987</ele>
        <time>1970-01-01T00:20:05.600000Z</time>
        <extensions>
          <gpxtpx:TrackPointExtension>
            <gpxtpx:hr>175</gpxtpx:hr>
          </gpxtpx:TrackPointExtension>
        </extensions>
      </trkpt>
      <trkpt lat="28.813998423708952" lon="115.87824631966808">
        <ele>38.5331905502826</ele>
        <time>1970-01-01T00:20:06.600000Z</time>
        <extensions>
          <gpxtpx:TrackPointExtension>
            <gpxtpx:hr>175</gpxtpx:hr>
          </gpxtpx:TrackPointExtension>
        </extensions>
      </trkpt>
      <trkpt lat="28.814019782626016" lon="115.8782493440561">
        <ele>38.545725574716926</ele>
        <time>1970-01-01T00:20:07.600000Z</time>
        <extensions>
          <gpxtpx:TrackPointExtension>
            <gpxtpx:hr>174</gpxtpx:hr>
          </gpxtpx:TrackPointExtension>
        </extensions>
      </trkpt>
      <trkpt lat="28.814041631820114" lon="115.87825223736507">
        <ele>38.54882529657334</ele>
        <time>1970-01-01T00:20:08.600000Z</time>
        <extensions>
          <gpxtpx:TrackPointExtension>
            <gpxtpx:hr>174</gpxtpx:hr>
          </gpxtpx:TrackPointExtension>
        </extensions>
      </trkpt>
      <trkpt lat="28.814064486173407" lon="115.87825571390248">
        <ele>38.506676168181</ele>
        <time>1970-01-01T00:20:09.600000Z</time>
        <extensions>
          <gpxtpx:TrackPointExtension>
            <gpxtpx:hr>174</gpxtpx:hr>
          </gpxtpx:TrackPointExtension>
        </extensions>
      </trkpt>
      <trkpt lat="28.814088426494557" lon="115.87825995156841">
        <ele>38.469203042797744</ele>
        <time>1970-01-01T00:20:10.600000Z</time>
        <extensions>
          <gpxtpx:TrackPointExtension>
            <gpxtpx:hr>174</gpxtpx:hr>
          </gpxtpx:TrackPointExtension>
        </extensions>
      </trkpt>
      <trkpt lat="28.814112909473156" lon="115.87826393387385">
        <ele>38.43588763196021</ele>
        <time>1970-01-01T00:20:11.600000Z</time>
        <extensions>
          <gpxtpx:TrackPointExtension>
            <gpxtpx:hr>174</gpxtpx:hr>
          </gpxtpx:TrackPointExtension>
        </extensions>
      </trkpt>
      <trkpt lat="28.8141370635202" lon="115.8782666855759">
        <ele>38.410806745290756</ele>
        <time>1970-01-01T00:20:12.600000Z</time>
        <extensions>
          <gpxtpx:TrackPointExtension>
            <gpxtpx:hr>174</gpxtpx:hr>
          </gpxtpx:TrackPointExtension>
        </extensions>
      </trkpt>
      <trkpt lat="28.814160807912444" lon="115.87826896982166">
        <ele>38.39587487466633</ele>
        <time>1970-01-01T00:20:13.600000Z</time>
        <extensions>
          <gpxtpx:TrackPointExtension>
            <gpxtpx:hr>174</gpxtpx:hr>
          </gpxtpx:TrackPointExtension>
        </extensions>
      </trkpt>
      <trkpt lat="28.8141842519616" lon="115.87827203954615">
        <ele>38.39315385557711</ele>
        <time>1970-01-01T00:20:14.600000Z</time>
        <extensions>
          <gpxtpx:TrackPointExtension>
            <gpxtpx:hr>174</gpxtpx:hr>
          </gpxtpx:TrackPointExtension>
        </extensions>
      </trkpt>
      <trkpt lat="28.814207109832818" lon="115.87827578656199">
        <ele>38.400454628281295</ele>
        <time>1970-01-01T00:20:15.600000Z</time>
        <extensions>
          <gpxtpx:TrackPointExtension>
            <gpxtpx:hr>174</gpxtpx:hr>
          </gpxtpx:TrackPointExtension>
        </extensions>
      </trkpt>
      <trkpt lat="28.81422972712874" lon="115.87827994627814">
        <ele>38.392098567448556</ele>
        <time>1970-01-01T00:20:16.600000Z</time>
        <extensions>
          <gpxtpx:TrackPointExtension>
            <gpxtpx:hr>174</gpxtpx:hr>
          </gpxtpx:TrackPointExtension>
        </extensions>
      </trkpt>
      <trkpt lat="28.814252594716024" lon="115.87828478236129">
        <ele>38.42328080255538</ele>
        <time>1970-01-01T00:20:17.600000Z</time>
        <extensions>
          <gpxtpx:TrackPointExtension>
            <gpxtpx:hr>174</gpxtpx:hr>
          </gpxtpx:TrackPointExtension>
        </extensions>
      </trkpt>
      <trkpt lat="28.814276554876418" lon="115.87829049031657">
        <ele>38.51429599896073</ele>
        <time>1970-01-01T00:20:18.600000Z</time>
        <extensions>
          <gpxtpx:TrackPointExtension>
            <gpxtpx:hr>174</gpxtpx:hr>
          </gpxtpx:TrackPointExtension>
        </extensions>
      </trkpt>
      <trkpt lat="28.81442957824122" lon="115.87831567032813">
        <ele>38.828032644465566</ele>
        <time>1970-01-01T00:20:24.900000Z</time>
        <extensions>
          <gpxtpx:TrackPointExtension>
            <gpxtpx:hr>172</gpxtpx:hr>
          </gpxtpx:TrackPointExtension>
        </extensions>
      </trkpt>
      <trkpt lat="28.814446957963007" lon="115.87831691320727">
        <ele>38.782138214446604</ele>
        <time>1970-01-01T00:20:25.600000Z</time>
        <extensions>
          <gpxtpx:TrackPointExtension>
            <gpxtpx:hr>172</gpxtpx:hr>
          </gpxtpx:TrackPointExtension>
        </extensions>
      </trkpt>
      <trkpt lat="28.814471097975417" lon="115.87831876161202">
        <ele>38.67699885647744</ele>
        <time>1970-01-01T00:20:26.600000Z</time>
        <extensions>
          <gpxtpx:TrackPointExtension>
            <gpxtpx:hr>172</gpxtpx:hr>
          </gpxtpx:TrackPointExtension>
        </extensions>
      </trkpt>
      <trkpt lat="28.81449544908548" lon="115.87832080296674">
        <ele>38.550996417179704</ele>
        <time>1970-01-01T00:20:27.600000Z</time>
        <extensions>
          <gpxtpx:TrackPointExtension>
            <gpxtpx:hr>172</gpxtpx:hr>
          </gpxtpx:TrackPointExtension>
        </extensions>
      </trkpt>
      <trkpt lat="28.814520274272127" lon="115.87832252287835">
        <ele>38.441377493552864</ele>
        <time>1970-01-01T00:20:28.600000Z</time>
        <extensions>
          <gpxtpx:TrackPointExtension>
            <gpxtpx:hr>172</gpxtpx:hr>
          </gpxtpx:TrackPointExtension>
        </extensions>
      </trkpt>
      <trkpt lat="28.814546236468708" lon="115.87832344070958">
        <ele>38.38063374347985</ele>
        <time>1970-01-01T00:20:29.600000Z</time>
        <extensions>
          <gpxtpx:TrackPointExtension>
            <gpxtpx:hr>172</gpxtpx:hr>
          </gpxtpx:TrackPointExtension>
        </extensions>
      </trkpt>
      <trkpt lat="28.8145800728556" lon="115.87832357325284">
        <ele>38.43322722800076</ele>
        <time>1970-01-01T00:20:30.900000Z</time>
        <extensions>
          <gpxtpx:TrackPointExtension>
            <gpxtpx:hr>172</gpxtpx:hr>
          </gpxtpx:TrackPointExtension>
        </extensions>
      </trkpt>
      <trkpt lat="28.814671049568933" lon="115.87832104762649">
        <ele>38.893359987065196</ele>
        <time>1970-01-01T00:20:34.900000Z</time>
        <extensions>
          <gpxtpx:TrackPointExtension>
            <gpxtpx:hr>173</gpxtpx:hr>
          </gpxtpx:TrackPointExtension>
        </extensions>
      </trkpt>
      <trkpt lat="28.81469600568247" lon="115.87832087726495">
        <ele>38.982487748377025</ele>
        <time>1970-01-01T00:20:35.900000Z</time>
        <extensions>
          <gpxtpx:TrackPointExtension>
            <gpxtpx:hr>173</gpxtpx:hr>
          </gpxtpx:TrackPointExtension>
        </extensions>
      </trkpt>
      <trkpt lat="28.81472416970395" lon="115.87832132700089">
        <ele>39.02070997003466</ele>
        <time>1970-01-01T00:20:36.900000Z</time>
        <extensions>
          <gpxtpx:TrackPointExtension>
            <gpxtpx:hr>173</gpxtpx:hr>
          </gpxtpx:TrackPointExtension>
        </extensions>
      </trkpt>
      <trkpt lat="28.81474750411696" lon="115.87832197090445">
        <ele>39.02775698713958</ele>
        <time>1970-01-01T00:20:37.900000Z</time>
        <extensions>
          <gpxtpx:TrackPointExtension>
            <gpxtpx:hr>173</gpxtpx:hr>
          </gpxtpx:TrackPointExtension>
        </extensions>
      </trkpt>
      <trkpt lat="28.814763729998848" lon="115.87832235562105">
        <ele>39.01640869770199</ele>
        <time>1970-01-01T00:20:38.900000Z</time>
        <extensions>
          <gpxtpx:TrackPointExtension>
            <gpxtpx:hr>173</gpxtpx:hr>
          </gpxtpx:TrackPointExtension>
        </extensions>
      </trkpt>
      <trkpt lat="28.814781644530978" lon="115.87832187933036">
        <ele>38.9931042548269</ele>
        <time>1970-01-01T00:20:39.900000Z</time>
        <extensions>
          <gpxtpx:TrackPointExtension>
            <gpxtpx:hr>172</gpxtpx:hr>
          </gpxtpx:TrackPointExtension>
        </extensions>
      </trkpt>
      <trkpt lat="28.814799650560108" lon="115.87832054822542">
        <ele>38.974208107218146</ele>
        <time>1970-01-01T00:20:40.700000Z</time>
        <extensions>
          <gpxtpx:TrackPointExtension>
            <gpxtpx:hr>172</gpxtpx:hr>
          </gpxtpx:TrackPointExtension>
        </extensions>
      </trkpt>
      <trkpt lat="28.81482439817196" lon="115.87831774750182">
        <ele>38.95301489531994</ele>
        <time>1970-01-01T00:20:41.700000Z</time>
        <extensions>
          <gpxtpx:TrackPointExtension>
            <gpxtpx:hr>172</gpxtpx:hr>
          </gpxtpx:TrackPointExtension>
        </extensions>
      </trkpt>
      <trkpt lat="28.814849838518718" lon="115.87831400665631">
        <ele>38.94308373890817</ele>
        <time>1970-01-01T00:20:42.700000Z</time>
        <extensions>
          <gpxtpx:TrackPointExtension>
            <gpxtpx:hr>172</gpxtpx:hr>
          </gpxtpx:TrackPointExtension>
        </extensions>
      </trkpt>
      <trkpt lat="28.81487589275115" lon="115.87831028002068">
        <ele>38.94365745037794</ele>
        <time>1970-01-01T00:20:43.700000Z</time>
        <extensions>
          <gpxtpx:TrackPointExtension>
            <gpxtpx:hr>172</gpxtpx:hr>
          </gpxtpx:TrackPointExtension>
        </extensions>
      </trkpt>
      <trkpt lat="28.814903045606776" lon="115.8783079579231">
        <ele>38.953659555874765</ele>
        <time>1970-01-01T00:20:44.700000Z</time>
        <extensions>
          <gpxtpx:TrackPointExtension>
            <gpxtpx:hr>173</gpxtpx:hr>
          </gpxtpx:TrackPointExtension>
        </extensions>
      </trkpt>
      <trkpt lat="28.814929766565267" lon="115.87830712889846">
        <ele>38.9738759258762</ele>
        <time>1970-01-01T00:20:45.700000Z</time>
        <extensions>
          <gpxtpx:TrackPointExtension>
            <gpxtpx:hr>173</gpxtpx:hr>
          </gpxtpx:TrackPointExtension>
        </extensions>
      </trkpt>
      <trkpt lat="28.81495490883544" lon="115.87830705882658">
        <ele>39.00423350837082</ele>
        <time>1970-01-01T00:20:46.700000Z</time>
        <extensions>
          <gpxtpx:TrackPointExtension>
            <gpxtpx:hr>173</gpxtpx:hr>
          </gpxtpx:TrackPointExtension>
        </extensions>
      </trkpt>
      <trkpt lat="28.81497926489991" lon="115.87830666652735">
        <ele>39.043908721767366</ele>
        <time>1970-01-01T00:20:47.700000Z</time>
        <extensions>
          <gpxtpx:TrackPointExtension>
            <gpxtpx:hr>173</gpxtpx:hr>
          </gpxtpx:TrackPointExtension>
        </extensions>
      </trkpt>
      <trkpt lat="28.815003152186478" lon="115.87830590392144">
        <ele>39.09073845483363</ele>
        <time>1970-01-01T00:20:48.700000Z</time>
        <extensions>
          <gpxtpx:TrackPointExtension>
            <gpxtpx:hr>173</gpxtpx:hr>
          </gpxtpx:TrackPointExtension>
        </extensions>
      </trkpt>
      <trkpt lat="28.81502705634491" lon="115.87830482864709">
        <ele>39.14111672528088</ele>
        <time>1970-01-01T00:20:49.700000Z</time>
        <extensions>
          <gpxtpx:TrackPointExtension>
            <gpxtpx:hr>173</gpxtpx:hr>
          </gpxtpx:TrackPointExtension>
        </extensions>
      </trkpt>
      <trkpt lat="28.815050875564232" lon="115.87830660074403">
        <ele>39.1888424558565</ele>
        <time>1970-01-01T00:20:50.700000Z</time>
        <extensions>
          <gpxtpx:TrackPointExtension>
            <gpxtpx:hr>173</gpxtpx:hr>
          </gpxtpx:TrackPointExtension>
        </extensions>
      </trkpt>
      <trkpt lat="28.81507489335036" lon="115.87830898986606">
        <ele>39.22642855159938</ele>
        <time>1970-01-01T00:20:51.700000Z</time>
        <extensions>
          <gpxtpx:TrackPointExtension>
            <gpxtpx:hr>174</gpxtpx:hr>
          </gpxtpx:TrackPointExtension>
        </extensions>
      </trkpt>
      <trkpt lat="28.815098576030195" lon="115.8783112659207">
        <ele>39.246356116607785</ele>
        <time>1970-01-01T00:20:52.700000Z</time>
        <extensions>
          <gpxtpx:TrackPointExtension>
            <gpxtpx:hr>174</gpxtpx:hr>
          </gpxtpx:TrackPointExtension>
        </extensions>
      </trkpt>
      <trkpt lat="28.815121281161076" lon="115.87831417062235">
        <ele>39.242888145148754</ele>
        <time>1970-01-01T00:20:53.700000Z</time>
        <extensions>
          <gpxtpx:TrackPointExtension>
            <gpxtpx:hr>174</gpxtpx:hr>
          </gpxtpx:TrackPointExtension>
        </extensions>
      </trkpt>
      <trkpt lat="28.815144186039802" lon="115.87831866828031">
        <ele>39.21350813284516</ele>
        <time>1970-01-01T00:20:54.700000Z</time>
        <extensions>
          <gpxtpx:TrackPointExtension>
            <gpxtpx:hr>174</gpxtpx:hr>
          </gpxtpx:TrackPointExtension>
        </extensions>
      </trkpt>
      <trkpt lat="28.815167520033743" lon="115.87832432446955">
        <ele>39.159386629238725</ele>
        <time>1970-01-01T00:20:55.700000Z</time>
        <extensions>
          <gpxtpx:TrackPointExtension>
            <gpxtpx:hr>174</gpxtpx:hr>
          </gpxtpx:TrackPointExtension>
        </extensions>
      </trkpt>
      <trkpt lat="28.815190502801105" lon="115.87833084483417">
        <ele>39.0853914283216</ele>
        <time>1970-01-01T00:20:56.700000Z</time>
        <extensions>
          <gpxtpx:TrackPointExtension>
            <gpxtpx:hr>174</gpxtpx:hr>
          </gpxtpx:TrackPointExtension>
        </extensions>
      </trkpt>
      <trkpt lat="28.81521285409497" lon="115.87833747930682">
        <ele>38.99875080026686</ele>
        <time>1970-01-01T00:20:57.700000Z</time>
        <extensions>
          <gpxtpx:TrackPointExtension>
            <gpxtpx:hr>175</gpxtpx:hr>
          </gpxtpx:TrackPointExtension>
        </extensions>
      </trkpt>
      <trkpt lat="28.8152342807964" lon="115.87834359256952">
        <ele>38.90654627606273</ele>
        <time>1970-01-01T00:20:58.700000Z</time>
        <extensions>
          <gpxtpx:TrackPointExtension>
            <gpxtpx:hr>175</gpxtpx:hr>
          </gpxtpx:TrackPointExtension>
        </extensions>
      </trkpt>
      <trkpt lat="28.815255418985615" lon="115.87834925388941">
        <ele>38.81618519034237</ele>
        <time>1970-01-01T00:20:59.700000Z</time>
        <extensions>
          <gpxtpx:TrackPointExtension>
            <gpxtpx:hr>175</gpxtpx:hr>
          </gpxtpx:TrackPointExtension>
        </extensions>
      </trkpt>
      <trkpt lat="28.815277554774926" lon="115.8783548814109">
        <ele>38.73302145022899</ele>
        <time>1970-01-01T00:21:00.700000Z</time>
        <extensions>
          <gpxtpx:TrackPointExtension>
            <gpxtpx:hr>175</gpxtpx:hr>
          </gpxtpx:TrackPointExtension>
        </extensions>
      </trkpt>
      <trkpt lat="28.81530081860462" lon="115.87836062719819">
        <ele>38.6609386280179</ele>
        <time>1970-01-01T00:21:01.700000Z</time>
        <extensions>
          <gpxtpx:TrackPointExtension>
            <gpxtpx:hr>175</gpxtpx:hr>
          </gpxtpx:TrackPointExtension>
        </extensions>
      </trkpt>
      <trkpt lat="28.815324473440526" lon="115.87836611519673">
        <ele>38.603117377497256</ele>
        <time>1970-01-01T00:21:02.700000Z</time>
        <extensions>
          <gpxtpx:TrackPointExtension>
            <gpxtpx:hr>175</gpxtpx:hr>
          </gpxtpx:TrackPointExtension>
        </extensions>
      </trkpt>
      <trkpt lat="28.815348113475952" lon="115.87837076288123">
        <ele>38.562955893576145</ele>
        <time>1970-01-01T00:21:03.700000Z</time>
        <extensions>
          <gpxtpx:TrackPointExtension>
            <gpxtpx:hr>175</gpxtpx:hr>
          </gpxtpx:TrackPointExtension>
        </extensions>
      </trkpt>
      <trkpt lat="28.8153713075348" lon="115.87837437230043">
        <ele>38.5420500934124</ele>
        <time>1970-01-01T00:21:04.700000Z</time>
        <extensions>
          <gpxtpx:TrackPointExtension>
            <gpxtpx:hr>175</gpxtpx:hr>
          </gpxtpx:TrackPointExtension>
        </extensions>
      </trkpt>
      <trkpt lat="28.815393858926562" lon="115.87837725501613">
        <ele>38.542739189229906</ele>
        <time>1970-01-01T00:21:05.700000Z</time>
        <extensions>
          <gpxtpx:TrackPointExtension>
            <gpxtpx:hr>175</gpxtpx:hr>
          </gpxtpx:TrackPointExtension>
        </extensions>
      </trkpt>
      <trkpt lat="28.815415937597454" lon="115.87837971651142">
        <ele>38.56677012797445</ele>
        <time>1970-01-01T00:21:06.700000Z</time>
        <extensions>
          <gpxtpx:TrackPointExtension>
            <gpxtpx:hr>175</gpxtpx:hr>
          </gpxtpx:TrackPointExtension>
        </extensions>
      </trkpt>
      <trkpt lat="28.815437825344286" lon="115.87838227141145">
        <ele>38.61317349318415</ele>
        <time>1970-01-01T00:21:07.700000Z</time>
        <extensions>
          <gpxtpx:TrackPointExtension>
            <gpxtpx:hr>175</gpxtpx:hr>
          </gpxtpx:TrackPointExtension>
        </extensions>
      </trkpt>
      <trkpt lat="28.815459369611432" lon="115.87838550972107">
        <ele>38.67851926665753</ele>
        <time>1970-01-01T00:21:08.700000Z</time>
        <extensions>
          <gpxtpx:TrackPointExtension>
            <gpxtpx:hr>175</gpxtpx:hr>
          </gpxtpx:TrackPointExtension>
        </extensions>
      </trkpt>
      <trkpt lat="28.815480852157712" lon="115.87838953136145">
        <ele>38.75810533296317</ele>
        <time>1970-01-01T00:21:09.700000Z</time>
        <extensions>
          <gpxtpx:TrackPointExtension>
            <gpxtpx:hr>175</gpxtpx:hr>
          </gpxtpx:TrackPointExtension>
        </extensions>
      </trkpt>
      <trkpt lat="28.815502716854592" lon="115.8783943511375">
        <ele>38.84416383225471</ele>
        <time>1970-01-01T00:21:10.700000Z</time>
        <extensions>
          <gpxtpx:TrackPointExtension>
            <gpxtpx:hr>175</gpxtpx:hr>
          </gpxtpx:TrackPointExtension>
        </extensions>
      </trkpt>
      <trkpt lat="28.815524800358855" lon="115.87839953466995">
        <ele>38.926625109277666</ele>
        <time>1970-01-01T00:21:11.700000Z</time>
        <extensions>
          <gpxtpx:TrackPointExtension>
            <gpxtpx:hr>175</gpxtpx:hr>
          </gpxtpx:TrackPointExtension>
        </extensions>
      </trkpt>
      <trkpt lat="28.815546256816358" lon="115.87840456388955">
        <ele>38.99669996742159</ele>
        <time>1970-01-01T00:21:12.700000Z</time>
        <extensions>
          <gpxtpx:TrackPointExtension>
            <gpxtpx:hr>176</gpxtpx:hr>
          </gpxtpx:TrackPointExtension>
        </extensions>
      </trkpt>
      <trkpt lat="28.815567252603756" lon="115.87840937193117">
        <ele>39.048050046898425</ele>
        <time>1970-01-01T00:21:13.700000Z</time>
        <extensions>
          <gpxtpx:TrackPointExtension>
            <gpxtpx:hr>176</gpxtpx:hr>
          </gpxtpx:TrackPointExtension>
        </extensions>
      </trkpt>
      <trkpt lat="28.81558778139138" lon="115.87841398839363">
        <ele>39.076335608027875</ele>
        <time>1970-01-01T00:21:14.700000Z</time>
        <extensions>
          <gpxtpx:TrackPointExtension>
            <gpxtpx:hr>176</gpxtpx:hr>
          </gpxtpx:TrackPointExtension>
        </extensions>
      </trkpt>
      <trkpt lat="28.815608033939768" lon="115.87841839253365">
        <ele>39.08168159238994</ele>
        <time>1970-01-01T00:21:15.700000Z</time>
        <extensions>
          <gpxtpx:TrackPointExtension>
            <gpxtpx:hr>176</gpxtpx:hr>
          </gpxtpx:TrackPointExtension>
        </extensions>
      </trkpt>
      <trkpt lat="28.815628894270965" lon="115.87842224965854">
        <ele>39.06963926367462</ele>
        <time>1970-01-01T00:21:16.700000Z</time>
        <extensions>
          <gpxtpx:TrackPointExtension>
            <gpxtpx:hr>174</gpxtpx:hr>
          </gpxtpx:TrackPointExtension>
        </extensions>
      </trkpt>
      <trkpt lat="28.815650558324727" lon="115.87842525352006">
        <ele>39.04904872644693</ele>
        <time>1970-01-01T00:21:17.700000Z</time>
        <extensions>
          <gpxtpx:TrackPointExtension>
            <gpxtpx:hr>174</gpxtpx:hr>
          </gpxtpx:TrackPointExtension>
        </extensions>
      </trkpt>
      <trkpt lat="28.815672831475585" lon="115.87842733352306">
        <ele>39.029288358055055</ele>
        <time>1970-01-01T00:21:18.700000Z</time>
        <extensions>
          <gpxtpx:TrackPointExtension>
            <gpxtpx:hr>174</gpxtpx:hr>
          </gpxtpx:TrackPointExtension>
        </extensions>
      </trkpt>
      <trkpt lat="28.815695365959463" lon="115.87842891680934">
        <ele>39.01768507063389</ele>
        <time>1970-01-01T00:21:19.700000Z</time>
        <extensions>
          <gpxtpx:TrackPointExtension>
            <gpxtpx:hr>174</gpxtpx:hr>
          </gpxtpx:TrackPointExtension>
        </extensions>
      </trkpt>
      <trkpt lat="28.815718368170625" lon="115.87843084667922">
        <ele>39.01744137145579</ele>
        <time>1970-01-01T00:21:20.700000Z</time>
        <extensions>
          <gpxtpx:TrackPointExtension>
            <gpxtpx:hr>174</gpxtpx:hr>
          </gpxtpx:TrackPointExtension>
        </extensions>
      </trkpt>
      <trkpt lat="28.81574190048534" lon="115.87843374264668">
        <ele>39.02640618849546</ele>
        <time>1970-01-01T00:21:21.700000Z</time>
        <extensions>
          <gpxtpx:TrackPointExtension>
            <gpxtpx:hr>174</gpxtpx:hr>
          </gpxtpx:TrackPointExtension>
        </extensions>
      </trkpt>
      <trkpt lat="28.81576555482334" lon="115.8784375293553">
        <ele>39.0387700246647</ele>
        <time>1970-01-01T00:21:22.700000Z</time>
        <extensions>
          <gpxtpx:TrackPointExtension>
            <gpxtpx:hr>174</gpxtpx:hr>
          </gpxtpx:TrackPointExtension>
        </extensions>
      </trkpt>
      <trkpt lat="28.815789613501952" lon="115.878441489773">
        <ele>39.04745945241302</ele>
        <time>1970-01-01T00:21:23.700000Z</time>
        <extensions>
          <gpxtpx:TrackPointExtension>
            <gpxtpx:hr>174</gpxtpx:hr>
          </gpxtpx:TrackPointExtension>
        </extensions>
      </trkpt>
      <trkpt lat="28.81581393394476" lon="115.87844478024526">
        <ele>39.047944543883204</ele>
        <time>1970-01-01T00:21:24.700000Z</time>
        <extensions>
          <gpxtpx:TrackPointExtension>
            <gpxtpx:hr>174</gpxtpx:hr>
          </gpxtpx:TrackPointExtension>
        </extensions>
      </trkpt>
      <trkpt lat="28.8158385352778" lon="115.87844723538653">
        <ele>39.03931170236319</ele>
        <time>1970-01-01T00:21:25.700000Z</time>
        <extensions>
          <gpxtpx:TrackPointExtension>
            <gpxtpx:hr>172</gpxtpx:hr>
          </gpxtpx:TrackPointExtension>
        </extensions>
      </trkpt>
      <trkpt lat="28.815863412863195" lon="115.87844933172445">
        <ele>39.0237566139549</ele>
        <time>1970-01-01T00:21:26.700000Z</time>
        <extensions>
          <gpxtpx:TrackPointExtension>
            <gpxtpx:hr>172</gpxtpx:hr>
          </gpxtpx:TrackPointExtension>
        </extensions>
      </trkpt>
      <trkpt lat="28.81588802077838" lon="115.87845166560265">
        <ele>39.00551815889776</ele>
        <time>1970-01-01T00:21:27.700000Z</time>
        <extensions>
          <gpxtpx:TrackPointExtension>
            <gpxtpx:hr>172</gpxtpx:hr>
          </gpxtpx:TrackPointExtension>
        </extensions>
      </trkpt>
      <trkpt lat="28.815911784758082" lon="115.87845441526737">
        <ele>38.99010360892862</ele>
        <time>1970-01-01T00:21:28.700000Z</time>
        <extensions>
          <gpxtpx:TrackPointExtension>
            <gpxtpx:hr>172</gpxtpx:hr>
          </gpxtpx:TrackPointExtension>
        </extensions>
      </trkpt>
      <trkpt lat="28.815934917909637" lon="115.87845753408875">
        <ele>38.98236169293523</ele>
        <time>1970-01-01T00:21:29.700000Z</time>
        <extensions>
          <gpxtpx:TrackPointExtension>
            <gpxtpx:hr>172</gpxtpx:hr>
          </gpxtpx:TrackPointExtension>
        </extensions>
      </trkpt>
      <trkpt lat="28.815958199469858" lon="115.87846078198247">
        <ele>38.98541161138564</ele>
        <time>1970-01-01T00:21:30.700000Z</time>
        <extensions>
          <gpxtpx:TrackPointExtension>
            <gpxtpx:hr>172</gpxtpx:hr>
          </gpxtpx:TrackPointExtension>
        </extensions>
      </trkpt>
      <trkpt lat="28.815981682261196" lon="115.87846405876687">
        <ele>39.000799466855824</ele>
        <time>1970-01-01T00:21:31.700000Z</time>
        <extensions>
          <gpxtpx:TrackPointExtension>
            <gpxtpx:hr>172</gpxtpx:hr>
          </gpxtpx:TrackPointExtension>
        </extensions>
      </trkpt>
      <trkpt lat="28.81600522807382" lon="115.87846716714061">
        <ele>39.02851111162454</ele>
        <time>1970-01-01T00:21:32.700000Z</time>
        <extensions>
          <gpxtpx:TrackPointExtension>
            <gpxtpx:hr>169</gpxtpx:hr>
          </gpxtpx:TrackPointExtension>
        </extensions>
      </trkpt>
      <trkpt lat="28.816028487555727" lon="115.87846991921427">
        <ele>39.066677120514214</ele>
        <time>1970-01-01T00:21:33.700000Z</time>
        <extensions>
          <gpxtpx:TrackPointExtension>
            <gpxtpx:hr>169</gpxtpx:hr>
          </gpxtpx:TrackPointExtension>
        </extensions>
      </trkpt>
      <trkpt lat="28.816051248240587" lon="115.87847234194831">
        <ele>39.1119028609246</ele>
        <time>1970-01-01T00:21:34.700000Z</time>
        <extensions>
          <gpxtpx:TrackPointExtension>
            <gpxtpx:hr>169</gpxtpx:hr>
          </gpxtpx:TrackPointExtension>
        </extensions>
      </trkpt>
      <trkpt lat="28.816073916079343" lon="115.8784748045564">
        <ele>39.1600897051394</ele>
        <time>1970-01-01T00:21:35.700000Z</time>
        <extensions>
          <gpxtpx:TrackPointExtension>
            <gpxtpx:hr>169</gpxtpx:hr>
          </gpxtpx:TrackPointExtension>
        </extensions>
      </trkpt>
      <trkpt lat="28.816096762575373" lon="115.87847798731713">
        <ele>39.20707619655877</ele>
        <time>1970-01-01T00:21:36.700000Z</time>
        <extensions>
          <gpxtpx:TrackPointExtension>
            <gpxtpx:hr>169</gpxtpx:hr>
          </gpxtpx:TrackPointExtension>
        </extensions>
      </trkpt>
      <trkpt lat="28.81612007822178" lon="115.87848228352335">
        <ele>39.249146522022784</ele>
        <time>1970-01-01T00:21:37.700000Z</time>
        <extensions>
          <gpxtpx:TrackPointExtension>
            <gpxtpx:hr>169</gpxtpx:hr>
          </gpxtpx:TrackPointExtension>
        </extensions>
      </trkpt>
      <trkpt lat="28.816143566714942" lon="115.87848758756144">
        <ele>39.28408695291728</ele>
        <time>1970-01-01T00:21:38.700000Z</time>
        <extensions>
          <gpxtpx:TrackPointExtension>
            <gpxtpx:hr>169</gpxtpx:hr>
          </gpxtpx:TrackPointExtension>
        </extensions>
      </trkpt>
      <trkpt lat="28.816167132140272" lon="115.87849360444254">
        <ele>39.311602181755006</ele>
        <time>1970-01-01T00:21:39.700000Z</time>
        <extensions>
          <gpxtpx:TrackPointExtension>
            <gpxtpx:hr>169</gpxtpx:hr>
          </gpxtpx:TrackPointExtension>
        </extensions>
      </trkpt>
      <trkpt lat="28.81619101421861" lon="115.87849986021041">
        <ele>39.33252677600831</ele>
        <time>1970-01-01T00:21:40.700000Z</time>
        <extensions>
          <gpxtpx:TrackPointExtension>
            <gpxtpx:hr>169</gpxtpx:hr>
          </gpxtpx:TrackPointExtension>
        </extensions>
      </trkpt>
      <trkpt lat="28.816214936090514" lon="115.87850595818958">
        <ele>39.348431506194174</ele>
        <time>1970-01-01T00:21:41.700000Z</time>
        <extensions>
          <gpxtpx:TrackPointExtension>
            <gpxtpx:hr>169</gpxtpx:hr>
          </gpxtpx:TrackPointExtension>
        </extensions>
      </trkpt>
      <trkpt lat="28.8162382994714" lon="115.87851147072308">
        <ele>39.36096583958715</ele>
        <time>1970-01-01T00:21:42.700000Z</time>
        <extensions>
          <gpxtpx:TrackPointExtension>
            <gpxtpx:hr>169</gpxtpx:hr>
          </gpxtpx:TrackPointExtension>
        </extensions>
      </trkpt>
      <trkpt lat="28.81626041755541" lon="115.8785163075676">
        <ele>39.37108055688441</ele>
        <time>1970-01-01T00:21:43.700000Z</time>
        <extensions>
          <gpxtpx:TrackPointExtension>
            <gpxtpx:hr>170</gpxtpx:hr>
          </gpxtpx:TrackPointExtension>
        </extensions>
      </trkpt>
      <trkpt lat="28.816282006073166" lon="115.87852059462939">
        <ele>39.37859007716179</ele>
        <time>1970-01-01T00:21:44.700000Z</time>
        <extensions>
          <gpxtpx:TrackPointExtension>
            <gpxtpx:hr>170</gpxtpx:hr>
          </gpxtpx:TrackPointExtension>
        </extensions>
      </trkpt>
      <trkpt lat="28.816303910100903" lon="115.87852460491578">
        <ele>39.382677366025746</ele>
        <time>1970-01-01T00:21:45.700000Z</time>
        <extensions>
          <gpxtpx:TrackPointExtension>
            <gpxtpx:hr>170</gpxtpx:hr>
          </gpxtpx:TrackPointExtension>
        </extensions>
      </trkpt>
      <trkpt lat="28.816326180673897" lon="115.87852897288445">
        <ele>39.38191481027752</ele>
        <time>1970-01-01T00:21:46.700000Z</time>
        <extensions>
          <gpxtpx:TrackPointExtension>
            <gpxtpx:hr>170</gpxtpx:hr>
          </gpxtpx:TrackPointExtension>
        </extensions>
      </trkpt>
      <trkpt lat="28.81634872834255" lon="115.87853414162643">
        <ele>39.37539851479232</ele>
        <time>1970-01-01T00:21:47.700000Z</time>
        <extensions>
          <gpxtpx:TrackPointExtension>
            <gpxtpx:hr>170</gpxtpx:hr>
          </gpxtpx:TrackPointExtension>
        </extensions>
      </trkpt>
      <trkpt lat="28.816370962882772" lon="115.87854004088359">
        <ele>39.363189545460045</ele>
        <time>1970-01-01T00:21:48.700000Z</time>
        <extensions>
          <gpxtpx:TrackPointExtension>
            <gpxtpx:hr>170</gpxtpx:hr>
          </gpxtpx:TrackPointExtension>
        </extensions>
      </trkpt>
      <trkpt lat="28.816392967817166" lon="115.87854592587284">
        <ele>39.346679758280516</ele>
        <time>1970-01-01T00:21:49.700000Z</time>
        <extensions>
          <gpxtpx:TrackPointExtension>
            <gpxtpx:hr>170</gpxtpx:hr>
          </gpxtpx:TrackPointExtension>
        </extensions>
      </trkpt>
      <trkpt lat="28.816415366067336" lon="115.87855098917625">
        <ele>39.327877482399344</ele>
        <time>1970-01-01T00:21:50.700000Z</time>
        <extensions>
          <gpxtpx:TrackPointExtension>
            <gpxtpx:hr>170</gpxtpx:hr>
          </gpxtpx:TrackPointExtension>
        </extensions>
      </trkpt>
      <trkpt lat="28.816437716443616" lon="115.87855509380837">
        <ele>39.30945625435561</ele>
        <time>1970-01-01T00:21:51.700000Z</time>
        <extensions>
          <gpxtpx:TrackPointExtension>
            <gpxtpx:hr>170</gpxtpx:hr>
          </gpxtpx:TrackPointExtension>
        </extensions>
      </trkpt>
      <trkpt lat="28.816460300776875" lon="115.87855848629279">
        <ele>39.293903389945626</ele>
        <time>1970-01-01T00:21:52.700000Z</time>
        <extensions>
          <gpxtpx:TrackPointExtension>
            <gpxtpx:hr>170</gpxtpx:hr>
          </gpxtpx:TrackPointExtension>
        </extensions>
      </trkpt>
      <trkpt lat="28.816483541765535" lon="115.87856138995012">
        <ele>39.283046760596335</ele>
        <time>1970-01-01T00:21:53.700000Z</time>
        <extensions>
          <gpxtpx:TrackPointExtension>
            <gpxtpx:hr>169</gpxtpx:hr>
          </gpxtpx:TrackPointExtension>
        </extensions>
      </trkpt>
      <trkpt lat="28.81650732219311" lon="115.87856439121832">
        <ele>39.277672396972775</ele>
        <time>1970-01-01T00:21:54.700000Z</time>
        <extensions>
          <gpxtpx:TrackPointExtension>
            <gpxtpx:hr>169</gpxtpx:hr>
          </gpxtpx:TrackPointExtension>
        </extensions>
      </trkpt>
      <trkpt lat="28.816531651106477" lon="115.87856766146307">
        <ele>39.27782591432333</ele>
        <time>1970-01-01T00:21:55.700000Z</time>
        <extensions>
          <gpxtpx:TrackPointExtension>
            <gpxtpx:hr>169</gpxtpx:hr>
          </gpxtpx:TrackPointExtension>
        </extensions>
      </trkpt>
      <trkpt lat="28.81655594820493" lon="115.87857100304582">
        <ele>39.282482735812664</ele>
        <time>1970-01-01T00:21:56.700000Z</time>
        <extensions>
          <gpxtpx:TrackPointExtension>
            <gpxtpx:hr>169</gpxtpx:hr>
          </gpxtpx:TrackPointExtension>
        </extensions>
      </trkpt>
      <trkpt lat="28.81657994915517" lon="115.87857438621889">
        <ele>39.28978285007179</ele>
        <time>1970-01-01T00:21:57.700000Z</time>
        <extensions>
          <gpxtpx:TrackPointExtension>
            <gpxtpx:hr>169</gpxtpx:hr>
          </gpxtpx:TrackPointExtension>
        </extensions>
      </trkpt>
      <trkpt lat="28.81660373225173" lon="115.87857781592086">
        <ele>39.297546956688166</ele>
        <time>1970-01-01T00:21:58.700000Z</time>
        <extensions>
          <gpxtpx:TrackPointExtension>
            <gpxtpx:hr>169</gpxtpx:hr>
          </gpxtpx:TrackPointExtension>
        </extensions>
      </trkpt>
      <trkpt lat="28.816627234629934" lon="115.87858134772158">
        <ele>39.30402853898704</ele>
        <time>1970-01-01T00:21:59.700000Z</time>
        <extensions>
          <gpxtpx:TrackPointExtension>
            <gpxtpx:hr>169</gpxtpx:hr>
          </gpxtpx:TrackPointExtension>
        </extensions>
      </trkpt>
      <trkpt lat="28.81665095109398" lon="115.87858474066105">
        <ele>39.308241988532245</ele>
        <time>1970-01-01T00:22:00.700000Z</time>
        <extensions>
          <gpxtpx:TrackPointExtension>
            <gpxtpx:hr>174</gpxtpx:hr>
          </gpxtpx:TrackPointExtension>
        </extensions>
      </trkpt>
      <trkpt lat="28.81667502304714" lon="115.87858803603118">
        <ele>39.30999564379454</ele>
        <time>1970-01-01T00:22:01.700000Z</time>
        <extensions>
          <gpxtpx:TrackPointExtension>
            <gpxtpx:hr>174</gpxtpx:hr>
          </gpxtpx:TrackPointExtension>
        </extensions>
      </trkpt>
      <trkpt lat="28.81669892115241" lon="115.87859099838421">
        <ele>39.30986465420574</ele>
        <time>1970-01-01T00:22:02.700000Z</time>
        <extensions>
          <gpxtpx:TrackPointExtension>
            <gpxtpx:hr>174</gpxtpx:hr>
          </gpxtpx:TrackPointExtension>
        </extensions>
      </trkpt>
      <trkpt lat="28.816722180736924" lon="115.87859289322878">
        <ele>39.30919386539608</ele>
        <time>1970-01-01T00:22:03.700000Z</time>
        <extensions>
          <gpxtpx:TrackPointExtension>
            <gpxtpx:hr>174</gpxtpx:hr>
          </gpxtpx:TrackPointExtension>
        </extensions>
      </trkpt>
      <trkpt lat="28.816744733727933" lon="115.87859387442339">
        <ele>39.30966915562749</ele>
        <time>1970-01-01T00:22:04.700000Z</time>
        <extensions>
          <gpxtpx:TrackPointExtension>
            <gpxtpx:hr>174</gpxtpx:hr>
          </gpxtpx:TrackPointExtension>
        </extensions>
      </trkpt>
      <trkpt lat="28.816767593517657" lon="115.87859471950294">
        <ele>39.311963009648025</ele>
        <time>1970-01-01T00:22:05.700000Z</time>
        <extensions>
          <gpxtpx:TrackPointExtension>
            <gpxtpx:hr>174</gpxtpx:hr>
          </gpxtpx:TrackPointExtension>
        </extensions>
      </trkpt>
      <trkpt lat="28.816790645047636" lon="115.8785964380775">
        <ele>39.31635747291148</ele>
        <time>1970-01-01T00:22:06.700000Z</time>
        <extensions>
          <gpxtpx:TrackPointExtension>
            <gpxtpx:hr>174</gpxtpx:hr>
          </gpxtpx:TrackPointExtension>
        </extensions>
      </trkpt>
      <trkpt lat="28.81681393813621" lon="115.87859962995539">
        <ele>39.32286961842328</ele>
        <time>1970-01-01T00:22:07.700000Z</time>
        <extensions>
          <gpxtpx:TrackPointExtension>
            <gpxtpx:hr>174</gpxtpx:hr>
          </gpxtpx:TrackPointExtension>
        </extensions>
      </trkpt>
      <trkpt lat="28.816837614337256" lon="115.87860400031995">
        <ele>39.33063420560211</ele>
        <time>1970-01-01T00:22:08.700000Z</time>
        <extensions>
          <gpxtpx:TrackPointExtension>
            <gpxtpx:hr>174</gpxtpx:hr>
          </gpxtpx:TrackPointExtension>
        </extensions>
      </trkpt>
      <trkpt lat="28.816860963966754" lon="115.87860867480842">
        <ele>39.3379988996312</ele>
        <time>1970-01-01T00:22:09.700000Z</time>
        <extensions>
          <gpxtpx:TrackPointExtension>
            <gpxtpx:hr>174</gpxtpx:hr>
          </gpxtpx:TrackPointExtension>
        </extensions>
      </trkpt>
      <trkpt lat="28.81688414611064" lon="115.8786131080177">
        <ele>39.34407505579293</ele>
        <time>1970-01-01T00:22:10.700000Z</time>
        <extensions>
          <gpxtpx:TrackPointExtension>
            <gpxtpx:hr>174</gpxtpx:hr>
          </gpxtpx:TrackPointExtension>
        </extensions>
      </trkpt>
      <trkpt lat="28.816907493517046" lon="115.87861750770101">
        <ele>39.348009900189936</ele>
        <time>1970-01-01T00:22:11.700000Z</time>
        <extensions>
          <gpxtpx:TrackPointExtension>
            <gpxtpx:hr>174</gpxtpx:hr>
          </gpxtpx:TrackPointExtension>
        </extensions>
      </trkpt>
      <trkpt lat="28.816930746788177" lon="115.87862197443982">
        <ele>39.34849722124636</ele>
        <time>1970-01-01T00:22:12.700000Z</time>
        <extensions>
          <gpxtpx:TrackPointExtension>
            <gpxtpx:hr>174</gpxtpx:hr>
          </gpxtpx:TrackPointExtension>
        </extensions>
      </trkpt>
      <trkpt lat="28.816953850205913" lon="115.87862655325969">
        <ele>39.34361853823066</ele>
        <time>1970-01-01T00:22:13.700000Z</time>
        <extensions>
          <gpxtpx:TrackPointExtension>
            <gpxtpx:hr>174</gpxtpx:hr>
          </gpxtpx:TrackPointExtension>
        </extensions>
      </trkpt>
      <trkpt lat="28.816977050936586" lon="115.87863172511973">
        <ele>39.33218378107995</ele>
        <time>1970-01-01T00:22:14.700000Z</time>
        <extensions>
          <gpxtpx:TrackPointExtension>
            <gpxtpx:hr>174</gpxtpx:hr>
          </gpxtpx:TrackPointExtension>
        </extensions>
      </trkpt>
      <trkpt lat="28.81700081738684" lon="115.87863751706357">
        <ele>39.31400343682617</ele>
        <time>1970-01-01T00:22:15.700000Z</time>
        <extensions>
          <gpxtpx:TrackPointExtension>
            <gpxtpx:hr>174</gpxtpx:hr>
          </gpxtpx:TrackPointExtension>
        </extensions>
      </trkpt>
      <trkpt lat="28.817025274820832" lon="115.87864364751971">
        <ele>39.29013225622475</ele>
        <time>1970-01-01T00:22:16.700000Z</time>
        <extensions>
          <gpxtpx:TrackPointExtension>
            <gpxtpx:hr>174</gpxtpx:hr>
          </gpxtpx:TrackPointExtension>
        </extensions>
      </trkpt>
      <trkpt lat="28.817050038657182" lon="115.8786496212073">
        <ele>39.26280815899372</ele>
        <time>1970-01-01T00:22:17.700000Z</time>
        <extensions>
          <gpxtpx:TrackPointExtension>
            <gpxtpx:hr>174</gpxtpx:hr>
          </gpxtpx:TrackPointExtension>
        </extensions>
      </trkpt>
      <trkpt lat="28.817074864717764" lon="115.87865502474851">
        <ele>39.234915784560144</ele>
        <time>1970-01-01T00:22:18.700000Z</time>
        <extensions>
          <gpxtpx:TrackPointExtension>
            <gpxtpx:hr>174</gpxtpx:hr>
          </gpxtpx:TrackPointExtension>
        </extensions>
      </trkpt>
      <trkpt lat="28.81709924385456" lon="115.8786597652161">
        <ele>39.20831134635955</ele>
        <time>1970-01-01T00:22:19.700000Z</time>
        <extensions>
          <gpxtpx:TrackPointExtension>
            <gpxtpx:hr>174</gpxtpx:hr>
          </gpxtpx:TrackPointExtension>
        </extensions>
      </trkpt>
      <trkpt lat="28.817123229303395" lon="115.8786636257785">
        <ele>39.18345895782113</ele>
        <time>1970-01-01T00:22:20.700000Z</time>
        <extensions>
          <gpxtpx:TrackPointExtension>
            <gpxtpx:hr>174</gpxtpx:hr>
          </gpxtpx:TrackPointExtension>
        </extensions>
      </trkpt>
      <trkpt lat="28.817146600089096" lon="115.8786668056138">
        <ele>39.15973276551813</ele>
        <time>1970-01-01T00:22:21.700000Z</time>
        <extensions>
          <gpxtpx:TrackPointExtension>
            <gpxtpx:hr>174</gpxtpx:hr>
          </gpxtpx:TrackPointExtension>
        </extensions>
      </trkpt>
      <trkpt lat="28.817168969581733" lon="115.87866985441951">
        <ele>39.13617065176368</ele>
        <time>1970-01-01T00:22:22.700000Z</time>
        <extensions>
          <gpxtpx:TrackPointExtension>
            <gpxtpx:hr>174</gpxtpx:hr>
          </gpxtpx:TrackPointExtension>
        </extensions>
      </trkpt>
      <trkpt lat="28.81719101390709" lon="115.87867364022911">
        <ele>39.1117929359898</ele>
        <time>1970-01-01T00:22:23.700000Z</time>
        <extensions>
          <gpxtpx:TrackPointExtension>
            <gpxtpx:hr>174</gpxtpx:hr>
          </gpxtpx:TrackPointExtension>
        </extensions>
      </trkpt>
      <trkpt lat="28.817213126668435" lon="115.8786788159988">
        <ele>39.08662476204336</ele>
        <time>1970-01-01T00:22:24.700000Z</time>
        <extensions>
          <gpxtpx:TrackPointExtension>
            <gpxtpx:hr>174</gpxtpx:hr>
          </gpxtpx:TrackPointExtension>
        </extensions>
      </trkpt>
      <trkpt lat="28.817235299151097" lon="115.8786847971613">
        <ele>39.06157708261162</ele>
        <time>1970-01-01T00:22:25.700000Z</time>
        <extensions>
          <gpxtpx:TrackPointExtension>
            <gpxtpx:hr>177</gpxtpx:hr>
          </gpxtpx:TrackPointExtension>
        </extensions>
      </trkpt>
      <trkpt lat="28.817257360786627" lon="115.87869091270508">
        <ele>39.037982454523444</ele>
        <time>1970-01-01T00:22:26.700000Z</time>
        <extensions>
          <gpxtpx:TrackPointExtension>
            <gpxtpx:hr>177</gpxtpx:hr>
          </gpxtpx:TrackPointExtension>
        </extensions>
      </trkpt>
      <trkpt lat="28.81727916320536" lon="115.87869686982695">
        <ele>39.01720176730305</ele>
        <time>1970-01-01T00:22:27.700000Z</time>
        <extensions>
          <gpxtpx:TrackPointExtension>
            <gpxtpx:hr>177</gpxtpx:hr>
          </gpxtpx:TrackPointExtension>
        </extensions>
      </trkpt>
      <trkpt lat="28.817300911693884" lon="115.87870267348885">
        <ele>39.000707145780325</ele>
        <time>1970-01-01T00:22:28.700000Z</time>
        <extensions>
          <gpxtpx:TrackPointExtension>
            <gpxtpx:hr>177</gpxtpx:hr>
          </gpxtpx:TrackPointExtension>
        </extensions>
      </trkpt>
      <trkpt lat="28.817322283638536" lon="115.87870883985238">
        <ele>38.98901453707367</ele>
        <time>1970-01-01T00:22:29.700000Z</time>
        <extensions>
          <gpxtpx:TrackPointExtension>
            <gpxtpx:hr>177</gpxtpx:hr>
          </gpxtpx:TrackPointExtension>
        </extensions>
      </trkpt>
      <trkpt lat="28.81734338285621" lon="115.87871486364845">
        <ele>38.98131445609033</ele>
        <time>1970-01-01T00:22:30.700000Z</time>
        <extensions>
          <gpxtpx:TrackPointExtension>
            <gpxtpx:hr>177</gpxtpx:hr>
          </gpxtpx:TrackPointExtension>
        </extensions>
      </trkpt>
      <trkpt lat="28.817364467741196" lon="115.87872036667173">
        <ele>38.97586814314127</ele>
        <time>1970-01-01T00:22:31.700000Z</time>
        <extensions>
          <gpxtpx:TrackPointExtension>
            <gpxtpx:hr>177</gpxtpx:hr>
          </gpxtpx:TrackPointExtension>
        </extensions>
      </trkpt>
      <trkpt lat="28.817385682413228" lon="115.87872513293229">
        <ele>38.970339267514646</ele>
        <time>1970-01-01T00:22:32.700000Z</time>
        <extensions>
          <gpxtpx:TrackPointExtension>
            <gpxtpx:hr>177</gpxtpx:hr>
          </gpxtpx:TrackPointExtension>
        </extensions>
      </trkpt>
      <trkpt lat="28.817407280635862" lon="115.87872871104358">
        <ele>38.96355815138668</ele>
        <time>1970-01-01T00:22:33.700000Z</time>
        <extensions>
          <gpxtpx:TrackPointExtension>
            <gpxtpx:hr>177</gpxtpx:hr>
          </gpxtpx:TrackPointExtension>
        </extensions>
      </trkpt>
      <trkpt lat="28.81742901624012" lon="115.8787316202426">
        <ele>38.955530827865005</ele>
        <time>1970-01-01T00:22:34.700000Z</time>
        <extensions>
          <gpxtpx:TrackPointExtension>
            <gpxtpx:hr>178</gpxtpx:hr>
          </gpxtpx:TrackPointExtension>
        </extensions>
      </trkpt>
      <trkpt lat="28.817450776957873" lon="115.87873435507797">
        <ele>38.94752470217645</ele>
        <time>1970-01-01T00:22:35.700000Z</time>
        <extensions>
          <gpxtpx:TrackPointExtension>
            <gpxtpx:hr>178</gpxtpx:hr>
          </gpxtpx:TrackPointExtension>
        </extensions>
      </trkpt>
      <trkpt lat="28.817472631114033" lon="115.87873721259179">
        <ele>38.941871791146696</ele>
        <time>1970-01-01T00:22:36.700000Z</time>
        <extensions>
          <gpxtpx:TrackPointExtension>
            <gpxtpx:hr>178</gpxtpx:hr>
          </gpxtpx:TrackPointExtension>
        </extensions>
      </trkpt>
      <trkpt lat="28.817494673259922" lon="115.87874034369146">
        <ele>38.94133864622563</ele>
        <time>1970-01-01T00:22:37.700000Z</time>
        <extensions>
          <gpxtpx:TrackPointExtension>
            <gpxtpx:hr>178</gpxtpx:hr>
          </gpxtpx:TrackPointExtension>
        </extensions>
      </trkpt>
      <trkpt lat="28.81751714073999" lon="115.87874385114189">
        <ele>38.94847122300416</ele>
        <time>1970-01-01T00:22:38.700000Z</time>
        <extensions>
          <gpxtpx:TrackPointExtension>
            <gpxtpx:hr>178</gpxtpx:hr>
          </gpxtpx:TrackPointExtension>
        </extensions>
      </trkpt>
      <trkpt lat="28.81753959468063" lon="115.8787481161832">
        <ele>38.96555449813604</ele>
        <time>1970-01-01T00:22:39.700000Z</time>
        <extensions>
          <gpxtpx:TrackPointExtension>
            <gpxtpx:hr>177</gpxtpx:hr>
          </gpxtpx:TrackPointExtension>
        </extensions>
      </trkpt>
      <trkpt lat="28.81756184783066" lon="115.87875292560513">
        <ele>38.994727585464716</ele>
        <time>1970-01-01T00:22:40.700000Z</time>
        <extensions>
          <gpxtpx:TrackPointExtension>
            <gpxtpx:hr>177</gpxtpx:hr>
          </gpxtpx:TrackPointExtension>
        </extensions>
      </trkpt>
      <trkpt lat="28.817584035003794" lon="115.87875806848619">
        <ele>39.035474454052746</ele>
        <time>1970-01-01T00:22:41.700000Z</time>
        <extensions>
          <gpxtpx:TrackPointExtension>
            <gpxtpx:hr>177</gpxtpx:hr>
          </gpxtpx:TrackPointExtension>
        </extensions>
      </trkpt>
      <trkpt lat="28.81760622150895" lon="115.878762906575">
        <ele>39.08611193206161</ele>
        <time>1970-01-01T00:22:42.700000Z</time>
        <extensions>
          <gpxtpx:TrackPointExtension>
            <gpxtpx:hr>177</gpxtpx:hr>
          </gpxtpx:TrackPointExtension>
        </extensions>
      </trkpt>
      <trkpt lat="28.817628965536603" lon="115.87876645721406">
        <ele>39.14360374957323</ele>
        <time>1970-01-01T00:22:43.700000Z</time>
        <extensions>
          <gpxtpx:TrackPointExtension>
            <gpxtpx:hr>177</gpxtpx:hr>
          </gpxtpx:TrackPointExtension>
        </extensions>
      </trkpt>
      <trkpt lat="28.81765166247299" lon="115.87876863901434">
        <ele>39.20371546968818</ele>
        <time>1970-01-01T00:22:44.700000Z</time>
        <extensions>
          <gpxtpx:TrackPointExtension>
            <gpxtpx:hr>177</gpxtpx:hr>
          </gpxtpx:TrackPointExtension>
        </extensions>
      </trkpt>
      <trkpt lat="28.817673601556788" lon="115.87877006987337">
        <ele>39.2612277911976</ele>
        <time>1970-01-01T00:22:45.700000Z</time>
        <extensions>
          <gpxtpx:TrackPointExtension>
            <gpxtpx:hr>177</gpxtpx:hr>
          </gpxtpx:TrackPointExtension>
        </extensions>
      </trkpt>
      <trkpt lat="28.817694815776704" lon="115.87877186503427">
        <ele>39.311130684800446</ele>
        <time>1970-01-01T00:22:46.700000Z</time>
        <extensions>
          <gpxtpx:TrackPointExtension>
            <gpxtpx:hr>177</gpxtpx:hr>
          </gpxtpx:TrackPointExtension>
        </extensions>
      </trkpt>
      <trkpt lat="28.817715577211967" lon="115.87877454619657">
        <ele>39.348745077848434</ele>
        <time>1970-01-01T00:22:47.700000Z</time>
        <extensions>
          <gpxtpx:TrackPointExtension>
            <gpxtpx:hr>177</gpxtpx:hr>
          </gpxtpx:TrackPointExtension>
        </extensions>
      </trkpt>
      <trkpt lat="28.817736358536973" lon="115.87877838028578">
        <ele>39.369508754462004</ele>
        <time>1970-01-01T00:22:48.700000Z</time>
        <extensions>
          <gpxtpx:TrackPointExtension>
            <gpxtpx:hr>176</gpxtpx:hr>
          </gpxtpx:TrackPointExtension>
        </extensions>
      </trkpt>
      <trkpt lat="28.817757119008192" lon="115.8787827069298">
        <ele>39.36958874948323</ele>
        <time>1970-01-01T00:22:49.700000Z</time>
        <extensions>
          <gpxtpx:TrackPointExtension>
            <gpxtpx:hr>176</gpxtpx:hr>
          </gpxtpx:TrackPointExtension>
        </extensions>
      </trkpt>
      <trkpt lat="28.817777909209596" lon="115.87878609193123">
        <ele>39.346852051094174</ele>
        <time>1970-01-01T00:22:50.700000Z</time>
        <extensions>
          <gpxtpx:TrackPointExtension>
            <gpxtpx:hr>176</gpxtpx:hr>
          </gpxtpx:TrackPointExtension>
        </extensions>
      </trkpt>
      <trkpt lat="28.817798823086083" lon="115.87878869538694">
        <ele>39.30336128547788</ele>
        <time>1970-01-01T00:22:51.700000Z</time>
        <extensions>
          <gpxtpx:TrackPointExtension>
            <gpxtpx:hr>176</gpxtpx:hr>
          </gpxtpx:TrackPointExtension>
        </extensions>
      </trkpt>
      <trkpt lat="28.817819787797234" lon="115.87879121473384">
        <ele>39.24265437480062</ele>
        <time>1970-01-01T00:22:52.700000Z</time>
        <extensions>
          <gpxtpx:TrackPointExtension>
            <gpxtpx:hr>176</gpxtpx:hr>
          </gpxtpx:TrackPointExtension>
        </extensions>
      </trkpt>
      <trkpt lat="28.817840825040623" lon="115.87879379957096">
        <ele>39.16905712522566</ele>
        <time>1970-01-01T00:22:53.700000Z</time>
        <extensions>
          <gpxtpx:TrackPointExtension>
            <gpxtpx:hr>176</gpxtpx:hr>
          </gpxtpx:TrackPointExtension>
        </extensions>
      </trkpt>
      <trkpt lat="28.817861821065932" lon="115.87879670008248">
        <ele>39.08749987091869</ele>
        <time>1970-01-01T00:22:54.700000Z</time>
        <extensions>
          <gpxtpx:TrackPointExtension>
            <gpxtpx:hr>176</gpxtpx:hr>
          </gpxtpx:TrackPointExtension>
        </extensions>
      </trkpt>
      <trkpt lat="28.817883444060136" lon="115.87880006251058">
        <ele>39.002424359321594</ele>
        <time>1970-01-01T00:22:55.700000Z</time>
        <extensions>
          <gpxtpx:TrackPointExtension>
            <gpxtpx:hr>176</gpxtpx:hr>
          </gpxtpx:TrackPointExtension>
        </extensions>
      </trkpt>
      <trkpt lat="28.81790596792052" lon="115.87880383242477">
        <ele>38.91743392404169</ele>
        <time>1970-01-01T00:22:56.700000Z</time>
        <extensions>
          <gpxtpx:TrackPointExtension>
            <gpxtpx:hr>176</gpxtpx:hr>
          </gpxtpx:TrackPointExtension>
        </extensions>
      </trkpt>
      <trkpt lat="28.81792868325897" lon="115.87880748712938">
        <ele>38.83624096214771</ele>
        <time>1970-01-01T00:22:57.700000Z</time>
        <extensions>
          <gpxtpx:TrackPointExtension>
            <gpxtpx:hr>176</gpxtpx:hr>
          </gpxtpx:TrackPointExtension>
        </extensions>
      </trkpt>
      <trkpt lat="28.817951394888663" lon="115.87881083072821">
        <ele>38.763606796972454</ele>
        <time>1970-01-01T00:22:58.700000Z</time>
        <extensions>
          <gpxtpx:TrackPointExtension>
            <gpxtpx:hr>176</gpxtpx:hr>
          </gpxtpx:TrackPointExtension>
        </extensions>
      </trkpt>
      <trkpt lat="28.817974075963658" lon="115.87881393945939">
        <ele>38.705487847328186</ele>
        <time>1970-01-01T00:22:59.700000Z</time>
        <extensions>
          <gpxtpx:TrackPointExtension>
            <gpxtpx:hr>176</gpxtpx:hr>
          </gpxtpx:TrackPointExtension>
        </extensions>
      </trkpt>
      <trkpt lat="28.817996476467826" lon="115.8788168298235">
        <ele>38.66738616488874</ele>
        <time>1970-01-01T00:23:00.700000Z</time>
        <extensions>
          <gpxtpx:TrackPointExtension>
            <gpxtpx:hr>176</gpxtpx:hr>
          </gpxtpx:TrackPointExtension>
        </extensions>
      </trkpt>
      <trkpt lat="28.818018605428488" lon="115.87881942849239">
        <ele>38.652676741592586</ele>
        <time>1970-01-01T00:23:01.700000Z</time>
        <extensions>
          <gpxtpx:TrackPointExtension>
            <gpxtpx:hr>176</gpxtpx:hr>
          </gpxtpx:TrackPointExtension>
        </extensions>
      </trkpt>
      <trkpt lat="28.81804125034486" lon="115.87882138505415">
        <ele>38.66244714893401</ele>
        <time>1970-01-01T00:23:02.700000Z</time>
        <extensions>
          <gpxtpx:TrackPointExtension>
            <gpxtpx:hr>176</gpxtpx:hr>
          </gpxtpx:TrackPointExtension>
        </extensions>
      </trkpt>
      <trkpt lat="28.818064357762204" lon="115.87882322570955">
        <ele>38.6956080365926</ele>
        <time>1970-01-01T00:23:03.700000Z</time>
        <extensions>
          <gpxtpx:TrackPointExtension>
            <gpxtpx:hr>176</gpxtpx:hr>
          </gpxtpx:TrackPointExtension>
        </extensions>
      </trkpt>
      <trkpt lat="28.818087391403285" lon="115.87882552177624">
        <ele>38.749178615398705</ele>
        <time>1970-01-01T00:23:04.700000Z</time>
        <extensions>
          <gpxtpx:TrackPointExtension>
            <gpxtpx:hr>176</gpxtpx:hr>
          </gpxtpx:TrackPointExtension>
        </extensions>
      </trkpt>
      <trkpt lat="28.81811026295882" lon="115.87882798055902">
        <ele>38.82004423253238</ele>
        <time>1970-01-01T00:23:05.700000Z</time>
        <extensions>
          <gpxtpx:TrackPointExtension>
            <gpxtpx:hr>176</gpxtpx:hr>
          </gpxtpx:TrackPointExtension>
        </extensions>
      </trkpt>
      <trkpt lat="28.818132547532834" lon="115.87883043707049">
        <ele>38.90430547390133</ele>
        <time>1970-01-01T00:23:06.700000Z</time>
        <extensions>
          <gpxtpx:TrackPointExtension>
            <gpxtpx:hr>176</gpxtpx:hr>
          </gpxtpx:TrackPointExtension>
        </extensions>
      </trkpt>
      <trkpt lat="28.81815436197641" lon="115.87883321783313">
        <ele>38.9977474603802</ele>
        <time>1970-01-01T00:23:07.700000Z</time>
        <extensions>
          <gpxtpx:TrackPointExtension>
            <gpxtpx:hr>176</gpxtpx:hr>
          </gpxtpx:TrackPointExtension>
        </extensions>
      </trkpt>
      <trkpt lat="28.818176155971457" lon="115.87883671900676">
        <ele>39.09581999108195</ele>
        <time>1970-01-01T00:23:08.700000Z</time>
        <extensions>
          <gpxtpx:TrackPointExtension>
            <gpxtpx:hr>176</gpxtpx:hr>
          </gpxtpx:TrackPointExtension>
        </extensions>
      </trkpt>
      <trkpt lat="28.818198091211933" lon="115.87884069181169">
        <ele>39.1942450767383</ele>
        <time>1970-01-01T00:23:09.700000Z</time>
        <extensions>
          <gpxtpx:TrackPointExtension>
            <gpxtpx:hr>176</gpxtpx:hr>
          </gpxtpx:TrackPointExtension>
        </extensions>
      </trkpt>
      <trkpt lat="28.818219986279825" lon="115.87884447927046">
        <ele>39.28875286784023</ele>
        <time>1970-01-01T00:23:10.700000Z</time>
        <extensions>
          <gpxtpx:TrackPointExtension>
            <gpxtpx:hr>176</gpxtpx:hr>
          </gpxtpx:TrackPointExtension>
        </extensions>
      </trkpt>
      <trkpt lat="28.818241702775946" lon="115.87884823933373">
        <ele>39.375546862371266</ele>
        <time>1970-01-01T00:23:11.700000Z</time>
        <extensions>
          <gpxtpx:TrackPointExtension>
            <gpxtpx:hr>176</gpxtpx:hr>
          </gpxtpx:TrackPointExtension>
        </extensions>
      </trkpt>
      <trkpt lat="28.81826374761557" lon="115.87885233113164">
        <ele>39.45150453504175</ele>
        <time>1970-01-01T00:23:12.700000Z</time>
        <extensions>
          <gpxtpx:TrackPointExtension>
            <gpxtpx:hr>176</gpxtpx:hr>
          </gpxtpx:TrackPointExtension>
        </extensions>
      </trkpt>
      <trkpt lat="28.81828632451756" lon="115.87885731831902">
        <ele>39.51434398908168</ele>
        <time>1970-01-01T00:23:13.700000Z</time>
        <extensions>
          <gpxtpx:TrackPointExtension>
            <gpxtpx:hr>176</gpxtpx:hr>
          </gpxtpx:TrackPointExtension>
        </extensions>
      </trkpt>
      <trkpt lat="28.818309243015385" lon="115.87886150561147">
        <ele>39.562866950407624</ele>
        <time>1970-01-01T00:23:14.700000Z</time>
        <extensions>
          <gpxtpx:TrackPointExtension>
            <gpxtpx:hr>175</gpxtpx:hr>
          </gpxtpx:TrackPointExtension>
        </extensions>
      </trkpt>
      <trkpt lat="28.818332294145964" lon="115.87886493769903">
        <ele>39.597481735982</ele>
        <time>1970-01-01T00:23:15.700000Z</time>
        <extensions>
          <gpxtpx:TrackPointExtension>
            <gpxtpx:hr>175</gpxtpx:hr>
          </gpxtpx:TrackPointExtension>
        </extensions>
      </trkpt>
      <trkpt lat="28.818354996538904" lon="115.8788688366826">
        <ele>39.62038845196366</ele>
        <time>1970-01-01T00:23:16.700000Z</time>
        <extensions>
          <gpxtpx:TrackPointExtension>
            <gpxtpx:hr>175</gpxtpx:hr>
          </gpxtpx:TrackPointExtension>
        </extensions>
      </trkpt>
      <trkpt lat="28.8183774944378" lon="115.87887438258248">
        <ele>39.63493054546416</ele>
        <time>1970-01-01T00:23:17.700000Z</time>
        <extensions>
          <gpxtpx:TrackPointExtension>
            <gpxtpx:hr>175</gpxtpx:hr>
          </gpxtpx:TrackPointExtension>
        </extensions>
      </trkpt>
      <trkpt lat="28.818399664969647" lon="115.87888202462844">
        <ele>39.644890958443284</ele>
        <time>1970-01-01T00:23:18.700000Z</time>
        <extensions>
          <gpxtpx:TrackPointExtension>
            <gpxtpx:hr>175</gpxtpx:hr>
          </gpxtpx:TrackPointExtension>
        </extensions>
      </trkpt>
      <trkpt lat="28.818421138216443" lon="115.87889122458492">
        <ele>39.65223437175155</ele>
        <time>1970-01-01T00:23:19.700000Z</time>
        <extensions>
          <gpxtpx:TrackPointExtension>
            <gpxtpx:hr>175</gpxtpx:hr>
          </gpxtpx:TrackPointExtension>
        </extensions>
      </trkpt>
      <trkpt lat="28.818442061804525" lon="115.87890130087338">
        <ele>39.657773590646684</ele>
        <time>1970-01-01T00:23:20.700000Z</time>
        <extensions>
          <gpxtpx:TrackPointExtension>
            <gpxtpx:hr>176</gpxtpx:hr>
          </gpxtpx:TrackPointExtension>
        </extensions>
      </trkpt>
      <trkpt lat="28.818462545450505" lon="115.8789120892413">
        <ele>39.661541011184454</ele>
        <time>1970-01-01T00:23:21.700000Z</time>
        <extensions>
          <gpxtpx:TrackPointExtension>
            <gpxtpx:hr>176</gpxtpx:hr>
          </gpxtpx:TrackPointExtension>
        </extensions>
      </trkpt>
      <trkpt lat="28.818483016535648" lon="115.87892316680967">
        <ele>39.65144285839051</ele>
        <time>1970-01-01T00:23:22.700000Z</time>
        <extensions>
          <gpxtpx:TrackPointExtension>
            <gpxtpx:hr>176</gpxtpx:hr>
          </gpxtpx:TrackPointExtension>
        </extensions>
      </trkpt>
      <trkpt lat="28.81850330679429" lon="115.8789334685015">
        <ele>39.63955633994192</ele>
        <time>1970-01-01T00:23:23.600000Z</time>
        <extensions>
          <gpxtpx:TrackPointExtension>
            <gpxtpx:hr>176</gpxtpx:hr>
          </gpxtpx:TrackPointExtension>
        </extensions>
      </trkpt>
      <trkpt lat="28.818523165755472" lon="115.87894215230719">
        <ele>39.623215408064425</ele>
        <time>1970-01-01T00:23:24.600000Z</time>
        <extensions>
          <gpxtpx:TrackPointExtension>
            <gpxtpx:hr>176</gpxtpx:hr>
          </gpxtpx:TrackPointExtension>
        </extensions>
      </trkpt>
      <trkpt lat="28.818543020812648" lon="115.87894956301672">
        <ele>39.60060174856335</ele>
        <time>1970-01-01T00:23:25.600000Z</time>
        <extensions>
          <gpxtpx:TrackPointExtension>
            <gpxtpx:hr>175</gpxtpx:hr>
          </gpxtpx:TrackPointExtension>
        </extensions>
      </trkpt>
      <trkpt lat="28.818562951731504" lon="115.87895593510702">
        <ele>39.57045133411884</ele>
        <time>1970-01-01T00:23:26.600000Z</time>
        <extensions>
          <gpxtpx:TrackPointExtension>
            <gpxtpx:hr>175</gpxtpx:hr>
          </gpxtpx:TrackPointExtension>
        </extensions>
      </trkpt>
      <trkpt lat="28.818582919722708" lon="115.87896143114698">
        <ele>39.53191861324012</ele>
        <time>1970-01-01T00:23:27.600000Z</time>
        <extensions>
          <gpxtpx:TrackPointExtension>
            <gpxtpx:hr>175</gpxtpx:hr>
          </gpxtpx:TrackPointExtension>
        </extensions>
      </trkpt>
      <trkpt lat="28.818603273809064" lon="115.87896658615752">
        <ele>39.48616861645132</ele>
        <time>1970-01-01T00:23:28.600000Z</time>
        <extensions>
          <gpxtpx:TrackPointExtension>
            <gpxtpx:hr>175</gpxtpx:hr>
          </gpxtpx:TrackPointExtension>
        </extensions>
      </trkpt>
      <trkpt lat="28.818624228243106" lon="115.87897173898054">
        <ele>39.43697565142065</ele>
        <time>1970-01-01T00:23:29.600000Z</time>
        <extensions>
          <gpxtpx:TrackPointExtension>
            <gpxtpx:hr>175</gpxtpx:hr>
          </gpxtpx:TrackPointExtension>
        </extensions>
      </trkpt>
      <trkpt lat="28.81864636919993" lon="115.87897695522251">
        <ele>39.39100119099021</ele>
        <time>1970-01-01T00:23:30.600000Z</time>
        <extensions>
          <gpxtpx:TrackPointExtension>
            <gpxtpx:hr>174</gpxtpx:hr>
          </gpxtpx:TrackPointExtension>
        </extensions>
      </trkpt>
      <trkpt lat="28.81866906331498" lon="115.87898166147035">
        <ele>39.35699591971934</ele>
        <time>1970-01-01T00:23:31.600000Z</time>
        <extensions>
          <gpxtpx:TrackPointExtension>
            <gpxtpx:hr>174</gpxtpx:hr>
          </gpxtpx:TrackPointExtension>
        </extensions>
      </trkpt>
      <trkpt lat="28.818713807362013" lon="115.87898950660191">
        <ele>39.28737457282841</ele>
        <time>1970-01-01T00:23:33.600000Z</time>
        <extensions>
          <gpxtpx:TrackPointExtension>
            <gpxtpx:hr>174</gpxtpx:hr>
          </gpxtpx:TrackPointExtension>
        </extensions>
      </trkpt>
      <trkpt lat="28.818735804766813" lon="115.87899277669636">
        <ele>39.23227270040661</ele>
        <time>1970-01-01T00:23:34.600000Z</time>
        <extensions>
          <gpxtpx:TrackPointExtension>
            <gpxtpx:hr>174</gpxtpx:hr>
          </gpxtpx:TrackPointExtension>
        </extensions>
      </trkpt>
      <trkpt lat="28.81875736377895" lon="115.87899588827362">
        <ele>39.1591312661767</ele>
        <time>1970-01-01T00:23:35.600000Z</time>
        <extensions>
          <gpxtpx:TrackPointExtension>
            <gpxtpx:hr>174</gpxtpx:hr>
          </gpxtpx:TrackPointExtension>
        </extensions>
      </trkpt>
      <trkpt lat="28.81877857781406" lon="115.87899921676663">
        <ele>39.076862908899784</ele>
        <time>1970-01-01T00:23:36.600000Z</time>
        <extensions>
          <gpxtpx:TrackPointExtension>
            <gpxtpx:hr>174</gpxtpx:hr>
          </gpxtpx:TrackPointExtension>
        </extensions>
      </trkpt>
      <trkpt lat="28.818799487703775" lon="115.87900318699806">
        <ele>38.99320010561496</ele>
        <time>1970-01-01T00:23:37.600000Z</time>
        <extensions>
          <gpxtpx:TrackPointExtension>
            <gpxtpx:hr>174</gpxtpx:hr>
          </gpxtpx:TrackPointExtension>
        </extensions>
      </trkpt>
      <trkpt lat="28.818820314924317" lon="115.8790082328457">
        <ele>38.91315708402544</ele>
        <time>1970-01-01T00:23:38.600000Z</time>
        <extensions>
          <gpxtpx:TrackPointExtension>
            <gpxtpx:hr>174</gpxtpx:hr>
          </gpxtpx:TrackPointExtension>
        </extensions>
      </trkpt>
      <trkpt lat="28.81884087799733" lon="115.87901424687387">
        <ele>38.839355557225645</ele>
        <time>1970-01-01T00:23:39.600000Z</time>
        <extensions>
          <gpxtpx:TrackPointExtension>
            <gpxtpx:hr>174</gpxtpx:hr>
          </gpxtpx:TrackPointExtension>
        </extensions>
      </trkpt>
      <trkpt lat="28.81886129784215" lon="115.87902114721015">
        <ele>38.77314630616456</ele>
        <time>1970-01-01T00:23:40.600000Z</time>
        <extensions>
          <gpxtpx:TrackPointExtension>
            <gpxtpx:hr>174</gpxtpx:hr>
          </gpxtpx:TrackPointExtension>
        </extensions>
      </trkpt>
      <trkpt lat="28.818882018276295" lon="115.87902813446989">
        <ele>38.71640232671052</ele>
        <time>1970-01-01T00:23:41.600000Z</time>
        <extensions>
          <gpxtpx:TrackPointExtension>
            <gpxtpx:hr>174</gpxtpx:hr>
          </gpxtpx:TrackPointExtension>
        </extensions>
      </trkpt>
      <trkpt lat="28.818903343589433" lon="115.87903428103886">
        <ele>38.67049490194768</ele>
        <time>1970-01-01T00:23:42.600000Z</time>
        <extensions>
          <gpxtpx:TrackPointExtension>
            <gpxtpx:hr>174</gpxtpx:hr>
          </gpxtpx:TrackPointExtension>
        </extensions>
      </trkpt>
      <trkpt lat="28.818925164078973" lon="115.8790393294864">
        <ele>38.6369998883456</ele>
        <time>1970-01-01T00:23:43.600000Z</time>
        <extensions>
          <gpxtpx:TrackPointExtension>
            <gpxtpx:hr>174</gpxtpx:hr>
          </gpxtpx:TrackPointExtension>
        </extensions>
      </trkpt>
      <trkpt lat="28.818947335233414" lon="115.87904387998879">
        <ele>38.61727904714644</ele>
        <time>1970-01-01T00:23:44.600000Z</time>
        <extensions>
          <gpxtpx:TrackPointExtension>
            <gpxtpx:hr>174</gpxtpx:hr>
          </gpxtpx:TrackPointExtension>
        </extensions>
      </trkpt>
      <trkpt lat="28.818970085743373" lon="115.87904846372469">
        <ele>38.61193930078298</ele>
        <time>1970-01-01T00:23:45.600000Z</time>
        <extensions>
          <gpxtpx:TrackPointExtension>
            <gpxtpx:hr>174</gpxtpx:hr>
          </gpxtpx:TrackPointExtension>
        </extensions>
      </trkpt>
      <trkpt lat="28.818993130308904" lon="115.87905252043672">
        <ele>38.62006700783968</ele>
        <time>1970-01-01T00:23:46.600000Z</time>
        <extensions>
          <gpxtpx:TrackPointExtension>
            <gpxtpx:hr>174</gpxtpx:hr>
          </gpxtpx:TrackPointExtension>
        </extensions>
      </trkpt>
      <trkpt lat="28.819016219280158" lon="115.87905585971488">
        <ele>38.6384982643649</ele>
        <time>1970-01-01T00:23:47.600000Z</time>
        <extensions>
          <gpxtpx:TrackPointExtension>
            <gpxtpx:hr>174</gpxtpx:hr>
          </gpxtpx:TrackPointExtension>
        </extensions>
      </trkpt>
      <trkpt lat="28.819039498776718" lon="115.87905892299885">
        <ele>38.66286629345268</ele>
        <time>1970-01-01T00:23:48.600000Z</time>
        <extensions>
          <gpxtpx:TrackPointExtension>
            <gpxtpx:hr>174</gpxtpx:hr>
          </gpxtpx:TrackPointExtension>
        </extensions>
      </trkpt>
      <trkpt lat="28.819062987278052" lon="115.87906204782131">
        <ele>38.68865229655057</ele>
        <time>1970-01-01T00:23:49.600000Z</time>
        <extensions>
          <gpxtpx:TrackPointExtension>
            <gpxtpx:hr>172</gpxtpx:hr>
          </gpxtpx:TrackPointExtension>
        </extensions>
      </trkpt>
      <trkpt lat="28.81908651154091" lon="115.87906561933518">
        <ele>38.71208774857223</ele>
        <time>1970-01-01T00:23:50.600000Z</time>
        <extensions>
          <gpxtpx:TrackPointExtension>
            <gpxtpx:hr>172</gpxtpx:hr>
          </gpxtpx:TrackPointExtension>
        </extensions>
      </trkpt>
      <trkpt lat="28.819109883511675" lon="115.87906932301358">
        <ele>38.73026702273637</ele>
        <time>1970-01-01T00:23:51.600000Z</time>
        <extensions>
          <gpxtpx:TrackPointExtension>
            <gpxtpx:hr>172</gpxtpx:hr>
          </gpxtpx:TrackPointExtension>
        </extensions>
      </trkpt>
      <trkpt lat="28.819133364676773" lon="115.87907327755042">
        <ele>38.74344724882394</ele>
        <time>1970-01-01T00:23:52.600000Z</time>
        <extensions>
          <gpxtpx:TrackPointExtension>
            <gpxtpx:hr>172</gpxtpx:hr>
          </gpxtpx:TrackPointExtension>
        </extensions>
      </trkpt>
      <trkpt lat="28.81915653303712" lon="115.87907776541864">
        <ele>38.753399942070246</ele>
        <time>1970-01-01T00:23:53.600000Z</time>
        <extensions>
          <gpxtpx:TrackPointExtension>
            <gpxtpx:hr>172</gpxtpx:hr>
          </gpxtpx:TrackPointExtension>
        </extensions>
      </trkpt>
      <trkpt lat="28.81917908413522" lon="115.8790828064352">
        <ele>38.76221935451031</ele>
        <time>1970-01-01T00:23:54.600000Z</time>
        <extensions>
          <gpxtpx:TrackPointExtension>
            <gpxtpx:hr>172</gpxtpx:hr>
          </gpxtpx:TrackPointExtension>
        </extensions>
      </trkpt>
      <trkpt lat="28.819201420210053" lon="115.87908851040366">
        <ele>38.7714852001518</ele>
        <time>1970-01-01T00:23:55.600000Z</time>
        <extensions>
          <gpxtpx:TrackPointExtension>
            <gpxtpx:hr>173</gpxtpx:hr>
          </gpxtpx:TrackPointExtension>
        </extensions>
      </trkpt>
      <trkpt lat="28.81922376300752" lon="115.8790940004007">
        <ele>38.78333173785359</ele>
        <time>1970-01-01T00:23:56.600000Z</time>
        <extensions>
          <gpxtpx:TrackPointExtension>
            <gpxtpx:hr>173</gpxtpx:hr>
          </gpxtpx:TrackPointExtension>
        </extensions>
      </trkpt>
      <trkpt lat="28.819246720423802" lon="115.87909863995037">
        <ele>38.799757082015276</ele>
        <time>1970-01-01T00:23:57.600000Z</time>
        <extensions>
          <gpxtpx:TrackPointExtension>
            <gpxtpx:hr>173</gpxtpx:hr>
          </gpxtpx:TrackPointExtension>
        </extensions>
      </trkpt>
      <trkpt lat="28.819270785936958" lon="115.87910220322944">
        <ele>38.82260057982057</ele>
        <time>1970-01-01T00:23:58.600000Z</time>
        <extensions>
          <gpxtpx:TrackPointExtension>
            <gpxtpx:hr>173</gpxtpx:hr>
          </gpxtpx:TrackPointExtension>
        </extensions>
      </trkpt>
      <trkpt lat="28.81929453523376" lon="115.87910576440144">
        <ele>38.85321044269949</ele>
        <time>1970-01-01T00:23:59.600000Z</time>
        <extensions>
          <gpxtpx:TrackPointExtension>
            <gpxtpx:hr>173</gpxtpx:hr>
          </gpxtpx:TrackPointExtension>
        </extensions>
      </trkpt>
      <trkpt lat="28.819316785508274" lon="115.87910990060425">
        <ele>38.89312834665179</ele>
        <time>1970-01-01T00:24:00.600000Z</time>
        <extensions>
          <gpxtpx:TrackPointExtension>
            <gpxtpx:hr>173</gpxtpx:hr>
          </gpxtpx:TrackPointExtension>
        </extensions>
      </trkpt>
      <trkpt lat="28.819338761768602" lon="115.87911447806702">
        <ele>38.9427285855636</ele>
        <time>1970-01-01T00:24:01.600000Z</time>
        <extensions>
          <gpxtpx:TrackPointExtension>
            <gpxtpx:hr>174</gpxtpx:hr>
          </gpxtpx:TrackPointExtension>
        </extensions>
      </trkpt>
      <trkpt lat="28.819361233713693" lon="115.87911952294004">
        <ele>38.99979171063751</ele>
        <time>1970-01-01T00:24:02.600000Z</time>
        <extensions>
          <gpxtpx:TrackPointExtension>
            <gpxtpx:hr>174</gpxtpx:hr>
          </gpxtpx:TrackPointExtension>
        </extensions>
      </trkpt>
      <trkpt lat="28.81938396094304" lon="115.87912414575571">
        <ele>39.06072896718979</ele>
        <time>1970-01-01T00:24:03.600000Z</time>
        <extensions>
          <gpxtpx:TrackPointExtension>
            <gpxtpx:hr>174</gpxtpx:hr>
          </gpxtpx:TrackPointExtension>
        </extensions>
      </trkpt>
      <trkpt lat="28.81940653774098" lon="115.87912846831718">
        <ele>39.12254498619586</ele>
        <time>1970-01-01T00:24:04.600000Z</time>
        <extensions>
          <gpxtpx:TrackPointExtension>
            <gpxtpx:hr>174</gpxtpx:hr>
          </gpxtpx:TrackPointExtension>
        </extensions>
      </trkpt>
      <trkpt lat="28.81942856060678" lon="115.87913348342917">
        <ele>39.18215215485543</ele>
        <time>1970-01-01T00:24:05.600000Z</time>
        <extensions>
          <gpxtpx:TrackPointExtension>
            <gpxtpx:hr>174</gpxtpx:hr>
          </gpxtpx:TrackPointExtension>
        </extensions>
      </trkpt>
      <trkpt lat="28.819449694829878" lon="115.87913874529195">
        <ele>39.23752213642001</ele>
        <time>1970-01-01T00:24:06.600000Z</time>
        <extensions>
          <gpxtpx:TrackPointExtension>
            <gpxtpx:hr>174</gpxtpx:hr>
          </gpxtpx:TrackPointExtension>
        </extensions>
      </trkpt>
      <trkpt lat="28.81947052990084" lon="115.87914322752208">
        <ele>39.28774535655975</ele>
        <time>1970-01-01T00:24:07.600000Z</time>
        <extensions>
          <gpxtpx:TrackPointExtension>
            <gpxtpx:hr>172</gpxtpx:hr>
          </gpxtpx:TrackPointExtension>
        </extensions>
      </trkpt>
      <trkpt lat="28.81949213746941" lon="115.87914667353746">
        <ele>39.332124596461654</ele>
        <time>1970-01-01T00:24:08.600000Z</time>
        <extensions>
          <gpxtpx:TrackPointExtension>
            <gpxtpx:hr>172</gpxtpx:hr>
          </gpxtpx:TrackPointExtension>
        </extensions>
      </trkpt>
      <trkpt lat="28.81951509781563" lon="115.87914940646408">
        <ele>39.36851095687598</ele>
        <time>1970-01-01T00:24:09.600000Z</time>
        <extensions>
          <gpxtpx:TrackPointExtension>
            <gpxtpx:hr>172</gpxtpx:hr>
          </gpxtpx:TrackPointExtension>
        </extensions>
      </trkpt>
      <trkpt lat="28.81953916524657" lon="115.87915230706281">
        <ele>39.39432590547949</ele>
        <time>1970-01-01T00:24:10.600000Z</time>
        <extensions>
          <gpxtpx:TrackPointExtension>
            <gpxtpx:hr>172</gpxtpx:hr>
          </gpxtpx:TrackPointExtension>
        </extensions>
      </trkpt>
      <trkpt lat="28.81956333099328" lon="115.87915611975552">
        <ele>39.40695135202259</ele>
        <time>1970-01-01T00:24:11.600000Z</time>
        <extensions>
          <gpxtpx:TrackPointExtension>
            <gpxtpx:hr>172</gpxtpx:hr>
          </gpxtpx:TrackPointExtension>
        </extensions>
      </trkpt>
      <trkpt lat="28.81958738806616" lon="115.87916101304182">
        <ele>39.404709794558585</ele>
        <time>1970-01-01T00:24:12.600000Z</time>
        <extensions>
          <gpxtpx:TrackPointExtension>
            <gpxtpx:hr>172</gpxtpx:hr>
          </gpxtpx:TrackPointExtension>
        </extensions>
      </trkpt>
      <trkpt lat="28.819611161166563" lon="115.87916652339581">
        <ele>39.38736345432699</ele>
        <time>1970-01-01T00:24:13.600000Z</time>
        <extensions>
          <gpxtpx:TrackPointExtension>
            <gpxtpx:hr>172</gpxtpx:hr>
          </gpxtpx:TrackPointExtension>
        </extensions>
      </trkpt>
      <trkpt lat="28.819634614427947" lon="115.87917222984561">
        <ele>39.35171316564083</ele>
        <time>1970-01-01T00:24:14.600000Z</time>
        <extensions>
          <gpxtpx:TrackPointExtension>
            <gpxtpx:hr>172</gpxtpx:hr>
          </gpxtpx:TrackPointExtension>
        </extensions>
      </trkpt>
      <trkpt lat="28.81965802445144" lon="115.87917770615276">
        <ele>39.3106898823753</ele>
        <time>1970-01-01T00:24:15.600000Z</time>
        <extensions>
          <gpxtpx:TrackPointExtension>
            <gpxtpx:hr>172</gpxtpx:hr>
          </gpxtpx:TrackPointExtension>
        </extensions>
      </trkpt>
      <trkpt lat="28.819681362872448" lon="115.87918326494102">
        <ele>39.26434382144362</ele>
        <time>1970-01-01T00:24:16.600000Z</time>
        <extensions>
          <gpxtpx:TrackPointExtension>
            <gpxtpx:hr>172</gpxtpx:hr>
          </gpxtpx:TrackPointExtension>
        </extensions>
      </trkpt>
      <trkpt lat="28.819704600856785" lon="115.87918921870562">
        <ele>39.216771395877004</ele>
        <time>1970-01-01T00:24:17.600000Z</time>
        <extensions>
          <gpxtpx:TrackPointExtension>
            <gpxtpx:hr>172</gpxtpx:hr>
          </gpxtpx:TrackPointExtension>
        </extensions>
      </trkpt>
      <trkpt lat="28.819727388316707" lon="115.87919508587663">
        <ele>39.17098389286548</ele>
        <time>1970-01-01T00:24:18.600000Z</time>
        <extensions>
          <gpxtpx:TrackPointExtension>
            <gpxtpx:hr>172</gpxtpx:hr>
          </gpxtpx:TrackPointExtension>
        </extensions>
      </trkpt>
      <trkpt lat="28.819749545420265" lon="115.87920088303898">
        <ele>39.127905663102865</ele>
        <time>1970-01-01T00:24:19.600000Z</time>
        <extensions>
          <gpxtpx:TrackPointExtension>
            <gpxtpx:hr>172</gpxtpx:hr>
          </gpxtpx:TrackPointExtension>
        </extensions>
      </trkpt>
      <trkpt lat="28.819771352417433" lon="115.87920648238081">
        <ele>39.08805696852505</ele>
        <time>1970-01-01T00:24:20.600000Z</time>
        <extensions>
          <gpxtpx:TrackPointExtension>
            <gpxtpx:hr>172</gpxtpx:hr>
          </gpxtpx:TrackPointExtension>
        </extensions>
      </trkpt>
      <trkpt lat="28.819793021601402" lon="115.87921104450672">
        <ele>39.05176148284227</ele>
        <time>1970-01-01T00:24:21.600000Z</time>
        <extensions>
          <gpxtpx:TrackPointExtension>
            <gpxtpx:hr>172</gpxtpx:hr>
          </gpxtpx:TrackPointExtension>
        </extensions>
      </trkpt>
      <trkpt lat="28.819814873910623" lon="115.8792150915802">
        <ele>39.02010419405997</ele>
        <time>1970-01-01T00:24:22.600000Z</time>
        <extensions>
          <gpxtpx:TrackPointExtension>
            <gpxtpx:hr>172</gpxtpx:hr>
          </gpxtpx:TrackPointExtension>
        </extensions>
      </trkpt>
      <trkpt lat="28.819836827980946" lon="115.87921996158153">
        <ele>38.9952658964321</ele>
        <time>1970-01-01T00:24:23.600000Z</time>
        <extensions>
          <gpxtpx:TrackPointExtension>
            <gpxtpx:hr>172</gpxtpx:hr>
          </gpxtpx:TrackPointExtension>
        </extensions>
      </trkpt>
      <trkpt lat="28.819868602087876" lon="115.87922727235762">
        <ele>38.95649405848235</ele>
        <time>1970-01-01T00:24:25.100000Z</time>
        <extensions>
          <gpxtpx:TrackPointExtension>
            <gpxtpx:hr>172</gpxtpx:hr>
          </gpxtpx:TrackPointExtension>
        </extensions>
      </trkpt>
      <trkpt lat="28.819882588655332" lon="115.87923015104433">
        <ele>38.94000480417162</ele>
        <time>1970-01-01T00:24:25.600000Z</time>
        <extensions>
          <gpxtpx:TrackPointExtension>
            <gpxtpx:hr>172</gpxtpx:hr>
          </gpxtpx:TrackPointExtension>
        </extensions>
      </trkpt>
      <trkpt lat="28.819905464226153" lon="115.87923421680291">
        <ele>38.91697008162737</ele>
        <time>1970-01-01T00:24:26.600000Z</time>
        <extensions>
          <gpxtpx:TrackPointExtension>
            <gpxtpx:hr>172</gpxtpx:hr>
          </gpxtpx:TrackPointExtension>
        </extensions>
      </trkpt>
      <trkpt lat="28.819926843756026" lon="115.87923719944637">
        <ele>38.90778937749565</ele>
        <time>1970-01-01T00:24:27.600000Z</time>
        <extensions>
          <gpxtpx:TrackPointExtension>
            <gpxtpx:hr>172</gpxtpx:hr>
          </gpxtpx:TrackPointExtension>
        </extensions>
      </trkpt>
      <trkpt lat="28.819946765259115" lon="115.87923954049332">
        <ele>38.911607715301216</ele>
        <time>1970-01-01T00:24:28.600000Z</time>
        <extensions>
          <gpxtpx:TrackPointExtension>
            <gpxtpx:hr>172</gpxtpx:hr>
          </gpxtpx:TrackPointExtension>
        </extensions>
      </trkpt>
      <trkpt lat="28.819966474969565" lon="115.879242145492">
        <ele>38.926185246557</ele>
        <time>1970-01-01T00:24:29.600000Z</time>
        <extensions>
          <gpxtpx:TrackPointExtension>
            <gpxtpx:hr>172</gpxtpx:hr>
          </gpxtpx:TrackPointExtension>
        </extensions>
      </trkpt>
      <trkpt lat="28.81998635099603" lon="115.87924510076235">
        <ele>38.94786792714149</ele>
        <time>1970-01-01T00:24:30.600000Z</time>
        <extensions>
          <gpxtpx:TrackPointExtension>
            <gpxtpx:hr>172</gpxtpx:hr>
          </gpxtpx:TrackPointExtension>
        </extensions>
      </trkpt>
      <trkpt lat="28.820006237303417" lon="115.87924794922453">
        <ele>38.972088928334415</ele>
        <time>1970-01-01T00:24:31.600000Z</time>
        <extensions>
          <gpxtpx:TrackPointExtension>
            <gpxtpx:hr>172</gpxtpx:hr>
          </gpxtpx:TrackPointExtension>
        </extensions>
      </trkpt>
      <trkpt lat="28.82002618145527" lon="115.87925173777357">
        <ele>38.994395474903286</ele>
        <time>1970-01-01T00:24:32.600000Z</time>
        <extensions>
          <gpxtpx:TrackPointExtension>
            <gpxtpx:hr>172</gpxtpx:hr>
          </gpxtpx:TrackPointExtension>
        </extensions>
      </trkpt>
      <trkpt lat="28.820046532194212" lon="115.879256776497">
        <ele>39.010636010207236</ele>
        <time>1970-01-01T00:24:33.600000Z</time>
        <extensions>
          <gpxtpx:TrackPointExtension>
            <gpxtpx:hr>172</gpxtpx:hr>
          </gpxtpx:TrackPointExtension>
        </extensions>
      </trkpt>
      <trkpt lat="28.820067361941458" lon="115.87926215321363">
        <ele>39.017917262390256</ele>
        <time>1970-01-01T00:24:34.600000Z</time>
        <extensions>
          <gpxtpx:TrackPointExtension>
            <gpxtpx:hr>173</gpxtpx:hr>
          </gpxtpx:TrackPointExtension>
        </extensions>
      </trkpt>
      <trkpt lat="28.820087978649088" lon="115.87926731215146">
        <ele>39.01607431191951</ele>
        <time>1970-01-01T00:24:35.600000Z</time>
        <extensions>
          <gpxtpx:TrackPointExtension>
            <gpxtpx:hr>173</gpxtpx:hr>
          </gpxtpx:TrackPointExtension>
        </extensions>
      </trkpt>
      <trkpt lat="28.820108300413512" lon="115.87927257742632">
        <ele>39.00726676359773</ele>
        <time>1970-01-01T00:24:36.600000Z</time>
        <extensions>
          <gpxtpx:TrackPointExtension>
            <gpxtpx:hr>173</gpxtpx:hr>
          </gpxtpx:TrackPointExtension>
        </extensions>
      </trkpt>
      <trkpt lat="28.820128990373387" lon="115.87927819180538">
        <ele>38.99381272401661</ele>
        <time>1970-01-01T00:24:37.600000Z</time>
        <extensions>
          <gpxtpx:TrackPointExtension>
            <gpxtpx:hr>173</gpxtpx:hr>
          </gpxtpx:TrackPointExtension>
        </extensions>
      </trkpt>
      <trkpt lat="28.820150211689093" lon="115.87928351433474">
        <ele>38.97936522588134</ele>
        <time>1970-01-01T00:24:38.600000Z</time>
        <extensions>
          <gpxtpx:TrackPointExtension>
            <gpxtpx:hr>173</gpxtpx:hr>
          </gpxtpx:TrackPointExtension>
        </extensions>
      </trkpt>
      <trkpt lat="28.82017181838006" lon="115.87928872030484">
        <ele>38.967707708477974</ele>
        <time>1970-01-01T00:24:39.600000Z</time>
        <extensions>
          <gpxtpx:TrackPointExtension>
            <gpxtpx:hr>173</gpxtpx:hr>
          </gpxtpx:TrackPointExtension>
        </extensions>
      </trkpt>
      <trkpt lat="28.82019358252728" lon="115.87929373275492">
        <ele>38.962066980078816</ele>
        <time>1970-01-01T00:24:40.600000Z</time>
        <extensions>
          <gpxtpx:TrackPointExtension>
            <gpxtpx:hr>173</gpxtpx:hr>
          </gpxtpx:TrackPointExtension>
        </extensions>
      </trkpt>
      <trkpt lat="28.82021550719588" lon="115.87929842531749">
        <ele>38.96502020582557</ele>
        <time>1970-01-01T00:24:41.600000Z</time>
        <extensions>
          <gpxtpx:TrackPointExtension>
            <gpxtpx:hr>173</gpxtpx:hr>
          </gpxtpx:TrackPointExtension>
        </extensions>
      </trkpt>
      <trkpt lat="28.82023750661777" lon="115.87930291585347">
        <ele>38.98078677151352</ele>
        <time>1970-01-01T00:24:42.600000Z</time>
        <extensions>
          <gpxtpx:TrackPointExtension>
            <gpxtpx:hr>173</gpxtpx:hr>
          </gpxtpx:TrackPointExtension>
        </extensions>
      </trkpt>
      <trkpt lat="28.82025902169868" lon="115.8793070929855">
        <ele>39.011218121275306</ele>
        <time>1970-01-01T00:24:43.600000Z</time>
        <extensions>
          <gpxtpx:TrackPointExtension>
            <gpxtpx:hr>173</gpxtpx:hr>
          </gpxtpx:TrackPointExtension>
        </extensions>
      </trkpt>
      <trkpt lat="28.820279782903587" lon="115.87931152519337">
        <ele>39.057427995838225</ele>
        <time>1970-01-01T00:24:44.600000Z</time>
        <extensions>
          <gpxtpx:TrackPointExtension>
            <gpxtpx:hr>173</gpxtpx:hr>
          </gpxtpx:TrackPointExtension>
        </extensions>
      </trkpt>
      <trkpt lat="28.820299957670127" lon="115.87931659956186">
        <ele>39.118114040233195</ele>
        <time>1970-01-01T00:24:45.600000Z</time>
        <extensions>
          <gpxtpx:TrackPointExtension>
            <gpxtpx:hr>173</gpxtpx:hr>
          </gpxtpx:TrackPointExtension>
        </extensions>
      </trkpt>
      <trkpt lat="28.820320307232745" lon="115.87932185375053">
        <ele>39.18790070246905</ele>
        <time>1970-01-01T00:24:46.600000Z</time>
        <extensions>
          <gpxtpx:TrackPointExtension>
            <gpxtpx:hr>173</gpxtpx:hr>
          </gpxtpx:TrackPointExtension>
        </extensions>
      </trkpt>
      <trkpt lat="28.820341286414074" lon="115.87932610870789">
        <ele>39.25794808473438</ele>
        <time>1970-01-01T00:24:47.600000Z</time>
        <extensions>
          <gpxtpx:TrackPointExtension>
            <gpxtpx:hr>173</gpxtpx:hr>
          </gpxtpx:TrackPointExtension>
        </extensions>
      </trkpt>
      <trkpt lat="28.82036229380342" lon="115.8793292764947">
        <ele>39.31748490128666</ele>
        <time>1970-01-01T00:24:48.600000Z</time>
        <extensions>
          <gpxtpx:TrackPointExtension>
            <gpxtpx:hr>173</gpxtpx:hr>
          </gpxtpx:TrackPointExtension>
        </extensions>
      </trkpt>
      <trkpt lat="28.82038326805073" lon="115.87933216030493">
        <ele>39.354520093649626</ele>
        <time>1970-01-01T00:24:49.600000Z</time>
        <extensions>
          <gpxtpx:TrackPointExtension>
            <gpxtpx:hr>173</gpxtpx:hr>
          </gpxtpx:TrackPointExtension>
        </extensions>
      </trkpt>
      <trkpt lat="28.82040450378485" lon="115.87933497460361">
        <ele>39.357961505651474</ele>
        <time>1970-01-01T00:24:50.600000Z</time>
        <extensions>
          <gpxtpx:TrackPointExtension>
            <gpxtpx:hr>173</gpxtpx:hr>
          </gpxtpx:TrackPointExtension>
        </extensions>
      </trkpt>
      <trkpt lat="28.82042596353643" lon="115.87933819189676">
        <ele>39.32070482335985</ele>
        <time>1970-01-01T00:24:51.600000Z</time>
        <extensions>
          <gpxtpx:TrackPointExtension>
            <gpxtpx:hr>173</gpxtpx:hr>
          </gpxtpx:TrackPointExtension>
        </extensions>
      </trkpt>
      <trkpt lat="28.820447165939054" lon="115.87934200720976">
        <ele>39.23868215177208</ele>
        <time>1970-01-01T00:24:52.600000Z</time>
        <extensions>
          <gpxtpx:TrackPointExtension>
            <gpxtpx:hr>173</gpxtpx:hr>
          </gpxtpx:TrackPointExtension>
        </extensions>
      </trkpt>
      <trkpt lat="28.820467931713267" lon="115.87934650942924">
        <ele>39.114562339149415</ele>
        <time>1970-01-01T00:24:53.600000Z</time>
        <extensions>
          <gpxtpx:TrackPointExtension>
            <gpxtpx:hr>173</gpxtpx:hr>
          </gpxtpx:TrackPointExtension>
        </extensions>
      </trkpt>
      <trkpt lat="28.82048848653133" lon="115.87935137987549">
        <ele>38.9564607962966</ele>
        <time>1970-01-01T00:24:54.600000Z</time>
        <extensions>
          <gpxtpx:TrackPointExtension>
            <gpxtpx:hr>174</gpxtpx:hr>
          </gpxtpx:TrackPointExtension>
        </extensions>
      </trkpt>
      <trkpt lat="28.820509302316342" lon="115.87935642734145">
        <ele>38.77647402044386</ele>
        <time>1970-01-01T00:24:55.600000Z</time>
        <extensions>
          <gpxtpx:TrackPointExtension>
            <gpxtpx:hr>174</gpxtpx:hr>
          </gpxtpx:TrackPointExtension>
        </extensions>
      </trkpt>
      <trkpt lat="28.820530878361197" lon="115.87936190515573">
        <ele>38.588681225664914</ele>
        <time>1970-01-01T00:24:56.600000Z</time>
        <extensions>
          <gpxtpx:TrackPointExtension>
            <gpxtpx:hr>174</gpxtpx:hr>
          </gpxtpx:TrackPointExtension>
        </extensions>
      </trkpt>
      <trkpt lat="28.820553415318155" lon="115.87936729916866">
        <ele>38.42610554024577</ele>
        <time>1970-01-01T00:24:57.600000Z</time>
        <extensions>
          <gpxtpx:TrackPointExtension>
            <gpxtpx:hr>174</gpxtpx:hr>
          </gpxtpx:TrackPointExtension>
        </extensions>
      </trkpt>
      <trkpt lat="28.820576893308264" lon="115.87937207258399">
        <ele>38.26336162444204</ele>
        <time>1970-01-01T00:24:58.600000Z</time>
        <extensions>
          <gpxtpx:TrackPointExtension>
            <gpxtpx:hr>174</gpxtpx:hr>
          </gpxtpx:TrackPointExtension>
        </extensions>
      </trkpt>
      <trkpt lat="28.820600811487605" lon="115.87937597907252">
        <ele>38.10573707148433</ele>
        <time>1970-01-01T00:24:59.600000Z</time>
        <extensions>
          <gpxtpx:TrackPointExtension>
            <gpxtpx:hr>174</gpxtpx:hr>
          </gpxtpx:TrackPointExtension>
        </extensions>
      </trkpt>
      <trkpt lat="28.820624300471426" lon="115.87937903263645">
        <ele>37.94954351335764</ele>
        <time>1970-01-01T00:25:00.600000Z</time>
        <extensions>
          <gpxtpx:TrackPointExtension>
            <gpxtpx:hr>174</gpxtpx:hr>
          </gpxtpx:TrackPointExtension>
        </extensions>
      </trkpt>
      <trkpt lat="28.820647120060812" lon="115.87938146932972">
        <ele>37.79109957255423</ele>
        <time>1970-01-01T00:25:01.600000Z</time>
        <extensions>
          <gpxtpx:TrackPointExtension>
            <gpxtpx:hr>172</gpxtpx:hr>
          </gpxtpx:TrackPointExtension>
        </extensions>
      </trkpt>
      <trkpt lat="28.820669429925836" lon="115.8793837640105">
        <ele>37.61839286610484</ele>
        <time>1970-01-01T00:25:02.600000Z</time>
        <extensions>
          <gpxtpx:TrackPointExtension>
            <gpxtpx:hr>172</gpxtpx:hr>
          </gpxtpx:TrackPointExtension>
        </extensions>
      </trkpt>
      <trkpt lat="28.820691363447878" lon="115.87938702521899">
        <ele>37.41636569518596</ele>
        <time>1970-01-01T00:25:03.600000Z</time>
        <extensions>
          <gpxtpx:TrackPointExtension>
            <gpxtpx:hr>172</gpxtpx:hr>
          </gpxtpx:TrackPointExtension>
        </extensions>
      </trkpt>
      <trkpt lat="28.8207131764759" lon="115.87939173277888">
        <ele>37.167818390764296</ele>
        <time>1970-01-01T00:25:04.600000Z</time>
        <extensions>
          <gpxtpx:TrackPointExtension>
            <gpxtpx:hr>172</gpxtpx:hr>
          </gpxtpx:TrackPointExtension>
        </extensions>
      </trkpt>
      <trkpt lat="28.820734638279465" lon="115.87939733805412">
        <ele>36.86295216251165</ele>
        <time>1970-01-01T00:25:05.600000Z</time>
        <extensions>
          <gpxtpx:TrackPointExtension>
            <gpxtpx:hr>172</gpxtpx:hr>
          </gpxtpx:TrackPointExtension>
        </extensions>
      </trkpt>
      <trkpt lat="28.82075567952125" lon="115.87940283652162">
        <ele>36.50352506991476</ele>
        <time>1970-01-01T00:25:06.600000Z</time>
        <extensions>
          <gpxtpx:TrackPointExtension>
            <gpxtpx:hr>172</gpxtpx:hr>
          </gpxtpx:TrackPointExtension>
        </extensions>
      </trkpt>
      <trkpt lat="28.82077598850261" lon="115.87940761769448">
        <ele>36.114048168063164</ele>
        <time>1970-01-01T00:25:07.600000Z</time>
        <extensions>
          <gpxtpx:TrackPointExtension>
            <gpxtpx:hr>172</gpxtpx:hr>
          </gpxtpx:TrackPointExtension>
        </extensions>
      </trkpt>
      <trkpt lat="28.82079558771378" lon="115.87941219939403">
        <ele>35.73490136861801</ele>
        <time>1970-01-01T00:25:08.600000Z</time>
        <extensions>
          <gpxtpx:TrackPointExtension>
            <gpxtpx:hr>172</gpxtpx:hr>
          </gpxtpx:TrackPointExtension>
        </extensions>
      </trkpt>
      <trkpt lat="28.820815123875228" lon="115.87941703943454">
        <ele>35.394031529314816</ele>
        <time>1970-01-01T00:25:09.600000Z</time>
        <extensions>
          <gpxtpx:TrackPointExtension>
            <gpxtpx:hr>170</gpxtpx:hr>
          </gpxtpx:TrackPointExtension>
        </extensions>
      </trkpt>
      <trkpt lat="28.82083507864177" lon="115.87942191811548">
        <ele>35.10877864342183</ele>
        <time>1970-01-01T00:25:10.600000Z</time>
        <extensions>
          <gpxtpx:TrackPointExtension>
            <gpxtpx:hr>170</gpxtpx:hr>
          </gpxtpx:TrackPointExtension>
        </extensions>
      </trkpt>
      <trkpt lat="28.82085561798346" lon="115.8794265699403">
        <ele>34.88378575537354</ele>
        <time>1970-01-01T00:25:11.600000Z</time>
        <extensions>
          <gpxtpx:TrackPointExtension>
            <gpxtpx:hr>170</gpxtpx:hr>
          </gpxtpx:TrackPointExtension>
        </extensions>
      </trkpt>
      <trkpt lat="28.82087645859948" lon="115.87943093162542">
        <ele>34.715137522667646</ele>
        <time>1970-01-01T00:25:12.600000Z</time>
        <extensions>
          <gpxtpx:TrackPointExtension>
            <gpxtpx:hr>170</gpxtpx:hr>
          </gpxtpx:TrackPointExtension>
        </extensions>
      </trkpt>
      <trkpt lat="28.82089732313753" lon="115.87943505179479">
        <ele>34.598430062644184</ele>
        <time>1970-01-01T00:25:13.600000Z</time>
        <extensions>
          <gpxtpx:TrackPointExtension>
            <gpxtpx:hr>170</gpxtpx:hr>
          </gpxtpx:TrackPointExtension>
        </extensions>
      </trkpt>
      <trkpt lat="28.820917977573412" lon="115.87943894315256">
        <ele>34.523544452153146</ele>
        <time>1970-01-01T00:25:14.600000Z</time>
        <extensions>
          <gpxtpx:TrackPointExtension>
            <gpxtpx:hr>170</gpxtpx:hr>
          </gpxtpx:TrackPointExtension>
        </extensions>
      </trkpt>
      <trkpt lat="28.820938192821885" lon="115.87944279037774">
        <ele>34.48555456660688</ele>
        <time>1970-01-01T00:25:15.600000Z</time>
        <extensions>
          <gpxtpx:TrackPointExtension>
            <gpxtpx:hr>167</gpxtpx:hr>
          </gpxtpx:TrackPointExtension>
        </extensions>
      </trkpt>
      <trkpt lat="28.82095822216791" lon="115.87944711780229">
        <ele>34.47729720175266</ele>
        <time>1970-01-01T00:25:16.600000Z</time>
        <extensions>
          <gpxtpx:TrackPointExtension>
            <gpxtpx:hr>167</gpxtpx:hr>
          </gpxtpx:TrackPointExtension>
        </extensions>
      </trkpt>
      <trkpt lat="28.820978102902007" lon="115.8794521213688">
        <ele>34.486444312147796</ele>
        <time>1970-01-01T00:25:17.600000Z</time>
        <extensions>
          <gpxtpx:TrackPointExtension>
            <gpxtpx:hr>167</gpxtpx:hr>
          </gpxtpx:TrackPointExtension>
        </extensions>
      </trkpt>
      <trkpt lat="28.82099802305481" lon="115.8794575806347">
        <ele>34.50500017777085</ele>
        <time>1970-01-01T00:25:18.600000Z</time>
        <extensions>
          <gpxtpx:TrackPointExtension>
            <gpxtpx:hr>167</gpxtpx:hr>
          </gpxtpx:TrackPointExtension>
        </extensions>
      </trkpt>
      <trkpt lat="28.821018104950404" lon="115.87946349626274">
        <ele>34.525912213139236</ele>
        <time>1970-01-01T00:25:19.600000Z</time>
        <extensions>
          <gpxtpx:TrackPointExtension>
            <gpxtpx:hr>167</gpxtpx:hr>
          </gpxtpx:TrackPointExtension>
        </extensions>
      </trkpt>
      <trkpt lat="28.82103796137467" lon="115.8794694130946">
        <ele>34.548927520401776</ele>
        <time>1970-01-01T00:25:20.600000Z</time>
        <extensions>
          <gpxtpx:TrackPointExtension>
            <gpxtpx:hr>166</gpxtpx:hr>
          </gpxtpx:TrackPointExtension>
        </extensions>
      </trkpt>
      <trkpt lat="28.821057880868185" lon="115.87947434866341">
        <ele>34.56796925328672</ele>
        <time>1970-01-01T00:25:21.600000Z</time>
        <extensions>
          <gpxtpx:TrackPointExtension>
            <gpxtpx:hr>166</gpxtpx:hr>
          </gpxtpx:TrackPointExtension>
        </extensions>
      </trkpt>
      <trkpt lat="28.821078352904543" lon="115.87947785804926">
        <ele>34.57902283128351</ele>
        <time>1970-01-01T00:25:22.600000Z</time>
        <extensions>
          <gpxtpx:TrackPointExtension>
            <gpxtpx:hr>166</gpxtpx:hr>
          </gpxtpx:TrackPointExtension>
        </extensions>
      </trkpt>
      <trkpt lat="28.821099441681373" lon="115.87948091779175">
        <ele>34.58233156520873</ele>
        <time>1970-01-01T00:25:23.600000Z</time>
        <extensions>
          <gpxtpx:TrackPointExtension>
            <gpxtpx:hr>166</gpxtpx:hr>
          </gpxtpx:TrackPointExtension>
        </extensions>
      </trkpt>
      <trkpt lat="28.82112092081461" lon="115.87948511213666">
        <ele>34.581751162186265</ele>
        <time>1970-01-01T00:25:24.600000Z</time>
        <extensions>
          <gpxtpx:TrackPointExtension>
            <gpxtpx:hr>165</gpxtpx:hr>
          </gpxtpx:TrackPointExtension>
        </extensions>
      </trkpt>
      <trkpt lat="28.821142680374685" lon="115.87949071883337">
        <ele>34.5817637136206</ele>
        <time>1970-01-01T00:25:25.600000Z</time>
        <extensions>
          <gpxtpx:TrackPointExtension>
            <gpxtpx:hr>165</gpxtpx:hr>
          </gpxtpx:TrackPointExtension>
        </extensions>
      </trkpt>
      <trkpt lat="28.821164822775867" lon="115.87949707471478">
        <ele>34.58617806062102</ele>
        <time>1970-01-01T00:25:26.600000Z</time>
        <extensions>
          <gpxtpx:TrackPointExtension>
            <gpxtpx:hr>165</gpxtpx:hr>
          </gpxtpx:TrackPointExtension>
        </extensions>
      </trkpt>
      <trkpt lat="28.821186967959452" lon="115.87950303301572">
        <ele>34.583094210363925</ele>
        <time>1970-01-01T00:25:27.600000Z</time>
        <extensions>
          <gpxtpx:TrackPointExtension>
            <gpxtpx:hr>165</gpxtpx:hr>
          </gpxtpx:TrackPointExtension>
        </extensions>
      </trkpt>
      <trkpt lat="28.821208851919128" lon="115.87950755589411">
        <ele>34.59698508679867</ele>
        <time>1970-01-01T00:25:28.600000Z</time>
        <extensions>
          <gpxtpx:TrackPointExtension>
            <gpxtpx:hr>165</gpxtpx:hr>
          </gpxtpx:TrackPointExtension>
        </extensions>
      </trkpt>
      <trkpt lat="28.82123087366759" lon="115.87951052794924">
        <ele>34.6323552057147</ele>
        <time>1970-01-01T00:25:29.600000Z</time>
        <extensions>
          <gpxtpx:TrackPointExtension>
            <gpxtpx:hr>163</gpxtpx:hr>
          </gpxtpx:TrackPointExtension>
        </extensions>
      </trkpt>
      <trkpt lat="28.821252575853016" lon="115.87951227371752">
        <ele>34.69069227669388</ele>
        <time>1970-01-01T00:25:30.600000Z</time>
        <extensions>
          <gpxtpx:TrackPointExtension>
            <gpxtpx:hr>163</gpxtpx:hr>
          </gpxtpx:TrackPointExtension>
        </extensions>
      </trkpt>
      <trkpt lat="28.821273784696878" lon="115.8795132831863">
        <ele>34.763119985349476</ele>
        <time>1970-01-01T00:25:31.600000Z</time>
        <extensions>
          <gpxtpx:TrackPointExtension>
            <gpxtpx:hr>163</gpxtpx:hr>
          </gpxtpx:TrackPointExtension>
        </extensions>
      </trkpt>
      <trkpt lat="28.82129502184975" lon="115.87951447028745">
        <ele>34.820187595672905</ele>
        <time>1970-01-01T00:25:32.600000Z</time>
        <extensions>
          <gpxtpx:TrackPointExtension>
            <gpxtpx:hr>163</gpxtpx:hr>
          </gpxtpx:TrackPointExtension>
        </extensions>
      </trkpt>
      <trkpt lat="28.821316028897222" lon="115.87951656482413">
        <ele>34.88220552075654</ele>
        <time>1970-01-01T00:25:33.600000Z</time>
        <extensions>
          <gpxtpx:TrackPointExtension>
            <gpxtpx:hr>163</gpxtpx:hr>
          </gpxtpx:TrackPointExtension>
        </extensions>
      </trkpt>
      <trkpt lat="28.821337453108157" lon="115.87951884211134">
        <ele>34.94059226475656</ele>
        <time>1970-01-01T00:25:34.600000Z</time>
        <extensions>
          <gpxtpx:TrackPointExtension>
            <gpxtpx:hr>162</gpxtpx:hr>
          </gpxtpx:TrackPointExtension>
        </extensions>
      </trkpt>
      <trkpt lat="28.821360118473606" lon="115.8795208685576">
        <ele>34.983956372365355</ele>
        <time>1970-01-01T00:25:35.600000Z</time>
        <extensions>
          <gpxtpx:TrackPointExtension>
            <gpxtpx:hr>162</gpxtpx:hr>
          </gpxtpx:TrackPointExtension>
        </extensions>
      </trkpt>
      <trkpt lat="28.82138309154574" lon="115.87952340678855">
        <ele>35.00128932110965</ele>
        <time>1970-01-01T00:25:36.600000Z</time>
        <extensions>
          <gpxtpx:TrackPointExtension>
            <gpxtpx:hr>162</gpxtpx:hr>
          </gpxtpx:TrackPointExtension>
        </extensions>
      </trkpt>
      <trkpt lat="28.821405457106774" lon="115.87952661593775">
        <ele>34.98616832494736</ele>
        <time>1970-01-01T00:25:37.600000Z</time>
        <extensions>
          <gpxtpx:TrackPointExtension>
            <gpxtpx:hr>162</gpxtpx:hr>
          </gpxtpx:TrackPointExtension>
        </extensions>
      </trkpt>
      <trkpt lat="28.82142674243215" lon="115.87952964841202">
        <ele>34.93558402080089</ele>
        <time>1970-01-01T00:25:38.600000Z</time>
        <extensions>
          <gpxtpx:TrackPointExtension>
            <gpxtpx:hr>162</gpxtpx:hr>
          </gpxtpx:TrackPointExtension>
        </extensions>
      </trkpt>
      <trkpt lat="28.82144639165098" lon="115.8795319848156">
        <ele>34.84685503132641</ele>
        <time>1970-01-01T00:25:39.600000Z</time>
        <extensions>
          <gpxtpx:TrackPointExtension>
            <gpxtpx:hr>162</gpxtpx:hr>
          </gpxtpx:TrackPointExtension>
        </extensions>
      </trkpt>
      <trkpt lat="28.821463617168504" lon="115.87953329649127">
        <ele>34.723621129989624</ele>
        <time>1970-01-01T00:25:40.600000Z</time>
        <extensions>
          <gpxtpx:TrackPointExtension>
            <gpxtpx:hr>162</gpxtpx:hr>
          </gpxtpx:TrackPointExtension>
        </extensions>
      </trkpt>
      <trkpt lat="28.82148970596428" lon="115.8795310887178">
        <ele>34.34522973187268</ele>
        <time>1970-01-01T00:25:42.600000Z</time>
        <extensions>
          <gpxtpx:TrackPointExtension>
            <gpxtpx:hr>165</gpxtpx:hr>
          </gpxtpx:TrackPointExtension>
        </extensions>
      </trkpt>
      <trkpt lat="28.821355630289872" lon="115.87949299536155">
        <ele>44.81376787740737</ele>
        <time>1970-01-01T00:31:44.600000Z</time>
        <extensions>
          <gpxtpx:TrackPointExtension>
            <gpxtpx:hr>118</gpxtpx:hr>
          </gpxtpx:TrackPointExtension>
        </extensions>
      </trkpt>
      <trkpt lat="28.821348043247976" lon="115.87949264307014">
        <ele>44.476848364807665</ele>
        <time>1970-01-01T00:31:45.600000Z</time>
        <extensions>
          <gpxtpx:TrackPointExtension>
            <gpxtpx:hr>118</gpxtpx:hr>
          </gpxtpx:TrackPointExtension>
        </extensions>
      </trkpt>
      <trkpt lat="28.821340624937726" lon="115.87949299740052">
        <ele>44.18177138827741</ele>
        <time>1970-01-01T00:31:46.600000Z</time>
        <extensions>
          <gpxtpx:TrackPointExtension>
            <gpxtpx:hr>122</gpxtpx:hr>
          </gpxtpx:TrackPointExtension>
        </extensions>
      </trkpt>
      <trkpt lat="28.821333082814892" lon="115.87949433660435">
        <ele>43.952816939912736</ele>
        <time>1970-01-01T00:31:47.600000Z</time>
        <extensions>
          <gpxtpx:TrackPointExtension>
            <gpxtpx:hr>122</gpxtpx:hr>
          </gpxtpx:TrackPointExtension>
        </extensions>
      </trkpt>
      <trkpt lat="28.82132431965299" lon="115.87949702437349">
        <ele>43.796595436520875</ele>
        <time>1970-01-01T00:31:48.600000Z</time>
        <extensions>
          <gpxtpx:TrackPointExtension>
            <gpxtpx:hr>122</gpxtpx:hr>
          </gpxtpx:TrackPointExtension>
        </extensions>
      </trkpt>
      <trkpt lat="28.821311888334705" lon="115.87950085735608">
        <ele>43.70004315674305</ele>
        <time>1970-01-01T00:31:49.600000Z</time>
        <extensions>
          <gpxtpx:TrackPointExtension>
            <gpxtpx:hr>122</gpxtpx:hr>
          </gpxtpx:TrackPointExtension>
        </extensions>
      </trkpt>
      <trkpt lat="28.821295862894427" lon="115.87950372114305">
        <ele>43.637260580435395</ele>
        <time>1970-01-01T00:31:50.600000Z</time>
        <extensions>
          <gpxtpx:TrackPointExtension>
            <gpxtpx:hr>122</gpxtpx:hr>
          </gpxtpx:TrackPointExtension>
        </extensions>
      </trkpt>
      <trkpt lat="28.821277605700466" lon="115.87950395892693">
        <ele>43.58310411777347</ele>
        <time>1970-01-01T00:31:51.600000Z</time>
        <extensions>
          <gpxtpx:TrackPointExtension>
            <gpxtpx:hr>122</gpxtpx:hr>
          </gpxtpx:TrackPointExtension>
        </extensions>
      </trkpt>
      <trkpt lat="28.821258014037433" lon="115.8795019420532">
        <ele>43.517244800925255</ele>
        <time>1970-01-01T00:31:52.600000Z</time>
        <extensions>
          <gpxtpx:TrackPointExtension>
            <gpxtpx:hr>126</gpxtpx:hr>
          </gpxtpx:TrackPointExtension>
        </extensions>
      </trkpt>
      <trkpt lat="28.821238146228623" lon="115.87949904009872">
        <ele>43.42247528769076</ele>
        <time>1970-01-01T00:31:53.600000Z</time>
        <extensions>
          <gpxtpx:TrackPointExtension>
            <gpxtpx:hr>126</gpxtpx:hr>
          </gpxtpx:TrackPointExtension>
        </extensions>
      </trkpt>
      <trkpt lat="28.821225249864955" lon="115.87949722155375">
        <ele>43.346900715492666</ele>
        <time>1970-01-01T00:31:54.300000Z</time>
        <extensions>
          <gpxtpx:TrackPointExtension>
            <gpxtpx:hr>126</gpxtpx:hr>
          </gpxtpx:TrackPointExtension>
        </extensions>
      </trkpt>
      <trkpt lat="28.82121840739242" lon="115.87949625197743">
        <ele>43.305905973538756</ele>
        <time>1970-01-01T00:31:54.600000Z</time>
        <extensions>
          <gpxtpx:TrackPointExtension>
            <gpxtpx:hr>126</gpxtpx:hr>
          </gpxtpx:TrackPointExtension>
        </extensions>
      </trkpt>
      <trkpt lat="28.821198869588436" lon="115.87949343549303">
        <ele>43.18282055016607</ele>
        <time>1970-01-01T00:31:55.600000Z</time>
        <extensions>
          <gpxtpx:TrackPointExtension>
            <gpxtpx:hr>126</gpxtpx:hr>
          </gpxtpx:TrackPointExtension>
        </extensions>
      </trkpt>
      <trkpt lat="28.821179387824458" lon="115.8794904528264">
        <ele>43.06426774058491</ele>
        <time>1970-01-01T00:31:56.600000Z</time>
        <extensions>
          <gpxtpx:TrackPointExtension>
            <gpxtpx:hr>126</gpxtpx:hr>
          </gpxtpx:TrackPointExtension>
        </extensions>
      </trkpt>
      <trkpt lat="28.821159949978462" lon="115.87948743475506">
        <ele>42.942843079566956</ele>
        <time>1970-01-01T00:31:57.600000Z</time>
        <extensions>
          <gpxtpx:TrackPointExtension>
            <gpxtpx:hr>126</gpxtpx:hr>
          </gpxtpx:TrackPointExtension>
        </extensions>
      </trkpt>
      <trkpt lat="28.82114040326908" lon="115.87948472352403">
        <ele>42.81314871273935</ele>
        <time>1970-01-01T00:31:58.600000Z</time>
        <extensions>
          <gpxtpx:TrackPointExtension>
            <gpxtpx:hr>133</gpxtpx:hr>
          </gpxtpx:TrackPointExtension>
        </extensions>
      </trkpt>
      <trkpt lat="28.82112047880356" lon="115.87948224219843">
        <ele>42.67109047155827</ele>
        <time>1970-01-01T00:31:59.600000Z</time>
        <extensions>
          <gpxtpx:TrackPointExtension>
            <gpxtpx:hr>133</gpxtpx:hr>
          </gpxtpx:TrackPointExtension>
        </extensions>
      </trkpt>
      <trkpt lat="28.821100121753634" lon="115.87947982706656">
        <ele>42.52196283917874</ele>
        <time>1970-01-01T00:32:00.600000Z</time>
        <extensions>
          <gpxtpx:TrackPointExtension>
            <gpxtpx:hr>133</gpxtpx:hr>
          </gpxtpx:TrackPointExtension>
        </extensions>
      </trkpt>
      <trkpt lat="28.82107975975734" lon="115.87947746179539">
        <ele>42.32334687747061</ele>
        <time>1970-01-01T00:32:01.600000Z</time>
        <extensions>
          <gpxtpx:TrackPointExtension>
            <gpxtpx:hr>133</gpxtpx:hr>
          </gpxtpx:TrackPointExtension>
        </extensions>
      </trkpt>
      <trkpt lat="28.82105970810217" lon="115.87947461679136">
        <ele>42.103704798966646</ele>
        <time>1970-01-01T00:32:02.600000Z</time>
        <extensions>
          <gpxtpx:TrackPointExtension>
            <gpxtpx:hr>134</gpxtpx:hr>
          </gpxtpx:TrackPointExtension>
        </extensions>
      </trkpt>
      <trkpt lat="28.821040071154393" lon="115.87947024752586">
        <ele>41.853214824572206</ele>
        <time>1970-01-01T00:32:03.600000Z</time>
        <extensions>
          <gpxtpx:TrackPointExtension>
            <gpxtpx:hr>134</gpxtpx:hr>
          </gpxtpx:TrackPointExtension>
        </extensions>
      </trkpt>
      <trkpt lat="28.82102108486869" lon="115.87946324290257">
        <ele>41.5830350285396</ele>
        <time>1970-01-01T00:32:04.600000Z</time>
        <extensions>
          <gpxtpx:TrackPointExtension>
            <gpxtpx:hr>134</gpxtpx:hr>
          </gpxtpx:TrackPointExtension>
        </extensions>
      </trkpt>
      <trkpt lat="28.821003083028423" lon="115.87945290940678">
        <ele>41.290807398967445</ele>
        <time>1970-01-01T00:32:05.600000Z</time>
        <extensions>
          <gpxtpx:TrackPointExtension>
            <gpxtpx:hr>134</gpxtpx:hr>
          </gpxtpx:TrackPointExtension>
        </extensions>
      </trkpt>
      <trkpt lat="28.820985925671618" lon="115.87943956103413">
        <ele>40.97774743940681</ele>
        <time>1970-01-01T00:32:06.600000Z</time>
        <extensions>
          <gpxtpx:TrackPointExtension>
            <gpxtpx:hr>137</gpxtpx:hr>
          </gpxtpx:TrackPointExtension>
        </extensions>
      </trkpt>
      <trkpt lat="28.820968445172348" lon="115.87942492754581">
        <ele>40.64746942836791</ele>
        <time>1970-01-01T00:32:07.600000Z</time>
        <extensions>
          <gpxtpx:TrackPointExtension>
            <gpxtpx:hr>137</gpxtpx:hr>
          </gpxtpx:TrackPointExtension>
        </extensions>
      </trkpt>
      <trkpt lat="28.82094992749018" lon="115.8794119405099">
        <ele>40.30750209838152</ele>
        <time>1970-01-01T00:32:08.600000Z</time>
        <extensions>
          <gpxtpx:TrackPointExtension>
            <gpxtpx:hr>137</gpxtpx:hr>
          </gpxtpx:TrackPointExtension>
        </extensions>
      </trkpt>
      <trkpt lat="28.820929410858916" lon="115.87940194998089">
        <ele>39.97113477438688</ele>
        <time>1970-01-01T00:32:09.600000Z</time>
        <extensions>
          <gpxtpx:TrackPointExtension>
            <gpxtpx:hr>137</gpxtpx:hr>
          </gpxtpx:TrackPointExtension>
        </extensions>
      </trkpt>
      <trkpt lat="28.820907489245254" lon="115.8793946031489">
        <ele>39.66182788554579</ele>
        <time>1970-01-01T00:32:10.600000Z</time>
        <extensions>
          <gpxtpx:TrackPointExtension>
            <gpxtpx:hr>137</gpxtpx:hr>
          </gpxtpx:TrackPointExtension>
        </extensions>
      </trkpt>
      <trkpt lat="28.820800636130276" lon="115.87935108832772">
        <ele>38.50618786364794</ele>
        <time>1970-01-01T00:32:15.700000Z</time>
        <extensions>
          <gpxtpx:TrackPointExtension>
            <gpxtpx:hr>141</gpxtpx:hr>
          </gpxtpx:TrackPointExtension>
        </extensions>
      </trkpt>
      <trkpt lat="28.820779235259426" lon="115.87934137150117">
        <ele>38.30271518975496</ele>
        <time>1970-01-01T00:32:16.700000Z</time>
        <extensions>
          <gpxtpx:TrackPointExtension>
            <gpxtpx:hr>141</gpxtpx:hr>
          </gpxtpx:TrackPointExtension>
        </extensions>
      </trkpt>
      <trkpt lat="28.82075714780469" lon="115.87933365697151">
        <ele>38.08132614567876</ele>
        <time>1970-01-01T00:32:17.700000Z</time>
        <extensions>
          <gpxtpx:TrackPointExtension>
            <gpxtpx:hr>141</gpxtpx:hr>
          </gpxtpx:TrackPointExtension>
        </extensions>
      </trkpt>
      <trkpt lat="28.82073504715499" lon="115.87932754212525">
        <ele>37.867401987314224</ele>
        <time>1970-01-01T00:32:18.700000Z</time>
        <extensions>
          <gpxtpx:TrackPointExtension>
            <gpxtpx:hr>142</gpxtpx:hr>
          </gpxtpx:TrackPointExtension>
        </extensions>
      </trkpt>
      <trkpt lat="28.820713081992874" lon="115.87932249060319">
        <ele>37.674491536803544</ele>
        <time>1970-01-01T00:32:19.700000Z</time>
        <extensions>
          <gpxtpx:TrackPointExtension>
            <gpxtpx:hr>142</gpxtpx:hr>
          </gpxtpx:TrackPointExtension>
        </extensions>
      </trkpt>
      <trkpt lat="28.820690426332277" lon="115.8793187630539">
        <ele>37.51386821176857</ele>
        <time>1970-01-01T00:32:20.700000Z</time>
        <extensions>
          <gpxtpx:TrackPointExtension>
            <gpxtpx:hr>142</gpxtpx:hr>
          </gpxtpx:TrackPointExtension>
        </extensions>
      </trkpt>
      <trkpt lat="28.820665779720372" lon="115.8793178547643">
        <ele>37.394222075119615</ele>
        <time>1970-01-01T00:32:21.700000Z</time>
        <extensions>
          <gpxtpx:TrackPointExtension>
            <gpxtpx:hr>144</gpxtpx:hr>
          </gpxtpx:TrackPointExtension>
        </extensions>
      </trkpt>
      <trkpt lat="28.82063963451034" lon="115.87931978905686">
        <ele>37.32153319567442</ele>
        <time>1970-01-01T00:32:22.700000Z</time>
        <extensions>
          <gpxtpx:TrackPointExtension>
            <gpxtpx:hr>144</gpxtpx:hr>
          </gpxtpx:TrackPointExtension>
        </extensions>
      </trkpt>
      <trkpt lat="28.82061364010997" lon="115.87932259496476">
        <ele>37.299072845838964</ele>
        <time>1970-01-01T00:32:23.700000Z</time>
        <extensions>
          <gpxtpx:TrackPointExtension>
            <gpxtpx:hr>144</gpxtpx:hr>
          </gpxtpx:TrackPointExtension>
        </extensions>
      </trkpt>
      <trkpt lat="28.820588322742417" lon="115.8793241210145">
        <ele>37.326166902668774</ele>
        <time>1970-01-01T00:32:24.600000Z</time>
        <extensions>
          <gpxtpx:TrackPointExtension>
            <gpxtpx:hr>144</gpxtpx:hr>
          </gpxtpx:TrackPointExtension>
        </extensions>
      </trkpt>
      <trkpt lat="28.82056368244126" lon="115.87932341375338">
        <ele>37.396694221533835</ele>
        <time>1970-01-01T00:32:25.600000Z</time>
        <extensions>
          <gpxtpx:TrackPointExtension>
            <gpxtpx:hr>144</gpxtpx:hr>
          </gpxtpx:TrackPointExtension>
        </extensions>
      </trkpt>
      <trkpt lat="28.820539655287995" lon="115.87932122663062">
        <ele>37.49807102046907</ele>
        <time>1970-01-01T00:32:26.600000Z</time>
        <extensions>
          <gpxtpx:TrackPointExtension>
            <gpxtpx:hr>146</gpxtpx:hr>
          </gpxtpx:TrackPointExtension>
        </extensions>
      </trkpt>
      <trkpt lat="28.82051620099583" lon="115.87931805470878">
        <ele>37.613751656375825</ele>
        <time>1970-01-01T00:32:27.600000Z</time>
        <extensions>
          <gpxtpx:TrackPointExtension>
            <gpxtpx:hr>146</gpxtpx:hr>
          </gpxtpx:TrackPointExtension>
        </extensions>
      </trkpt>
      <trkpt lat="28.820493372441604" lon="115.87931428385599">
        <ele>37.728034934960306</ele>
        <time>1970-01-01T00:32:28.600000Z</time>
        <extensions>
          <gpxtpx:TrackPointExtension>
            <gpxtpx:hr>146</gpxtpx:hr>
          </gpxtpx:TrackPointExtension>
        </extensions>
      </trkpt>
      <trkpt lat="28.82047071387157" lon="115.87931008749722">
        <ele>37.83097646012902</ele>
        <time>1970-01-01T00:32:29.600000Z</time>
        <extensions>
          <gpxtpx:TrackPointExtension>
            <gpxtpx:hr>146</gpxtpx:hr>
          </gpxtpx:TrackPointExtension>
        </extensions>
      </trkpt>
      <trkpt lat="28.82044802665315" lon="115.87930511667282">
        <ele>37.91803433094174</ele>
        <time>1970-01-01T00:32:30.600000Z</time>
        <extensions>
          <gpxtpx:TrackPointExtension>
            <gpxtpx:hr>146</gpxtpx:hr>
          </gpxtpx:TrackPointExtension>
        </extensions>
      </trkpt>
      <trkpt lat="28.820425630448618" lon="115.87929908449148">
        <ele>37.98873650748283</ele>
        <time>1970-01-01T00:32:31.600000Z</time>
        <extensions>
          <gpxtpx:TrackPointExtension>
            <gpxtpx:hr>146</gpxtpx:hr>
          </gpxtpx:TrackPointExtension>
        </extensions>
      </trkpt>
      <trkpt lat="28.82040334074913" lon="115.87929215623">
        <ele>38.04640225786716</ele>
        <time>1970-01-01T00:32:32.600000Z</time>
        <extensions>
          <gpxtpx:TrackPointExtension>
            <gpxtpx:hr>146</gpxtpx:hr>
          </gpxtpx:TrackPointExtension>
        </extensions>
      </trkpt>
      <trkpt lat="28.8203813359127" lon="115.87928581209698">
        <ele>38.096567491069436</ele>
        <time>1970-01-01T00:32:33.600000Z</time>
        <extensions>
          <gpxtpx:TrackPointExtension>
            <gpxtpx:hr>148</gpxtpx:hr>
          </gpxtpx:TrackPointExtension>
        </extensions>
      </trkpt>
      <trkpt lat="28.820358854618924" lon="115.87928031263854">
        <ele>38.14484028890729</ele>
        <time>1970-01-01T00:32:34.600000Z</time>
        <extensions>
          <gpxtpx:TrackPointExtension>
            <gpxtpx:hr>148</gpxtpx:hr>
          </gpxtpx:TrackPointExtension>
        </extensions>
      </trkpt>
      <trkpt lat="28.82033558769395" lon="115.87927519953601">
        <ele>38.19670692645013</ele>
        <time>1970-01-01T00:32:35.600000Z</time>
        <extensions>
          <gpxtpx:TrackPointExtension>
            <gpxtpx:hr>148</gpxtpx:hr>
          </gpxtpx:TrackPointExtension>
        </extensions>
      </trkpt>
      <trkpt lat="28.820312057741575" lon="115.87927023531414">
        <ele>38.25725122727454</ele>
        <time>1970-01-01T00:32:36.600000Z</time>
        <extensions>
          <gpxtpx:TrackPointExtension>
            <gpxtpx:hr>148</gpxtpx:hr>
          </gpxtpx:TrackPointExtension>
        </extensions>
      </trkpt>
      <trkpt lat="28.820288316877207" lon="115.87926542747832">
        <ele>38.329004989005625</ele>
        <time>1970-01-01T00:32:37.600000Z</time>
        <extensions>
          <gpxtpx:TrackPointExtension>
            <gpxtpx:hr>148</gpxtpx:hr>
          </gpxtpx:TrackPointExtension>
        </extensions>
      </trkpt>
      <trkpt lat="28.820264496672422" lon="115.87926064906607">
        <ele>38.42736660782248</ele>
        <time>1970-01-01T00:32:38.600000Z</time>
        <extensions>
          <gpxtpx:TrackPointExtension>
            <gpxtpx:hr>150</gpxtpx:hr>
          </gpxtpx:TrackPointExtension>
        </extensions>
      </trkpt>
      <trkpt lat="28.820240450820048" lon="115.8792552670201">
        <ele>38.521068308502436</ele>
        <time>1970-01-01T00:32:39.600000Z</time>
        <extensions>
          <gpxtpx:TrackPointExtension>
            <gpxtpx:hr>150</gpxtpx:hr>
          </gpxtpx:TrackPointExtension>
        </extensions>
      </trkpt>
      <trkpt lat="28.82021634734175" lon="115.87924997370307">
        <ele>38.57675405591726</ele>
        <time>1970-01-01T00:32:40.600000Z</time>
        <extensions>
          <gpxtpx:TrackPointExtension>
            <gpxtpx:hr>150</gpxtpx:hr>
          </gpxtpx:TrackPointExtension>
        </extensions>
      </trkpt>
      <trkpt lat="28.8201926501549" lon="115.87924493790308">
        <ele>38.613559450022876</ele>
        <time>1970-01-01T00:32:41.600000Z</time>
        <extensions>
          <gpxtpx:TrackPointExtension>
            <gpxtpx:hr>150</gpxtpx:hr>
          </gpxtpx:TrackPointExtension>
        </extensions>
      </trkpt>
      <trkpt lat="28.82016980593025" lon="115.87924058689097">
        <ele>38.61177693028003</ele>
        <time>1970-01-01T00:32:42.600000Z</time>
        <extensions>
          <gpxtpx:TrackPointExtension>
            <gpxtpx:hr>154</gpxtpx:hr>
          </gpxtpx:TrackPointExtension>
        </extensions>
      </trkpt>
      <trkpt lat="28.820147379694692" lon="115.87923690955319">
        <ele>38.58865318167955</ele>
        <time>1970-01-01T00:32:43.600000Z</time>
        <extensions>
          <gpxtpx:TrackPointExtension>
            <gpxtpx:hr>154</gpxtpx:hr>
          </gpxtpx:TrackPointExtension>
        </extensions>
      </trkpt>
      <trkpt lat="28.82012474892136" lon="115.87923287605382">
        <ele>38.52640154771507</ele>
        <time>1970-01-01T00:32:44.600000Z</time>
        <extensions>
          <gpxtpx:TrackPointExtension>
            <gpxtpx:hr>154</gpxtpx:hr>
          </gpxtpx:TrackPointExtension>
        </extensions>
      </trkpt>
      <trkpt lat="28.820102183088785" lon="115.8792285678102">
        <ele>38.42045126762241</ele>
        <time>1970-01-01T00:32:45.600000Z</time>
        <extensions>
          <gpxtpx:TrackPointExtension>
            <gpxtpx:hr>154</gpxtpx:hr>
          </gpxtpx:TrackPointExtension>
        </extensions>
      </trkpt>
      <trkpt lat="28.8200795694083" lon="115.87922414814791">
        <ele>38.27558464650065</ele>
        <time>1970-01-01T00:32:46.600000Z</time>
        <extensions>
          <gpxtpx:TrackPointExtension>
            <gpxtpx:hr>154</gpxtpx:hr>
          </gpxtpx:TrackPointExtension>
        </extensions>
      </trkpt>
      <trkpt lat="28.820057184376886" lon="115.87921989802918">
        <ele>38.108773860149086</ele>
        <time>1970-01-01T00:32:47.600000Z</time>
        <extensions>
          <gpxtpx:TrackPointExtension>
            <gpxtpx:hr>156</gpxtpx:hr>
          </gpxtpx:TrackPointExtension>
        </extensions>
      </trkpt>
      <trkpt lat="28.820035665830687" lon="115.87921601971449">
        <ele>37.95577715151012</ele>
        <time>1970-01-01T00:32:48.600000Z</time>
        <extensions>
          <gpxtpx:TrackPointExtension>
            <gpxtpx:hr>156</gpxtpx:hr>
          </gpxtpx:TrackPointExtension>
        </extensions>
      </trkpt>
      <trkpt lat="28.820015968157414" lon="115.87921330084522">
        <ele>37.864912246353924</ele>
        <time>1970-01-01T00:32:49.600000Z</time>
        <extensions>
          <gpxtpx:TrackPointExtension>
            <gpxtpx:hr>156</gpxtpx:hr>
          </gpxtpx:TrackPointExtension>
        </extensions>
      </trkpt>
      <trkpt lat="28.819925749143586" lon="115.8792134107452">
        <ele>38.26994118373841</ele>
        <time>1970-01-01T00:32:54.700000Z</time>
        <extensions>
          <gpxtpx:TrackPointExtension>
            <gpxtpx:hr>158</gpxtpx:hr>
          </gpxtpx:TrackPointExtension>
        </extensions>
      </trkpt>
      <trkpt lat="28.819907405987337" lon="115.87921336867531">
        <ele>38.43597244657576</ele>
        <time>1970-01-01T00:32:55.700000Z</time>
        <extensions>
          <gpxtpx:TrackPointExtension>
            <gpxtpx:hr>158</gpxtpx:hr>
          </gpxtpx:TrackPointExtension>
        </extensions>
      </trkpt>
      <trkpt lat="28.819888530160384" lon="115.87921008785497">
        <ele>38.547330933623016</ele>
        <time>1970-01-01T00:32:56.700000Z</time>
        <extensions>
          <gpxtpx:TrackPointExtension>
            <gpxtpx:hr>158</gpxtpx:hr>
          </gpxtpx:TrackPointExtension>
        </extensions>
      </trkpt>
      <trkpt lat="28.819869214260656" lon="115.87920496918926">
        <ele>38.619865954853594</ele>
        <time>1970-01-01T00:32:57.700000Z</time>
        <extensions>
          <gpxtpx:TrackPointExtension>
            <gpxtpx:hr>158</gpxtpx:hr>
          </gpxtpx:TrackPointExtension>
        </extensions>
      </trkpt>
      <trkpt lat="28.819849466570457" lon="115.87919948304415">
        <ele>38.66563373245299</ele>
        <time>1970-01-01T00:32:58.700000Z</time>
        <extensions>
          <gpxtpx:TrackPointExtension>
            <gpxtpx:hr>156</gpxtpx:hr>
          </gpxtpx:TrackPointExtension>
        </extensions>
      </trkpt>
      <trkpt lat="28.819829867451773" lon="115.87919446955141">
        <ele>38.69676693994552</ele>
        <time>1970-01-01T00:32:59.700000Z</time>
        <extensions>
          <gpxtpx:TrackPointExtension>
            <gpxtpx:hr>156</gpxtpx:hr>
          </gpxtpx:TrackPointExtension>
        </extensions>
      </trkpt>
      <trkpt lat="28.819810491671063" lon="115.87918976549165">
        <ele>38.723454939201474</ele>
        <time>1970-01-01T00:33:00.700000Z</time>
        <extensions>
          <gpxtpx:TrackPointExtension>
            <gpxtpx:hr>156</gpxtpx:hr>
          </gpxtpx:TrackPointExtension>
        </extensions>
      </trkpt>
      <trkpt lat="28.81979142974779" lon="115.87918486152952">
        <ele>38.75325663294643</ele>
        <time>1970-01-01T00:33:01.700000Z</time>
        <extensions>
          <gpxtpx:TrackPointExtension>
            <gpxtpx:hr>156</gpxtpx:hr>
          </gpxtpx:TrackPointExtension>
        </extensions>
      </trkpt>
      <trkpt lat="28.81977249803849" lon="115.87918001624307">
        <ele>38.79099812079221</ele>
        <time>1970-01-01T00:33:02.700000Z</time>
        <extensions>
          <gpxtpx:TrackPointExtension>
            <gpxtpx:hr>156</gpxtpx:hr>
          </gpxtpx:TrackPointExtension>
        </extensions>
      </trkpt>
      <trkpt lat="28.819753787094996" lon="115.87917535623038">
        <ele>38.838476792909205</ele>
        <time>1970-01-01T00:33:03.700000Z</time>
        <extensions>
          <gpxtpx:TrackPointExtension>
            <gpxtpx:hr>156</gpxtpx:hr>
          </gpxtpx:TrackPointExtension>
        </extensions>
      </trkpt>
      <trkpt lat="28.819735014116922" lon="115.87917059134438">
        <ele>38.89468787424266</ele>
        <time>1970-01-01T00:33:04.700000Z</time>
        <extensions>
          <gpxtpx:TrackPointExtension>
            <gpxtpx:hr>156</gpxtpx:hr>
          </gpxtpx:TrackPointExtension>
        </extensions>
      </trkpt>
      <trkpt lat="28.819715355436166" lon="115.87916570357376">
        <ele>38.956611758098006</ele>
        <time>1970-01-01T00:33:05.700000Z</time>
        <extensions>
          <gpxtpx:TrackPointExtension>
            <gpxtpx:hr>156</gpxtpx:hr>
          </gpxtpx:TrackPointExtension>
        </extensions>
      </trkpt>
      <trkpt lat="28.819695117676055" lon="115.87916130978674">
        <ele>39.02087221480906</ele>
        <time>1970-01-01T00:33:06.700000Z</time>
        <extensions>
          <gpxtpx:TrackPointExtension>
            <gpxtpx:hr>156</gpxtpx:hr>
          </gpxtpx:TrackPointExtension>
        </extensions>
      </trkpt>
      <trkpt lat="28.819675266814247" lon="115.87915745285466">
        <ele>39.08445776440203</ele>
        <time>1970-01-01T00:33:07.700000Z</time>
        <extensions>
          <gpxtpx:TrackPointExtension>
            <gpxtpx:hr>161</gpxtpx:hr>
          </gpxtpx:TrackPointExtension>
        </extensions>
      </trkpt>
      <trkpt lat="28.819656615922334" lon="115.87915356744831">
        <ele>39.14535718690604</ele>
        <time>1970-01-01T00:33:08.700000Z</time>
        <extensions>
          <gpxtpx:TrackPointExtension>
            <gpxtpx:hr>161</gpxtpx:hr>
          </gpxtpx:TrackPointExtension>
        </extensions>
      </trkpt>
      <trkpt lat="28.819638344724304" lon="115.87914945879103">
        <ele>39.2028543446213</ele>
        <time>1970-01-01T00:33:09.700000Z</time>
        <extensions>
          <gpxtpx:TrackPointExtension>
            <gpxtpx:hr>161</gpxtpx:hr>
          </gpxtpx:TrackPointExtension>
        </extensions>
      </trkpt>
      <trkpt lat="28.81961929600902" lon="115.87914523416184">
        <ele>39.257578923366964</ele>
        <time>1970-01-01T00:33:10.700000Z</time>
        <extensions>
          <gpxtpx:TrackPointExtension>
            <gpxtpx:hr>161</gpxtpx:hr>
          </gpxtpx:TrackPointExtension>
        </extensions>
      </trkpt>
      <trkpt lat="28.81959940513897" lon="115.87914119627945">
        <ele>39.31055679637939</ele>
        <time>1970-01-01T00:33:11.700000Z</time>
        <extensions>
          <gpxtpx:TrackPointExtension>
            <gpxtpx:hr>161</gpxtpx:hr>
          </gpxtpx:TrackPointExtension>
        </extensions>
      </trkpt>
      <trkpt lat="28.81957874657219" lon="115.87913740546848">
        <ele>39.36199526395649</ele>
        <time>1970-01-01T00:33:12.700000Z</time>
        <extensions>
          <gpxtpx:TrackPointExtension>
            <gpxtpx:hr>161</gpxtpx:hr>
          </gpxtpx:TrackPointExtension>
        </extensions>
      </trkpt>
      <trkpt lat="28.819558185401355" lon="115.87913338185876">
        <ele>39.41099860146642</ele>
        <time>1970-01-01T00:33:13.700000Z</time>
        <extensions>
          <gpxtpx:TrackPointExtension>
            <gpxtpx:hr>161</gpxtpx:hr>
          </gpxtpx:TrackPointExtension>
        </extensions>
      </trkpt>
      <trkpt lat="28.81953782565032" lon="115.87912902597203">
        <ele>39.45636726450175</ele>
        <time>1970-01-01T00:33:14.700000Z</time>
        <extensions>
          <gpxtpx:TrackPointExtension>
            <gpxtpx:hr>162</gpxtpx:hr>
          </gpxtpx:TrackPointExtension>
        </extensions>
      </trkpt>
      <trkpt lat="28.81951767212277" lon="115.87912502495568">
        <ele>39.496343614533544</ele>
        <time>1970-01-01T00:33:15.700000Z</time>
        <extensions>
          <gpxtpx:TrackPointExtension>
            <gpxtpx:hr>162</gpxtpx:hr>
          </gpxtpx:TrackPointExtension>
        </extensions>
      </trkpt>
      <trkpt lat="28.819497996853222" lon="115.87912121057919">
        <ele>39.52942274976522</ele>
        <time>1970-01-01T00:33:16.700000Z</time>
        <extensions>
          <gpxtpx:TrackPointExtension>
            <gpxtpx:hr>162</gpxtpx:hr>
          </gpxtpx:TrackPointExtension>
        </extensions>
      </trkpt>
      <trkpt lat="28.81947873117208" lon="115.87911771847101">
        <ele>39.55459059309214</ele>
        <time>1970-01-01T00:33:17.700000Z</time>
        <extensions>
          <gpxtpx:TrackPointExtension>
            <gpxtpx:hr>162</gpxtpx:hr>
          </gpxtpx:TrackPointExtension>
        </extensions>
      </trkpt>
      <trkpt lat="28.819459563208977" lon="115.87911524242364">
        <ele>39.571142284199595</ele>
        <time>1970-01-01T00:33:18.700000Z</time>
        <extensions>
          <gpxtpx:TrackPointExtension>
            <gpxtpx:hr>160</gpxtpx:hr>
          </gpxtpx:TrackPointExtension>
        </extensions>
      </trkpt>
      <trkpt lat="28.81944027967279" lon="115.87911303688577">
        <ele>39.577700211666524</ele>
        <time>1970-01-01T00:33:19.700000Z</time>
        <extensions>
          <gpxtpx:TrackPointExtension>
            <gpxtpx:hr>160</gpxtpx:hr>
          </gpxtpx:TrackPointExtension>
        </extensions>
      </trkpt>
      <trkpt lat="28.819420803376417" lon="115.87911086239998">
        <ele>39.57397739775479</ele>
        <time>1970-01-01T00:33:20.700000Z</time>
        <extensions>
          <gpxtpx:TrackPointExtension>
            <gpxtpx:hr>160</gpxtpx:hr>
          </gpxtpx:TrackPointExtension>
        </extensions>
      </trkpt>
      <trkpt lat="28.819401413705396" lon="115.87910940663097">
        <ele>39.560008744709194</ele>
        <time>1970-01-01T00:33:21.700000Z</time>
        <extensions>
          <gpxtpx:TrackPointExtension>
            <gpxtpx:hr>160</gpxtpx:hr>
          </gpxtpx:TrackPointExtension>
        </extensions>
      </trkpt>
      <trkpt lat="28.819382704220406" lon="115.87910815886353">
        <ele>39.53650225326419</ele>
        <time>1970-01-01T00:33:22.700000Z</time>
        <extensions>
          <gpxtpx:TrackPointExtension>
            <gpxtpx:hr>160</gpxtpx:hr>
          </gpxtpx:TrackPointExtension>
        </extensions>
      </trkpt>
      <trkpt lat="28.819364578034303" lon="115.87910652717326">
        <ele>39.505003604106605</ele>
        <time>1970-01-01T00:33:23.700000Z</time>
        <extensions>
          <gpxtpx:TrackPointExtension>
            <gpxtpx:hr>160</gpxtpx:hr>
          </gpxtpx:TrackPointExtension>
        </extensions>
      </trkpt>
      <trkpt lat="28.81934644856227" lon="115.8791043840873">
        <ele>39.46834804583341</ele>
        <time>1970-01-01T00:33:24.700000Z</time>
        <extensions>
          <gpxtpx:TrackPointExtension>
            <gpxtpx:hr>159</gpxtpx:hr>
          </gpxtpx:TrackPointExtension>
        </extensions>
      </trkpt>
      <trkpt lat="28.819328146616783" lon="115.87910162645709">
        <ele>39.4296381464228</ele>
        <time>1970-01-01T00:33:25.700000Z</time>
        <extensions>
          <gpxtpx:TrackPointExtension>
            <gpxtpx:hr>159</gpxtpx:hr>
          </gpxtpx:TrackPointExtension>
        </extensions>
      </trkpt>
      <trkpt lat="28.819309602597546" lon="115.87909924859649">
        <ele>39.39223864302039</ele>
        <time>1970-01-01T00:33:26.700000Z</time>
        <extensions>
          <gpxtpx:TrackPointExtension>
            <gpxtpx:hr>159</gpxtpx:hr>
          </gpxtpx:TrackPointExtension>
        </extensions>
      </trkpt>
      <trkpt lat="28.819290886133153" lon="115.87909768303294">
        <ele>39.35942601598799</ele>
        <time>1970-01-01T00:33:27.700000Z</time>
        <extensions>
          <gpxtpx:TrackPointExtension>
            <gpxtpx:hr>159</gpxtpx:hr>
          </gpxtpx:TrackPointExtension>
        </extensions>
      </trkpt>
      <trkpt lat="28.819272104195463" lon="115.87909629231156">
        <ele>39.3342369357124</ele>
        <time>1970-01-01T00:33:28.700000Z</time>
        <extensions>
          <gpxtpx:TrackPointExtension>
            <gpxtpx:hr>159</gpxtpx:hr>
          </gpxtpx:TrackPointExtension>
        </extensions>
      </trkpt>
      <trkpt lat="28.81925294766048" lon="115.87909470061396">
        <ele>39.31804871093482</ele>
        <time>1970-01-01T00:33:29.700000Z</time>
        <extensions>
          <gpxtpx:TrackPointExtension>
            <gpxtpx:hr>159</gpxtpx:hr>
          </gpxtpx:TrackPointExtension>
        </extensions>
      </trkpt>
      <trkpt lat="28.819233398726837" lon="115.8790926801786">
        <ele>39.31030874233693</ele>
        <time>1970-01-01T00:33:30.700000Z</time>
        <extensions>
          <gpxtpx:TrackPointExtension>
            <gpxtpx:hr>159</gpxtpx:hr>
          </gpxtpx:TrackPointExtension>
        </extensions>
      </trkpt>
      <trkpt lat="28.81921419517028" lon="115.8790898669808">
        <ele>39.30902624875307</ele>
        <time>1970-01-01T00:33:31.700000Z</time>
        <extensions>
          <gpxtpx:TrackPointExtension>
            <gpxtpx:hr>160</gpxtpx:hr>
          </gpxtpx:TrackPointExtension>
        </extensions>
      </trkpt>
      <trkpt lat="28.819195435487472" lon="115.87908588894544">
        <ele>39.31176827289164</ele>
        <time>1970-01-01T00:33:32.700000Z</time>
        <extensions>
          <gpxtpx:TrackPointExtension>
            <gpxtpx:hr>160</gpxtpx:hr>
          </gpxtpx:TrackPointExtension>
        </extensions>
      </trkpt>
      <trkpt lat="28.819176451899338" lon="115.87908084174856">
        <ele>39.31642128992826</ele>
        <time>1970-01-01T00:33:33.700000Z</time>
        <extensions>
          <gpxtpx:TrackPointExtension>
            <gpxtpx:hr>160</gpxtpx:hr>
          </gpxtpx:TrackPointExtension>
        </extensions>
      </trkpt>
      <trkpt lat="28.819157153785888" lon="115.87907502155839">
        <ele>39.32182400021702</ele>
        <time>1970-01-01T00:33:34.700000Z</time>
        <extensions>
          <gpxtpx:TrackPointExtension>
            <gpxtpx:hr>160</gpxtpx:hr>
          </gpxtpx:TrackPointExtension>
        </extensions>
      </trkpt>
      <trkpt lat="28.819137916766184" lon="115.87906879878255">
        <ele>39.32819908950478</ele>
        <time>1970-01-01T00:33:35.700000Z</time>
        <extensions>
          <gpxtpx:TrackPointExtension>
            <gpxtpx:hr>160</gpxtpx:hr>
          </gpxtpx:TrackPointExtension>
        </extensions>
      </trkpt>
      <trkpt lat="28.819118674407722" lon="115.879063018998">
        <ele>39.33673111628741</ele>
        <time>1970-01-01T00:33:36.700000Z</time>
        <extensions>
          <gpxtpx:TrackPointExtension>
            <gpxtpx:hr>160</gpxtpx:hr>
          </gpxtpx:TrackPointExtension>
        </extensions>
      </trkpt>
      <trkpt lat="28.81909896697755" lon="115.87905795624613">
        <ele>39.34855998773128</ele>
        <time>1970-01-01T00:33:37.700000Z</time>
        <extensions>
          <gpxtpx:TrackPointExtension>
            <gpxtpx:hr>162</gpxtpx:hr>
          </gpxtpx:TrackPointExtension>
        </extensions>
      </trkpt>
      <trkpt lat="28.819079232211916" lon="115.87905281280987">
        <ele>39.364860229194164</ele>
        <time>1970-01-01T00:33:38.700000Z</time>
        <extensions>
          <gpxtpx:TrackPointExtension>
            <gpxtpx:hr>162</gpxtpx:hr>
          </gpxtpx:TrackPointExtension>
        </extensions>
      </trkpt>
      <trkpt lat="28.819060368232414" lon="115.87904663186424">
        <ele>39.38650220353156</ele>
        <time>1970-01-01T00:33:39.700000Z</time>
        <extensions>
          <gpxtpx:TrackPointExtension>
            <gpxtpx:hr>162</gpxtpx:hr>
          </gpxtpx:TrackPointExtension>
        </extensions>
      </trkpt>
      <trkpt lat="28.81904193623803" lon="115.87903930551376">
        <ele>39.413751566782594</ele>
        <time>1970-01-01T00:33:40.700000Z</time>
        <extensions>
          <gpxtpx:TrackPointExtension>
            <gpxtpx:hr>162</gpxtpx:hr>
          </gpxtpx:TrackPointExtension>
        </extensions>
      </trkpt>
      <trkpt lat="28.819022978624023" lon="115.87903167588205">
        <ele>39.44630610663444</ele>
        <time>1970-01-01T00:33:41.700000Z</time>
        <extensions>
          <gpxtpx:TrackPointExtension>
            <gpxtpx:hr>162</gpxtpx:hr>
          </gpxtpx:TrackPointExtension>
        </extensions>
      </trkpt>
      <trkpt lat="28.819003182552635" lon="115.8790246256729">
        <ele>39.48414233699441</ele>
        <time>1970-01-01T00:33:42.700000Z</time>
        <extensions>
          <gpxtpx:TrackPointExtension>
            <gpxtpx:hr>162</gpxtpx:hr>
          </gpxtpx:TrackPointExtension>
        </extensions>
      </trkpt>
      <trkpt lat="28.818983012192135" lon="115.87901876675835">
        <ele>39.52656927425414</ele>
        <time>1970-01-01T00:33:43.700000Z</time>
        <extensions>
          <gpxtpx:TrackPointExtension>
            <gpxtpx:hr>162</gpxtpx:hr>
          </gpxtpx:TrackPointExtension>
        </extensions>
      </trkpt>
      <trkpt lat="28.81896272518478" lon="115.87901431342456">
        <ele>39.572782847099006</ele>
        <time>1970-01-01T00:33:44.700000Z</time>
        <extensions>
          <gpxtpx:TrackPointExtension>
            <gpxtpx:hr>159</gpxtpx:hr>
          </gpxtpx:TrackPointExtension>
        </extensions>
      </trkpt>
      <trkpt lat="28.81894222977346" lon="115.87901076959584">
        <ele>39.62156438268721</ele>
        <time>1970-01-01T00:33:45.700000Z</time>
        <extensions>
          <gpxtpx:TrackPointExtension>
            <gpxtpx:hr>159</gpxtpx:hr>
          </gpxtpx:TrackPointExtension>
        </extensions>
      </trkpt>
      <trkpt lat="28.818920932061314" lon="115.87900758489297">
        <ele>39.67100807931274</ele>
        <time>1970-01-01T00:33:46.700000Z</time>
        <extensions>
          <gpxtpx:TrackPointExtension>
            <gpxtpx:hr>159</gpxtpx:hr>
          </gpxtpx:TrackPointExtension>
        </extensions>
      </trkpt>
      <trkpt lat="28.818898436297076" lon="115.87900442348902">
        <ele>39.718448975123465</ele>
        <time>1970-01-01T00:33:47.700000Z</time>
        <extensions>
          <gpxtpx:TrackPointExtension>
            <gpxtpx:hr>159</gpxtpx:hr>
          </gpxtpx:TrackPointExtension>
        </extensions>
      </trkpt>
      <trkpt lat="28.818875581924985" lon="115.87900086945174">
        <ele>39.76080361008644</ele>
        <time>1970-01-01T00:33:48.700000Z</time>
        <extensions>
          <gpxtpx:TrackPointExtension>
            <gpxtpx:hr>159</gpxtpx:hr>
          </gpxtpx:TrackPointExtension>
        </extensions>
      </trkpt>
      <trkpt lat="28.818852894248984" lon="115.87899683032256">
        <ele>39.79493671748787</ele>
        <time>1970-01-01T00:33:49.700000Z</time>
        <extensions>
          <gpxtpx:TrackPointExtension>
            <gpxtpx:hr>159</gpxtpx:hr>
          </gpxtpx:TrackPointExtension>
        </extensions>
      </trkpt>
      <trkpt lat="28.818831330282467" lon="115.8789926384129">
        <ele>39.81836985889822</ele>
        <time>1970-01-01T00:33:50.700000Z</time>
        <extensions>
          <gpxtpx:TrackPointExtension>
            <gpxtpx:hr>159</gpxtpx:hr>
          </gpxtpx:TrackPointExtension>
        </extensions>
      </trkpt>
      <trkpt lat="28.81881104874608" lon="115.87898842703007">
        <ele>39.82981941662729</ele>
        <time>1970-01-01T00:33:51.700000Z</time>
        <extensions>
          <gpxtpx:TrackPointExtension>
            <gpxtpx:hr>159</gpxtpx:hr>
          </gpxtpx:TrackPointExtension>
        </extensions>
      </trkpt>
      <trkpt lat="28.81879152864284" lon="115.87898422361987">
        <ele>39.82906190864742</ele>
        <time>1970-01-01T00:33:52.700000Z</time>
        <extensions>
          <gpxtpx:TrackPointExtension>
            <gpxtpx:hr>163</gpxtpx:hr>
          </gpxtpx:TrackPointExtension>
        </extensions>
      </trkpt>
      <trkpt lat="28.818771928943246" lon="115.87898015090697">
        <ele>39.817351000383496</ele>
        <time>1970-01-01T00:33:53.700000Z</time>
        <extensions>
          <gpxtpx:TrackPointExtension>
            <gpxtpx:hr>163</gpxtpx:hr>
          </gpxtpx:TrackPointExtension>
        </extensions>
      </trkpt>
      <trkpt lat="28.8187517627115" lon="115.87897648445067">
        <ele>39.79696006421</ele>
        <time>1970-01-01T00:33:54.700000Z</time>
        <extensions>
          <gpxtpx:TrackPointExtension>
            <gpxtpx:hr>163</gpxtpx:hr>
          </gpxtpx:TrackPointExtension>
        </extensions>
      </trkpt>
      <trkpt lat="28.818730872870443" lon="115.87897348833734">
        <ele>39.77071612421423</ele>
        <time>1970-01-01T00:33:55.700000Z</time>
        <extensions>
          <gpxtpx:TrackPointExtension>
            <gpxtpx:hr>163</gpxtpx:hr>
          </gpxtpx:TrackPointExtension>
        </extensions>
      </trkpt>
      <trkpt lat="28.818709205782753" lon="115.87897088941111">
        <ele>39.741541034542024</ele>
        <time>1970-01-01T00:33:56.700000Z</time>
        <extensions>
          <gpxtpx:TrackPointExtension>
            <gpxtpx:hr>163</gpxtpx:hr>
          </gpxtpx:TrackPointExtension>
        </extensions>
      </trkpt>
      <trkpt lat="28.818686904224787" lon="115.8789680664388">
        <ele>39.71244796924293</ele>
        <time>1970-01-01T00:33:57.700000Z</time>
        <extensions>
          <gpxtpx:TrackPointExtension>
            <gpxtpx:hr>163</gpxtpx:hr>
          </gpxtpx:TrackPointExtension>
        </extensions>
      </trkpt>
      <trkpt lat="28.818664412433066" lon="115.87896482646093">
        <ele>39.68557412736118</ele>
        <time>1970-01-01T00:33:58.700000Z</time>
        <extensions>
          <gpxtpx:TrackPointExtension>
            <gpxtpx:hr>162</gpxtpx:hr>
          </gpxtpx:TrackPointExtension>
        </extensions>
      </trkpt>
      <trkpt lat="28.818642559333426" lon="115.8789619257891">
        <ele>39.66218972671777</ele>
        <time>1970-01-01T00:33:59.700000Z</time>
        <extensions>
          <gpxtpx:TrackPointExtension>
            <gpxtpx:hr>162</gpxtpx:hr>
          </gpxtpx:TrackPointExtension>
        </extensions>
      </trkpt>
      <trkpt lat="28.81862158965316" lon="115.87895966188003">
        <ele>39.64279809035361</ele>
        <time>1970-01-01T00:34:00.700000Z</time>
        <extensions>
          <gpxtpx:TrackPointExtension>
            <gpxtpx:hr>162</gpxtpx:hr>
          </gpxtpx:TrackPointExtension>
        </extensions>
      </trkpt>
      <trkpt lat="28.818601121892165" lon="115.87895755639164">
        <ele>39.627191903069615</ele>
        <time>1970-01-01T00:34:01.700000Z</time>
        <extensions>
          <gpxtpx:TrackPointExtension>
            <gpxtpx:hr>162</gpxtpx:hr>
          </gpxtpx:TrackPointExtension>
        </extensions>
      </trkpt>
      <trkpt lat="28.81858043594026" lon="115.87895550570448">
        <ele>39.614113927818835</ele>
        <time>1970-01-01T00:34:02.700000Z</time>
        <extensions>
          <gpxtpx:TrackPointExtension>
            <gpxtpx:hr>162</gpxtpx:hr>
          </gpxtpx:TrackPointExtension>
        </extensions>
      </trkpt>
      <trkpt lat="28.818559325609467" lon="115.8789537154014">
        <ele>39.6019280962646</ele>
        <time>1970-01-01T00:34:03.700000Z</time>
        <extensions>
          <gpxtpx:TrackPointExtension>
            <gpxtpx:hr>157</gpxtpx:hr>
          </gpxtpx:TrackPointExtension>
        </extensions>
      </trkpt>
      <trkpt lat="28.818538035386915" lon="115.87895183279758">
        <ele>39.58893155679107</ele>
        <time>1970-01-01T00:34:04.700000Z</time>
        <extensions>
          <gpxtpx:TrackPointExtension>
            <gpxtpx:hr>157</gpxtpx:hr>
          </gpxtpx:TrackPointExtension>
        </extensions>
      </trkpt>
      <trkpt lat="28.81851674433404" lon="115.87894920665221">
        <ele>39.57328640110791</ele>
        <time>1970-01-01T00:34:05.700000Z</time>
        <extensions>
          <gpxtpx:TrackPointExtension>
            <gpxtpx:hr>157</gpxtpx:hr>
          </gpxtpx:TrackPointExtension>
        </extensions>
      </trkpt>
      <trkpt lat="28.818495566400593" lon="115.87894558844356">
        <ele>39.554281015880406</ele>
        <time>1970-01-01T00:34:06.700000Z</time>
        <extensions>
          <gpxtpx:TrackPointExtension>
            <gpxtpx:hr>157</gpxtpx:hr>
          </gpxtpx:TrackPointExtension>
        </extensions>
      </trkpt>
      <trkpt lat="28.818474445740385" lon="115.87894119557802">
        <ele>39.532162187621</ele>
        <time>1970-01-01T00:34:07.700000Z</time>
        <extensions>
          <gpxtpx:TrackPointExtension>
            <gpxtpx:hr>157</gpxtpx:hr>
          </gpxtpx:TrackPointExtension>
        </extensions>
      </trkpt>
      <trkpt lat="28.818453452368768" lon="115.87893660403712">
        <ele>39.50859047006816</ele>
        <time>1970-01-01T00:34:08.700000Z</time>
        <extensions>
          <gpxtpx:TrackPointExtension>
            <gpxtpx:hr>157</gpxtpx:hr>
          </gpxtpx:TrackPointExtension>
        </extensions>
      </trkpt>
      <trkpt lat="28.818432462279517" lon="115.87893225199305">
        <ele>39.4865312371403</ele>
        <time>1970-01-01T00:34:09.700000Z</time>
        <extensions>
          <gpxtpx:TrackPointExtension>
            <gpxtpx:hr>157</gpxtpx:hr>
          </gpxtpx:TrackPointExtension>
        </extensions>
      </trkpt>
      <trkpt lat="28.818411428395105" lon="115.87892849072098">
        <ele>39.469287627376616</ele>
        <time>1970-01-01T00:34:10.700000Z</time>
        <extensions>
          <gpxtpx:TrackPointExtension>
            <gpxtpx:hr>157</gpxtpx:hr>
          </gpxtpx:TrackPointExtension>
        </extensions>
      </trkpt>
      <trkpt lat="28.8183900802321" lon="115.87892526760203">
        <ele>39.46082331892103</ele>
        <time>1970-01-01T00:34:11.700000Z</time>
        <extensions>
          <gpxtpx:TrackPointExtension>
            <gpxtpx:hr>157</gpxtpx:hr>
          </gpxtpx:TrackPointExtension>
        </extensions>
      </trkpt>
      <trkpt lat="28.81836852135199" lon="115.87892184931127">
        <ele>39.464914980344474</ele>
        <time>1970-01-01T00:34:12.700000Z</time>
        <extensions>
          <gpxtpx:TrackPointExtension>
            <gpxtpx:hr>159</gpxtpx:hr>
          </gpxtpx:TrackPointExtension>
        </extensions>
      </trkpt>
      <trkpt lat="28.818347432744776" lon="115.8789181678495">
        <ele>39.484212591312826</ele>
        <time>1970-01-01T00:34:13.700000Z</time>
        <extensions>
          <gpxtpx:TrackPointExtension>
            <gpxtpx:hr>159</gpxtpx:hr>
          </gpxtpx:TrackPointExtension>
        </extensions>
      </trkpt>
      <trkpt lat="28.818326799530844" lon="115.8789147227763">
        <ele>39.51949676498771</ele>
        <time>1970-01-01T00:34:14.700000Z</time>
        <extensions>
          <gpxtpx:TrackPointExtension>
            <gpxtpx:hr>159</gpxtpx:hr>
          </gpxtpx:TrackPointExtension>
        </extensions>
      </trkpt>
      <trkpt lat="28.818306397613327" lon="115.87891169014277">
        <ele>39.57081167306751</ele>
        <time>1970-01-01T00:34:15.700000Z</time>
        <extensions>
          <gpxtpx:TrackPointExtension>
            <gpxtpx:hr>159</gpxtpx:hr>
          </gpxtpx:TrackPointExtension>
        </extensions>
      </trkpt>
      <trkpt lat="28.81828582536466" lon="115.8789092082632">
        <ele>39.63649181369692</ele>
        <time>1970-01-01T00:34:16.700000Z</time>
        <extensions>
          <gpxtpx:TrackPointExtension>
            <gpxtpx:hr>159</gpxtpx:hr>
          </gpxtpx:TrackPointExtension>
        </extensions>
      </trkpt>
      <trkpt lat="28.81826471119331" lon="115.87890734136329">
        <ele>39.713859125971794</ele>
        <time>1970-01-01T00:34:17.700000Z</time>
        <extensions>
          <gpxtpx:TrackPointExtension>
            <gpxtpx:hr>159</gpxtpx:hr>
          </gpxtpx:TrackPointExtension>
        </extensions>
      </trkpt>
      <trkpt lat="28.818242686352594" lon="115.87890564504738">
        <ele>39.79947257693857</ele>
        <time>1970-01-01T00:34:18.700000Z</time>
        <extensions>
          <gpxtpx:TrackPointExtension>
            <gpxtpx:hr>159</gpxtpx:hr>
          </gpxtpx:TrackPointExtension>
        </extensions>
      </trkpt>
      <trkpt lat="28.81821985998607" lon="115.87890363689779">
        <ele>39.88922998029739</ele>
        <time>1970-01-01T00:34:19.700000Z</time>
        <extensions>
          <gpxtpx:TrackPointExtension>
            <gpxtpx:hr>159</gpxtpx:hr>
          </gpxtpx:TrackPointExtension>
        </extensions>
      </trkpt>
      <trkpt lat="28.818196775150895" lon="115.87890121589307">
        <ele>39.978200467303395</ele>
        <time>1970-01-01T00:34:20.700000Z</time>
        <extensions>
          <gpxtpx:TrackPointExtension>
            <gpxtpx:hr>159</gpxtpx:hr>
          </gpxtpx:TrackPointExtension>
        </extensions>
      </trkpt>
      <trkpt lat="28.818173754391694" lon="115.878898422286">
        <ele>40.06115044653416</ele>
        <time>1970-01-01T00:34:21.700000Z</time>
        <extensions>
          <gpxtpx:TrackPointExtension>
            <gpxtpx:hr>159</gpxtpx:hr>
          </gpxtpx:TrackPointExtension>
        </extensions>
      </trkpt>
      <trkpt lat="28.81815081088739" lon="115.87889529712399">
        <ele>40.13320207875222</ele>
        <time>1970-01-01T00:34:22.700000Z</time>
        <extensions>
          <gpxtpx:TrackPointExtension>
            <gpxtpx:hr>159</gpxtpx:hr>
          </gpxtpx:TrackPointExtension>
        </extensions>
      </trkpt>
      <trkpt lat="28.818128048172394" lon="115.87889209092654">
        <ele>40.19083280302584</ele>
        <time>1970-01-01T00:34:23.700000Z</time>
        <extensions>
          <gpxtpx:TrackPointExtension>
            <gpxtpx:hr>159</gpxtpx:hr>
          </gpxtpx:TrackPointExtension>
        </extensions>
      </trkpt>
      <trkpt lat="28.8181059738977" lon="115.87888943446137">
        <ele>40.23315607290715</ele>
        <time>1970-01-01T00:34:24.700000Z</time>
        <extensions>
          <gpxtpx:TrackPointExtension>
            <gpxtpx:hr>159</gpxtpx:hr>
          </gpxtpx:TrackPointExtension>
        </extensions>
      </trkpt>
      <trkpt lat="28.818085006585882" lon="115.87888721624324">
        <ele>40.261179394088686</ele>
        <time>1970-01-01T00:34:25.700000Z</time>
        <extensions>
          <gpxtpx:TrackPointExtension>
            <gpxtpx:hr>159</gpxtpx:hr>
          </gpxtpx:TrackPointExtension>
        </extensions>
      </trkpt>
      <trkpt lat="28.818064424036276" lon="115.8788850554669">
        <ele>40.27778847236186</ele>
        <time>1970-01-01T00:34:26.700000Z</time>
        <extensions>
          <gpxtpx:TrackPointExtension>
            <gpxtpx:hr>159</gpxtpx:hr>
          </gpxtpx:TrackPointExtension>
        </extensions>
      </trkpt>
      <trkpt lat="28.818043519146237" lon="115.87888283333834">
        <ele>40.28713385388255</ele>
        <time>1970-01-01T00:34:27.700000Z</time>
        <extensions>
          <gpxtpx:TrackPointExtension>
            <gpxtpx:hr>159</gpxtpx:hr>
          </gpxtpx:TrackPointExtension>
        </extensions>
      </trkpt>
      <trkpt lat="28.818022833072263" lon="115.87888021023716">
        <ele>40.29395996313542</ele>
        <time>1970-01-01T00:34:28.700000Z</time>
        <extensions>
          <gpxtpx:TrackPointExtension>
            <gpxtpx:hr>159</gpxtpx:hr>
          </gpxtpx:TrackPointExtension>
        </extensions>
      </trkpt>
      <trkpt lat="28.818002989342652" lon="115.87887723785963">
        <ele>40.30227166414261</ele>
        <time>1970-01-01T00:34:29.700000Z</time>
        <extensions>
          <gpxtpx:TrackPointExtension>
            <gpxtpx:hr>159</gpxtpx:hr>
          </gpxtpx:TrackPointExtension>
        </extensions>
      </trkpt>
      <trkpt lat="28.817983847545477" lon="115.87887369460924">
        <ele>40.31557491887361</ele>
        <time>1970-01-01T00:34:30.700000Z</time>
        <extensions>
          <gpxtpx:TrackPointExtension>
            <gpxtpx:hr>159</gpxtpx:hr>
          </gpxtpx:TrackPointExtension>
        </extensions>
      </trkpt>
      <trkpt lat="28.81796476173793" lon="115.87886919722287">
        <ele>40.33651162683964</ele>
        <time>1970-01-01T00:34:31.700000Z</time>
        <extensions>
          <gpxtpx:TrackPointExtension>
            <gpxtpx:hr>159</gpxtpx:hr>
          </gpxtpx:TrackPointExtension>
        </extensions>
      </trkpt>
      <trkpt lat="28.81794550072652" lon="115.87886333703851">
        <ele>40.3666212791577</ele>
        <time>1970-01-01T00:34:32.700000Z</time>
        <extensions>
          <gpxtpx:TrackPointExtension>
            <gpxtpx:hr>159</gpxtpx:hr>
          </gpxtpx:TrackPointExtension>
        </extensions>
      </trkpt>
      <trkpt lat="28.81792623010652" lon="115.87885660388523">
        <ele>40.406657468527555</ele>
        <time>1970-01-01T00:34:33.700000Z</time>
        <extensions>
          <gpxtpx:TrackPointExtension>
            <gpxtpx:hr>159</gpxtpx:hr>
          </gpxtpx:TrackPointExtension>
        </extensions>
      </trkpt>
      <trkpt lat="28.817907003947013" lon="115.87885006053344">
        <ele>40.45452918857336</ele>
        <time>1970-01-01T00:34:34.700000Z</time>
        <extensions>
          <gpxtpx:TrackPointExtension>
            <gpxtpx:hr>159</gpxtpx:hr>
          </gpxtpx:TrackPointExtension>
        </extensions>
      </trkpt>
      <trkpt lat="28.817887887488197" lon="115.87884457067321">
        <ele>40.50702261645347</ele>
        <time>1970-01-01T00:34:35.700000Z</time>
        <extensions>
          <gpxtpx:TrackPointExtension>
            <gpxtpx:hr>159</gpxtpx:hr>
          </gpxtpx:TrackPointExtension>
        </extensions>
      </trkpt>
      <trkpt lat="28.817868768542116" lon="115.87883985136996">
        <ele>40.560040671378374</ele>
        <time>1970-01-01T00:34:36.700000Z</time>
        <extensions>
          <gpxtpx:TrackPointExtension>
            <gpxtpx:hr>159</gpxtpx:hr>
          </gpxtpx:TrackPointExtension>
        </extensions>
      </trkpt>
      <trkpt lat="28.817849421984512" lon="115.87883528332273">
        <ele>40.60899600107223</ele>
        <time>1970-01-01T00:34:37.700000Z</time>
        <extensions>
          <gpxtpx:TrackPointExtension>
            <gpxtpx:hr>159</gpxtpx:hr>
          </gpxtpx:TrackPointExtension>
        </extensions>
      </trkpt>
      <trkpt lat="28.817830058919032" lon="115.87883099309992">
        <ele>40.64935609232634</ele>
        <time>1970-01-01T00:34:38.700000Z</time>
        <extensions>
          <gpxtpx:TrackPointExtension>
            <gpxtpx:hr>159</gpxtpx:hr>
          </gpxtpx:TrackPointExtension>
        </extensions>
      </trkpt>
      <trkpt lat="28.817810792362398" lon="115.87882667608321">
        <ele>40.677697447128594</ele>
        <time>1970-01-01T00:34:39.700000Z</time>
        <extensions>
          <gpxtpx:TrackPointExtension>
            <gpxtpx:hr>158</gpxtpx:hr>
          </gpxtpx:TrackPointExtension>
        </extensions>
      </trkpt>
      <trkpt lat="28.81779159916847" lon="115.87882200263552">
        <ele>40.69096752163023</ele>
        <time>1970-01-01T00:34:40.700000Z</time>
        <extensions>
          <gpxtpx:TrackPointExtension>
            <gpxtpx:hr>158</gpxtpx:hr>
          </gpxtpx:TrackPointExtension>
        </extensions>
      </trkpt>
      <trkpt lat="28.81777199003538" lon="115.87881731569247">
        <ele>40.686802609823644</ele>
        <time>1970-01-01T00:34:41.700000Z</time>
        <extensions>
          <gpxtpx:TrackPointExtension>
            <gpxtpx:hr>158</gpxtpx:hr>
          </gpxtpx:TrackPointExtension>
        </extensions>
      </trkpt>
      <trkpt lat="28.817751739899155" lon="115.87881289276173">
        <ele>40.66451118886471</ele>
        <time>1970-01-01T00:34:42.700000Z</time>
        <extensions>
          <gpxtpx:TrackPointExtension>
            <gpxtpx:hr>158</gpxtpx:hr>
          </gpxtpx:TrackPointExtension>
        </extensions>
      </trkpt>
      <trkpt lat="28.817731331483763" lon="115.87880865241416">
        <ele>40.62497111596167</ele>
        <time>1970-01-01T00:34:43.700000Z</time>
        <extensions>
          <gpxtpx:TrackPointExtension>
            <gpxtpx:hr>158</gpxtpx:hr>
          </gpxtpx:TrackPointExtension>
        </extensions>
      </trkpt>
      <trkpt lat="28.817710686815772" lon="115.8788046640389">
        <ele>40.5711364839226</ele>
        <time>1970-01-01T00:34:44.700000Z</time>
        <extensions>
          <gpxtpx:TrackPointExtension>
            <gpxtpx:hr>158</gpxtpx:hr>
          </gpxtpx:TrackPointExtension>
        </extensions>
      </trkpt>
      <trkpt lat="28.81769017201844" lon="115.87880087569293">
        <ele>40.508070297539234</ele>
        <time>1970-01-01T00:34:45.700000Z</time>
        <extensions>
          <gpxtpx:TrackPointExtension>
            <gpxtpx:hr>158</gpxtpx:hr>
          </gpxtpx:TrackPointExtension>
        </extensions>
      </trkpt>
      <trkpt lat="28.817669688015258" lon="115.87879703263303">
        <ele>40.441875364631414</ele>
        <time>1970-01-01T00:34:46.700000Z</time>
        <extensions>
          <gpxtpx:TrackPointExtension>
            <gpxtpx:hr>158</gpxtpx:hr>
          </gpxtpx:TrackPointExtension>
        </extensions>
      </trkpt>
      <trkpt lat="28.817648672393453" lon="115.87879295473462">
        <ele>40.37677468638867</ele>
        <time>1970-01-01T00:34:47.700000Z</time>
        <extensions>
          <gpxtpx:TrackPointExtension>
            <gpxtpx:hr>158</gpxtpx:hr>
          </gpxtpx:TrackPointExtension>
        </extensions>
      </trkpt>
      <trkpt lat="28.81762762913516" lon="115.87878835833038">
        <ele>40.31618437357247</ele>
        <time>1970-01-01T00:34:48.700000Z</time>
        <extensions>
          <gpxtpx:TrackPointExtension>
            <gpxtpx:hr>158</gpxtpx:hr>
          </gpxtpx:TrackPointExtension>
        </extensions>
      </trkpt>
      <trkpt lat="28.817607071826384" lon="115.87878342267629">
        <ele>40.26197234913707</ele>
        <time>1970-01-01T00:34:49.700000Z</time>
        <extensions>
          <gpxtpx:TrackPointExtension>
            <gpxtpx:hr>158</gpxtpx:hr>
          </gpxtpx:TrackPointExtension>
        </extensions>
      </trkpt>
      <trkpt lat="28.817587115725456" lon="115.87877907896961">
        <ele>40.21337922569364</ele>
        <time>1970-01-01T00:34:50.700000Z</time>
        <extensions>
          <gpxtpx:TrackPointExtension>
            <gpxtpx:hr>158</gpxtpx:hr>
          </gpxtpx:TrackPointExtension>
        </extensions>
      </trkpt>
      <trkpt lat="28.817567019038915" lon="115.87877525508698">
        <ele>40.166335937567055</ele>
        <time>1970-01-01T00:34:51.700000Z</time>
        <extensions>
          <gpxtpx:TrackPointExtension>
            <gpxtpx:hr>158</gpxtpx:hr>
          </gpxtpx:TrackPointExtension>
        </extensions>
      </trkpt>
      <trkpt lat="28.81754640611456" lon="115.87877078736699">
        <ele>40.1176592707634</ele>
        <time>1970-01-01T00:34:52.700000Z</time>
        <extensions>
          <gpxtpx:TrackPointExtension>
            <gpxtpx:hr>158</gpxtpx:hr>
          </gpxtpx:TrackPointExtension>
        </extensions>
      </trkpt>
      <trkpt lat="28.81752594854439" lon="115.87876498880692">
        <ele>40.06270069722086</ele>
        <time>1970-01-01T00:34:53.700000Z</time>
        <extensions>
          <gpxtpx:TrackPointExtension>
            <gpxtpx:hr>158</gpxtpx:hr>
          </gpxtpx:TrackPointExtension>
        </extensions>
      </trkpt>
      <trkpt lat="28.81750596835055" lon="115.87875878073383">
        <ele>39.998019836843014</ele>
        <time>1970-01-01T00:34:54.700000Z</time>
        <extensions>
          <gpxtpx:TrackPointExtension>
            <gpxtpx:hr>158</gpxtpx:hr>
          </gpxtpx:TrackPointExtension>
        </extensions>
      </trkpt>
      <trkpt lat="28.81748638941472" lon="115.87875335941318">
        <ele>39.923253641463816</ele>
        <time>1970-01-01T00:34:55.700000Z</time>
        <extensions>
          <gpxtpx:TrackPointExtension>
            <gpxtpx:hr>158</gpxtpx:hr>
          </gpxtpx:TrackPointExtension>
        </extensions>
      </trkpt>
      <trkpt lat="28.817467231937453" lon="115.87874832759793">
        <ele>39.843462471850216</ele>
        <time>1970-01-01T00:34:56.700000Z</time>
        <extensions>
          <gpxtpx:TrackPointExtension>
            <gpxtpx:hr>158</gpxtpx:hr>
          </gpxtpx:TrackPointExtension>
        </extensions>
      </trkpt>
      <trkpt lat="28.817448319132264" lon="115.87874296276836">
        <ele>39.764993959106505</ele>
        <time>1970-01-01T00:34:57.700000Z</time>
        <extensions>
          <gpxtpx:TrackPointExtension>
            <gpxtpx:hr>158</gpxtpx:hr>
          </gpxtpx:TrackPointExtension>
        </extensions>
      </trkpt>
      <trkpt lat="28.817429413574047" lon="115.87873740760328">
        <ele>39.69701959658414</ele>
        <time>1970-01-01T00:34:58.700000Z</time>
        <extensions>
          <gpxtpx:TrackPointExtension>
            <gpxtpx:hr>158</gpxtpx:hr>
          </gpxtpx:TrackPointExtension>
        </extensions>
      </trkpt>
      <trkpt lat="28.817410616788077" lon="115.87873200519964">
        <ele>39.64913343265653</ele>
        <time>1970-01-01T00:34:59.700000Z</time>
        <extensions>
          <gpxtpx:TrackPointExtension>
            <gpxtpx:hr>158</gpxtpx:hr>
          </gpxtpx:TrackPointExtension>
        </extensions>
      </trkpt>
      <trkpt lat="28.817392239086885" lon="115.87872668871705">
        <ele>39.62874823436141</ele>
        <time>1970-01-01T00:35:00.700000Z</time>
        <extensions>
          <gpxtpx:TrackPointExtension>
            <gpxtpx:hr>158</gpxtpx:hr>
          </gpxtpx:TrackPointExtension>
        </extensions>
      </trkpt>
      <trkpt lat="28.817373235710036" lon="115.87872157213336">
        <ele>39.638091960921884</ele>
        <time>1970-01-01T00:35:01.700000Z</time>
        <extensions>
          <gpxtpx:TrackPointExtension>
            <gpxtpx:hr>158</gpxtpx:hr>
          </gpxtpx:TrackPointExtension>
        </extensions>
      </trkpt>
      <trkpt lat="28.81735319561693" lon="115.87871671669382">
        <ele>39.67344943806529</ele>
        <time>1970-01-01T00:35:02.700000Z</time>
        <extensions>
          <gpxtpx:TrackPointExtension>
            <gpxtpx:hr>158</gpxtpx:hr>
          </gpxtpx:TrackPointExtension>
        </extensions>
      </trkpt>
      <trkpt lat="28.81733256468087" lon="115.878711853085">
        <ele>39.726220891810954</ele>
        <time>1970-01-01T00:35:03.700000Z</time>
        <extensions>
          <gpxtpx:TrackPointExtension>
            <gpxtpx:hr>157</gpxtpx:hr>
          </gpxtpx:TrackPointExtension>
        </extensions>
      </trkpt>
      <trkpt lat="28.817311687071935" lon="115.87870668350233">
        <ele>39.78494394104928</ele>
        <time>1970-01-01T00:35:04.700000Z</time>
        <extensions>
          <gpxtpx:TrackPointExtension>
            <gpxtpx:hr>157</gpxtpx:hr>
          </gpxtpx:TrackPointExtension>
        </extensions>
      </trkpt>
      <trkpt lat="28.8172908726383" lon="115.87870107849449">
        <ele>39.83783929143101</ele>
        <time>1970-01-01T00:35:05.700000Z</time>
        <extensions>
          <gpxtpx:TrackPointExtension>
            <gpxtpx:hr>157</gpxtpx:hr>
          </gpxtpx:TrackPointExtension>
        </extensions>
      </trkpt>
      <trkpt lat="28.817270187676673" lon="115.87869566692954">
        <ele>39.876358774490654</ele>
        <time>1970-01-01T00:35:06.700000Z</time>
        <extensions>
          <gpxtpx:TrackPointExtension>
            <gpxtpx:hr>157</gpxtpx:hr>
          </gpxtpx:TrackPointExtension>
        </extensions>
      </trkpt>
      <trkpt lat="28.817249372374125" lon="115.87869102127368">
        <ele>39.897041824646294</ele>
        <time>1970-01-01T00:35:07.700000Z</time>
        <extensions>
          <gpxtpx:TrackPointExtension>
            <gpxtpx:hr>156</gpxtpx:hr>
          </gpxtpx:TrackPointExtension>
        </extensions>
      </trkpt>
      <trkpt lat="28.817227961511083" lon="115.87868748718661">
        <ele>39.89996469579637</ele>
        <time>1970-01-01T00:35:08.700000Z</time>
        <extensions>
          <gpxtpx:TrackPointExtension>
            <gpxtpx:hr>156</gpxtpx:hr>
          </gpxtpx:TrackPointExtension>
        </extensions>
      </trkpt>
      <trkpt lat="28.81720591503151" lon="115.87868498336321">
        <ele>39.88713828101754</ele>
        <time>1970-01-01T00:35:09.700000Z</time>
        <extensions>
          <gpxtpx:TrackPointExtension>
            <gpxtpx:hr>156</gpxtpx:hr>
          </gpxtpx:TrackPointExtension>
        </extensions>
      </trkpt>
      <trkpt lat="28.817183917487558" lon="115.87868272929586">
        <ele>39.86219336185604</ele>
        <time>1970-01-01T00:35:10.700000Z</time>
        <extensions>
          <gpxtpx:TrackPointExtension>
            <gpxtpx:hr>156</gpxtpx:hr>
          </gpxtpx:TrackPointExtension>
        </extensions>
      </trkpt>
      <trkpt lat="28.81716232449393" lon="115.87868061492094">
        <ele>39.82851158455014</ele>
        <time>1970-01-01T00:35:11.700000Z</time>
        <extensions>
          <gpxtpx:TrackPointExtension>
            <gpxtpx:hr>156</gpxtpx:hr>
          </gpxtpx:TrackPointExtension>
        </extensions>
      </trkpt>
      <trkpt lat="28.81714058472865" lon="115.87867905556051">
        <ele>39.78933545574546</ele>
        <time>1970-01-01T00:35:12.700000Z</time>
        <extensions>
          <gpxtpx:TrackPointExtension>
            <gpxtpx:hr>156</gpxtpx:hr>
          </gpxtpx:TrackPointExtension>
        </extensions>
      </trkpt>
      <trkpt lat="28.81711840028985" lon="115.87867827447056">
        <ele>39.74812148604542</ele>
        <time>1970-01-01T00:35:13.700000Z</time>
        <extensions>
          <gpxtpx:TrackPointExtension>
            <gpxtpx:hr>156</gpxtpx:hr>
          </gpxtpx:TrackPointExtension>
        </extensions>
      </trkpt>
      <trkpt lat="28.817095801605383" lon="115.87867825936331">
        <ele>39.708914790302515</ele>
        <time>1970-01-01T00:35:14.700000Z</time>
        <extensions>
          <gpxtpx:TrackPointExtension>
            <gpxtpx:hr>156</gpxtpx:hr>
          </gpxtpx:TrackPointExtension>
        </extensions>
      </trkpt>
      <trkpt lat="28.817072931566877" lon="115.87867866009852">
        <ele>39.67551944684237</ele>
        <time>1970-01-01T00:35:15.700000Z</time>
        <extensions>
          <gpxtpx:TrackPointExtension>
            <gpxtpx:hr>158</gpxtpx:hr>
          </gpxtpx:TrackPointExtension>
        </extensions>
      </trkpt>
      <trkpt lat="28.817049858297622" lon="115.87867872126405">
        <ele>39.65193775575608</ele>
        <time>1970-01-01T00:35:16.700000Z</time>
        <extensions>
          <gpxtpx:TrackPointExtension>
            <gpxtpx:hr>158</gpxtpx:hr>
          </gpxtpx:TrackPointExtension>
        </extensions>
      </trkpt>
      <trkpt lat="28.817027024028846" lon="115.87867809449799">
        <ele>39.64156971126795</ele>
        <time>1970-01-01T00:35:17.700000Z</time>
        <extensions>
          <gpxtpx:TrackPointExtension>
            <gpxtpx:hr>158</gpxtpx:hr>
          </gpxtpx:TrackPointExtension>
        </extensions>
      </trkpt>
      <trkpt lat="28.817005216261112" lon="115.87867698815417">
        <ele>39.64630619995296</ele>
        <time>1970-01-01T00:35:18.700000Z</time>
        <extensions>
          <gpxtpx:TrackPointExtension>
            <gpxtpx:hr>158</gpxtpx:hr>
          </gpxtpx:TrackPointExtension>
        </extensions>
      </trkpt>
      <trkpt lat="28.816984053925545" lon="115.87867564937282">
        <ele>39.66557727288455</ele>
        <time>1970-01-01T00:35:19.700000Z</time>
        <extensions>
          <gpxtpx:TrackPointExtension>
            <gpxtpx:hr>158</gpxtpx:hr>
          </gpxtpx:TrackPointExtension>
        </extensions>
      </trkpt>
      <trkpt lat="28.816963001791034" lon="115.87867386826908">
        <ele>39.69728875532746</ele>
        <time>1970-01-01T00:35:20.700000Z</time>
        <extensions>
          <gpxtpx:TrackPointExtension>
            <gpxtpx:hr>158</gpxtpx:hr>
          </gpxtpx:TrackPointExtension>
        </extensions>
      </trkpt>
      <trkpt lat="28.816941684074106" lon="115.8786712607116">
        <ele>39.73799823317677</ele>
        <time>1970-01-01T00:35:21.700000Z</time>
        <extensions>
          <gpxtpx:TrackPointExtension>
            <gpxtpx:hr>158</gpxtpx:hr>
          </gpxtpx:TrackPointExtension>
        </extensions>
      </trkpt>
      <trkpt lat="28.816920364288936" lon="115.8786684514437">
        <ele>39.78342154342681</ele>
        <time>1970-01-01T00:35:22.700000Z</time>
        <extensions>
          <gpxtpx:TrackPointExtension>
            <gpxtpx:hr>161</gpxtpx:hr>
          </gpxtpx:TrackPointExtension>
        </extensions>
      </trkpt>
      <trkpt lat="28.81689926295812" lon="115.87866619035924">
        <ele>39.82958433870226</ele>
        <time>1970-01-01T00:35:23.700000Z</time>
        <extensions>
          <gpxtpx:TrackPointExtension>
            <gpxtpx:hr>161</gpxtpx:hr>
          </gpxtpx:TrackPointExtension>
        </extensions>
      </trkpt>
      <trkpt lat="28.8168780289361" lon="115.87866428258867">
        <ele>39.874517457559705</ele>
        <time>1970-01-01T00:35:24.700000Z</time>
        <extensions>
          <gpxtpx:TrackPointExtension>
            <gpxtpx:hr>161</gpxtpx:hr>
          </gpxtpx:TrackPointExtension>
        </extensions>
      </trkpt>
      <trkpt lat="28.81685663994255" lon="115.87866211987843">
        <ele>39.91666694544256</ele>
        <time>1970-01-01T00:35:25.700000Z</time>
        <extensions>
          <gpxtpx:TrackPointExtension>
            <gpxtpx:hr>161</gpxtpx:hr>
          </gpxtpx:TrackPointExtension>
        </extensions>
      </trkpt>
      <trkpt lat="28.816835279917637" lon="115.87865966644544">
        <ele>39.95555413980037</ele>
        <time>1970-01-01T00:35:26.700000Z</time>
        <extensions>
          <gpxtpx:TrackPointExtension>
            <gpxtpx:hr>161</gpxtpx:hr>
          </gpxtpx:TrackPointExtension>
        </extensions>
      </trkpt>
      <trkpt lat="28.816813996732666" lon="115.8786575212846">
        <ele>39.99132577702403</ele>
        <time>1970-01-01T00:35:27.700000Z</time>
        <extensions>
          <gpxtpx:TrackPointExtension>
            <gpxtpx:hr>161</gpxtpx:hr>
          </gpxtpx:TrackPointExtension>
        </extensions>
      </trkpt>
      <trkpt lat="28.816792373435092" lon="115.87865566518607">
        <ele>40.02401297632605</ele>
        <time>1970-01-01T00:35:28.700000Z</time>
        <extensions>
          <gpxtpx:TrackPointExtension>
            <gpxtpx:hr>161</gpxtpx:hr>
          </gpxtpx:TrackPointExtension>
        </extensions>
      </trkpt>
      <trkpt lat="28.816770563216977" lon="115.87865389191435">
        <ele>40.05196700710803</ele>
        <time>1970-01-01T00:35:29.700000Z</time>
        <extensions>
          <gpxtpx:TrackPointExtension>
            <gpxtpx:hr>161</gpxtpx:hr>
          </gpxtpx:TrackPointExtension>
        </extensions>
      </trkpt>
      <trkpt lat="28.81674880755938" lon="115.87865194738478">
        <ele>40.073267980478704</ele>
        <time>1970-01-01T00:35:30.700000Z</time>
        <extensions>
          <gpxtpx:TrackPointExtension>
            <gpxtpx:hr>161</gpxtpx:hr>
          </gpxtpx:TrackPointExtension>
        </extensions>
      </trkpt>
      <trkpt lat="28.81672681774786" lon="115.87864979399775">
        <ele>40.085516321472824</ele>
        <time>1970-01-01T00:35:31.700000Z</time>
        <extensions>
          <gpxtpx:TrackPointExtension>
            <gpxtpx:hr>161</gpxtpx:hr>
          </gpxtpx:TrackPointExtension>
        </extensions>
      </trkpt>
      <trkpt lat="28.81670442112343" lon="115.87864772704852">
        <ele>40.08703182544559</ele>
        <time>1970-01-01T00:35:32.700000Z</time>
        <extensions>
          <gpxtpx:TrackPointExtension>
            <gpxtpx:hr>162</gpxtpx:hr>
          </gpxtpx:TrackPointExtension>
        </extensions>
      </trkpt>
      <trkpt lat="28.816681668918758" lon="115.8786457102425">
        <ele>40.077710792422295</ele>
        <time>1970-01-01T00:35:33.700000Z</time>
        <extensions>
          <gpxtpx:TrackPointExtension>
            <gpxtpx:hr>162</gpxtpx:hr>
          </gpxtpx:TrackPointExtension>
        </extensions>
      </trkpt>
      <trkpt lat="28.816659092351387" lon="115.8786431909047">
        <ele>40.059836213476956</ele>
        <time>1970-01-01T00:35:34.700000Z</time>
        <extensions>
          <gpxtpx:TrackPointExtension>
            <gpxtpx:hr>162</gpxtpx:hr>
          </gpxtpx:TrackPointExtension>
        </extensions>
      </trkpt>
      <trkpt lat="28.816637004913215" lon="115.87863942378075">
        <ele>40.03720948752016</ele>
        <time>1970-01-01T00:35:35.700000Z</time>
        <extensions>
          <gpxtpx:TrackPointExtension>
            <gpxtpx:hr>162</gpxtpx:hr>
          </gpxtpx:TrackPointExtension>
        </extensions>
      </trkpt>
      <trkpt lat="28.81661500589133" lon="115.87863485852405">
        <ele>40.01464487332851</ele>
        <time>1970-01-01T00:35:36.700000Z</time>
        <extensions>
          <gpxtpx:TrackPointExtension>
            <gpxtpx:hr>162</gpxtpx:hr>
          </gpxtpx:TrackPointExtension>
        </extensions>
      </trkpt>
      <trkpt lat="28.81659322120668" lon="115.87863069818073">
        <ele>39.99661182239652</ele>
        <time>1970-01-01T00:35:37.700000Z</time>
        <extensions>
          <gpxtpx:TrackPointExtension>
            <gpxtpx:hr>162</gpxtpx:hr>
          </gpxtpx:TrackPointExtension>
        </extensions>
      </trkpt>
      <trkpt lat="28.81657188267201" lon="115.87862686277465">
        <ele>39.98621681611985</ele>
        <time>1970-01-01T00:35:38.700000Z</time>
        <extensions>
          <gpxtpx:TrackPointExtension>
            <gpxtpx:hr>162</gpxtpx:hr>
          </gpxtpx:TrackPointExtension>
        </extensions>
      </trkpt>
      <trkpt lat="28.816550847519743" lon="115.87862263297816">
        <ele>39.98460758291185</ele>
        <time>1970-01-01T00:35:39.700000Z</time>
        <extensions>
          <gpxtpx:TrackPointExtension>
            <gpxtpx:hr>162</gpxtpx:hr>
          </gpxtpx:TrackPointExtension>
        </extensions>
      </trkpt>
      <trkpt lat="28.81652958261421" lon="115.8786176878341">
        <ele>39.99112147651613</ele>
        <time>1970-01-01T00:35:40.700000Z</time>
        <extensions>
          <gpxtpx:TrackPointExtension>
            <gpxtpx:hr>162</gpxtpx:hr>
          </gpxtpx:TrackPointExtension>
        </extensions>
      </trkpt>
      <trkpt lat="28.816507903290617" lon="115.87861163295946">
        <ele>40.003604491241276</ele>
        <time>1970-01-01T00:35:41.700000Z</time>
        <extensions>
          <gpxtpx:TrackPointExtension>
            <gpxtpx:hr>162</gpxtpx:hr>
          </gpxtpx:TrackPointExtension>
        </extensions>
      </trkpt>
      <trkpt lat="28.816485988088505" lon="115.87860485286505">
        <ele>40.01913524419069</ele>
        <time>1970-01-01T00:35:42.700000Z</time>
        <extensions>
          <gpxtpx:TrackPointExtension>
            <gpxtpx:hr>162</gpxtpx:hr>
          </gpxtpx:TrackPointExtension>
        </extensions>
      </trkpt>
      <trkpt lat="28.81646426637159" lon="115.87859916746726">
        <ele>40.034802755340934</ele>
        <time>1970-01-01T00:35:43.700000Z</time>
        <extensions>
          <gpxtpx:TrackPointExtension>
            <gpxtpx:hr>164</gpxtpx:hr>
          </gpxtpx:TrackPointExtension>
        </extensions>
      </trkpt>
      <trkpt lat="28.816443173774754" lon="115.87859515093722">
        <ele>40.04862684663385</ele>
        <time>1970-01-01T00:35:44.700000Z</time>
        <extensions>
          <gpxtpx:TrackPointExtension>
            <gpxtpx:hr>164</gpxtpx:hr>
          </gpxtpx:TrackPointExtension>
        </extensions>
      </trkpt>
      <trkpt lat="28.816423123859856" lon="115.8785911881058">
        <ele>40.05933578405529</ele>
        <time>1970-01-01T00:35:45.700000Z</time>
        <extensions>
          <gpxtpx:TrackPointExtension>
            <gpxtpx:hr>164</gpxtpx:hr>
          </gpxtpx:TrackPointExtension>
        </extensions>
      </trkpt>
      <trkpt lat="28.816403457060268" lon="115.8785876378669">
        <ele>40.0664894040674</ele>
        <time>1970-01-01T00:35:46.700000Z</time>
        <extensions>
          <gpxtpx:TrackPointExtension>
            <gpxtpx:hr>164</gpxtpx:hr>
          </gpxtpx:TrackPointExtension>
        </extensions>
      </trkpt>
      <trkpt lat="28.816384067957227" lon="115.87858439819699">
        <ele>40.0703611811623</ele>
        <time>1970-01-01T00:35:47.700000Z</time>
        <extensions>
          <gpxtpx:TrackPointExtension>
            <gpxtpx:hr>164</gpxtpx:hr>
          </gpxtpx:TrackPointExtension>
        </extensions>
      </trkpt>
      <trkpt lat="28.816364905986834" lon="115.87858070894029">
        <ele>40.0715362271294</ele>
        <time>1970-01-01T00:35:48.700000Z</time>
        <extensions>
          <gpxtpx:TrackPointExtension>
            <gpxtpx:hr>164</gpxtpx:hr>
          </gpxtpx:TrackPointExtension>
        </extensions>
      </trkpt>
      <trkpt lat="28.816345570267693" lon="115.8785764837369">
        <ele>40.07019712217152</ele>
        <time>1970-01-01T00:35:49.700000Z</time>
        <extensions>
          <gpxtpx:TrackPointExtension>
            <gpxtpx:hr>163</gpxtpx:hr>
          </gpxtpx:TrackPointExtension>
        </extensions>
      </trkpt>
      <trkpt lat="28.816325848245555" lon="115.8785727479439">
        <ele>40.066329676657915</ele>
        <time>1970-01-01T00:35:50.700000Z</time>
        <extensions>
          <gpxtpx:TrackPointExtension>
            <gpxtpx:hr>163</gpxtpx:hr>
          </gpxtpx:TrackPointExtension>
        </extensions>
      </trkpt>
      <trkpt lat="28.816306380147196" lon="115.87856935773151">
        <ele>40.059654767625034</ele>
        <time>1970-01-01T00:35:51.700000Z</time>
        <extensions>
          <gpxtpx:TrackPointExtension>
            <gpxtpx:hr>163</gpxtpx:hr>
          </gpxtpx:TrackPointExtension>
        </extensions>
      </trkpt>
      <trkpt lat="28.81628732318377" lon="115.878565882723">
        <ele>40.049546484835446</ele>
        <time>1970-01-01T00:35:52.700000Z</time>
        <extensions>
          <gpxtpx:TrackPointExtension>
            <gpxtpx:hr>163</gpxtpx:hr>
          </gpxtpx:TrackPointExtension>
        </extensions>
      </trkpt>
      <trkpt lat="28.816268919504424" lon="115.87856257411973">
        <ele>40.03548202291131</ele>
        <time>1970-01-01T00:35:53.700000Z</time>
        <extensions>
          <gpxtpx:TrackPointExtension>
            <gpxtpx:hr>163</gpxtpx:hr>
          </gpxtpx:TrackPointExtension>
        </extensions>
      </trkpt>
      <trkpt lat="28.816251200239197" lon="115.8785587910987">
        <ele>40.017330553382635</ele>
        <time>1970-01-01T00:35:54.700000Z</time>
        <extensions>
          <gpxtpx:TrackPointExtension>
            <gpxtpx:hr>162</gpxtpx:hr>
          </gpxtpx:TrackPointExtension>
        </extensions>
      </trkpt>
      <trkpt lat="28.816233742283774" lon="115.87855424797436">
        <ele>39.996231488883495</ele>
        <time>1970-01-01T00:35:55.600000Z</time>
        <extensions>
          <gpxtpx:TrackPointExtension>
            <gpxtpx:hr>162</gpxtpx:hr>
          </gpxtpx:TrackPointExtension>
        </extensions>
      </trkpt>
      <trkpt lat="28.816216036278465" lon="115.87855007137348">
        <ele>39.974573402665555</ele>
        <time>1970-01-01T00:35:56.600000Z</time>
        <extensions>
          <gpxtpx:TrackPointExtension>
            <gpxtpx:hr>162</gpxtpx:hr>
          </gpxtpx:TrackPointExtension>
        </extensions>
      </trkpt>
      <trkpt lat="28.81619769095218" lon="115.8785468731561">
        <ele>39.95560587197542</ele>
        <time>1970-01-01T00:35:57.600000Z</time>
        <extensions>
          <gpxtpx:TrackPointExtension>
            <gpxtpx:hr>163</gpxtpx:hr>
          </gpxtpx:TrackPointExtension>
        </extensions>
      </trkpt>
      <trkpt lat="28.816178667758898" lon="115.87854416661773">
        <ele>39.942031886428595</ele>
        <time>1970-01-01T00:35:58.600000Z</time>
        <extensions>
          <gpxtpx:TrackPointExtension>
            <gpxtpx:hr>163</gpxtpx:hr>
          </gpxtpx:TrackPointExtension>
        </extensions>
      </trkpt>
      <trkpt lat="28.81615932121643" lon="115.87854170479554">
        <ele>39.93621023185551</ele>
        <time>1970-01-01T00:35:59.600000Z</time>
        <extensions>
          <gpxtpx:TrackPointExtension>
            <gpxtpx:hr>163</gpxtpx:hr>
          </gpxtpx:TrackPointExtension>
        </extensions>
      </trkpt>
      <trkpt lat="28.81613992890071" lon="115.8785391369793">
        <ele>39.93955337069929</ele>
        <time>1970-01-01T00:36:00.600000Z</time>
        <extensions>
          <gpxtpx:TrackPointExtension>
            <gpxtpx:hr>163</gpxtpx:hr>
          </gpxtpx:TrackPointExtension>
        </extensions>
      </trkpt>
      <trkpt lat="28.816120432950054" lon="115.87853635148082">
        <ele>39.95227509830147</ele>
        <time>1970-01-01T00:36:01.600000Z</time>
        <extensions>
          <gpxtpx:TrackPointExtension>
            <gpxtpx:hr>163</gpxtpx:hr>
          </gpxtpx:TrackPointExtension>
        </extensions>
      </trkpt>
      <trkpt lat="28.81610089763969" lon="115.87853315661283">
        <ele>39.97384938783944</ele>
        <time>1970-01-01T00:36:02.600000Z</time>
        <extensions>
          <gpxtpx:TrackPointExtension>
            <gpxtpx:hr>163</gpxtpx:hr>
          </gpxtpx:TrackPointExtension>
        </extensions>
      </trkpt>
      <trkpt lat="28.816081640911566" lon="115.87852922012962">
        <ele>40.00310818105936</ele>
        <time>1970-01-01T00:36:03.600000Z</time>
        <extensions>
          <gpxtpx:TrackPointExtension>
            <gpxtpx:hr>163</gpxtpx:hr>
          </gpxtpx:TrackPointExtension>
        </extensions>
      </trkpt>
      <trkpt lat="28.816062528878895" lon="115.87852505599064">
        <ele>40.03820914030075</ele>
        <time>1970-01-01T00:36:04.600000Z</time>
        <extensions>
          <gpxtpx:TrackPointExtension>
            <gpxtpx:hr>163</gpxtpx:hr>
          </gpxtpx:TrackPointExtension>
        </extensions>
      </trkpt>
      <trkpt lat="28.81604346049036" lon="115.87852085411">
        <ele>40.07647188100964</ele>
        <time>1970-01-01T00:36:05.600000Z</time>
        <extensions>
          <gpxtpx:TrackPointExtension>
            <gpxtpx:hr>163</gpxtpx:hr>
          </gpxtpx:TrackPointExtension>
        </extensions>
      </trkpt>
      <trkpt lat="28.816024697019923" lon="115.87851676146984">
        <ele>40.114424262195826</ele>
        <time>1970-01-01T00:36:06.600000Z</time>
        <extensions>
          <gpxtpx:TrackPointExtension>
            <gpxtpx:hr>162</gpxtpx:hr>
          </gpxtpx:TrackPointExtension>
        </extensions>
      </trkpt>
      <trkpt lat="28.816005770617096" lon="115.87851297149074">
        <ele>40.148983838036656</ele>
        <time>1970-01-01T00:36:07.600000Z</time>
        <extensions>
          <gpxtpx:TrackPointExtension>
            <gpxtpx:hr>162</gpxtpx:hr>
          </gpxtpx:TrackPointExtension>
        </extensions>
      </trkpt>
      <trkpt lat="28.81598655193042" lon="115.87850954536789">
        <ele>40.177412923425436</ele>
        <time>1970-01-01T00:36:08.600000Z</time>
        <extensions>
          <gpxtpx:TrackPointExtension>
            <gpxtpx:hr>162</gpxtpx:hr>
          </gpxtpx:TrackPointExtension>
        </extensions>
      </trkpt>
      <trkpt lat="28.815967465842267" lon="115.87850650304229">
        <ele>40.19766039866954</ele>
        <time>1970-01-01T00:36:09.600000Z</time>
        <extensions>
          <gpxtpx:TrackPointExtension>
            <gpxtpx:hr>162</gpxtpx:hr>
          </gpxtpx:TrackPointExtension>
        </extensions>
      </trkpt>
      <trkpt lat="28.815948691618868" lon="115.87850351570934">
        <ele>40.208406787365675</ele>
        <time>1970-01-01T00:36:10.600000Z</time>
        <extensions>
          <gpxtpx:TrackPointExtension>
            <gpxtpx:hr>162</gpxtpx:hr>
          </gpxtpx:TrackPointExtension>
        </extensions>
      </trkpt>
      <trkpt lat="28.8159305567166" lon="115.87850065090115">
        <ele>40.20942062418908</ele>
        <time>1970-01-01T00:36:11.600000Z</time>
        <extensions>
          <gpxtpx:TrackPointExtension>
            <gpxtpx:hr>162</gpxtpx:hr>
          </gpxtpx:TrackPointExtension>
        </extensions>
      </trkpt>
      <trkpt lat="28.81591374942006" lon="115.8784976160907">
        <ele>40.20069178100675</ele>
        <time>1970-01-01T00:36:12.600000Z</time>
        <extensions>
          <gpxtpx:TrackPointExtension>
            <gpxtpx:hr>160</gpxtpx:hr>
          </gpxtpx:TrackPointExtension>
        </extensions>
      </trkpt>
      <trkpt lat="28.81589932740895" lon="115.87849397630963">
        <ele>40.18246538378298</ele>
        <time>1970-01-01T00:36:13.600000Z</time>
        <extensions>
          <gpxtpx:TrackPointExtension>
            <gpxtpx:hr>160</gpxtpx:hr>
          </gpxtpx:TrackPointExtension>
        </extensions>
      </trkpt>
      <trkpt lat="28.815887053786103" lon="115.87848984884675">
        <ele>40.15905615314841</ele>
        <time>1970-01-01T00:36:14.600000Z</time>
        <extensions>
          <gpxtpx:TrackPointExtension>
            <gpxtpx:hr>160</gpxtpx:hr>
          </gpxtpx:TrackPointExtension>
        </extensions>
      </trkpt>
      <trkpt lat="28.815875529920312" lon="115.87848562151112">
        <ele>40.10851761139929</ele>
        <time>1970-01-01T00:36:15.600000Z</time>
        <extensions>
          <gpxtpx:TrackPointExtension>
            <gpxtpx:hr>160</gpxtpx:hr>
          </gpxtpx:TrackPointExtension>
        </extensions>
      </trkpt>
      <trkpt lat="28.815863975527552" lon="115.878482273471">
        <ele>40.05363365449011</ele>
        <time>1970-01-01T00:36:16.600000Z</time>
        <extensions>
          <gpxtpx:TrackPointExtension>
            <gpxtpx:hr>160</gpxtpx:hr>
          </gpxtpx:TrackPointExtension>
        </extensions>
      </trkpt>
      <trkpt lat="28.815850803318458" lon="115.87848025830897">
        <ele>39.99560302309692</ele>
        <time>1970-01-01T00:36:17.600000Z</time>
        <extensions>
          <gpxtpx:TrackPointExtension>
            <gpxtpx:hr>160</gpxtpx:hr>
          </gpxtpx:TrackPointExtension>
        </extensions>
      </trkpt>
      <trkpt lat="28.8158349835509" lon="115.87847919501237">
        <ele>39.9380868030712</ele>
        <time>1970-01-01T00:36:18.600000Z</time>
        <extensions>
          <gpxtpx:TrackPointExtension>
            <gpxtpx:hr>160</gpxtpx:hr>
          </gpxtpx:TrackPointExtension>
        </extensions>
      </trkpt>
      <trkpt lat="28.81581746220036" lon="115.87847879047727">
        <ele>39.885274016298354</ele>
        <time>1970-01-01T00:36:19.600000Z</time>
        <extensions>
          <gpxtpx:TrackPointExtension>
            <gpxtpx:hr>155</gpxtpx:hr>
          </gpxtpx:TrackPointExtension>
        </extensions>
      </trkpt>
      <trkpt lat="28.815799230835353" lon="115.87847851677199">
        <ele>39.84134316071868</ele>
        <time>1970-01-01T00:36:20.600000Z</time>
        <extensions>
          <gpxtpx:TrackPointExtension>
            <gpxtpx:hr>155</gpxtpx:hr>
          </gpxtpx:TrackPointExtension>
        </extensions>
      </trkpt>
      <trkpt lat="28.815780889861685" lon="115.87847811775204">
        <ele>39.810807794332504</ele>
        <time>1970-01-01T00:36:21.600000Z</time>
        <extensions>
          <gpxtpx:TrackPointExtension>
            <gpxtpx:hr>155</gpxtpx:hr>
          </gpxtpx:TrackPointExtension>
        </extensions>
      </trkpt>
      <trkpt lat="28.815763020787898" lon="115.87847773953183">
        <ele>39.79861725773662</ele>
        <time>1970-01-01T00:36:22.600000Z</time>
        <extensions>
          <gpxtpx:TrackPointExtension>
            <gpxtpx:hr>155</gpxtpx:hr>
          </gpxtpx:TrackPointExtension>
        </extensions>
      </trkpt>
      <trkpt lat="28.81574527388346" lon="115.87847684654335">
        <ele>39.810306219384074</ele>
        <time>1970-01-01T00:36:23.600000Z</time>
        <extensions>
          <gpxtpx:TrackPointExtension>
            <gpxtpx:hr>155</gpxtpx:hr>
          </gpxtpx:TrackPointExtension>
        </extensions>
      </trkpt>
      <trkpt lat="28.81573286401878" lon="115.87847555977115">
        <ele>39.8344890056178</ele>
        <time>1970-01-01T00:36:24.300000Z</time>
        <extensions>
          <gpxtpx:TrackPointExtension>
            <gpxtpx:hr>155</gpxtpx:hr>
          </gpxtpx:TrackPointExtension>
        </extensions>
      </trkpt>
      <trkpt lat="28.815689620453732" lon="115.87846319106582">
        <ele>40.047980732284486</ele>
        <time>1970-01-01T00:36:26.600000Z</time>
        <extensions>
          <gpxtpx:TrackPointExtension>
            <gpxtpx:hr>155</gpxtpx:hr>
          </gpxtpx:TrackPointExtension>
        </extensions>
      </trkpt>
      <trkpt lat="28.815671205351556" lon="115.87845508075662">
        <ele>40.17543870769441</ele>
        <time>1970-01-01T00:36:27.600000Z</time>
        <extensions>
          <gpxtpx:TrackPointExtension>
            <gpxtpx:hr>150</gpxtpx:hr>
          </gpxtpx:TrackPointExtension>
        </extensions>
      </trkpt>
      <trkpt lat="28.815652841724923" lon="115.87844813151288">
        <ele>40.28479548357427</ele>
        <time>1970-01-01T00:36:28.600000Z</time>
        <extensions>
          <gpxtpx:TrackPointExtension>
            <gpxtpx:hr>150</gpxtpx:hr>
          </gpxtpx:TrackPointExtension>
        </extensions>
      </trkpt>
      <trkpt lat="28.81563294309732" lon="115.87844318755457">
        <ele>40.380147797986865</ele>
        <time>1970-01-01T00:36:29.600000Z</time>
        <extensions>
          <gpxtpx:TrackPointExtension>
            <gpxtpx:hr>150</gpxtpx:hr>
          </gpxtpx:TrackPointExtension>
        </extensions>
      </trkpt>
      <trkpt lat="28.815611605638914" lon="115.87843970736942">
        <ele>40.46105148270726</ele>
        <time>1970-01-01T00:36:30.600000Z</time>
        <extensions>
          <gpxtpx:TrackPointExtension>
            <gpxtpx:hr>150</gpxtpx:hr>
          </gpxtpx:TrackPointExtension>
        </extensions>
      </trkpt>
      <trkpt lat="28.815589821576456" lon="115.87843694003121">
        <ele>40.525305174291134</ele>
        <time>1970-01-01T00:36:31.600000Z</time>
        <extensions>
          <gpxtpx:TrackPointExtension>
            <gpxtpx:hr>150</gpxtpx:hr>
          </gpxtpx:TrackPointExtension>
        </extensions>
      </trkpt>
      <trkpt lat="28.81556776737637" lon="115.87843429572234">
        <ele>40.56982326786965</ele>
        <time>1970-01-01T00:36:32.600000Z</time>
        <extensions>
          <gpxtpx:TrackPointExtension>
            <gpxtpx:hr>150</gpxtpx:hr>
          </gpxtpx:TrackPointExtension>
        </extensions>
      </trkpt>
      <trkpt lat="28.815545543003687" lon="115.87843157731183">
        <ele>40.59233523439616</ele>
        <time>1970-01-01T00:36:33.600000Z</time>
        <extensions>
          <gpxtpx:TrackPointExtension>
            <gpxtpx:hr>150</gpxtpx:hr>
          </gpxtpx:TrackPointExtension>
        </extensions>
      </trkpt>
      <trkpt lat="28.815523174288977" lon="115.87842861611126">
        <ele>40.59262499306351</ele>
        <time>1970-01-01T00:36:34.600000Z</time>
        <extensions>
          <gpxtpx:TrackPointExtension>
            <gpxtpx:hr>150</gpxtpx:hr>
          </gpxtpx:TrackPointExtension>
        </extensions>
      </trkpt>
      <trkpt lat="28.815500324501055" lon="115.87842516561649">
        <ele>40.57298154383898</ele>
        <time>1970-01-01T00:36:35.600000Z</time>
        <extensions>
          <gpxtpx:TrackPointExtension>
            <gpxtpx:hr>150</gpxtpx:hr>
          </gpxtpx:TrackPointExtension>
        </extensions>
      </trkpt>
      <trkpt lat="28.8154772052967" lon="115.87842172297547">
        <ele>40.53758293297142</ele>
        <time>1970-01-01T00:36:36.600000Z</time>
        <extensions>
          <gpxtpx:TrackPointExtension>
            <gpxtpx:hr>152</gpxtpx:hr>
          </gpxtpx:TrackPointExtension>
        </extensions>
      </trkpt>
      <trkpt lat="28.81545420254575" lon="115.87841834541881">
        <ele>40.49190616235137</ele>
        <time>1970-01-01T00:36:37.600000Z</time>
        <extensions>
          <gpxtpx:TrackPointExtension>
            <gpxtpx:hr>152</gpxtpx:hr>
          </gpxtpx:TrackPointExtension>
        </extensions>
      </trkpt>
      <trkpt lat="28.815432541430383" lon="115.87841524283583">
        <ele>40.441740612499416</ele>
        <time>1970-01-01T00:36:38.600000Z</time>
        <extensions>
          <gpxtpx:TrackPointExtension>
            <gpxtpx:hr>152</gpxtpx:hr>
          </gpxtpx:TrackPointExtension>
        </extensions>
      </trkpt>
      <trkpt lat="28.815412189264446" lon="115.87841242683729">
        <ele>40.39259053673595</ele>
        <time>1970-01-01T00:36:39.600000Z</time>
        <extensions>
          <gpxtpx:TrackPointExtension>
            <gpxtpx:hr>152</gpxtpx:hr>
          </gpxtpx:TrackPointExtension>
        </extensions>
      </trkpt>
      <trkpt lat="28.815391979071585" lon="115.87840972699769">
        <ele>40.348115583881736</ele>
        <time>1970-01-01T00:36:40.600000Z</time>
        <extensions>
          <gpxtpx:TrackPointExtension>
            <gpxtpx:hr>152</gpxtpx:hr>
          </gpxtpx:TrackPointExtension>
        </extensions>
      </trkpt>
      <trkpt lat="28.81537151132702" lon="115.87840741544278">
        <ele>40.31056309863925</ele>
        <time>1970-01-01T00:36:41.600000Z</time>
        <extensions>
          <gpxtpx:TrackPointExtension>
            <gpxtpx:hr>156</gpxtpx:hr>
          </gpxtpx:TrackPointExtension>
        </extensions>
      </trkpt>
      <trkpt lat="28.815350888743172" lon="115.87840513680433">
        <ele>40.28085131384432</ele>
        <time>1970-01-01T00:36:42.600000Z</time>
        <extensions>
          <gpxtpx:TrackPointExtension>
            <gpxtpx:hr>156</gpxtpx:hr>
          </gpxtpx:TrackPointExtension>
        </extensions>
      </trkpt>
      <trkpt lat="28.815330501295826" lon="115.87840276119327">
        <ele>40.259116674773395</ele>
        <time>1970-01-01T00:36:43.600000Z</time>
        <extensions>
          <gpxtpx:TrackPointExtension>
            <gpxtpx:hr>156</gpxtpx:hr>
          </gpxtpx:TrackPointExtension>
        </extensions>
      </trkpt>
      <trkpt lat="28.81530993799198" lon="115.87840014923913">
        <ele>40.244328597560525</ele>
        <time>1970-01-01T00:36:44.600000Z</time>
        <extensions>
          <gpxtpx:TrackPointExtension>
            <gpxtpx:hr>156</gpxtpx:hr>
          </gpxtpx:TrackPointExtension>
        </extensions>
      </trkpt>
      <trkpt lat="28.815289414815656" lon="115.87839733183341">
        <ele>40.236134415492415</ele>
        <time>1970-01-01T00:36:45.600000Z</time>
        <extensions>
          <gpxtpx:TrackPointExtension>
            <gpxtpx:hr>156</gpxtpx:hr>
          </gpxtpx:TrackPointExtension>
        </extensions>
      </trkpt>
      <trkpt lat="28.81526896072517" lon="115.87839412402998">
        <ele>40.23442996107042</ele>
        <time>1970-01-01T00:36:46.600000Z</time>
        <extensions>
          <gpxtpx:TrackPointExtension>
            <gpxtpx:hr>156</gpxtpx:hr>
          </gpxtpx:TrackPointExtension>
        </extensions>
      </trkpt>
      <trkpt lat="28.81524832639298" lon="115.87839032941667">
        <ele>40.239092983305454</ele>
        <time>1970-01-01T00:36:47.600000Z</time>
        <extensions>
          <gpxtpx:TrackPointExtension>
            <gpxtpx:hr>158</gpxtpx:hr>
          </gpxtpx:TrackPointExtension>
        </extensions>
      </trkpt>
      <trkpt lat="28.815227689419043" lon="115.87838654221146">
        <ele>40.24964305944741</ele>
        <time>1970-01-01T00:36:48.600000Z</time>
        <extensions>
          <gpxtpx:TrackPointExtension>
            <gpxtpx:hr>158</gpxtpx:hr>
          </gpxtpx:TrackPointExtension>
        </extensions>
      </trkpt>
      <trkpt lat="28.815207023279605" lon="115.87838293853699">
        <ele>40.26533457450569</ele>
        <time>1970-01-01T00:36:49.600000Z</time>
        <extensions>
          <gpxtpx:TrackPointExtension>
            <gpxtpx:hr>158</gpxtpx:hr>
          </gpxtpx:TrackPointExtension>
        </extensions>
      </trkpt>
      <trkpt lat="28.815185783583857" lon="115.87837959650669">
        <ele>40.28402026183903</ele>
        <time>1970-01-01T00:36:50.600000Z</time>
        <extensions>
          <gpxtpx:TrackPointExtension>
            <gpxtpx:hr>158</gpxtpx:hr>
          </gpxtpx:TrackPointExtension>
        </extensions>
      </trkpt>
      <trkpt lat="28.8151624782448" lon="115.87837642595812">
        <ele>40.30221713986248</ele>
        <time>1970-01-01T00:36:51.600000Z</time>
        <extensions>
          <gpxtpx:TrackPointExtension>
            <gpxtpx:hr>158</gpxtpx:hr>
          </gpxtpx:TrackPointExtension>
        </extensions>
      </trkpt>
      <trkpt lat="28.81513798753288" lon="115.87837301982802">
        <ele>40.31585073471069</ele>
        <time>1970-01-01T00:36:52.600000Z</time>
        <extensions>
          <gpxtpx:TrackPointExtension>
            <gpxtpx:hr>159</gpxtpx:hr>
          </gpxtpx:TrackPointExtension>
        </extensions>
      </trkpt>
      <trkpt lat="28.815114243856634" lon="115.8783693499677">
        <ele>40.321288565173745</ele>
        <time>1970-01-01T00:36:53.600000Z</time>
        <extensions>
          <gpxtpx:TrackPointExtension>
            <gpxtpx:hr>159</gpxtpx:hr>
          </gpxtpx:TrackPointExtension>
        </extensions>
      </trkpt>
      <trkpt lat="28.815091434340555" lon="115.87836543137635">
        <ele>40.316310656256974</ele>
        <time>1970-01-01T00:36:54.600000Z</time>
        <extensions>
          <gpxtpx:TrackPointExtension>
            <gpxtpx:hr>159</gpxtpx:hr>
          </gpxtpx:TrackPointExtension>
        </extensions>
      </trkpt>
      <trkpt lat="28.815069607075785" lon="115.87836162068076">
        <ele>40.30071624275297</ele>
        <time>1970-01-01T00:36:55.600000Z</time>
        <extensions>
          <gpxtpx:TrackPointExtension>
            <gpxtpx:hr>159</gpxtpx:hr>
          </gpxtpx:TrackPointExtension>
        </extensions>
      </trkpt>
      <trkpt lat="28.815048528670435" lon="115.87835809374401">
        <ele>40.27624042425305</ele>
        <time>1970-01-01T00:36:56.600000Z</time>
        <extensions>
          <gpxtpx:TrackPointExtension>
            <gpxtpx:hr>159</gpxtpx:hr>
          </gpxtpx:TrackPointExtension>
        </extensions>
      </trkpt>
      <trkpt lat="28.81502746821061" lon="115.87835418210139">
        <ele>40.245774385519326</ele>
        <time>1970-01-01T00:36:57.600000Z</time>
        <extensions>
          <gpxtpx:TrackPointExtension>
            <gpxtpx:hr>161</gpxtpx:hr>
          </gpxtpx:TrackPointExtension>
        </extensions>
      </trkpt>
      <trkpt lat="28.815006237610486" lon="115.87835030945314">
        <ele>40.212670425884426</ele>
        <time>1970-01-01T00:36:58.600000Z</time>
        <extensions>
          <gpxtpx:TrackPointExtension>
            <gpxtpx:hr>161</gpxtpx:hr>
          </gpxtpx:TrackPointExtension>
        </extensions>
      </trkpt>
      <trkpt lat="28.81498489429583" lon="115.87834739541454">
        <ele>40.17933468427509</ele>
        <time>1970-01-01T00:36:59.600000Z</time>
        <extensions>
          <gpxtpx:TrackPointExtension>
            <gpxtpx:hr>161</gpxtpx:hr>
          </gpxtpx:TrackPointExtension>
        </extensions>
      </trkpt>
      <trkpt lat="28.814963762663165" lon="115.87834557831981">
        <ele>40.147033913992345</ele>
        <time>1970-01-01T00:37:00.600000Z</time>
        <extensions>
          <gpxtpx:TrackPointExtension>
            <gpxtpx:hr>161</gpxtpx:hr>
          </gpxtpx:TrackPointExtension>
        </extensions>
      </trkpt>
      <trkpt lat="28.81494299517554" lon="115.87834443100044">
        <ele>40.115821555256844</ele>
        <time>1970-01-01T00:37:01.600000Z</time>
        <extensions>
          <gpxtpx:TrackPointExtension>
            <gpxtpx:hr>163</gpxtpx:hr>
          </gpxtpx:TrackPointExtension>
        </extensions>
      </trkpt>
      <trkpt lat="28.814922625748878" lon="115.87834385982326">
        <ele>40.08466652780771</ele>
        <time>1970-01-01T00:37:02.600000Z</time>
        <extensions>
          <gpxtpx:TrackPointExtension>
            <gpxtpx:hr>163</gpxtpx:hr>
          </gpxtpx:TrackPointExtension>
        </extensions>
      </trkpt>
      <trkpt lat="28.814902814781423" lon="115.87834382760573">
        <ele>40.05161503981799</ele>
        <time>1970-01-01T00:37:03.600000Z</time>
        <extensions>
          <gpxtpx:TrackPointExtension>
            <gpxtpx:hr>163</gpxtpx:hr>
          </gpxtpx:TrackPointExtension>
        </extensions>
      </trkpt>
      <trkpt lat="28.814883167967896" lon="115.87834382377184">
        <ele>40.014917141757905</ele>
        <time>1970-01-01T00:37:04.600000Z</time>
        <extensions>
          <gpxtpx:TrackPointExtension>
            <gpxtpx:hr>163</gpxtpx:hr>
          </gpxtpx:TrackPointExtension>
        </extensions>
      </trkpt>
      <trkpt lat="28.814863001040692" lon="115.87834362713124">
        <ele>39.97312100883573</ele>
        <time>1970-01-01T00:37:05.600000Z</time>
        <extensions>
          <gpxtpx:TrackPointExtension>
            <gpxtpx:hr>163</gpxtpx:hr>
          </gpxtpx:TrackPointExtension>
        </extensions>
      </trkpt>
      <trkpt lat="28.814841845109935" lon="115.87834274125879">
        <ele>39.92528598289937</ele>
        <time>1970-01-01T00:37:06.600000Z</time>
        <extensions>
          <gpxtpx:TrackPointExtension>
            <gpxtpx:hr>163</gpxtpx:hr>
          </gpxtpx:TrackPointExtension>
        </extensions>
      </trkpt>
      <trkpt lat="28.8148200928339" lon="115.87834140433478">
        <ele>39.87187789194286</ele>
        <time>1970-01-01T00:37:07.600000Z</time>
        <extensions>
          <gpxtpx:TrackPointExtension>
            <gpxtpx:hr>164</gpxtpx:hr>
          </gpxtpx:TrackPointExtension>
        </extensions>
      </trkpt>
      <trkpt lat="28.81479786296991" lon="115.87834064733799">
        <ele>39.81412380002439</ele>
        <time>1970-01-01T00:37:08.600000Z</time>
        <extensions>
          <gpxtpx:TrackPointExtension>
            <gpxtpx:hr>164</gpxtpx:hr>
          </gpxtpx:TrackPointExtension>
        </extensions>
      </trkpt>
      <trkpt lat="28.814775147813567" lon="115.87834035189783">
        <ele>39.75441924575716</ele>
        <time>1970-01-01T00:37:09.600000Z</time>
        <extensions>
          <gpxtpx:TrackPointExtension>
            <gpxtpx:hr>164</gpxtpx:hr>
          </gpxtpx:TrackPointExtension>
        </extensions>
      </trkpt>
      <trkpt lat="28.814752539590245" lon="115.8783394131978">
        <ele>39.696070881560445</ele>
        <time>1970-01-01T00:37:10.600000Z</time>
        <extensions>
          <gpxtpx:TrackPointExtension>
            <gpxtpx:hr>164</gpxtpx:hr>
          </gpxtpx:TrackPointExtension>
        </extensions>
      </trkpt>
      <trkpt lat="28.814730110043673" lon="115.87833819683728">
        <ele>39.64297188259661</ele>
        <time>1970-01-01T00:37:11.600000Z</time>
        <extensions>
          <gpxtpx:TrackPointExtension>
            <gpxtpx:hr>164</gpxtpx:hr>
          </gpxtpx:TrackPointExtension>
        </extensions>
      </trkpt>
      <trkpt lat="28.814707684424064" lon="115.87833695603351">
        <ele>39.59836767986417</ele>
        <time>1970-01-01T00:37:12.600000Z</time>
        <extensions>
          <gpxtpx:TrackPointExtension>
            <gpxtpx:hr>165</gpxtpx:hr>
          </gpxtpx:TrackPointExtension>
        </extensions>
      </trkpt>
      <trkpt lat="28.81468508283836" lon="115.87833498119274">
        <ele>39.566175629384816</ele>
        <time>1970-01-01T00:37:13.600000Z</time>
        <extensions>
          <gpxtpx:TrackPointExtension>
            <gpxtpx:hr>165</gpxtpx:hr>
          </gpxtpx:TrackPointExtension>
        </extensions>
      </trkpt>
      <trkpt lat="28.81466234086006" lon="115.87833299081342">
        <ele>39.530739868059754</ele>
        <time>1970-01-01T00:37:14.600000Z</time>
        <extensions>
          <gpxtpx:TrackPointExtension>
            <gpxtpx:hr>165</gpxtpx:hr>
          </gpxtpx:TrackPointExtension>
        </extensions>
      </trkpt>
      <trkpt lat="28.814639489695843" lon="115.87833113984735">
        <ele>39.45568491797894</ele>
        <time>1970-01-01T00:37:15.600000Z</time>
        <extensions>
          <gpxtpx:TrackPointExtension>
            <gpxtpx:hr>165</gpxtpx:hr>
          </gpxtpx:TrackPointExtension>
        </extensions>
      </trkpt>
      <trkpt lat="28.814617047828506" lon="115.87832893114071">
        <ele>39.402607078664005</ele>
        <time>1970-01-01T00:37:16.600000Z</time>
        <extensions>
          <gpxtpx:TrackPointExtension>
            <gpxtpx:hr>165</gpxtpx:hr>
          </gpxtpx:TrackPointExtension>
        </extensions>
      </trkpt>
      <trkpt lat="28.814594917839756" lon="115.8783263509221">
        <ele>39.34567607566714</ele>
        <time>1970-01-01T00:37:17.600000Z</time>
        <extensions>
          <gpxtpx:TrackPointExtension>
            <gpxtpx:hr>166</gpxtpx:hr>
          </gpxtpx:TrackPointExtension>
        </extensions>
      </trkpt>
      <trkpt lat="28.814573028619257" lon="115.87832375253664">
        <ele>39.267472514882684</ele>
        <time>1970-01-01T00:37:18.600000Z</time>
        <extensions>
          <gpxtpx:TrackPointExtension>
            <gpxtpx:hr>166</gpxtpx:hr>
          </gpxtpx:TrackPointExtension>
        </extensions>
      </trkpt>
      <trkpt lat="28.814551394120652" lon="115.87832162982278">
        <ele>39.16226284392178</ele>
        <time>1970-01-01T00:37:19.600000Z</time>
        <extensions>
          <gpxtpx:TrackPointExtension>
            <gpxtpx:hr>166</gpxtpx:hr>
          </gpxtpx:TrackPointExtension>
        </extensions>
      </trkpt>
      <trkpt lat="28.81452962437428" lon="115.87831996206783">
        <ele>39.027011475525796</ele>
        <time>1970-01-01T00:37:20.600000Z</time>
        <extensions>
          <gpxtpx:TrackPointExtension>
            <gpxtpx:hr>166</gpxtpx:hr>
          </gpxtpx:TrackPointExtension>
        </extensions>
      </trkpt>
      <trkpt lat="28.81450832012208" lon="115.87831861123577">
        <ele>38.866350586526096</ele>
        <time>1970-01-01T00:37:21.600000Z</time>
        <extensions>
          <gpxtpx:TrackPointExtension>
            <gpxtpx:hr>166</gpxtpx:hr>
          </gpxtpx:TrackPointExtension>
        </extensions>
      </trkpt>
      <trkpt lat="28.814487668454948" lon="115.87831726437014">
        <ele>38.69768662471324</ele>
        <time>1970-01-01T00:37:22.600000Z</time>
        <extensions>
          <gpxtpx:TrackPointExtension>
            <gpxtpx:hr>165</gpxtpx:hr>
          </gpxtpx:TrackPointExtension>
        </extensions>
      </trkpt>
      <trkpt lat="28.814396446989207" lon="115.87830838445471">
        <ele>38.93404228053987</ele>
        <time>1970-01-01T00:37:26.900000Z</time>
        <extensions>
          <gpxtpx:TrackPointExtension>
            <gpxtpx:hr>165</gpxtpx:hr>
          </gpxtpx:TrackPointExtension>
        </extensions>
      </trkpt>
      <trkpt lat="28.814118909693125" lon="115.87826493312909">
        <ele>40.419246742501855</ele>
        <time>1970-01-01T00:37:39.400000Z</time>
        <extensions>
          <gpxtpx:TrackPointExtension>
            <gpxtpx:hr>160</gpxtpx:hr>
          </gpxtpx:TrackPointExtension>
        </extensions>
      </trkpt>
      <trkpt lat="28.81409072817365" lon="115.8782596742986">
        <ele>40.315663466230035</ele>
        <time>1970-01-01T00:37:40.600000Z</time>
        <extensions>
          <gpxtpx:TrackPointExtension>
            <gpxtpx:hr>160</gpxtpx:hr>
          </gpxtpx:TrackPointExtension>
        </extensions>
      </trkpt>
      <trkpt lat="28.8140677069724" lon="115.87825451729032">
        <ele>40.21139776241034</ele>
        <time>1970-01-01T00:37:41.600000Z</time>
        <extensions>
          <gpxtpx:TrackPointExtension>
            <gpxtpx:hr>160</gpxtpx:hr>
          </gpxtpx:TrackPointExtension>
        </extensions>
      </trkpt>
      <trkpt lat="28.81399321846173" lon="115.87822593101177">
        <ele>39.950012939050794</ele>
        <time>1970-01-01T00:37:46Z</time>
        <extensions>
          <gpxtpx:TrackPointExtension>
            <gpxtpx:hr>159</gpxtpx:hr>
          </gpxtpx:TrackPointExtension>
        </extensions>
      </trkpt>
      <trkpt lat="28.813980386827815" lon="115.87821810471084">
        <ele>39.89745385851711</ele>
        <time>1970-01-01T00:37:47Z</time>
        <extensions>
          <gpxtpx:TrackPointExtension>
            <gpxtpx:hr>159</gpxtpx:hr>
          </gpxtpx:TrackPointExtension>
        </extensions>
      </trkpt>
      <trkpt lat="28.813970394996286" lon="115.87821222479471">
        <ele>39.840801139362156</ele>
        <time>1970-01-01T00:37:48Z</time>
        <extensions>
          <gpxtpx:TrackPointExtension>
            <gpxtpx:hr>159</gpxtpx:hr>
          </gpxtpx:TrackPointExtension>
        </extensions>
      </trkpt>
      <trkpt lat="28.81396181491787" lon="115.8782073731605">
        <ele>39.79729836154729</ele>
        <time>1970-01-01T00:37:49Z</time>
        <extensions>
          <gpxtpx:TrackPointExtension>
            <gpxtpx:hr>159</gpxtpx:hr>
          </gpxtpx:TrackPointExtension>
        </extensions>
      </trkpt>
      <trkpt lat="28.813953875799786" lon="115.87820331169496">
        <ele>39.77437829505652</ele>
        <time>1970-01-01T00:37:50Z</time>
        <extensions>
          <gpxtpx:TrackPointExtension>
            <gpxtpx:hr>159</gpxtpx:hr>
          </gpxtpx:TrackPointExtension>
        </extensions>
      </trkpt>
      <trkpt lat="28.813945892041897" lon="115.87820006071645">
        <ele>39.77347840927541</ele>
        <time>1970-01-01T00:37:51Z</time>
        <extensions>
          <gpxtpx:TrackPointExtension>
            <gpxtpx:hr>159</gpxtpx:hr>
          </gpxtpx:TrackPointExtension>
        </extensions>
      </trkpt>
      <trkpt lat="28.81393056527059" lon="115.87819745848212">
        <ele>39.787540196441114</ele>
        <time>1970-01-01T00:37:52Z</time>
        <extensions>
          <gpxtpx:TrackPointExtension>
            <gpxtpx:hr>159</gpxtpx:hr>
          </gpxtpx:TrackPointExtension>
        </extensions>
      </trkpt>
      <trkpt lat="28.813911712609677" lon="115.8781939313764">
        <ele>39.8037450639531</ele>
        <time>1970-01-01T00:37:52.600000Z</time>
        <extensions>
          <gpxtpx:TrackPointExtension>
            <gpxtpx:hr>159</gpxtpx:hr>
          </gpxtpx:TrackPointExtension>
        </extensions>
      </trkpt>
      <trkpt lat="28.813885338495293" lon="115.8781925283901">
        <ele>39.838139860890806</ele>
        <time>1970-01-01T00:37:53.600000Z</time>
        <extensions>
          <gpxtpx:TrackPointExtension>
            <gpxtpx:hr>159</gpxtpx:hr>
          </gpxtpx:TrackPointExtension>
        </extensions>
      </trkpt>
      <trkpt lat="28.81385903912858" lon="115.87819054749788">
        <ele>39.88427034392953</ele>
        <time>1970-01-01T00:37:54.600000Z</time>
        <extensions>
          <gpxtpx:TrackPointExtension>
            <gpxtpx:hr>159</gpxtpx:hr>
          </gpxtpx:TrackPointExtension>
        </extensions>
      </trkpt>
      <trkpt lat="28.813833060330325" lon="115.87818761346762">
        <ele>39.93226561136544</ele>
        <time>1970-01-01T00:37:55.600000Z</time>
        <extensions>
          <gpxtpx:TrackPointExtension>
            <gpxtpx:hr>159</gpxtpx:hr>
          </gpxtpx:TrackPointExtension>
        </extensions>
      </trkpt>
      <trkpt lat="28.813807493104974" lon="115.87818435092086">
        <ele>39.97676828689873</ele>
        <time>1970-01-01T00:37:56.600000Z</time>
        <extensions>
          <gpxtpx:TrackPointExtension>
            <gpxtpx:hr>159</gpxtpx:hr>
          </gpxtpx:TrackPointExtension>
        </extensions>
      </trkpt>
      <trkpt lat="28.81378223668073" lon="115.87818043990235">
        <ele>40.017640174366534</ele>
        <time>1970-01-01T00:37:57.600000Z</time>
        <extensions>
          <gpxtpx:TrackPointExtension>
            <gpxtpx:hr>159</gpxtpx:hr>
          </gpxtpx:TrackPointExtension>
        </extensions>
      </trkpt>
      <trkpt lat="28.81375752568505" lon="115.87817612951025">
        <ele>40.05779849458486</ele>
        <time>1970-01-01T00:37:58.600000Z</time>
        <extensions>
          <gpxtpx:TrackPointExtension>
            <gpxtpx:hr>159</gpxtpx:hr>
          </gpxtpx:TrackPointExtension>
        </extensions>
      </trkpt>
      <trkpt lat="28.813733678534003" lon="115.87817159386748">
        <ele>40.10102331545204</ele>
        <time>1970-01-01T00:37:59.600000Z</time>
        <extensions>
          <gpxtpx:TrackPointExtension>
            <gpxtpx:hr>159</gpxtpx:hr>
          </gpxtpx:TrackPointExtension>
        </extensions>
      </trkpt>
      <trkpt lat="28.813710808094434" lon="115.87816689837695">
        <ele>40.150027599185705</ele>
        <time>1970-01-01T00:38:00.600000Z</time>
        <extensions>
          <gpxtpx:TrackPointExtension>
            <gpxtpx:hr>158</gpxtpx:hr>
          </gpxtpx:TrackPointExtension>
        </extensions>
      </trkpt>
      <trkpt lat="28.8136885558897" lon="115.87816205963048">
        <ele>40.20473146252334</ele>
        <time>1970-01-01T00:38:01.600000Z</time>
        <extensions>
          <gpxtpx:TrackPointExtension>
            <gpxtpx:hr>158</gpxtpx:hr>
          </gpxtpx:TrackPointExtension>
        </extensions>
      </trkpt>
      <trkpt lat="28.813667144300794" lon="115.87815657466471">
        <ele>40.261433416977525</ele>
        <time>1970-01-01T00:38:02.600000Z</time>
        <extensions>
          <gpxtpx:TrackPointExtension>
            <gpxtpx:hr>158</gpxtpx:hr>
          </gpxtpx:TrackPointExtension>
        </extensions>
      </trkpt>
      <trkpt lat="28.813646081841537" lon="115.87815028420054">
        <ele>40.31446695700288</ele>
        <time>1970-01-01T00:38:03.600000Z</time>
        <extensions>
          <gpxtpx:TrackPointExtension>
            <gpxtpx:hr>158</gpxtpx:hr>
          </gpxtpx:TrackPointExtension>
        </extensions>
      </trkpt>
      <trkpt lat="28.8136245197399" lon="115.8781436887848">
        <ele>40.357956792227924</ele>
        <time>1970-01-01T00:38:04.600000Z</time>
        <extensions>
          <gpxtpx:TrackPointExtension>
            <gpxtpx:hr>158</gpxtpx:hr>
          </gpxtpx:TrackPointExtension>
        </extensions>
      </trkpt>
      <trkpt lat="28.81360271862137" lon="115.8781379005129">
        <ele>40.38850371725857</ele>
        <time>1970-01-01T00:38:05.600000Z</time>
        <extensions>
          <gpxtpx:TrackPointExtension>
            <gpxtpx:hr>158</gpxtpx:hr>
          </gpxtpx:TrackPointExtension>
        </extensions>
      </trkpt>
      <trkpt lat="28.81357997677095" lon="115.87813365015585">
        <ele>40.405931376852095</ele>
        <time>1970-01-01T00:38:06.600000Z</time>
        <extensions>
          <gpxtpx:TrackPointExtension>
            <gpxtpx:hr>158</gpxtpx:hr>
          </gpxtpx:TrackPointExtension>
        </extensions>
      </trkpt>
      <trkpt lat="28.813557552095745" lon="115.87813074209113">
        <ele>40.41299426369369</ele>
        <time>1970-01-01T00:38:07.600000Z</time>
        <extensions>
          <gpxtpx:TrackPointExtension>
            <gpxtpx:hr>158</gpxtpx:hr>
          </gpxtpx:TrackPointExtension>
        </extensions>
      </trkpt>
      <trkpt lat="28.81353564630838" lon="115.87812807991368">
        <ele>40.41449109092355</ele>
        <time>1970-01-01T00:38:08.600000Z</time>
        <extensions>
          <gpxtpx:TrackPointExtension>
            <gpxtpx:hr>158</gpxtpx:hr>
          </gpxtpx:TrackPointExtension>
        </extensions>
      </trkpt>
      <trkpt lat="28.813513653057797" lon="115.87812561087307">
        <ele>40.41637802030891</ele>
        <time>1970-01-01T00:38:09.600000Z</time>
        <extensions>
          <gpxtpx:TrackPointExtension>
            <gpxtpx:hr>157</gpxtpx:hr>
          </gpxtpx:TrackPointExtension>
        </extensions>
      </trkpt>
      <trkpt lat="28.81349180794447" lon="115.87812320648268">
        <ele>40.42347667738795</ele>
        <time>1970-01-01T00:38:10.600000Z</time>
        <extensions>
          <gpxtpx:TrackPointExtension>
            <gpxtpx:hr>157</gpxtpx:hr>
          </gpxtpx:TrackPointExtension>
        </extensions>
      </trkpt>
      <trkpt lat="28.81347015950228" lon="115.87812028574778">
        <ele>40.438468295149505</ele>
        <time>1970-01-01T00:38:11.600000Z</time>
        <extensions>
          <gpxtpx:TrackPointExtension>
            <gpxtpx:hr>157</gpxtpx:hr>
          </gpxtpx:TrackPointExtension>
        </extensions>
      </trkpt>
      <trkpt lat="28.813448982872377" lon="115.87811692632883">
        <ele>40.462344215251505</ele>
        <time>1970-01-01T00:38:12.600000Z</time>
        <extensions>
          <gpxtpx:TrackPointExtension>
            <gpxtpx:hr>157</gpxtpx:hr>
          </gpxtpx:TrackPointExtension>
        </extensions>
      </trkpt>
      <trkpt lat="28.81342869544622" lon="115.8781133885612">
        <ele>40.493958592414856</ele>
        <time>1970-01-01T00:38:13.600000Z</time>
        <extensions>
          <gpxtpx:TrackPointExtension>
            <gpxtpx:hr>157</gpxtpx:hr>
          </gpxtpx:TrackPointExtension>
        </extensions>
      </trkpt>
      <trkpt lat="28.813408744181423" lon="115.87810995548651">
        <ele>40.53032120317221</ele>
        <time>1970-01-01T00:38:14.600000Z</time>
        <extensions>
          <gpxtpx:TrackPointExtension>
            <gpxtpx:hr>158</gpxtpx:hr>
          </gpxtpx:TrackPointExtension>
        </extensions>
      </trkpt>
      <trkpt lat="28.813388065328418" lon="115.8781063304665">
        <ele>40.56740414630622</ele>
        <time>1970-01-01T00:38:15.600000Z</time>
        <extensions>
          <gpxtpx:TrackPointExtension>
            <gpxtpx:hr>158</gpxtpx:hr>
          </gpxtpx:TrackPointExtension>
        </extensions>
      </trkpt>
      <trkpt lat="28.813364781386518" lon="115.87810271313013">
        <ele>40.60101937595755</ele>
        <time>1970-01-01T00:38:16.600000Z</time>
        <extensions>
          <gpxtpx:TrackPointExtension>
            <gpxtpx:hr>158</gpxtpx:hr>
          </gpxtpx:TrackPointExtension>
        </extensions>
      </trkpt>
      <trkpt lat="28.813339204142665" lon="115.87809924440592">
        <ele>40.62731906864792</ele>
        <time>1970-01-01T00:38:17.600000Z</time>
        <extensions>
          <gpxtpx:TrackPointExtension>
            <gpxtpx:hr>158</gpxtpx:hr>
          </gpxtpx:TrackPointExtension>
        </extensions>
      </trkpt>
      <trkpt lat="28.81331404520723" lon="115.87809548631223">
        <ele>40.64232500176877</ele>
        <time>1970-01-01T00:38:18.600000Z</time>
        <extensions>
          <gpxtpx:TrackPointExtension>
            <gpxtpx:hr>158</gpxtpx:hr>
          </gpxtpx:TrackPointExtension>
        </extensions>
      </trkpt>
      <trkpt lat="28.81328983945131" lon="115.87809118894427">
        <ele>40.64343212265521</ele>
        <time>1970-01-01T00:38:19.600000Z</time>
        <extensions>
          <gpxtpx:TrackPointExtension>
            <gpxtpx:hr>158</gpxtpx:hr>
          </gpxtpx:TrackPointExtension>
        </extensions>
      </trkpt>
      <trkpt lat="28.8132667268862" lon="115.8780869624707">
        <ele>40.63008472509682</ele>
        <time>1970-01-01T00:38:20.600000Z</time>
        <extensions>
          <gpxtpx:TrackPointExtension>
            <gpxtpx:hr>158</gpxtpx:hr>
          </gpxtpx:TrackPointExtension>
        </extensions>
      </trkpt>
      <trkpt lat="28.813245145261245" lon="115.87808326189155">
        <ele>40.60349119268358</ele>
        <time>1970-01-01T00:38:21.600000Z</time>
        <extensions>
          <gpxtpx:TrackPointExtension>
            <gpxtpx:hr>160</gpxtpx:hr>
          </gpxtpx:TrackPointExtension>
        </extensions>
      </trkpt>
      <trkpt lat="28.813224535632937" lon="115.87807982561847">
        <ele>40.565413074567914</ele>
        <time>1970-01-01T00:38:22.600000Z</time>
        <extensions>
          <gpxtpx:TrackPointExtension>
            <gpxtpx:hr>160</gpxtpx:hr>
          </gpxtpx:TrackPointExtension>
        </extensions>
      </trkpt>
      <trkpt lat="28.813204008441716" lon="115.87807679507615">
        <ele>40.51899531669915</ele>
        <time>1970-01-01T00:38:23.600000Z</time>
        <extensions>
          <gpxtpx:TrackPointExtension>
            <gpxtpx:hr>160</gpxtpx:hr>
          </gpxtpx:TrackPointExtension>
        </extensions>
      </trkpt>
      <trkpt lat="28.813182835778097" lon="115.87807420462471">
        <ele>40.467060157097876</ele>
        <time>1970-01-01T00:38:24.600000Z</time>
        <extensions>
          <gpxtpx:TrackPointExtension>
            <gpxtpx:hr>160</gpxtpx:hr>
          </gpxtpx:TrackPointExtension>
        </extensions>
      </trkpt>
      <trkpt lat="28.813160873833496" lon="115.87807189794442">
        <ele>40.411233983933926</ele>
        <time>1970-01-01T00:38:25.600000Z</time>
        <extensions>
          <gpxtpx:TrackPointExtension>
            <gpxtpx:hr>160</gpxtpx:hr>
          </gpxtpx:TrackPointExtension>
        </extensions>
      </trkpt>
      <trkpt lat="28.813139085733475" lon="115.87806971354675">
        <ele>40.352877787314355</ele>
        <time>1970-01-01T00:38:26.600000Z</time>
        <extensions>
          <gpxtpx:TrackPointExtension>
            <gpxtpx:hr>160</gpxtpx:hr>
          </gpxtpx:TrackPointExtension>
        </extensions>
      </trkpt>
      <trkpt lat="28.813117643124052" lon="115.87806748148103">
        <ele>40.29341856576502</ele>
        <time>1970-01-01T00:38:27.600000Z</time>
        <extensions>
          <gpxtpx:TrackPointExtension>
            <gpxtpx:hr>160</gpxtpx:hr>
          </gpxtpx:TrackPointExtension>
        </extensions>
      </trkpt>
      <trkpt lat="28.8130965977622" lon="115.87806491382447">
        <ele>40.23541758209467</ele>
        <time>1970-01-01T00:38:28.600000Z</time>
        <extensions>
          <gpxtpx:TrackPointExtension>
            <gpxtpx:hr>160</gpxtpx:hr>
          </gpxtpx:TrackPointExtension>
        </extensions>
      </trkpt>
      <trkpt lat="28.81307562115285" lon="115.87806203866992">
        <ele>40.18271968513727</ele>
        <time>1970-01-01T00:38:29.600000Z</time>
        <extensions>
          <gpxtpx:TrackPointExtension>
            <gpxtpx:hr>160</gpxtpx:hr>
          </gpxtpx:TrackPointExtension>
        </extensions>
      </trkpt>
      <trkpt lat="28.813054393810244" lon="115.87805892067848">
        <ele>40.14014027826488</ele>
        <time>1970-01-01T00:38:30.600000Z</time>
        <extensions>
          <gpxtpx:TrackPointExtension>
            <gpxtpx:hr>159</gpxtpx:hr>
          </gpxtpx:TrackPointExtension>
        </extensions>
      </trkpt>
      <trkpt lat="28.81303283772556" lon="115.87805538798243">
        <ele>40.11220521572977</ele>
        <time>1970-01-01T00:38:31.600000Z</time>
        <extensions>
          <gpxtpx:TrackPointExtension>
            <gpxtpx:hr>159</gpxtpx:hr>
          </gpxtpx:TrackPointExtension>
        </extensions>
      </trkpt>
      <trkpt lat="28.813011016483053" lon="115.87805149738504">
        <ele>40.102545481175184</ele>
        <time>1970-01-01T00:38:32.600000Z</time>
        <extensions>
          <gpxtpx:TrackPointExtension>
            <gpxtpx:hr>159</gpxtpx:hr>
          </gpxtpx:TrackPointExtension>
        </extensions>
      </trkpt>
      <trkpt lat="28.812989203150625" lon="115.87804759361534">
        <ele>40.11281278915703</ele>
        <time>1970-01-01T00:38:33.600000Z</time>
        <extensions>
          <gpxtpx:TrackPointExtension>
            <gpxtpx:hr>159</gpxtpx:hr>
          </gpxtpx:TrackPointExtension>
        </extensions>
      </trkpt>
      <trkpt lat="28.812967751975485" lon="115.87804438670308">
        <ele>40.142546985298395</ele>
        <time>1970-01-01T00:38:34.600000Z</time>
        <extensions>
          <gpxtpx:TrackPointExtension>
            <gpxtpx:hr>159</gpxtpx:hr>
          </gpxtpx:TrackPointExtension>
        </extensions>
      </trkpt>
      <trkpt lat="28.812947182952037" lon="115.87804216425701">
        <ele>40.189307297579944</ele>
        <time>1970-01-01T00:38:35.600000Z</time>
        <extensions>
          <gpxtpx:TrackPointExtension>
            <gpxtpx:hr>158</gpxtpx:hr>
          </gpxtpx:TrackPointExtension>
        </extensions>
      </trkpt>
      <trkpt lat="28.812927457350472" lon="115.87803979972254">
        <ele>40.25004094745964</ele>
        <time>1970-01-01T00:38:36.700000Z</time>
        <extensions>
          <gpxtpx:TrackPointExtension>
            <gpxtpx:hr>158</gpxtpx:hr>
          </gpxtpx:TrackPointExtension>
        </extensions>
      </trkpt>
      <trkpt lat="28.812908343355723" lon="115.87803633471783">
        <ele>40.321096228435636</ele>
        <time>1970-01-01T00:38:37.700000Z</time>
        <extensions>
          <gpxtpx:TrackPointExtension>
            <gpxtpx:hr>158</gpxtpx:hr>
          </gpxtpx:TrackPointExtension>
        </extensions>
      </trkpt>
      <trkpt lat="28.812888965168973" lon="115.87803169970657">
        <ele>40.39877874776721</ele>
        <time>1970-01-01T00:38:38.700000Z</time>
        <extensions>
          <gpxtpx:TrackPointExtension>
            <gpxtpx:hr>158</gpxtpx:hr>
          </gpxtpx:TrackPointExtension>
        </extensions>
      </trkpt>
      <trkpt lat="28.812869161468807" lon="115.87802642097402">
        <ele>40.47987635433674</ele>
        <time>1970-01-01T00:38:39.700000Z</time>
        <extensions>
          <gpxtpx:TrackPointExtension>
            <gpxtpx:hr>158</gpxtpx:hr>
          </gpxtpx:TrackPointExtension>
        </extensions>
      </trkpt>
      <trkpt lat="28.812849189692134" lon="115.87802083549752">
        <ele>40.56286022346467</ele>
        <time>1970-01-01T00:38:40.700000Z</time>
        <extensions>
          <gpxtpx:TrackPointExtension>
            <gpxtpx:hr>158</gpxtpx:hr>
          </gpxtpx:TrackPointExtension>
        </extensions>
      </trkpt>
      <trkpt lat="28.812829187497652" lon="115.87801470613206">
        <ele>40.64619208313525</ele>
        <time>1970-01-01T00:38:41.700000Z</time>
        <extensions>
          <gpxtpx:TrackPointExtension>
            <gpxtpx:hr>158</gpxtpx:hr>
          </gpxtpx:TrackPointExtension>
        </extensions>
      </trkpt>
      <trkpt lat="28.81280912899672" lon="115.87800791991046">
        <ele>40.72942454367876</ele>
        <time>1970-01-01T00:38:42.700000Z</time>
        <extensions>
          <gpxtpx:TrackPointExtension>
            <gpxtpx:hr>158</gpxtpx:hr>
          </gpxtpx:TrackPointExtension>
        </extensions>
      </trkpt>
      <trkpt lat="28.812788708071267" lon="115.87800113418558">
        <ele>40.812449029646814</ele>
        <time>1970-01-01T00:38:43.700000Z</time>
        <extensions>
          <gpxtpx:TrackPointExtension>
            <gpxtpx:hr>158</gpxtpx:hr>
          </gpxtpx:TrackPointExtension>
        </extensions>
      </trkpt>
      <trkpt lat="28.812767828522194" lon="115.877995052452">
        <ele>40.89458953309804</ele>
        <time>1970-01-01T00:38:44.700000Z</time>
        <extensions>
          <gpxtpx:TrackPointExtension>
            <gpxtpx:hr>158</gpxtpx:hr>
          </gpxtpx:TrackPointExtension>
        </extensions>
      </trkpt>
      <trkpt lat="28.812746757237555" lon="115.87798931745947">
        <ele>40.97409454733133</ele>
        <time>1970-01-01T00:38:45.700000Z</time>
        <extensions>
          <gpxtpx:TrackPointExtension>
            <gpxtpx:hr>158</gpxtpx:hr>
          </gpxtpx:TrackPointExtension>
        </extensions>
      </trkpt>
      <trkpt lat="28.812725907637923" lon="115.87798343348392">
        <ele>41.048427229747176</ele>
        <time>1970-01-01T00:38:46.700000Z</time>
        <extensions>
          <gpxtpx:TrackPointExtension>
            <gpxtpx:hr>157</gpxtpx:hr>
          </gpxtpx:TrackPointExtension>
        </extensions>
      </trkpt>
      <trkpt lat="28.81270538807918" lon="115.87797725214155">
        <ele>41.11405760142952</ele>
        <time>1970-01-01T00:38:47.700000Z</time>
        <extensions>
          <gpxtpx:TrackPointExtension>
            <gpxtpx:hr>157</gpxtpx:hr>
          </gpxtpx:TrackPointExtension>
        </extensions>
      </trkpt>
      <trkpt lat="28.81268501762538" lon="115.87797145691427">
        <ele>41.16724776662886</ele>
        <time>1970-01-01T00:38:48.700000Z</time>
        <extensions>
          <gpxtpx:TrackPointExtension>
            <gpxtpx:hr>157</gpxtpx:hr>
          </gpxtpx:TrackPointExtension>
        </extensions>
      </trkpt>
      <trkpt lat="28.81266422405234" lon="115.87796626830301">
        <ele>41.20546977035701</ele>
        <time>1970-01-01T00:38:49.700000Z</time>
        <extensions>
          <gpxtpx:TrackPointExtension>
            <gpxtpx:hr>157</gpxtpx:hr>
          </gpxtpx:TrackPointExtension>
        </extensions>
      </trkpt>
      <trkpt lat="28.812643141648962" lon="115.87796107517534">
        <ele>41.227614608593285</ele>
        <time>1970-01-01T00:38:50.700000Z</time>
        <extensions>
          <gpxtpx:TrackPointExtension>
            <gpxtpx:hr>160</gpxtpx:hr>
          </gpxtpx:TrackPointExtension>
        </extensions>
      </trkpt>
      <trkpt lat="28.812622213236693" lon="115.87795531240411">
        <ele>41.23466367740184</ele>
        <time>1970-01-01T00:38:51.700000Z</time>
        <extensions>
          <gpxtpx:TrackPointExtension>
            <gpxtpx:hr>160</gpxtpx:hr>
          </gpxtpx:TrackPointExtension>
        </extensions>
      </trkpt>
      <trkpt lat="28.812601576516446" lon="115.87794868661706">
        <ele>41.2295439299196</ele>
        <time>1970-01-01T00:38:52.700000Z</time>
        <extensions>
          <gpxtpx:TrackPointExtension>
            <gpxtpx:hr>160</gpxtpx:hr>
          </gpxtpx:TrackPointExtension>
        </extensions>
      </trkpt>
      <trkpt lat="28.812581140950588" lon="115.8779418180138">
        <ele>41.21665734425187</ele>
        <time>1970-01-01T00:38:53.700000Z</time>
        <extensions>
          <gpxtpx:TrackPointExtension>
            <gpxtpx:hr>160</gpxtpx:hr>
          </gpxtpx:TrackPointExtension>
        </extensions>
      </trkpt>
      <trkpt lat="28.81256055549125" lon="115.87793546044327">
        <ele>41.201464334502816</ele>
        <time>1970-01-01T00:38:54.700000Z</time>
        <extensions>
          <gpxtpx:TrackPointExtension>
            <gpxtpx:hr>160</gpxtpx:hr>
          </gpxtpx:TrackPointExtension>
        </extensions>
      </trkpt>
      <trkpt lat="28.81253968442125" lon="115.87792999377349">
        <ele>41.1893781516701</ele>
        <time>1970-01-01T00:38:55.700000Z</time>
        <extensions>
          <gpxtpx:TrackPointExtension>
            <gpxtpx:hr>162</gpxtpx:hr>
          </gpxtpx:TrackPointExtension>
        </extensions>
      </trkpt>
      <trkpt lat="28.812518945949748" lon="115.87792537886034">
        <ele>41.18492828030139</ele>
        <time>1970-01-01T00:38:56.700000Z</time>
        <extensions>
          <gpxtpx:TrackPointExtension>
            <gpxtpx:hr>162</gpxtpx:hr>
          </gpxtpx:TrackPointExtension>
        </extensions>
      </trkpt>
      <trkpt lat="28.81249855761752" lon="115.87792140873316">
        <ele>41.19131363555789</ele>
        <time>1970-01-01T00:38:57.700000Z</time>
        <extensions>
          <gpxtpx:TrackPointExtension>
            <gpxtpx:hr>162</gpxtpx:hr>
          </gpxtpx:TrackPointExtension>
        </extensions>
      </trkpt>
      <trkpt lat="28.812478103943704" lon="115.87791753083877">
        <ele>41.210221777670085</ele>
        <time>1970-01-01T00:38:58.700000Z</time>
        <extensions>
          <gpxtpx:TrackPointExtension>
            <gpxtpx:hr>162</gpxtpx:hr>
          </gpxtpx:TrackPointExtension>
        </extensions>
      </trkpt>
      <trkpt lat="28.812457574102954" lon="115.8779130325422">
        <ele>41.24124493077397</ele>
        <time>1970-01-01T00:38:59.700000Z</time>
        <extensions>
          <gpxtpx:TrackPointExtension>
            <gpxtpx:hr>162</gpxtpx:hr>
          </gpxtpx:TrackPointExtension>
        </extensions>
      </trkpt>
      <trkpt lat="28.812437375793376" lon="115.87790798596359">
        <ele>41.28304714523256</ele>
        <time>1970-01-01T00:39:00.700000Z</time>
        <extensions>
          <gpxtpx:TrackPointExtension>
            <gpxtpx:hr>162</gpxtpx:hr>
          </gpxtpx:TrackPointExtension>
        </extensions>
      </trkpt>
      <trkpt lat="28.812417809480806" lon="115.87790259047675">
        <ele>41.333637659437954</ele>
        <time>1970-01-01T00:39:01.700000Z</time>
        <extensions>
          <gpxtpx:TrackPointExtension>
            <gpxtpx:hr>162</gpxtpx:hr>
          </gpxtpx:TrackPointExtension>
        </extensions>
      </trkpt>
      <trkpt lat="28.812399344379173" lon="115.87789609265369">
        <ele>41.390623641200364</ele>
        <time>1970-01-01T00:39:02.700000Z</time>
        <extensions>
          <gpxtpx:TrackPointExtension>
            <gpxtpx:hr>162</gpxtpx:hr>
          </gpxtpx:TrackPointExtension>
        </extensions>
      </trkpt>
      <trkpt lat="28.812382091397605" lon="115.87788769996799">
        <ele>41.45154729951173</ele>
        <time>1970-01-01T00:39:03.700000Z</time>
        <extensions>
          <gpxtpx:TrackPointExtension>
            <gpxtpx:hr>162</gpxtpx:hr>
          </gpxtpx:TrackPointExtension>
        </extensions>
      </trkpt>
      <trkpt lat="28.812365755131825" lon="115.87787805348978">
        <ele>41.5134546905756</ele>
        <time>1970-01-01T00:39:04.700000Z</time>
        <extensions>
          <gpxtpx:TrackPointExtension>
            <gpxtpx:hr>164</gpxtpx:hr>
          </gpxtpx:TrackPointExtension>
        </extensions>
      </trkpt>
      <trkpt lat="28.812348976369933" lon="115.87786793800215">
        <ele>41.573169227689505</ele>
        <time>1970-01-01T00:39:05.700000Z</time>
        <extensions>
          <gpxtpx:TrackPointExtension>
            <gpxtpx:hr>164</gpxtpx:hr>
          </gpxtpx:TrackPointExtension>
        </extensions>
      </trkpt>
      <trkpt lat="28.812330987390624" lon="115.87785914443943">
        <ele>41.62775163073093</ele>
        <time>1970-01-01T00:39:06.700000Z</time>
        <extensions>
          <gpxtpx:TrackPointExtension>
            <gpxtpx:hr>164</gpxtpx:hr>
          </gpxtpx:TrackPointExtension>
        </extensions>
      </trkpt>
      <trkpt lat="28.81231160579711" lon="115.87785345539459">
        <ele>41.67488748021424</ele>
        <time>1970-01-01T00:39:07.700000Z</time>
        <extensions>
          <gpxtpx:TrackPointExtension>
            <gpxtpx:hr>164</gpxtpx:hr>
          </gpxtpx:TrackPointExtension>
        </extensions>
      </trkpt>
      <trkpt lat="28.81229139040377" lon="115.8778497943167">
        <ele>41.71290332172066</ele>
        <time>1970-01-01T00:39:08.700000Z</time>
        <extensions>
          <gpxtpx:TrackPointExtension>
            <gpxtpx:hr>164</gpxtpx:hr>
          </gpxtpx:TrackPointExtension>
        </extensions>
      </trkpt>
      <trkpt lat="28.81227090023244" lon="115.87784648951732">
        <ele>41.74121785629541</ele>
        <time>1970-01-01T00:39:09.700000Z</time>
        <extensions>
          <gpxtpx:TrackPointExtension>
            <gpxtpx:hr>164</gpxtpx:hr>
          </gpxtpx:TrackPointExtension>
        </extensions>
      </trkpt>
      <trkpt lat="28.81225019326314" lon="115.87784241768108">
        <ele>41.76024546660483</ele>
        <time>1970-01-01T00:39:10.700000Z</time>
        <extensions>
          <gpxtpx:TrackPointExtension>
            <gpxtpx:hr>164</gpxtpx:hr>
          </gpxtpx:TrackPointExtension>
        </extensions>
      </trkpt>
      <trkpt lat="28.812229907126767" lon="115.87783739237472">
        <ele>41.771220424212515</ele>
        <time>1970-01-01T00:39:11.700000Z</time>
        <extensions>
          <gpxtpx:TrackPointExtension>
            <gpxtpx:hr>164</gpxtpx:hr>
          </gpxtpx:TrackPointExtension>
        </extensions>
      </trkpt>
      <trkpt lat="28.812210304279002" lon="115.87783117342097">
        <ele>41.775949521921575</ele>
        <time>1970-01-01T00:39:12.700000Z</time>
        <extensions>
          <gpxtpx:TrackPointExtension>
            <gpxtpx:hr>164</gpxtpx:hr>
          </gpxtpx:TrackPointExtension>
        </extensions>
      </trkpt>
      <trkpt lat="28.812191336367786" lon="115.87782363193514">
        <ele>41.77651592902839</ele>
        <time>1970-01-01T00:39:13.700000Z</time>
        <extensions>
          <gpxtpx:TrackPointExtension>
            <gpxtpx:hr>164</gpxtpx:hr>
          </gpxtpx:TrackPointExtension>
        </extensions>
      </trkpt>
      <trkpt lat="28.812172674251222" lon="115.87781557895589">
        <ele>41.775688629597425</ele>
        <time>1970-01-01T00:39:14.700000Z</time>
        <extensions>
          <gpxtpx:TrackPointExtension>
            <gpxtpx:hr>161</gpxtpx:hr>
          </gpxtpx:TrackPointExtension>
        </extensions>
      </trkpt>
      <trkpt lat="28.812153984368805" lon="115.8778076882863">
        <ele>41.77599580865353</ele>
        <time>1970-01-01T00:39:15.700000Z</time>
        <extensions>
          <gpxtpx:TrackPointExtension>
            <gpxtpx:hr>161</gpxtpx:hr>
          </gpxtpx:TrackPointExtension>
        </extensions>
      </trkpt>
      <trkpt lat="28.812135104123872" lon="115.87780000792534">
        <ele>41.779260067269206</ele>
        <time>1970-01-01T00:39:16.700000Z</time>
        <extensions>
          <gpxtpx:TrackPointExtension>
            <gpxtpx:hr>161</gpxtpx:hr>
          </gpxtpx:TrackPointExtension>
        </extensions>
      </trkpt>
      <trkpt lat="28.81211607524739" lon="115.87779269918867">
        <ele>41.786916247569025</ele>
        <time>1970-01-01T00:39:17.700000Z</time>
        <extensions>
          <gpxtpx:TrackPointExtension>
            <gpxtpx:hr>161</gpxtpx:hr>
          </gpxtpx:TrackPointExtension>
        </extensions>
      </trkpt>
      <trkpt lat="28.812096739684367" lon="115.8777857559267">
        <ele>41.799962419085205</ele>
        <time>1970-01-01T00:39:18.700000Z</time>
        <extensions>
          <gpxtpx:TrackPointExtension>
            <gpxtpx:hr>161</gpxtpx:hr>
          </gpxtpx:TrackPointExtension>
        </extensions>
      </trkpt>
      <trkpt lat="28.812077384538398" lon="115.8777788230301">
        <ele>41.81895202025771</ele>
        <time>1970-01-01T00:39:19.700000Z</time>
        <extensions>
          <gpxtpx:TrackPointExtension>
            <gpxtpx:hr>160</gpxtpx:hr>
          </gpxtpx:TrackPointExtension>
        </extensions>
      </trkpt>
      <trkpt lat="28.812058053028597" lon="115.87777159020045">
        <ele>41.84448653366417</ele>
        <time>1970-01-01T00:39:20.700000Z</time>
        <extensions>
          <gpxtpx:TrackPointExtension>
            <gpxtpx:hr>160</gpxtpx:hr>
          </gpxtpx:TrackPointExtension>
        </extensions>
      </trkpt>
      <trkpt lat="28.81203871737562" lon="115.87776406899951">
        <ele>41.8775080582127</ele>
        <time>1970-01-01T00:39:21.700000Z</time>
        <extensions>
          <gpxtpx:TrackPointExtension>
            <gpxtpx:hr>160</gpxtpx:hr>
          </gpxtpx:TrackPointExtension>
        </extensions>
      </trkpt>
      <trkpt lat="28.812019416341034" lon="115.87775620231032">
        <ele>41.91869941260666</ele>
        <time>1970-01-01T00:39:22.700000Z</time>
        <extensions>
          <gpxtpx:TrackPointExtension>
            <gpxtpx:hr>160</gpxtpx:hr>
          </gpxtpx:TrackPointExtension>
        </extensions>
      </trkpt>
      <trkpt lat="28.81200013520548" lon="115.8777475091253">
        <ele>41.96867917198688</ele>
        <time>1970-01-01T00:39:23.700000Z</time>
        <extensions>
          <gpxtpx:TrackPointExtension>
            <gpxtpx:hr>160</gpxtpx:hr>
          </gpxtpx:TrackPointExtension>
        </extensions>
      </trkpt>
      <trkpt lat="28.811980913671395" lon="115.87773820597431">
        <ele>42.02700044773519</ele>
        <time>1970-01-01T00:39:24.700000Z</time>
        <extensions>
          <gpxtpx:TrackPointExtension>
            <gpxtpx:hr>160</gpxtpx:hr>
          </gpxtpx:TrackPointExtension>
        </extensions>
      </trkpt>
      <trkpt lat="28.811961318666597" lon="115.87772938684833">
        <ele>42.09209276176989</ele>
        <time>1970-01-01T00:39:25.700000Z</time>
        <extensions>
          <gpxtpx:TrackPointExtension>
            <gpxtpx:hr>160</gpxtpx:hr>
          </gpxtpx:TrackPointExtension>
        </extensions>
      </trkpt>
      <trkpt lat="28.811941285834493" lon="115.87772089097984">
        <ele>42.16148370411247</ele>
        <time>1970-01-01T00:39:26.700000Z</time>
        <extensions>
          <gpxtpx:TrackPointExtension>
            <gpxtpx:hr>160</gpxtpx:hr>
          </gpxtpx:TrackPointExtension>
        </extensions>
      </trkpt>
      <trkpt lat="28.811921311241825" lon="115.87771186726742">
        <ele>42.23168956488371</ele>
        <time>1970-01-01T00:39:27.700000Z</time>
        <extensions>
          <gpxtpx:TrackPointExtension>
            <gpxtpx:hr>159</gpxtpx:hr>
          </gpxtpx:TrackPointExtension>
        </extensions>
      </trkpt>
      <trkpt lat="28.811901822003378" lon="115.87770221968901">
        <ele>42.29903929494321</ele>
        <time>1970-01-01T00:39:28.700000Z</time>
        <extensions>
          <gpxtpx:TrackPointExtension>
            <gpxtpx:hr>159</gpxtpx:hr>
          </gpxtpx:TrackPointExtension>
        </extensions>
      </trkpt>
      <trkpt lat="28.811882593831704" lon="115.87769262980704">
        <ele>42.35987937729806</ele>
        <time>1970-01-01T00:39:29.700000Z</time>
        <extensions>
          <gpxtpx:TrackPointExtension>
            <gpxtpx:hr>159</gpxtpx:hr>
          </gpxtpx:TrackPointExtension>
        </extensions>
      </trkpt>
      <trkpt lat="28.811863328186806" lon="115.87768339042867">
        <ele>42.41084981430322</ele>
        <time>1970-01-01T00:39:30.700000Z</time>
        <extensions>
          <gpxtpx:TrackPointExtension>
            <gpxtpx:hr>159</gpxtpx:hr>
          </gpxtpx:TrackPointExtension>
        </extensions>
      </trkpt>
      <trkpt lat="28.811843979977652" lon="115.87767433149556">
        <ele>42.44911297690123</ele>
        <time>1970-01-01T00:39:31.700000Z</time>
        <extensions>
          <gpxtpx:TrackPointExtension>
            <gpxtpx:hr>159</gpxtpx:hr>
          </gpxtpx:TrackPointExtension>
        </extensions>
      </trkpt>
      <trkpt lat="28.811824267022256" lon="115.87766536885894">
        <ele>42.473243231885135</ele>
        <time>1970-01-01T00:39:32.700000Z</time>
        <extensions>
          <gpxtpx:TrackPointExtension>
            <gpxtpx:hr>159</gpxtpx:hr>
          </gpxtpx:TrackPointExtension>
        </extensions>
      </trkpt>
      <trkpt lat="28.811804072572503" lon="115.87765651290704">
        <ele>42.4826502231881</ele>
        <time>1970-01-01T00:39:33.700000Z</time>
        <extensions>
          <gpxtpx:TrackPointExtension>
            <gpxtpx:hr>159</gpxtpx:hr>
          </gpxtpx:TrackPointExtension>
        </extensions>
      </trkpt>
      <trkpt lat="28.81178344279237" lon="115.87764822877642">
        <ele>42.47773274406791</ele>
        <time>1970-01-01T00:39:34.700000Z</time>
        <extensions>
          <gpxtpx:TrackPointExtension>
            <gpxtpx:hr>159</gpxtpx:hr>
          </gpxtpx:TrackPointExtension>
        </extensions>
      </trkpt>
      <trkpt lat="28.81176301773096" lon="115.87764119403121">
        <ele>42.459836680442095</ele>
        <time>1970-01-01T00:39:35.700000Z</time>
        <extensions>
          <gpxtpx:TrackPointExtension>
            <gpxtpx:hr>159</gpxtpx:hr>
          </gpxtpx:TrackPointExtension>
        </extensions>
      </trkpt>
      <trkpt lat="28.81174288772719" lon="115.87763516309134">
        <ele>42.430919578298926</ele>
        <time>1970-01-01T00:39:36.700000Z</time>
        <extensions>
          <gpxtpx:TrackPointExtension>
            <gpxtpx:hr>160</gpxtpx:hr>
          </gpxtpx:TrackPointExtension>
        </extensions>
      </trkpt>
      <trkpt lat="28.81172309236454" lon="115.87762901660248">
        <ele>42.393267434090376</ele>
        <time>1970-01-01T00:39:37.700000Z</time>
        <extensions>
          <gpxtpx:TrackPointExtension>
            <gpxtpx:hr>160</gpxtpx:hr>
          </gpxtpx:TrackPointExtension>
        </extensions>
      </trkpt>
      <trkpt lat="28.811703691599096" lon="115.87762247995941">
        <ele>42.34949527774006</ele>
        <time>1970-01-01T00:39:38.700000Z</time>
        <extensions>
          <gpxtpx:TrackPointExtension>
            <gpxtpx:hr>160</gpxtpx:hr>
          </gpxtpx:TrackPointExtension>
        </extensions>
      </trkpt>
      <trkpt lat="28.81168453194267" lon="115.87761596058584">
        <ele>42.30259623192251</ele>
        <time>1970-01-01T00:39:39.700000Z</time>
        <extensions>
          <gpxtpx:TrackPointExtension>
            <gpxtpx:hr>160</gpxtpx:hr>
          </gpxtpx:TrackPointExtension>
        </extensions>
      </trkpt>
      <trkpt lat="28.811665121716455" lon="115.87760886881185">
        <ele>42.25586647260934</ele>
        <time>1970-01-01T00:39:40.700000Z</time>
        <extensions>
          <gpxtpx:TrackPointExtension>
            <gpxtpx:hr>160</gpxtpx:hr>
          </gpxtpx:TrackPointExtension>
        </extensions>
      </trkpt>
      <trkpt lat="28.81164553516181" lon="115.87760151857702">
        <ele>42.21214644610882</ele>
        <time>1970-01-01T00:39:41.700000Z</time>
        <extensions>
          <gpxtpx:TrackPointExtension>
            <gpxtpx:hr>160</gpxtpx:hr>
          </gpxtpx:TrackPointExtension>
        </extensions>
      </trkpt>
      <trkpt lat="28.811626134278544" lon="115.87759464752813">
        <ele>42.17337939236313</ele>
        <time>1970-01-01T00:39:42.700000Z</time>
        <extensions>
          <gpxtpx:TrackPointExtension>
            <gpxtpx:hr>161</gpxtpx:hr>
          </gpxtpx:TrackPointExtension>
        </extensions>
      </trkpt>
      <trkpt lat="28.811607109256514" lon="115.8775882096107">
        <ele>42.14069089759141</ele>
        <time>1970-01-01T00:39:43.700000Z</time>
        <extensions>
          <gpxtpx:TrackPointExtension>
            <gpxtpx:hr>161</gpxtpx:hr>
          </gpxtpx:TrackPointExtension>
        </extensions>
      </trkpt>
      <trkpt lat="28.811588188505944" lon="115.87758184402355">
        <ele>42.114485589787364</ele>
        <time>1970-01-01T00:39:44.700000Z</time>
        <extensions>
          <gpxtpx:TrackPointExtension>
            <gpxtpx:hr>161</gpxtpx:hr>
          </gpxtpx:TrackPointExtension>
        </extensions>
      </trkpt>
      <trkpt lat="28.811569340829124" lon="115.87757531670874">
        <ele>42.09423873759806</ele>
        <time>1970-01-01T00:39:45.700000Z</time>
        <extensions>
          <gpxtpx:TrackPointExtension>
            <gpxtpx:hr>161</gpxtpx:hr>
          </gpxtpx:TrackPointExtension>
        </extensions>
      </trkpt>
      <trkpt lat="28.811550919874463" lon="115.87756813485298">
        <ele>42.079130618833005</ele>
        <time>1970-01-01T00:39:46.700000Z</time>
        <extensions>
          <gpxtpx:TrackPointExtension>
            <gpxtpx:hr>161</gpxtpx:hr>
          </gpxtpx:TrackPointExtension>
        </extensions>
      </trkpt>
      <trkpt lat="28.811533249188273" lon="115.8775591174731">
        <ele>42.0683904979378</ele>
        <time>1970-01-01T00:39:47.700000Z</time>
        <extensions>
          <gpxtpx:TrackPointExtension>
            <gpxtpx:hr>161</gpxtpx:hr>
          </gpxtpx:TrackPointExtension>
        </extensions>
      </trkpt>
      <trkpt lat="28.811516261664515" lon="115.87754840846216">
        <ele>42.061096771620214</ele>
        <time>1970-01-01T00:39:48.700000Z</time>
        <extensions>
          <gpxtpx:TrackPointExtension>
            <gpxtpx:hr>161</gpxtpx:hr>
          </gpxtpx:TrackPointExtension>
        </extensions>
      </trkpt>
      <trkpt lat="28.811499095066914" lon="115.87753807208846">
        <ele>42.05589988362044</ele>
        <time>1970-01-01T00:39:49.700000Z</time>
        <extensions>
          <gpxtpx:TrackPointExtension>
            <gpxtpx:hr>164</gpxtpx:hr>
          </gpxtpx:TrackPointExtension>
        </extensions>
      </trkpt>
      <trkpt lat="28.811481370019372" lon="115.8775292014328">
        <ele>42.05174614023417</ele>
        <time>1970-01-01T00:39:50.700000Z</time>
        <extensions>
          <gpxtpx:TrackPointExtension>
            <gpxtpx:hr>164</gpxtpx:hr>
          </gpxtpx:TrackPointExtension>
        </extensions>
      </trkpt>
      <trkpt lat="28.811463348805262" lon="115.87752143975474">
        <ele>42.04760451707989</ele>
        <time>1970-01-01T00:39:51.700000Z</time>
        <extensions>
          <gpxtpx:TrackPointExtension>
            <gpxtpx:hr>164</gpxtpx:hr>
          </gpxtpx:TrackPointExtension>
        </extensions>
      </trkpt>
      <trkpt lat="28.811445374998286" lon="115.87751434119343">
        <ele>42.042574561201036</ele>
        <time>1970-01-01T00:39:52.700000Z</time>
        <extensions>
          <gpxtpx:TrackPointExtension>
            <gpxtpx:hr>164</gpxtpx:hr>
          </gpxtpx:TrackPointExtension>
        </extensions>
      </trkpt>
      <trkpt lat="28.81142784903721" lon="115.87750747162227">
        <ele>42.03626807034016</ele>
        <time>1970-01-01T00:39:53.700000Z</time>
        <extensions>
          <gpxtpx:TrackPointExtension>
            <gpxtpx:hr>164</gpxtpx:hr>
          </gpxtpx:TrackPointExtension>
        </extensions>
      </trkpt>
      <trkpt lat="28.811410836775384" lon="115.87750019186318">
        <ele>42.029383982531726</ele>
        <time>1970-01-01T00:39:54.700000Z</time>
        <extensions>
          <gpxtpx:TrackPointExtension>
            <gpxtpx:hr>163</gpxtpx:hr>
          </gpxtpx:TrackPointExtension>
        </extensions>
      </trkpt>
      <trkpt lat="28.81139397913693" lon="115.87749298410017">
        <ele>42.02269472461194</ele>
        <time>1970-01-01T00:39:55.600000Z</time>
        <extensions>
          <gpxtpx:TrackPointExtension>
            <gpxtpx:hr>163</gpxtpx:hr>
          </gpxtpx:TrackPointExtension>
        </extensions>
      </trkpt>
      <trkpt lat="28.81137677166999" lon="115.87748623771213">
        <ele>42.01734282169491</ele>
        <time>1970-01-01T00:39:56.600000Z</time>
        <extensions>
          <gpxtpx:TrackPointExtension>
            <gpxtpx:hr>163</gpxtpx:hr>
          </gpxtpx:TrackPointExtension>
        </extensions>
      </trkpt>
      <trkpt lat="28.81135929495075" lon="115.87747985175365">
        <ele>42.01425196044147</ele>
        <time>1970-01-01T00:39:57.600000Z</time>
        <extensions>
          <gpxtpx:TrackPointExtension>
            <gpxtpx:hr>163</gpxtpx:hr>
          </gpxtpx:TrackPointExtension>
        </extensions>
      </trkpt>
      <trkpt lat="28.811341373646485" lon="115.87747388500206">
        <ele>42.01365689467639</ele>
        <time>1970-01-01T00:39:58.600000Z</time>
        <extensions>
          <gpxtpx:TrackPointExtension>
            <gpxtpx:hr>163</gpxtpx:hr>
          </gpxtpx:TrackPointExtension>
        </extensions>
      </trkpt>
      <trkpt lat="28.811323021892033" lon="115.87746859678744">
        <ele>42.014461311511695</ele>
        <time>1970-01-01T00:39:59.600000Z</time>
        <extensions>
          <gpxtpx:TrackPointExtension>
            <gpxtpx:hr>163</gpxtpx:hr>
          </gpxtpx:TrackPointExtension>
        </extensions>
      </trkpt>
      <trkpt lat="28.81130460378037" lon="115.87746395896355">
        <ele>42.015071735717356</ele>
        <time>1970-01-01T00:40:00.600000Z</time>
        <extensions>
          <gpxtpx:TrackPointExtension>
            <gpxtpx:hr>163</gpxtpx:hr>
          </gpxtpx:TrackPointExtension>
        </extensions>
      </trkpt>
      <trkpt lat="28.811286727831998" lon="115.87745966406533">
        <ele>42.01324990950525</ele>
        <time>1970-01-01T00:40:01.600000Z</time>
        <extensions>
          <gpxtpx:TrackPointExtension>
            <gpxtpx:hr>163</gpxtpx:hr>
          </gpxtpx:TrackPointExtension>
        </extensions>
      </trkpt>
      <trkpt lat="28.811269055243844" lon="115.87745487986727">
        <ele>42.00694250129163</ele>
        <time>1970-01-01T00:40:02.600000Z</time>
        <extensions>
          <gpxtpx:TrackPointExtension>
            <gpxtpx:hr>160</gpxtpx:hr>
          </gpxtpx:TrackPointExtension>
        </extensions>
      </trkpt>
      <trkpt lat="28.81125127204883" lon="115.8774486992007">
        <ele>41.99492973089218</ele>
        <time>1970-01-01T00:40:03.600000Z</time>
        <extensions>
          <gpxtpx:TrackPointExtension>
            <gpxtpx:hr>160</gpxtpx:hr>
          </gpxtpx:TrackPointExtension>
        </extensions>
      </trkpt>
      <trkpt lat="28.81123366778258" lon="115.8774414913791">
        <ele>41.97708292957395</ele>
        <time>1970-01-01T00:40:04.600000Z</time>
        <extensions>
          <gpxtpx:TrackPointExtension>
            <gpxtpx:hr>160</gpxtpx:hr>
          </gpxtpx:TrackPointExtension>
        </extensions>
      </trkpt>
      <trkpt lat="28.811216145028816" lon="115.87743384503695">
        <ele>41.95474623981863</ele>
        <time>1970-01-01T00:40:05.600000Z</time>
        <extensions>
          <gpxtpx:TrackPointExtension>
            <gpxtpx:hr>160</gpxtpx:hr>
          </gpxtpx:TrackPointExtension>
        </extensions>
      </trkpt>
      <trkpt lat="28.81119842414337" lon="115.87742593524473">
        <ele>41.930324079468846</ele>
        <time>1970-01-01T00:40:06.600000Z</time>
        <extensions>
          <gpxtpx:TrackPointExtension>
            <gpxtpx:hr>160</gpxtpx:hr>
          </gpxtpx:TrackPointExtension>
        </extensions>
      </trkpt>
      <trkpt lat="28.811180745061197" lon="115.8774181477746">
        <ele>41.90668694674969</ele>
        <time>1970-01-01T00:40:07.600000Z</time>
        <extensions>
          <gpxtpx:TrackPointExtension>
            <gpxtpx:hr>160</gpxtpx:hr>
          </gpxtpx:TrackPointExtension>
        </extensions>
      </trkpt>
      <trkpt lat="28.811163187315255" lon="115.87741079309636">
        <ele>41.88657125644386</ele>
        <time>1970-01-01T00:40:08.600000Z</time>
        <extensions>
          <gpxtpx:TrackPointExtension>
            <gpxtpx:hr>160</gpxtpx:hr>
          </gpxtpx:TrackPointExtension>
        </extensions>
      </trkpt>
      <trkpt lat="28.811145345273843" lon="115.877403412541">
        <ele>41.87224573176354</ele>
        <time>1970-01-01T00:40:09.600000Z</time>
        <extensions>
          <gpxtpx:TrackPointExtension>
            <gpxtpx:hr>160</gpxtpx:hr>
          </gpxtpx:TrackPointExtension>
        </extensions>
      </trkpt>
      <trkpt lat="28.81112724316179" lon="115.87739566174174">
        <ele>41.86484683863819</ele>
        <time>1970-01-01T00:40:10.600000Z</time>
        <extensions>
          <gpxtpx:TrackPointExtension>
            <gpxtpx:hr>160</gpxtpx:hr>
          </gpxtpx:TrackPointExtension>
        </extensions>
      </trkpt>
      <trkpt lat="28.81110879088278" lon="115.87738773883439">
        <ele>41.8644238114357</ele>
        <time>1970-01-01T00:40:11.600000Z</time>
        <extensions>
          <gpxtpx:TrackPointExtension>
            <gpxtpx:hr>161</gpxtpx:hr>
          </gpxtpx:TrackPointExtension>
        </extensions>
      </trkpt>
      <trkpt lat="28.811090012506213" lon="115.87737989895848">
        <ele>41.87019269075245</ele>
        <time>1970-01-01T00:40:12.600000Z</time>
        <extensions>
          <gpxtpx:TrackPointExtension>
            <gpxtpx:hr>161</gpxtpx:hr>
          </gpxtpx:TrackPointExtension>
        </extensions>
      </trkpt>
      <trkpt lat="28.811071004116318" lon="115.87737224301101">
        <ele>41.88144393451512</ele>
        <time>1970-01-01T00:40:13.600000Z</time>
        <extensions>
          <gpxtpx:TrackPointExtension>
            <gpxtpx:hr>161</gpxtpx:hr>
          </gpxtpx:TrackPointExtension>
        </extensions>
      </trkpt>
      <trkpt lat="28.81105210804813" lon="115.87736447581557">
        <ele>41.896932519041</ele>
        <time>1970-01-01T00:40:14.600000Z</time>
        <extensions>
          <gpxtpx:TrackPointExtension>
            <gpxtpx:hr>161</gpxtpx:hr>
          </gpxtpx:TrackPointExtension>
        </extensions>
      </trkpt>
      <trkpt lat="28.811033264599242" lon="115.8773567640982">
        <ele>41.91577899642289</ele>
        <time>1970-01-01T00:40:15.700000Z</time>
        <extensions>
          <gpxtpx:TrackPointExtension>
            <gpxtpx:hr>161</gpxtpx:hr>
          </gpxtpx:TrackPointExtension>
        </extensions>
      </trkpt>
      <trkpt lat="28.81101419094197" lon="115.877349252378">
        <ele>41.93767674639821</ele>
        <time>1970-01-01T00:40:16.700000Z</time>
        <extensions>
          <gpxtpx:TrackPointExtension>
            <gpxtpx:hr>161</gpxtpx:hr>
          </gpxtpx:TrackPointExtension>
        </extensions>
      </trkpt>
      <trkpt lat="28.81099498441823" lon="115.87734196777184">
        <ele>41.963150915689766</ele>
        <time>1970-01-01T00:40:17.700000Z</time>
        <extensions>
          <gpxtpx:TrackPointExtension>
            <gpxtpx:hr>161</gpxtpx:hr>
          </gpxtpx:TrackPointExtension>
        </extensions>
      </trkpt>
      <trkpt lat="28.810975738194763" lon="115.87733428229589">
        <ele>41.99249327741563</ele>
        <time>1970-01-01T00:40:18.700000Z</time>
        <extensions>
          <gpxtpx:TrackPointExtension>
            <gpxtpx:hr>162</gpxtpx:hr>
          </gpxtpx:TrackPointExtension>
        </extensions>
      </trkpt>
      <trkpt lat="28.810956392383986" lon="115.87732618452891">
        <ele>42.02697569411248</ele>
        <time>1970-01-01T00:40:19.700000Z</time>
        <extensions>
          <gpxtpx:TrackPointExtension>
            <gpxtpx:hr>162</gpxtpx:hr>
          </gpxtpx:TrackPointExtension>
        </extensions>
      </trkpt>
      <trkpt lat="28.81093719186793" lon="115.87731793698715">
        <ele>42.06779196392745</ele>
        <time>1970-01-01T00:40:20.700000Z</time>
        <extensions>
          <gpxtpx:TrackPointExtension>
            <gpxtpx:hr>162</gpxtpx:hr>
          </gpxtpx:TrackPointExtension>
        </extensions>
      </trkpt>
      <trkpt lat="28.810918262098287" lon="115.87730952478898">
        <ele>42.11550242360681</ele>
        <time>1970-01-01T00:40:21.700000Z</time>
        <extensions>
          <gpxtpx:TrackPointExtension>
            <gpxtpx:hr>162</gpxtpx:hr>
          </gpxtpx:TrackPointExtension>
        </extensions>
      </trkpt>
      <trkpt lat="28.81089908968988" lon="115.87730100150674">
        <ele>42.16932277660817</ele>
        <time>1970-01-01T00:40:22.700000Z</time>
        <extensions>
          <gpxtpx:TrackPointExtension>
            <gpxtpx:hr>162</gpxtpx:hr>
          </gpxtpx:TrackPointExtension>
        </extensions>
      </trkpt>
      <trkpt lat="28.81087958117876" lon="115.87729293110333">
        <ele>42.227838987484574</ele>
        <time>1970-01-01T00:40:23.700000Z</time>
        <extensions>
          <gpxtpx:TrackPointExtension>
            <gpxtpx:hr>162</gpxtpx:hr>
          </gpxtpx:TrackPointExtension>
        </extensions>
      </trkpt>
      <trkpt lat="28.810860003108626" lon="115.87728561101856">
        <ele>42.28798638563603</ele>
        <time>1970-01-01T00:40:24.700000Z</time>
        <extensions>
          <gpxtpx:TrackPointExtension>
            <gpxtpx:hr>162</gpxtpx:hr>
          </gpxtpx:TrackPointExtension>
        </extensions>
      </trkpt>
      <trkpt lat="28.810840577877112" lon="115.87727913530193">
        <ele>42.34590179193765</ele>
        <time>1970-01-01T00:40:25.700000Z</time>
        <extensions>
          <gpxtpx:TrackPointExtension>
            <gpxtpx:hr>162</gpxtpx:hr>
          </gpxtpx:TrackPointExtension>
        </extensions>
      </trkpt>
      <trkpt lat="28.810821182654013" lon="115.87727342986197">
        <ele>42.39792497269809</ele>
        <time>1970-01-01T00:40:26.700000Z</time>
        <extensions>
          <gpxtpx:TrackPointExtension>
            <gpxtpx:hr>162</gpxtpx:hr>
          </gpxtpx:TrackPointExtension>
        </extensions>
      </trkpt>
      <trkpt lat="28.810801918678948" lon="115.87726800286134">
        <ele>42.44181957375258</ele>
        <time>1970-01-01T00:40:27.700000Z</time>
        <extensions>
          <gpxtpx:TrackPointExtension>
            <gpxtpx:hr>162</gpxtpx:hr>
          </gpxtpx:TrackPointExtension>
        </extensions>
      </trkpt>
      <trkpt lat="28.810782788948714" lon="115.87726269939034">
        <ele>42.47665410581976</ele>
        <time>1970-01-01T00:40:28.700000Z</time>
        <extensions>
          <gpxtpx:TrackPointExtension>
            <gpxtpx:hr>158</gpxtpx:hr>
          </gpxtpx:TrackPointExtension>
        </extensions>
      </trkpt>
      <trkpt lat="28.810764025011085" lon="115.87725767862072">
        <ele>42.503691863268614</ele>
        <time>1970-01-01T00:40:29.700000Z</time>
        <extensions>
          <gpxtpx:TrackPointExtension>
            <gpxtpx:hr>158</gpxtpx:hr>
          </gpxtpx:TrackPointExtension>
        </extensions>
      </trkpt>
      <trkpt lat="28.810745764555936" lon="115.87725278102994">
        <ele>42.52591252326965</ele>
        <time>1970-01-01T00:40:30.700000Z</time>
        <extensions>
          <gpxtpx:TrackPointExtension>
            <gpxtpx:hr>158</gpxtpx:hr>
          </gpxtpx:TrackPointExtension>
        </extensions>
      </trkpt>
      <trkpt lat="28.81072788864924" lon="115.8772475274091">
        <ele>42.546989842318</ele>
        <time>1970-01-01T00:40:31.700000Z</time>
        <extensions>
          <gpxtpx:TrackPointExtension>
            <gpxtpx:hr>158</gpxtpx:hr>
          </gpxtpx:TrackPointExtension>
        </extensions>
      </trkpt>
      <trkpt lat="28.81071044346656" lon="115.87724186567524">
        <ele>42.5698932800442</ele>
        <time>1970-01-01T00:40:32.700000Z</time>
        <extensions>
          <gpxtpx:TrackPointExtension>
            <gpxtpx:hr>158</gpxtpx:hr>
          </gpxtpx:TrackPointExtension>
        </extensions>
      </trkpt>
      <trkpt lat="28.810693554141213" lon="115.87723667719602">
        <ele>42.59674376901239</ele>
        <time>1970-01-01T00:40:33.700000Z</time>
        <extensions>
          <gpxtpx:TrackPointExtension>
            <gpxtpx:hr>158</gpxtpx:hr>
          </gpxtpx:TrackPointExtension>
        </extensions>
      </trkpt>
      <trkpt lat="28.81067758182153" lon="115.8772326503354">
        <ele>42.62800540216267</ele>
        <time>1970-01-01T00:40:34.700000Z</time>
        <extensions>
          <gpxtpx:TrackPointExtension>
            <gpxtpx:hr>157</gpxtpx:hr>
          </gpxtpx:TrackPointExtension>
        </extensions>
      </trkpt>
      <trkpt lat="28.81066248161598" lon="115.87722925581282">
        <ele>42.6626646425575</ele>
        <time>1970-01-01T00:40:35.700000Z</time>
        <extensions>
          <gpxtpx:TrackPointExtension>
            <gpxtpx:hr>157</gpxtpx:hr>
          </gpxtpx:TrackPointExtension>
        </extensions>
      </trkpt>
      <trkpt lat="28.81064809684215" lon="115.87722567309326">
        <ele>42.69899485073984</ele>
        <time>1970-01-01T00:40:36.700000Z</time>
        <extensions>
          <gpxtpx:TrackPointExtension>
            <gpxtpx:hr>157</gpxtpx:hr>
          </gpxtpx:TrackPointExtension>
        </extensions>
      </trkpt>
      <trkpt lat="28.810634339278465" lon="115.87722156003622">
        <ele>42.73541667778045</ele>
        <time>1970-01-01T00:40:37.700000Z</time>
        <extensions>
          <gpxtpx:TrackPointExtension>
            <gpxtpx:hr>157</gpxtpx:hr>
          </gpxtpx:TrackPointExtension>
        </extensions>
      </trkpt>
      <trkpt lat="28.810620806202227" lon="115.87721655206342">
        <ele>42.771179078146815</ele>
        <time>1970-01-01T00:40:38.700000Z</time>
        <extensions>
          <gpxtpx:TrackPointExtension>
            <gpxtpx:hr>157</gpxtpx:hr>
          </gpxtpx:TrackPointExtension>
        </extensions>
      </trkpt>
      <trkpt lat="28.810607398488855" lon="115.87721076335309">
        <ele>42.8067039269954</ele>
        <time>1970-01-01T00:40:39.700000Z</time>
        <extensions>
          <gpxtpx:TrackPointExtension>
            <gpxtpx:hr>157</gpxtpx:hr>
          </gpxtpx:TrackPointExtension>
        </extensions>
      </trkpt>
      <trkpt lat="28.810594300851797" lon="115.87720447120297">
        <ele>42.84343213401735</ele>
        <time>1970-01-01T00:40:40.700000Z</time>
        <extensions>
          <gpxtpx:TrackPointExtension>
            <gpxtpx:hr>157</gpxtpx:hr>
          </gpxtpx:TrackPointExtension>
        </extensions>
      </trkpt>
      <trkpt lat="28.810581268262556" lon="115.87719805639095">
        <ele>42.882789629511535</ele>
        <time>1970-01-01T00:40:41.700000Z</time>
        <extensions>
          <gpxtpx:TrackPointExtension>
            <gpxtpx:hr>157</gpxtpx:hr>
          </gpxtpx:TrackPointExtension>
        </extensions>
      </trkpt>
      <trkpt lat="28.81056817769352" lon="115.87719168868315">
        <ele>42.92604547832161</ele>
        <time>1970-01-01T00:40:42.700000Z</time>
        <extensions>
          <gpxtpx:TrackPointExtension>
            <gpxtpx:hr>157</gpxtpx:hr>
          </gpxtpx:TrackPointExtension>
        </extensions>
      </trkpt>
      <trkpt lat="28.810555189515036" lon="115.87718526835383">
        <ele>42.97349267732352</ele>
        <time>1970-01-01T00:40:43.700000Z</time>
        <extensions>
          <gpxtpx:TrackPointExtension>
            <gpxtpx:hr>158</gpxtpx:hr>
          </gpxtpx:TrackPointExtension>
        </extensions>
      </trkpt>
      <trkpt lat="28.81054249786905" lon="115.87717902482076">
        <ele>43.024387509562075</ele>
        <time>1970-01-01T00:40:44.700000Z</time>
        <extensions>
          <gpxtpx:TrackPointExtension>
            <gpxtpx:hr>158</gpxtpx:hr>
          </gpxtpx:TrackPointExtension>
        </extensions>
      </trkpt>
      <trkpt lat="28.810530717368007" lon="115.8771732180134">
        <ele>43.07717714924365</ele>
        <time>1970-01-01T00:40:45.700000Z</time>
        <extensions>
          <gpxtpx:TrackPointExtension>
            <gpxtpx:hr>158</gpxtpx:hr>
          </gpxtpx:TrackPointExtension>
        </extensions>
      </trkpt>
      <trkpt lat="28.810519678411" lon="115.87716801283825">
        <ele>43.12935744598508</ele>
        <time>1970-01-01T00:40:46.700000Z</time>
        <extensions>
          <gpxtpx:TrackPointExtension>
            <gpxtpx:hr>158</gpxtpx:hr>
          </gpxtpx:TrackPointExtension>
        </extensions>
      </trkpt>
      <trkpt lat="28.810509530610574" lon="115.87716328142298">
        <ele>43.17825564928353</ele>
        <time>1970-01-01T00:40:47.700000Z</time>
        <extensions>
          <gpxtpx:TrackPointExtension>
            <gpxtpx:hr>158</gpxtpx:hr>
          </gpxtpx:TrackPointExtension>
        </extensions>
      </trkpt>
      <trkpt lat="28.810499800452128" lon="115.87715846936223">
        <ele>43.22103205882013</ele>
        <time>1970-01-01T00:40:48.700000Z</time>
        <extensions>
          <gpxtpx:TrackPointExtension>
            <gpxtpx:hr>158</gpxtpx:hr>
          </gpxtpx:TrackPointExtension>
        </extensions>
      </trkpt>
      <trkpt lat="28.81049018139181" lon="115.87715317439823">
        <ele>43.25502586364746</ele>
        <time>1970-01-01T00:40:49.700000Z</time>
        <extensions>
          <gpxtpx:TrackPointExtension>
            <gpxtpx:hr>155</gpxtpx:hr>
          </gpxtpx:TrackPointExtension>
        </extensions>
      </trkpt>
      <trkpt lat="28.810480660310244" lon="115.87714746766638">
        <ele>43.2781396266073</ele>
        <time>1970-01-01T00:40:50.700000Z</time>
        <extensions>
          <gpxtpx:TrackPointExtension>
            <gpxtpx:hr>155</gpxtpx:hr>
          </gpxtpx:TrackPointExtension>
        </extensions>
      </trkpt>
      <trkpt lat="28.810471056162033" lon="115.87714198098286">
        <ele>43.28957734256983</ele>
        <time>1970-01-01T00:40:51.700000Z</time>
        <extensions>
          <gpxtpx:TrackPointExtension>
            <gpxtpx:hr>155</gpxtpx:hr>
          </gpxtpx:TrackPointExtension>
        </extensions>
      </trkpt>
      <trkpt lat="28.810461245717473" lon="115.87713742428407">
        <ele>43.28919012937695</ele>
        <time>1970-01-01T00:40:52.700000Z</time>
        <extensions>
          <gpxtpx:TrackPointExtension>
            <gpxtpx:hr>155</gpxtpx:hr>
          </gpxtpx:TrackPointExtension>
        </extensions>
      </trkpt>
      <trkpt lat="28.810451310191908" lon="115.87713351100555">
        <ele>43.27724113781005</ele>
        <time>1970-01-01T00:40:53.700000Z</time>
        <extensions>
          <gpxtpx:TrackPointExtension>
            <gpxtpx:hr>155</gpxtpx:hr>
          </gpxtpx:TrackPointExtension>
        </extensions>
      </trkpt>
      <trkpt lat="28.810441124477325" lon="115.87712985975149">
        <ele>43.25430166348815</ele>
        <time>1970-01-01T00:40:54.700000Z</time>
        <extensions>
          <gpxtpx:TrackPointExtension>
            <gpxtpx:hr>152</gpxtpx:hr>
          </gpxtpx:TrackPointExtension>
        </extensions>
      </trkpt>
      <trkpt lat="28.810430931689588" lon="115.87712626019633">
        <ele>43.22120089828968</ele>
        <time>1970-01-01T00:40:55.700000Z</time>
        <extensions>
          <gpxtpx:TrackPointExtension>
            <gpxtpx:hr>152</gpxtpx:hr>
          </gpxtpx:TrackPointExtension>
        </extensions>
      </trkpt>
      <trkpt lat="28.81042101433099" lon="115.87712262335643">
        <ele>43.17934804037213</ele>
        <time>1970-01-01T00:40:56.700000Z</time>
        <extensions>
          <gpxtpx:TrackPointExtension>
            <gpxtpx:hr>152</gpxtpx:hr>
          </gpxtpx:TrackPointExtension>
        </extensions>
      </trkpt>
      <trkpt lat="28.810411151492662" lon="115.87711901719105">
        <ele>43.130442707799375</ele>
        <time>1970-01-01T00:40:57.700000Z</time>
        <extensions>
          <gpxtpx:TrackPointExtension>
            <gpxtpx:hr>151</gpxtpx:hr>
          </gpxtpx:TrackPointExtension>
        </extensions>
      </trkpt>
      <trkpt lat="28.81040125955003" lon="115.8771157712471">
        <ele>43.07679319847375</ele>
        <time>1970-01-01T00:40:58.700000Z</time>
        <extensions>
          <gpxtpx:TrackPointExtension>
            <gpxtpx:hr>151</gpxtpx:hr>
          </gpxtpx:TrackPointExtension>
        </extensions>
      </trkpt>
      <trkpt lat="28.810391479464943" lon="115.87711290881526">
        <ele>43.0214700512588</ele>
        <time>1970-01-01T00:40:59.700000Z</time>
        <extensions>
          <gpxtpx:TrackPointExtension>
            <gpxtpx:hr>151</gpxtpx:hr>
          </gpxtpx:TrackPointExtension>
        </extensions>
      </trkpt>
      <trkpt lat="28.81038196366029" lon="115.87711009559682">
        <ele>42.96721467655152</ele>
        <time>1970-01-01T00:41:00.700000Z</time>
        <extensions>
          <gpxtpx:TrackPointExtension>
            <gpxtpx:hr>151</gpxtpx:hr>
          </gpxtpx:TrackPointExtension>
        </extensions>
      </trkpt>
      <trkpt lat="28.810372535699614" lon="115.87710733435746">
        <ele>42.916460742242634</ele>
        <time>1970-01-01T00:41:01.700000Z</time>
        <extensions>
          <gpxtpx:TrackPointExtension>
            <gpxtpx:hr>151</gpxtpx:hr>
          </gpxtpx:TrackPointExtension>
        </extensions>
      </trkpt>
      <trkpt lat="28.81036345087499" lon="115.87710489371851">
        <ele>42.871284276247025</ele>
        <time>1970-01-01T00:41:02.700000Z</time>
        <extensions>
          <gpxtpx:TrackPointExtension>
            <gpxtpx:hr>142</gpxtpx:hr>
          </gpxtpx:TrackPointExtension>
        </extensions>
      </trkpt>
      <trkpt lat="28.810354619078442" lon="115.8771029776245">
        <ele>42.83361389581114</ele>
        <time>1970-01-01T00:41:03.700000Z</time>
        <extensions>
          <gpxtpx:TrackPointExtension>
            <gpxtpx:hr>142</gpxtpx:hr>
          </gpxtpx:TrackPointExtension>
        </extensions>
      </trkpt>
      <trkpt lat="28.810345745684003" lon="115.87710132331607">
        <ele>42.80533905234188</ele>
        <time>1970-01-01T00:41:04.700000Z</time>
        <extensions>
          <gpxtpx:TrackPointExtension>
            <gpxtpx:hr>142</gpxtpx:hr>
          </gpxtpx:TrackPointExtension>
        </extensions>
      </trkpt>
      <trkpt lat="28.81033702769011" lon="115.87709971479649">
        <ele>42.788396602496505</ele>
        <time>1970-01-01T00:41:05.700000Z</time>
        <extensions>
          <gpxtpx:TrackPointExtension>
            <gpxtpx:hr>142</gpxtpx:hr>
          </gpxtpx:TrackPointExtension>
        </extensions>
      </trkpt>
      <trkpt lat="28.810328730075366" lon="115.87709785281673">
        <ele>42.78415886219591</ele>
        <time>1970-01-01T00:41:06.700000Z</time>
        <extensions>
          <gpxtpx:TrackPointExtension>
            <gpxtpx:hr>142</gpxtpx:hr>
          </gpxtpx:TrackPointExtension>
        </extensions>
      </trkpt>
      <trkpt lat="28.810320698300607" lon="115.87709561839475">
        <ele>42.79331256914884</ele>
        <time>1970-01-01T00:41:07.700000Z</time>
        <extensions>
          <gpxtpx:TrackPointExtension>
            <gpxtpx:hr>142</gpxtpx:hr>
          </gpxtpx:TrackPointExtension>
        </extensions>
      </trkpt>
      <trkpt lat="28.810312341906872" lon="115.87709299509923">
        <ele>42.81557344458997</ele>
        <time>1970-01-01T00:41:08.700000Z</time>
        <extensions>
          <gpxtpx:TrackPointExtension>
            <gpxtpx:hr>142</gpxtpx:hr>
          </gpxtpx:TrackPointExtension>
        </extensions>
      </trkpt>
      <trkpt lat="28.81030335059374" lon="115.87709007272764">
        <ele>42.849499858915806</ele>
        <time>1970-01-01T00:41:09.700000Z</time>
        <extensions>
          <gpxtpx:TrackPointExtension>
            <gpxtpx:hr>137</gpxtpx:hr>
          </gpxtpx:TrackPointExtension>
        </extensions>
      </trkpt>
      <trkpt lat="28.810294053162398" lon="115.87708686398892">
        <ele>42.89311456494033</ele>
        <time>1970-01-01T00:41:10.700000Z</time>
        <extensions>
          <gpxtpx:TrackPointExtension>
            <gpxtpx:hr>137</gpxtpx:hr>
          </gpxtpx:TrackPointExtension>
        </extensions>
      </trkpt>
      <trkpt lat="28.810284761764297" lon="115.8770832839903">
        <ele>42.943526862189174</ele>
        <time>1970-01-01T00:41:11.700000Z</time>
        <extensions>
          <gpxtpx:TrackPointExtension>
            <gpxtpx:hr>137</gpxtpx:hr>
          </gpxtpx:TrackPointExtension>
        </extensions>
      </trkpt>
      <trkpt lat="28.81027569403535" lon="115.87707916328971">
        <ele>42.997404197230935</ele>
        <time>1970-01-01T00:41:12.700000Z</time>
        <extensions>
          <gpxtpx:TrackPointExtension>
            <gpxtpx:hr>137</gpxtpx:hr>
          </gpxtpx:TrackPointExtension>
        </extensions>
      </trkpt>
      <trkpt lat="28.810266826589718" lon="115.87707523342249">
        <ele>43.051481967791915</ele>
        <time>1970-01-01T00:41:13.700000Z</time>
        <extensions>
          <gpxtpx:TrackPointExtension>
            <gpxtpx:hr>137</gpxtpx:hr>
          </gpxtpx:TrackPointExtension>
        </extensions>
      </trkpt>
      <trkpt lat="28.810258137183858" lon="115.87707198472854">
        <ele>43.1026175301522</ele>
        <time>1970-01-01T00:41:14.700000Z</time>
        <extensions>
          <gpxtpx:TrackPointExtension>
            <gpxtpx:hr>137</gpxtpx:hr>
          </gpxtpx:TrackPointExtension>
        </extensions>
      </trkpt>
      <trkpt lat="28.81024950601559" lon="115.87706922207026">
        <ele>43.14809140563011</ele>
        <time>1970-01-01T00:41:15.700000Z</time>
        <extensions>
          <gpxtpx:TrackPointExtension>
            <gpxtpx:hr>137</gpxtpx:hr>
          </gpxtpx:TrackPointExtension>
        </extensions>
      </trkpt>
      <trkpt lat="28.81024036698128" lon="115.87706655606988">
        <ele>43.185697057284415</ele>
        <time>1970-01-01T00:41:16.700000Z</time>
        <extensions>
          <gpxtpx:TrackPointExtension>
            <gpxtpx:hr>137</gpxtpx:hr>
          </gpxtpx:TrackPointExtension>
        </extensions>
      </trkpt>
      <trkpt lat="28.810230440775154" lon="115.87706405459288">
        <ele>43.21368348877877</ele>
        <time>1970-01-01T00:41:17.700000Z</time>
        <extensions>
          <gpxtpx:TrackPointExtension>
            <gpxtpx:hr>136</gpxtpx:hr>
          </gpxtpx:TrackPointExtension>
        </extensions>
      </trkpt>
      <trkpt lat="28.810219681163495" lon="115.87706163676413">
        <ele>43.23063607793301</ele>
        <time>1970-01-01T00:41:18.700000Z</time>
        <extensions>
          <gpxtpx:TrackPointExtension>
            <gpxtpx:hr>136</gpxtpx:hr>
          </gpxtpx:TrackPointExtension>
        </extensions>
      </trkpt>
      <trkpt lat="28.81020785426805" lon="115.87705923944992">
        <ele>43.23570251837373</ele>
        <time>1970-01-01T00:41:19.700000Z</time>
        <extensions>
          <gpxtpx:TrackPointExtension>
            <gpxtpx:hr>136</gpxtpx:hr>
          </gpxtpx:TrackPointExtension>
        </extensions>
      </trkpt>
      <trkpt lat="28.810194460312697" lon="115.87705670014785">
        <ele>43.228804836981</ele>
        <time>1970-01-01T00:41:20.700000Z</time>
        <extensions>
          <gpxtpx:TrackPointExtension>
            <gpxtpx:hr>135</gpxtpx:hr>
          </gpxtpx:TrackPointExtension>
        </extensions>
      </trkpt>
      <trkpt lat="28.810179639124208" lon="115.87705344927429">
        <ele>43.21058205049485</ele>
        <time>1970-01-01T00:41:21.700000Z</time>
        <extensions>
          <gpxtpx:TrackPointExtension>
            <gpxtpx:hr>135</gpxtpx:hr>
          </gpxtpx:TrackPointExtension>
        </extensions>
      </trkpt>
      <trkpt lat="28.810164563688268" lon="115.87704962959717">
        <ele>43.182123463600874</ele>
        <time>1970-01-01T00:41:22.700000Z</time>
        <extensions>
          <gpxtpx:TrackPointExtension>
            <gpxtpx:hr>135</gpxtpx:hr>
          </gpxtpx:TrackPointExtension>
        </extensions>
      </trkpt>
      <trkpt lat="28.81014931680593" lon="115.87704569897298">
        <ele>43.1448760041967</ele>
        <time>1970-01-01T00:41:23.700000Z</time>
        <extensions>
          <gpxtpx:TrackPointExtension>
            <gpxtpx:hr>135</gpxtpx:hr>
          </gpxtpx:TrackPointExtension>
        </extensions>
      </trkpt>
      <trkpt lat="28.810134804589755" lon="115.87704253964904">
        <ele>43.10026372782886</ele>
        <time>1970-01-01T00:41:24.700000Z</time>
        <extensions>
          <gpxtpx:TrackPointExtension>
            <gpxtpx:hr>135</gpxtpx:hr>
          </gpxtpx:TrackPointExtension>
        </extensions>
      </trkpt>
      <trkpt lat="28.81012183540232" lon="115.87704046970555">
        <ele>43.04919791594148</ele>
        <time>1970-01-01T00:41:25.700000Z</time>
        <extensions>
          <gpxtpx:TrackPointExtension>
            <gpxtpx:hr>138</gpxtpx:hr>
          </gpxtpx:TrackPointExtension>
        </extensions>
      </trkpt>
      <trkpt lat="28.810108554732047" lon="115.87703800616278">
        <ele>42.99251757096499</ele>
        <time>1970-01-01T00:41:26.700000Z</time>
        <extensions>
          <gpxtpx:TrackPointExtension>
            <gpxtpx:hr>138</gpxtpx:hr>
          </gpxtpx:TrackPointExtension>
        </extensions>
      </trkpt>
      <trkpt lat="28.81009394007511" lon="115.8770341679079">
        <ele>42.93171532545239</ele>
        <time>1970-01-01T00:41:27.700000Z</time>
        <extensions>
          <gpxtpx:TrackPointExtension>
            <gpxtpx:hr>138</gpxtpx:hr>
          </gpxtpx:TrackPointExtension>
        </extensions>
      </trkpt>
      <trkpt lat="28.810078523693665" lon="115.87702904497043">
        <ele>42.867175781168044</ele>
        <time>1970-01-01T00:41:28.700000Z</time>
        <extensions>
          <gpxtpx:TrackPointExtension>
            <gpxtpx:hr>138</gpxtpx:hr>
          </gpxtpx:TrackPointExtension>
        </extensions>
      </trkpt>
      <trkpt lat="28.810062404463743" lon="115.87702330079982">
        <ele>42.801011613570154</ele>
        <time>1970-01-01T00:41:29.700000Z</time>
        <extensions>
          <gpxtpx:TrackPointExtension>
            <gpxtpx:hr>138</gpxtpx:hr>
          </gpxtpx:TrackPointExtension>
        </extensions>
      </trkpt>
      <trkpt lat="28.810045614736584" lon="115.87701733017346">
        <ele>42.7362215006724</ele>
        <time>1970-01-01T00:41:30.700000Z</time>
        <extensions>
          <gpxtpx:TrackPointExtension>
            <gpxtpx:hr>138</gpxtpx:hr>
          </gpxtpx:TrackPointExtension>
        </extensions>
      </trkpt>
      <trkpt lat="28.810029300535962" lon="115.87701124789952">
        <ele>42.67683809250593</ele>
        <time>1970-01-01T00:41:31.700000Z</time>
        <extensions>
          <gpxtpx:TrackPointExtension>
            <gpxtpx:hr>141</gpxtpx:hr>
          </gpxtpx:TrackPointExtension>
        </extensions>
      </trkpt>
      <trkpt lat="28.810013477671053" lon="115.87700472265259">
        <ele>42.627687270753086</ele>
        <time>1970-01-01T00:41:32.700000Z</time>
        <extensions>
          <gpxtpx:TrackPointExtension>
            <gpxtpx:hr>141</gpxtpx:hr>
          </gpxtpx:TrackPointExtension>
        </extensions>
      </trkpt>
      <trkpt lat="28.80999704087538" lon="115.87699775908207">
        <ele>42.595062989741564</ele>
        <time>1970-01-01T00:41:33.700000Z</time>
        <extensions>
          <gpxtpx:TrackPointExtension>
            <gpxtpx:hr>141</gpxtpx:hr>
          </gpxtpx:TrackPointExtension>
        </extensions>
      </trkpt>
      <trkpt lat="28.80997901036886" lon="115.87699069888033">
        <ele>42.584581742063165</ele>
        <time>1970-01-01T00:41:34.700000Z</time>
        <extensions>
          <gpxtpx:TrackPointExtension>
            <gpxtpx:hr>141</gpxtpx:hr>
          </gpxtpx:TrackPointExtension>
        </extensions>
      </trkpt>
      <trkpt lat="28.809959665273574" lon="115.87698337797423">
        <ele>42.6009073946625</ele>
        <time>1970-01-01T00:41:35.700000Z</time>
        <extensions>
          <gpxtpx:TrackPointExtension>
            <gpxtpx:hr>141</gpxtpx:hr>
          </gpxtpx:TrackPointExtension>
        </extensions>
      </trkpt>
      <trkpt lat="28.80993963498684" lon="115.87697534805643">
        <ele>42.64684192556888</ele>
        <time>1970-01-01T00:41:36.700000Z</time>
        <extensions>
          <gpxtpx:TrackPointExtension>
            <gpxtpx:hr>141</gpxtpx:hr>
          </gpxtpx:TrackPointExtension>
        </extensions>
      </trkpt>
      <trkpt lat="28.80991952789045" lon="115.87696614363774">
        <ele>42.721605064347386</ele>
        <time>1970-01-01T00:41:37.700000Z</time>
        <extensions>
          <gpxtpx:TrackPointExtension>
            <gpxtpx:hr>140</gpxtpx:hr>
          </gpxtpx:TrackPointExtension>
        </extensions>
      </trkpt>
      <trkpt lat="28.80989932579663" lon="115.87695603964269">
        <ele>42.82103721983731</ele>
        <time>1970-01-01T00:41:38.700000Z</time>
        <extensions>
          <gpxtpx:TrackPointExtension>
            <gpxtpx:hr>140</gpxtpx:hr>
          </gpxtpx:TrackPointExtension>
        </extensions>
      </trkpt>
      <trkpt lat="28.809879021566555" lon="115.87694575972613">
        <ele>42.93776773754507</ele>
        <time>1970-01-01T00:41:39.700000Z</time>
        <extensions>
          <gpxtpx:TrackPointExtension>
            <gpxtpx:hr>140</gpxtpx:hr>
          </gpxtpx:TrackPointExtension>
        </extensions>
      </trkpt>
      <trkpt lat="28.809858839863633" lon="115.8769361570785">
        <ele>43.06244187802076</ele>
        <time>1970-01-01T00:41:40.700000Z</time>
        <extensions>
          <gpxtpx:TrackPointExtension>
            <gpxtpx:hr>140</gpxtpx:hr>
          </gpxtpx:TrackPointExtension>
        </extensions>
      </trkpt>
      <trkpt lat="28.809838599971993" lon="115.87692694993859">
        <ele>43.18552274256945</ele>
        <time>1970-01-01T00:41:41.700000Z</time>
        <extensions>
          <gpxtpx:TrackPointExtension>
            <gpxtpx:hr>141</gpxtpx:hr>
          </gpxtpx:TrackPointExtension>
        </extensions>
      </trkpt>
      <trkpt lat="28.809818723906446" lon="115.87691792642805">
        <ele>43.29855515807867</ele>
        <time>1970-01-01T00:41:42.700000Z</time>
        <extensions>
          <gpxtpx:TrackPointExtension>
            <gpxtpx:hr>141</gpxtpx:hr>
          </gpxtpx:TrackPointExtension>
        </extensions>
      </trkpt>
      <trkpt lat="28.809798631963996" lon="115.87690893448183">
        <ele>43.39533868897706</ele>
        <time>1970-01-01T00:41:43.700000Z</time>
        <extensions>
          <gpxtpx:TrackPointExtension>
            <gpxtpx:hr>141</gpxtpx:hr>
          </gpxtpx:TrackPointExtension>
        </extensions>
      </trkpt>
      <trkpt lat="28.809778182855293" lon="115.87689921191097">
        <ele>43.472292822785676</ele>
        <time>1970-01-01T00:41:44.700000Z</time>
        <extensions>
          <gpxtpx:TrackPointExtension>
            <gpxtpx:hr>141</gpxtpx:hr>
          </gpxtpx:TrackPointExtension>
        </extensions>
      </trkpt>
      <trkpt lat="28.80975787193827" lon="115.87688823885493">
        <ele>43.52828448265791</ele>
        <time>1970-01-01T00:41:45.700000Z</time>
        <extensions>
          <gpxtpx:TrackPointExtension>
            <gpxtpx:hr>144</gpxtpx:hr>
          </gpxtpx:TrackPointExtension>
        </extensions>
      </trkpt>
      <trkpt lat="28.809737487955907" lon="115.87687592551983">
        <ele>43.564114425331354</ele>
        <time>1970-01-01T00:41:46.700000Z</time>
        <extensions>
          <gpxtpx:TrackPointExtension>
            <gpxtpx:hr>144</gpxtpx:hr>
          </gpxtpx:TrackPointExtension>
        </extensions>
      </trkpt>
      <trkpt lat="28.809716567213552" lon="115.87686296083155">
        <ele>43.582335223443806</ele>
        <time>1970-01-01T00:41:47.700000Z</time>
        <extensions>
          <gpxtpx:TrackPointExtension>
            <gpxtpx:hr>144</gpxtpx:hr>
          </gpxtpx:TrackPointExtension>
        </extensions>
      </trkpt>
      <trkpt lat="28.80969548014197" lon="115.8768499057374">
        <ele>43.58604271989316</ele>
        <time>1970-01-01T00:41:48.700000Z</time>
        <extensions>
          <gpxtpx:TrackPointExtension>
            <gpxtpx:hr>144</gpxtpx:hr>
          </gpxtpx:TrackPointExtension>
        </extensions>
      </trkpt>
      <trkpt lat="28.809674455207325" lon="115.8768367821947">
        <ele>43.57819952163845</ele>
        <time>1970-01-01T00:41:49.700000Z</time>
        <extensions>
          <gpxtpx:TrackPointExtension>
            <gpxtpx:hr>144</gpxtpx:hr>
          </gpxtpx:TrackPointExtension>
        </extensions>
      </trkpt>
      <trkpt lat="28.809652969507006" lon="115.87682372157369">
        <ele>43.56136890593916</ele>
        <time>1970-01-01T00:41:50.700000Z</time>
        <extensions>
          <gpxtpx:TrackPointExtension>
            <gpxtpx:hr>146</gpxtpx:hr>
          </gpxtpx:TrackPointExtension>
        </extensions>
      </trkpt>
      <trkpt lat="28.809631015552103" lon="115.87681126527897">
        <ele>43.53767327684909</ele>
        <time>1970-01-01T00:41:51.700000Z</time>
        <extensions>
          <gpxtpx:TrackPointExtension>
            <gpxtpx:hr>146</gpxtpx:hr>
          </gpxtpx:TrackPointExtension>
        </extensions>
      </trkpt>
      <trkpt lat="28.80960910912151" lon="115.87679987730723">
        <ele>43.50892272591591</ele>
        <time>1970-01-01T00:41:52.700000Z</time>
        <extensions>
          <gpxtpx:TrackPointExtension>
            <gpxtpx:hr>146</gpxtpx:hr>
          </gpxtpx:TrackPointExtension>
        </extensions>
      </trkpt>
      <trkpt lat="28.80958751443042" lon="115.87678889328035">
        <ele>43.47691114153713</ele>
        <time>1970-01-01T00:41:53.700000Z</time>
        <extensions>
          <gpxtpx:TrackPointExtension>
            <gpxtpx:hr>146</gpxtpx:hr>
          </gpxtpx:TrackPointExtension>
        </extensions>
      </trkpt>
      <trkpt lat="28.809565755310256" lon="115.87677719937078">
        <ele>43.44340330734849</ele>
        <time>1970-01-01T00:41:54.700000Z</time>
        <extensions>
          <gpxtpx:TrackPointExtension>
            <gpxtpx:hr>146</gpxtpx:hr>
          </gpxtpx:TrackPointExtension>
        </extensions>
      </trkpt>
      <trkpt lat="28.809543536076053" lon="115.87676501710278">
        <ele>43.409753346815705</ele>
        <time>1970-01-01T00:41:55.700000Z</time>
        <extensions>
          <gpxtpx:TrackPointExtension>
            <gpxtpx:hr>146</gpxtpx:hr>
          </gpxtpx:TrackPointExtension>
        </extensions>
      </trkpt>
      <trkpt lat="28.809521187109592" lon="115.87675309587084">
        <ele>43.376867074519396</ele>
        <time>1970-01-01T00:41:56.700000Z</time>
        <extensions>
          <gpxtpx:TrackPointExtension>
            <gpxtpx:hr>146</gpxtpx:hr>
          </gpxtpx:TrackPointExtension>
        </extensions>
      </trkpt>
      <trkpt lat="28.80949944485704" lon="115.87674157213087">
        <ele>43.34516244754195</ele>
        <time>1970-01-01T00:41:57.700000Z</time>
        <extensions>
          <gpxtpx:TrackPointExtension>
            <gpxtpx:hr>154</gpxtpx:hr>
          </gpxtpx:TrackPointExtension>
        </extensions>
      </trkpt>
      <trkpt lat="28.809478287937186" lon="115.87673023637417">
        <ele>43.31428887601942</ele>
        <time>1970-01-01T00:41:58.700000Z</time>
        <extensions>
          <gpxtpx:TrackPointExtension>
            <gpxtpx:hr>154</gpxtpx:hr>
          </gpxtpx:TrackPointExtension>
        </extensions>
      </trkpt>
      <trkpt lat="28.809457248965817" lon="115.87671894463752">
        <ele>43.28337133303285</ele>
        <time>1970-01-01T00:41:59.700000Z</time>
        <extensions>
          <gpxtpx:TrackPointExtension>
            <gpxtpx:hr>154</gpxtpx:hr>
          </gpxtpx:TrackPointExtension>
        </extensions>
      </trkpt>
      <trkpt lat="28.80943616148986" lon="115.87670725645155">
        <ele>43.252189591526985</ele>
        <time>1970-01-01T00:42:00.700000Z</time>
        <extensions>
          <gpxtpx:TrackPointExtension>
            <gpxtpx:hr>154</gpxtpx:hr>
          </gpxtpx:TrackPointExtension>
        </extensions>
      </trkpt>
      <trkpt lat="28.80941486583822" lon="115.87669526736754">
        <ele>43.22027569729835</ele>
        <time>1970-01-01T00:42:01.700000Z</time>
        <extensions>
          <gpxtpx:TrackPointExtension>
            <gpxtpx:hr>154</gpxtpx:hr>
          </gpxtpx:TrackPointExtension>
        </extensions>
      </trkpt>
      <trkpt lat="28.809393722579667" lon="115.87668344799336">
        <ele>43.18793733138591</ele>
        <time>1970-01-01T00:42:02.700000Z</time>
        <extensions>
          <gpxtpx:TrackPointExtension>
            <gpxtpx:hr>154</gpxtpx:hr>
          </gpxtpx:TrackPointExtension>
        </extensions>
      </trkpt>
      <trkpt lat="28.809373112538886" lon="115.876672168785">
        <ele>43.15644350647926</ele>
        <time>1970-01-01T00:42:03.700000Z</time>
        <extensions>
          <gpxtpx:TrackPointExtension>
            <gpxtpx:hr>154</gpxtpx:hr>
          </gpxtpx:TrackPointExtension>
        </extensions>
      </trkpt>
      <trkpt lat="28.80935338712425" lon="115.8766613022157">
        <ele>43.12820447701961</ele>
        <time>1970-01-01T00:42:04.700000Z</time>
        <extensions>
          <gpxtpx:TrackPointExtension>
            <gpxtpx:hr>154</gpxtpx:hr>
          </gpxtpx:TrackPointExtension>
        </extensions>
      </trkpt>
      <trkpt lat="28.809333683966404" lon="115.87665086384203">
        <ele>43.10618710704148</ele>
        <time>1970-01-01T00:42:05.700000Z</time>
        <extensions>
          <gpxtpx:TrackPointExtension>
            <gpxtpx:hr>154</gpxtpx:hr>
          </gpxtpx:TrackPointExtension>
        </extensions>
      </trkpt>
      <trkpt lat="28.809313178692655" lon="115.87664147206141">
        <ele>43.09364044480026</ele>
        <time>1970-01-01T00:42:06.700000Z</time>
        <extensions>
          <gpxtpx:TrackPointExtension>
            <gpxtpx:hr>154</gpxtpx:hr>
          </gpxtpx:TrackPointExtension>
        </extensions>
      </trkpt>
      <trkpt lat="28.809291948949372" lon="115.87663334066315">
        <ele>43.09427242167294</ele>
        <time>1970-01-01T00:42:07.700000Z</time>
        <extensions>
          <gpxtpx:TrackPointExtension>
            <gpxtpx:hr>158</gpxtpx:hr>
          </gpxtpx:TrackPointExtension>
        </extensions>
      </trkpt>
      <trkpt lat="28.80927083396548" lon="115.87662655946238">
        <ele>43.11143181938678</ele>
        <time>1970-01-01T00:42:08.700000Z</time>
        <extensions>
          <gpxtpx:TrackPointExtension>
            <gpxtpx:hr>158</gpxtpx:hr>
          </gpxtpx:TrackPointExtension>
        </extensions>
      </trkpt>
      <trkpt lat="28.809250579682907" lon="115.87662041908557">
        <ele>43.14701416902244</ele>
        <time>1970-01-01T00:42:09.700000Z</time>
        <extensions>
          <gpxtpx:TrackPointExtension>
            <gpxtpx:hr>158</gpxtpx:hr>
          </gpxtpx:TrackPointExtension>
        </extensions>
      </trkpt>
      <trkpt lat="28.809231359198154" lon="115.87661424536915">
        <ele>43.20139841735363</ele>
        <time>1970-01-01T00:42:10.700000Z</time>
        <extensions>
          <gpxtpx:TrackPointExtension>
            <gpxtpx:hr>158</gpxtpx:hr>
          </gpxtpx:TrackPointExtension>
        </extensions>
      </trkpt>
      <trkpt lat="28.80921286179488" lon="115.87660854816274">
        <ele>43.27422778122127</ele>
        <time>1970-01-01T00:42:11.700000Z</time>
        <extensions>
          <gpxtpx:TrackPointExtension>
            <gpxtpx:hr>158</gpxtpx:hr>
          </gpxtpx:TrackPointExtension>
        </extensions>
      </trkpt>
      <trkpt lat="28.809194528589664" lon="115.87660381859247">
        <ele>43.363394279032946</ele>
        <time>1970-01-01T00:42:12.700000Z</time>
        <extensions>
          <gpxtpx:TrackPointExtension>
            <gpxtpx:hr>158</gpxtpx:hr>
          </gpxtpx:TrackPointExtension>
        </extensions>
      </trkpt>
      <trkpt lat="28.80917666087352" lon="115.87659963067775">
        <ele>43.46544079296291</ele>
        <time>1970-01-01T00:42:13.700000Z</time>
        <extensions>
          <gpxtpx:TrackPointExtension>
            <gpxtpx:hr>158</gpxtpx:hr>
          </gpxtpx:TrackPointExtension>
        </extensions>
      </trkpt>
      <trkpt lat="28.809160158268547" lon="115.87659542852087">
        <ele>43.5776118542999</ele>
        <time>1970-01-01T00:42:14.700000Z</time>
        <extensions>
          <gpxtpx:TrackPointExtension>
            <gpxtpx:hr>158</gpxtpx:hr>
          </gpxtpx:TrackPointExtension>
        </extensions>
      </trkpt>
      <trkpt lat="28.809145559839315" lon="115.87659055913103">
        <ele>43.69671009015292</ele>
        <time>1970-01-01T00:42:15.700000Z</time>
        <extensions>
          <gpxtpx:TrackPointExtension>
            <gpxtpx:hr>158</gpxtpx:hr>
          </gpxtpx:TrackPointExtension>
        </extensions>
      </trkpt>
      <trkpt lat="28.809132140292732" lon="115.87658466987058">
        <ele>43.81901768501848</ele>
        <time>1970-01-01T00:42:16.700000Z</time>
        <extensions>
          <gpxtpx:TrackPointExtension>
            <gpxtpx:hr>159</gpxtpx:hr>
          </gpxtpx:TrackPointExtension>
        </extensions>
      </trkpt>
      <trkpt lat="28.80911901996452" lon="115.87657806322865">
        <ele>43.939847216010094</ele>
        <time>1970-01-01T00:42:17.600000Z</time>
        <extensions>
          <gpxtpx:TrackPointExtension>
            <gpxtpx:hr>159</gpxtpx:hr>
          </gpxtpx:TrackPointExtension>
        </extensions>
      </trkpt>
      <trkpt lat="28.809105882209586" lon="115.87657145515055">
        <ele>44.05365954618901</ele>
        <time>1970-01-01T00:42:18.600000Z</time>
        <extensions>
          <gpxtpx:TrackPointExtension>
            <gpxtpx:hr>159</gpxtpx:hr>
          </gpxtpx:TrackPointExtension>
        </extensions>
      </trkpt>
      <trkpt lat="28.80909278374684" lon="115.8765656805098">
        <ele>44.154067545197904</ele>
        <time>1970-01-01T00:42:19.600000Z</time>
        <extensions>
          <gpxtpx:TrackPointExtension>
            <gpxtpx:hr>159</gpxtpx:hr>
          </gpxtpx:TrackPointExtension>
        </extensions>
      </trkpt>
      <trkpt lat="28.809080621977984" lon="115.876560533518">
        <ele>44.23509907256812</ele>
        <time>1970-01-01T00:42:20.600000Z</time>
        <extensions>
          <gpxtpx:TrackPointExtension>
            <gpxtpx:hr>159</gpxtpx:hr>
          </gpxtpx:TrackPointExtension>
        </extensions>
      </trkpt>
      <trkpt lat="28.809069906675038" lon="115.87655501877987">
        <ele>44.29253134224564</ele>
        <time>1970-01-01T00:42:21.600000Z</time>
        <extensions>
          <gpxtpx:TrackPointExtension>
            <gpxtpx:hr>159</gpxtpx:hr>
          </gpxtpx:TrackPointExtension>
        </extensions>
      </trkpt>
      <trkpt lat="28.80906051267437" lon="115.87654919400752">
        <ele>44.325022771954536</ele>
        <time>1970-01-01T00:42:22.600000Z</time>
        <extensions>
          <gpxtpx:TrackPointExtension>
            <gpxtpx:hr>158</gpxtpx:hr>
          </gpxtpx:TrackPointExtension>
        </extensions>
      </trkpt>
      <trkpt lat="28.809051762582364" lon="115.87654354890755">
        <ele>44.333859416656196</ele>
        <time>1970-01-01T00:42:23.600000Z</time>
        <extensions>
          <gpxtpx:TrackPointExtension>
            <gpxtpx:hr>158</gpxtpx:hr>
          </gpxtpx:TrackPointExtension>
        </extensions>
      </trkpt>
      <trkpt lat="28.809043030360645" lon="115.87653794645547">
        <ele>44.32286355551332</ele>
        <time>1970-01-01T00:42:24.600000Z</time>
        <extensions>
          <gpxtpx:TrackPointExtension>
            <gpxtpx:hr>158</gpxtpx:hr>
          </gpxtpx:TrackPointExtension>
        </extensions>
      </trkpt>
      <trkpt lat="28.809034218179544" lon="115.87653213462916">
        <ele>44.296769984066486</ele>
        <time>1970-01-01T00:42:25.600000Z</time>
        <extensions>
          <gpxtpx:TrackPointExtension>
            <gpxtpx:hr>156</gpxtpx:hr>
          </gpxtpx:TrackPointExtension>
        </extensions>
      </trkpt>
      <trkpt lat="28.80902546177796" lon="115.87652612608711">
        <ele>44.25990779325366</ele>
        <time>1970-01-01T00:42:26.600000Z</time>
        <extensions>
          <gpxtpx:TrackPointExtension>
            <gpxtpx:hr>156</gpxtpx:hr>
          </gpxtpx:TrackPointExtension>
        </extensions>
      </trkpt>
      <trkpt lat="28.809017041231773" lon="115.8765199510313">
        <ele>44.21527493093163</ele>
        <time>1970-01-01T00:42:27.600000Z</time>
        <extensions>
          <gpxtpx:TrackPointExtension>
            <gpxtpx:hr>156</gpxtpx:hr>
          </gpxtpx:TrackPointExtension>
        </extensions>
      </trkpt>
      <trkpt lat="28.809009158148108" lon="115.87651340401156">
        <ele>44.16589767951518</ele>
        <time>1970-01-01T00:42:28.600000Z</time>
        <extensions>
          <gpxtpx:TrackPointExtension>
            <gpxtpx:hr>156</gpxtpx:hr>
          </gpxtpx:TrackPointExtension>
        </extensions>
      </trkpt>
      <trkpt lat="28.80900136871657" lon="115.8765063752042">
        <ele>44.11227837018669</ele>
        <time>1970-01-01T00:42:29.600000Z</time>
        <extensions>
          <gpxtpx:TrackPointExtension>
            <gpxtpx:hr>156</gpxtpx:hr>
          </gpxtpx:TrackPointExtension>
        </extensions>
      </trkpt>
      <trkpt lat="28.808993260646115" lon="115.87649936865107">
        <ele>44.0562202995643</ele>
        <time>1970-01-01T00:42:30.600000Z</time>
        <extensions>
          <gpxtpx:TrackPointExtension>
            <gpxtpx:hr>156</gpxtpx:hr>
          </gpxtpx:TrackPointExtension>
        </extensions>
      </trkpt>
      <trkpt lat="28.808984859442806" lon="115.87649251428111">
        <ele>44.00097024999559</ele>
        <time>1970-01-01T00:42:31.600000Z</time>
        <extensions>
          <gpxtpx:TrackPointExtension>
            <gpxtpx:hr>156</gpxtpx:hr>
          </gpxtpx:TrackPointExtension>
        </extensions>
      </trkpt>
      <trkpt lat="28.808976021976164" lon="115.87648551311895">
        <ele>43.9517264245078</ele>
        <time>1970-01-01T00:42:32.600000Z</time>
        <extensions>
          <gpxtpx:TrackPointExtension>
            <gpxtpx:hr>156</gpxtpx:hr>
          </gpxtpx:TrackPointExtension>
        </extensions>
      </trkpt>
      <trkpt lat="28.80896658203012" lon="115.8764780072878">
        <ele>43.91271452046931</ele>
        <time>1970-01-01T00:42:33.600000Z</time>
        <extensions>
          <gpxtpx:TrackPointExtension>
            <gpxtpx:hr>149</gpxtpx:hr>
          </gpxtpx:TrackPointExtension>
        </extensions>
      </trkpt>
      <trkpt lat="28.808956349282045" lon="115.87647013583764">
        <ele>43.89078292436898</ele>
        <time>1970-01-01T00:42:34.600000Z</time>
        <extensions>
          <gpxtpx:TrackPointExtension>
            <gpxtpx:hr>149</gpxtpx:hr>
          </gpxtpx:TrackPointExtension>
        </extensions>
      </trkpt>
      <trkpt lat="28.808945797235914" lon="115.87646222295166">
        <ele>43.89204498846084</ele>
        <time>1970-01-01T00:42:35.600000Z</time>
        <extensions>
          <gpxtpx:TrackPointExtension>
            <gpxtpx:hr>149</gpxtpx:hr>
          </gpxtpx:TrackPointExtension>
        </extensions>
      </trkpt>
      <trkpt lat="28.80893520142888" lon="115.87645438983564">
        <ele>43.92061630357057</ele>
        <time>1970-01-01T00:42:36.600000Z</time>
        <extensions>
          <gpxtpx:TrackPointExtension>
            <gpxtpx:hr>149</gpxtpx:hr>
          </gpxtpx:TrackPointExtension>
        </extensions>
      </trkpt>
      <trkpt lat="28.808924461076337" lon="115.8764468867562">
        <ele>43.977767657488585</ele>
        <time>1970-01-01T00:42:37.600000Z</time>
        <extensions>
          <gpxtpx:TrackPointExtension>
            <gpxtpx:hr>149</gpxtpx:hr>
          </gpxtpx:TrackPointExtension>
        </extensions>
      </trkpt>
      <trkpt lat="28.808913678891365" lon="115.87643902654347">
        <ele>44.059250564314425</ele>
        <time>1970-01-01T00:42:38.600000Z</time>
        <extensions>
          <gpxtpx:TrackPointExtension>
            <gpxtpx:hr>149</gpxtpx:hr>
          </gpxtpx:TrackPointExtension>
        </extensions>
      </trkpt>
      <trkpt lat="28.80890304056145" lon="115.8764304442806">
        <ele>44.15506825223565</ele>
        <time>1970-01-01T00:42:39.600000Z</time>
        <extensions>
          <gpxtpx:TrackPointExtension>
            <gpxtpx:hr>149</gpxtpx:hr>
          </gpxtpx:TrackPointExtension>
        </extensions>
      </trkpt>
      <trkpt lat="28.808891995174978" lon="115.87642219273383">
        <ele>44.250286367721856</ele>
        <time>1970-01-01T00:42:40.600000Z</time>
        <extensions>
          <gpxtpx:TrackPointExtension>
            <gpxtpx:hr>149</gpxtpx:hr>
          </gpxtpx:TrackPointExtension>
        </extensions>
      </trkpt>
      <trkpt lat="28.80888088135526" lon="115.87641455419825">
        <ele>44.32769328635186</ele>
        <time>1970-01-01T00:42:41.600000Z</time>
        <extensions>
          <gpxtpx:TrackPointExtension>
            <gpxtpx:hr>147</gpxtpx:hr>
          </gpxtpx:TrackPointExtension>
        </extensions>
      </trkpt>
      <trkpt lat="28.80886973868411" lon="115.87640617575723">
        <ele>44.37066320050508</ele>
        <time>1970-01-01T00:42:42.600000Z</time>
        <extensions>
          <gpxtpx:TrackPointExtension>
            <gpxtpx:hr>147</gpxtpx:hr>
          </gpxtpx:TrackPointExtension>
        </extensions>
      </trkpt>
      <trkpt lat="28.808858478496155" lon="115.87639674933065">
        <ele>44.36944068688899</ele>
        <time>1970-01-01T00:42:43.600000Z</time>
        <extensions>
          <gpxtpx:TrackPointExtension>
            <gpxtpx:hr>147</gpxtpx:hr>
          </gpxtpx:TrackPointExtension>
        </extensions>
      </trkpt>
      <trkpt lat="28.80884712236516" lon="115.87638714097201">
        <ele>44.32020486984402</ele>
        <time>1970-01-01T00:42:44.600000Z</time>
        <extensions>
          <gpxtpx:TrackPointExtension>
            <gpxtpx:hr>147</gpxtpx:hr>
          </gpxtpx:TrackPointExtension>
        </extensions>
      </trkpt>
      <trkpt lat="28.80883545047059" lon="115.87637766978398">
        <ele>44.22530169133097</ele>
        <time>1970-01-01T00:42:45.600000Z</time>
        <extensions>
          <gpxtpx:TrackPointExtension>
            <gpxtpx:hr>147</gpxtpx:hr>
          </gpxtpx:TrackPointExtension>
        </extensions>
      </trkpt>
      <trkpt lat="28.80882332107347" lon="115.87636816594573">
        <ele>44.09231360908598</ele>
        <time>1970-01-01T00:42:46.600000Z</time>
        <extensions>
          <gpxtpx:TrackPointExtension>
            <gpxtpx:hr>147</gpxtpx:hr>
          </gpxtpx:TrackPointExtension>
        </extensions>
      </trkpt>
      <trkpt lat="28.808811293506114" lon="115.87635882485453">
        <ele>43.93237419333309</ele>
        <time>1970-01-01T00:42:47.600000Z</time>
        <extensions>
          <gpxtpx:TrackPointExtension>
            <gpxtpx:hr>146</gpxtpx:hr>
          </gpxtpx:TrackPointExtension>
        </extensions>
      </trkpt>
      <trkpt lat="28.808799271275976" lon="115.87634907510329">
        <ele>43.7578793996945</ele>
        <time>1970-01-01T00:42:48.600000Z</time>
        <extensions>
          <gpxtpx:TrackPointExtension>
            <gpxtpx:hr>146</gpxtpx:hr>
          </gpxtpx:TrackPointExtension>
        </extensions>
      </trkpt>
      <trkpt lat="28.80878739138999" lon="115.87633859284166">
        <ele>43.58089759666473</ele>
        <time>1970-01-01T00:42:49.600000Z</time>
        <extensions>
          <gpxtpx:TrackPointExtension>
            <gpxtpx:hr>146</gpxtpx:hr>
          </gpxtpx:TrackPointExtension>
        </extensions>
      </trkpt>
      <trkpt lat="28.808775460602476" lon="115.87632737880985">
        <ele>43.41186573449522</ele>
        <time>1970-01-01T00:42:50.600000Z</time>
        <extensions>
          <gpxtpx:TrackPointExtension>
            <gpxtpx:hr>146</gpxtpx:hr>
          </gpxtpx:TrackPointExtension>
        </extensions>
      </trkpt>
      <trkpt lat="28.808762956039754" lon="115.87631589561371">
        <ele>43.25917587056756</ele>
        <time>1970-01-01T00:42:51.600000Z</time>
        <extensions>
          <gpxtpx:TrackPointExtension>
            <gpxtpx:hr>146</gpxtpx:hr>
          </gpxtpx:TrackPointExtension>
        </extensions>
      </trkpt>
      <trkpt lat="28.80874977387177" lon="115.87630417102464">
        <ele>43.12740810588002</ele>
        <time>1970-01-01T00:42:52.600000Z</time>
        <extensions>
          <gpxtpx:TrackPointExtension>
            <gpxtpx:hr>146</gpxtpx:hr>
          </gpxtpx:TrackPointExtension>
        </extensions>
      </trkpt>
      <trkpt lat="28.808736438952277" lon="115.87629168321718">
        <ele>43.01792897749692</ele>
        <time>1970-01-01T00:42:53.600000Z</time>
        <extensions>
          <gpxtpx:TrackPointExtension>
            <gpxtpx:hr>146</gpxtpx:hr>
          </gpxtpx:TrackPointExtension>
        </extensions>
      </trkpt>
      <trkpt lat="28.808724083023584" lon="115.87627906832392">
        <ele>42.92971746157855</ele>
        <time>1970-01-01T00:42:54.600000Z</time>
        <extensions>
          <gpxtpx:TrackPointExtension>
            <gpxtpx:hr>146</gpxtpx:hr>
          </gpxtpx:TrackPointExtension>
        </extensions>
      </trkpt>
      <trkpt lat="28.80871261246104" lon="115.87626673241456">
        <ele>42.86084781307727</ele>
        <time>1970-01-01T00:42:55.600000Z</time>
        <extensions>
          <gpxtpx:TrackPointExtension>
            <gpxtpx:hr>146</gpxtpx:hr>
          </gpxtpx:TrackPointExtension>
        </extensions>
      </trkpt>
      <trkpt lat="28.808701551063248" lon="115.87625481282429">
        <ele>42.808883246965706</ele>
        <time>1970-01-01T00:42:56.600000Z</time>
        <extensions>
          <gpxtpx:TrackPointExtension>
            <gpxtpx:hr>145</gpxtpx:hr>
          </gpxtpx:TrackPointExtension>
        </extensions>
      </trkpt>
      <trkpt lat="28.808690514285686" lon="115.87624364694742">
        <ele>42.77243876736611</ele>
        <time>1970-01-01T00:42:57.600000Z</time>
        <extensions>
          <gpxtpx:TrackPointExtension>
            <gpxtpx:hr>145</gpxtpx:hr>
          </gpxtpx:TrackPointExtension>
        </extensions>
      </trkpt>
      <trkpt lat="28.808679163105918" lon="115.87623340502351">
        <ele>42.75051504466683</ele>
        <time>1970-01-01T00:42:58.600000Z</time>
        <extensions>
          <gpxtpx:TrackPointExtension>
            <gpxtpx:hr>145</gpxtpx:hr>
          </gpxtpx:TrackPointExtension>
        </extensions>
      </trkpt>
      <trkpt lat="28.80866691384475" lon="115.8762292399953">
        <ele>42.75258184131235</ele>
        <time>1970-01-01T00:42:59.600000Z</time>
        <extensions>
          <gpxtpx:TrackPointExtension>
            <gpxtpx:hr>145</gpxtpx:hr>
          </gpxtpx:TrackPointExtension>
        </extensions>
      </trkpt>
      <trkpt lat="28.808653069677103" lon="115.87622457846115">
        <ele>42.767579910345376</ele>
        <time>1970-01-01T00:43:00.600000Z</time>
        <extensions>
          <gpxtpx:TrackPointExtension>
            <gpxtpx:hr>145</gpxtpx:hr>
          </gpxtpx:TrackPointExtension>
        </extensions>
      </trkpt>
      <trkpt lat="28.808638156139168" lon="115.87622197935734">
        <ele>42.792309989221394</ele>
        <time>1970-01-01T00:43:01.600000Z</time>
        <extensions>
          <gpxtpx:TrackPointExtension>
            <gpxtpx:hr>139</gpxtpx:hr>
          </gpxtpx:TrackPointExtension>
        </extensions>
      </trkpt>
      <trkpt lat="28.80862235383532" lon="115.8762218172527">
        <ele>42.823631620034575</ele>
        <time>1970-01-01T00:43:02.600000Z</time>
        <extensions>
          <gpxtpx:TrackPointExtension>
            <gpxtpx:hr>139</gpxtpx:hr>
          </gpxtpx:TrackPointExtension>
        </extensions>
      </trkpt>
      <trkpt lat="28.808606473351627" lon="115.87622287167895">
        <ele>42.857169766910374</ele>
        <time>1970-01-01T00:43:03.600000Z</time>
        <extensions>
          <gpxtpx:TrackPointExtension>
            <gpxtpx:hr>139</gpxtpx:hr>
          </gpxtpx:TrackPointExtension>
        </extensions>
      </trkpt>
      <trkpt lat="28.80859040418979" lon="115.8762250196552">
        <ele>42.887968509458005</ele>
        <time>1970-01-01T00:43:04.600000Z</time>
        <extensions>
          <gpxtpx:TrackPointExtension>
            <gpxtpx:hr>139</gpxtpx:hr>
          </gpxtpx:TrackPointExtension>
        </extensions>
      </trkpt>
      <trkpt lat="28.808572710531188" lon="115.87622964703345">
        <ele>42.91094105411321</ele>
        <time>1970-01-01T00:43:05.600000Z</time>
        <extensions>
          <gpxtpx:TrackPointExtension>
            <gpxtpx:hr>139</gpxtpx:hr>
          </gpxtpx:TrackPointExtension>
        </extensions>
      </trkpt>
      <trkpt lat="28.808552446697906" lon="115.8762359119468">
        <ele>42.92087069526315</ele>
        <time>1970-01-01T00:43:06.600000Z</time>
        <extensions>
          <gpxtpx:TrackPointExtension>
            <gpxtpx:hr>138</gpxtpx:hr>
          </gpxtpx:TrackPointExtension>
        </extensions>
      </trkpt>
      <trkpt lat="28.808530889036017" lon="115.87624193957238">
        <ele>42.910586789250374</ele>
        <time>1970-01-01T00:43:07.600000Z</time>
        <extensions>
          <gpxtpx:TrackPointExtension>
            <gpxtpx:hr>138</gpxtpx:hr>
          </gpxtpx:TrackPointExtension>
        </extensions>
      </trkpt>
      <trkpt lat="28.808512145330752" lon="115.8762459984378">
        <ele>42.87168875243515</ele>
        <time>1970-01-01T00:43:08.600000Z</time>
        <extensions>
          <gpxtpx:TrackPointExtension>
            <gpxtpx:hr>138</gpxtpx:hr>
          </gpxtpx:TrackPointExtension>
        </extensions>
      </trkpt>
      <trkpt lat="28.808512121429846" lon="115.87624600075866">
        <ele>42.87879078742117</ele>
        <time>1970-01-01T00:43:08.600000Z</time>
        <extensions>
          <gpxtpx:TrackPointExtension>
            <gpxtpx:hr>138</gpxtpx:hr>
          </gpxtpx:TrackPointExtension>
        </extensions>
      </trkpt>
      <trkpt lat="28.808495858185573" lon="115.87624842757522">
        <ele>42.841921356506646</ele>
        <time>1970-01-01T00:43:09.600000Z</time>
        <extensions>
          <gpxtpx:TrackPointExtension>
            <gpxtpx:hr>138</gpxtpx:hr>
          </gpxtpx:TrackPointExtension>
        </extensions>
      </trkpt>
      <trkpt lat="28.80847715773628" lon="115.8762501998723">
        <ele>42.83500614296645</ele>
        <time>1970-01-01T00:43:10.600000Z</time>
        <extensions>
          <gpxtpx:TrackPointExtension>
            <gpxtpx:hr>140</gpxtpx:hr>
          </gpxtpx:TrackPointExtension>
        </extensions>
      </trkpt>
      <trkpt lat="28.808456780293817" lon="115.87625040827133">
        <ele>42.84628378320485</ele>
        <time>1970-01-01T00:43:11.600000Z</time>
        <extensions>
          <gpxtpx:TrackPointExtension>
            <gpxtpx:hr>140</gpxtpx:hr>
          </gpxtpx:TrackPointExtension>
        </extensions>
      </trkpt>
      <trkpt lat="28.8084322814265" lon="115.87624878448028">
        <ele>42.864568629302084</ele>
        <time>1970-01-01T00:43:12.600000Z</time>
        <extensions>
          <gpxtpx:TrackPointExtension>
            <gpxtpx:hr>140</gpxtpx:hr>
          </gpxtpx:TrackPointExtension>
        </extensions>
      </trkpt>
      <trkpt lat="28.80840320688068" lon="115.87624585459076">
        <ele>42.879707287065685</ele>
        <time>1970-01-01T00:43:13.600000Z</time>
        <extensions>
          <gpxtpx:TrackPointExtension>
            <gpxtpx:hr>140</gpxtpx:hr>
          </gpxtpx:TrackPointExtension>
        </extensions>
      </trkpt>
      <trkpt lat="28.808375329915606" lon="115.87624253586083">
        <ele>42.883858650922775</ele>
        <time>1970-01-01T00:43:14.600000Z</time>
        <extensions>
          <gpxtpx:TrackPointExtension>
            <gpxtpx:hr>140</gpxtpx:hr>
          </gpxtpx:TrackPointExtension>
        </extensions>
      </trkpt>
      <trkpt lat="28.808349253772924" lon="115.8762391060225">
        <ele>42.87106472067535</ele>
        <time>1970-01-01T00:43:15.600000Z</time>
        <extensions>
          <gpxtpx:TrackPointExtension>
            <gpxtpx:hr>142</gpxtpx:hr>
          </gpxtpx:TrackPointExtension>
        </extensions>
      </trkpt>
      <trkpt lat="28.808323863440513" lon="115.87623531865904">
        <ele>42.83941334672272</ele>
        <time>1970-01-01T00:43:16.600000Z</time>
        <extensions>
          <gpxtpx:TrackPointExtension>
            <gpxtpx:hr>142</gpxtpx:hr>
          </gpxtpx:TrackPointExtension>
        </extensions>
      </trkpt>
      <trkpt lat="28.808298864370496" lon="115.87623099339919">
        <ele>42.791061918251216</ele>
        <time>1970-01-01T00:43:17.600000Z</time>
        <extensions>
          <gpxtpx:TrackPointExtension>
            <gpxtpx:hr>142</gpxtpx:hr>
          </gpxtpx:TrackPointExtension>
        </extensions>
      </trkpt>
      <trkpt lat="28.80827400996007" lon="115.87622578125848">
        <ele>42.73180983494967</ele>
        <time>1970-01-01T00:43:18.600000Z</time>
        <extensions>
          <gpxtpx:TrackPointExtension>
            <gpxtpx:hr>142</gpxtpx:hr>
          </gpxtpx:TrackPointExtension>
        </extensions>
      </trkpt>
      <trkpt lat="28.808249412042162" lon="115.87621994414896">
        <ele>42.669194323942065</ele>
        <time>1970-01-01T00:43:19.600000Z</time>
        <extensions>
          <gpxtpx:TrackPointExtension>
            <gpxtpx:hr>142</gpxtpx:hr>
          </gpxtpx:TrackPointExtension>
        </extensions>
      </trkpt>
      <trkpt lat="28.808225485127046" lon="115.87621342629606">
        <ele>42.611623000353575</ele>
        <time>1970-01-01T00:43:20.600000Z</time>
        <extensions>
          <gpxtpx:TrackPointExtension>
            <gpxtpx:hr>143</gpxtpx:hr>
          </gpxtpx:TrackPointExtension>
        </extensions>
      </trkpt>
      <trkpt lat="28.808202316600173" lon="115.87620528780441">
        <ele>42.56698787026107</ele>
        <time>1970-01-01T00:43:21.600000Z</time>
        <extensions>
          <gpxtpx:TrackPointExtension>
            <gpxtpx:hr>143</gpxtpx:hr>
          </gpxtpx:TrackPointExtension>
        </extensions>
      </trkpt>
      <trkpt lat="28.808179767600656" lon="115.87619491373091">
        <ele>42.54057295434177</ele>
        <time>1970-01-01T00:43:22.600000Z</time>
        <extensions>
          <gpxtpx:TrackPointExtension>
            <gpxtpx:hr>143</gpxtpx:hr>
          </gpxtpx:TrackPointExtension>
        </extensions>
      </trkpt>
      <trkpt lat="28.808157909715824" lon="115.87618273500853">
        <ele>42.53385951370001</ele>
        <time>1970-01-01T00:43:23.600000Z</time>
        <extensions>
          <gpxtpx:TrackPointExtension>
            <gpxtpx:hr>143</gpxtpx:hr>
          </gpxtpx:TrackPointExtension>
        </extensions>
      </trkpt>
      <trkpt lat="28.808136687803266" lon="115.87617131283723">
        <ele>42.54788281582296</ele>
        <time>1970-01-01T00:43:24.600000Z</time>
        <extensions>
          <gpxtpx:TrackPointExtension>
            <gpxtpx:hr>143</gpxtpx:hr>
          </gpxtpx:TrackPointExtension>
        </extensions>
      </trkpt>
      <trkpt lat="28.80811521632979" lon="115.87616274934827">
        <ele>42.581863483414054</ele>
        <time>1970-01-01T00:43:25.600000Z</time>
        <extensions>
          <gpxtpx:TrackPointExtension>
            <gpxtpx:hr>143</gpxtpx:hr>
          </gpxtpx:TrackPointExtension>
        </extensions>
      </trkpt>
      <trkpt lat="28.80809293870193" lon="115.87615726401114">
        <ele>42.633067801594734</ele>
        <time>1970-01-01T00:43:26.600000Z</time>
        <extensions>
          <gpxtpx:TrackPointExtension>
            <gpxtpx:hr>143</gpxtpx:hr>
          </gpxtpx:TrackPointExtension>
        </extensions>
      </trkpt>
      <trkpt lat="28.80806984271153" lon="115.87615401904453">
        <ele>42.699069953523576</ele>
        <time>1970-01-01T00:43:27.600000Z</time>
        <extensions>
          <gpxtpx:TrackPointExtension>
            <gpxtpx:hr>150</gpxtpx:hr>
          </gpxtpx:TrackPointExtension>
        </extensions>
      </trkpt>
      <trkpt lat="28.808046728277063" lon="115.8761520448123">
        <ele>42.780152909457684</ele>
        <time>1970-01-01T00:43:28.600000Z</time>
        <extensions>
          <gpxtpx:TrackPointExtension>
            <gpxtpx:hr>150</gpxtpx:hr>
          </gpxtpx:TrackPointExtension>
        </extensions>
      </trkpt>
      <trkpt lat="28.808024268530385" lon="115.87615055860483">
        <ele>42.87805122695863</ele>
        <time>1970-01-01T00:43:29.600000Z</time>
        <extensions>
          <gpxtpx:TrackPointExtension>
            <gpxtpx:hr>150</gpxtpx:hr>
          </gpxtpx:TrackPointExtension>
        </extensions>
      </trkpt>
      <trkpt lat="28.8080029147647" lon="115.87614930790106">
        <ele>42.99650364369154</ele>
        <time>1970-01-01T00:43:30.600000Z</time>
        <extensions>
          <gpxtpx:TrackPointExtension>
            <gpxtpx:hr>150</gpxtpx:hr>
          </gpxtpx:TrackPointExtension>
        </extensions>
      </trkpt>
      <trkpt lat="28.807983607264212" lon="115.87614836973437">
        <ele>43.13815263193101</ele>
        <time>1970-01-01T00:43:31.600000Z</time>
        <extensions>
          <gpxtpx:TrackPointExtension>
            <gpxtpx:hr>150</gpxtpx:hr>
          </gpxtpx:TrackPointExtension>
        </extensions>
      </trkpt>
      <trkpt lat="28.80796661979837" lon="115.87614765117412">
        <ele>43.302560206502676</ele>
        <time>1970-01-01T00:43:32.600000Z</time>
        <extensions>
          <gpxtpx:TrackPointExtension>
            <gpxtpx:hr>150</gpxtpx:hr>
          </gpxtpx:TrackPointExtension>
        </extensions>
      </trkpt>
      <trkpt lat="28.807951632591468" lon="115.87614713539247">
        <ele>43.48496383521706</ele>
        <time>1970-01-01T00:43:33.600000Z</time>
        <extensions>
          <gpxtpx:TrackPointExtension>
            <gpxtpx:hr>150</gpxtpx:hr>
          </gpxtpx:TrackPointExtension>
        </extensions>
      </trkpt>
      <trkpt lat="28.807938584298718" lon="115.87614614877049">
        <ele>43.67581941746175</ele>
        <time>1970-01-01T00:43:34.600000Z</time>
        <extensions>
          <gpxtpx:TrackPointExtension>
            <gpxtpx:hr>151</gpxtpx:hr>
          </gpxtpx:TrackPointExtension>
        </extensions>
      </trkpt>
      <trkpt lat="28.807927063086378" lon="115.87614410131589">
        <ele>43.86310373712331</ele>
        <time>1970-01-01T00:43:35.600000Z</time>
        <extensions>
          <gpxtpx:TrackPointExtension>
            <gpxtpx:hr>151</gpxtpx:hr>
          </gpxtpx:TrackPointExtension>
        </extensions>
      </trkpt>
      <trkpt lat="28.80791652540166" lon="115.87614121020921">
        <ele>44.03561356663704</ele>
        <time>1970-01-01T00:43:36.600000Z</time>
        <extensions>
          <gpxtpx:TrackPointExtension>
            <gpxtpx:hr>151</gpxtpx:hr>
          </gpxtpx:TrackPointExtension>
        </extensions>
      </trkpt>
      <trkpt lat="28.807906150880317" lon="115.87613799932372">
        <ele>44.184642078354955</ele>
        <time>1970-01-01T00:43:37.600000Z</time>
        <extensions>
          <gpxtpx:TrackPointExtension>
            <gpxtpx:hr>151</gpxtpx:hr>
          </gpxtpx:TrackPointExtension>
        </extensions>
      </trkpt>
      <trkpt lat="28.807895120773125" lon="115.87613464913754">
        <ele>44.30415478348732</ele>
        <time>1970-01-01T00:43:38.600000Z</time>
        <extensions>
          <gpxtpx:TrackPointExtension>
            <gpxtpx:hr>151</gpxtpx:hr>
          </gpxtpx:TrackPointExtension>
        </extensions>
      </trkpt>
      <trkpt lat="28.80788396310451" lon="115.87613097432774">
        <ele>44.39178502932191</ele>
        <time>1970-01-01T00:43:39.600000Z</time>
        <extensions>
          <gpxtpx:TrackPointExtension>
            <gpxtpx:hr>150</gpxtpx:hr>
          </gpxtpx:TrackPointExtension>
        </extensions>
      </trkpt>
      <trkpt lat="28.80787306570974" lon="115.87612670534435">
        <ele>44.448438458144665</ele>
        <time>1970-01-01T00:43:40.600000Z</time>
        <extensions>
          <gpxtpx:TrackPointExtension>
            <gpxtpx:hr>150</gpxtpx:hr>
          </gpxtpx:TrackPointExtension>
        </extensions>
      </trkpt>
      <trkpt lat="28.80786233712873" lon="115.8761220459767">
        <ele>44.47796248272061</ele>
        <time>1970-01-01T00:43:41.600000Z</time>
        <extensions>
          <gpxtpx:TrackPointExtension>
            <gpxtpx:hr>150</gpxtpx:hr>
          </gpxtpx:TrackPointExtension>
        </extensions>
      </trkpt>
      <trkpt lat="28.80785185327816" lon="115.87611757604374">
        <ele>44.48628543596715</ele>
        <time>1970-01-01T00:43:42.600000Z</time>
        <extensions>
          <gpxtpx:TrackPointExtension>
            <gpxtpx:hr>150</gpxtpx:hr>
          </gpxtpx:TrackPointExtension>
        </extensions>
      </trkpt>
      <trkpt lat="28.807841541373065" lon="115.87611333431303">
        <ele>44.47982945945114</ele>
        <time>1970-01-01T00:43:43.600000Z</time>
        <extensions>
          <gpxtpx:TrackPointExtension>
            <gpxtpx:hr>150</gpxtpx:hr>
          </gpxtpx:TrackPointExtension>
        </extensions>
      </trkpt>
      <trkpt lat="28.80783123190045" lon="115.876108631624">
        <ele>44.465914241969585</ele>
        <time>1970-01-01T00:43:44.600000Z</time>
        <extensions>
          <gpxtpx:TrackPointExtension>
            <gpxtpx:hr>149</gpxtpx:hr>
          </gpxtpx:TrackPointExtension>
        </extensions>
      </trkpt>
      <trkpt lat="28.807820680594943" lon="115.8761027059433">
        <ele>44.451235661283135</ele>
        <time>1970-01-01T00:43:45.600000Z</time>
        <extensions>
          <gpxtpx:TrackPointExtension>
            <gpxtpx:hr>149</gpxtpx:hr>
          </gpxtpx:TrackPointExtension>
        </extensions>
      </trkpt>
      <trkpt lat="28.807810043718362" lon="115.87609539978898">
        <ele>44.44102204032242</ele>
        <time>1970-01-01T00:43:46.600000Z</time>
        <extensions>
          <gpxtpx:TrackPointExtension>
            <gpxtpx:hr>149</gpxtpx:hr>
          </gpxtpx:TrackPointExtension>
        </extensions>
      </trkpt>
      <trkpt lat="28.807799411674665" lon="115.87608748193306">
        <ele>44.438423078507185</ele>
        <time>1970-01-01T00:43:47.600000Z</time>
        <extensions>
          <gpxtpx:TrackPointExtension>
            <gpxtpx:hr>149</gpxtpx:hr>
          </gpxtpx:TrackPointExtension>
        </extensions>
      </trkpt>
      <trkpt lat="28.807789127594297" lon="115.87608006159498">
        <ele>44.44524352718145</ele>
        <time>1970-01-01T00:43:48.600000Z</time>
        <extensions>
          <gpxtpx:TrackPointExtension>
            <gpxtpx:hr>149</gpxtpx:hr>
          </gpxtpx:TrackPointExtension>
        </extensions>
      </trkpt>
      <trkpt lat="28.807778935850404" lon="115.87607291620205">
        <ele>44.46219715755433</ele>
        <time>1970-01-01T00:43:49.600000Z</time>
        <extensions>
          <gpxtpx:TrackPointExtension>
            <gpxtpx:hr>149</gpxtpx:hr>
          </gpxtpx:TrackPointExtension>
        </extensions>
      </trkpt>
      <trkpt lat="28.807768296581788" lon="115.87606575710312">
        <ele>44.48946514632553</ele>
        <time>1970-01-01T00:43:50.600000Z</time>
        <extensions>
          <gpxtpx:TrackPointExtension>
            <gpxtpx:hr>148</gpxtpx:hr>
          </gpxtpx:TrackPointExtension>
        </extensions>
      </trkpt>
      <trkpt lat="28.807757437452207" lon="115.87605916659004">
        <ele>44.527081246487796</ele>
        <time>1970-01-01T00:43:51.600000Z</time>
        <extensions>
          <gpxtpx:TrackPointExtension>
            <gpxtpx:hr>148</gpxtpx:hr>
          </gpxtpx:TrackPointExtension>
        </extensions>
      </trkpt>
      <trkpt lat="28.807746344204695" lon="115.87605328147917">
        <ele>44.57417248096317</ele>
        <time>1970-01-01T00:43:52.600000Z</time>
        <extensions>
          <gpxtpx:TrackPointExtension>
            <gpxtpx:hr>148</gpxtpx:hr>
          </gpxtpx:TrackPointExtension>
        </extensions>
      </trkpt>
      <trkpt lat="28.807735433403664" lon="115.87604802644177">
        <ele>44.62915529683232</ele>
        <time>1970-01-01T00:43:53.600000Z</time>
        <extensions>
          <gpxtpx:TrackPointExtension>
            <gpxtpx:hr>148</gpxtpx:hr>
          </gpxtpx:TrackPointExtension>
        </extensions>
      </trkpt>
      <trkpt lat="28.8077244268236" lon="115.87604302076699">
        <ele>44.68890859186649</ele>
        <time>1970-01-01T00:43:54.600000Z</time>
        <extensions>
          <gpxtpx:TrackPointExtension>
            <gpxtpx:hr>148</gpxtpx:hr>
          </gpxtpx:TrackPointExtension>
        </extensions>
      </trkpt>
      <trkpt lat="28.80771274306999" lon="115.87603802847558">
        <ele>44.74938738811761</ele>
        <time>1970-01-01T00:43:55.600000Z</time>
        <extensions>
          <gpxtpx:TrackPointExtension>
            <gpxtpx:hr>147</gpxtpx:hr>
          </gpxtpx:TrackPointExtension>
        </extensions>
      </trkpt>
      <trkpt lat="28.80770081656404" lon="115.87603312607939">
        <ele>44.80674221366644</ele>
        <time>1970-01-01T00:43:56.600000Z</time>
        <extensions>
          <gpxtpx:TrackPointExtension>
            <gpxtpx:hr>147</gpxtpx:hr>
          </gpxtpx:TrackPointExtension>
        </extensions>
      </trkpt>
      <trkpt lat="28.80768913595001" lon="115.8760283130485">
        <ele>44.857497152872384</ele>
        <time>1970-01-01T00:43:57.600000Z</time>
        <extensions>
          <gpxtpx:TrackPointExtension>
            <gpxtpx:hr>147</gpxtpx:hr>
          </gpxtpx:TrackPointExtension>
        </extensions>
      </trkpt>
      <trkpt lat="28.807677739269085" lon="115.8760235368573">
        <ele>44.89885059092194</ele>
        <time>1970-01-01T00:43:58.600000Z</time>
        <extensions>
          <gpxtpx:TrackPointExtension>
            <gpxtpx:hr>147</gpxtpx:hr>
          </gpxtpx:TrackPointExtension>
        </extensions>
      </trkpt>
      <trkpt lat="28.807666410867814" lon="115.87601875301327">
        <ele>44.928267899900675</ele>
        <time>1970-01-01T00:43:59.600000Z</time>
        <extensions>
          <gpxtpx:TrackPointExtension>
            <gpxtpx:hr>147</gpxtpx:hr>
          </gpxtpx:TrackPointExtension>
        </extensions>
      </trkpt>
      <trkpt lat="28.807655212950788" lon="115.87601394175077">
        <ele>44.94350890815258</ele>
        <time>1970-01-01T00:44:00.600000Z</time>
        <extensions>
          <gpxtpx:TrackPointExtension>
            <gpxtpx:hr>145</gpxtpx:hr>
          </gpxtpx:TrackPointExtension>
        </extensions>
      </trkpt>
      <trkpt lat="28.807644268847216" lon="115.87600908664996">
        <ele>44.94267933536321</ele>
        <time>1970-01-01T00:44:01.600000Z</time>
        <extensions>
          <gpxtpx:TrackPointExtension>
            <gpxtpx:hr>145</gpxtpx:hr>
          </gpxtpx:TrackPointExtension>
        </extensions>
      </trkpt>
      <trkpt lat="28.807633646981742" lon="115.876004357681">
        <ele>44.92564802058041</ele>
        <time>1970-01-01T00:44:02.600000Z</time>
        <extensions>
          <gpxtpx:TrackPointExtension>
            <gpxtpx:hr>145</gpxtpx:hr>
          </gpxtpx:TrackPointExtension>
        </extensions>
      </trkpt>
      <trkpt lat="28.807623307392937" lon="115.87599979900924">
        <ele>44.89283948671073</ele>
        <time>1970-01-01T00:44:03.600000Z</time>
        <extensions>
          <gpxtpx:TrackPointExtension>
            <gpxtpx:hr>145</gpxtpx:hr>
          </gpxtpx:TrackPointExtension>
        </extensions>
      </trkpt>
      <trkpt lat="28.80761306938293" lon="115.87599523240169">
        <ele>44.84573530126363</ele>
        <time>1970-01-01T00:44:04.600000Z</time>
        <extensions>
          <gpxtpx:TrackPointExtension>
            <gpxtpx:hr>145</gpxtpx:hr>
          </gpxtpx:TrackPointExtension>
        </extensions>
      </trkpt>
      <trkpt lat="28.8076027839275" lon="115.87599050470453">
        <ele>44.78708990290761</ele>
        <time>1970-01-01T00:44:05.600000Z</time>
        <extensions>
          <gpxtpx:TrackPointExtension>
            <gpxtpx:hr>145</gpxtpx:hr>
          </gpxtpx:TrackPointExtension>
        </extensions>
      </trkpt>
      <trkpt lat="28.80759256480385" lon="115.87598565035984">
        <ele>44.72059068456292</ele>
        <time>1970-01-01T00:44:06.600000Z</time>
        <extensions>
          <gpxtpx:TrackPointExtension>
            <gpxtpx:hr>145</gpxtpx:hr>
          </gpxtpx:TrackPointExtension>
        </extensions>
      </trkpt>
      <trkpt lat="28.807582595204494" lon="115.87598079110256">
        <ele>44.649744846858084</ele>
        <time>1970-01-01T00:44:07.600000Z</time>
        <extensions>
          <gpxtpx:TrackPointExtension>
            <gpxtpx:hr>137</gpxtpx:hr>
          </gpxtpx:TrackPointExtension>
        </extensions>
      </trkpt>
      <trkpt lat="28.8075728346685" lon="115.87597603250107">
        <ele>44.57880317233503</ele>
        <time>1970-01-01T00:44:08.600000Z</time>
        <extensions>
          <gpxtpx:TrackPointExtension>
            <gpxtpx:hr>137</gpxtpx:hr>
          </gpxtpx:TrackPointExtension>
        </extensions>
      </trkpt>
      <trkpt lat="28.807562941272447" lon="115.8759713454133">
        <ele>44.51215744018555</ele>
        <time>1970-01-01T00:44:09.600000Z</time>
        <extensions>
          <gpxtpx:TrackPointExtension>
            <gpxtpx:hr>137</gpxtpx:hr>
          </gpxtpx:TrackPointExtension>
        </extensions>
      </trkpt>
      <trkpt lat="28.80755295387184" lon="115.8759667106996">
        <ele>44.4530791696161</ele>
        <time>1970-01-01T00:44:10.600000Z</time>
        <extensions>
          <gpxtpx:TrackPointExtension>
            <gpxtpx:hr>137</gpxtpx:hr>
          </gpxtpx:TrackPointExtension>
        </extensions>
      </trkpt>
      <trkpt lat="28.807542670611593" lon="115.87596216995271">
        <ele>44.40348025597632</ele>
        <time>1970-01-01T00:44:11.600000Z</time>
        <extensions>
          <gpxtpx:TrackPointExtension>
            <gpxtpx:hr>137</gpxtpx:hr>
          </gpxtpx:TrackPointExtension>
        </extensions>
      </trkpt>
      <trkpt lat="28.807531822386057" lon="115.87595769633928">
        <ele>44.36381962709129</ele>
        <time>1970-01-01T00:44:12.600000Z</time>
        <extensions>
          <gpxtpx:TrackPointExtension>
            <gpxtpx:hr>136</gpxtpx:hr>
          </gpxtpx:TrackPointExtension>
        </extensions>
      </trkpt>
      <trkpt lat="28.807520804652007" lon="115.87595309651968">
        <ele>44.33223868254572</ele>
        <time>1970-01-01T00:44:13.600000Z</time>
        <extensions>
          <gpxtpx:TrackPointExtension>
            <gpxtpx:hr>136</gpxtpx:hr>
          </gpxtpx:TrackPointExtension>
        </extensions>
      </trkpt>
      <trkpt lat="28.80751000020069" lon="115.87594819120635">
        <ele>44.30478533543646</ele>
        <time>1970-01-01T00:44:14.600000Z</time>
        <extensions>
          <gpxtpx:TrackPointExtension>
            <gpxtpx:hr>136</gpxtpx:hr>
          </gpxtpx:TrackPointExtension>
        </extensions>
      </trkpt>
      <trkpt lat="28.807499477187516" lon="115.87594310854958">
        <ele>44.277338673360646</ele>
        <time>1970-01-01T00:44:15.600000Z</time>
        <extensions>
          <gpxtpx:TrackPointExtension>
            <gpxtpx:hr>132</gpxtpx:hr>
          </gpxtpx:TrackPointExtension>
        </extensions>
      </trkpt>
      <trkpt lat="28.807488970736987" lon="115.875938104352">
        <ele>44.24584856815636</ele>
        <time>1970-01-01T00:44:16.600000Z</time>
        <extensions>
          <gpxtpx:TrackPointExtension>
            <gpxtpx:hr>132</gpxtpx:hr>
          </gpxtpx:TrackPointExtension>
        </extensions>
      </trkpt>
      <trkpt lat="28.807478387591345" lon="115.87593328092522">
        <ele>44.20774411410093</ele>
        <time>1970-01-01T00:44:17.600000Z</time>
        <extensions>
          <gpxtpx:TrackPointExtension>
            <gpxtpx:hr>132</gpxtpx:hr>
          </gpxtpx:TrackPointExtension>
        </extensions>
      </trkpt>
      <trkpt lat="28.80746780306109" lon="115.87592852444062">
        <ele>44.16285644285381</ele>
        <time>1970-01-01T00:44:18.600000Z</time>
        <extensions>
          <gpxtpx:TrackPointExtension>
            <gpxtpx:hr>132</gpxtpx:hr>
          </gpxtpx:TrackPointExtension>
        </extensions>
      </trkpt>
      <trkpt lat="28.807457332039263" lon="115.87592384023915">
        <ele>44.11387910041958</ele>
        <time>1970-01-01T00:44:19.600000Z</time>
        <extensions>
          <gpxtpx:TrackPointExtension>
            <gpxtpx:hr>132</gpxtpx:hr>
          </gpxtpx:TrackPointExtension>
        </extensions>
      </trkpt>
      <trkpt lat="28.807446899851133" lon="115.87591923001695">
        <ele>44.064646606333554</ele>
        <time>1970-01-01T00:44:20.600000Z</time>
        <extensions>
          <gpxtpx:TrackPointExtension>
            <gpxtpx:hr>132</gpxtpx:hr>
          </gpxtpx:TrackPointExtension>
        </extensions>
      </trkpt>
      <trkpt lat="28.80743657913627" lon="115.87591444945006">
        <ele>44.01981011778116</ele>
        <time>1970-01-01T00:44:21.600000Z</time>
        <extensions>
          <gpxtpx:TrackPointExtension>
            <gpxtpx:hr>132</gpxtpx:hr>
          </gpxtpx:TrackPointExtension>
        </extensions>
      </trkpt>
      <trkpt lat="28.80742648480769" lon="115.87590951134378">
        <ele>43.98354818299413</ele>
        <time>1970-01-01T00:44:22.600000Z</time>
        <extensions>
          <gpxtpx:TrackPointExtension>
            <gpxtpx:hr>135</gpxtpx:hr>
          </gpxtpx:TrackPointExtension>
        </extensions>
      </trkpt>
      <trkpt lat="28.807416488550746" lon="115.87590463092374">
        <ele>43.95839622337371</ele>
        <time>1970-01-01T00:44:23.600000Z</time>
        <extensions>
          <gpxtpx:TrackPointExtension>
            <gpxtpx:hr>135</gpxtpx:hr>
          </gpxtpx:TrackPointExtension>
        </extensions>
      </trkpt>
      <trkpt lat="28.80740640811133" lon="115.87589994559575">
        <ele>43.94416332338005</ele>
        <time>1970-01-01T00:44:24.600000Z</time>
        <extensions>
          <gpxtpx:TrackPointExtension>
            <gpxtpx:hr>135</gpxtpx:hr>
          </gpxtpx:TrackPointExtension>
        </extensions>
      </trkpt>
      <trkpt lat="28.807395958677173" lon="115.8758956494983">
        <ele>43.938836336135864</ele>
        <time>1970-01-01T00:44:25.600000Z</time>
        <extensions>
          <gpxtpx:TrackPointExtension>
            <gpxtpx:hr>135</gpxtpx:hr>
          </gpxtpx:TrackPointExtension>
        </extensions>
      </trkpt>
      <trkpt lat="28.807385175511598" lon="115.87589182515474">
        <ele>43.93889675755054</ele>
        <time>1970-01-01T00:44:26.600000Z</time>
        <extensions>
          <gpxtpx:TrackPointExtension>
            <gpxtpx:hr>135</gpxtpx:hr>
          </gpxtpx:TrackPointExtension>
        </extensions>
      </trkpt>
      <trkpt lat="28.807374262607226" lon="115.87588836958325">
        <ele>43.94033951032907</ele>
        <time>1970-01-01T00:44:27.600000Z</time>
        <extensions>
          <gpxtpx:TrackPointExtension>
            <gpxtpx:hr>135</gpxtpx:hr>
          </gpxtpx:TrackPointExtension>
        </extensions>
      </trkpt>
      <trkpt lat="28.80736318046979" lon="115.87588493686987">
        <ele>43.9397609513253</ele>
        <time>1970-01-01T00:44:28.600000Z</time>
        <extensions>
          <gpxtpx:TrackPointExtension>
            <gpxtpx:hr>135</gpxtpx:hr>
          </gpxtpx:TrackPointExtension>
        </extensions>
      </trkpt>
      <trkpt lat="28.807351903125145" lon="115.87588113650843">
        <ele>43.93577615264803</ele>
        <time>1970-01-01T00:44:29.600000Z</time>
        <extensions>
          <gpxtpx:TrackPointExtension>
            <gpxtpx:hr>134</gpxtpx:hr>
          </gpxtpx:TrackPointExtension>
        </extensions>
      </trkpt>
      <trkpt lat="28.807340361019246" lon="115.87587696796423">
        <ele>43.92848121467978</ele>
        <time>1970-01-01T00:44:30.600000Z</time>
        <extensions>
          <gpxtpx:TrackPointExtension>
            <gpxtpx:hr>134</gpxtpx:hr>
          </gpxtpx:TrackPointExtension>
        </extensions>
      </trkpt>
      <trkpt lat="28.807328371051852" lon="115.87587270070156">
        <ele>43.91931718867272</ele>
        <time>1970-01-01T00:44:31.600000Z</time>
        <extensions>
          <gpxtpx:TrackPointExtension>
            <gpxtpx:hr>134</gpxtpx:hr>
          </gpxtpx:TrackPointExtension>
        </extensions>
      </trkpt>
      <trkpt lat="28.80731617132843" lon="115.87586855013248">
        <ele>43.90996886044741</ele>
        <time>1970-01-01T00:44:32.600000Z</time>
        <extensions>
          <gpxtpx:TrackPointExtension>
            <gpxtpx:hr>134</gpxtpx:hr>
          </gpxtpx:TrackPointExtension>
        </extensions>
      </trkpt>
      <trkpt lat="28.807304762229673" lon="115.87586476307675">
        <ele>43.901562626473606</ele>
        <time>1970-01-01T00:44:33.600000Z</time>
        <extensions>
          <gpxtpx:TrackPointExtension>
            <gpxtpx:hr>134</gpxtpx:hr>
          </gpxtpx:TrackPointExtension>
        </extensions>
      </trkpt>
      <trkpt lat="28.80729343797471" lon="115.87586104534618">
        <ele>43.89416883699596</ele>
        <time>1970-01-01T00:44:34.600000Z</time>
        <extensions>
          <gpxtpx:TrackPointExtension>
            <gpxtpx:hr>133</gpxtpx:hr>
          </gpxtpx:TrackPointExtension>
        </extensions>
      </trkpt>
      <trkpt lat="28.80728191763033" lon="115.8758573784547">
        <ele>43.886556880548596</ele>
        <time>1970-01-01T00:44:35.600000Z</time>
        <extensions>
          <gpxtpx:TrackPointExtension>
            <gpxtpx:hr>133</gpxtpx:hr>
          </gpxtpx:TrackPointExtension>
        </extensions>
      </trkpt>
      <trkpt lat="28.807270187313925" lon="115.87585387231631">
        <ele>43.87677213270217</ele>
        <time>1970-01-01T00:44:36.600000Z</time>
        <extensions>
          <gpxtpx:TrackPointExtension>
            <gpxtpx:hr>133</gpxtpx:hr>
          </gpxtpx:TrackPointExtension>
        </extensions>
      </trkpt>
      <trkpt lat="28.807258073089336" lon="115.87585030446184">
        <ele>43.8627272574231</ele>
        <time>1970-01-01T00:44:37.600000Z</time>
        <extensions>
          <gpxtpx:TrackPointExtension>
            <gpxtpx:hr>133</gpxtpx:hr>
          </gpxtpx:TrackPointExtension>
        </extensions>
      </trkpt>
      <trkpt lat="28.80724490701384" lon="115.87584617578663">
        <ele>43.84246225655079</ele>
        <time>1970-01-01T00:44:38.600000Z</time>
        <extensions>
          <gpxtpx:TrackPointExtension>
            <gpxtpx:hr>133</gpxtpx:hr>
          </gpxtpx:TrackPointExtension>
        </extensions>
      </trkpt>
      <trkpt lat="28.807228976857612" lon="115.87584079778536">
        <ele>43.814679216593504</ele>
        <time>1970-01-01T00:44:39.600000Z</time>
        <extensions>
          <gpxtpx:TrackPointExtension>
            <gpxtpx:hr>133</gpxtpx:hr>
          </gpxtpx:TrackPointExtension>
        </extensions>
      </trkpt>
      <trkpt lat="28.80721060376658" lon="115.87583416620839">
        <ele>43.77888636942953</ele>
        <time>1970-01-01T00:44:40.600000Z</time>
        <extensions>
          <gpxtpx:TrackPointExtension>
            <gpxtpx:hr>133</gpxtpx:hr>
          </gpxtpx:TrackPointExtension>
        </extensions>
      </trkpt>
      <trkpt lat="28.80719068006213" lon="115.87582645646151">
        <ele>43.735092082992196</ele>
        <time>1970-01-01T00:44:41.600000Z</time>
        <extensions>
          <gpxtpx:TrackPointExtension>
            <gpxtpx:hr>132</gpxtpx:hr>
          </gpxtpx:TrackPointExtension>
        </extensions>
      </trkpt>
      <trkpt lat="28.80717211846048" lon="115.87581866897095">
        <ele>43.68356909882277</ele>
        <time>1970-01-01T00:44:42.600000Z</time>
        <extensions>
          <gpxtpx:TrackPointExtension>
            <gpxtpx:hr>132</gpxtpx:hr>
          </gpxtpx:TrackPointExtension>
        </extensions>
      </trkpt>
      <trkpt lat="28.807156177933624" lon="115.87581161350914">
        <ele>43.625216618180275</ele>
        <time>1970-01-01T00:44:43.600000Z</time>
        <extensions>
          <gpxtpx:TrackPointExtension>
            <gpxtpx:hr>132</gpxtpx:hr>
          </gpxtpx:TrackPointExtension>
        </extensions>
      </trkpt>
      <trkpt lat="28.80713867081807" lon="115.87580397967547">
        <ele>43.560906272381544</ele>
        <time>1970-01-01T00:44:44.600000Z</time>
        <extensions>
          <gpxtpx:TrackPointExtension>
            <gpxtpx:hr>132</gpxtpx:hr>
          </gpxtpx:TrackPointExtension>
        </extensions>
      </trkpt>
      <trkpt lat="28.807120797813756" lon="115.87579636132567">
        <ele>43.49172867462039</ele>
        <time>1970-01-01T00:44:45.600000Z</time>
        <extensions>
          <gpxtpx:TrackPointExtension>
            <gpxtpx:hr>132</gpxtpx:hr>
          </gpxtpx:TrackPointExtension>
        </extensions>
      </trkpt>
      <trkpt lat="28.807103906185812" lon="115.87578901727002">
        <ele>43.419023752212524</ele>
        <time>1970-01-01T00:44:46.600000Z</time>
        <extensions>
          <gpxtpx:TrackPointExtension>
            <gpxtpx:hr>132</gpxtpx:hr>
          </gpxtpx:TrackPointExtension>
        </extensions>
      </trkpt>
      <trkpt lat="28.80708524349354" lon="115.87578060197755">
        <ele>43.34447205718607</ele>
        <time>1970-01-01T00:44:47.600000Z</time>
        <extensions>
          <gpxtpx:TrackPointExtension>
            <gpxtpx:hr>132</gpxtpx:hr>
          </gpxtpx:TrackPointExtension>
        </extensions>
      </trkpt>
      <trkpt lat="28.807066537895384" lon="115.87577218178058">
        <ele>43.27038307953626</ele>
        <time>1970-01-01T00:44:48.600000Z</time>
        <extensions>
          <gpxtpx:TrackPointExtension>
            <gpxtpx:hr>136</gpxtpx:hr>
          </gpxtpx:TrackPointExtension>
        </extensions>
      </trkpt>
      <trkpt lat="28.807044822537154" lon="115.87576238083052">
        <ele>43.199270338751376</ele>
        <time>1970-01-01T00:44:49.600000Z</time>
        <extensions>
          <gpxtpx:TrackPointExtension>
            <gpxtpx:hr>136</gpxtpx:hr>
          </gpxtpx:TrackPointExtension>
        </extensions>
      </trkpt>
      <trkpt lat="28.807024392219517" lon="115.87575325662712">
        <ele>43.13371950108558</ele>
        <time>1970-01-01T00:44:50.600000Z</time>
        <extensions>
          <gpxtpx:TrackPointExtension>
            <gpxtpx:hr>136</gpxtpx:hr>
          </gpxtpx:TrackPointExtension>
        </extensions>
      </trkpt>
      <trkpt lat="28.807007793383388" lon="115.87574574427103">
        <ele>43.07604997232556</ele>
        <time>1970-01-01T00:44:51.600000Z</time>
        <extensions>
          <gpxtpx:TrackPointExtension>
            <gpxtpx:hr>136</gpxtpx:hr>
          </gpxtpx:TrackPointExtension>
        </extensions>
      </trkpt>
      <trkpt lat="28.806986283508913" lon="115.87573547950416">
        <ele>43.027960452251136</ele>
        <time>1970-01-01T00:44:52.600000Z</time>
        <extensions>
          <gpxtpx:TrackPointExtension>
            <gpxtpx:hr>137</gpxtpx:hr>
          </gpxtpx:TrackPointExtension>
        </extensions>
      </trkpt>
      <trkpt lat="28.80695828753506" lon="115.87572220021809">
        <ele>42.99000724777579</ele>
        <time>1970-01-01T00:44:53.600000Z</time>
        <extensions>
          <gpxtpx:TrackPointExtension>
            <gpxtpx:hr>137</gpxtpx:hr>
          </gpxtpx:TrackPointExtension>
        </extensions>
      </trkpt>
      <trkpt lat="28.80692883383552" lon="115.8757085470224">
        <ele>42.96219954267144</ele>
        <time>1970-01-01T00:44:54.600000Z</time>
        <extensions>
          <gpxtpx:TrackPointExtension>
            <gpxtpx:hr>137</gpxtpx:hr>
          </gpxtpx:TrackPointExtension>
        </extensions>
      </trkpt>
      <trkpt lat="28.80690127737929" lon="115.87569598257582">
        <ele>42.943812757730484</ele>
        <time>1970-01-01T00:44:55.600000Z</time>
        <extensions>
          <gpxtpx:TrackPointExtension>
            <gpxtpx:hr>141</gpxtpx:hr>
          </gpxtpx:TrackPointExtension>
        </extensions>
      </trkpt>
      <trkpt lat="28.806875189992557" lon="115.87568422675285">
        <ele>42.93344031460583</ele>
        <time>1970-01-01T00:44:56.600000Z</time>
        <extensions>
          <gpxtpx:TrackPointExtension>
            <gpxtpx:hr>141</gpxtpx:hr>
          </gpxtpx:TrackPointExtension>
        </extensions>
      </trkpt>
      <trkpt lat="28.806849835553045" lon="115.8756730480383">
        <ele>42.929342897608876</ele>
        <time>1970-01-01T00:44:57.600000Z</time>
        <extensions>
          <gpxtpx:TrackPointExtension>
            <gpxtpx:hr>141</gpxtpx:hr>
          </gpxtpx:TrackPointExtension>
        </extensions>
      </trkpt>
      <trkpt lat="28.80682493487514" lon="115.87566226894526">
        <ele>42.92936020065099</ele>
        <time>1970-01-01T00:44:58.600000Z</time>
        <extensions>
          <gpxtpx:TrackPointExtension>
            <gpxtpx:hr>141</gpxtpx:hr>
          </gpxtpx:TrackPointExtension>
        </extensions>
      </trkpt>
      <trkpt lat="28.80680057791698" lon="115.87565179340885">
        <ele>42.9309406010434</ele>
        <time>1970-01-01T00:44:59.600000Z</time>
        <extensions>
          <gpxtpx:TrackPointExtension>
            <gpxtpx:hr>141</gpxtpx:hr>
          </gpxtpx:TrackPointExtension>
        </extensions>
      </trkpt>
      <trkpt lat="28.8067768740103" lon="115.8756416471072">
        <ele>42.93143622856587</ele>
        <time>1970-01-01T00:45:00.600000Z</time>
        <extensions>
          <gpxtpx:TrackPointExtension>
            <gpxtpx:hr>141</gpxtpx:hr>
          </gpxtpx:TrackPointExtension>
        </extensions>
      </trkpt>
      <trkpt lat="28.80675361569788" lon="115.87563120286651">
        <ele>42.929643218405545</ele>
        <time>1970-01-01T00:45:01.600000Z</time>
        <extensions>
          <gpxtpx:TrackPointExtension>
            <gpxtpx:hr>141</gpxtpx:hr>
          </gpxtpx:TrackPointExtension>
        </extensions>
      </trkpt>
      <trkpt lat="28.806730693657983" lon="115.87561988575172">
        <ele>42.905171756632626</ele>
        <time>1970-01-01T00:45:02.600000Z</time>
        <extensions>
          <gpxtpx:TrackPointExtension>
            <gpxtpx:hr>148</gpxtpx:hr>
          </gpxtpx:TrackPointExtension>
        </extensions>
      </trkpt>
      <trkpt lat="28.806708007243124" lon="115.87560751542571">
        <ele>42.82071245089173</ele>
        <time>1970-01-01T00:45:03.600000Z</time>
        <extensions>
          <gpxtpx:TrackPointExtension>
            <gpxtpx:hr>148</gpxtpx:hr>
          </gpxtpx:TrackPointExtension>
        </extensions>
      </trkpt>
      <trkpt lat="28.806685907272996" lon="115.87559413405076">
        <ele>42.74489205982536</ele>
        <time>1970-01-01T00:45:04.600000Z</time>
        <extensions>
          <gpxtpx:TrackPointExtension>
            <gpxtpx:hr>148</gpxtpx:hr>
          </gpxtpx:TrackPointExtension>
        </extensions>
      </trkpt>
      <trkpt lat="28.806664190078234" lon="115.8755807435061">
        <ele>42.646076339297</ele>
        <time>1970-01-01T00:45:05.600000Z</time>
        <extensions>
          <gpxtpx:TrackPointExtension>
            <gpxtpx:hr>148</gpxtpx:hr>
          </gpxtpx:TrackPointExtension>
        </extensions>
      </trkpt>
      <trkpt lat="28.806641845454728" lon="115.87556904023754">
        <ele>42.523400623351336</ele>
        <time>1970-01-01T00:45:06.600000Z</time>
        <extensions>
          <gpxtpx:TrackPointExtension>
            <gpxtpx:hr>148</gpxtpx:hr>
          </gpxtpx:TrackPointExtension>
        </extensions>
      </trkpt>
      <trkpt lat="28.806618403094912" lon="115.87555911924983">
        <ele>42.376848636195064</ele>
        <time>1970-01-01T00:45:07.600000Z</time>
        <extensions>
          <gpxtpx:TrackPointExtension>
            <gpxtpx:hr>148</gpxtpx:hr>
          </gpxtpx:TrackPointExtension>
        </extensions>
      </trkpt>
      <trkpt lat="28.806593808835917" lon="115.87554992350861">
        <ele>42.209665664471686</ele>
        <time>1970-01-01T00:45:08.600000Z</time>
        <extensions>
          <gpxtpx:TrackPointExtension>
            <gpxtpx:hr>151</gpxtpx:hr>
          </gpxtpx:TrackPointExtension>
        </extensions>
      </trkpt>
      <trkpt lat="28.806568752494485" lon="115.8755411959277">
        <ele>42.03158540464938</ele>
        <time>1970-01-01T00:45:09.600000Z</time>
        <extensions>
          <gpxtpx:TrackPointExtension>
            <gpxtpx:hr>151</gpxtpx:hr>
          </gpxtpx:TrackPointExtension>
        </extensions>
      </trkpt>
      <trkpt lat="28.806544277836682" lon="115.87553291795015">
        <ele>41.86276172101498</ele>
        <time>1970-01-01T00:45:10.600000Z</time>
        <extensions>
          <gpxtpx:TrackPointExtension>
            <gpxtpx:hr>151</gpxtpx:hr>
          </gpxtpx:TrackPointExtension>
        </extensions>
      </trkpt>
      <trkpt lat="28.806411754405648" lon="115.87547737326774">
        <ele>42.61428221128881</ele>
        <time>1970-01-01T00:45:14.900000Z</time>
        <extensions>
          <gpxtpx:TrackPointExtension>
            <gpxtpx:hr>153</gpxtpx:hr>
          </gpxtpx:TrackPointExtension>
        </extensions>
      </trkpt>
      <trkpt lat="28.80617842992879" lon="115.87536493773723">
        <ele>44.351153762079775</ele>
        <time>1970-01-01T00:45:26.500000Z</time>
        <extensions>
          <gpxtpx:TrackPointExtension>
            <gpxtpx:hr>156</gpxtpx:hr>
          </gpxtpx:TrackPointExtension>
        </extensions>
      </trkpt>
      <trkpt lat="28.80617541985194" lon="115.87536305457014">
        <ele>44.12905479874462</ele>
        <time>1970-01-01T00:45:27.500000Z</time>
        <extensions>
          <gpxtpx:TrackPointExtension>
            <gpxtpx:hr>149</gpxtpx:hr>
          </gpxtpx:TrackPointExtension>
        </extensions>
      </trkpt>
      <trkpt lat="28.806169834094398" lon="115.8753597605971">
        <ele>43.872092441655695</ele>
        <time>1970-01-01T00:45:28.500000Z</time>
        <extensions>
          <gpxtpx:TrackPointExtension>
            <gpxtpx:hr>149</gpxtpx:hr>
          </gpxtpx:TrackPointExtension>
        </extensions>
      </trkpt>
      <trkpt lat="28.806168796807455" lon="115.87535915677276">
        <ele>43.83575782831758</ele>
        <time>1970-01-01T00:45:28.600000Z</time>
        <extensions>
          <gpxtpx:TrackPointExtension>
            <gpxtpx:hr>149</gpxtpx:hr>
          </gpxtpx:TrackPointExtension>
        </extensions>
      </trkpt>
      <trkpt lat="28.806158922260384" lon="115.87535365320608">
        <ele>43.593105325475335</ele>
        <time>1970-01-01T00:45:29.600000Z</time>
        <extensions>
          <gpxtpx:TrackPointExtension>
            <gpxtpx:hr>149</gpxtpx:hr>
          </gpxtpx:TrackPointExtension>
        </extensions>
      </trkpt>
      <trkpt lat="28.806146576741625" lon="115.87534712901488">
        <ele>43.3851986406371</ele>
        <time>1970-01-01T00:45:30.600000Z</time>
        <extensions>
          <gpxtpx:TrackPointExtension>
            <gpxtpx:hr>149</gpxtpx:hr>
          </gpxtpx:TrackPointExtension>
        </extensions>
      </trkpt>
      <trkpt lat="28.806133835140358" lon="115.87534065276185">
        <ele>43.20232701767236</ele>
        <time>1970-01-01T00:45:31.600000Z</time>
        <extensions>
          <gpxtpx:TrackPointExtension>
            <gpxtpx:hr>149</gpxtpx:hr>
          </gpxtpx:TrackPointExtension>
        </extensions>
      </trkpt>
      <trkpt lat="28.80612148448712" lon="115.87533437767524">
        <ele>43.03592995647341</ele>
        <time>1970-01-01T00:45:32.600000Z</time>
        <extensions>
          <gpxtpx:TrackPointExtension>
            <gpxtpx:hr>149</gpxtpx:hr>
          </gpxtpx:TrackPointExtension>
        </extensions>
      </trkpt>
      <trkpt lat="28.80611012754156" lon="115.87532848200397">
        <ele>42.87996156234294</ele>
        <time>1970-01-01T00:45:33.600000Z</time>
        <extensions>
          <gpxtpx:TrackPointExtension>
            <gpxtpx:hr>149</gpxtpx:hr>
          </gpxtpx:TrackPointExtension>
        </extensions>
      </trkpt>
      <trkpt lat="28.806098754933046" lon="115.87532263402525">
        <ele>42.73120130971074</ele>
        <time>1970-01-01T00:45:34.600000Z</time>
        <extensions>
          <gpxtpx:TrackPointExtension>
            <gpxtpx:hr>147</gpxtpx:hr>
          </gpxtpx:TrackPointExtension>
        </extensions>
      </trkpt>
      <trkpt lat="28.80608667608241" lon="115.87531659514819">
        <ele>42.588067756965756</ele>
        <time>1970-01-01T00:45:35.600000Z</time>
        <extensions>
          <gpxtpx:TrackPointExtension>
            <gpxtpx:hr>147</gpxtpx:hr>
          </gpxtpx:TrackPointExtension>
        </extensions>
      </trkpt>
      <trkpt lat="28.80607398538213" lon="115.8753100392045">
        <ele>42.450820406898856</ele>
        <time>1970-01-01T00:45:36.600000Z</time>
        <extensions>
          <gpxtpx:TrackPointExtension>
            <gpxtpx:hr>147</gpxtpx:hr>
          </gpxtpx:TrackPointExtension>
        </extensions>
      </trkpt>
      <trkpt lat="28.806060590744412" lon="115.87530262961018">
        <ele>42.32026509940624</ele>
        <time>1970-01-01T00:45:37.600000Z</time>
        <extensions>
          <gpxtpx:TrackPointExtension>
            <gpxtpx:hr>147</gpxtpx:hr>
          </gpxtpx:TrackPointExtension>
        </extensions>
      </trkpt>
      <trkpt lat="28.80604738502504" lon="115.8752949625296">
        <ele>42.19712178688496</ele>
        <time>1970-01-01T00:45:38.600000Z</time>
        <extensions>
          <gpxtpx:TrackPointExtension>
            <gpxtpx:hr>147</gpxtpx:hr>
          </gpxtpx:TrackPointExtension>
        </extensions>
      </trkpt>
      <trkpt lat="28.80603409930444" lon="115.8752873018273">
        <ele>42.08304090704769</ele>
        <time>1970-01-01T00:45:39.600000Z</time>
        <extensions>
          <gpxtpx:TrackPointExtension>
            <gpxtpx:hr>147</gpxtpx:hr>
          </gpxtpx:TrackPointExtension>
        </extensions>
      </trkpt>
      <trkpt lat="28.806019855039956" lon="115.8752797066189">
        <ele>41.97964632604271</ele>
        <time>1970-01-01T00:45:40.600000Z</time>
        <extensions>
          <gpxtpx:TrackPointExtension>
            <gpxtpx:hr>147</gpxtpx:hr>
          </gpxtpx:TrackPointExtension>
        </extensions>
      </trkpt>
      <trkpt lat="28.806004316713384" lon="115.87527266997836">
        <ele>41.889183511026204</ele>
        <time>1970-01-01T00:45:41.600000Z</time>
        <extensions>
          <gpxtpx:TrackPointExtension>
            <gpxtpx:hr>147</gpxtpx:hr>
          </gpxtpx:TrackPointExtension>
        </extensions>
      </trkpt>
      <trkpt lat="28.805987564513075" lon="115.87526651695727">
        <ele>41.81450287159532</ele>
        <time>1970-01-01T00:45:42.600000Z</time>
        <extensions>
          <gpxtpx:TrackPointExtension>
            <gpxtpx:hr>147</gpxtpx:hr>
          </gpxtpx:TrackPointExtension>
        </extensions>
      </trkpt>
      <trkpt lat="28.805970070814077" lon="115.87526134661802">
        <ele>41.758897081017494</ele>
        <time>1970-01-01T00:45:43.600000Z</time>
        <extensions>
          <gpxtpx:TrackPointExtension>
            <gpxtpx:hr>147</gpxtpx:hr>
          </gpxtpx:TrackPointExtension>
        </extensions>
      </trkpt>
      <trkpt lat="28.805951180340315" lon="115.87525604488361">
        <ele>41.725155835039914</ele>
        <time>1970-01-01T00:45:44.600000Z</time>
        <extensions>
          <gpxtpx:TrackPointExtension>
            <gpxtpx:hr>147</gpxtpx:hr>
          </gpxtpx:TrackPointExtension>
        </extensions>
      </trkpt>
      <trkpt lat="28.805931565163096" lon="115.8752495311953">
        <ele>41.715979879722</ele>
        <time>1970-01-01T00:45:45.600000Z</time>
        <extensions>
          <gpxtpx:TrackPointExtension>
            <gpxtpx:hr>147</gpxtpx:hr>
          </gpxtpx:TrackPointExtension>
        </extensions>
      </trkpt>
      <trkpt lat="28.805912312148596" lon="115.8752424984551">
        <ele>41.73242315277457</ele>
        <time>1970-01-01T00:45:46.600000Z</time>
        <extensions>
          <gpxtpx:TrackPointExtension>
            <gpxtpx:hr>147</gpxtpx:hr>
          </gpxtpx:TrackPointExtension>
        </extensions>
      </trkpt>
      <trkpt lat="28.80589355892117" lon="115.87523511014517">
        <ele>41.77356826234609</ele>
        <time>1970-01-01T00:45:47.600000Z</time>
        <extensions>
          <gpxtpx:TrackPointExtension>
            <gpxtpx:hr>147</gpxtpx:hr>
          </gpxtpx:TrackPointExtension>
        </extensions>
      </trkpt>
      <trkpt lat="28.80587519160952" lon="115.87522727851226">
        <ele>41.836656915955245</ele>
        <time>1970-01-01T00:45:48.600000Z</time>
        <extensions>
          <gpxtpx:TrackPointExtension>
            <gpxtpx:hr>147</gpxtpx:hr>
          </gpxtpx:TrackPointExtension>
        </extensions>
      </trkpt>
      <trkpt lat="28.8058566546921" lon="115.87521913894953">
        <ele>41.91711796913296</ele>
        <time>1970-01-01T00:45:49.600000Z</time>
        <extensions>
          <gpxtpx:TrackPointExtension>
            <gpxtpx:hr>147</gpxtpx:hr>
          </gpxtpx:TrackPointExtension>
        </extensions>
      </trkpt>
      <trkpt lat="28.805837293101646" lon="115.87521075625453">
        <ele>42.009099568240345</ele>
        <time>1970-01-01T00:45:50.600000Z</time>
        <extensions>
          <gpxtpx:TrackPointExtension>
            <gpxtpx:hr>147</gpxtpx:hr>
          </gpxtpx:TrackPointExtension>
        </extensions>
      </trkpt>
      <trkpt lat="28.805817690757067" lon="115.87520223404042">
        <ele>42.10581289604306</ele>
        <time>1970-01-01T00:45:51.600000Z</time>
        <extensions>
          <gpxtpx:TrackPointExtension>
            <gpxtpx:hr>147</gpxtpx:hr>
          </gpxtpx:TrackPointExtension>
        </extensions>
      </trkpt>
      <trkpt lat="28.8057977994647" lon="115.87519314073627">
        <ele>42.200141170062125</ele>
        <time>1970-01-01T00:45:52.600000Z</time>
        <extensions>
          <gpxtpx:TrackPointExtension>
            <gpxtpx:hr>147</gpxtpx:hr>
          </gpxtpx:TrackPointExtension>
        </extensions>
      </trkpt>
      <trkpt lat="28.80577413316991" lon="115.87518201118101">
        <ele>42.285935004241765</ele>
        <time>1970-01-01T00:45:53.600000Z</time>
        <extensions>
          <gpxtpx:TrackPointExtension>
            <gpxtpx:hr>151</gpxtpx:hr>
          </gpxtpx:TrackPointExtension>
        </extensions>
      </trkpt>
      <trkpt lat="28.805746238750913" lon="115.87516849142978">
        <ele>42.358104418963194</ele>
        <time>1970-01-01T00:45:54.600000Z</time>
        <extensions>
          <gpxtpx:TrackPointExtension>
            <gpxtpx:hr>151</gpxtpx:hr>
          </gpxtpx:TrackPointExtension>
        </extensions>
      </trkpt>
      <trkpt lat="28.80571846429551" lon="115.87515448540826">
        <ele>42.41338177584112</ele>
        <time>1970-01-01T00:45:55.600000Z</time>
        <extensions>
          <gpxtpx:TrackPointExtension>
            <gpxtpx:hr>151</gpxtpx:hr>
          </gpxtpx:TrackPointExtension>
        </extensions>
      </trkpt>
      <trkpt lat="28.805692581234563" lon="115.87514131302883">
        <ele>42.45043998863548</ele>
        <time>1970-01-01T00:45:56.600000Z</time>
        <extensions>
          <gpxtpx:TrackPointExtension>
            <gpxtpx:hr>151</gpxtpx:hr>
          </gpxtpx:TrackPointExtension>
        </extensions>
      </trkpt>
      <trkpt lat="28.805667721940406" lon="115.8751289974043">
        <ele>42.46943240240216</ele>
        <time>1970-01-01T00:45:57.600000Z</time>
        <extensions>
          <gpxtpx:TrackPointExtension>
            <gpxtpx:hr>151</gpxtpx:hr>
          </gpxtpx:TrackPointExtension>
        </extensions>
      </trkpt>
      <trkpt lat="28.805643370806997" lon="115.87511709656842">
        <ele>42.471335667185485</ele>
        <time>1970-01-01T00:45:58.600000Z</time>
        <extensions>
          <gpxtpx:TrackPointExtension>
            <gpxtpx:hr>152</gpxtpx:hr>
          </gpxtpx:TrackPointExtension>
        </extensions>
      </trkpt>
      <trkpt lat="28.80561917454238" lon="115.87510522894888">
        <ele>42.4569631498307</ele>
        <time>1970-01-01T00:45:59.600000Z</time>
        <extensions>
          <gpxtpx:TrackPointExtension>
            <gpxtpx:hr>152</gpxtpx:hr>
          </gpxtpx:TrackPointExtension>
        </extensions>
      </trkpt>
      <trkpt lat="28.805594968245245" lon="115.87509310992769">
        <ele>42.42703773640096</ele>
        <time>1970-01-01T00:46:00.600000Z</time>
        <extensions>
          <gpxtpx:TrackPointExtension>
            <gpxtpx:hr>152</gpxtpx:hr>
          </gpxtpx:TrackPointExtension>
        </extensions>
      </trkpt>
      <trkpt lat="28.80557102256151" lon="115.87508121796817">
        <ele>42.38242010772228</ele>
        <time>1970-01-01T00:46:01.600000Z</time>
        <extensions>
          <gpxtpx:TrackPointExtension>
            <gpxtpx:hr>153</gpxtpx:hr>
          </gpxtpx:TrackPointExtension>
        </extensions>
      </trkpt>
      <trkpt lat="28.80554724949236" lon="115.87507021431699">
        <ele>42.324328743852675</ele>
        <time>1970-01-01T00:46:02.600000Z</time>
        <extensions>
          <gpxtpx:TrackPointExtension>
            <gpxtpx:hr>153</gpxtpx:hr>
          </gpxtpx:TrackPointExtension>
        </extensions>
      </trkpt>
      <trkpt lat="28.805523097577126" lon="115.87505964443962">
        <ele>42.25377949979156</ele>
        <time>1970-01-01T00:46:03.600000Z</time>
        <extensions>
          <gpxtpx:TrackPointExtension>
            <gpxtpx:hr>153</gpxtpx:hr>
          </gpxtpx:TrackPointExtension>
        </extensions>
      </trkpt>
      <trkpt lat="28.80549852480713" lon="115.87504872302193">
        <ele>42.17274152953178</ele>
        <time>1970-01-01T00:46:04.600000Z</time>
        <extensions>
          <gpxtpx:TrackPointExtension>
            <gpxtpx:hr>153</gpxtpx:hr>
          </gpxtpx:TrackPointExtension>
        </extensions>
      </trkpt>
      <trkpt lat="28.805473686065817" lon="115.87503710290177">
        <ele>42.08348289132118</ele>
        <time>1970-01-01T00:46:05.600000Z</time>
        <extensions>
          <gpxtpx:TrackPointExtension>
            <gpxtpx:hr>153</gpxtpx:hr>
          </gpxtpx:TrackPointExtension>
        </extensions>
      </trkpt>
      <trkpt lat="28.805448931381466" lon="115.87502492873536">
        <ele>41.98829075880349</ele>
        <time>1970-01-01T00:46:06.600000Z</time>
        <extensions>
          <gpxtpx:TrackPointExtension>
            <gpxtpx:hr>155</gpxtpx:hr>
          </gpxtpx:TrackPointExtension>
        </extensions>
      </trkpt>
      <trkpt lat="28.805424641169353" lon="115.8750127367247">
        <ele>41.88994365185499</ele>
        <time>1970-01-01T00:46:07.600000Z</time>
        <extensions>
          <gpxtpx:TrackPointExtension>
            <gpxtpx:hr>155</gpxtpx:hr>
          </gpxtpx:TrackPointExtension>
        </extensions>
      </trkpt>
      <trkpt lat="28.805400922894208" lon="115.87500052556436">
        <ele>41.791270265355706</ele>
        <time>1970-01-01T00:46:08.600000Z</time>
        <extensions>
          <gpxtpx:TrackPointExtension>
            <gpxtpx:hr>155</gpxtpx:hr>
          </gpxtpx:TrackPointExtension>
        </extensions>
      </trkpt>
      <trkpt lat="28.805377360441835" lon="115.87498822617377">
        <ele>41.695955579169095</ele>
        <time>1970-01-01T00:46:09.600000Z</time>
        <extensions>
          <gpxtpx:TrackPointExtension>
            <gpxtpx:hr>155</gpxtpx:hr>
          </gpxtpx:TrackPointExtension>
        </extensions>
      </trkpt>
      <trkpt lat="28.805354152284828" lon="115.87497598897811">
        <ele>41.6081425268203</ele>
        <time>1970-01-01T00:46:10.600000Z</time>
        <extensions>
          <gpxtpx:TrackPointExtension>
            <gpxtpx:hr>155</gpxtpx:hr>
          </gpxtpx:TrackPointExtension>
        </extensions>
      </trkpt>
      <trkpt lat="28.805331449162427" lon="115.87496306072701">
        <ele>41.53173003252596</ele>
        <time>1970-01-01T00:46:11.600000Z</time>
        <extensions>
          <gpxtpx:TrackPointExtension>
            <gpxtpx:hr>157</gpxtpx:hr>
          </gpxtpx:TrackPointExtension>
        </extensions>
      </trkpt>
      <trkpt lat="28.80530940851354" lon="115.87494932795376">
        <ele>41.470867660827935</ele>
        <time>1970-01-01T00:46:12.600000Z</time>
        <extensions>
          <gpxtpx:TrackPointExtension>
            <gpxtpx:hr>157</gpxtpx:hr>
          </gpxtpx:TrackPointExtension>
        </extensions>
      </trkpt>
      <trkpt lat="28.805287936945888" lon="115.87493540242913">
        <ele>41.42974604759365</ele>
        <time>1970-01-01T00:46:13.600000Z</time>
        <extensions>
          <gpxtpx:TrackPointExtension>
            <gpxtpx:hr>157</gpxtpx:hr>
          </gpxtpx:TrackPointExtension>
        </extensions>
      </trkpt>
      <trkpt lat="28.805266501169875" lon="115.87492122440916">
        <ele>41.41005877032876</ele>
        <time>1970-01-01T00:46:14.600000Z</time>
        <extensions>
          <gpxtpx:TrackPointExtension>
            <gpxtpx:hr>157</gpxtpx:hr>
          </gpxtpx:TrackPointExtension>
        </extensions>
      </trkpt>
      <trkpt lat="28.805244695811044" lon="115.87490682160823">
        <ele>41.41108622122556</ele>
        <time>1970-01-01T00:46:15.600000Z</time>
        <extensions>
          <gpxtpx:TrackPointExtension>
            <gpxtpx:hr>157</gpxtpx:hr>
          </gpxtpx:TrackPointExtension>
        </extensions>
      </trkpt>
      <trkpt lat="28.805222749134842" lon="115.87489255591419">
        <ele>41.431268389336765</ele>
        <time>1970-01-01T00:46:16.600000Z</time>
        <extensions>
          <gpxtpx:TrackPointExtension>
            <gpxtpx:hr>157</gpxtpx:hr>
          </gpxtpx:TrackPointExtension>
        </extensions>
      </trkpt>
      <trkpt lat="28.80520108985492" lon="115.87487802158198">
        <ele>41.46742493286729</ele>
        <time>1970-01-01T00:46:17.600000Z</time>
        <extensions>
          <gpxtpx:TrackPointExtension>
            <gpxtpx:hr>158</gpxtpx:hr>
          </gpxtpx:TrackPointExtension>
        </extensions>
      </trkpt>
      <trkpt lat="28.805179122582064" lon="115.87486292673854">
        <ele>41.514632943086326</ele>
        <time>1970-01-01T00:46:18.600000Z</time>
        <extensions>
          <gpxtpx:TrackPointExtension>
            <gpxtpx:hr>158</gpxtpx:hr>
          </gpxtpx:TrackPointExtension>
        </extensions>
      </trkpt>
      <trkpt lat="28.805156682375426" lon="115.87484775023006">
        <ele>41.56701097637415</ele>
        <time>1970-01-01T00:46:19.600000Z</time>
        <extensions>
          <gpxtpx:TrackPointExtension>
            <gpxtpx:hr>158</gpxtpx:hr>
          </gpxtpx:TrackPointExtension>
        </extensions>
      </trkpt>
      <trkpt lat="28.805133145171308" lon="115.87483398306038">
        <ele>41.618310794234276</ele>
        <time>1970-01-01T00:46:20.600000Z</time>
        <extensions>
          <gpxtpx:TrackPointExtension>
            <gpxtpx:hr>158</gpxtpx:hr>
          </gpxtpx:TrackPointExtension>
        </extensions>
      </trkpt>
      <trkpt lat="28.80510767693701" lon="115.87482332581362">
        <ele>41.661781683564186</ele>
        <time>1970-01-01T00:46:21.600000Z</time>
        <extensions>
          <gpxtpx:TrackPointExtension>
            <gpxtpx:hr>158</gpxtpx:hr>
          </gpxtpx:TrackPointExtension>
        </extensions>
      </trkpt>
      <trkpt lat="28.8050806705938" lon="115.87481600193124">
        <ele>41.69017199613154</ele>
        <time>1970-01-01T00:46:22.600000Z</time>
        <extensions>
          <gpxtpx:TrackPointExtension>
            <gpxtpx:hr>158</gpxtpx:hr>
          </gpxtpx:TrackPointExtension>
        </extensions>
      </trkpt>
      <trkpt lat="28.805052977989405" lon="115.87481191492456">
        <ele>41.698361083865166</ele>
        <time>1970-01-01T00:46:23.600000Z</time>
        <extensions>
          <gpxtpx:TrackPointExtension>
            <gpxtpx:hr>158</gpxtpx:hr>
          </gpxtpx:TrackPointExtension>
        </extensions>
      </trkpt>
      <trkpt lat="28.805025491003043" lon="115.87481013735716">
        <ele>41.68507484626025</ele>
        <time>1970-01-01T00:46:24.600000Z</time>
        <extensions>
          <gpxtpx:TrackPointExtension>
            <gpxtpx:hr>157</gpxtpx:hr>
          </gpxtpx:TrackPointExtension>
        </extensions>
      </trkpt>
      <trkpt lat="28.804998929522288" lon="115.87480977440505">
        <ele>41.65275857783854</ele>
        <time>1970-01-01T00:46:25.600000Z</time>
        <extensions>
          <gpxtpx:TrackPointExtension>
            <gpxtpx:hr>157</gpxtpx:hr>
          </gpxtpx:TrackPointExtension>
        </extensions>
      </trkpt>
      <trkpt lat="28.804972773284234" lon="115.87480879304348">
        <ele>41.6057907724753</ele>
        <time>1970-01-01T00:46:26.600000Z</time>
        <extensions>
          <gpxtpx:TrackPointExtension>
            <gpxtpx:hr>157</gpxtpx:hr>
          </gpxtpx:TrackPointExtension>
        </extensions>
      </trkpt>
      <trkpt lat="28.80494671221911" lon="115.87480536361309">
        <ele>41.550746076740324</ele>
        <time>1970-01-01T00:46:27.600000Z</time>
        <extensions>
          <gpxtpx:TrackPointExtension>
            <gpxtpx:hr>157</gpxtpx:hr>
          </gpxtpx:TrackPointExtension>
        </extensions>
      </trkpt>
      <trkpt lat="28.80492103891766" lon="115.87480010185122">
        <ele>41.49376732390374</ele>
        <time>1970-01-01T00:46:28.600000Z</time>
        <extensions>
          <gpxtpx:TrackPointExtension>
            <gpxtpx:hr>157</gpxtpx:hr>
          </gpxtpx:TrackPointExtension>
        </extensions>
      </trkpt>
      <trkpt lat="28.80489569736684" lon="115.87479381060805">
        <ele>41.43884864915162</ele>
        <time>1970-01-01T00:46:29.600000Z</time>
        <extensions>
          <gpxtpx:TrackPointExtension>
            <gpxtpx:hr>157</gpxtpx:hr>
          </gpxtpx:TrackPointExtension>
        </extensions>
      </trkpt>
      <trkpt lat="28.804871006935777" lon="115.87478686399591">
        <ele>41.38718833588064</ele>
        <time>1970-01-01T00:46:30.600000Z</time>
        <extensions>
          <gpxtpx:TrackPointExtension>
            <gpxtpx:hr>157</gpxtpx:hr>
          </gpxtpx:TrackPointExtension>
        </extensions>
      </trkpt>
      <trkpt lat="28.804846838060826" lon="115.87477933680067">
        <ele>41.33900233916938</ele>
        <time>1970-01-01T00:46:31.600000Z</time>
        <extensions>
          <gpxtpx:TrackPointExtension>
            <gpxtpx:hr>160</gpxtpx:hr>
          </gpxtpx:TrackPointExtension>
        </extensions>
      </trkpt>
      <trkpt lat="28.80482307199938" lon="115.87477176617152">
        <ele>41.29460636153817</ele>
        <time>1970-01-01T00:46:32.600000Z</time>
        <extensions>
          <gpxtpx:TrackPointExtension>
            <gpxtpx:hr>160</gpxtpx:hr>
          </gpxtpx:TrackPointExtension>
        </extensions>
      </trkpt>
      <trkpt lat="28.804799436219383" lon="115.87476404879258">
        <ele>41.25478482339531</ele>
        <time>1970-01-01T00:46:33.600000Z</time>
        <extensions>
          <gpxtpx:TrackPointExtension>
            <gpxtpx:hr>160</gpxtpx:hr>
          </gpxtpx:TrackPointExtension>
        </extensions>
      </trkpt>
      <trkpt lat="28.804776196062225" lon="115.87475588126416">
        <ele>41.22065540961921</ele>
        <time>1970-01-01T00:46:34.600000Z</time>
        <extensions>
          <gpxtpx:TrackPointExtension>
            <gpxtpx:hr>160</gpxtpx:hr>
          </gpxtpx:TrackPointExtension>
        </extensions>
      </trkpt>
      <trkpt lat="28.804753570134963" lon="115.87474719037424">
        <ele>41.19346477650106</ele>
        <time>1970-01-01T00:46:35.600000Z</time>
        <extensions>
          <gpxtpx:TrackPointExtension>
            <gpxtpx:hr>160</gpxtpx:hr>
          </gpxtpx:TrackPointExtension>
        </extensions>
      </trkpt>
      <trkpt lat="28.804731098111887" lon="115.87473845322872">
        <ele>41.173704363405704</ele>
        <time>1970-01-01T00:46:36.600000Z</time>
        <extensions>
          <gpxtpx:TrackPointExtension>
            <gpxtpx:hr>162</gpxtpx:hr>
          </gpxtpx:TrackPointExtension>
        </extensions>
      </trkpt>
      <trkpt lat="28.80470851723619" lon="115.87473024607935">
        <ele>41.15983147546649</ele>
        <time>1970-01-01T00:46:37.600000Z</time>
        <extensions>
          <gpxtpx:TrackPointExtension>
            <gpxtpx:hr>162</gpxtpx:hr>
          </gpxtpx:TrackPointExtension>
        </extensions>
      </trkpt>
      <trkpt lat="28.804685818538196" lon="115.87472259676444">
        <ele>41.14890396595001</ele>
        <time>1970-01-01T00:46:38.600000Z</time>
        <extensions>
          <gpxtpx:TrackPointExtension>
            <gpxtpx:hr>162</gpxtpx:hr>
          </gpxtpx:TrackPointExtension>
        </extensions>
      </trkpt>
      <trkpt lat="28.80466292018615" lon="115.87471527840403">
        <ele>41.13757055439055</ele>
        <time>1970-01-01T00:46:39.600000Z</time>
        <extensions>
          <gpxtpx:TrackPointExtension>
            <gpxtpx:hr>162</gpxtpx:hr>
          </gpxtpx:TrackPointExtension>
        </extensions>
      </trkpt>
      <trkpt lat="28.80463990494138" lon="115.87470832946514">
        <ele>41.12503799237311</ele>
        <time>1970-01-01T00:46:40.600000Z</time>
        <extensions>
          <gpxtpx:TrackPointExtension>
            <gpxtpx:hr>162</gpxtpx:hr>
          </gpxtpx:TrackPointExtension>
        </extensions>
      </trkpt>
      <trkpt lat="28.804617195167857" lon="115.87470195378519">
        <ele>41.111463563516736</ele>
        <time>1970-01-01T00:46:41.600000Z</time>
        <extensions>
          <gpxtpx:TrackPointExtension>
            <gpxtpx:hr>162</gpxtpx:hr>
          </gpxtpx:TrackPointExtension>
        </extensions>
      </trkpt>
      <trkpt lat="28.804594561690013" lon="115.87469591611207">
        <ele>41.09753670543432</ele>
        <time>1970-01-01T00:46:42.600000Z</time>
        <extensions>
          <gpxtpx:TrackPointExtension>
            <gpxtpx:hr>163</gpxtpx:hr>
          </gpxtpx:TrackPointExtension>
        </extensions>
      </trkpt>
      <trkpt lat="28.80457185654337" lon="115.87469011903347">
        <ele>41.084296276792884</ele>
        <time>1970-01-01T00:46:43.600000Z</time>
        <extensions>
          <gpxtpx:TrackPointExtension>
            <gpxtpx:hr>163</gpxtpx:hr>
          </gpxtpx:TrackPointExtension>
        </extensions>
      </trkpt>
      <trkpt lat="28.804548967474048" lon="115.8746841990154">
        <ele>41.07383873872459</ele>
        <time>1970-01-01T00:46:44.600000Z</time>
        <extensions>
          <gpxtpx:TrackPointExtension>
            <gpxtpx:hr>163</gpxtpx:hr>
          </gpxtpx:TrackPointExtension>
        </extensions>
      </trkpt>
      <trkpt lat="28.80452575166169" lon="115.87467804735877">
        <ele>41.06674632243812</ele>
        <time>1970-01-01T00:46:45.600000Z</time>
        <extensions>
          <gpxtpx:TrackPointExtension>
            <gpxtpx:hr>163</gpxtpx:hr>
          </gpxtpx:TrackPointExtension>
        </extensions>
      </trkpt>
      <trkpt lat="28.804502334643566" lon="115.87467178036319">
        <ele>41.06424587685615</ele>
        <time>1970-01-01T00:46:46.600000Z</time>
        <extensions>
          <gpxtpx:TrackPointExtension>
            <gpxtpx:hr>163</gpxtpx:hr>
          </gpxtpx:TrackPointExtension>
        </extensions>
      </trkpt>
      <trkpt lat="28.80447925911674" lon="115.87466551568417">
        <ele>41.06769154034555</ele>
        <time>1970-01-01T00:46:47.600000Z</time>
        <extensions>
          <gpxtpx:TrackPointExtension>
            <gpxtpx:hr>163</gpxtpx:hr>
          </gpxtpx:TrackPointExtension>
        </extensions>
      </trkpt>
      <trkpt lat="28.80445662081154" lon="115.87465919860297">
        <ele>41.07745262701064</ele>
        <time>1970-01-01T00:46:48.600000Z</time>
        <extensions>
          <gpxtpx:TrackPointExtension>
            <gpxtpx:hr>164</gpxtpx:hr>
          </gpxtpx:TrackPointExtension>
        </extensions>
      </trkpt>
      <trkpt lat="28.804433711737403" lon="115.87465292346572">
        <ele>41.091334253549576</ele>
        <time>1970-01-01T00:46:49.600000Z</time>
        <extensions>
          <gpxtpx:TrackPointExtension>
            <gpxtpx:hr>164</gpxtpx:hr>
          </gpxtpx:TrackPointExtension>
        </extensions>
      </trkpt>
      <trkpt lat="28.8044105113166" lon="115.8746470531531">
        <ele>41.105696835555136</ele>
        <time>1970-01-01T00:46:50.600000Z</time>
        <extensions>
          <gpxtpx:TrackPointExtension>
            <gpxtpx:hr>164</gpxtpx:hr>
          </gpxtpx:TrackPointExtension>
        </extensions>
      </trkpt>
      <trkpt lat="28.804387049603292" lon="115.87464166975741">
        <ele>41.11498240754008</ele>
        <time>1970-01-01T00:46:51.600000Z</time>
        <extensions>
          <gpxtpx:TrackPointExtension>
            <gpxtpx:hr>164</gpxtpx:hr>
          </gpxtpx:TrackPointExtension>
        </extensions>
      </trkpt>
      <trkpt lat="28.804363148065445" lon="115.87463676129623">
        <ele>41.113341718912125</ele>
        <time>1970-01-01T00:46:52.600000Z</time>
        <extensions>
          <gpxtpx:TrackPointExtension>
            <gpxtpx:hr>166</gpxtpx:hr>
          </gpxtpx:TrackPointExtension>
        </extensions>
      </trkpt>
      <trkpt lat="28.80433871213673" lon="115.87463188193973">
        <ele>41.096345965750515</ele>
        <time>1970-01-01T00:46:53.600000Z</time>
        <extensions>
          <gpxtpx:TrackPointExtension>
            <gpxtpx:hr>166</gpxtpx:hr>
          </gpxtpx:TrackPointExtension>
        </extensions>
      </trkpt>
      <trkpt lat="28.80431423233326" lon="115.8746269844862">
        <ele>41.078502064570785</ele>
        <time>1970-01-01T00:46:54.600000Z</time>
        <extensions>
          <gpxtpx:TrackPointExtension>
            <gpxtpx:hr>166</gpxtpx:hr>
          </gpxtpx:TrackPointExtension>
        </extensions>
      </trkpt>
      <trkpt lat="28.80428984900911" lon="115.8746217540475">
        <ele>41.01526819448918</ele>
        <time>1970-01-01T00:46:55.600000Z</time>
        <extensions>
          <gpxtpx:TrackPointExtension>
            <gpxtpx:hr>166</gpxtpx:hr>
          </gpxtpx:TrackPointExtension>
        </extensions>
      </trkpt>
      <trkpt lat="28.804265229877526" lon="115.87461628825262">
        <ele>40.91774215642363</ele>
        <time>1970-01-01T00:46:56.600000Z</time>
        <extensions>
          <gpxtpx:TrackPointExtension>
            <gpxtpx:hr>166</gpxtpx:hr>
          </gpxtpx:TrackPointExtension>
        </extensions>
      </trkpt>
      <trkpt lat="28.804240939173546" lon="115.87461098163426">
        <ele>40.738808498717844</ele>
        <time>1970-01-01T00:46:57.600000Z</time>
        <extensions>
          <gpxtpx:TrackPointExtension>
            <gpxtpx:hr>167</gpxtpx:hr>
          </gpxtpx:TrackPointExtension>
        </extensions>
      </trkpt>
      <trkpt lat="28.804217010751117" lon="115.87460588104395">
        <ele>40.56986896973103</ele>
        <time>1970-01-01T00:46:58.600000Z</time>
        <extensions>
          <gpxtpx:TrackPointExtension>
            <gpxtpx:hr>167</gpxtpx:hr>
          </gpxtpx:TrackPointExtension>
        </extensions>
      </trkpt>
      <trkpt lat="28.80419310674654" lon="115.87460135739542">
        <ele>40.37048023752868</ele>
        <time>1970-01-01T00:46:59.600000Z</time>
        <extensions>
          <gpxtpx:TrackPointExtension>
            <gpxtpx:hr>167</gpxtpx:hr>
          </gpxtpx:TrackPointExtension>
        </extensions>
      </trkpt>
      <trkpt lat="28.804168795256192" lon="115.87459717198355">
        <ele>40.13687208853662</ele>
        <time>1970-01-01T00:47:00.600000Z</time>
        <extensions>
          <gpxtpx:TrackPointExtension>
            <gpxtpx:hr>168</gpxtpx:hr>
          </gpxtpx:TrackPointExtension>
        </extensions>
      </trkpt>
      <trkpt lat="28.804144334332925" lon="115.87459322447538">
        <ele>39.866968718357384</ele>
        <time>1970-01-01T00:47:01.600000Z</time>
        <extensions>
          <gpxtpx:TrackPointExtension>
            <gpxtpx:hr>168</gpxtpx:hr>
          </gpxtpx:TrackPointExtension>
        </extensions>
      </trkpt>
      <trkpt lat="28.80412055531514" lon="115.87458942959239">
        <ele>39.56397258862853</ele>
        <time>1970-01-01T00:47:02.600000Z</time>
        <extensions>
          <gpxtpx:TrackPointExtension>
            <gpxtpx:hr>168</gpxtpx:hr>
          </gpxtpx:TrackPointExtension>
        </extensions>
      </trkpt>
      <trkpt lat="28.80409729637126" lon="115.87458635711448">
        <ele>39.24247761070728</ele>
        <time>1970-01-01T00:47:03.600000Z</time>
        <extensions>
          <gpxtpx:TrackPointExtension>
            <gpxtpx:hr>168</gpxtpx:hr>
          </gpxtpx:TrackPointExtension>
        </extensions>
      </trkpt>
      <trkpt lat="28.80407416156779" lon="115.8745840678626">
        <ele>38.937324138358235</ele>
        <time>1970-01-01T00:47:04.600000Z</time>
        <extensions>
          <gpxtpx:TrackPointExtension>
            <gpxtpx:hr>168</gpxtpx:hr>
          </gpxtpx:TrackPointExtension>
        </extensions>
      </trkpt>
      <trkpt lat="28.803904810972416" lon="115.87454831790674">
        <ele>40.35569154471159</ele>
        <time>1970-01-01T00:47:12.400000Z</time>
        <extensions>
          <gpxtpx:TrackPointExtension>
            <gpxtpx:hr>169</gpxtpx:hr>
          </gpxtpx:TrackPointExtension>
        </extensions>
      </trkpt>
      <trkpt lat="28.803830976203432" lon="115.87451676463378">
        <ele>42.73173858784139</ele>
        <time>1970-01-01T00:47:19.100000Z</time>
        <extensions>
          <gpxtpx:TrackPointExtension>
            <gpxtpx:hr>164</gpxtpx:hr>
          </gpxtpx:TrackPointExtension>
        </extensions>
      </trkpt>
      <trkpt lat="28.803826012931193" lon="115.87451152832168">
        <ele>42.519897636026144</ele>
        <time>1970-01-01T00:47:22.100000Z</time>
        <extensions>
          <gpxtpx:TrackPointExtension>
            <gpxtpx:hr>164</gpxtpx:hr>
          </gpxtpx:TrackPointExtension>
        </extensions>
      </trkpt>
      <trkpt lat="28.803820444258772" lon="115.87451015802472">
        <ele>42.3068515593186</ele>
        <time>1970-01-01T00:47:23.100000Z</time>
        <extensions>
          <gpxtpx:TrackPointExtension>
            <gpxtpx:hr>164</gpxtpx:hr>
          </gpxtpx:TrackPointExtension>
        </extensions>
      </trkpt>
      <trkpt lat="28.803816192244394" lon="115.8745097898217">
        <ele>42.102043370716274</ele>
        <time>1970-01-01T00:47:24.100000Z</time>
        <extensions>
          <gpxtpx:TrackPointExtension>
            <gpxtpx:hr>163</gpxtpx:hr>
          </gpxtpx:TrackPointExtension>
        </extensions>
      </trkpt>
      <trkpt lat="28.803794072052114" lon="115.8745137904303">
        <ele>41.91029635351151</ele>
        <time>1970-01-01T00:47:25.100000Z</time>
        <extensions>
          <gpxtpx:TrackPointExtension>
            <gpxtpx:hr>163</gpxtpx:hr>
          </gpxtpx:TrackPointExtension>
        </extensions>
      </trkpt>
      <trkpt lat="28.80377566440637" lon="115.87451666583685">
        <ele>41.74394831713289</ele>
        <time>1970-01-01T00:47:26.100000Z</time>
        <extensions>
          <gpxtpx:TrackPointExtension>
            <gpxtpx:hr>163</gpxtpx:hr>
          </gpxtpx:TrackPointExtension>
        </extensions>
      </trkpt>
      <trkpt lat="28.803760547004444" lon="115.8745185176283">
        <ele>41.602371101267636</ele>
        <time>1970-01-01T00:47:27.100000Z</time>
        <extensions>
          <gpxtpx:TrackPointExtension>
            <gpxtpx:hr>161</gpxtpx:hr>
          </gpxtpx:TrackPointExtension>
        </extensions>
      </trkpt>
      <trkpt lat="28.803747356737112" lon="115.87451957281375">
        <ele>41.48178470134735</ele>
        <time>1970-01-01T00:47:28.100000Z</time>
        <extensions>
          <gpxtpx:TrackPointExtension>
            <gpxtpx:hr>161</gpxtpx:hr>
          </gpxtpx:TrackPointExtension>
        </extensions>
      </trkpt>
      <trkpt lat="28.803734893976785" lon="115.87452022320386">
        <ele>41.37737834081054</ele>
        <time>1970-01-01T00:47:29.100000Z</time>
        <extensions>
          <gpxtpx:TrackPointExtension>
            <gpxtpx:hr>161</gpxtpx:hr>
          </gpxtpx:TrackPointExtension>
        </extensions>
      </trkpt>
      <trkpt lat="28.80371684541848" lon="115.87452172254535">
        <ele>41.285311846993864</ele>
        <time>1970-01-01T00:47:30.100000Z</time>
        <extensions>
          <gpxtpx:TrackPointExtension>
            <gpxtpx:hr>161</gpxtpx:hr>
          </gpxtpx:TrackPointExtension>
        </extensions>
      </trkpt>
      <trkpt lat="28.80369879764943" lon="115.87452384026305">
        <ele>41.20420986507088</ele>
        <time>1970-01-01T00:47:31.100000Z</time>
        <extensions>
          <gpxtpx:TrackPointExtension>
            <gpxtpx:hr>161</gpxtpx:hr>
          </gpxtpx:TrackPointExtension>
        </extensions>
      </trkpt>
      <trkpt lat="28.80367987848737" lon="115.8745261197842">
        <ele>41.134362439624965</ele>
        <time>1970-01-01T00:47:32.200000Z</time>
        <extensions>
          <gpxtpx:TrackPointExtension>
            <gpxtpx:hr>156</gpxtpx:hr>
          </gpxtpx:TrackPointExtension>
        </extensions>
      </trkpt>
      <trkpt lat="28.80366093524215" lon="115.8745289862856">
        <ele>41.079069626517594</ele>
        <time>1970-01-01T00:47:33.200000Z</time>
        <extensions>
          <gpxtpx:TrackPointExtension>
            <gpxtpx:hr>156</gpxtpx:hr>
          </gpxtpx:TrackPointExtension>
        </extensions>
      </trkpt>
      <trkpt lat="28.803644708461558" lon="115.87453156842764">
        <ele>41.040899289771914</ele>
        <time>1970-01-01T00:47:34.200000Z</time>
        <extensions>
          <gpxtpx:TrackPointExtension>
            <gpxtpx:hr>156</gpxtpx:hr>
          </gpxtpx:TrackPointExtension>
        </extensions>
      </trkpt>
      <trkpt lat="28.803611982943984" lon="115.87453713526531">
        <ele>41.00141295325011</ele>
        <time>1970-01-01T00:47:35.700000Z</time>
        <extensions>
          <gpxtpx:TrackPointExtension>
            <gpxtpx:hr>156</gpxtpx:hr>
          </gpxtpx:TrackPointExtension>
        </extensions>
      </trkpt>
      <trkpt lat="28.80357959202009" lon="115.87454264393675">
        <ele>40.97301185969263</ele>
        <time>1970-01-01T00:47:36.700000Z</time>
        <extensions>
          <gpxtpx:TrackPointExtension>
            <gpxtpx:hr>156</gpxtpx:hr>
          </gpxtpx:TrackPointExtension>
        </extensions>
      </trkpt>
      <trkpt lat="28.80354688713841" lon="115.87454810237095">
        <ele>40.93469978775829</ele>
        <time>1970-01-01T00:47:37.700000Z</time>
        <extensions>
          <gpxtpx:TrackPointExtension>
            <gpxtpx:hr>156</gpxtpx:hr>
          </gpxtpx:TrackPointExtension>
        </extensions>
      </trkpt>
      <trkpt lat="28.80351141734096" lon="115.87455375876836">
        <ele>40.88935297820717</ele>
        <time>1970-01-01T00:47:38.700000Z</time>
        <extensions>
          <gpxtpx:TrackPointExtension>
            <gpxtpx:hr>156</gpxtpx:hr>
          </gpxtpx:TrackPointExtension>
        </extensions>
      </trkpt>
      <trkpt lat="28.803478086060338" lon="115.87455987290876">
        <ele>40.839561903849244</ele>
        <time>1970-01-01T00:47:39.700000Z</time>
        <extensions>
          <gpxtpx:TrackPointExtension>
            <gpxtpx:hr>156</gpxtpx:hr>
          </gpxtpx:TrackPointExtension>
        </extensions>
      </trkpt>
      <trkpt lat="28.803446956909493" lon="115.87456212841303">
        <ele>40.787438050843775</ele>
        <time>1970-01-01T00:47:40.700000Z</time>
        <extensions>
          <gpxtpx:TrackPointExtension>
            <gpxtpx:hr>156</gpxtpx:hr>
          </gpxtpx:TrackPointExtension>
        </extensions>
      </trkpt>
      <trkpt lat="28.803416364905203" lon="115.87456504124059">
        <ele>40.734473353251815</ele>
        <time>1970-01-01T00:47:41.700000Z</time>
        <extensions>
          <gpxtpx:TrackPointExtension>
            <gpxtpx:hr>156</gpxtpx:hr>
          </gpxtpx:TrackPointExtension>
        </extensions>
      </trkpt>
      <trkpt lat="28.803386878865425" lon="115.87456842355607">
        <ele>40.68150852806866</ele>
        <time>1970-01-01T00:47:42.700000Z</time>
        <extensions>
          <gpxtpx:TrackPointExtension>
            <gpxtpx:hr>156</gpxtpx:hr>
          </gpxtpx:TrackPointExtension>
        </extensions>
      </trkpt>
      <trkpt lat="28.80335838782608" lon="115.8745713003644">
        <ele>40.6291283890605</ele>
        <time>1970-01-01T00:47:43.700000Z</time>
        <extensions>
          <gpxtpx:TrackPointExtension>
            <gpxtpx:hr>156</gpxtpx:hr>
          </gpxtpx:TrackPointExtension>
        </extensions>
      </trkpt>
      <trkpt lat="28.80333124411831" lon="115.87457353430528">
        <ele>40.57788914628327</ele>
        <time>1970-01-01T00:47:44.700000Z</time>
        <extensions>
          <gpxtpx:TrackPointExtension>
            <gpxtpx:hr>158</gpxtpx:hr>
          </gpxtpx:TrackPointExtension>
        </extensions>
      </trkpt>
      <trkpt lat="28.803305947139577" lon="115.87457490333452">
        <ele>40.52788745518774</ele>
        <time>1970-01-01T00:47:45.700000Z</time>
        <extensions>
          <gpxtpx:TrackPointExtension>
            <gpxtpx:hr>158</gpxtpx:hr>
          </gpxtpx:TrackPointExtension>
        </extensions>
      </trkpt>
      <trkpt lat="28.80328188240606" lon="115.8745759808786">
        <ele>40.47895179875195</ele>
        <time>1970-01-01T00:47:46.700000Z</time>
        <extensions>
          <gpxtpx:TrackPointExtension>
            <gpxtpx:hr>158</gpxtpx:hr>
          </gpxtpx:TrackPointExtension>
        </extensions>
      </trkpt>
      <trkpt lat="28.803257832241833" lon="115.87457714401317">
        <ele>40.43097099009901</ele>
        <time>1970-01-01T00:47:47.700000Z</time>
        <extensions>
          <gpxtpx:TrackPointExtension>
            <gpxtpx:hr>159</gpxtpx:hr>
          </gpxtpx:TrackPointExtension>
        </extensions>
      </trkpt>
      <trkpt lat="28.8032333571381" lon="115.87457835479309">
        <ele>40.38425612729043</ele>
        <time>1970-01-01T00:47:48.700000Z</time>
        <extensions>
          <gpxtpx:TrackPointExtension>
            <gpxtpx:hr>159</gpxtpx:hr>
          </gpxtpx:TrackPointExtension>
        </extensions>
      </trkpt>
      <trkpt lat="28.803208752363126" lon="115.87457956352016">
        <ele>40.33951259404421</ele>
        <time>1970-01-01T00:47:49.700000Z</time>
        <extensions>
          <gpxtpx:TrackPointExtension>
            <gpxtpx:hr>159</gpxtpx:hr>
          </gpxtpx:TrackPointExtension>
        </extensions>
      </trkpt>
      <trkpt lat="28.803184241469747" lon="115.87458046956853">
        <ele>40.297649985179305</ele>
        <time>1970-01-01T00:47:50.700000Z</time>
        <extensions>
          <gpxtpx:TrackPointExtension>
            <gpxtpx:hr>159</gpxtpx:hr>
          </gpxtpx:TrackPointExtension>
        </extensions>
      </trkpt>
      <trkpt lat="28.803159902198125" lon="115.87458077368053">
        <ele>40.259866134263575</ele>
        <time>1970-01-01T00:47:51.700000Z</time>
        <extensions>
          <gpxtpx:TrackPointExtension>
            <gpxtpx:hr>162</gpxtpx:hr>
          </gpxtpx:TrackPointExtension>
        </extensions>
      </trkpt>
      <trkpt lat="28.803135754212608" lon="115.87458076054514">
        <ele>40.242227379232645</ele>
        <time>1970-01-01T00:47:52.700000Z</time>
        <extensions>
          <gpxtpx:TrackPointExtension>
            <gpxtpx:hr>162</gpxtpx:hr>
          </gpxtpx:TrackPointExtension>
        </extensions>
      </trkpt>
      <trkpt lat="28.80311184506268" lon="115.87458074758148">
        <ele>40.21443478856236</ele>
        <time>1970-01-01T00:47:53.700000Z</time>
        <extensions>
          <gpxtpx:TrackPointExtension>
            <gpxtpx:hr>162</gpxtpx:hr>
          </gpxtpx:TrackPointExtension>
        </extensions>
      </trkpt>
      <trkpt lat="28.803088214885967" lon="115.87458070236342">
        <ele>40.16839997190982</ele>
        <time>1970-01-01T00:47:54.700000Z</time>
        <extensions>
          <gpxtpx:TrackPointExtension>
            <gpxtpx:hr>162</gpxtpx:hr>
          </gpxtpx:TrackPointExtension>
        </extensions>
      </trkpt>
      <trkpt lat="28.80306497789277" lon="115.87458039080585">
        <ele>40.09455072879791</ele>
        <time>1970-01-01T00:47:55.700000Z</time>
        <extensions>
          <gpxtpx:TrackPointExtension>
            <gpxtpx:hr>162</gpxtpx:hr>
          </gpxtpx:TrackPointExtension>
        </extensions>
      </trkpt>
      <trkpt lat="28.8030418334135" lon="115.874580325027">
        <ele>39.98192166350782</ele>
        <time>1970-01-01T00:47:56.700000Z</time>
        <extensions>
          <gpxtpx:TrackPointExtension>
            <gpxtpx:hr>162</gpxtpx:hr>
          </gpxtpx:TrackPointExtension>
        </extensions>
      </trkpt>
      <trkpt lat="28.803018345155724" lon="115.874581310814">
        <ele>39.822681366465986</ele>
        <time>1970-01-01T00:47:57.700000Z</time>
        <extensions>
          <gpxtpx:TrackPointExtension>
            <gpxtpx:hr>162</gpxtpx:hr>
          </gpxtpx:TrackPointExtension>
        </extensions>
      </trkpt>
      <trkpt lat="28.802994533251805" lon="115.87458355559038">
        <ele>39.608696637675166</ele>
        <time>1970-01-01T00:47:58.700000Z</time>
        <extensions>
          <gpxtpx:TrackPointExtension>
            <gpxtpx:hr>164</gpxtpx:hr>
          </gpxtpx:TrackPointExtension>
        </extensions>
      </trkpt>
      <trkpt lat="28.802970994130355" lon="115.87458677782148">
        <ele>39.3329124962911</ele>
        <time>1970-01-01T00:47:59.700000Z</time>
        <extensions>
          <gpxtpx:TrackPointExtension>
            <gpxtpx:hr>164</gpxtpx:hr>
          </gpxtpx:TrackPointExtension>
        </extensions>
      </trkpt>
      <trkpt lat="28.802947951419043" lon="115.87459021686072">
        <ele>38.9907196238637</ele>
        <time>1970-01-01T00:48:00.700000Z</time>
        <extensions>
          <gpxtpx:TrackPointExtension>
            <gpxtpx:hr>164</gpxtpx:hr>
          </gpxtpx:TrackPointExtension>
        </extensions>
      </trkpt>
      <trkpt lat="28.802925323962157" lon="115.8745935923743">
        <ele>38.58687146380544</ele>
        <time>1970-01-01T00:48:01.700000Z</time>
        <extensions>
          <gpxtpx:TrackPointExtension>
            <gpxtpx:hr>164</gpxtpx:hr>
          </gpxtpx:TrackPointExtension>
        </extensions>
      </trkpt>
      <trkpt lat="28.802902912649838" lon="115.87459733715696">
        <ele>38.14205803535879</ele>
        <time>1970-01-01T00:48:02.700000Z</time>
        <extensions>
          <gpxtpx:TrackPointExtension>
            <gpxtpx:hr>164</gpxtpx:hr>
          </gpxtpx:TrackPointExtension>
        </extensions>
      </trkpt>
      <trkpt lat="28.802880348449964" lon="115.87460134625356">
        <ele>37.69568734616041</ele>
        <time>1970-01-01T00:48:03.700000Z</time>
        <extensions>
          <gpxtpx:TrackPointExtension>
            <gpxtpx:hr>164</gpxtpx:hr>
          </gpxtpx:TrackPointExtension>
        </extensions>
      </trkpt>
      <trkpt lat="28.80285763272359" lon="115.87460505124005">
        <ele>37.278538287617266</ele>
        <time>1970-01-01T00:48:04.700000Z</time>
        <extensions>
          <gpxtpx:TrackPointExtension>
            <gpxtpx:hr>164</gpxtpx:hr>
          </gpxtpx:TrackPointExtension>
        </extensions>
      </trkpt>
      <trkpt lat="28.802835031154526" lon="115.87460844977697">
        <ele>36.897054503671825</ele>
        <time>1970-01-01T00:48:05.700000Z</time>
        <extensions>
          <gpxtpx:TrackPointExtension>
            <gpxtpx:hr>164</gpxtpx:hr>
          </gpxtpx:TrackPointExtension>
        </extensions>
      </trkpt>
      <trkpt lat="28.802812343168668" lon="115.87461171464612">
        <ele>36.55909274891019</ele>
        <time>1970-01-01T00:48:06.700000Z</time>
        <extensions>
          <gpxtpx:TrackPointExtension>
            <gpxtpx:hr>163</gpxtpx:hr>
          </gpxtpx:TrackPointExtension>
        </extensions>
      </trkpt>
      <trkpt lat="28.802789271946775" lon="115.87461493563693">
        <ele>36.250583740882576</ele>
        <time>1970-01-01T00:48:07.700000Z</time>
        <extensions>
          <gpxtpx:TrackPointExtension>
            <gpxtpx:hr>163</gpxtpx:hr>
          </gpxtpx:TrackPointExtension>
        </extensions>
      </trkpt>
      <trkpt lat="28.802765581306364" lon="115.87461846281413">
        <ele>35.9811631180346</ele>
        <time>1970-01-01T00:48:08.700000Z</time>
        <extensions>
          <gpxtpx:TrackPointExtension>
            <gpxtpx:hr>163</gpxtpx:hr>
          </gpxtpx:TrackPointExtension>
        </extensions>
      </trkpt>
      <trkpt lat="28.80274179439198" lon="115.87462236360088">
        <ele>35.73658290412277</ele>
        <time>1970-01-01T00:48:09.700000Z</time>
        <extensions>
          <gpxtpx:TrackPointExtension>
            <gpxtpx:hr>163</gpxtpx:hr>
          </gpxtpx:TrackPointExtension>
        </extensions>
      </trkpt>
      <trkpt lat="28.802718153929835" lon="115.87462643758684">
        <ele>35.529588921926916</ele>
        <time>1970-01-01T00:48:10.700000Z</time>
        <extensions>
          <gpxtpx:TrackPointExtension>
            <gpxtpx:hr>163</gpxtpx:hr>
          </gpxtpx:TrackPointExtension>
        </extensions>
      </trkpt>
      <trkpt lat="28.802694039031213" lon="115.87463064769854">
        <ele>35.345905562862754</ele>
        <time>1970-01-01T00:48:11.700000Z</time>
        <extensions>
          <gpxtpx:TrackPointExtension>
            <gpxtpx:hr>163</gpxtpx:hr>
          </gpxtpx:TrackPointExtension>
        </extensions>
      </trkpt>
      <trkpt lat="28.8026697312079" lon="115.87463509265073">
        <ele>35.183708881028</ele>
        <time>1970-01-01T00:48:12.700000Z</time>
        <extensions>
          <gpxtpx:TrackPointExtension>
            <gpxtpx:hr>163</gpxtpx:hr>
          </gpxtpx:TrackPointExtension>
        </extensions>
      </trkpt>
      <trkpt lat="28.802645794000654" lon="115.87463992489522">
        <ele>35.0363993877545</ele>
        <time>1970-01-01T00:48:13.700000Z</time>
        <extensions>
          <gpxtpx:TrackPointExtension>
            <gpxtpx:hr>166</gpxtpx:hr>
          </gpxtpx:TrackPointExtension>
        </extensions>
      </trkpt>
      <trkpt lat="28.80262202507756" lon="115.87464460894022">
        <ele>34.91184403654188</ele>
        <time>1970-01-01T00:48:14.700000Z</time>
        <extensions>
          <gpxtpx:TrackPointExtension>
            <gpxtpx:hr>166</gpxtpx:hr>
          </gpxtpx:TrackPointExtension>
        </extensions>
      </trkpt>
      <trkpt lat="28.802598234855896" lon="115.87464883260982">
        <ele>34.79812024068087</ele>
        <time>1970-01-01T00:48:15.700000Z</time>
        <extensions>
          <gpxtpx:TrackPointExtension>
            <gpxtpx:hr>166</gpxtpx:hr>
          </gpxtpx:TrackPointExtension>
        </extensions>
      </trkpt>
      <trkpt lat="28.802574529855512" lon="115.87465319906126">
        <ele>34.701087093912065</ele>
        <time>1970-01-01T00:48:16.700000Z</time>
        <extensions>
          <gpxtpx:TrackPointExtension>
            <gpxtpx:hr>166</gpxtpx:hr>
          </gpxtpx:TrackPointExtension>
        </extensions>
      </trkpt>
      <trkpt lat="28.802551566953138" lon="115.8746580554312">
        <ele>34.614694374613464</ele>
        <time>1970-01-01T00:48:17.700000Z</time>
        <extensions>
          <gpxtpx:TrackPointExtension>
            <gpxtpx:hr>166</gpxtpx:hr>
          </gpxtpx:TrackPointExtension>
        </extensions>
      </trkpt>
      <trkpt lat="28.80252881480894" lon="115.87466356629658">
        <ele>34.557992689311504</ele>
        <time>1970-01-01T00:48:18.700000Z</time>
        <extensions>
          <gpxtpx:TrackPointExtension>
            <gpxtpx:hr>166</gpxtpx:hr>
          </gpxtpx:TrackPointExtension>
        </extensions>
      </trkpt>
      <trkpt lat="28.80250587564294" lon="115.87466947120834">
        <ele>34.511067756451666</ele>
        <time>1970-01-01T00:48:19.700000Z</time>
        <extensions>
          <gpxtpx:TrackPointExtension>
            <gpxtpx:hr>166</gpxtpx:hr>
          </gpxtpx:TrackPointExtension>
        </extensions>
      </trkpt>
      <trkpt lat="28.802483087407595" lon="115.87467529802855">
        <ele>34.491967959329486</ele>
        <time>1970-01-01T00:48:20.700000Z</time>
        <extensions>
          <gpxtpx:TrackPointExtension>
            <gpxtpx:hr>166</gpxtpx:hr>
          </gpxtpx:TrackPointExtension>
        </extensions>
      </trkpt>
      <trkpt lat="28.802460090858855" lon="115.87468079603683">
        <ele>34.49662490095943</ele>
        <time>1970-01-01T00:48:21.700000Z</time>
        <extensions>
          <gpxtpx:TrackPointExtension>
            <gpxtpx:hr>166</gpxtpx:hr>
          </gpxtpx:TrackPointExtension>
        </extensions>
      </trkpt>
      <trkpt lat="28.80243637895201" lon="115.8746861892462">
        <ele>34.515895472839475</ele>
        <time>1970-01-01T00:48:22.700000Z</time>
        <extensions>
          <gpxtpx:TrackPointExtension>
            <gpxtpx:hr>166</gpxtpx:hr>
          </gpxtpx:TrackPointExtension>
        </extensions>
      </trkpt>
      <trkpt lat="28.802411421165985" lon="115.87469182296554">
        <ele>34.542712952941656</ele>
        <time>1970-01-01T00:48:23.700000Z</time>
        <extensions>
          <gpxtpx:TrackPointExtension>
            <gpxtpx:hr>166</gpxtpx:hr>
          </gpxtpx:TrackPointExtension>
        </extensions>
      </trkpt>
      <trkpt lat="28.802385412651585" lon="115.87469774401252">
        <ele>34.57871757261455</ele>
        <time>1970-01-01T00:48:24.700000Z</time>
        <extensions>
          <gpxtpx:TrackPointExtension>
            <gpxtpx:hr>166</gpxtpx:hr>
          </gpxtpx:TrackPointExtension>
        </extensions>
      </trkpt>
      <trkpt lat="28.802358274099372" lon="115.8747039489876">
        <ele>34.62876085843891</ele>
        <time>1970-01-01T00:48:25.700000Z</time>
        <extensions>
          <gpxtpx:TrackPointExtension>
            <gpxtpx:hr>166</gpxtpx:hr>
          </gpxtpx:TrackPointExtension>
        </extensions>
      </trkpt>
      <trkpt lat="28.802330068556927" lon="115.87471014619483">
        <ele>34.69164621271193</ele>
        <time>1970-01-01T00:48:26.700000Z</time>
        <extensions>
          <gpxtpx:TrackPointExtension>
            <gpxtpx:hr>166</gpxtpx:hr>
          </gpxtpx:TrackPointExtension>
        </extensions>
      </trkpt>
      <trkpt lat="28.802301514803958" lon="115.8747158147479">
        <ele>34.76734762266278</ele>
        <time>1970-01-01T00:48:27.700000Z</time>
        <extensions>
          <gpxtpx:TrackPointExtension>
            <gpxtpx:hr>166</gpxtpx:hr>
          </gpxtpx:TrackPointExtension>
        </extensions>
      </trkpt>
      <trkpt lat="28.802273580313003" lon="115.8747202894689">
        <ele>34.8441150309518</ele>
        <time>1970-01-01T00:48:28.700000Z</time>
        <extensions>
          <gpxtpx:TrackPointExtension>
            <gpxtpx:hr>166</gpxtpx:hr>
          </gpxtpx:TrackPointExtension>
        </extensions>
      </trkpt>
      <trkpt lat="28.802246687028923" lon="115.87472284159995">
        <ele>34.92623156309128</ele>
        <time>1970-01-01T00:48:29.700000Z</time>
        <extensions>
          <gpxtpx:TrackPointExtension>
            <gpxtpx:hr>166</gpxtpx:hr>
          </gpxtpx:TrackPointExtension>
        </extensions>
      </trkpt>
      <trkpt lat="28.802221182043972" lon="115.87472352681354">
        <ele>35.00685812905431</ele>
        <time>1970-01-01T00:48:30.700000Z</time>
        <extensions>
          <gpxtpx:TrackPointExtension>
            <gpxtpx:hr>166</gpxtpx:hr>
          </gpxtpx:TrackPointExtension>
        </extensions>
      </trkpt>
      <trkpt lat="28.80219768345474" lon="115.87472229349044">
        <ele>35.08162634912878</ele>
        <time>1970-01-01T00:48:31.700000Z</time>
        <extensions>
          <gpxtpx:TrackPointExtension>
            <gpxtpx:hr>168</gpxtpx:hr>
          </gpxtpx:TrackPointExtension>
        </extensions>
      </trkpt>
      <trkpt lat="28.802175742662957" lon="115.87471950524062">
        <ele>35.140968474559486</ele>
        <time>1970-01-01T00:48:32.700000Z</time>
        <extensions>
          <gpxtpx:TrackPointExtension>
            <gpxtpx:hr>168</gpxtpx:hr>
          </gpxtpx:TrackPointExtension>
        </extensions>
      </trkpt>
      <trkpt lat="28.802154259129868" lon="115.8747158631065">
        <ele>35.179685342125595</ele>
        <time>1970-01-01T00:48:33.700000Z</time>
        <extensions>
          <gpxtpx:TrackPointExtension>
            <gpxtpx:hr>168</gpxtpx:hr>
          </gpxtpx:TrackPointExtension>
        </extensions>
      </trkpt>
      <trkpt lat="28.802133359856967" lon="115.87471290972316">
        <ele>35.19457540474832</ele>
        <time>1970-01-01T00:48:34.700000Z</time>
        <extensions>
          <gpxtpx:TrackPointExtension>
            <gpxtpx:hr>168</gpxtpx:hr>
          </gpxtpx:TrackPointExtension>
        </extensions>
      </trkpt>
      <trkpt lat="28.80211284193557" lon="115.874712196258">
        <ele>35.18446868658066</ele>
        <time>1970-01-01T00:48:35.700000Z</time>
        <extensions>
          <gpxtpx:TrackPointExtension>
            <gpxtpx:hr>168</gpxtpx:hr>
          </gpxtpx:TrackPointExtension>
        </extensions>
      </trkpt>
      <trkpt lat="28.80209238012586" lon="115.87471416017962">
        <ele>35.15376152098179</ele>
        <time>1970-01-01T00:48:36.700000Z</time>
        <extensions>
          <gpxtpx:TrackPointExtension>
            <gpxtpx:hr>168</gpxtpx:hr>
          </gpxtpx:TrackPointExtension>
        </extensions>
      </trkpt>
      <trkpt lat="28.8020723709047" lon="115.87471810941474">
        <ele>35.11679340712726</ele>
        <time>1970-01-01T00:48:37.700000Z</time>
        <extensions>
          <gpxtpx:TrackPointExtension>
            <gpxtpx:hr>167</gpxtpx:hr>
          </gpxtpx:TrackPointExtension>
        </extensions>
      </trkpt>
      <trkpt lat="28.802053297214414" lon="115.87472233110233">
        <ele>35.08242696709931</ele>
        <time>1970-01-01T00:48:38.700000Z</time>
        <extensions>
          <gpxtpx:TrackPointExtension>
            <gpxtpx:hr>167</gpxtpx:hr>
          </gpxtpx:TrackPointExtension>
        </extensions>
      </trkpt>
      <trkpt lat="28.802035858728733" lon="115.87472557431148">
        <ele>35.05008232500404</ele>
        <time>1970-01-01T00:48:39.700000Z</time>
        <extensions>
          <gpxtpx:TrackPointExtension>
            <gpxtpx:hr>167</gpxtpx:hr>
          </gpxtpx:TrackPointExtension>
        </extensions>
      </trkpt>
      <trkpt lat="28.802019362722987" lon="115.8747280870307">
        <ele>34.90187129937112</ele>
        <time>1970-01-01T00:48:40.700000Z</time>
        <extensions>
          <gpxtpx:TrackPointExtension>
            <gpxtpx:hr>167</gpxtpx:hr>
          </gpxtpx:TrackPointExtension>
        </extensions>
      </trkpt>
      <trkpt lat="28.802003642964994" lon="115.87473082488569">
        <ele>34.725922104902565</ele>
        <time>1970-01-01T00:48:41.700000Z</time>
        <extensions>
          <gpxtpx:TrackPointExtension>
            <gpxtpx:hr>167</gpxtpx:hr>
          </gpxtpx:TrackPointExtension>
        </extensions>
      </trkpt>
      <trkpt lat="28.80198864353662" lon="115.87473512225421">
        <ele>34.519430259242654</ele>
        <time>1970-01-01T00:48:42.700000Z</time>
        <extensions>
          <gpxtpx:TrackPointExtension>
            <gpxtpx:hr>167</gpxtpx:hr>
          </gpxtpx:TrackPointExtension>
        </extensions>
      </trkpt>
      <trkpt lat="28.80197422853059" lon="115.874741227541">
        <ele>34.27890393510461</ele>
        <time>1970-01-01T00:48:43.700000Z</time>
        <extensions>
          <gpxtpx:TrackPointExtension>
            <gpxtpx:hr>167</gpxtpx:hr>
          </gpxtpx:TrackPointExtension>
        </extensions>
      </trkpt>
      <trkpt lat="28.801960750767265" lon="115.87474796619658">
        <ele>34.000346502289176</ele>
        <time>1970-01-01T00:48:44.700000Z</time>
        <extensions>
          <gpxtpx:TrackPointExtension>
            <gpxtpx:hr>163</gpxtpx:hr>
          </gpxtpx:TrackPointExtension>
        </extensions>
      </trkpt>
      <trkpt lat="28.80194844893064" lon="115.87475362964118">
        <ele>33.67980838846415</ele>
        <time>1970-01-01T00:48:45.700000Z</time>
        <extensions>
          <gpxtpx:TrackPointExtension>
            <gpxtpx:hr>163</gpxtpx:hr>
          </gpxtpx:TrackPointExtension>
        </extensions>
      </trkpt>
      <trkpt lat="28.801936329336467" lon="115.87475754073792">
        <ele>33.31376389786601</ele>
        <time>1970-01-01T00:48:46.700000Z</time>
        <extensions>
          <gpxtpx:TrackPointExtension>
            <gpxtpx:hr>163</gpxtpx:hr>
          </gpxtpx:TrackPointExtension>
        </extensions>
      </trkpt>
      <trkpt lat="28.801923662588276" lon="115.8747604532556">
        <ele>32.8996198521927</ele>
        <time>1970-01-01T00:48:47.700000Z</time>
        <extensions>
          <gpxtpx:TrackPointExtension>
            <gpxtpx:hr>163</gpxtpx:hr>
          </gpxtpx:TrackPointExtension>
        </extensions>
      </trkpt>
      <trkpt lat="28.801910017715766" lon="115.87476307261595">
        <ele>32.437955904752016</ele>
        <time>1970-01-01T00:48:48.700000Z</time>
        <extensions>
          <gpxtpx:TrackPointExtension>
            <gpxtpx:hr>163</gpxtpx:hr>
          </gpxtpx:TrackPointExtension>
        </extensions>
      </trkpt>
      <trkpt lat="28.80189618452696" lon="115.87476579684262">
        <ele>31.937322220765054</ele>
        <time>1970-01-01T00:48:49.700000Z</time>
        <extensions>
          <gpxtpx:TrackPointExtension>
            <gpxtpx:hr>160</gpxtpx:hr>
          </gpxtpx:TrackPointExtension>
        </extensions>
      </trkpt>
      <trkpt lat="28.801913384079683" lon="115.87477442818845">
        <ele>38.568375579081476</ele>
        <time>1970-01-01T00:49:15.600000Z</time>
        <extensions>
          <gpxtpx:TrackPointExtension>
            <gpxtpx:hr>163</gpxtpx:hr>
          </gpxtpx:TrackPointExtension>
        </extensions>
      </trkpt>
      <trkpt lat="28.80191069335983" lon="115.8747749591612">
        <ele>37.97930426709354</ele>
        <time>1970-01-01T00:49:16.600000Z</time>
        <extensions>
          <gpxtpx:TrackPointExtension>
            <gpxtpx:hr>163</gpxtpx:hr>
          </gpxtpx:TrackPointExtension>
        </extensions>
      </trkpt>
      <trkpt lat="28.80190531829143" lon="115.87477624476772">
        <ele>37.43472170457244</ele>
        <time>1970-01-01T00:49:17.600000Z</time>
        <extensions>
          <gpxtpx:TrackPointExtension>
            <gpxtpx:hr>162</gpxtpx:hr>
          </gpxtpx:TrackPointExtension>
        </extensions>
      </trkpt>
      <trkpt lat="28.801895321803507" lon="115.87477887107784">
        <ele>36.94991741795093</ele>
        <time>1970-01-01T00:49:18.600000Z</time>
        <extensions>
          <gpxtpx:TrackPointExtension>
            <gpxtpx:hr>162</gpxtpx:hr>
          </gpxtpx:TrackPointExtension>
        </extensions>
      </trkpt>
      <trkpt lat="28.801879982109813" lon="115.87478313378456">
        <ele>36.533859288319945</ele>
        <time>1970-01-01T00:49:19.600000Z</time>
        <extensions>
          <gpxtpx:TrackPointExtension>
            <gpxtpx:hr>162</gpxtpx:hr>
          </gpxtpx:TrackPointExtension>
        </extensions>
      </trkpt>
      <trkpt lat="28.801860129809292" lon="115.87478868407933">
        <ele>36.18986062891781</ele>
        <time>1970-01-01T00:49:20.600000Z</time>
        <extensions>
          <gpxtpx:TrackPointExtension>
            <gpxtpx:hr>157</gpxtpx:hr>
          </gpxtpx:TrackPointExtension>
        </extensions>
      </trkpt>
      <trkpt lat="28.801837630973044" lon="115.87479493284508">
        <ele>35.91505843028426</ele>
        <time>1970-01-01T00:49:21.600000Z</time>
        <extensions>
          <gpxtpx:TrackPointExtension>
            <gpxtpx:hr>157</gpxtpx:hr>
          </gpxtpx:TrackPointExtension>
        </extensions>
      </trkpt>
      <trkpt lat="28.801813688577116" lon="115.87480119303397">
        <ele>35.70022102072835</ele>
        <time>1970-01-01T00:49:22.600000Z</time>
        <extensions>
          <gpxtpx:TrackPointExtension>
            <gpxtpx:hr>157</gpxtpx:hr>
          </gpxtpx:TrackPointExtension>
        </extensions>
      </trkpt>
      <trkpt lat="28.801788949737805" lon="115.87480724474405">
        <ele>35.52930182777345</ele>
        <time>1970-01-01T00:49:23.600000Z</time>
        <extensions>
          <gpxtpx:TrackPointExtension>
            <gpxtpx:hr>157</gpxtpx:hr>
          </gpxtpx:TrackPointExtension>
        </extensions>
      </trkpt>
      <trkpt lat="28.801781788026478" lon="115.87480899926865">
        <ele>35.49113028217107</ele>
        <time>1970-01-01T00:49:23.900000Z</time>
        <extensions>
          <gpxtpx:TrackPointExtension>
            <gpxtpx:hr>157</gpxtpx:hr>
          </gpxtpx:TrackPointExtension>
        </extensions>
      </trkpt>
      <trkpt lat="28.801763879735685" lon="115.8748132079395">
        <ele>35.40042474400252</ele>
        <time>1970-01-01T00:49:24.600000Z</time>
        <extensions>
          <gpxtpx:TrackPointExtension>
            <gpxtpx:hr>157</gpxtpx:hr>
          </gpxtpx:TrackPointExtension>
        </extensions>
      </trkpt>
      <trkpt lat="28.801737962301956" lon="115.87481872130886">
        <ele>35.31798714399338</ele>
        <time>1970-01-01T00:49:25.600000Z</time>
        <extensions>
          <gpxtpx:TrackPointExtension>
            <gpxtpx:hr>157</gpxtpx:hr>
          </gpxtpx:TrackPointExtension>
        </extensions>
      </trkpt>
      <trkpt lat="28.801710937572622" lon="115.87482406921053">
        <ele>35.282686605118215</ele>
        <time>1970-01-01T00:49:26.600000Z</time>
        <extensions>
          <gpxtpx:TrackPointExtension>
            <gpxtpx:hr>150</gpxtpx:hr>
          </gpxtpx:TrackPointExtension>
        </extensions>
      </trkpt>
      <trkpt lat="28.801683149676176" lon="115.8748292052584">
        <ele>35.27614650968462</ele>
        <time>1970-01-01T00:49:27.600000Z</time>
        <extensions>
          <gpxtpx:TrackPointExtension>
            <gpxtpx:hr>150</gpxtpx:hr>
          </gpxtpx:TrackPointExtension>
        </extensions>
      </trkpt>
      <trkpt lat="28.801655262541942" lon="115.87483316991964">
        <ele>35.28467416856438</ele>
        <time>1970-01-01T00:49:28.600000Z</time>
        <extensions>
          <gpxtpx:TrackPointExtension>
            <gpxtpx:hr>150</gpxtpx:hr>
          </gpxtpx:TrackPointExtension>
        </extensions>
      </trkpt>
      <trkpt lat="28.801627724602014" lon="115.87483550574473">
        <ele>35.29866623040289</ele>
        <time>1970-01-01T00:49:29.600000Z</time>
        <extensions>
          <gpxtpx:TrackPointExtension>
            <gpxtpx:hr>150</gpxtpx:hr>
          </gpxtpx:TrackPointExtension>
        </extensions>
      </trkpt>
      <trkpt lat="28.80160068858816" lon="115.8748367989442">
        <ele>35.311878150328994</ele>
        <time>1970-01-01T00:49:30.600000Z</time>
        <extensions>
          <gpxtpx:TrackPointExtension>
            <gpxtpx:hr>150</gpxtpx:hr>
          </gpxtpx:TrackPointExtension>
        </extensions>
      </trkpt>
      <trkpt lat="28.80157401946406" lon="115.87483848883673">
        <ele>35.320664117112756</ele>
        <time>1970-01-01T00:49:31.600000Z</time>
        <extensions>
          <gpxtpx:TrackPointExtension>
            <gpxtpx:hr>144</gpxtpx:hr>
          </gpxtpx:TrackPointExtension>
        </extensions>
      </trkpt>
      <trkpt lat="28.801547805323302" lon="115.8748425323312">
        <ele>35.323205093853176</ele>
        <time>1970-01-01T00:49:32.600000Z</time>
        <extensions>
          <gpxtpx:TrackPointExtension>
            <gpxtpx:hr>144</gpxtpx:hr>
          </gpxtpx:TrackPointExtension>
        </extensions>
      </trkpt>
      <trkpt lat="28.801521897331796" lon="115.87484965575361">
        <ele>35.31912457384169</ele>
        <time>1970-01-01T00:49:33.600000Z</time>
        <extensions>
          <gpxtpx:TrackPointExtension>
            <gpxtpx:hr>144</gpxtpx:hr>
          </gpxtpx:TrackPointExtension>
        </extensions>
      </trkpt>
      <trkpt lat="28.80149694061002" lon="115.87485952281256">
        <ele>35.30891432799399</ele>
        <time>1970-01-01T00:49:34.600000Z</time>
        <extensions>
          <gpxtpx:TrackPointExtension>
            <gpxtpx:hr>144</gpxtpx:hr>
          </gpxtpx:TrackPointExtension>
        </extensions>
      </trkpt>
      <trkpt lat="28.80147342322883" lon="115.87487176046517">
        <ele>35.29361894726753</ele>
        <time>1970-01-01T00:49:35.600000Z</time>
        <extensions>
          <gpxtpx:TrackPointExtension>
            <gpxtpx:hr>144</gpxtpx:hr>
          </gpxtpx:TrackPointExtension>
        </extensions>
      </trkpt>
      <trkpt lat="28.801450779337443" lon="115.87488568253916">
        <ele>35.27464642189443</ele>
        <time>1970-01-01T00:49:36.600000Z</time>
        <extensions>
          <gpxtpx:TrackPointExtension>
            <gpxtpx:hr>144</gpxtpx:hr>
          </gpxtpx:TrackPointExtension>
        </extensions>
      </trkpt>
      <trkpt lat="28.801428390650592" lon="115.87489971651054">
        <ele>35.253428068012</ele>
        <time>1970-01-01T00:49:37.600000Z</time>
        <extensions>
          <gpxtpx:TrackPointExtension>
            <gpxtpx:hr>144</gpxtpx:hr>
          </gpxtpx:TrackPointExtension>
        </extensions>
      </trkpt>
      <trkpt lat="28.801405917838455" lon="115.87491208989742">
        <ele>35.23142275586724</ele>
        <time>1970-01-01T00:49:38.600000Z</time>
        <extensions>
          <gpxtpx:TrackPointExtension>
            <gpxtpx:hr>144</gpxtpx:hr>
          </gpxtpx:TrackPointExtension>
        </extensions>
      </trkpt>
      <trkpt lat="28.801383387783957" lon="115.87492155600461">
        <ele>35.21000741701573</ele>
        <time>1970-01-01T00:49:39.600000Z</time>
        <extensions>
          <gpxtpx:TrackPointExtension>
            <gpxtpx:hr>144</gpxtpx:hr>
          </gpxtpx:TrackPointExtension>
        </extensions>
      </trkpt>
      <trkpt lat="28.801360934931257" lon="115.87492811239999">
        <ele>35.19035641103983</ele>
        <time>1970-01-01T00:49:40.600000Z</time>
        <extensions>
          <gpxtpx:TrackPointExtension>
            <gpxtpx:hr>144</gpxtpx:hr>
          </gpxtpx:TrackPointExtension>
        </extensions>
      </trkpt>
      <trkpt lat="28.80133833867787" lon="115.8749326535696">
        <ele>35.17309135943651</ele>
        <time>1970-01-01T00:49:41.600000Z</time>
        <extensions>
          <gpxtpx:TrackPointExtension>
            <gpxtpx:hr>144</gpxtpx:hr>
          </gpxtpx:TrackPointExtension>
        </extensions>
      </trkpt>
      <trkpt lat="28.80131576623567" lon="115.87493608699725">
        <ele>35.15859276987612</ele>
        <time>1970-01-01T00:49:42.600000Z</time>
        <extensions>
          <gpxtpx:TrackPointExtension>
            <gpxtpx:hr>144</gpxtpx:hr>
          </gpxtpx:TrackPointExtension>
        </extensions>
      </trkpt>
      <trkpt lat="28.801292913383367" lon="115.87493945833036">
        <ele>35.146857435815036</ele>
        <time>1970-01-01T00:49:43.600000Z</time>
        <extensions>
          <gpxtpx:TrackPointExtension>
            <gpxtpx:hr>144</gpxtpx:hr>
          </gpxtpx:TrackPointExtension>
        </extensions>
      </trkpt>
      <trkpt lat="28.80126909787563" lon="115.87494356467501">
        <ele>35.13754899427295</ele>
        <time>1970-01-01T00:49:44.600000Z</time>
        <extensions>
          <gpxtpx:TrackPointExtension>
            <gpxtpx:hr>144</gpxtpx:hr>
          </gpxtpx:TrackPointExtension>
        </extensions>
      </trkpt>
      <trkpt lat="28.80124479010344" lon="115.87494875748774">
        <ele>35.130032271146774</ele>
        <time>1970-01-01T00:49:45.600000Z</time>
        <extensions>
          <gpxtpx:TrackPointExtension>
            <gpxtpx:hr>151</gpxtpx:hr>
          </gpxtpx:TrackPointExtension>
        </extensions>
      </trkpt>
      <trkpt lat="28.801220204141902" lon="115.87495452832611">
        <ele>35.12327738571912</ele>
        <time>1970-01-01T00:49:46.600000Z</time>
        <extensions>
          <gpxtpx:TrackPointExtension>
            <gpxtpx:hr>151</gpxtpx:hr>
          </gpxtpx:TrackPointExtension>
        </extensions>
      </trkpt>
      <trkpt lat="28.801194992800223" lon="115.87496006514101">
        <ele>35.116012655198574</ele>
        <time>1970-01-01T00:49:47.600000Z</time>
        <extensions>
          <gpxtpx:TrackPointExtension>
            <gpxtpx:hr>151</gpxtpx:hr>
          </gpxtpx:TrackPointExtension>
        </extensions>
      </trkpt>
      <trkpt lat="28.80116888367088" lon="115.87496489119162">
        <ele>35.106797298416495</ele>
        <time>1970-01-01T00:49:48.600000Z</time>
        <extensions>
          <gpxtpx:TrackPointExtension>
            <gpxtpx:hr>151</gpxtpx:hr>
          </gpxtpx:TrackPointExtension>
        </extensions>
      </trkpt>
      <trkpt lat="28.801141992242677" lon="115.87496946142105">
        <ele>35.094249869696796</ele>
        <time>1970-01-01T00:49:49.600000Z</time>
        <extensions>
          <gpxtpx:TrackPointExtension>
            <gpxtpx:hr>151</gpxtpx:hr>
          </gpxtpx:TrackPointExtension>
        </extensions>
      </trkpt>
      <trkpt lat="28.80111510092941" lon="115.87497410602839">
        <ele>35.07733087055385</ele>
        <time>1970-01-01T00:49:50.600000Z</time>
        <extensions>
          <gpxtpx:TrackPointExtension>
            <gpxtpx:hr>157</gpxtpx:hr>
          </gpxtpx:TrackPointExtension>
        </extensions>
      </trkpt>
      <trkpt lat="28.80108884257841" lon="115.87497917784178">
        <ele>35.055606356821954</ele>
        <time>1970-01-01T00:49:51.600000Z</time>
        <extensions>
          <gpxtpx:TrackPointExtension>
            <gpxtpx:hr>157</gpxtpx:hr>
          </gpxtpx:TrackPointExtension>
        </extensions>
      </trkpt>
      <trkpt lat="28.80106225204365" lon="115.87498490727147">
        <ele>35.02903630491346</ele>
        <time>1970-01-01T00:49:52.600000Z</time>
        <extensions>
          <gpxtpx:TrackPointExtension>
            <gpxtpx:hr>157</gpxtpx:hr>
          </gpxtpx:TrackPointExtension>
        </extensions>
      </trkpt>
      <trkpt lat="28.801035191683674" lon="115.87499094727994">
        <ele>34.99795233272016</ele>
        <time>1970-01-01T00:49:53.600000Z</time>
        <extensions>
          <gpxtpx:TrackPointExtension>
            <gpxtpx:hr>157</gpxtpx:hr>
          </gpxtpx:TrackPointExtension>
        </extensions>
      </trkpt>
      <trkpt lat="28.801008038965932" lon="115.87499737226617">
        <ele>34.96298035699874</ele>
        <time>1970-01-01T00:49:54.600000Z</time>
        <extensions>
          <gpxtpx:TrackPointExtension>
            <gpxtpx:hr>157</gpxtpx:hr>
          </gpxtpx:TrackPointExtension>
        </extensions>
      </trkpt>
      <trkpt lat="28.800980414294152" lon="115.87500392299624">
        <ele>34.924887540750206</ele>
        <time>1970-01-01T00:49:55.600000Z</time>
        <extensions>
          <gpxtpx:TrackPointExtension>
            <gpxtpx:hr>157</gpxtpx:hr>
          </gpxtpx:TrackPointExtension>
        </extensions>
      </trkpt>
      <trkpt lat="28.8009532447282" lon="115.87500952716178">
        <ele>34.88461219985038</ele>
        <time>1970-01-01T00:49:56.600000Z</time>
        <extensions>
          <gpxtpx:TrackPointExtension>
            <gpxtpx:hr>157</gpxtpx:hr>
          </gpxtpx:TrackPointExtension>
        </extensions>
      </trkpt>
      <trkpt lat="28.80092663446126" lon="115.87501434334571">
        <ele>34.84315446205437</ele>
        <time>1970-01-01T00:49:57.600000Z</time>
        <extensions>
          <gpxtpx:TrackPointExtension>
            <gpxtpx:hr>159</gpxtpx:hr>
          </gpxtpx:TrackPointExtension>
        </extensions>
      </trkpt>
      <trkpt lat="28.800899833069593" lon="115.87501986910145">
        <ele>34.80154059175402</ele>
        <time>1970-01-01T00:49:58.600000Z</time>
        <extensions>
          <gpxtpx:TrackPointExtension>
            <gpxtpx:hr>159</gpxtpx:hr>
          </gpxtpx:TrackPointExtension>
        </extensions>
      </trkpt>
      <trkpt lat="28.800873020279518" lon="115.87502649379262">
        <ele>34.76077275630087</ele>
        <time>1970-01-01T00:49:59.600000Z</time>
        <extensions>
          <gpxtpx:TrackPointExtension>
            <gpxtpx:hr>159</gpxtpx:hr>
          </gpxtpx:TrackPointExtension>
        </extensions>
      </trkpt>
      <trkpt lat="28.800846940370995" lon="115.87503405955896">
        <ele>34.72174362745136</ele>
        <time>1970-01-01T00:50:00.600000Z</time>
        <extensions>
          <gpxtpx:TrackPointExtension>
            <gpxtpx:hr>159</gpxtpx:hr>
          </gpxtpx:TrackPointExtension>
        </extensions>
      </trkpt>
      <trkpt lat="28.800822022355753" lon="115.87504155971156">
        <ele>34.685061471536756</ele>
        <time>1970-01-01T00:50:01.600000Z</time>
        <extensions>
          <gpxtpx:TrackPointExtension>
            <gpxtpx:hr>159</gpxtpx:hr>
          </gpxtpx:TrackPointExtension>
        </extensions>
      </trkpt>
      <trkpt lat="28.800797888962403" lon="115.87504825702642">
        <ele>34.65109463687986</ele>
        <time>1970-01-01T00:50:02.600000Z</time>
        <extensions>
          <gpxtpx:TrackPointExtension>
            <gpxtpx:hr>159</gpxtpx:hr>
          </gpxtpx:TrackPointExtension>
        </extensions>
      </trkpt>
      <trkpt lat="28.8007738668973" lon="115.87505453400178">
        <ele>34.619926129467785</ele>
        <time>1970-01-01T00:50:03.600000Z</time>
        <extensions>
          <gpxtpx:TrackPointExtension>
            <gpxtpx:hr>159</gpxtpx:hr>
          </gpxtpx:TrackPointExtension>
        </extensions>
      </trkpt>
      <trkpt lat="28.800749530004964" lon="115.8750607363759">
        <ele>34.59130737744272</ele>
        <time>1970-01-01T00:50:04.600000Z</time>
        <extensions>
          <gpxtpx:TrackPointExtension>
            <gpxtpx:hr>159</gpxtpx:hr>
          </gpxtpx:TrackPointExtension>
        </extensions>
      </trkpt>
      <trkpt lat="28.800724829934207" lon="115.87506711547442">
        <ele>34.569431566633284</ele>
        <time>1970-01-01T00:50:05.600000Z</time>
        <extensions>
          <gpxtpx:TrackPointExtension>
            <gpxtpx:hr>159</gpxtpx:hr>
          </gpxtpx:TrackPointExtension>
        </extensions>
      </trkpt>
      <trkpt lat="28.800699698103603" lon="115.87507368756796">
        <ele>34.54373120609671</ele>
        <time>1970-01-01T00:50:06.600000Z</time>
        <extensions>
          <gpxtpx:TrackPointExtension>
            <gpxtpx:hr>159</gpxtpx:hr>
          </gpxtpx:TrackPointExtension>
        </extensions>
      </trkpt>
      <trkpt lat="28.80067508430556" lon="115.87508000632366">
        <ele>34.48374092113227</ele>
        <time>1970-01-01T00:50:07.600000Z</time>
        <extensions>
          <gpxtpx:TrackPointExtension>
            <gpxtpx:hr>160</gpxtpx:hr>
          </gpxtpx:TrackPointExtension>
        </extensions>
      </trkpt>
      <trkpt lat="28.800651345693066" lon="115.87508578495404">
        <ele>34.419215836562216</ele>
        <time>1970-01-01T00:50:08.600000Z</time>
        <extensions>
          <gpxtpx:TrackPointExtension>
            <gpxtpx:hr>160</gpxtpx:hr>
          </gpxtpx:TrackPointExtension>
        </extensions>
      </trkpt>
      <trkpt lat="28.80062848949332" lon="115.87509124999214">
        <ele>34.34223445318639</ele>
        <time>1970-01-01T00:50:09.600000Z</time>
        <extensions>
          <gpxtpx:TrackPointExtension>
            <gpxtpx:hr>160</gpxtpx:hr>
          </gpxtpx:TrackPointExtension>
        </extensions>
      </trkpt>
      <trkpt lat="28.800606530920668" lon="115.87509592535017">
        <ele>34.26707717217505</ele>
        <time>1970-01-01T00:50:10.600000Z</time>
        <extensions>
          <gpxtpx:TrackPointExtension>
            <gpxtpx:hr>160</gpxtpx:hr>
          </gpxtpx:TrackPointExtension>
        </extensions>
      </trkpt>
      <trkpt lat="28.800585678638225" lon="115.87509985212156">
        <ele>34.190278875641525</ele>
        <time>1970-01-01T00:50:11.600000Z</time>
        <extensions>
          <gpxtpx:TrackPointExtension>
            <gpxtpx:hr>162</gpxtpx:hr>
          </gpxtpx:TrackPointExtension>
        </extensions>
      </trkpt>
      <trkpt lat="28.800566582695467" lon="115.87510391201147">
        <ele>34.11389837227762</ele>
        <time>1970-01-01T00:50:12.600000Z</time>
        <extensions>
          <gpxtpx:TrackPointExtension>
            <gpxtpx:hr>162</gpxtpx:hr>
          </gpxtpx:TrackPointExtension>
        </extensions>
      </trkpt>
      <trkpt lat="28.80054984437583" lon="115.87510776043284">
        <ele>34.04305136669427</ele>
        <time>1970-01-01T00:50:13.600000Z</time>
        <extensions>
          <gpxtpx:TrackPointExtension>
            <gpxtpx:hr>162</gpxtpx:hr>
          </gpxtpx:TrackPointExtension>
        </extensions>
      </trkpt>
      <trkpt lat="28.80053497414986" lon="115.87511122326552">
        <ele>33.98805430997163</ele>
        <time>1970-01-01T00:50:14.600000Z</time>
        <extensions>
          <gpxtpx:TrackPointExtension>
            <gpxtpx:hr>162</gpxtpx:hr>
          </gpxtpx:TrackPointExtension>
        </extensions>
      </trkpt>
      <trkpt lat="28.80051914549249" lon="115.87511497891559">
        <ele>33.96757846605033</ele>
        <time>1970-01-01T00:50:15.600000Z</time>
        <extensions>
          <gpxtpx:TrackPointExtension>
            <gpxtpx:hr>162</gpxtpx:hr>
          </gpxtpx:TrackPointExtension>
        </extensions>
      </trkpt>
      <trkpt lat="28.800500545278396" lon="115.87511925237565">
        <ele>34.01110185030848</ele>
        <time>1970-01-01T00:50:16.600000Z</time>
        <extensions>
          <gpxtpx:TrackPointExtension>
            <gpxtpx:hr>162</gpxtpx:hr>
          </gpxtpx:TrackPointExtension>
        </extensions>
      </trkpt>
      <trkpt lat="28.800341406625783" lon="115.87515493077734">
        <ele>34.67068483494222</ele>
        <time>1970-01-01T00:50:23.700000Z</time>
        <extensions>
          <gpxtpx:TrackPointExtension>
            <gpxtpx:hr>160</gpxtpx:hr>
          </gpxtpx:TrackPointExtension>
        </extensions>
      </trkpt>
      <trkpt lat="28.80031676261345" lon="115.87516058725681">
        <ele>34.72019901685417</ele>
        <time>1970-01-01T00:50:24.700000Z</time>
        <extensions>
          <gpxtpx:TrackPointExtension>
            <gpxtpx:hr>162</gpxtpx:hr>
          </gpxtpx:TrackPointExtension>
        </extensions>
      </trkpt>
      <trkpt lat="28.800293421118777" lon="115.87516649147628">
        <ele>34.707830674014986</ele>
        <time>1970-01-01T00:50:25.700000Z</time>
        <extensions>
          <gpxtpx:TrackPointExtension>
            <gpxtpx:hr>162</gpxtpx:hr>
          </gpxtpx:TrackPointExtension>
        </extensions>
      </trkpt>
      <trkpt lat="28.800270960697777" lon="115.87517333566488">
        <ele>34.66704338416457</ele>
        <time>1970-01-01T00:50:26.700000Z</time>
        <extensions>
          <gpxtpx:TrackPointExtension>
            <gpxtpx:hr>162</gpxtpx:hr>
          </gpxtpx:TrackPointExtension>
        </extensions>
      </trkpt>
      <trkpt lat="28.8002487634885" lon="115.87518068444237">
        <ele>34.61969946697354</ele>
        <time>1970-01-01T00:50:27.700000Z</time>
        <extensions>
          <gpxtpx:TrackPointExtension>
            <gpxtpx:hr>162</gpxtpx:hr>
          </gpxtpx:TrackPointExtension>
        </extensions>
      </trkpt>
      <trkpt lat="28.80022684913417" lon="115.8751870729962">
        <ele>34.57820366881788</ele>
        <time>1970-01-01T00:50:28.700000Z</time>
        <extensions>
          <gpxtpx:TrackPointExtension>
            <gpxtpx:hr>162</gpxtpx:hr>
          </gpxtpx:TrackPointExtension>
        </extensions>
      </trkpt>
      <trkpt lat="28.800204948357305" lon="115.87519197529298">
        <ele>34.54806723445654</ele>
        <time>1970-01-01T00:50:29.700000Z</time>
        <extensions>
          <gpxtpx:TrackPointExtension>
            <gpxtpx:hr>166</gpxtpx:hr>
          </gpxtpx:TrackPointExtension>
        </extensions>
      </trkpt>
      <trkpt lat="28.800183044054357" lon="115.87519594196462">
        <ele>34.53060449846089</ele>
        <time>1970-01-01T00:50:30.700000Z</time>
        <extensions>
          <gpxtpx:TrackPointExtension>
            <gpxtpx:hr>166</gpxtpx:hr>
          </gpxtpx:TrackPointExtension>
        </extensions>
      </trkpt>
      <trkpt lat="28.80016104223359" lon="115.87519962039613">
        <ele>34.524717358872294</ele>
        <time>1970-01-01T00:50:31.700000Z</time>
        <extensions>
          <gpxtpx:TrackPointExtension>
            <gpxtpx:hr>166</gpxtpx:hr>
          </gpxtpx:TrackPointExtension>
        </extensions>
      </trkpt>
      <trkpt lat="28.800139274203367" lon="115.87520345196985">
        <ele>34.528111996129155</ele>
        <time>1970-01-01T00:50:32.700000Z</time>
        <extensions>
          <gpxtpx:TrackPointExtension>
            <gpxtpx:hr>166</gpxtpx:hr>
          </gpxtpx:TrackPointExtension>
        </extensions>
      </trkpt>
      <trkpt lat="28.800117654970805" lon="115.87520761039433">
        <ele>34.53813209105283</ele>
        <time>1970-01-01T00:50:33.700000Z</time>
        <extensions>
          <gpxtpx:TrackPointExtension>
            <gpxtpx:hr>166</gpxtpx:hr>
          </gpxtpx:TrackPointExtension>
        </extensions>
      </trkpt>
      <trkpt lat="28.80009586320045" lon="115.87521150970449">
        <ele>34.5520899053663</ele>
        <time>1970-01-01T00:50:34.700000Z</time>
        <extensions>
          <gpxtpx:TrackPointExtension>
            <gpxtpx:hr>166</gpxtpx:hr>
          </gpxtpx:TrackPointExtension>
        </extensions>
      </trkpt>
      <trkpt lat="28.800073783192538" lon="115.87521497848273">
        <ele>34.56760201603174</ele>
        <time>1970-01-01T00:50:35.700000Z</time>
        <extensions>
          <gpxtpx:TrackPointExtension>
            <gpxtpx:hr>166</gpxtpx:hr>
          </gpxtpx:TrackPointExtension>
        </extensions>
      </trkpt>
      <trkpt lat="28.800051596531752" lon="115.87521842961992">
        <ele>34.5827202424407</ele>
        <time>1970-01-01T00:50:36.700000Z</time>
        <extensions>
          <gpxtpx:TrackPointExtension>
            <gpxtpx:hr>166</gpxtpx:hr>
          </gpxtpx:TrackPointExtension>
        </extensions>
      </trkpt>
      <trkpt lat="28.80002967708457" lon="115.87522243356484">
        <ele>34.59586735907942</ele>
        <time>1970-01-01T00:50:37.700000Z</time>
        <extensions>
          <gpxtpx:TrackPointExtension>
            <gpxtpx:hr>166</gpxtpx:hr>
          </gpxtpx:TrackPointExtension>
        </extensions>
      </trkpt>
      <trkpt lat="28.80000811715033" lon="115.875227078784">
        <ele>34.60602162126452</ele>
        <time>1970-01-01T00:50:38.700000Z</time>
        <extensions>
          <gpxtpx:TrackPointExtension>
            <gpxtpx:hr>166</gpxtpx:hr>
          </gpxtpx:TrackPointExtension>
        </extensions>
      </trkpt>
      <trkpt lat="28.79998671203532" lon="115.87523185322395">
        <ele>34.61263174936175</ele>
        <time>1970-01-01T00:50:39.700000Z</time>
        <extensions>
          <gpxtpx:TrackPointExtension>
            <gpxtpx:hr>166</gpxtpx:hr>
          </gpxtpx:TrackPointExtension>
        </extensions>
      </trkpt>
      <trkpt lat="28.799965285256985" lon="115.87523681485598">
        <ele>34.61546966340393</ele>
        <time>1970-01-01T00:50:40.700000Z</time>
        <extensions>
          <gpxtpx:TrackPointExtension>
            <gpxtpx:hr>166</gpxtpx:hr>
          </gpxtpx:TrackPointExtension>
        </extensions>
      </trkpt>
      <trkpt lat="28.799944173528214" lon="115.87524219903138">
        <ele>34.61444386281073</ele>
        <time>1970-01-01T00:50:41.700000Z</time>
        <extensions>
          <gpxtpx:TrackPointExtension>
            <gpxtpx:hr>166</gpxtpx:hr>
          </gpxtpx:TrackPointExtension>
        </extensions>
      </trkpt>
      <trkpt lat="28.79992322481345" lon="115.87524814183445">
        <ele>34.60941744502634</ele>
        <time>1970-01-01T00:50:42.700000Z</time>
        <extensions>
          <gpxtpx:TrackPointExtension>
            <gpxtpx:hr>167</gpxtpx:hr>
          </gpxtpx:TrackPointExtension>
        </extensions>
      </trkpt>
      <trkpt lat="28.7999003629828" lon="115.87525505303462">
        <ele>34.600287423469126</ele>
        <time>1970-01-01T00:50:43.700000Z</time>
        <extensions>
          <gpxtpx:TrackPointExtension>
            <gpxtpx:hr>167</gpxtpx:hr>
          </gpxtpx:TrackPointExtension>
        </extensions>
      </trkpt>
      <trkpt lat="28.799877612001875" lon="115.8752618456329">
        <ele>34.58701530098915</ele>
        <time>1970-01-01T00:50:44.700000Z</time>
        <extensions>
          <gpxtpx:TrackPointExtension>
            <gpxtpx:hr>167</gpxtpx:hr>
          </gpxtpx:TrackPointExtension>
        </extensions>
      </trkpt>
      <trkpt lat="28.799854882317934" lon="115.87526894593772">
        <ele>34.56967845093459</ele>
        <time>1970-01-01T00:50:45.700000Z</time>
        <extensions>
          <gpxtpx:TrackPointExtension>
            <gpxtpx:hr>167</gpxtpx:hr>
          </gpxtpx:TrackPointExtension>
        </extensions>
      </trkpt>
      <trkpt lat="28.799832302703496" lon="115.87527620802807">
        <ele>34.548491509631276</ele>
        <time>1970-01-01T00:50:46.700000Z</time>
        <extensions>
          <gpxtpx:TrackPointExtension>
            <gpxtpx:hr>169</gpxtpx:hr>
          </gpxtpx:TrackPointExtension>
        </extensions>
      </trkpt>
      <trkpt lat="28.799809278392416" lon="115.87528341480198">
        <ele>34.52369855064899</ele>
        <time>1970-01-01T00:50:47.700000Z</time>
        <extensions>
          <gpxtpx:TrackPointExtension>
            <gpxtpx:hr>169</gpxtpx:hr>
          </gpxtpx:TrackPointExtension>
        </extensions>
      </trkpt>
      <trkpt lat="28.799785434637016" lon="115.87529058192725">
        <ele>34.495617480017245</ele>
        <time>1970-01-01T00:50:48.700000Z</time>
        <extensions>
          <gpxtpx:TrackPointExtension>
            <gpxtpx:hr>169</gpxtpx:hr>
          </gpxtpx:TrackPointExtension>
        </extensions>
      </trkpt>
      <trkpt lat="28.799761004255608" lon="115.87529773935266">
        <ele>34.464594532735646</ele>
        <time>1970-01-01T00:50:49.700000Z</time>
        <extensions>
          <gpxtpx:TrackPointExtension>
            <gpxtpx:hr>169</gpxtpx:hr>
          </gpxtpx:TrackPointExtension>
        </extensions>
      </trkpt>
      <trkpt lat="28.799736377819183" lon="115.87530519396154">
        <ele>34.430972463451326</ele>
        <time>1970-01-01T00:50:50.700000Z</time>
        <extensions>
          <gpxtpx:TrackPointExtension>
            <gpxtpx:hr>169</gpxtpx:hr>
          </gpxtpx:TrackPointExtension>
        </extensions>
      </trkpt>
      <trkpt lat="28.79971181463295" lon="115.87531312588567">
        <ele>34.395064091309905</ele>
        <time>1970-01-01T00:50:51.700000Z</time>
        <extensions>
          <gpxtpx:TrackPointExtension>
            <gpxtpx:hr>169</gpxtpx:hr>
          </gpxtpx:TrackPointExtension>
        </extensions>
      </trkpt>
      <trkpt lat="28.799687649491464" lon="115.87532120841678">
        <ele>34.35718497261405</ele>
        <time>1970-01-01T00:50:52.700000Z</time>
        <extensions>
          <gpxtpx:TrackPointExtension>
            <gpxtpx:hr>171</gpxtpx:hr>
          </gpxtpx:TrackPointExtension>
        </extensions>
      </trkpt>
      <trkpt lat="28.799663728340327" lon="115.87532867985483">
        <ele>34.31764051038772</ele>
        <time>1970-01-01T00:50:53.600000Z</time>
        <extensions>
          <gpxtpx:TrackPointExtension>
            <gpxtpx:hr>171</gpxtpx:hr>
          </gpxtpx:TrackPointExtension>
        </extensions>
      </trkpt>
      <trkpt lat="28.799640067996002" lon="115.87533530016252">
        <ele>34.27657499257475</ele>
        <time>1970-01-01T00:50:54.600000Z</time>
        <extensions>
          <gpxtpx:TrackPointExtension>
            <gpxtpx:hr>171</gpxtpx:hr>
          </gpxtpx:TrackPointExtension>
        </extensions>
      </trkpt>
      <trkpt lat="28.799616892454686" lon="115.8753415257303">
        <ele>34.23422886244953</ele>
        <time>1970-01-01T00:50:55.600000Z</time>
        <extensions>
          <gpxtpx:TrackPointExtension>
            <gpxtpx:hr>171</gpxtpx:hr>
          </gpxtpx:TrackPointExtension>
        </extensions>
      </trkpt>
      <trkpt lat="28.79959422565282" lon="115.87534777470113">
        <ele>34.19075330439955</ele>
        <time>1970-01-01T00:50:56.600000Z</time>
        <extensions>
          <gpxtpx:TrackPointExtension>
            <gpxtpx:hr>171</gpxtpx:hr>
          </gpxtpx:TrackPointExtension>
        </extensions>
      </trkpt>
      <trkpt lat="28.799571403393294" lon="115.87535406581286">
        <ele>34.14646954275668</ele>
        <time>1970-01-01T00:50:57.600000Z</time>
        <extensions>
          <gpxtpx:TrackPointExtension>
            <gpxtpx:hr>171</gpxtpx:hr>
          </gpxtpx:TrackPointExtension>
        </extensions>
      </trkpt>
      <trkpt lat="28.799547758529034" lon="115.87536088780534">
        <ele>34.10175429750234</ele>
        <time>1970-01-01T00:50:58.600000Z</time>
        <extensions>
          <gpxtpx:TrackPointExtension>
            <gpxtpx:hr>169</gpxtpx:hr>
          </gpxtpx:TrackPointExtension>
        </extensions>
      </trkpt>
      <trkpt lat="28.799523694465137" lon="115.8753683455762">
        <ele>34.05703700706363</ele>
        <time>1970-01-01T00:50:59.600000Z</time>
        <extensions>
          <gpxtpx:TrackPointExtension>
            <gpxtpx:hr>169</gpxtpx:hr>
          </gpxtpx:TrackPointExtension>
        </extensions>
      </trkpt>
      <trkpt lat="28.799499915929175" lon="115.87537553748285">
        <ele>34.0128991920501</ele>
        <time>1970-01-01T00:51:00.600000Z</time>
        <extensions>
          <gpxtpx:TrackPointExtension>
            <gpxtpx:hr>169</gpxtpx:hr>
          </gpxtpx:TrackPointExtension>
        </extensions>
      </trkpt>
      <trkpt lat="28.799476433882184" lon="115.87538223372353">
        <ele>33.96986416261643</ele>
        <time>1970-01-01T00:51:01.600000Z</time>
        <extensions>
          <gpxtpx:TrackPointExtension>
            <gpxtpx:hr>169</gpxtpx:hr>
          </gpxtpx:TrackPointExtension>
        </extensions>
      </trkpt>
      <trkpt lat="28.799453247574096" lon="115.87538850498295">
        <ele>33.92857377510518</ele>
        <time>1970-01-01T00:51:02.600000Z</time>
        <extensions>
          <gpxtpx:TrackPointExtension>
            <gpxtpx:hr>169</gpxtpx:hr>
          </gpxtpx:TrackPointExtension>
        </extensions>
      </trkpt>
      <trkpt lat="28.7994303565759" lon="115.8753943814931">
        <ele>33.8896711319685</ele>
        <time>1970-01-01T00:51:03.600000Z</time>
        <extensions>
          <gpxtpx:TrackPointExtension>
            <gpxtpx:hr>169</gpxtpx:hr>
          </gpxtpx:TrackPointExtension>
        </extensions>
      </trkpt>
      <trkpt lat="28.79940738856125" lon="115.8754002715147">
        <ele>33.853742592036724</ele>
        <time>1970-01-01T00:51:04.600000Z</time>
        <extensions>
          <gpxtpx:TrackPointExtension>
            <gpxtpx:hr>168</gpxtpx:hr>
          </gpxtpx:TrackPointExtension>
        </extensions>
      </trkpt>
      <trkpt lat="28.79938454346221" lon="115.87540635456651">
        <ele>33.82147624064237</ele>
        <time>1970-01-01T00:51:05.600000Z</time>
        <extensions>
          <gpxtpx:TrackPointExtension>
            <gpxtpx:hr>168</gpxtpx:hr>
          </gpxtpx:TrackPointExtension>
        </extensions>
      </trkpt>
      <trkpt lat="28.79936188367929" lon="115.87541245578437">
        <ele>33.79339745733887</ele>
        <time>1970-01-01T00:51:06.600000Z</time>
        <extensions>
          <gpxtpx:TrackPointExtension>
            <gpxtpx:hr>168</gpxtpx:hr>
          </gpxtpx:TrackPointExtension>
        </extensions>
      </trkpt>
      <trkpt lat="28.79933897866894" lon="115.87541883921563">
        <ele>33.77010091394186</ele>
        <time>1970-01-01T00:51:07.600000Z</time>
        <extensions>
          <gpxtpx:TrackPointExtension>
            <gpxtpx:hr>168</gpxtpx:hr>
          </gpxtpx:TrackPointExtension>
        </extensions>
      </trkpt>
      <trkpt lat="28.799315853561907" lon="115.8754252494086">
        <ele>33.75217349641025</ele>
        <time>1970-01-01T00:51:08.600000Z</time>
        <extensions>
          <gpxtpx:TrackPointExtension>
            <gpxtpx:hr>168</gpxtpx:hr>
          </gpxtpx:TrackPointExtension>
        </extensions>
      </trkpt>
      <trkpt lat="28.799292577483985" lon="115.875431441438">
        <ele>33.74006486684084</ele>
        <time>1970-01-01T00:51:09.600000Z</time>
        <extensions>
          <gpxtpx:TrackPointExtension>
            <gpxtpx:hr>168</gpxtpx:hr>
          </gpxtpx:TrackPointExtension>
        </extensions>
      </trkpt>
      <trkpt lat="28.7992690081047" lon="115.87543726021234">
        <ele>33.73426032811403</ele>
        <time>1970-01-01T00:51:10.600000Z</time>
        <extensions>
          <gpxtpx:TrackPointExtension>
            <gpxtpx:hr>168</gpxtpx:hr>
          </gpxtpx:TrackPointExtension>
        </extensions>
      </trkpt>
      <trkpt lat="28.799244731188313" lon="115.87544265204247">
        <ele>33.73512093629688</ele>
        <time>1970-01-01T00:51:11.600000Z</time>
        <extensions>
          <gpxtpx:TrackPointExtension>
            <gpxtpx:hr>168</gpxtpx:hr>
          </gpxtpx:TrackPointExtension>
        </extensions>
      </trkpt>
      <trkpt lat="28.799220510211352" lon="115.87544820904073">
        <ele>33.74295926094055</ele>
        <time>1970-01-01T00:51:12.600000Z</time>
        <extensions>
          <gpxtpx:TrackPointExtension>
            <gpxtpx:hr>169</gpxtpx:hr>
          </gpxtpx:TrackPointExtension>
        </extensions>
      </trkpt>
      <trkpt lat="28.79919671189106" lon="115.87545467479302">
        <ele>33.75805077049881</ele>
        <time>1970-01-01T00:51:13.600000Z</time>
        <extensions>
          <gpxtpx:TrackPointExtension>
            <gpxtpx:hr>169</gpxtpx:hr>
          </gpxtpx:TrackPointExtension>
        </extensions>
      </trkpt>
      <trkpt lat="28.79917327534522" lon="115.8754624132564">
        <ele>33.78056221920997</ele>
        <time>1970-01-01T00:51:14.600000Z</time>
        <extensions>
          <gpxtpx:TrackPointExtension>
            <gpxtpx:hr>169</gpxtpx:hr>
          </gpxtpx:TrackPointExtension>
        </extensions>
      </trkpt>
      <trkpt lat="28.79914994588978" lon="115.87547054158557">
        <ele>33.81056551542133</ele>
        <time>1970-01-01T00:51:15.600000Z</time>
        <extensions>
          <gpxtpx:TrackPointExtension>
            <gpxtpx:hr>169</gpxtpx:hr>
          </gpxtpx:TrackPointExtension>
        </extensions>
      </trkpt>
      <trkpt lat="28.79912625744137" lon="115.87547786105124">
        <ele>33.84799079410732</ele>
        <time>1970-01-01T00:51:16.600000Z</time>
        <extensions>
          <gpxtpx:TrackPointExtension>
            <gpxtpx:hr>169</gpxtpx:hr>
          </gpxtpx:TrackPointExtension>
        </extensions>
      </trkpt>
      <trkpt lat="28.799101921660398" lon="115.87548379465588">
        <ele>33.89251187071204</ele>
        <time>1970-01-01T00:51:17.600000Z</time>
        <extensions>
          <gpxtpx:TrackPointExtension>
            <gpxtpx:hr>169</gpxtpx:hr>
          </gpxtpx:TrackPointExtension>
        </extensions>
      </trkpt>
      <trkpt lat="28.799076775931358" lon="115.87548794224018">
        <ele>33.94353531766683</ele>
        <time>1970-01-01T00:51:18.600000Z</time>
        <extensions>
          <gpxtpx:TrackPointExtension>
            <gpxtpx:hr>169</gpxtpx:hr>
          </gpxtpx:TrackPointExtension>
        </extensions>
      </trkpt>
      <trkpt lat="28.799050775650635" lon="115.87549021914808">
        <ele>34.0003211889416</ele>
        <time>1970-01-01T00:51:19.600000Z</time>
        <extensions>
          <gpxtpx:TrackPointExtension>
            <gpxtpx:hr>169</gpxtpx:hr>
          </gpxtpx:TrackPointExtension>
        </extensions>
      </trkpt>
      <trkpt lat="28.799024342886934" lon="115.87549095079368">
        <ele>34.06201434787363</ele>
        <time>1970-01-01T00:51:20.600000Z</time>
        <extensions>
          <gpxtpx:TrackPointExtension>
            <gpxtpx:hr>167</gpxtpx:hr>
          </gpxtpx:TrackPointExtension>
        </extensions>
      </trkpt>
      <trkpt lat="28.798999043532117" lon="115.87549151616453">
        <ele>34.127725939266384</ele>
        <time>1970-01-01T00:51:21.600000Z</time>
        <extensions>
          <gpxtpx:TrackPointExtension>
            <gpxtpx:hr>167</gpxtpx:hr>
          </gpxtpx:TrackPointExtension>
        </extensions>
      </trkpt>
      <trkpt lat="28.798975207770347" lon="115.8754931255973">
        <ele>34.196500898338854</ele>
        <time>1970-01-01T00:51:22.600000Z</time>
        <extensions>
          <gpxtpx:TrackPointExtension>
            <gpxtpx:hr>167</gpxtpx:hr>
          </gpxtpx:TrackPointExtension>
        </extensions>
      </trkpt>
      <trkpt lat="28.798952283605832" lon="115.87549620108508">
        <ele>34.26725792977959</ele>
        <time>1970-01-01T00:51:23.600000Z</time>
        <extensions>
          <gpxtpx:TrackPointExtension>
            <gpxtpx:hr>167</gpxtpx:hr>
          </gpxtpx:TrackPointExtension>
        </extensions>
      </trkpt>
      <trkpt lat="28.798929507424937" lon="115.87550056391213">
        <ele>34.339030005037785</ele>
        <time>1970-01-01T00:51:24.600000Z</time>
        <extensions>
          <gpxtpx:TrackPointExtension>
            <gpxtpx:hr>167</gpxtpx:hr>
          </gpxtpx:TrackPointExtension>
        </extensions>
      </trkpt>
      <trkpt lat="28.798906316899487" lon="115.87550526715394">
        <ele>34.41073781903833</ele>
        <time>1970-01-01T00:51:25.600000Z</time>
        <extensions>
          <gpxtpx:TrackPointExtension>
            <gpxtpx:hr>167</gpxtpx:hr>
          </gpxtpx:TrackPointExtension>
        </extensions>
      </trkpt>
      <trkpt lat="28.798882370440335" lon="115.87551012637662">
        <ele>34.48142163362354</ele>
        <time>1970-01-01T00:51:26.600000Z</time>
        <extensions>
          <gpxtpx:TrackPointExtension>
            <gpxtpx:hr>167</gpxtpx:hr>
          </gpxtpx:TrackPointExtension>
        </extensions>
      </trkpt>
      <trkpt lat="28.798857843935888" lon="115.8755147342614">
        <ele>34.55028686206788</ele>
        <time>1970-01-01T00:51:27.600000Z</time>
        <extensions>
          <gpxtpx:TrackPointExtension>
            <gpxtpx:hr>166</gpxtpx:hr>
          </gpxtpx:TrackPointExtension>
        </extensions>
      </trkpt>
      <trkpt lat="28.798833317279726" lon="115.87551856282563">
        <ele>34.61652093194425</ele>
        <time>1970-01-01T00:51:28.600000Z</time>
        <extensions>
          <gpxtpx:TrackPointExtension>
            <gpxtpx:hr>166</gpxtpx:hr>
          </gpxtpx:TrackPointExtension>
        </extensions>
      </trkpt>
      <trkpt lat="28.7988089115958" lon="115.87552201068038">
        <ele>34.67944596428424</ele>
        <time>1970-01-01T00:51:29.600000Z</time>
        <extensions>
          <gpxtpx:TrackPointExtension>
            <gpxtpx:hr>166</gpxtpx:hr>
          </gpxtpx:TrackPointExtension>
        </extensions>
      </trkpt>
      <trkpt lat="28.798785127885722" lon="115.8755257066622">
        <ele>34.73825887218118</ele>
        <time>1970-01-01T00:51:30.600000Z</time>
        <extensions>
          <gpxtpx:TrackPointExtension>
            <gpxtpx:hr>166</gpxtpx:hr>
          </gpxtpx:TrackPointExtension>
        </extensions>
      </trkpt>
      <trkpt lat="28.79876198264465" lon="115.8755291251528">
        <ele>34.792151228524745</ele>
        <time>1970-01-01T00:51:31.600000Z</time>
        <extensions>
          <gpxtpx:TrackPointExtension>
            <gpxtpx:hr>166</gpxtpx:hr>
          </gpxtpx:TrackPointExtension>
        </extensions>
      </trkpt>
      <trkpt lat="28.798739232390297" lon="115.87553166403032">
        <ele>34.840432804077864</ele>
        <time>1970-01-01T00:51:32.600000Z</time>
        <extensions>
          <gpxtpx:TrackPointExtension>
            <gpxtpx:hr>166</gpxtpx:hr>
          </gpxtpx:TrackPointExtension>
        </extensions>
      </trkpt>
      <trkpt lat="28.798716810864942" lon="115.8755340455703">
        <ele>34.882442969828844</ele>
        <time>1970-01-01T00:51:33.600000Z</time>
        <extensions>
          <gpxtpx:TrackPointExtension>
            <gpxtpx:hr>166</gpxtpx:hr>
          </gpxtpx:TrackPointExtension>
        </extensions>
      </trkpt>
      <trkpt lat="28.798693827533707" lon="115.8755368959353">
        <ele>34.9177329223603</ele>
        <time>1970-01-01T00:51:34.600000Z</time>
        <extensions>
          <gpxtpx:TrackPointExtension>
            <gpxtpx:hr>166</gpxtpx:hr>
          </gpxtpx:TrackPointExtension>
        </extensions>
      </trkpt>
      <trkpt lat="28.79867038414225" lon="115.87553989273233">
        <ele>34.945987588725984</ele>
        <time>1970-01-01T00:51:35.600000Z</time>
        <extensions>
          <gpxtpx:TrackPointExtension>
            <gpxtpx:hr>166</gpxtpx:hr>
          </gpxtpx:TrackPointExtension>
        </extensions>
      </trkpt>
      <trkpt lat="28.798646860009956" lon="115.87554257341398">
        <ele>34.96703945752233</ele>
        <time>1970-01-01T00:51:36.600000Z</time>
        <extensions>
          <gpxtpx:TrackPointExtension>
            <gpxtpx:hr>166</gpxtpx:hr>
          </gpxtpx:TrackPointExtension>
        </extensions>
      </trkpt>
      <trkpt lat="28.798623639661596" lon="115.87554529778049">
        <ele>34.98092717025429</ele>
        <time>1970-01-01T00:51:37.600000Z</time>
        <extensions>
          <gpxtpx:TrackPointExtension>
            <gpxtpx:hr>166</gpxtpx:hr>
          </gpxtpx:TrackPointExtension>
        </extensions>
      </trkpt>
      <trkpt lat="28.798600877173442" lon="115.8755483612852">
        <ele>34.98774248175323</ele>
        <time>1970-01-01T00:51:38.600000Z</time>
        <extensions>
          <gpxtpx:TrackPointExtension>
            <gpxtpx:hr>166</gpxtpx:hr>
          </gpxtpx:TrackPointExtension>
        </extensions>
      </trkpt>
      <trkpt lat="28.798578328990722" lon="115.87555157183336">
        <ele>34.98774073459208</ele>
        <time>1970-01-01T00:51:39.600000Z</time>
        <extensions>
          <gpxtpx:TrackPointExtension>
            <gpxtpx:hr>166</gpxtpx:hr>
          </gpxtpx:TrackPointExtension>
        </extensions>
      </trkpt>
      <trkpt lat="28.79855600744168" lon="115.87555433277613">
        <ele>34.98124422878027</ele>
        <time>1970-01-01T00:51:40.600000Z</time>
        <extensions>
          <gpxtpx:TrackPointExtension>
            <gpxtpx:hr>166</gpxtpx:hr>
          </gpxtpx:TrackPointExtension>
        </extensions>
      </trkpt>
      <trkpt lat="28.79853352107412" lon="115.87555624242876">
        <ele>34.96859401650727</ele>
        <time>1970-01-01T00:51:41.600000Z</time>
        <extensions>
          <gpxtpx:TrackPointExtension>
            <gpxtpx:hr>166</gpxtpx:hr>
          </gpxtpx:TrackPointExtension>
        </extensions>
      </trkpt>
      <trkpt lat="28.798510954914065" lon="115.8755572089925">
        <ele>34.950214457698166</ele>
        <time>1970-01-01T00:51:42.600000Z</time>
        <extensions>
          <gpxtpx:TrackPointExtension>
            <gpxtpx:hr>166</gpxtpx:hr>
          </gpxtpx:TrackPointExtension>
        </extensions>
      </trkpt>
      <trkpt lat="28.798488310792898" lon="115.87555763785437">
        <ele>34.92639688029885</ele>
        <time>1970-01-01T00:51:43.600000Z</time>
        <extensions>
          <gpxtpx:TrackPointExtension>
            <gpxtpx:hr>166</gpxtpx:hr>
          </gpxtpx:TrackPointExtension>
        </extensions>
      </trkpt>
      <trkpt lat="28.79846617048416" lon="115.87555846730827">
        <ele>34.89741025026888</ele>
        <time>1970-01-01T00:51:44.600000Z</time>
        <extensions>
          <gpxtpx:TrackPointExtension>
            <gpxtpx:hr>166</gpxtpx:hr>
          </gpxtpx:TrackPointExtension>
        </extensions>
      </trkpt>
      <trkpt lat="28.798445354142487" lon="115.87555975134882">
        <ele>34.86349955108017</ele>
        <time>1970-01-01T00:51:45.600000Z</time>
        <extensions>
          <gpxtpx:TrackPointExtension>
            <gpxtpx:hr>166</gpxtpx:hr>
          </gpxtpx:TrackPointExtension>
        </extensions>
      </trkpt>
      <trkpt lat="28.79842566768645" lon="115.87556089237961">
        <ele>34.8248891858384</ele>
        <time>1970-01-01T00:51:46.600000Z</time>
        <extensions>
          <gpxtpx:TrackPointExtension>
            <gpxtpx:hr>168</gpxtpx:hr>
          </gpxtpx:TrackPointExtension>
        </extensions>
      </trkpt>
      <trkpt lat="28.798406042776993" lon="115.87556131229348">
        <ele>34.781716289930046</ele>
        <time>1970-01-01T00:51:47.600000Z</time>
        <extensions>
          <gpxtpx:TrackPointExtension>
            <gpxtpx:hr>168</gpxtpx:hr>
          </gpxtpx:TrackPointExtension>
        </extensions>
      </trkpt>
      <trkpt lat="28.79838567011489" lon="115.87556126911858">
        <ele>34.73430536687374</ele>
        <time>1970-01-01T00:51:48.600000Z</time>
        <extensions>
          <gpxtpx:TrackPointExtension>
            <gpxtpx:hr>168</gpxtpx:hr>
          </gpxtpx:TrackPointExtension>
        </extensions>
      </trkpt>
      <trkpt lat="28.798364448411085" lon="115.87556152307266">
        <ele>34.68300535529852</ele>
        <time>1970-01-01T00:51:49.600000Z</time>
        <extensions>
          <gpxtpx:TrackPointExtension>
            <gpxtpx:hr>168</gpxtpx:hr>
          </gpxtpx:TrackPointExtension>
        </extensions>
      </trkpt>
      <trkpt lat="28.798342195537916" lon="115.87556191297817">
        <ele>34.628252350725234</ele>
        <time>1970-01-01T00:51:50.600000Z</time>
        <extensions>
          <gpxtpx:TrackPointExtension>
            <gpxtpx:hr>169</gpxtpx:hr>
          </gpxtpx:TrackPointExtension>
        </extensions>
      </trkpt>
      <trkpt lat="28.79831906814643" lon="115.87556174002607">
        <ele>34.57068002875894</ele>
        <time>1970-01-01T00:51:51.600000Z</time>
        <extensions>
          <gpxtpx:TrackPointExtension>
            <gpxtpx:hr>169</gpxtpx:hr>
          </gpxtpx:TrackPointExtension>
        </extensions>
      </trkpt>
      <trkpt lat="28.79829512999772" lon="115.87556145024675">
        <ele>34.51110232062638</ele>
        <time>1970-01-01T00:51:52.600000Z</time>
        <extensions>
          <gpxtpx:TrackPointExtension>
            <gpxtpx:hr>169</gpxtpx:hr>
          </gpxtpx:TrackPointExtension>
        </extensions>
      </trkpt>
      <trkpt lat="28.79827047456195" lon="115.8755619002908">
        <ele>34.45041927322745</ele>
        <time>1970-01-01T00:51:53.600000Z</time>
        <extensions>
          <gpxtpx:TrackPointExtension>
            <gpxtpx:hr>169</gpxtpx:hr>
          </gpxtpx:TrackPointExtension>
        </extensions>
      </trkpt>
      <trkpt lat="28.79824516348786" lon="115.87556331627738">
        <ele>34.3895739428699</ele>
        <time>1970-01-01T00:51:54.600000Z</time>
        <extensions>
          <gpxtpx:TrackPointExtension>
            <gpxtpx:hr>169</gpxtpx:hr>
          </gpxtpx:TrackPointExtension>
        </extensions>
      </trkpt>
      <trkpt lat="28.798219445847273" lon="115.87556564798211">
        <ele>34.32948329485953</ele>
        <time>1970-01-01T00:51:55.600000Z</time>
        <extensions>
          <gpxtpx:TrackPointExtension>
            <gpxtpx:hr>169</gpxtpx:hr>
          </gpxtpx:TrackPointExtension>
        </extensions>
      </trkpt>
      <trkpt lat="28.798193872957803" lon="115.87556794444522">
        <ele>34.27109372802079</ele>
        <time>1970-01-01T00:51:56.600000Z</time>
        <extensions>
          <gpxtpx:TrackPointExtension>
            <gpxtpx:hr>169</gpxtpx:hr>
          </gpxtpx:TrackPointExtension>
        </extensions>
      </trkpt>
      <trkpt lat="28.79816842766246" lon="115.87556964981336">
        <ele>34.21512852422893</ele>
        <time>1970-01-01T00:51:57.600000Z</time>
        <extensions>
          <gpxtpx:TrackPointExtension>
            <gpxtpx:hr>167</gpxtpx:hr>
          </gpxtpx:TrackPointExtension>
        </extensions>
      </trkpt>
      <trkpt lat="28.798143014662056" lon="115.87557112882062">
        <ele>34.162010912783444</ele>
        <time>1970-01-01T00:51:58.600000Z</time>
        <extensions>
          <gpxtpx:TrackPointExtension>
            <gpxtpx:hr>167</gpxtpx:hr>
          </gpxtpx:TrackPointExtension>
        </extensions>
      </trkpt>
      <trkpt lat="28.79811752961928" lon="115.87557261248226">
        <ele>34.111878662370145</ele>
        <time>1970-01-01T00:51:59.600000Z</time>
        <extensions>
          <gpxtpx:TrackPointExtension>
            <gpxtpx:hr>167</gpxtpx:hr>
          </gpxtpx:TrackPointExtension>
        </extensions>
      </trkpt>
      <trkpt lat="28.79809188200992" lon="115.87557378335518">
        <ele>34.064642203971744</ele>
        <time>1970-01-01T00:52:00.600000Z</time>
        <extensions>
          <gpxtpx:TrackPointExtension>
            <gpxtpx:hr>167</gpxtpx:hr>
          </gpxtpx:TrackPointExtension>
        </extensions>
      </trkpt>
      <trkpt lat="28.798066248276125" lon="115.87557419663872">
        <ele>34.02013788558543</ele>
        <time>1970-01-01T00:52:01.600000Z</time>
        <extensions>
          <gpxtpx:TrackPointExtension>
            <gpxtpx:hr>167</gpxtpx:hr>
          </gpxtpx:TrackPointExtension>
        </extensions>
      </trkpt>
      <trkpt lat="28.798041345555063" lon="115.87557458393759">
        <ele>33.97955568507314</ele>
        <time>1970-01-01T00:52:02.600000Z</time>
        <extensions>
          <gpxtpx:TrackPointExtension>
            <gpxtpx:hr>167</gpxtpx:hr>
          </gpxtpx:TrackPointExtension>
        </extensions>
      </trkpt>
      <trkpt lat="28.798016968222214" lon="115.87557563409415">
        <ele>33.939885107800364</ele>
        <time>1970-01-01T00:52:03.600000Z</time>
        <extensions>
          <gpxtpx:TrackPointExtension>
            <gpxtpx:hr>167</gpxtpx:hr>
          </gpxtpx:TrackPointExtension>
        </extensions>
      </trkpt>
      <trkpt lat="28.797993041316417" lon="115.87557675933608">
        <ele>33.90348370466381</ele>
        <time>1970-01-01T00:52:04.600000Z</time>
        <extensions>
          <gpxtpx:TrackPointExtension>
            <gpxtpx:hr>167</gpxtpx:hr>
          </gpxtpx:TrackPointExtension>
        </extensions>
      </trkpt>
      <trkpt lat="28.79796968140312" lon="115.87557721062606">
        <ele>33.86700805276632</ele>
        <time>1970-01-01T00:52:05.600000Z</time>
        <extensions>
          <gpxtpx:TrackPointExtension>
            <gpxtpx:hr>167</gpxtpx:hr>
          </gpxtpx:TrackPointExtension>
        </extensions>
      </trkpt>
      <trkpt lat="28.797946144062696" lon="115.87557716169714">
        <ele>33.83134975191206</ele>
        <time>1970-01-01T00:52:06.600000Z</time>
        <extensions>
          <gpxtpx:TrackPointExtension>
            <gpxtpx:hr>167</gpxtpx:hr>
          </gpxtpx:TrackPointExtension>
        </extensions>
      </trkpt>
      <trkpt lat="28.797921968690655" lon="115.87557722243261">
        <ele>33.79796615522355</ele>
        <time>1970-01-01T00:52:07.600000Z</time>
        <extensions>
          <gpxtpx:TrackPointExtension>
            <gpxtpx:hr>167</gpxtpx:hr>
          </gpxtpx:TrackPointExtension>
        </extensions>
      </trkpt>
      <trkpt lat="28.79789721267801" lon="115.8755777041287">
        <ele>33.765206303447485</ele>
        <time>1970-01-01T00:52:08.600000Z</time>
        <extensions>
          <gpxtpx:TrackPointExtension>
            <gpxtpx:hr>167</gpxtpx:hr>
          </gpxtpx:TrackPointExtension>
        </extensions>
      </trkpt>
      <trkpt lat="28.797872599812873" lon="115.87557831589373">
        <ele>33.73395909368992</ele>
        <time>1970-01-01T00:52:09.600000Z</time>
        <extensions>
          <gpxtpx:TrackPointExtension>
            <gpxtpx:hr>169</gpxtpx:hr>
          </gpxtpx:TrackPointExtension>
        </extensions>
      </trkpt>
      <trkpt lat="28.797848433476023" lon="115.87557860366485">
        <ele>33.70393691305071</ele>
        <time>1970-01-01T00:52:10.600000Z</time>
        <extensions>
          <gpxtpx:TrackPointExtension>
            <gpxtpx:hr>169</gpxtpx:hr>
          </gpxtpx:TrackPointExtension>
        </extensions>
      </trkpt>
      <trkpt lat="28.797824074427265" lon="115.8755785441613">
        <ele>33.6764543550089</ele>
        <time>1970-01-01T00:52:11.600000Z</time>
        <extensions>
          <gpxtpx:TrackPointExtension>
            <gpxtpx:hr>169</gpxtpx:hr>
          </gpxtpx:TrackPointExtension>
        </extensions>
      </trkpt>
      <trkpt lat="28.797799412751832" lon="115.8755782745029">
        <ele>33.65079302713275</ele>
        <time>1970-01-01T00:52:12.600000Z</time>
        <extensions>
          <gpxtpx:TrackPointExtension>
            <gpxtpx:hr>169</gpxtpx:hr>
          </gpxtpx:TrackPointExtension>
        </extensions>
      </trkpt>
      <trkpt lat="28.79777450366648" lon="115.8755780094839">
        <ele>33.62746514007449</ele>
        <time>1970-01-01T00:52:13.600000Z</time>
        <extensions>
          <gpxtpx:TrackPointExtension>
            <gpxtpx:hr>169</gpxtpx:hr>
          </gpxtpx:TrackPointExtension>
        </extensions>
      </trkpt>
      <trkpt lat="28.797748922502493" lon="115.87557800185907">
        <ele>33.6069594733417</ele>
        <time>1970-01-01T00:52:14.600000Z</time>
        <extensions>
          <gpxtpx:TrackPointExtension>
            <gpxtpx:hr>169</gpxtpx:hr>
          </gpxtpx:TrackPointExtension>
        </extensions>
      </trkpt>
      <trkpt lat="28.79772272034662" lon="115.87557843161805">
        <ele>33.5866717081517</ele>
        <time>1970-01-01T00:52:15.600000Z</time>
        <extensions>
          <gpxtpx:TrackPointExtension>
            <gpxtpx:hr>169</gpxtpx:hr>
          </gpxtpx:TrackPointExtension>
        </extensions>
      </trkpt>
      <trkpt lat="28.79769610752866" lon="115.87557883128298">
        <ele>33.56796253379434</ele>
        <time>1970-01-01T00:52:16.600000Z</time>
        <extensions>
          <gpxtpx:TrackPointExtension>
            <gpxtpx:hr>169</gpxtpx:hr>
          </gpxtpx:TrackPointExtension>
        </extensions>
      </trkpt>
      <trkpt lat="28.797669549547923" lon="115.87557880647923">
        <ele>33.54797140788287</ele>
        <time>1970-01-01T00:52:17.600000Z</time>
        <extensions>
          <gpxtpx:TrackPointExtension>
            <gpxtpx:hr>169</gpxtpx:hr>
          </gpxtpx:TrackPointExtension>
        </extensions>
      </trkpt>
      <trkpt lat="28.797643163218364" lon="115.87557852343622">
        <ele>33.52885199338198</ele>
        <time>1970-01-01T00:52:18.600000Z</time>
        <extensions>
          <gpxtpx:TrackPointExtension>
            <gpxtpx:hr>169</gpxtpx:hr>
          </gpxtpx:TrackPointExtension>
        </extensions>
      </trkpt>
      <trkpt lat="28.79761668022928" lon="115.87557826255163">
        <ele>33.51110369991511</ele>
        <time>1970-01-01T00:52:19.600000Z</time>
        <extensions>
          <gpxtpx:TrackPointExtension>
            <gpxtpx:hr>169</gpxtpx:hr>
          </gpxtpx:TrackPointExtension>
        </extensions>
      </trkpt>
      <trkpt lat="28.79759051763379" lon="115.8755783106948">
        <ele>33.49106076173484</ele>
        <time>1970-01-01T00:52:20.600000Z</time>
        <extensions>
          <gpxtpx:TrackPointExtension>
            <gpxtpx:hr>169</gpxtpx:hr>
          </gpxtpx:TrackPointExtension>
        </extensions>
      </trkpt>
      <trkpt lat="28.797564852917567" lon="115.87557825452294">
        <ele>33.47183580044657</ele>
        <time>1970-01-01T00:52:21.600000Z</time>
        <extensions>
          <gpxtpx:TrackPointExtension>
            <gpxtpx:hr>169</gpxtpx:hr>
          </gpxtpx:TrackPointExtension>
        </extensions>
      </trkpt>
      <trkpt lat="28.797539658967104" lon="115.87557762772722">
        <ele>33.449704395607114</ele>
        <time>1970-01-01T00:52:22.600000Z</time>
        <extensions>
          <gpxtpx:TrackPointExtension>
            <gpxtpx:hr>170</gpxtpx:hr>
          </gpxtpx:TrackPointExtension>
        </extensions>
      </trkpt>
      <trkpt lat="28.797514613130677" lon="115.87557596264219">
        <ele>33.428311449475586</ele>
        <time>1970-01-01T00:52:23.600000Z</time>
        <extensions>
          <gpxtpx:TrackPointExtension>
            <gpxtpx:hr>170</gpxtpx:hr>
          </gpxtpx:TrackPointExtension>
        </extensions>
      </trkpt>
      <trkpt lat="28.79748938863325" lon="115.87557337660469">
        <ele>33.40825887490064</ele>
        <time>1970-01-01T00:52:24.600000Z</time>
        <extensions>
          <gpxtpx:TrackPointExtension>
            <gpxtpx:hr>170</gpxtpx:hr>
          </gpxtpx:TrackPointExtension>
        </extensions>
      </trkpt>
      <trkpt lat="28.797463785360506" lon="115.875570825504">
        <ele>33.3851664531976</ele>
        <time>1970-01-01T00:52:25.600000Z</time>
        <extensions>
          <gpxtpx:TrackPointExtension>
            <gpxtpx:hr>170</gpxtpx:hr>
          </gpxtpx:TrackPointExtension>
        </extensions>
      </trkpt>
      <trkpt lat="28.797437625312675" lon="115.87556867401153">
        <ele>33.363385658711195</ele>
        <time>1970-01-01T00:52:26.600000Z</time>
        <extensions>
          <gpxtpx:TrackPointExtension>
            <gpxtpx:hr>170</gpxtpx:hr>
          </gpxtpx:TrackPointExtension>
        </extensions>
      </trkpt>
      <trkpt lat="28.797411130352952" lon="115.87556651696002">
        <ele>33.33839317597449</ele>
        <time>1970-01-01T00:52:27.600000Z</time>
        <extensions>
          <gpxtpx:TrackPointExtension>
            <gpxtpx:hr>170</gpxtpx:hr>
          </gpxtpx:TrackPointExtension>
        </extensions>
      </trkpt>
      <trkpt lat="28.797384390751258" lon="115.87556414245557">
        <ele>33.31477442663163</ele>
        <time>1970-01-01T00:52:28.600000Z</time>
        <extensions>
          <gpxtpx:TrackPointExtension>
            <gpxtpx:hr>169</gpxtpx:hr>
          </gpxtpx:TrackPointExtension>
        </extensions>
      </trkpt>
      <trkpt lat="28.7973580079614" lon="115.87556211959051">
        <ele>33.29298571124673</ele>
        <time>1970-01-01T00:52:29.600000Z</time>
        <extensions>
          <gpxtpx:TrackPointExtension>
            <gpxtpx:hr>169</gpxtpx:hr>
          </gpxtpx:TrackPointExtension>
        </extensions>
      </trkpt>
      <trkpt lat="28.79733227536995" lon="115.87556098421598">
        <ele>33.26789426803589</ele>
        <time>1970-01-01T00:52:30.600000Z</time>
        <extensions>
          <gpxtpx:TrackPointExtension>
            <gpxtpx:hr>169</gpxtpx:hr>
          </gpxtpx:TrackPointExtension>
        </extensions>
      </trkpt>
      <trkpt lat="28.79730691387848" lon="115.87556108533214">
        <ele>33.2445655297488</ele>
        <time>1970-01-01T00:52:31.600000Z</time>
        <extensions>
          <gpxtpx:TrackPointExtension>
            <gpxtpx:hr>169</gpxtpx:hr>
          </gpxtpx:TrackPointExtension>
        </extensions>
      </trkpt>
      <trkpt lat="28.79728135221736" lon="115.87556182051773">
        <ele>33.2178400978446</ele>
        <time>1970-01-01T00:52:32.600000Z</time>
        <extensions>
          <gpxtpx:TrackPointExtension>
            <gpxtpx:hr>169</gpxtpx:hr>
          </gpxtpx:TrackPointExtension>
        </extensions>
      </trkpt>
      <trkpt lat="28.7972553152092" lon="115.87556217996682">
        <ele>33.192910567857325</ele>
        <time>1970-01-01T00:52:33.600000Z</time>
        <extensions>
          <gpxtpx:TrackPointExtension>
            <gpxtpx:hr>169</gpxtpx:hr>
          </gpxtpx:TrackPointExtension>
        </extensions>
      </trkpt>
      <trkpt lat="28.79722866212796" lon="115.87556167167313">
        <ele>33.17010794021189</ele>
        <time>1970-01-01T00:52:34.600000Z</time>
        <extensions>
          <gpxtpx:TrackPointExtension>
            <gpxtpx:hr>169</gpxtpx:hr>
          </gpxtpx:TrackPointExtension>
        </extensions>
      </trkpt>
      <trkpt lat="28.797201414999634" lon="115.87556006012454">
        <ele>33.14375826064497</ele>
        <time>1970-01-01T00:52:35.600000Z</time>
        <extensions>
          <gpxtpx:TrackPointExtension>
            <gpxtpx:hr>169</gpxtpx:hr>
          </gpxtpx:TrackPointExtension>
        </extensions>
      </trkpt>
      <trkpt lat="28.797174221141994" lon="115.8755573791053">
        <ele>33.11945983208716</ele>
        <time>1970-01-01T00:52:36.600000Z</time>
        <extensions>
          <gpxtpx:TrackPointExtension>
            <gpxtpx:hr>169</gpxtpx:hr>
          </gpxtpx:TrackPointExtension>
        </extensions>
      </trkpt>
      <trkpt lat="28.797146855563007" lon="115.8755538175096">
        <ele>33.09748082142323</ele>
        <time>1970-01-01T00:52:37.600000Z</time>
        <extensions>
          <gpxtpx:TrackPointExtension>
            <gpxtpx:hr>169</gpxtpx:hr>
          </gpxtpx:TrackPointExtension>
        </extensions>
      </trkpt>
      <trkpt lat="28.7971196087528" lon="115.8755499527364">
        <ele>33.07185268122703</ele>
        <time>1970-01-01T00:52:38.600000Z</time>
        <extensions>
          <gpxtpx:TrackPointExtension>
            <gpxtpx:hr>169</gpxtpx:hr>
          </gpxtpx:TrackPointExtension>
        </extensions>
      </trkpt>
      <trkpt lat="28.797092719996485" lon="115.87554650857759">
        <ele>33.04838236421347</ele>
        <time>1970-01-01T00:52:39.600000Z</time>
        <extensions>
          <gpxtpx:TrackPointExtension>
            <gpxtpx:hr>169</gpxtpx:hr>
          </gpxtpx:TrackPointExtension>
        </extensions>
      </trkpt>
      <trkpt lat="28.797066103961832" lon="115.87554427162408">
        <ele>33.021244348958135</ele>
        <time>1970-01-01T00:52:40.600000Z</time>
        <extensions>
          <gpxtpx:TrackPointExtension>
            <gpxtpx:hr>169</gpxtpx:hr>
          </gpxtpx:TrackPointExtension>
        </extensions>
      </trkpt>
      <trkpt lat="28.797039999207623" lon="115.87554336527486">
        <ele>32.99625285062939</ele>
        <time>1970-01-01T00:52:41.600000Z</time>
        <extensions>
          <gpxtpx:TrackPointExtension>
            <gpxtpx:hr>171</gpxtpx:hr>
          </gpxtpx:TrackPointExtension>
        </extensions>
      </trkpt>
      <trkpt lat="28.797014411585746" lon="115.87554346878301">
        <ele>32.97361404262483</ele>
        <time>1970-01-01T00:52:42.600000Z</time>
        <extensions>
          <gpxtpx:TrackPointExtension>
            <gpxtpx:hr>171</gpxtpx:hr>
          </gpxtpx:TrackPointExtension>
        </extensions>
      </trkpt>
      <trkpt lat="28.79698965768394" lon="115.87554440077243">
        <ele>32.94717456493527</ele>
        <time>1970-01-01T00:52:43.600000Z</time>
        <extensions>
          <gpxtpx:TrackPointExtension>
            <gpxtpx:hr>171</gpxtpx:hr>
          </gpxtpx:TrackPointExtension>
        </extensions>
      </trkpt>
      <trkpt lat="28.79696556428178" lon="115.87554635635941">
        <ele>32.922948320396245</ele>
        <time>1970-01-01T00:52:44.600000Z</time>
        <extensions>
          <gpxtpx:TrackPointExtension>
            <gpxtpx:hr>171</gpxtpx:hr>
          </gpxtpx:TrackPointExtension>
        </extensions>
      </trkpt>
      <trkpt lat="28.79694167835249" lon="115.87554829690248">
        <ele>32.89487424027175</ele>
        <time>1970-01-01T00:52:45.600000Z</time>
        <extensions>
          <gpxtpx:TrackPointExtension>
            <gpxtpx:hr>171</gpxtpx:hr>
          </gpxtpx:TrackPointExtension>
        </extensions>
      </trkpt>
      <trkpt lat="28.79691767199196" lon="115.87554789606423">
        <ele>32.869000553153455</ele>
        <time>1970-01-01T00:52:46.600000Z</time>
        <extensions>
          <gpxtpx:TrackPointExtension>
            <gpxtpx:hr>171</gpxtpx:hr>
          </gpxtpx:TrackPointExtension>
        </extensions>
      </trkpt>
      <trkpt lat="28.796893704140267" lon="115.87554484985034">
        <ele>32.84548046067357</ele>
        <time>1970-01-01T00:52:47.600000Z</time>
        <extensions>
          <gpxtpx:TrackPointExtension>
            <gpxtpx:hr>171</gpxtpx:hr>
          </gpxtpx:TrackPointExtension>
        </extensions>
      </trkpt>
      <trkpt lat="28.796869751053517" lon="115.87554063127624">
        <ele>32.81808836385608</ele>
        <time>1970-01-01T00:52:48.600000Z</time>
        <extensions>
          <gpxtpx:TrackPointExtension>
            <gpxtpx:hr>172</gpxtpx:hr>
          </gpxtpx:TrackPointExtension>
        </extensions>
      </trkpt>
      <trkpt lat="28.79684600752346" lon="115.87553701518341">
        <ele>32.79304179362953</ele>
        <time>1970-01-01T00:52:49.600000Z</time>
        <extensions>
          <gpxtpx:TrackPointExtension>
            <gpxtpx:hr>172</gpxtpx:hr>
          </gpxtpx:TrackPointExtension>
        </extensions>
      </trkpt>
      <trkpt lat="28.796822167519316" lon="115.87553460708226">
        <ele>32.76422944013029</ele>
        <time>1970-01-01T00:52:50.600000Z</time>
        <extensions>
          <gpxtpx:TrackPointExtension>
            <gpxtpx:hr>172</gpxtpx:hr>
          </gpxtpx:TrackPointExtension>
        </extensions>
      </trkpt>
      <trkpt lat="28.796797924177437" lon="115.87553291985915">
        <ele>32.73781458940357</ele>
        <time>1970-01-01T00:52:51.600000Z</time>
        <extensions>
          <gpxtpx:TrackPointExtension>
            <gpxtpx:hr>172</gpxtpx:hr>
          </gpxtpx:TrackPointExtension>
        </extensions>
      </trkpt>
      <trkpt lat="28.79677370272402" lon="115.87553082456763">
        <ele>32.713896785862744</ele>
        <time>1970-01-01T00:52:52.600000Z</time>
        <extensions>
          <gpxtpx:TrackPointExtension>
            <gpxtpx:hr>172</gpxtpx:hr>
          </gpxtpx:TrackPointExtension>
        </extensions>
      </trkpt>
      <trkpt lat="28.796749616405148" lon="115.87552754733119">
        <ele>32.68608626071364</ele>
        <time>1970-01-01T00:52:53.600000Z</time>
        <extensions>
          <gpxtpx:TrackPointExtension>
            <gpxtpx:hr>172</gpxtpx:hr>
          </gpxtpx:TrackPointExtension>
        </extensions>
      </trkpt>
      <trkpt lat="28.79672566046659" lon="115.87552336818804">
        <ele>32.6607424961403</ele>
        <time>1970-01-01T00:52:54.600000Z</time>
        <extensions>
          <gpxtpx:TrackPointExtension>
            <gpxtpx:hr>172</gpxtpx:hr>
          </gpxtpx:TrackPointExtension>
        </extensions>
      </trkpt>
      <trkpt lat="28.796701676023496" lon="115.87551892174507">
        <ele>32.63165308628231</ele>
        <time>1970-01-01T00:52:55.600000Z</time>
        <extensions>
          <gpxtpx:TrackPointExtension>
            <gpxtpx:hr>172</gpxtpx:hr>
          </gpxtpx:TrackPointExtension>
        </extensions>
      </trkpt>
      <trkpt lat="28.796677781985803" lon="115.87551477372446">
        <ele>32.60505984071642</ele>
        <time>1970-01-01T00:52:56.600000Z</time>
        <extensions>
          <gpxtpx:TrackPointExtension>
            <gpxtpx:hr>172</gpxtpx:hr>
          </gpxtpx:TrackPointExtension>
        </extensions>
      </trkpt>
      <trkpt lat="28.796653774514535" lon="115.87551025610588">
        <ele>32.58101710677147</ele>
        <time>1970-01-01T00:52:57.600000Z</time>
        <extensions>
          <gpxtpx:TrackPointExtension>
            <gpxtpx:hr>172</gpxtpx:hr>
          </gpxtpx:TrackPointExtension>
        </extensions>
      </trkpt>
      <trkpt lat="28.796629722232872" lon="115.8755054128963">
        <ele>32.55306263361126</ele>
        <time>1970-01-01T00:52:58.600000Z</time>
        <extensions>
          <gpxtpx:TrackPointExtension>
            <gpxtpx:hr>172</gpxtpx:hr>
          </gpxtpx:TrackPointExtension>
        </extensions>
      </trkpt>
      <trkpt lat="28.796605881563767" lon="115.87550062398822">
        <ele>32.52762568742037</ele>
        <time>1970-01-01T00:52:59.600000Z</time>
        <extensions>
          <gpxtpx:TrackPointExtension>
            <gpxtpx:hr>172</gpxtpx:hr>
          </gpxtpx:TrackPointExtension>
        </extensions>
      </trkpt>
      <trkpt lat="28.796582461775486" lon="115.8754959326573">
        <ele>32.498449839651585</ele>
        <time>1970-01-01T00:53:00.600000Z</time>
        <extensions>
          <gpxtpx:TrackPointExtension>
            <gpxtpx:hr>172</gpxtpx:hr>
          </gpxtpx:TrackPointExtension>
        </extensions>
      </trkpt>
      <trkpt lat="28.796559872351104" lon="115.87549181295104">
        <ele>32.4718162426725</ele>
        <time>1970-01-01T00:53:01.600000Z</time>
        <extensions>
          <gpxtpx:TrackPointExtension>
            <gpxtpx:hr>172</gpxtpx:hr>
          </gpxtpx:TrackPointExtension>
        </extensions>
      </trkpt>
      <trkpt lat="28.79653699363187" lon="115.87548871257613">
        <ele>32.44774955511093</ele>
        <time>1970-01-01T00:53:02.600000Z</time>
        <extensions>
          <gpxtpx:TrackPointExtension>
            <gpxtpx:hr>172</gpxtpx:hr>
          </gpxtpx:TrackPointExtension>
        </extensions>
      </trkpt>
      <trkpt lat="28.796512597161065" lon="115.8754871002918">
        <ele>32.41987063456327</ele>
        <time>1970-01-01T00:53:03.600000Z</time>
        <extensions>
          <gpxtpx:TrackPointExtension>
            <gpxtpx:hr>170</gpxtpx:hr>
          </gpxtpx:TrackPointExtension>
        </extensions>
      </trkpt>
      <trkpt lat="28.796487352528708" lon="115.87548715821919">
        <ele>32.39453414268792</ele>
        <time>1970-01-01T00:53:04.600000Z</time>
        <extensions>
          <gpxtpx:TrackPointExtension>
            <gpxtpx:hr>170</gpxtpx:hr>
          </gpxtpx:TrackPointExtension>
        </extensions>
      </trkpt>
      <trkpt lat="28.7964620980221" lon="115.87548904253687">
        <ele>32.3717559510842</ele>
        <time>1970-01-01T00:53:05.600000Z</time>
        <extensions>
          <gpxtpx:TrackPointExtension>
            <gpxtpx:hr>170</gpxtpx:hr>
          </gpxtpx:TrackPointExtension>
        </extensions>
      </trkpt>
      <trkpt lat="28.79643659131703" lon="115.87549217690847">
        <ele>32.35148496739566</ele>
        <time>1970-01-01T00:53:06.600000Z</time>
        <extensions>
          <gpxtpx:TrackPointExtension>
            <gpxtpx:hr>170</gpxtpx:hr>
          </gpxtpx:TrackPointExtension>
        </extensions>
      </trkpt>
      <trkpt lat="28.79641111268354" lon="115.87549557915156">
        <ele>32.333620701916516</ele>
        <time>1970-01-01T00:53:07.600000Z</time>
        <extensions>
          <gpxtpx:TrackPointExtension>
            <gpxtpx:hr>170</gpxtpx:hr>
          </gpxtpx:TrackPointExtension>
        </extensions>
      </trkpt>
      <trkpt lat="28.79638621453732" lon="115.87549787764307">
        <ele>32.31007171329111</ele>
        <time>1970-01-01T00:53:08.600000Z</time>
        <extensions>
          <gpxtpx:TrackPointExtension>
            <gpxtpx:hr>170</gpxtpx:hr>
          </gpxtpx:TrackPointExtension>
        </extensions>
      </trkpt>
      <trkpt lat="28.796362210177975" lon="115.8754984073631">
        <ele>32.26947624888271</ele>
        <time>1970-01-01T00:53:09.600000Z</time>
        <extensions>
          <gpxtpx:TrackPointExtension>
            <gpxtpx:hr>170</gpxtpx:hr>
          </gpxtpx:TrackPointExtension>
        </extensions>
      </trkpt>
      <trkpt lat="28.79633839829714" lon="115.8754982878292">
        <ele>32.21003776602447</ele>
        <time>1970-01-01T00:53:10.600000Z</time>
        <extensions>
          <gpxtpx:TrackPointExtension>
            <gpxtpx:hr>170</gpxtpx:hr>
          </gpxtpx:TrackPointExtension>
        </extensions>
      </trkpt>
      <trkpt lat="28.796313926831395" lon="115.87549806296218">
        <ele>32.129926790483296</ele>
        <time>1970-01-01T00:53:11.600000Z</time>
        <extensions>
          <gpxtpx:TrackPointExtension>
            <gpxtpx:hr>170</gpxtpx:hr>
          </gpxtpx:TrackPointExtension>
        </extensions>
      </trkpt>
      <trkpt lat="28.796289653576544" lon="115.87549737509985">
        <ele>32.02723584789783</ele>
        <time>1970-01-01T00:53:12.600000Z</time>
        <extensions>
          <gpxtpx:TrackPointExtension>
            <gpxtpx:hr>169</gpxtpx:hr>
          </gpxtpx:TrackPointExtension>
        </extensions>
      </trkpt>
      <trkpt lat="28.796265702891862" lon="115.87549617284212">
        <ele>32.24509839899838</ele>
        <time>1970-01-01T00:53:13.600000Z</time>
        <extensions>
          <gpxtpx:TrackPointExtension>
            <gpxtpx:hr>169</gpxtpx:hr>
          </gpxtpx:TrackPointExtension>
        </extensions>
      </trkpt>
      <trkpt lat="28.79624221444501" lon="115.87549472111806">
        <ele>32.36777029093355</ele>
        <time>1970-01-01T00:53:14.600000Z</time>
        <extensions>
          <gpxtpx:TrackPointExtension>
            <gpxtpx:hr>169</gpxtpx:hr>
          </gpxtpx:TrackPointExtension>
        </extensions>
      </trkpt>
      <trkpt lat="28.79621944796118" lon="115.87549305412199">
        <ele>32.390703642740846</ele>
        <time>1970-01-01T00:53:15.600000Z</time>
        <extensions>
          <gpxtpx:TrackPointExtension>
            <gpxtpx:hr>169</gpxtpx:hr>
          </gpxtpx:TrackPointExtension>
        </extensions>
      </trkpt>
      <trkpt lat="28.796196504909084" lon="115.875491099399">
        <ele>32.37716509960592</ele>
        <time>1970-01-01T00:53:16.600000Z</time>
        <extensions>
          <gpxtpx:TrackPointExtension>
            <gpxtpx:hr>169</gpxtpx:hr>
          </gpxtpx:TrackPointExtension>
        </extensions>
      </trkpt>
      <trkpt lat="28.79617318982816" lon="115.87548881211923">
        <ele>32.33063135296106</ele>
        <time>1970-01-01T00:53:17.600000Z</time>
        <extensions>
          <gpxtpx:TrackPointExtension>
            <gpxtpx:hr>169</gpxtpx:hr>
          </gpxtpx:TrackPointExtension>
        </extensions>
      </trkpt>
      <trkpt lat="28.796149449208492" lon="115.8754859243467">
        <ele>32.24962096661329</ele>
        <time>1970-01-01T00:53:18.600000Z</time>
        <extensions>
          <gpxtpx:TrackPointExtension>
            <gpxtpx:hr>171</gpxtpx:hr>
          </gpxtpx:TrackPointExtension>
        </extensions>
      </trkpt>
      <trkpt lat="28.796125622653157" lon="115.87548300313854">
        <ele>32.15024594962597</ele>
        <time>1970-01-01T00:53:19.600000Z</time>
        <extensions>
          <gpxtpx:TrackPointExtension>
            <gpxtpx:hr>171</gpxtpx:hr>
          </gpxtpx:TrackPointExtension>
        </extensions>
      </trkpt>
      <trkpt lat="28.79610198710408" lon="115.87548087422115">
        <ele>32.040056589990854</ele>
        <time>1970-01-01T00:53:20.600000Z</time>
        <extensions>
          <gpxtpx:TrackPointExtension>
            <gpxtpx:hr>171</gpxtpx:hr>
          </gpxtpx:TrackPointExtension>
        </extensions>
      </trkpt>
      <trkpt lat="28.796078516703485" lon="115.87547949519498">
        <ele>31.92853820603341</ele>
        <time>1970-01-01T00:53:21.600000Z</time>
        <extensions>
          <gpxtpx:TrackPointExtension>
            <gpxtpx:hr>171</gpxtpx:hr>
          </gpxtpx:TrackPointExtension>
        </extensions>
      </trkpt>
      <trkpt lat="28.79605530736709" lon="115.87547829556274">
        <ele>31.823733094148338</ele>
        <time>1970-01-01T00:53:22.600000Z</time>
        <extensions>
          <gpxtpx:TrackPointExtension>
            <gpxtpx:hr>172</gpxtpx:hr>
          </gpxtpx:TrackPointExtension>
        </extensions>
      </trkpt>
      <trkpt lat="28.796031567848832" lon="115.87547678832503">
        <ele>31.735308123752475</ele>
        <time>1970-01-01T00:53:23.600000Z</time>
        <extensions>
          <gpxtpx:TrackPointExtension>
            <gpxtpx:hr>172</gpxtpx:hr>
          </gpxtpx:TrackPointExtension>
        </extensions>
      </trkpt>
      <trkpt lat="28.79600727580676" lon="115.87547536545695">
        <ele>31.675262634642422</ele>
        <time>1970-01-01T00:53:24.600000Z</time>
        <extensions>
          <gpxtpx:TrackPointExtension>
            <gpxtpx:hr>172</gpxtpx:hr>
          </gpxtpx:TrackPointExtension>
        </extensions>
      </trkpt>
      <trkpt lat="28.79598312352379" lon="115.87547384936786">
        <ele>31.645253455266356</ele>
        <time>1970-01-01T00:53:25.600000Z</time>
        <extensions>
          <gpxtpx:TrackPointExtension>
            <gpxtpx:hr>172</gpxtpx:hr>
          </gpxtpx:TrackPointExtension>
        </extensions>
      </trkpt>
      <trkpt lat="28.795959729581725" lon="115.87547150380131">
        <ele>31.65081545803696</ele>
        <time>1970-01-01T00:53:26.600000Z</time>
        <extensions>
          <gpxtpx:TrackPointExtension>
            <gpxtpx:hr>172</gpxtpx:hr>
          </gpxtpx:TrackPointExtension>
        </extensions>
      </trkpt>
      <trkpt lat="28.79593683826448" lon="115.87546818189838">
        <ele>31.68542631622404</ele>
        <time>1970-01-01T00:53:27.600000Z</time>
        <extensions>
          <gpxtpx:TrackPointExtension>
            <gpxtpx:hr>171</gpxtpx:hr>
          </gpxtpx:TrackPointExtension>
        </extensions>
      </trkpt>
      <trkpt lat="28.795914000309295" lon="115.87546521778604">
        <ele>31.747638604603708</ele>
        <time>1970-01-01T00:53:28.600000Z</time>
        <extensions>
          <gpxtpx:TrackPointExtension>
            <gpxtpx:hr>171</gpxtpx:hr>
          </gpxtpx:TrackPointExtension>
        </extensions>
      </trkpt>
      <trkpt lat="28.795891544408295" lon="115.87546465669041">
        <ele>31.83177254907787</ele>
        <time>1970-01-01T00:53:29.600000Z</time>
        <extensions>
          <gpxtpx:TrackPointExtension>
            <gpxtpx:hr>171</gpxtpx:hr>
          </gpxtpx:TrackPointExtension>
        </extensions>
      </trkpt>
      <trkpt lat="28.795869244658455" lon="115.87546654848134">
        <ele>31.928004353307188</ele>
        <time>1970-01-01T00:53:30.600000Z</time>
        <extensions>
          <gpxtpx:TrackPointExtension>
            <gpxtpx:hr>171</gpxtpx:hr>
          </gpxtpx:TrackPointExtension>
        </extensions>
      </trkpt>
      <trkpt lat="28.795846917818192" lon="115.87546880310958">
        <ele>32.03372917883098</ele>
        <time>1970-01-01T00:53:31.600000Z</time>
        <extensions>
          <gpxtpx:TrackPointExtension>
            <gpxtpx:hr>171</gpxtpx:hr>
          </gpxtpx:TrackPointExtension>
        </extensions>
      </trkpt>
      <trkpt lat="28.795824440053256" lon="115.87546926691948">
        <ele>32.13413253240287</ele>
        <time>1970-01-01T00:53:32.600000Z</time>
        <extensions>
          <gpxtpx:TrackPointExtension>
            <gpxtpx:hr>171</gpxtpx:hr>
          </gpxtpx:TrackPointExtension>
        </extensions>
      </trkpt>
      <trkpt lat="28.79580155327504" lon="115.87546797780564">
        <ele>32.225782074034214</ele>
        <time>1970-01-01T00:53:33.600000Z</time>
        <extensions>
          <gpxtpx:TrackPointExtension>
            <gpxtpx:hr>170</gpxtpx:hr>
          </gpxtpx:TrackPointExtension>
        </extensions>
      </trkpt>
      <trkpt lat="28.795778476659347" lon="115.87546595398187">
        <ele>32.29635057318956</ele>
        <time>1970-01-01T00:53:34.600000Z</time>
        <extensions>
          <gpxtpx:TrackPointExtension>
            <gpxtpx:hr>170</gpxtpx:hr>
          </gpxtpx:TrackPointExtension>
        </extensions>
      </trkpt>
      <trkpt lat="28.7957548459245" lon="115.87546366813372">
        <ele>32.337430065497756</ele>
        <time>1970-01-01T00:53:35.600000Z</time>
        <extensions>
          <gpxtpx:TrackPointExtension>
            <gpxtpx:hr>170</gpxtpx:hr>
          </gpxtpx:TrackPointExtension>
        </extensions>
      </trkpt>
      <trkpt lat="28.795730871994895" lon="115.87546154340784">
        <ele>32.34838822949678</ele>
        <time>1970-01-01T00:53:36.600000Z</time>
        <extensions>
          <gpxtpx:TrackPointExtension>
            <gpxtpx:hr>170</gpxtpx:hr>
          </gpxtpx:TrackPointExtension>
        </extensions>
      </trkpt>
      <trkpt lat="28.79570698248005" lon="115.87545979037245">
        <ele>32.32845894340426</ele>
        <time>1970-01-01T00:53:37.600000Z</time>
        <extensions>
          <gpxtpx:TrackPointExtension>
            <gpxtpx:hr>167</gpxtpx:hr>
          </gpxtpx:TrackPointExtension>
        </extensions>
      </trkpt>
      <trkpt lat="28.795683284287353" lon="115.87545873469247">
        <ele>32.28461511339992</ele>
        <time>1970-01-01T00:53:38.600000Z</time>
        <extensions>
          <gpxtpx:TrackPointExtension>
            <gpxtpx:hr>167</gpxtpx:hr>
          </gpxtpx:TrackPointExtension>
        </extensions>
      </trkpt>
      <trkpt lat="28.79565946549908" lon="115.87545823630663">
        <ele>32.21432259771973</ele>
        <time>1970-01-01T00:53:39.600000Z</time>
        <extensions>
          <gpxtpx:TrackPointExtension>
            <gpxtpx:hr>167</gpxtpx:hr>
          </gpxtpx:TrackPointExtension>
        </extensions>
      </trkpt>
      <trkpt lat="28.795635439100327" lon="115.87545735705413">
        <ele>32.06451759766787</ele>
        <time>1970-01-01T00:53:40.600000Z</time>
        <extensions>
          <gpxtpx:TrackPointExtension>
            <gpxtpx:hr>167</gpxtpx:hr>
          </gpxtpx:TrackPointExtension>
        </extensions>
      </trkpt>
      <trkpt lat="28.7956107094598" lon="115.87545552602724">
        <ele>31.874507033266127</ele>
        <time>1970-01-01T00:53:41.600000Z</time>
        <extensions>
          <gpxtpx:TrackPointExtension>
            <gpxtpx:hr>167</gpxtpx:hr>
          </gpxtpx:TrackPointExtension>
        </extensions>
      </trkpt>
      <trkpt lat="28.79558530614965" lon="115.8754527136541">
        <ele>31.642326205968857</ele>
        <time>1970-01-01T00:53:42.600000Z</time>
        <extensions>
          <gpxtpx:TrackPointExtension>
            <gpxtpx:hr>167</gpxtpx:hr>
          </gpxtpx:TrackPointExtension>
        </extensions>
      </trkpt>
      <trkpt lat="28.795560427856465" lon="115.87544954139021">
        <ele>31.365611794404685</ele>
        <time>1970-01-01T00:53:43.600000Z</time>
        <extensions>
          <gpxtpx:TrackPointExtension>
            <gpxtpx:hr>167</gpxtpx:hr>
          </gpxtpx:TrackPointExtension>
        </extensions>
      </trkpt>
      <trkpt lat="28.795536312523684" lon="115.8754460799263">
        <ele>31.042813717387617</ele>
        <time>1970-01-01T00:53:44.600000Z</time>
        <extensions>
          <gpxtpx:TrackPointExtension>
            <gpxtpx:hr>167</gpxtpx:hr>
          </gpxtpx:TrackPointExtension>
        </extensions>
      </trkpt>
      <trkpt lat="28.79551302238617" lon="115.87544178506931">
        <ele>30.67403110768646</ele>
        <time>1970-01-01T00:53:45.600000Z</time>
        <extensions>
          <gpxtpx:TrackPointExtension>
            <gpxtpx:hr>167</gpxtpx:hr>
          </gpxtpx:TrackPointExtension>
        </extensions>
      </trkpt>
      <trkpt lat="28.79549005616704" lon="115.87543617792143">
        <ele>30.26012675371021</ele>
        <time>1970-01-01T00:53:46.600000Z</time>
        <extensions>
          <gpxtpx:TrackPointExtension>
            <gpxtpx:hr>167</gpxtpx:hr>
          </gpxtpx:TrackPointExtension>
        </extensions>
      </trkpt>
      <trkpt lat="28.795466824042006" lon="115.87542911893982">
        <ele>29.801449535414577</ele>
        <time>1970-01-01T00:53:47.600000Z</time>
        <extensions>
          <gpxtpx:TrackPointExtension>
            <gpxtpx:hr>167</gpxtpx:hr>
          </gpxtpx:TrackPointExtension>
        </extensions>
      </trkpt>
      <trkpt lat="28.795443989268307" lon="115.87542226859944">
        <ele>29.29950661677867</ele>
        <time>1970-01-01T00:53:48.600000Z</time>
        <extensions>
          <gpxtpx:TrackPointExtension>
            <gpxtpx:hr>167</gpxtpx:hr>
          </gpxtpx:TrackPointExtension>
        </extensions>
      </trkpt>
      <trkpt lat="28.79542191109533" lon="115.87541652645292">
        <ele>28.761945405974984</ele>
        <time>1970-01-01T00:53:49.600000Z</time>
        <extensions>
          <gpxtpx:TrackPointExtension>
            <gpxtpx:hr>167</gpxtpx:hr>
          </gpxtpx:TrackPointExtension>
        </extensions>
      </trkpt>
    </trkseg>
  </trk>
</gpx>