<?xml version="1.0" encoding="UTF-8"?>
<gpx xmlns="http://www.topografix.com/GPX/1/1" xmlns:gpxtpx="http://www.garmin.com/xmlschemas/TrackPointExtension/v1" xmlns:xsi="http://www.w3.org/2001/XMLSchema-instance" xsi:schemaLocation="http://www.topografix.com/GPX/1/1 http://www.topografix.com/GPX/1/1/gpx.xsd" version="1.1" creator="gpx.py -- https://github.com/tkrajina/gpxpy">
  <trk>
    <name>gpx from keep</name>
    <type>Run</type>
    <trkseg>
      <trkpt lat="22.73668474629716" lon="113.9270361418779">
        <ele>33.1311792768538</ele>
        <time>7638-09-18T05:58:08Z</time>
      </trkpt>
      <trkpt lat="22.736670478863687" lon="113.92704714950403">
        <ele>32.5814868491143</ele>
        <time>1970-01-01T00:00:01Z</time>
        <extensions>
          <gpxtpx:TrackPointExtension>
            <gpxtpx:hr>97</gpxtpx:hr>
          </gpxtpx:TrackPointExtension>
        </extensions>
      </trkpt>
      <trkpt lat="22.73665852252907" lon="113.92705979242449">
        <ele>32.11321604065597</ele>
        <time>1970-01-01T00:00:02Z</time>
        <extensions>
          <gpxtpx:TrackPointExtension>
            <gpxtpx:hr>97</gpxtpx:hr>
          </gpxtpx:TrackPointExtension>
        </extensions>
      </trkpt>
      <trkpt lat="22.736648956004483" lon="113.92707171869047">
        <ele>31.73702982440591</ele>
        <time>1970-01-01T00:00:03Z</time>
        <extensions>
          <gpxtpx:TrackPointExtension>
            <gpxtpx:hr>97</gpxtpx:hr>
          </gpxtpx:TrackPointExtension>
        </extensions>
      </trkpt>
      <trkpt lat="22.736639155138537" lon="113.9270824082854">
        <ele>31.449256643652916</ele>
        <time>1970-01-01T00:00:04Z</time>
        <extensions>
          <gpxtpx:TrackPointExtension>
            <gpxtpx:hr>97</gpxtpx:hr>
          </gpxtpx:TrackPointExtension>
        </extensions>
      </trkpt>
      <trkpt lat="22.73662775074043" lon="113.92709279424844">
        <ele>31.238815147429705</ele>
        <time>1970-01-01T00:00:05Z</time>
        <extensions>
          <gpxtpx:TrackPointExtension>
            <gpxtpx:hr>102</gpxtpx:hr>
          </gpxtpx:TrackPointExtension>
        </extensions>
      </trkpt>
      <trkpt lat="22.736618296651155" lon="113.92710150038036">
        <ele>31.091756818816066</ele>
        <time>1970-01-01T00:00:06Z</time>
        <extensions>
          <gpxtpx:TrackPointExtension>
            <gpxtpx:hr>102</gpxtpx:hr>
          </gpxtpx:TrackPointExtension>
        </extensions>
      </trkpt>
      <trkpt lat="22.73660863179803" lon="113.92710948194124">
        <ele>30.99398742802441</ele>
        <time>1970-01-01T00:00:07Z</time>
        <extensions>
          <gpxtpx:TrackPointExtension>
            <gpxtpx:hr>102</gpxtpx:hr>
          </gpxtpx:TrackPointExtension>
        </extensions>
      </trkpt>
      <trkpt lat="22.736599255137246" lon="113.92711709197242">
        <ele>30.93270881474018</ele>
        <time>1970-01-01T00:00:08Z</time>
        <extensions>
          <gpxtpx:TrackPointExtension>
            <gpxtpx:hr>102</gpxtpx:hr>
          </gpxtpx:TrackPointExtension>
        </extensions>
      </trkpt>
      <trkpt lat="22.736591010204975" lon="113.9271241973351">
        <ele>30.897156017832458</ele>
        <time>1970-01-01T00:00:09Z</time>
        <extensions>
          <gpxtpx:TrackPointExtension>
            <gpxtpx:hr>105</gpxtpx:hr>
          </gpxtpx:TrackPointExtension>
        </extensions>
      </trkpt>
      <trkpt lat="22.736583407299698" lon="113.92713040853344">
        <ele>30.87892282102257</ele>
        <time>1970-01-01T00:00:10Z</time>
        <extensions>
          <gpxtpx:TrackPointExtension>
            <gpxtpx:hr>105</gpxtpx:hr>
          </gpxtpx:TrackPointExtension>
        </extensions>
      </trkpt>
      <trkpt lat="22.73657661259382" lon="113.927137052267">
        <ele>30.871732347644866</ele>
        <time>1970-01-01T00:00:11Z</time>
        <extensions>
          <gpxtpx:TrackPointExtension>
            <gpxtpx:hr>105</gpxtpx:hr>
          </gpxtpx:TrackPointExtension>
        </extensions>
      </trkpt>
      <trkpt lat="22.736564447687797" lon="113.92714848377815">
        <ele>30.871044477447867</ele>
        <time>1970-01-01T00:00:12Z</time>
        <extensions>
          <gpxtpx:TrackPointExtension>
            <gpxtpx:hr>105</gpxtpx:hr>
          </gpxtpx:TrackPointExtension>
        </extensions>
      </trkpt>
      <trkpt lat="22.736553518808325" lon="113.92715819667126">
        <ele>30.873651053756475</ele>
        <time>1970-01-01T00:00:13Z</time>
        <extensions>
          <gpxtpx:TrackPointExtension>
            <gpxtpx:hr>105</gpxtpx:hr>
          </gpxtpx:TrackPointExtension>
        </extensions>
      </trkpt>
      <trkpt lat="22.736545499231486" lon="113.92716514149417">
        <ele>30.877493322826922</ele>
        <time>1970-01-01T00:00:14Z</time>
        <extensions>
          <gpxtpx:TrackPointExtension>
            <gpxtpx:hr>105</gpxtpx:hr>
          </gpxtpx:TrackPointExtension>
        </extensions>
      </trkpt>
      <trkpt lat="22.736537325665854" lon="113.92717302326564">
        <ele>30.881288985721767</ele>
        <time>1970-01-01T00:00:15Z</time>
        <extensions>
          <gpxtpx:TrackPointExtension>
            <gpxtpx:hr>114</gpxtpx:hr>
          </gpxtpx:TrackPointExtension>
        </extensions>
      </trkpt>
      <trkpt lat="22.73652941904896" lon="113.92718057238682">
        <ele>30.884323264472187</ele>
        <time>1970-01-01T00:00:16Z</time>
        <extensions>
          <gpxtpx:TrackPointExtension>
            <gpxtpx:hr>114</gpxtpx:hr>
          </gpxtpx:TrackPointExtension>
        </extensions>
      </trkpt>
      <trkpt lat="22.736520713038328" lon="113.92718874047164">
        <ele>30.886283181607723</ele>
        <time>1970-01-01T00:00:17Z</time>
        <extensions>
          <gpxtpx:TrackPointExtension>
            <gpxtpx:hr>114</gpxtpx:hr>
          </gpxtpx:TrackPointExtension>
        </extensions>
      </trkpt>
      <trkpt lat="22.736510414825844" lon="113.92719755050427">
        <ele>30.887212051078677</ele>
        <time>1970-01-01T00:00:18Z</time>
        <extensions>
          <gpxtpx:TrackPointExtension>
            <gpxtpx:hr>114</gpxtpx:hr>
          </gpxtpx:TrackPointExtension>
        </extensions>
      </trkpt>
      <trkpt lat="22.736498839521108" lon="113.92720773624818">
        <ele>30.8872107276693</ele>
        <time>1970-01-01T00:00:19Z</time>
        <extensions>
          <gpxtpx:TrackPointExtension>
            <gpxtpx:hr>114</gpxtpx:hr>
          </gpxtpx:TrackPointExtension>
        </extensions>
      </trkpt>
      <trkpt lat="22.736485762776027" lon="113.92721912641636">
        <ele>30.886269957758486</ele>
        <time>1970-01-01T00:00:20Z</time>
        <extensions>
          <gpxtpx:TrackPointExtension>
            <gpxtpx:hr>114</gpxtpx:hr>
          </gpxtpx:TrackPointExtension>
        </extensions>
      </trkpt>
      <trkpt lat="22.73647156027772" lon="113.92723165003459">
        <ele>30.884248982183635</ele>
        <time>1970-01-01T00:00:21Z</time>
        <extensions>
          <gpxtpx:TrackPointExtension>
            <gpxtpx:hr>114</gpxtpx:hr>
          </gpxtpx:TrackPointExtension>
        </extensions>
      </trkpt>
      <trkpt lat="22.73645033960884" lon="113.92725048541443">
        <ele>30.881064107641578</ele>
        <time>1970-01-01T00:00:22Z</time>
        <extensions>
          <gpxtpx:TrackPointExtension>
            <gpxtpx:hr>114</gpxtpx:hr>
          </gpxtpx:TrackPointExtension>
        </extensions>
      </trkpt>
      <trkpt lat="22.73642944885515" lon="113.92727009791564">
        <ele>30.876484129577875</ele>
        <time>1970-01-01T00:00:23Z</time>
        <extensions>
          <gpxtpx:TrackPointExtension>
            <gpxtpx:hr>122</gpxtpx:hr>
          </gpxtpx:TrackPointExtension>
        </extensions>
      </trkpt>
      <trkpt lat="22.7364083202257" lon="113.92729010221274">
        <ele>30.870385888032615</ele>
        <time>1970-01-01T00:00:24Z</time>
        <extensions>
          <gpxtpx:TrackPointExtension>
            <gpxtpx:hr>122</gpxtpx:hr>
          </gpxtpx:TrackPointExtension>
        </extensions>
      </trkpt>
      <trkpt lat="22.736389402002402" lon="113.92730897947717">
        <ele>30.86280968785286</ele>
        <time>1970-01-01T00:00:25Z</time>
        <extensions>
          <gpxtpx:TrackPointExtension>
            <gpxtpx:hr>122</gpxtpx:hr>
          </gpxtpx:TrackPointExtension>
        </extensions>
      </trkpt>
      <trkpt lat="22.73637350853882" lon="113.92732484965387">
        <ele>30.853909690864384</ele>
        <time>1970-01-01T00:00:26Z</time>
        <extensions>
          <gpxtpx:TrackPointExtension>
            <gpxtpx:hr>122</gpxtpx:hr>
          </gpxtpx:TrackPointExtension>
        </extensions>
      </trkpt>
      <trkpt lat="22.73635803667588" lon="113.92734000128802">
        <ele>30.843759713694453</ele>
        <time>1970-01-01T00:00:27Z</time>
        <extensions>
          <gpxtpx:TrackPointExtension>
            <gpxtpx:hr>122</gpxtpx:hr>
          </gpxtpx:TrackPointExtension>
        </extensions>
      </trkpt>
      <trkpt lat="22.736343104944165" lon="113.92735467735541">
        <ele>30.83231216017157</ele>
        <time>1970-01-01T00:00:28Z</time>
        <extensions>
          <gpxtpx:TrackPointExtension>
            <gpxtpx:hr>128</gpxtpx:hr>
          </gpxtpx:TrackPointExtension>
        </extensions>
      </trkpt>
      <trkpt lat="22.73632599282186" lon="113.92737617015574">
        <ele>30.819407616741955</ele>
        <time>1970-01-01T00:00:29Z</time>
        <extensions>
          <gpxtpx:TrackPointExtension>
            <gpxtpx:hr>128</gpxtpx:hr>
          </gpxtpx:TrackPointExtension>
        </extensions>
      </trkpt>
      <trkpt lat="22.736312002542142" lon="113.92739179890789">
        <ele>30.804854384623468</ele>
        <time>1970-01-01T00:00:30Z</time>
        <extensions>
          <gpxtpx:TrackPointExtension>
            <gpxtpx:hr>128</gpxtpx:hr>
          </gpxtpx:TrackPointExtension>
        </extensions>
      </trkpt>
      <trkpt lat="22.736297410623735" lon="113.92740849899644">
        <ele>30.788475202396512</ele>
        <time>1970-01-01T00:00:31Z</time>
        <extensions>
          <gpxtpx:TrackPointExtension>
            <gpxtpx:hr>128</gpxtpx:hr>
          </gpxtpx:TrackPointExtension>
        </extensions>
      </trkpt>
      <trkpt lat="22.736282496354605" lon="113.92742576138974">
        <ele>30.77024115808308</ele>
        <time>1970-01-01T00:00:32Z</time>
        <extensions>
          <gpxtpx:TrackPointExtension>
            <gpxtpx:hr>128</gpxtpx:hr>
          </gpxtpx:TrackPointExtension>
        </extensions>
      </trkpt>
      <trkpt lat="22.73626875488982" lon="113.92744189048194">
        <ele>30.7503991862759</ele>
        <time>1970-01-01T00:00:33Z</time>
        <extensions>
          <gpxtpx:TrackPointExtension>
            <gpxtpx:hr>130</gpxtpx:hr>
          </gpxtpx:TrackPointExtension>
        </extensions>
      </trkpt>
      <trkpt lat="22.736253755888207" lon="113.92745849724263">
        <ele>30.72933910600841</ele>
        <time>1970-01-01T00:00:34Z</time>
        <extensions>
          <gpxtpx:TrackPointExtension>
            <gpxtpx:hr>130</gpxtpx:hr>
          </gpxtpx:TrackPointExtension>
        </extensions>
      </trkpt>
      <trkpt lat="22.736239384616947" lon="113.92747395992129">
        <ele>30.707435595802963</ele>
        <time>1970-01-01T00:00:35Z</time>
        <extensions>
          <gpxtpx:TrackPointExtension>
            <gpxtpx:hr>130</gpxtpx:hr>
          </gpxtpx:TrackPointExtension>
        </extensions>
      </trkpt>
      <trkpt lat="22.736228383377767" lon="113.92748533481694">
        <ele>30.685122152790427</ele>
        <time>1970-01-01T00:00:36Z</time>
        <extensions>
          <gpxtpx:TrackPointExtension>
            <gpxtpx:hr>130</gpxtpx:hr>
          </gpxtpx:TrackPointExtension>
        </extensions>
      </trkpt>
      <trkpt lat="22.73621876237982" lon="113.92749535711724">
        <ele>30.662713172845542</ele>
        <time>1970-01-01T00:00:37Z</time>
        <extensions>
          <gpxtpx:TrackPointExtension>
            <gpxtpx:hr>130</gpxtpx:hr>
          </gpxtpx:TrackPointExtension>
        </extensions>
      </trkpt>
      <trkpt lat="22.73620984330521" lon="113.9275043094465">
        <ele>30.640515577979386</ele>
        <time>1970-01-01T00:00:38Z</time>
        <extensions>
          <gpxtpx:TrackPointExtension>
            <gpxtpx:hr>130</gpxtpx:hr>
          </gpxtpx:TrackPointExtension>
        </extensions>
      </trkpt>
      <trkpt lat="22.736201606621634" lon="113.92751226097782">
        <ele>30.618877456523478</ele>
        <time>1970-01-01T00:00:39Z</time>
        <extensions>
          <gpxtpx:TrackPointExtension>
            <gpxtpx:hr>137</gpxtpx:hr>
          </gpxtpx:TrackPointExtension>
        </extensions>
      </trkpt>
      <trkpt lat="22.736192841385108" lon="113.92752007147836">
        <ele>30.598263676278293</ele>
        <time>1970-01-01T00:00:40Z</time>
        <extensions>
          <gpxtpx:TrackPointExtension>
            <gpxtpx:hr>137</gpxtpx:hr>
          </gpxtpx:TrackPointExtension>
        </extensions>
      </trkpt>
      <trkpt lat="22.736183052389507" lon="113.92752794194013">
        <ele>30.579056503251195</ele>
        <time>1970-01-01T00:00:41Z</time>
        <extensions>
          <gpxtpx:TrackPointExtension>
            <gpxtpx:hr>137</gpxtpx:hr>
          </gpxtpx:TrackPointExtension>
        </extensions>
      </trkpt>
      <trkpt lat="22.736174696753167" lon="113.92753455111661">
        <ele>30.56173602119088</ele>
        <time>1970-01-01T00:00:42Z</time>
        <extensions>
          <gpxtpx:TrackPointExtension>
            <gpxtpx:hr>137</gpxtpx:hr>
          </gpxtpx:TrackPointExtension>
        </extensions>
      </trkpt>
      <trkpt lat="22.736168984556066" lon="113.9275405237952">
        <ele>30.54351144004613</ele>
        <time>1970-01-01T00:00:43Z</time>
        <extensions>
          <gpxtpx:TrackPointExtension>
            <gpxtpx:hr>137</gpxtpx:hr>
          </gpxtpx:TrackPointExtension>
        </extensions>
      </trkpt>
      <trkpt lat="22.736163293038" lon="113.9275462356577">
        <ele>30.52746836375445</ele>
        <time>1970-01-01T00:00:44Z</time>
        <extensions>
          <gpxtpx:TrackPointExtension>
            <gpxtpx:hr>137</gpxtpx:hr>
          </gpxtpx:TrackPointExtension>
        </extensions>
      </trkpt>
      <trkpt lat="22.73615900888091" lon="113.92755208073322">
        <ele>30.513372916728258</ele>
        <time>1970-01-01T00:00:45Z</time>
        <extensions>
          <gpxtpx:TrackPointExtension>
            <gpxtpx:hr>138</gpxtpx:hr>
          </gpxtpx:TrackPointExtension>
        </extensions>
      </trkpt>
      <trkpt lat="22.736150491365166" lon="113.92755865046">
        <ele>30.500661709345877</ele>
        <time>1970-01-01T00:00:46Z</time>
        <extensions>
          <gpxtpx:TrackPointExtension>
            <gpxtpx:hr>138</gpxtpx:hr>
          </gpxtpx:TrackPointExtension>
        </extensions>
      </trkpt>
      <trkpt lat="22.736139262903055" lon="113.92756662547083">
        <ele>30.488582517020404</ele>
        <time>1970-01-01T00:00:47Z</time>
        <extensions>
          <gpxtpx:TrackPointExtension>
            <gpxtpx:hr>138</gpxtpx:hr>
          </gpxtpx:TrackPointExtension>
        </extensions>
      </trkpt>
      <trkpt lat="22.73612782764745" lon="113.92757494680004">
        <ele>30.476204497739673</ele>
        <time>1970-01-01T00:00:48Z</time>
        <extensions>
          <gpxtpx:TrackPointExtension>
            <gpxtpx:hr>138</gpxtpx:hr>
          </gpxtpx:TrackPointExtension>
        </extensions>
      </trkpt>
      <trkpt lat="22.7361176378932" lon="113.92758257533922">
        <ele>30.462702178396285</ele>
        <time>1970-01-01T00:00:49Z</time>
        <extensions>
          <gpxtpx:TrackPointExtension>
            <gpxtpx:hr>138</gpxtpx:hr>
          </gpxtpx:TrackPointExtension>
        </extensions>
      </trkpt>
      <trkpt lat="22.73610846703259" lon="113.92758997671135">
        <ele>30.447758000344038</ele>
        <time>1970-01-01T00:00:50Z</time>
        <extensions>
          <gpxtpx:TrackPointExtension>
            <gpxtpx:hr>138</gpxtpx:hr>
          </gpxtpx:TrackPointExtension>
        </extensions>
      </trkpt>
      <trkpt lat="22.73610083083795" lon="113.92759707759352">
        <ele>30.431807151064277</ele>
        <time>1970-01-01T00:00:51Z</time>
        <extensions>
          <gpxtpx:TrackPointExtension>
            <gpxtpx:hr>141</gpxtpx:hr>
          </gpxtpx:TrackPointExtension>
        </extensions>
      </trkpt>
      <trkpt lat="22.736094392618593" lon="113.92760332452507">
        <ele>30.41625765990466</ele>
        <time>1970-01-01T00:00:52Z</time>
        <extensions>
          <gpxtpx:TrackPointExtension>
            <gpxtpx:hr>141</gpxtpx:hr>
          </gpxtpx:TrackPointExtension>
        </extensions>
      </trkpt>
      <trkpt lat="22.736075900894" lon="113.92761734297757">
        <ele>30.39172234199941</ele>
        <time>1970-01-01T00:00:53.200000Z</time>
        <extensions>
          <gpxtpx:TrackPointExtension>
            <gpxtpx:hr>141</gpxtpx:hr>
          </gpxtpx:TrackPointExtension>
        </extensions>
      </trkpt>
      <trkpt lat="22.736047690809613" lon="113.92763452004493">
        <ele>30.362862485460937</ele>
        <time>1970-01-01T00:00:54.200000Z</time>
        <extensions>
          <gpxtpx:TrackPointExtension>
            <gpxtpx:hr>141</gpxtpx:hr>
          </gpxtpx:TrackPointExtension>
        </extensions>
      </trkpt>
      <trkpt lat="22.736015665402263" lon="113.92765074554559">
        <ele>30.324366798624396</ele>
        <time>1970-01-01T00:00:55.200000Z</time>
        <extensions>
          <gpxtpx:TrackPointExtension>
            <gpxtpx:hr>141</gpxtpx:hr>
          </gpxtpx:TrackPointExtension>
        </extensions>
      </trkpt>
      <trkpt lat="22.735983313600936" lon="113.92766691057241">
        <ele>30.27928223926574</ele>
        <time>1970-01-01T00:00:56.200000Z</time>
        <extensions>
          <gpxtpx:TrackPointExtension>
            <gpxtpx:hr>141</gpxtpx:hr>
          </gpxtpx:TrackPointExtension>
        </extensions>
      </trkpt>
      <trkpt lat="22.73595065473192" lon="113.92768474855264">
        <ele>30.230270036496222</ele>
        <time>1970-01-01T00:00:57.200000Z</time>
        <extensions>
          <gpxtpx:TrackPointExtension>
            <gpxtpx:hr>141</gpxtpx:hr>
          </gpxtpx:TrackPointExtension>
        </extensions>
      </trkpt>
      <trkpt lat="22.73591966937306" lon="113.9277033658193">
        <ele>30.17979017365724</ele>
        <time>1970-01-01T00:00:58.200000Z</time>
        <extensions>
          <gpxtpx:TrackPointExtension>
            <gpxtpx:hr>141</gpxtpx:hr>
          </gpxtpx:TrackPointExtension>
        </extensions>
      </trkpt>
      <trkpt lat="22.735891165002805" lon="113.92772220086015">
        <ele>30.13024953287095</ele>
        <time>1970-01-01T00:00:59.200000Z</time>
        <extensions>
          <gpxtpx:TrackPointExtension>
            <gpxtpx:hr>141</gpxtpx:hr>
          </gpxtpx:TrackPointExtension>
        </extensions>
      </trkpt>
      <trkpt lat="22.735866175188953" lon="113.92774098110884">
        <ele>30.084093776531518</ele>
        <time>1970-01-01T00:01:00.200000Z</time>
        <extensions>
          <gpxtpx:TrackPointExtension>
            <gpxtpx:hr>141</gpxtpx:hr>
          </gpxtpx:TrackPointExtension>
        </extensions>
      </trkpt>
      <trkpt lat="22.73584544997326" lon="113.92775983528288">
        <ele>30.04349717218429</ele>
        <time>1970-01-01T00:01:01.200000Z</time>
        <extensions>
          <gpxtpx:TrackPointExtension>
            <gpxtpx:hr>137</gpxtpx:hr>
          </gpxtpx:TrackPointExtension>
        </extensions>
      </trkpt>
      <trkpt lat="22.735830020840915" lon="113.9277802973914">
        <ele>30.010354736819863</ele>
        <time>1970-01-01T00:01:02.200000Z</time>
        <extensions>
          <gpxtpx:TrackPointExtension>
            <gpxtpx:hr>137</gpxtpx:hr>
          </gpxtpx:TrackPointExtension>
        </extensions>
      </trkpt>
      <trkpt lat="22.735820924916986" lon="113.92780356326666">
        <ele>29.985996011644602</ele>
        <time>1970-01-01T00:01:03.200000Z</time>
        <extensions>
          <gpxtpx:TrackPointExtension>
            <gpxtpx:hr>137</gpxtpx:hr>
          </gpxtpx:TrackPointExtension>
        </extensions>
      </trkpt>
      <trkpt lat="22.735818171611008" lon="113.9278288511379">
        <ele>29.97099313698709</ele>
        <time>1970-01-01T00:01:04.200000Z</time>
        <extensions>
          <gpxtpx:TrackPointExtension>
            <gpxtpx:hr>137</gpxtpx:hr>
          </gpxtpx:TrackPointExtension>
        </extensions>
      </trkpt>
      <trkpt lat="22.73582124867451" lon="113.92785448934866">
        <ele>29.96507280599326</ele>
        <time>1970-01-01T00:01:05.200000Z</time>
        <extensions>
          <gpxtpx:TrackPointExtension>
            <gpxtpx:hr>137</gpxtpx:hr>
          </gpxtpx:TrackPointExtension>
        </extensions>
      </trkpt>
      <trkpt lat="22.735829011241908" lon="113.92787907617978">
        <ele>29.96716672554612</ele>
        <time>1970-01-01T00:01:06.200000Z</time>
        <extensions>
          <gpxtpx:TrackPointExtension>
            <gpxtpx:hr>137</gpxtpx:hr>
          </gpxtpx:TrackPointExtension>
        </extensions>
      </trkpt>
      <trkpt lat="22.735839632419797" lon="113.92790212887233">
        <ele>29.975622098892927</ele>
        <time>1970-01-01T00:01:07.200000Z</time>
        <extensions>
          <gpxtpx:TrackPointExtension>
            <gpxtpx:hr>137</gpxtpx:hr>
          </gpxtpx:TrackPointExtension>
        </extensions>
      </trkpt>
      <trkpt lat="22.73585160373406" lon="113.92792313896933">
        <ele>29.988542702049017</ele>
        <time>1970-01-01T00:01:08.200000Z</time>
        <extensions>
          <gpxtpx:TrackPointExtension>
            <gpxtpx:hr>135</gpxtpx:hr>
          </gpxtpx:TrackPointExtension>
        </extensions>
      </trkpt>
      <trkpt lat="22.735863713627847" lon="113.92794168343718">
        <ele>30.00415510032326</ele>
        <time>1970-01-01T00:01:09.200000Z</time>
        <extensions>
          <gpxtpx:TrackPointExtension>
            <gpxtpx:hr>135</gpxtpx:hr>
          </gpxtpx:TrackPointExtension>
        </extensions>
      </trkpt>
      <trkpt lat="22.735874537670096" lon="113.92795768811118">
        <ele>30.021068253554404</ele>
        <time>1970-01-01T00:01:10.200000Z</time>
        <extensions>
          <gpxtpx:TrackPointExtension>
            <gpxtpx:hr>135</gpxtpx:hr>
          </gpxtpx:TrackPointExtension>
        </extensions>
      </trkpt>
      <trkpt lat="22.73588292551235" lon="113.92797155913476">
        <ele>30.038267112337053</ele>
        <time>1970-01-01T00:01:11.200000Z</time>
        <extensions>
          <gpxtpx:TrackPointExtension>
            <gpxtpx:hr>135</gpxtpx:hr>
          </gpxtpx:TrackPointExtension>
        </extensions>
      </trkpt>
      <trkpt lat="22.735889453386353" lon="113.92798488936774">
        <ele>30.05519292317331</ele>
        <time>1970-01-01T00:01:12.200000Z</time>
        <extensions>
          <gpxtpx:TrackPointExtension>
            <gpxtpx:hr>135</gpxtpx:hr>
          </gpxtpx:TrackPointExtension>
        </extensions>
      </trkpt>
      <trkpt lat="22.735895068758847" lon="113.92799854688525">
        <ele>30.071707360446453</ele>
        <time>1970-01-01T00:01:13.200000Z</time>
        <extensions>
          <gpxtpx:TrackPointExtension>
            <gpxtpx:hr>135</gpxtpx:hr>
          </gpxtpx:TrackPointExtension>
        </extensions>
      </trkpt>
      <trkpt lat="22.735899658892173" lon="113.92801209676581">
        <ele>30.087689057923853</ele>
        <time>1970-01-01T00:01:14.200000Z</time>
        <extensions>
          <gpxtpx:TrackPointExtension>
            <gpxtpx:hr>135</gpxtpx:hr>
          </gpxtpx:TrackPointExtension>
        </extensions>
      </trkpt>
      <trkpt lat="22.735902516142108" lon="113.92802379681568">
        <ele>30.10312787350267</ele>
        <time>1970-01-01T00:01:15.200000Z</time>
        <extensions>
          <gpxtpx:TrackPointExtension>
            <gpxtpx:hr>137</gpxtpx:hr>
          </gpxtpx:TrackPointExtension>
        </extensions>
      </trkpt>
      <trkpt lat="22.735903450547667" lon="113.92803157337549">
        <ele>30.117852857336402</ele>
        <time>1970-01-01T00:01:16.200000Z</time>
        <extensions>
          <gpxtpx:TrackPointExtension>
            <gpxtpx:hr>137</gpxtpx:hr>
          </gpxtpx:TrackPointExtension>
        </extensions>
      </trkpt>
      <trkpt lat="22.73590372611099" lon="113.92803501132963">
        <ele>30.13143758289516</ele>
        <time>1970-01-01T00:01:17.200000Z</time>
        <extensions>
          <gpxtpx:TrackPointExtension>
            <gpxtpx:hr>137</gpxtpx:hr>
          </gpxtpx:TrackPointExtension>
        </extensions>
      </trkpt>
      <trkpt lat="22.735904688656145" lon="113.9280355333102">
        <ele>30.143151951022446</ele>
        <time>1970-01-01T00:01:18.200000Z</time>
        <extensions>
          <gpxtpx:TrackPointExtension>
            <gpxtpx:hr>137</gpxtpx:hr>
          </gpxtpx:TrackPointExtension>
        </extensions>
      </trkpt>
      <trkpt lat="22.735906282852756" lon="113.92803446681016">
        <ele>30.152204119600356</ele>
        <time>1970-01-01T00:01:19.200000Z</time>
        <extensions>
          <gpxtpx:TrackPointExtension>
            <gpxtpx:hr>137</gpxtpx:hr>
          </gpxtpx:TrackPointExtension>
        </extensions>
      </trkpt>
      <trkpt lat="22.735907942964182" lon="113.92803341383565">
        <ele>30.157622559927404</ele>
        <time>1970-01-01T00:01:20.200000Z</time>
        <extensions>
          <gpxtpx:TrackPointExtension>
            <gpxtpx:hr>137</gpxtpx:hr>
          </gpxtpx:TrackPointExtension>
        </extensions>
      </trkpt>
      <trkpt lat="22.73590977145778" lon="113.92803415910542">
        <ele>30.158801222220063</ele>
        <time>1970-01-01T00:01:21.200000Z</time>
        <extensions>
          <gpxtpx:TrackPointExtension>
            <gpxtpx:hr>134</gpxtpx:hr>
          </gpxtpx:TrackPointExtension>
        </extensions>
      </trkpt>
      <trkpt lat="22.735912474670375" lon="113.92803782677632">
        <ele>30.15572006534785</ele>
        <time>1970-01-01T00:01:22.200000Z</time>
        <extensions>
          <gpxtpx:TrackPointExtension>
            <gpxtpx:hr>134</gpxtpx:hr>
          </gpxtpx:TrackPointExtension>
        </extensions>
      </trkpt>
      <trkpt lat="22.735916628006883" lon="113.9280456107112">
        <ele>30.14871232677251</ele>
        <time>1970-01-01T00:01:23.200000Z</time>
        <extensions>
          <gpxtpx:TrackPointExtension>
            <gpxtpx:hr>134</gpxtpx:hr>
          </gpxtpx:TrackPointExtension>
        </extensions>
      </trkpt>
      <trkpt lat="22.735921915315828" lon="113.9280564324718">
        <ele>30.138847520574927</ele>
        <time>1970-01-01T00:01:24.200000Z</time>
        <extensions>
          <gpxtpx:TrackPointExtension>
            <gpxtpx:hr>133</gpxtpx:hr>
          </gpxtpx:TrackPointExtension>
        </extensions>
      </trkpt>
      <trkpt lat="22.735927092545648" lon="113.92806983551498">
        <ele>30.127773642539978</ele>
        <time>1970-01-01T00:01:25.200000Z</time>
        <extensions>
          <gpxtpx:TrackPointExtension>
            <gpxtpx:hr>133</gpxtpx:hr>
          </gpxtpx:TrackPointExtension>
        </extensions>
      </trkpt>
      <trkpt lat="22.735931167609444" lon="113.92808778556007">
        <ele>30.117414156906307</ele>
        <time>1970-01-01T00:01:26.200000Z</time>
        <extensions>
          <gpxtpx:TrackPointExtension>
            <gpxtpx:hr>133</gpxtpx:hr>
          </gpxtpx:TrackPointExtension>
        </extensions>
      </trkpt>
      <trkpt lat="22.735933108841362" lon="113.92810885205682">
        <ele>30.10959822870791</ele>
        <time>1970-01-01T00:01:27.200000Z</time>
        <extensions>
          <gpxtpx:TrackPointExtension>
            <gpxtpx:hr>133</gpxtpx:hr>
          </gpxtpx:TrackPointExtension>
        </extensions>
      </trkpt>
      <trkpt lat="22.73593234427198" lon="113.92812890770564">
        <ele>30.106264260597527</ele>
        <time>1970-01-01T00:01:28.200000Z</time>
        <extensions>
          <gpxtpx:TrackPointExtension>
            <gpxtpx:hr>133</gpxtpx:hr>
          </gpxtpx:TrackPointExtension>
        </extensions>
      </trkpt>
      <trkpt lat="22.73592872147163" lon="113.92814519729181">
        <ele>30.108490768820047</ele>
        <time>1970-01-01T00:01:29.200000Z</time>
        <extensions>
          <gpxtpx:TrackPointExtension>
            <gpxtpx:hr>133</gpxtpx:hr>
          </gpxtpx:TrackPointExtension>
        </extensions>
      </trkpt>
      <trkpt lat="22.735920740202342" lon="113.9281574637741">
        <ele>30.116653027944267</ele>
        <time>1970-01-01T00:01:30.200000Z</time>
        <extensions>
          <gpxtpx:TrackPointExtension>
            <gpxtpx:hr>133</gpxtpx:hr>
          </gpxtpx:TrackPointExtension>
        </extensions>
      </trkpt>
      <trkpt lat="22.735906585419183" lon="113.9281694297793">
        <ele>30.130162658169866</ele>
        <time>1970-01-01T00:01:31.200000Z</time>
        <extensions>
          <gpxtpx:TrackPointExtension>
            <gpxtpx:hr>133</gpxtpx:hr>
          </gpxtpx:TrackPointExtension>
        </extensions>
      </trkpt>
      <trkpt lat="22.735887755558256" lon="113.92818315025848">
        <ele>30.14722798485309</ele>
        <time>1970-01-01T00:01:32.200000Z</time>
        <extensions>
          <gpxtpx:TrackPointExtension>
            <gpxtpx:hr>133</gpxtpx:hr>
          </gpxtpx:TrackPointExtension>
        </extensions>
      </trkpt>
      <trkpt lat="22.73586808551107" lon="113.92819718183128">
        <ele>30.165147845633328</ele>
        <time>1970-01-01T00:01:33.200000Z</time>
        <extensions>
          <gpxtpx:TrackPointExtension>
            <gpxtpx:hr>133</gpxtpx:hr>
          </gpxtpx:TrackPointExtension>
        </extensions>
      </trkpt>
      <trkpt lat="22.73584941087012" lon="113.92821089435213">
        <ele>30.18100822623819</ele>
        <time>1970-01-01T00:01:34.200000Z</time>
        <extensions>
          <gpxtpx:TrackPointExtension>
            <gpxtpx:hr>133</gpxtpx:hr>
          </gpxtpx:TrackPointExtension>
        </extensions>
      </trkpt>
      <trkpt lat="22.735830781252524" lon="113.9282250187979">
        <ele>30.1919114170596</ele>
        <time>1970-01-01T00:01:35.200000Z</time>
        <extensions>
          <gpxtpx:TrackPointExtension>
            <gpxtpx:hr>133</gpxtpx:hr>
          </gpxtpx:TrackPointExtension>
        </extensions>
      </trkpt>
      <trkpt lat="22.73581017032102" lon="113.9282412761608">
        <ele>30.195411474443972</ele>
        <time>1970-01-01T00:01:36.200000Z</time>
        <extensions>
          <gpxtpx:TrackPointExtension>
            <gpxtpx:hr>133</gpxtpx:hr>
          </gpxtpx:TrackPointExtension>
        </extensions>
      </trkpt>
      <trkpt lat="22.735788329542114" lon="113.92826025222242">
        <ele>30.19029399380088</ele>
        <time>1970-01-01T00:01:37.200000Z</time>
        <extensions>
          <gpxtpx:TrackPointExtension>
            <gpxtpx:hr>133</gpxtpx:hr>
          </gpxtpx:TrackPointExtension>
        </extensions>
      </trkpt>
      <trkpt lat="22.73576745427612" lon="113.92828137967916">
        <ele>30.176526552066207</ele>
        <time>1970-01-01T00:01:38.200000Z</time>
        <extensions>
          <gpxtpx:TrackPointExtension>
            <gpxtpx:hr>133</gpxtpx:hr>
          </gpxtpx:TrackPointExtension>
        </extensions>
      </trkpt>
      <trkpt lat="22.73574855164403" lon="113.92830371512994">
        <ele>30.154862598516047</ele>
        <time>1970-01-01T00:01:39.200000Z</time>
        <extensions>
          <gpxtpx:TrackPointExtension>
            <gpxtpx:hr>130</gpxtpx:hr>
          </gpxtpx:TrackPointExtension>
        </extensions>
      </trkpt>
      <trkpt lat="22.73573131501067" lon="113.92832688454908">
        <ele>30.12680312525481</ele>
        <time>1970-01-01T00:01:40.200000Z</time>
        <extensions>
          <gpxtpx:TrackPointExtension>
            <gpxtpx:hr>130</gpxtpx:hr>
          </gpxtpx:TrackPointExtension>
        </extensions>
      </trkpt>
      <trkpt lat="22.735715471041814" lon="113.92834949917716">
        <ele>30.09451772272587</ele>
        <time>1970-01-01T00:01:41.200000Z</time>
        <extensions>
          <gpxtpx:TrackPointExtension>
            <gpxtpx:hr>130</gpxtpx:hr>
          </gpxtpx:TrackPointExtension>
        </extensions>
      </trkpt>
      <trkpt lat="22.73569967896232" lon="113.92837023618952">
        <ele>30.06034643109888</ele>
        <time>1970-01-01T00:01:42.200000Z</time>
        <extensions>
          <gpxtpx:TrackPointExtension>
            <gpxtpx:hr>130</gpxtpx:hr>
          </gpxtpx:TrackPointExtension>
        </extensions>
      </trkpt>
      <trkpt lat="22.735681534741882" lon="113.92838870287426">
        <ele>30.026333143934608</ele>
        <time>1970-01-01T00:01:43.200000Z</time>
        <extensions>
          <gpxtpx:TrackPointExtension>
            <gpxtpx:hr>130</gpxtpx:hr>
          </gpxtpx:TrackPointExtension>
        </extensions>
      </trkpt>
      <trkpt lat="22.735659467889597" lon="113.92840554405308">
        <ele>29.99385353177786</ele>
        <time>1970-01-01T00:01:44.200000Z</time>
        <extensions>
          <gpxtpx:TrackPointExtension>
            <gpxtpx:hr>130</gpxtpx:hr>
          </gpxtpx:TrackPointExtension>
        </extensions>
      </trkpt>
      <trkpt lat="22.735634857302557" lon="113.92842009452532">
        <ele>29.963395096361637</ele>
        <time>1970-01-01T00:01:45.200000Z</time>
        <extensions>
          <gpxtpx:TrackPointExtension>
            <gpxtpx:hr>130</gpxtpx:hr>
          </gpxtpx:TrackPointExtension>
        </extensions>
      </trkpt>
      <trkpt lat="22.7356101638684" lon="113.92843225654882">
        <ele>29.933787695132196</ele>
        <time>1970-01-01T00:01:46.200000Z</time>
        <extensions>
          <gpxtpx:TrackPointExtension>
            <gpxtpx:hr>130</gpxtpx:hr>
          </gpxtpx:TrackPointExtension>
        </extensions>
      </trkpt>
      <trkpt lat="22.735587116439277" lon="113.92844185936795">
        <ele>29.90555341448635</ele>
        <time>1970-01-01T00:01:47.200000Z</time>
        <extensions>
          <gpxtpx:TrackPointExtension>
            <gpxtpx:hr>130</gpxtpx:hr>
          </gpxtpx:TrackPointExtension>
        </extensions>
      </trkpt>
      <trkpt lat="22.735563920312398" lon="113.92844971989543">
        <ele>29.877869630232453</ele>
        <time>1970-01-01T00:01:48.200000Z</time>
        <extensions>
          <gpxtpx:TrackPointExtension>
            <gpxtpx:hr>130</gpxtpx:hr>
          </gpxtpx:TrackPointExtension>
        </extensions>
      </trkpt>
      <trkpt lat="22.735538442506353" lon="113.92845788902063">
        <ele>29.849840969778597</ele>
        <time>1970-01-01T00:01:49.200000Z</time>
        <extensions>
          <gpxtpx:TrackPointExtension>
            <gpxtpx:hr>130</gpxtpx:hr>
          </gpxtpx:TrackPointExtension>
        </extensions>
      </trkpt>
      <trkpt lat="22.735512194283142" lon="113.92846783202499">
        <ele>29.821244140155613</ele>
        <time>1970-01-01T00:01:50.200000Z</time>
        <extensions>
          <gpxtpx:TrackPointExtension>
            <gpxtpx:hr>133</gpxtpx:hr>
          </gpxtpx:TrackPointExtension>
        </extensions>
      </trkpt>
      <trkpt lat="22.73548696775517" lon="113.9284800255324">
        <ele>29.792054285295308</ele>
        <time>1970-01-01T00:01:51.200000Z</time>
        <extensions>
          <gpxtpx:TrackPointExtension>
            <gpxtpx:hr>133</gpxtpx:hr>
          </gpxtpx:TrackPointExtension>
        </extensions>
      </trkpt>
      <trkpt lat="22.735463198610397" lon="113.92849426179062">
        <ele>29.763124032877386</ele>
        <time>1970-01-01T00:01:52.200000Z</time>
        <extensions>
          <gpxtpx:TrackPointExtension>
            <gpxtpx:hr>133</gpxtpx:hr>
          </gpxtpx:TrackPointExtension>
        </extensions>
      </trkpt>
      <trkpt lat="22.73544102910436" lon="113.92850928979043">
        <ele>29.735306158661842</ele>
        <time>1970-01-01T00:01:53.200000Z</time>
        <extensions>
          <gpxtpx:TrackPointExtension>
            <gpxtpx:hr>133</gpxtpx:hr>
          </gpxtpx:TrackPointExtension>
        </extensions>
      </trkpt>
      <trkpt lat="22.73541905990938" lon="113.9285245631191">
        <ele>29.708979471586645</ele>
        <time>1970-01-01T00:01:54.200000Z</time>
        <extensions>
          <gpxtpx:TrackPointExtension>
            <gpxtpx:hr>135</gpxtpx:hr>
          </gpxtpx:TrackPointExtension>
        </extensions>
      </trkpt>
      <trkpt lat="22.73539633581034" lon="113.92853983967248">
        <ele>29.683618299663067</ele>
        <time>1970-01-01T00:01:55.200000Z</time>
        <extensions>
          <gpxtpx:TrackPointExtension>
            <gpxtpx:hr>135</gpxtpx:hr>
          </gpxtpx:TrackPointExtension>
        </extensions>
      </trkpt>
      <trkpt lat="22.73537365975862" lon="113.92855444261625">
        <ele>29.657686880789697</ele>
        <time>1970-01-01T00:01:56.200000Z</time>
        <extensions>
          <gpxtpx:TrackPointExtension>
            <gpxtpx:hr>135</gpxtpx:hr>
          </gpxtpx:TrackPointExtension>
        </extensions>
      </trkpt>
      <trkpt lat="22.73535121364405" lon="113.92856867868544">
        <ele>29.629234510473907</ele>
        <time>1970-01-01T00:01:57.200000Z</time>
        <extensions>
          <gpxtpx:TrackPointExtension>
            <gpxtpx:hr>135</gpxtpx:hr>
          </gpxtpx:TrackPointExtension>
        </extensions>
      </trkpt>
      <trkpt lat="22.735329140983033" lon="113.92858255904343">
        <ele>29.597273170016706</ele>
        <time>1970-01-01T00:01:58.200000Z</time>
        <extensions>
          <gpxtpx:TrackPointExtension>
            <gpxtpx:hr>135</gpxtpx:hr>
          </gpxtpx:TrackPointExtension>
        </extensions>
      </trkpt>
      <trkpt lat="22.73530748836798" lon="113.92859626922815">
        <ele>29.562296586111188</ele>
        <time>1970-01-01T00:01:59.200000Z</time>
        <extensions>
          <gpxtpx:TrackPointExtension>
            <gpxtpx:hr>137</gpxtpx:hr>
          </gpxtpx:TrackPointExtension>
        </extensions>
      </trkpt>
      <trkpt lat="22.735286742736264" lon="113.92860998430585">
        <ele>29.525855804793537</ele>
        <time>1970-01-01T00:02:00.200000Z</time>
        <extensions>
          <gpxtpx:TrackPointExtension>
            <gpxtpx:hr>137</gpxtpx:hr>
          </gpxtpx:TrackPointExtension>
        </extensions>
      </trkpt>
      <trkpt lat="22.73526675493382" lon="113.92862450827508">
        <ele>29.489428956992924</ele>
        <time>1970-01-01T00:02:01.200000Z</time>
        <extensions>
          <gpxtpx:TrackPointExtension>
            <gpxtpx:hr>137</gpxtpx:hr>
          </gpxtpx:TrackPointExtension>
        </extensions>
      </trkpt>
      <trkpt lat="22.735247094714953" lon="113.92863962454992">
        <ele>29.453876406885684</ele>
        <time>1970-01-01T00:02:02.200000Z</time>
        <extensions>
          <gpxtpx:TrackPointExtension>
            <gpxtpx:hr>137</gpxtpx:hr>
          </gpxtpx:TrackPointExtension>
        </extensions>
      </trkpt>
      <trkpt lat="22.7352271943232" lon="113.92865498888725">
        <ele>29.41958940960467</ele>
        <time>1970-01-01T00:02:03.200000Z</time>
        <extensions>
          <gpxtpx:TrackPointExtension>
            <gpxtpx:hr>137</gpxtpx:hr>
          </gpxtpx:TrackPointExtension>
        </extensions>
      </trkpt>
      <trkpt lat="22.73520646275706" lon="113.92866968911379">
        <ele>29.386916069313884</ele>
        <time>1970-01-01T00:02:04.200000Z</time>
        <extensions>
          <gpxtpx:TrackPointExtension>
            <gpxtpx:hr>137</gpxtpx:hr>
          </gpxtpx:TrackPointExtension>
        </extensions>
      </trkpt>
      <trkpt lat="22.735184134920914" lon="113.92868422523058">
        <ele>29.35618983861059</ele>
        <time>1970-01-01T00:02:05.200000Z</time>
        <extensions>
          <gpxtpx:TrackPointExtension>
            <gpxtpx:hr>141</gpxtpx:hr>
          </gpxtpx:TrackPointExtension>
        </extensions>
      </trkpt>
      <trkpt lat="22.73516112660579" lon="113.92869964119804">
        <ele>29.327884127385914</ele>
        <time>1970-01-01T00:02:06.200000Z</time>
        <extensions>
          <gpxtpx:TrackPointExtension>
            <gpxtpx:hr>141</gpxtpx:hr>
          </gpxtpx:TrackPointExtension>
        </extensions>
      </trkpt>
      <trkpt lat="22.735139158102296" lon="113.92871627981476">
        <ele>29.30237313732505</ele>
        <time>1970-01-01T00:02:07.200000Z</time>
        <extensions>
          <gpxtpx:TrackPointExtension>
            <gpxtpx:hr>141</gpxtpx:hr>
          </gpxtpx:TrackPointExtension>
        </extensions>
      </trkpt>
      <trkpt lat="22.735118696955386" lon="113.92873314504105">
        <ele>29.279757709242404</ele>
        <time>1970-01-01T00:02:08.200000Z</time>
        <extensions>
          <gpxtpx:TrackPointExtension>
            <gpxtpx:hr>141</gpxtpx:hr>
          </gpxtpx:TrackPointExtension>
        </extensions>
      </trkpt>
      <trkpt lat="22.73509930214945" lon="113.92874945046425">
        <ele>29.2596157733351</ele>
        <time>1970-01-01T00:02:09.200000Z</time>
        <extensions>
          <gpxtpx:TrackPointExtension>
            <gpxtpx:hr>142</gpxtpx:hr>
          </gpxtpx:TrackPointExtension>
        </extensions>
      </trkpt>
      <trkpt lat="22.73507982426107" lon="113.92876494228182">
        <ele>29.241414141841233</ele>
        <time>1970-01-01T00:02:10.200000Z</time>
        <extensions>
          <gpxtpx:TrackPointExtension>
            <gpxtpx:hr>142</gpxtpx:hr>
          </gpxtpx:TrackPointExtension>
        </extensions>
      </trkpt>
      <trkpt lat="22.73505952472736" lon="113.92877941130703">
        <ele>29.224282005801797</ele>
        <time>1970-01-01T00:02:11.200000Z</time>
        <extensions>
          <gpxtpx:TrackPointExtension>
            <gpxtpx:hr>142</gpxtpx:hr>
          </gpxtpx:TrackPointExtension>
        </extensions>
      </trkpt>
      <trkpt lat="22.73503864433533" lon="113.92879309419327">
        <ele>29.207434341311455</ele>
        <time>1970-01-01T00:02:12.200000Z</time>
        <extensions>
          <gpxtpx:TrackPointExtension>
            <gpxtpx:hr>142</gpxtpx:hr>
          </gpxtpx:TrackPointExtension>
        </extensions>
      </trkpt>
      <trkpt lat="22.73501710076123" lon="113.92880654141486">
        <ele>29.19043301139027</ele>
        <time>1970-01-01T00:02:13.200000Z</time>
        <extensions>
          <gpxtpx:TrackPointExtension>
            <gpxtpx:hr>142</gpxtpx:hr>
          </gpxtpx:TrackPointExtension>
        </extensions>
      </trkpt>
      <trkpt lat="22.734995058385053" lon="113.92881964500883">
        <ele>29.173322803340852</ele>
        <time>1970-01-01T00:02:14.200000Z</time>
        <extensions>
          <gpxtpx:TrackPointExtension>
            <gpxtpx:hr>142</gpxtpx:hr>
          </gpxtpx:TrackPointExtension>
        </extensions>
      </trkpt>
      <trkpt lat="22.734972927499253" lon="113.92883196857467">
        <ele>29.156405019573867</ele>
        <time>1970-01-01T00:02:15.200000Z</time>
        <extensions>
          <gpxtpx:TrackPointExtension>
            <gpxtpx:hr>142</gpxtpx:hr>
          </gpxtpx:TrackPointExtension>
        </extensions>
      </trkpt>
      <trkpt lat="22.734950423266667" lon="113.92884448627167">
        <ele>29.14028621930629</ele>
        <time>1970-01-01T00:02:16.200000Z</time>
        <extensions>
          <gpxtpx:TrackPointExtension>
            <gpxtpx:hr>143</gpxtpx:hr>
          </gpxtpx:TrackPointExtension>
        </extensions>
      </trkpt>
      <trkpt lat="22.734926929222134" lon="113.92885763798179">
        <ele>29.12578991986811</ele>
        <time>1970-01-01T00:02:17.200000Z</time>
        <extensions>
          <gpxtpx:TrackPointExtension>
            <gpxtpx:hr>143</gpxtpx:hr>
          </gpxtpx:TrackPointExtension>
        </extensions>
      </trkpt>
      <trkpt lat="22.73490278599071" lon="113.92887118656263">
        <ele>29.11372792441398</ele>
        <time>1970-01-01T00:02:18.200000Z</time>
        <extensions>
          <gpxtpx:TrackPointExtension>
            <gpxtpx:hr>143</gpxtpx:hr>
          </gpxtpx:TrackPointExtension>
        </extensions>
      </trkpt>
      <trkpt lat="22.734879399626465" lon="113.92888454378814">
        <ele>29.10489837732166</ele>
        <time>1970-01-01T00:02:19.200000Z</time>
        <extensions>
          <gpxtpx:TrackPointExtension>
            <gpxtpx:hr>143</gpxtpx:hr>
          </gpxtpx:TrackPointExtension>
        </extensions>
      </trkpt>
      <trkpt lat="22.734857217728457" lon="113.92889760982233">
        <ele>29.099590086378157</ele>
        <time>1970-01-01T00:02:20.200000Z</time>
        <extensions>
          <gpxtpx:TrackPointExtension>
            <gpxtpx:hr>143</gpxtpx:hr>
          </gpxtpx:TrackPointExtension>
        </extensions>
      </trkpt>
      <trkpt lat="22.734835430788905" lon="113.92891070536436">
        <ele>29.097487320192158</ele>
        <time>1970-01-01T00:02:21.200000Z</time>
        <extensions>
          <gpxtpx:TrackPointExtension>
            <gpxtpx:hr>143</gpxtpx:hr>
          </gpxtpx:TrackPointExtension>
        </extensions>
      </trkpt>
      <trkpt lat="22.734811811098947" lon="113.92892388854384">
        <ele>29.112724324688315</ele>
        <time>1970-01-01T00:02:22.200000Z</time>
        <extensions>
          <gpxtpx:TrackPointExtension>
            <gpxtpx:hr>144</gpxtpx:hr>
          </gpxtpx:TrackPointExtension>
        </extensions>
      </trkpt>
      <trkpt lat="22.73478952723605" lon="113.92893640186684">
        <ele>29.112672256305814</ele>
        <time>1970-01-01T00:02:23.200000Z</time>
        <extensions>
          <gpxtpx:TrackPointExtension>
            <gpxtpx:hr>144</gpxtpx:hr>
          </gpxtpx:TrackPointExtension>
        </extensions>
      </trkpt>
      <trkpt lat="22.734768180262904" lon="113.92894803497914">
        <ele>29.090694734826684</ele>
        <time>1970-01-01T00:02:24.200000Z</time>
        <extensions>
          <gpxtpx:TrackPointExtension>
            <gpxtpx:hr>144</gpxtpx:hr>
          </gpxtpx:TrackPointExtension>
        </extensions>
      </trkpt>
      <trkpt lat="22.734747486036" lon="113.92895906928028">
        <ele>29.012903188355267</ele>
        <time>1970-01-01T00:02:25.200000Z</time>
        <extensions>
          <gpxtpx:TrackPointExtension>
            <gpxtpx:hr>144</gpxtpx:hr>
          </gpxtpx:TrackPointExtension>
        </extensions>
      </trkpt>
      <trkpt lat="22.734726635086535" lon="113.92897076082942">
        <ele>28.91263518948108</ele>
        <time>1970-01-01T00:02:26.200000Z</time>
        <extensions>
          <gpxtpx:TrackPointExtension>
            <gpxtpx:hr>144</gpxtpx:hr>
          </gpxtpx:TrackPointExtension>
        </extensions>
      </trkpt>
      <trkpt lat="22.734704949514203" lon="113.9289835553795">
        <ele>28.777201705612242</ele>
        <time>1970-01-01T00:02:27.200000Z</time>
        <extensions>
          <gpxtpx:TrackPointExtension>
            <gpxtpx:hr>144</gpxtpx:hr>
          </gpxtpx:TrackPointExtension>
        </extensions>
      </trkpt>
      <trkpt lat="22.734682919841404" lon="113.928996771226">
        <ele>28.62196871638298</ele>
        <time>1970-01-01T00:02:28.200000Z</time>
        <extensions>
          <gpxtpx:TrackPointExtension>
            <gpxtpx:hr>144</gpxtpx:hr>
          </gpxtpx:TrackPointExtension>
        </extensions>
      </trkpt>
      <trkpt lat="22.734661327036836" lon="113.92901032507687">
        <ele>28.437823903746903</ele>
        <time>1970-01-01T00:02:29.200000Z</time>
        <extensions>
          <gpxtpx:TrackPointExtension>
            <gpxtpx:hr>147</gpxtpx:hr>
          </gpxtpx:TrackPointExtension>
        </extensions>
      </trkpt>
      <trkpt lat="22.734639926066368" lon="113.92902379081836">
        <ele>28.22796528507024</ele>
        <time>1970-01-01T00:02:30.200000Z</time>
        <extensions>
          <gpxtpx:TrackPointExtension>
            <gpxtpx:hr>147</gpxtpx:hr>
          </gpxtpx:TrackPointExtension>
        </extensions>
      </trkpt>
      <trkpt lat="22.734618177313802" lon="113.92903722979538">
        <ele>28.006307836622</ele>
        <time>1970-01-01T00:02:31.200000Z</time>
        <extensions>
          <gpxtpx:TrackPointExtension>
            <gpxtpx:hr>147</gpxtpx:hr>
          </gpxtpx:TrackPointExtension>
        </extensions>
      </trkpt>
      <trkpt lat="22.734597067153427" lon="113.9290505340649">
        <ele>27.80441046692431</ele>
        <time>1970-01-01T00:02:32.200000Z</time>
        <extensions>
          <gpxtpx:TrackPointExtension>
            <gpxtpx:hr>147</gpxtpx:hr>
          </gpxtpx:TrackPointExtension>
        </extensions>
      </trkpt>
      <trkpt lat="22.734577382747524" lon="113.929063681535">
        <ele>27.668063228949904</ele>
        <time>1970-01-01T00:02:33.200000Z</time>
        <extensions>
          <gpxtpx:TrackPointExtension>
            <gpxtpx:hr>147</gpxtpx:hr>
          </gpxtpx:TrackPointExtension>
        </extensions>
      </trkpt>
      <trkpt lat="22.73455815552499" lon="113.92907773449869">
        <ele>27.639169783331454</ele>
        <time>1970-01-01T00:02:34.200000Z</time>
        <extensions>
          <gpxtpx:TrackPointExtension>
            <gpxtpx:hr>147</gpxtpx:hr>
          </gpxtpx:TrackPointExtension>
        </extensions>
      </trkpt>
      <trkpt lat="22.73446107595885" lon="113.92914993954662">
        <ele>28.507455356419086</ele>
        <time>1970-01-01T00:02:39.200000Z</time>
        <extensions>
          <gpxtpx:TrackPointExtension>
            <gpxtpx:hr>156</gpxtpx:hr>
          </gpxtpx:TrackPointExtension>
        </extensions>
      </trkpt>
      <trkpt lat="22.73444121462384" lon="113.92916306459034">
        <ele>28.768083912320435</ele>
        <time>1970-01-01T00:02:40.200000Z</time>
        <extensions>
          <gpxtpx:TrackPointExtension>
            <gpxtpx:hr>156</gpxtpx:hr>
          </gpxtpx:TrackPointExtension>
        </extensions>
      </trkpt>
      <trkpt lat="22.73442118268801" lon="113.92917439287098">
        <ele>28.952613258734345</ele>
        <time>1970-01-01T00:02:41.200000Z</time>
        <extensions>
          <gpxtpx:TrackPointExtension>
            <gpxtpx:hr>156</gpxtpx:hr>
          </gpxtpx:TrackPointExtension>
        </extensions>
      </trkpt>
      <trkpt lat="22.734400036986223" lon="113.92918455006544">
        <ele>29.08677771408111</ele>
        <time>1970-01-01T00:02:42.200000Z</time>
        <extensions>
          <gpxtpx:TrackPointExtension>
            <gpxtpx:hr>156</gpxtpx:hr>
          </gpxtpx:TrackPointExtension>
        </extensions>
      </trkpt>
      <trkpt lat="22.734377111031083" lon="113.92919429069804">
        <ele>29.188998349942267</ele>
        <time>1970-01-01T00:02:43.200000Z</time>
        <extensions>
          <gpxtpx:TrackPointExtension>
            <gpxtpx:hr>156</gpxtpx:hr>
          </gpxtpx:TrackPointExtension>
        </extensions>
      </trkpt>
      <trkpt lat="22.734353081225684" lon="113.92920499490013">
        <ele>29.271318359300494</ele>
        <time>1970-01-01T00:02:44.200000Z</time>
        <extensions>
          <gpxtpx:TrackPointExtension>
            <gpxtpx:hr>156</gpxtpx:hr>
          </gpxtpx:TrackPointExtension>
        </extensions>
      </trkpt>
      <trkpt lat="22.734328795254452" lon="113.92921722949418">
        <ele>29.34033329039812</ele>
        <time>1970-01-01T00:02:45.200000Z</time>
        <extensions>
          <gpxtpx:TrackPointExtension>
            <gpxtpx:hr>155</gpxtpx:hr>
          </gpxtpx:TrackPointExtension>
        </extensions>
      </trkpt>
      <trkpt lat="22.734304638658266" lon="113.92923035746242">
        <ele>29.398646008223295</ele>
        <time>1970-01-01T00:02:46.200000Z</time>
        <extensions>
          <gpxtpx:TrackPointExtension>
            <gpxtpx:hr>155</gpxtpx:hr>
          </gpxtpx:TrackPointExtension>
        </extensions>
      </trkpt>
      <trkpt lat="22.734280621458424" lon="113.92924453686769">
        <ele>29.446980513632298</ele>
        <time>1970-01-01T00:02:47.200000Z</time>
        <extensions>
          <gpxtpx:TrackPointExtension>
            <gpxtpx:hr>155</gpxtpx:hr>
          </gpxtpx:TrackPointExtension>
        </extensions>
      </trkpt>
      <trkpt lat="22.734257061213718" lon="113.92925950540675">
        <ele>29.48564799875021</ele>
        <time>1970-01-01T00:02:48.200000Z</time>
        <extensions>
          <gpxtpx:TrackPointExtension>
            <gpxtpx:hr>155</gpxtpx:hr>
          </gpxtpx:TrackPointExtension>
        </extensions>
      </trkpt>
      <trkpt lat="22.73423380435516" lon="113.92927452506751">
        <ele>29.51520959381014</ele>
        <time>1970-01-01T00:02:49.200000Z</time>
        <extensions>
          <gpxtpx:TrackPointExtension>
            <gpxtpx:hr>155</gpxtpx:hr>
          </gpxtpx:TrackPointExtension>
        </extensions>
      </trkpt>
      <trkpt lat="22.734210855910938" lon="113.92928899660257">
        <ele>29.536647281609476</ele>
        <time>1970-01-01T00:02:50.200000Z</time>
        <extensions>
          <gpxtpx:TrackPointExtension>
            <gpxtpx:hr>146</gpxtpx:hr>
          </gpxtpx:TrackPointExtension>
        </extensions>
      </trkpt>
      <trkpt lat="22.73418768513744" lon="113.92930351631833">
        <ele>29.551304556429386</ele>
        <time>1970-01-01T00:02:51.200000Z</time>
        <extensions>
          <gpxtpx:TrackPointExtension>
            <gpxtpx:hr>146</gpxtpx:hr>
          </gpxtpx:TrackPointExtension>
        </extensions>
      </trkpt>
      <trkpt lat="22.734164460377983" lon="113.92931831485586">
        <ele>29.560484018176794</ele>
        <time>1970-01-01T00:02:52.200000Z</time>
        <extensions>
          <gpxtpx:TrackPointExtension>
            <gpxtpx:hr>146</gpxtpx:hr>
          </gpxtpx:TrackPointExtension>
        </extensions>
      </trkpt>
      <trkpt lat="22.734141388042787" lon="113.92933383437752">
        <ele>29.56522851344198</ele>
        <time>1970-01-01T00:02:53.200000Z</time>
        <extensions>
          <gpxtpx:TrackPointExtension>
            <gpxtpx:hr>146</gpxtpx:hr>
          </gpxtpx:TrackPointExtension>
        </extensions>
      </trkpt>
      <trkpt lat="22.73411870804866" lon="113.92935020901477">
        <ele>29.566295376978815</ele>
        <time>1970-01-01T00:02:54.200000Z</time>
        <extensions>
          <gpxtpx:TrackPointExtension>
            <gpxtpx:hr>146</gpxtpx:hr>
          </gpxtpx:TrackPointExtension>
        </extensions>
      </trkpt>
      <trkpt lat="22.73409670531578" lon="113.92936719827807">
        <ele>29.56426912266761</ele>
        <time>1970-01-01T00:02:55.200000Z</time>
        <extensions>
          <gpxtpx:TrackPointExtension>
            <gpxtpx:hr>151</gpxtpx:hr>
          </gpxtpx:TrackPointExtension>
        </extensions>
      </trkpt>
      <trkpt lat="22.73407558171356" lon="113.92938353105542">
        <ele>29.55979939829558</ele>
        <time>1970-01-01T00:02:56.200000Z</time>
        <extensions>
          <gpxtpx:TrackPointExtension>
            <gpxtpx:hr>151</gpxtpx:hr>
          </gpxtpx:TrackPointExtension>
        </extensions>
      </trkpt>
      <trkpt lat="22.734055072734996" lon="113.9293992766931">
        <ele>29.55361593980342</ele>
        <time>1970-01-01T00:02:57.200000Z</time>
        <extensions>
          <gpxtpx:TrackPointExtension>
            <gpxtpx:hr>151</gpxtpx:hr>
          </gpxtpx:TrackPointExtension>
        </extensions>
      </trkpt>
      <trkpt lat="22.734035444191726" lon="113.92941505399666">
        <ele>29.546393172815442</ele>
        <time>1970-01-01T00:02:58.200000Z</time>
        <extensions>
          <gpxtpx:TrackPointExtension>
            <gpxtpx:hr>151</gpxtpx:hr>
          </gpxtpx:TrackPointExtension>
        </extensions>
      </trkpt>
      <trkpt lat="22.734016377366498" lon="113.92943102616842">
        <ele>29.538712739944458</ele>
        <time>1970-01-01T00:02:59.200000Z</time>
        <extensions>
          <gpxtpx:TrackPointExtension>
            <gpxtpx:hr>151</gpxtpx:hr>
          </gpxtpx:TrackPointExtension>
        </extensions>
      </trkpt>
      <trkpt lat="22.733997263094857" lon="113.9294473269093">
        <ele>29.531064150854945</ele>
        <time>1970-01-01T00:03:00.200000Z</time>
        <extensions>
          <gpxtpx:TrackPointExtension>
            <gpxtpx:hr>151</gpxtpx:hr>
          </gpxtpx:TrackPointExtension>
        </extensions>
      </trkpt>
      <trkpt lat="22.7339784459445" lon="113.92946323038956">
        <ele>29.52387358713895</ele>
        <time>1970-01-01T00:03:01.200000Z</time>
        <extensions>
          <gpxtpx:TrackPointExtension>
            <gpxtpx:hr>151</gpxtpx:hr>
          </gpxtpx:TrackPointExtension>
        </extensions>
      </trkpt>
      <trkpt lat="22.73395996894978" lon="113.9294787323132">
        <ele>29.517332564108074</ele>
        <time>1970-01-01T00:03:02.200000Z</time>
        <extensions>
          <gpxtpx:TrackPointExtension>
            <gpxtpx:hr>151</gpxtpx:hr>
          </gpxtpx:TrackPointExtension>
        </extensions>
      </trkpt>
      <trkpt lat="22.733941468236193" lon="113.92949376971642">
        <ele>29.51150214765221</ele>
        <time>1970-01-01T00:03:03.200000Z</time>
        <extensions>
          <gpxtpx:TrackPointExtension>
            <gpxtpx:hr>157</gpxtpx:hr>
          </gpxtpx:TrackPointExtension>
        </extensions>
      </trkpt>
      <trkpt lat="22.73392231378728" lon="113.92950896587594">
        <ele>29.50640309881419</ele>
        <time>1970-01-01T00:03:04.200000Z</time>
        <extensions>
          <gpxtpx:TrackPointExtension>
            <gpxtpx:hr>157</gpxtpx:hr>
          </gpxtpx:TrackPointExtension>
        </extensions>
      </trkpt>
      <trkpt lat="22.733903161768822" lon="113.92952472547992">
        <ele>29.501742037013173</ele>
        <time>1970-01-01T00:03:05.200000Z</time>
        <extensions>
          <gpxtpx:TrackPointExtension>
            <gpxtpx:hr>157</gpxtpx:hr>
          </gpxtpx:TrackPointExtension>
        </extensions>
      </trkpt>
      <trkpt lat="22.733884950655302" lon="113.92954105735127">
        <ele>29.49755651410669</ele>
        <time>1970-01-01T00:03:06.200000Z</time>
        <extensions>
          <gpxtpx:TrackPointExtension>
            <gpxtpx:hr>157</gpxtpx:hr>
          </gpxtpx:TrackPointExtension>
        </extensions>
      </trkpt>
      <trkpt lat="22.733868045025236" lon="113.92955724978582">
        <ele>29.49410859309137</ele>
        <time>1970-01-01T00:03:07.200000Z</time>
        <extensions>
          <gpxtpx:TrackPointExtension>
            <gpxtpx:hr>157</gpxtpx:hr>
          </gpxtpx:TrackPointExtension>
        </extensions>
      </trkpt>
      <trkpt lat="22.73385254536882" lon="113.92957264708812">
        <ele>29.4919721102342</ele>
        <time>1970-01-01T00:03:08.200000Z</time>
        <extensions>
          <gpxtpx:TrackPointExtension>
            <gpxtpx:hr>157</gpxtpx:hr>
          </gpxtpx:TrackPointExtension>
        </extensions>
      </trkpt>
      <trkpt lat="22.7338378593135" lon="113.92958772794289">
        <ele>29.491926645860076</ele>
        <time>1970-01-01T00:03:09.200000Z</time>
        <extensions>
          <gpxtpx:TrackPointExtension>
            <gpxtpx:hr>157</gpxtpx:hr>
          </gpxtpx:TrackPointExtension>
        </extensions>
      </trkpt>
      <trkpt lat="22.733824039069948" lon="113.92960267117653">
        <ele>29.495101993903518</ele>
        <time>1970-01-01T00:03:10.200000Z</time>
        <extensions>
          <gpxtpx:TrackPointExtension>
            <gpxtpx:hr>157</gpxtpx:hr>
          </gpxtpx:TrackPointExtension>
        </extensions>
      </trkpt>
      <trkpt lat="22.733813368640124" lon="113.9296170895576">
        <ele>29.502353455871344</ele>
        <time>1970-01-01T00:03:11.200000Z</time>
        <extensions>
          <gpxtpx:TrackPointExtension>
            <gpxtpx:hr>157</gpxtpx:hr>
          </gpxtpx:TrackPointExtension>
        </extensions>
      </trkpt>
      <trkpt lat="22.73380803267745" lon="113.92963048602434">
        <ele>29.514284427277744</ele>
        <time>1970-01-01T00:03:12.200000Z</time>
        <extensions>
          <gpxtpx:TrackPointExtension>
            <gpxtpx:hr>158</gpxtpx:hr>
          </gpxtpx:TrackPointExtension>
        </extensions>
      </trkpt>
      <trkpt lat="22.733807952804835" lon="113.92964258681754">
        <ele>29.53108706139028</ele>
        <time>1970-01-01T00:03:13.200000Z</time>
        <extensions>
          <gpxtpx:TrackPointExtension>
            <gpxtpx:hr>158</gpxtpx:hr>
          </gpxtpx:TrackPointExtension>
        </extensions>
      </trkpt>
      <trkpt lat="22.7338122341373" lon="113.9296562651091">
        <ele>29.55233682319522</ele>
        <time>1970-01-01T00:03:14.200000Z</time>
        <extensions>
          <gpxtpx:TrackPointExtension>
            <gpxtpx:hr>158</gpxtpx:hr>
          </gpxtpx:TrackPointExtension>
        </extensions>
      </trkpt>
      <trkpt lat="22.733820103970434" lon="113.92967353502031">
        <ele>29.576955393888056</ele>
        <time>1970-01-01T00:03:15.200000Z</time>
        <extensions>
          <gpxtpx:TrackPointExtension>
            <gpxtpx:hr>158</gpxtpx:hr>
          </gpxtpx:TrackPointExtension>
        </extensions>
      </trkpt>
      <trkpt lat="22.7338309701762" lon="113.92969325374703">
        <ele>29.603281777352095</ele>
        <time>1970-01-01T00:03:16.200000Z</time>
        <extensions>
          <gpxtpx:TrackPointExtension>
            <gpxtpx:hr>159</gpxtpx:hr>
          </gpxtpx:TrackPointExtension>
        </extensions>
      </trkpt>
      <trkpt lat="22.733843905890687" lon="113.92971402647359">
        <ele>29.629343209788203</ele>
        <time>1970-01-01T00:03:17.200000Z</time>
        <extensions>
          <gpxtpx:TrackPointExtension>
            <gpxtpx:hr>159</gpxtpx:hr>
          </gpxtpx:TrackPointExtension>
        </extensions>
      </trkpt>
      <trkpt lat="22.733856569728424" lon="113.92973551004837">
        <ele>29.653231231495738</ele>
        <time>1970-01-01T00:03:18.200000Z</time>
        <extensions>
          <gpxtpx:TrackPointExtension>
            <gpxtpx:hr>159</gpxtpx:hr>
          </gpxtpx:TrackPointExtension>
        </extensions>
      </trkpt>
      <trkpt lat="22.733867114034965" lon="113.92975862166074">
        <ele>29.67367683816701</ele>
        <time>1970-01-01T00:03:19.200000Z</time>
        <extensions>
          <gpxtpx:TrackPointExtension>
            <gpxtpx:hr>159</gpxtpx:hr>
          </gpxtpx:TrackPointExtension>
        </extensions>
      </trkpt>
      <trkpt lat="22.733875093128923" lon="113.92978311904515">
        <ele>29.69005151093006</ele>
        <time>1970-01-01T00:03:20.200000Z</time>
        <extensions>
          <gpxtpx:TrackPointExtension>
            <gpxtpx:hr>159</gpxtpx:hr>
          </gpxtpx:TrackPointExtension>
        </extensions>
      </trkpt>
      <trkpt lat="22.733881054518253" lon="113.92980800792338">
        <ele>29.702371896244586</ele>
        <time>1970-01-01T00:03:21.200000Z</time>
        <extensions>
          <gpxtpx:TrackPointExtension>
            <gpxtpx:hr>159</gpxtpx:hr>
          </gpxtpx:TrackPointExtension>
        </extensions>
      </trkpt>
      <trkpt lat="22.733886432191152" lon="113.92983223926">
        <ele>29.711201854981482</ele>
        <time>1970-01-01T00:03:22.200000Z</time>
        <extensions>
          <gpxtpx:TrackPointExtension>
            <gpxtpx:hr>159</gpxtpx:hr>
          </gpxtpx:TrackPointExtension>
        </extensions>
      </trkpt>
      <trkpt lat="22.733891767689144" lon="113.9298555727159">
        <ele>29.717570803128183</ele>
        <time>1970-01-01T00:03:23.200000Z</time>
        <extensions>
          <gpxtpx:TrackPointExtension>
            <gpxtpx:hr>159</gpxtpx:hr>
          </gpxtpx:TrackPointExtension>
        </extensions>
      </trkpt>
      <trkpt lat="22.733897381012422" lon="113.92987891189001">
        <ele>29.72241892106831</ele>
        <time>1970-01-01T00:03:24.200000Z</time>
        <extensions>
          <gpxtpx:TrackPointExtension>
            <gpxtpx:hr>159</gpxtpx:hr>
          </gpxtpx:TrackPointExtension>
        </extensions>
      </trkpt>
      <trkpt lat="22.733902583914723" lon="113.92990265961143">
        <ele>29.726708684116602</ele>
        <time>1970-01-01T00:03:25.200000Z</time>
        <extensions>
          <gpxtpx:TrackPointExtension>
            <gpxtpx:hr>159</gpxtpx:hr>
          </gpxtpx:TrackPointExtension>
        </extensions>
      </trkpt>
      <trkpt lat="22.733907557378487" lon="113.92992599069932">
        <ele>29.731143007054925</ele>
        <time>1970-01-01T00:03:26.200000Z</time>
        <extensions>
          <gpxtpx:TrackPointExtension>
            <gpxtpx:hr>160</gpxtpx:hr>
          </gpxtpx:TrackPointExtension>
        </extensions>
      </trkpt>
      <trkpt lat="22.73391364200166" lon="113.92994750477136">
        <ele>29.73597912956029</ele>
        <time>1970-01-01T00:03:27.200000Z</time>
        <extensions>
          <gpxtpx:TrackPointExtension>
            <gpxtpx:hr>160</gpxtpx:hr>
          </gpxtpx:TrackPointExtension>
        </extensions>
      </trkpt>
      <trkpt lat="22.7339213488011" lon="113.92996674214669">
        <ele>29.741015948355198</ele>
        <time>1970-01-01T00:03:28.200000Z</time>
        <extensions>
          <gpxtpx:TrackPointExtension>
            <gpxtpx:hr>160</gpxtpx:hr>
          </gpxtpx:TrackPointExtension>
        </extensions>
      </trkpt>
      <trkpt lat="22.733930330174772" lon="113.92998474990053">
        <ele>29.745476909913123</ele>
        <time>1970-01-01T00:03:29.200000Z</time>
        <extensions>
          <gpxtpx:TrackPointExtension>
            <gpxtpx:hr>160</gpxtpx:hr>
          </gpxtpx:TrackPointExtension>
        </extensions>
      </trkpt>
      <trkpt lat="22.7339393964864" lon="113.93000303987547">
        <ele>29.748180216178298</ele>
        <time>1970-01-01T00:03:30.200000Z</time>
        <extensions>
          <gpxtpx:TrackPointExtension>
            <gpxtpx:hr>160</gpxtpx:hr>
          </gpxtpx:TrackPointExtension>
        </extensions>
      </trkpt>
      <trkpt lat="22.733947608459946" lon="113.93002264775555">
        <ele>29.74794590473175</ele>
        <time>1970-01-01T00:03:31.200000Z</time>
        <extensions>
          <gpxtpx:TrackPointExtension>
            <gpxtpx:hr>157</gpxtpx:hr>
          </gpxtpx:TrackPointExtension>
        </extensions>
      </trkpt>
      <trkpt lat="22.73395456402257" lon="113.9300438054067">
        <ele>29.74398655537516</ele>
        <time>1970-01-01T00:03:32.200000Z</time>
        <extensions>
          <gpxtpx:TrackPointExtension>
            <gpxtpx:hr>157</gpxtpx:hr>
          </gpxtpx:TrackPointExtension>
        </extensions>
      </trkpt>
      <trkpt lat="22.733960449549258" lon="113.93006628356771">
        <ele>29.73561583738774</ele>
        <time>1970-01-01T00:03:33.200000Z</time>
        <extensions>
          <gpxtpx:TrackPointExtension>
            <gpxtpx:hr>157</gpxtpx:hr>
          </gpxtpx:TrackPointExtension>
        </extensions>
      </trkpt>
      <trkpt lat="22.733965779936767" lon="113.93008882528376">
        <ele>29.723137088119984</ele>
        <time>1970-01-01T00:03:34.200000Z</time>
        <extensions>
          <gpxtpx:TrackPointExtension>
            <gpxtpx:hr>157</gpxtpx:hr>
          </gpxtpx:TrackPointExtension>
        </extensions>
      </trkpt>
      <trkpt lat="22.73397056627959" lon="113.93011057941918">
        <ele>29.707443172112107</ele>
        <time>1970-01-01T00:03:35.200000Z</time>
        <extensions>
          <gpxtpx:TrackPointExtension>
            <gpxtpx:hr>157</gpxtpx:hr>
          </gpxtpx:TrackPointExtension>
        </extensions>
      </trkpt>
      <trkpt lat="22.733975061745014" lon="113.93013221930855">
        <ele>29.68992790579796</ele>
        <time>1970-01-01T00:03:36.200000Z</time>
        <extensions>
          <gpxtpx:TrackPointExtension>
            <gpxtpx:hr>157</gpxtpx:hr>
          </gpxtpx:TrackPointExtension>
        </extensions>
      </trkpt>
      <trkpt lat="22.733978852073232" lon="113.93015367523105">
        <ele>29.672467733733356</ele>
        <time>1970-01-01T00:03:37.200000Z</time>
        <extensions>
          <gpxtpx:TrackPointExtension>
            <gpxtpx:hr>157</gpxtpx:hr>
          </gpxtpx:TrackPointExtension>
        </extensions>
      </trkpt>
      <trkpt lat="22.733981203664996" lon="113.93017425822691">
        <ele>29.657461997121572</ele>
        <time>1970-01-01T00:03:38.200000Z</time>
        <extensions>
          <gpxtpx:TrackPointExtension>
            <gpxtpx:hr>157</gpxtpx:hr>
          </gpxtpx:TrackPointExtension>
        </extensions>
      </trkpt>
      <trkpt lat="22.733982556492524" lon="113.93019465027108">
        <ele>29.647081470116973</ele>
        <time>1970-01-01T00:03:39.200000Z</time>
        <extensions>
          <gpxtpx:TrackPointExtension>
            <gpxtpx:hr>157</gpxtpx:hr>
          </gpxtpx:TrackPointExtension>
        </extensions>
      </trkpt>
      <trkpt lat="22.733983642149298" lon="113.93021464262593">
        <ele>29.6432269718498</ele>
        <time>1970-01-01T00:03:40.200000Z</time>
        <extensions>
          <gpxtpx:TrackPointExtension>
            <gpxtpx:hr>157</gpxtpx:hr>
          </gpxtpx:TrackPointExtension>
        </extensions>
      </trkpt>
      <trkpt lat="22.733985497252085" lon="113.9302341750187">
        <ele>29.64730202779174</ele>
        <time>1970-01-01T00:03:41.200000Z</time>
        <extensions>
          <gpxtpx:TrackPointExtension>
            <gpxtpx:hr>157</gpxtpx:hr>
          </gpxtpx:TrackPointExtension>
        </extensions>
      </trkpt>
      <trkpt lat="22.7339887658597" lon="113.93025363939395">
        <ele>29.659617892466486</ele>
        <time>1970-01-01T00:03:42.200000Z</time>
        <extensions>
          <gpxtpx:TrackPointExtension>
            <gpxtpx:hr>157</gpxtpx:hr>
          </gpxtpx:TrackPointExtension>
        </extensions>
      </trkpt>
      <trkpt lat="22.73399390042364" lon="113.930272499129">
        <ele>29.67956558149308</ele>
        <time>1970-01-01T00:03:43.200000Z</time>
        <extensions>
          <gpxtpx:TrackPointExtension>
            <gpxtpx:hr>157</gpxtpx:hr>
          </gpxtpx:TrackPointExtension>
        </extensions>
      </trkpt>
      <trkpt lat="22.73400042369193" lon="113.93028957627503">
        <ele>29.705333531834185</ele>
        <time>1970-01-01T00:03:44.200000Z</time>
        <extensions>
          <gpxtpx:TrackPointExtension>
            <gpxtpx:hr>157</gpxtpx:hr>
          </gpxtpx:TrackPointExtension>
        </extensions>
      </trkpt>
      <trkpt lat="22.73400774517577" lon="113.93030459079928">
        <ele>29.734193385578692</ele>
        <time>1970-01-01T00:03:45.200000Z</time>
        <extensions>
          <gpxtpx:TrackPointExtension>
            <gpxtpx:hr>159</gpxtpx:hr>
          </gpxtpx:TrackPointExtension>
        </extensions>
      </trkpt>
      <trkpt lat="22.73401549154747" lon="113.93031820217902">
        <ele>29.76294846367091</ele>
        <time>1970-01-01T00:03:46.200000Z</time>
        <extensions>
          <gpxtpx:TrackPointExtension>
            <gpxtpx:hr>159</gpxtpx:hr>
          </gpxtpx:TrackPointExtension>
        </extensions>
      </trkpt>
      <trkpt lat="22.734023090693587" lon="113.93033164284657">
        <ele>29.788599777966738</ele>
        <time>1970-01-01T00:03:47.200000Z</time>
        <extensions>
          <gpxtpx:TrackPointExtension>
            <gpxtpx:hr>159</gpxtpx:hr>
          </gpxtpx:TrackPointExtension>
        </extensions>
      </trkpt>
      <trkpt lat="22.734030731968573" lon="113.93034632523533">
        <ele>29.80847377050668</ele>
        <time>1970-01-01T00:03:48.200000Z</time>
        <extensions>
          <gpxtpx:TrackPointExtension>
            <gpxtpx:hr>159</gpxtpx:hr>
          </gpxtpx:TrackPointExtension>
        </extensions>
      </trkpt>
      <trkpt lat="22.734039180229754" lon="113.9303645641689">
        <ele>29.820906954817474</ele>
        <time>1970-01-01T00:03:49.200000Z</time>
        <extensions>
          <gpxtpx:TrackPointExtension>
            <gpxtpx:hr>159</gpxtpx:hr>
          </gpxtpx:TrackPointExtension>
        </extensions>
      </trkpt>
      <trkpt lat="22.73404877739173" lon="113.93038686318387">
        <ele>29.825372933410108</ele>
        <time>1970-01-01T00:03:50.200000Z</time>
        <extensions>
          <gpxtpx:TrackPointExtension>
            <gpxtpx:hr>159</gpxtpx:hr>
          </gpxtpx:TrackPointExtension>
        </extensions>
      </trkpt>
      <trkpt lat="22.734059467225283" lon="113.93041198251427">
        <ele>29.821991446428</ele>
        <time>1970-01-01T00:03:51.200000Z</time>
        <extensions>
          <gpxtpx:TrackPointExtension>
            <gpxtpx:hr>159</gpxtpx:hr>
          </gpxtpx:TrackPointExtension>
        </extensions>
      </trkpt>
      <trkpt lat="22.73407027933899" lon="113.93043850767823">
        <ele>29.81218367163092</ele>
        <time>1970-01-01T00:03:52.200000Z</time>
        <extensions>
          <gpxtpx:TrackPointExtension>
            <gpxtpx:hr>157</gpxtpx:hr>
          </gpxtpx:TrackPointExtension>
        </extensions>
      </trkpt>
      <trkpt lat="22.73408056397826" lon="113.93046535705103">
        <ele>29.79803360812366</ele>
        <time>1970-01-01T00:03:53.200000Z</time>
        <extensions>
          <gpxtpx:TrackPointExtension>
            <gpxtpx:hr>157</gpxtpx:hr>
          </gpxtpx:TrackPointExtension>
        </extensions>
      </trkpt>
      <trkpt lat="22.73409090926067" lon="113.93049162476231">
        <ele>29.78218012023717</ele>
        <time>1970-01-01T00:03:54.200000Z</time>
        <extensions>
          <gpxtpx:TrackPointExtension>
            <gpxtpx:hr>157</gpxtpx:hr>
          </gpxtpx:TrackPointExtension>
        </extensions>
      </trkpt>
      <trkpt lat="22.734102108767864" lon="113.93051700070242">
        <ele>29.767615186981857</ele>
        <time>1970-01-01T00:03:55.200000Z</time>
        <extensions>
          <gpxtpx:TrackPointExtension>
            <gpxtpx:hr>157</gpxtpx:hr>
          </gpxtpx:TrackPointExtension>
        </extensions>
      </trkpt>
      <trkpt lat="22.734114468572567" lon="113.93054160825801">
        <ele>29.757538687437773</ele>
        <time>1970-01-01T00:03:56.200000Z</time>
        <extensions>
          <gpxtpx:TrackPointExtension>
            <gpxtpx:hr>157</gpxtpx:hr>
          </gpxtpx:TrackPointExtension>
        </extensions>
      </trkpt>
      <trkpt lat="22.73412767729468" lon="113.93056535166241">
        <ele>29.754270343109965</ele>
        <time>1970-01-01T00:03:57.200000Z</time>
        <extensions>
          <gpxtpx:TrackPointExtension>
            <gpxtpx:hr>157</gpxtpx:hr>
          </gpxtpx:TrackPointExtension>
        </extensions>
      </trkpt>
      <trkpt lat="22.734141100962283" lon="113.93058815593967">
        <ele>29.75948633439839</ele>
        <time>1970-01-01T00:03:58.200000Z</time>
        <extensions>
          <gpxtpx:TrackPointExtension>
            <gpxtpx:hr>157</gpxtpx:hr>
          </gpxtpx:TrackPointExtension>
        </extensions>
      </trkpt>
      <trkpt lat="22.734153301759513" lon="113.93061043086495">
        <ele>29.77402121014893</ele>
        <time>1970-01-01T00:03:59.200000Z</time>
        <extensions>
          <gpxtpx:TrackPointExtension>
            <gpxtpx:hr>157</gpxtpx:hr>
          </gpxtpx:TrackPointExtension>
        </extensions>
      </trkpt>
      <trkpt lat="22.734163703104958" lon="113.93063363408045">
        <ele>29.797689695842564</ele>
        <time>1970-01-01T00:04:00.200000Z</time>
        <extensions>
          <gpxtpx:TrackPointExtension>
            <gpxtpx:hr>157</gpxtpx:hr>
          </gpxtpx:TrackPointExtension>
        </extensions>
      </trkpt>
      <trkpt lat="22.734172852184354" lon="113.93065815063927">
        <ele>29.829393710009754</ele>
        <time>1970-01-01T00:04:01.200000Z</time>
        <extensions>
          <gpxtpx:TrackPointExtension>
            <gpxtpx:hr>157</gpxtpx:hr>
          </gpxtpx:TrackPointExtension>
        </extensions>
      </trkpt>
      <trkpt lat="22.734181272059963" lon="113.9306825669272">
        <ele>29.867060710676014</ele>
        <time>1970-01-01T00:04:02.200000Z</time>
        <extensions>
          <gpxtpx:TrackPointExtension>
            <gpxtpx:hr>157</gpxtpx:hr>
          </gpxtpx:TrackPointExtension>
        </extensions>
      </trkpt>
      <trkpt lat="22.73418984605172" lon="113.93070624914478">
        <ele>29.908012838102877</ele>
        <time>1970-01-01T00:04:03.200000Z</time>
        <extensions>
          <gpxtpx:TrackPointExtension>
            <gpxtpx:hr>157</gpxtpx:hr>
          </gpxtpx:TrackPointExtension>
        </extensions>
      </trkpt>
      <trkpt lat="22.734199397150835" lon="113.93072922228886">
        <ele>29.94937562569976</ele>
        <time>1970-01-01T00:04:04.200000Z</time>
        <extensions>
          <gpxtpx:TrackPointExtension>
            <gpxtpx:hr>157</gpxtpx:hr>
          </gpxtpx:TrackPointExtension>
        </extensions>
      </trkpt>
      <trkpt lat="22.734209988324647" lon="113.93075163138467">
        <ele>29.988358861766756</ele>
        <time>1970-01-01T00:04:05.200000Z</time>
        <extensions>
          <gpxtpx:TrackPointExtension>
            <gpxtpx:hr>157</gpxtpx:hr>
          </gpxtpx:TrackPointExtension>
        </extensions>
      </trkpt>
      <trkpt lat="22.73422112116068" lon="113.93077383970673">
        <ele>30.022827999666333</ele>
        <time>1970-01-01T00:04:06.200000Z</time>
        <extensions>
          <gpxtpx:TrackPointExtension>
            <gpxtpx:hr>157</gpxtpx:hr>
          </gpxtpx:TrackPointExtension>
        </extensions>
      </trkpt>
      <trkpt lat="22.734232221130654" lon="113.93079690972519">
        <ele>30.05146609991789</ele>
        <time>1970-01-01T00:04:07.200000Z</time>
        <extensions>
          <gpxtpx:TrackPointExtension>
            <gpxtpx:hr>157</gpxtpx:hr>
          </gpxtpx:TrackPointExtension>
        </extensions>
      </trkpt>
      <trkpt lat="22.734242600299766" lon="113.93082115808258">
        <ele>30.073708387091756</ele>
        <time>1970-01-01T00:04:08.200000Z</time>
        <extensions>
          <gpxtpx:TrackPointExtension>
            <gpxtpx:hr>157</gpxtpx:hr>
          </gpxtpx:TrackPointExtension>
        </extensions>
      </trkpt>
      <trkpt lat="22.73425195694617" lon="113.93084643864213">
        <ele>30.08952177874744</ele>
        <time>1970-01-01T00:04:09.200000Z</time>
        <extensions>
          <gpxtpx:TrackPointExtension>
            <gpxtpx:hr>157</gpxtpx:hr>
          </gpxtpx:TrackPointExtension>
        </extensions>
      </trkpt>
      <trkpt lat="22.734259868797796" lon="113.93087271819563">
        <ele>30.09914018213749</ele>
        <time>1970-01-01T00:04:10.200000Z</time>
        <extensions>
          <gpxtpx:TrackPointExtension>
            <gpxtpx:hr>157</gpxtpx:hr>
          </gpxtpx:TrackPointExtension>
        </extensions>
      </trkpt>
      <trkpt lat="22.734265811133167" lon="113.93089972912311">
        <ele>30.102815963327885</ele>
        <time>1970-01-01T00:04:11.200000Z</time>
        <extensions>
          <gpxtpx:TrackPointExtension>
            <gpxtpx:hr>157</gpxtpx:hr>
          </gpxtpx:TrackPointExtension>
        </extensions>
      </trkpt>
      <trkpt lat="22.73426979259445" lon="113.93092689290164">
        <ele>30.101063264533877</ele>
        <time>1970-01-01T00:04:12.200000Z</time>
        <extensions>
          <gpxtpx:TrackPointExtension>
            <gpxtpx:hr>157</gpxtpx:hr>
          </gpxtpx:TrackPointExtension>
        </extensions>
      </trkpt>
      <trkpt lat="22.734272247584098" lon="113.93095393605282">
        <ele>30.094610466621816</ele>
        <time>1970-01-01T00:04:13.200000Z</time>
        <extensions>
          <gpxtpx:TrackPointExtension>
            <gpxtpx:hr>157</gpxtpx:hr>
          </gpxtpx:TrackPointExtension>
        </extensions>
      </trkpt>
      <trkpt lat="22.734274077996158" lon="113.93098088849302">
        <ele>30.084117100574076</ele>
        <time>1970-01-01T00:04:14.200000Z</time>
        <extensions>
          <gpxtpx:TrackPointExtension>
            <gpxtpx:hr>157</gpxtpx:hr>
          </gpxtpx:TrackPointExtension>
        </extensions>
      </trkpt>
      <trkpt lat="22.734276052402134" lon="113.93100784285639">
        <ele>30.070599518716335</ele>
        <time>1970-01-01T00:04:15.200000Z</time>
        <extensions>
          <gpxtpx:TrackPointExtension>
            <gpxtpx:hr>157</gpxtpx:hr>
          </gpxtpx:TrackPointExtension>
        </extensions>
      </trkpt>
      <trkpt lat="22.734278765528106" lon="113.93103461147948">
        <ele>30.055273924022913</ele>
        <time>1970-01-01T00:04:16.200000Z</time>
        <extensions>
          <gpxtpx:TrackPointExtension>
            <gpxtpx:hr>159</gpxtpx:hr>
          </gpxtpx:TrackPointExtension>
        </extensions>
      </trkpt>
      <trkpt lat="22.73428196497154" lon="113.93106100455499">
        <ele>30.039523219689727</ele>
        <time>1970-01-01T00:04:17.200000Z</time>
        <extensions>
          <gpxtpx:TrackPointExtension>
            <gpxtpx:hr>159</gpxtpx:hr>
          </gpxtpx:TrackPointExtension>
        </extensions>
      </trkpt>
      <trkpt lat="22.734285497381848" lon="113.93108712330691">
        <ele>30.024844993837178</ele>
        <time>1970-01-01T00:04:18.200000Z</time>
        <extensions>
          <gpxtpx:TrackPointExtension>
            <gpxtpx:hr>159</gpxtpx:hr>
          </gpxtpx:TrackPointExtension>
        </extensions>
      </trkpt>
      <trkpt lat="22.734289074557097" lon="113.93111309483879">
        <ele>30.012887274846435</ele>
        <time>1970-01-01T00:04:19.200000Z</time>
        <extensions>
          <gpxtpx:TrackPointExtension>
            <gpxtpx:hr>159</gpxtpx:hr>
          </gpxtpx:TrackPointExtension>
        </extensions>
      </trkpt>
      <trkpt lat="22.73429299790859" lon="113.9311389961018">
        <ele>30.005105094984174</ele>
        <time>1970-01-01T00:04:20.200000Z</time>
        <extensions>
          <gpxtpx:TrackPointExtension>
            <gpxtpx:hr>159</gpxtpx:hr>
          </gpxtpx:TrackPointExtension>
        </extensions>
      </trkpt>
      <trkpt lat="22.734297673463836" lon="113.93116510090313">
        <ele>30.002618125639856</ele>
        <time>1970-01-01T00:04:21.200000Z</time>
        <extensions>
          <gpxtpx:TrackPointExtension>
            <gpxtpx:hr>160</gpxtpx:hr>
          </gpxtpx:TrackPointExtension>
        </extensions>
      </trkpt>
      <trkpt lat="22.734303382287685" lon="113.93119085892359">
        <ele>30.00588641874492</ele>
        <time>1970-01-01T00:04:22.200000Z</time>
        <extensions>
          <gpxtpx:TrackPointExtension>
            <gpxtpx:hr>160</gpxtpx:hr>
          </gpxtpx:TrackPointExtension>
        </extensions>
      </trkpt>
      <trkpt lat="22.73431047332222" lon="113.93121507084946">
        <ele>30.01455979514867</ele>
        <time>1970-01-01T00:04:23.200000Z</time>
        <extensions>
          <gpxtpx:TrackPointExtension>
            <gpxtpx:hr>160</gpxtpx:hr>
          </gpxtpx:TrackPointExtension>
        </extensions>
      </trkpt>
      <trkpt lat="22.734318379974496" lon="113.93123742730876">
        <ele>30.027825502678752</ele>
        <time>1970-01-01T00:04:24.200000Z</time>
        <extensions>
          <gpxtpx:TrackPointExtension>
            <gpxtpx:hr>160</gpxtpx:hr>
          </gpxtpx:TrackPointExtension>
        </extensions>
      </trkpt>
      <trkpt lat="22.73432707569933" lon="113.93125893788996">
        <ele>30.044063046574593</ele>
        <time>1970-01-01T00:04:25.200000Z</time>
        <extensions>
          <gpxtpx:TrackPointExtension>
            <gpxtpx:hr>160</gpxtpx:hr>
          </gpxtpx:TrackPointExtension>
        </extensions>
      </trkpt>
      <trkpt lat="22.734336914451298" lon="113.93127990685085">
        <ele>30.061361147090793</ele>
        <time>1970-01-01T00:04:26.200000Z</time>
        <extensions>
          <gpxtpx:TrackPointExtension>
            <gpxtpx:hr>160</gpxtpx:hr>
          </gpxtpx:TrackPointExtension>
        </extensions>
      </trkpt>
      <trkpt lat="22.734347215388592" lon="113.93130100377677">
        <ele>30.07787085790187</ele>
        <time>1970-01-01T00:04:27.200000Z</time>
        <extensions>
          <gpxtpx:TrackPointExtension>
            <gpxtpx:hr>160</gpxtpx:hr>
          </gpxtpx:TrackPointExtension>
        </extensions>
      </trkpt>
      <trkpt lat="22.73435753850115" lon="113.93132295930901">
        <ele>30.09200327284634</ele>
        <time>1970-01-01T00:04:28.200000Z</time>
        <extensions>
          <gpxtpx:TrackPointExtension>
            <gpxtpx:hr>160</gpxtpx:hr>
          </gpxtpx:TrackPointExtension>
        </extensions>
      </trkpt>
      <trkpt lat="22.734367874120846" lon="113.93134535014936">
        <ele>30.102396784350276</ele>
        <time>1970-01-01T00:04:29.200000Z</time>
        <extensions>
          <gpxtpx:TrackPointExtension>
            <gpxtpx:hr>160</gpxtpx:hr>
          </gpxtpx:TrackPointExtension>
        </extensions>
      </trkpt>
      <trkpt lat="22.73437851294233" lon="113.93136832190167">
        <ele>30.10800996143371</ele>
        <time>1970-01-01T00:04:30.200000Z</time>
        <extensions>
          <gpxtpx:TrackPointExtension>
            <gpxtpx:hr>160</gpxtpx:hr>
          </gpxtpx:TrackPointExtension>
        </extensions>
      </trkpt>
      <trkpt lat="22.734389648748333" lon="113.93139206259274">
        <ele>30.108040566556156</ele>
        <time>1970-01-01T00:04:31.200000Z</time>
        <extensions>
          <gpxtpx:TrackPointExtension>
            <gpxtpx:hr>160</gpxtpx:hr>
          </gpxtpx:TrackPointExtension>
        </extensions>
      </trkpt>
      <trkpt lat="22.734401228832095" lon="113.9314159419935">
        <ele>30.101873334497213</ele>
        <time>1970-01-01T00:04:32.200000Z</time>
        <extensions>
          <gpxtpx:TrackPointExtension>
            <gpxtpx:hr>160</gpxtpx:hr>
          </gpxtpx:TrackPointExtension>
        </extensions>
      </trkpt>
      <trkpt lat="22.734412675589986" lon="113.93143901929648">
        <ele>30.089793127030134</ele>
        <time>1970-01-01T00:04:33.200000Z</time>
        <extensions>
          <gpxtpx:TrackPointExtension>
            <gpxtpx:hr>160</gpxtpx:hr>
          </gpxtpx:TrackPointExtension>
        </extensions>
      </trkpt>
      <trkpt lat="22.734423424356038" lon="113.93146116733489">
        <ele>30.072397796437144</ele>
        <time>1970-01-01T00:04:34.200000Z</time>
        <extensions>
          <gpxtpx:TrackPointExtension>
            <gpxtpx:hr>160</gpxtpx:hr>
          </gpxtpx:TrackPointExtension>
        </extensions>
      </trkpt>
      <trkpt lat="22.73443421799216" lon="113.93148291335397">
        <ele>30.05123251862824</ele>
        <time>1970-01-01T00:04:35.200000Z</time>
      </trkpt>
      <trkpt lat="22.734445125059636" lon="113.9315056038053">
        <ele>30.028610279783607</ele>
        <time>1970-01-01T00:04:36.200000Z</time>
      </trkpt>
      <trkpt lat="22.734455824654507" lon="113.93152962827618">
        <ele>30.007181752473116</ele>
        <time>1970-01-01T00:04:37.200000Z</time>
      </trkpt>
      <trkpt lat="22.73446637319257" lon="113.93155529342671">
        <ele>29.98951505124569</ele>
        <time>1970-01-01T00:04:38.200000Z</time>
      </trkpt>
      <trkpt lat="22.7344768518048" lon="113.93158161230421">
        <ele>29.978377116844058</ele>
        <time>1970-01-01T00:04:39.200000Z</time>
      </trkpt>
      <trkpt lat="22.734487497608175" lon="113.93160721247267">
        <ele>29.976113186217844</ele>
        <time>1970-01-01T00:04:40.200000Z</time>
      </trkpt>
      <trkpt lat="22.734498079267784" lon="113.93163179323444">
        <ele>29.984256242401898</ele>
        <time>1970-01-01T00:04:41.200000Z</time>
      </trkpt>
      <trkpt lat="22.734508284938435" lon="113.93165535202085">
        <ele>30.003669561818242</ele>
        <time>1970-01-01T00:04:42.200000Z</time>
      </trkpt>
      <trkpt lat="22.73451758718701" lon="113.93167864646523">
        <ele>30.03375197481364</ele>
        <time>1970-01-01T00:04:43.200000Z</time>
      </trkpt>
      <trkpt lat="22.734526200216134" lon="113.93170235172727">
        <ele>30.07266662362963</ele>
        <time>1970-01-01T00:04:44.200000Z</time>
      </trkpt>
      <trkpt lat="22.734535111997946" lon="113.93172550021374">
        <ele>30.117379122413695</ele>
        <time>1970-01-01T00:04:45.200000Z</time>
        <extensions>
          <gpxtpx:TrackPointExtension>
            <gpxtpx:hr>167</gpxtpx:hr>
          </gpxtpx:TrackPointExtension>
        </extensions>
      </trkpt>
      <trkpt lat="22.734544387548205" lon="113.93174707542987">
        <ele>30.163982116617262</ele>
        <time>1970-01-01T00:04:46.200000Z</time>
        <extensions>
          <gpxtpx:TrackPointExtension>
            <gpxtpx:hr>167</gpxtpx:hr>
          </gpxtpx:TrackPointExtension>
        </extensions>
      </trkpt>
      <trkpt lat="22.734553813951436" lon="113.93176741521273">
        <ele>30.208190171979368</ele>
        <time>1970-01-01T00:04:47.200000Z</time>
        <extensions>
          <gpxtpx:TrackPointExtension>
            <gpxtpx:hr>167</gpxtpx:hr>
          </gpxtpx:TrackPointExtension>
        </extensions>
      </trkpt>
      <trkpt lat="22.734562784768062" lon="113.93178718991186">
        <ele>30.24645474459976</ele>
        <time>1970-01-01T00:04:48.200000Z</time>
        <extensions>
          <gpxtpx:TrackPointExtension>
            <gpxtpx:hr>167</gpxtpx:hr>
          </gpxtpx:TrackPointExtension>
        </extensions>
      </trkpt>
      <trkpt lat="22.734570128925082" lon="113.93180770863403">
        <ele>30.276176433078945</ele>
        <time>1970-01-01T00:04:49.200000Z</time>
        <extensions>
          <gpxtpx:TrackPointExtension>
            <gpxtpx:hr>167</gpxtpx:hr>
          </gpxtpx:TrackPointExtension>
        </extensions>
      </trkpt>
      <trkpt lat="22.734575799864363" lon="113.93182943289398">
        <ele>30.296044643968344</ele>
        <time>1970-01-01T00:04:50.200000Z</time>
        <extensions>
          <gpxtpx:TrackPointExtension>
            <gpxtpx:hr>167</gpxtpx:hr>
          </gpxtpx:TrackPointExtension>
        </extensions>
      </trkpt>
      <trkpt lat="22.734581173916396" lon="113.93185194040068">
        <ele>30.3060783771798</ele>
        <time>1970-01-01T00:04:51.200000Z</time>
        <extensions>
          <gpxtpx:TrackPointExtension>
            <gpxtpx:hr>167</gpxtpx:hr>
          </gpxtpx:TrackPointExtension>
        </extensions>
      </trkpt>
      <trkpt lat="22.734587521740934" lon="113.93187421633301">
        <ele>30.307471772655845</ele>
        <time>1970-01-01T00:04:52.200000Z</time>
        <extensions>
          <gpxtpx:TrackPointExtension>
            <gpxtpx:hr>167</gpxtpx:hr>
          </gpxtpx:TrackPointExtension>
        </extensions>
      </trkpt>
      <trkpt lat="22.734595456834526" lon="113.93189511227077">
        <ele>30.30202808044851</ele>
        <time>1970-01-01T00:04:53.200000Z</time>
        <extensions>
          <gpxtpx:TrackPointExtension>
            <gpxtpx:hr>167</gpxtpx:hr>
          </gpxtpx:TrackPointExtension>
        </extensions>
      </trkpt>
      <trkpt lat="22.734604515666945" lon="113.93191540331682">
        <ele>30.291872748173773</ele>
        <time>1970-01-01T00:04:54.200000Z</time>
        <extensions>
          <gpxtpx:TrackPointExtension>
            <gpxtpx:hr>167</gpxtpx:hr>
          </gpxtpx:TrackPointExtension>
        </extensions>
      </trkpt>
      <trkpt lat="22.734614039999286" lon="113.93193603808265">
        <ele>30.279124703258276</ele>
        <time>1970-01-01T00:04:55.200000Z</time>
        <extensions>
          <gpxtpx:TrackPointExtension>
            <gpxtpx:hr>167</gpxtpx:hr>
          </gpxtpx:TrackPointExtension>
        </extensions>
      </trkpt>
      <trkpt lat="22.734623678263535" lon="113.93195677041282">
        <ele>30.26575387455523</ele>
        <time>1970-01-01T00:04:56.200000Z</time>
        <extensions>
          <gpxtpx:TrackPointExtension>
            <gpxtpx:hr>167</gpxtpx:hr>
          </gpxtpx:TrackPointExtension>
        </extensions>
      </trkpt>
      <trkpt lat="22.734633703955602" lon="113.93197730815217">
        <ele>30.253137040883303</ele>
        <time>1970-01-01T00:04:57.200000Z</time>
        <extensions>
          <gpxtpx:TrackPointExtension>
            <gpxtpx:hr>167</gpxtpx:hr>
          </gpxtpx:TrackPointExtension>
        </extensions>
      </trkpt>
      <trkpt lat="22.734645004371895" lon="113.93199752170995">
        <ele>30.241871932521462</ele>
        <time>1970-01-01T00:04:58.200000Z</time>
        <extensions>
          <gpxtpx:TrackPointExtension>
            <gpxtpx:hr>166</gpxtpx:hr>
          </gpxtpx:TrackPointExtension>
        </extensions>
      </trkpt>
      <trkpt lat="22.734657261263976" lon="113.93201694596404">
        <ele>30.231928072869778</ele>
        <time>1970-01-01T00:04:59.200000Z</time>
        <extensions>
          <gpxtpx:TrackPointExtension>
            <gpxtpx:hr>166</gpxtpx:hr>
          </gpxtpx:TrackPointExtension>
        </extensions>
      </trkpt>
      <trkpt lat="22.734669420747785" lon="113.9320352543708">
        <ele>30.2229774761945</ele>
        <time>1970-01-01T00:05:00.200000Z</time>
        <extensions>
          <gpxtpx:TrackPointExtension>
            <gpxtpx:hr>166</gpxtpx:hr>
          </gpxtpx:TrackPointExtension>
        </extensions>
      </trkpt>
      <trkpt lat="22.73468075974107" lon="113.93205360190451">
        <ele>30.214474321343005</ele>
        <time>1970-01-01T00:05:01.200000Z</time>
        <extensions>
          <gpxtpx:TrackPointExtension>
            <gpxtpx:hr>166</gpxtpx:hr>
          </gpxtpx:TrackPointExtension>
        </extensions>
      </trkpt>
      <trkpt lat="22.734690402395934" lon="113.93207278499969">
        <ele>30.205975275486708</ele>
        <time>1970-01-01T00:05:02.200000Z</time>
        <extensions>
          <gpxtpx:TrackPointExtension>
            <gpxtpx:hr>166</gpxtpx:hr>
          </gpxtpx:TrackPointExtension>
        </extensions>
      </trkpt>
      <trkpt lat="22.73469774863507" lon="113.93209280284988">
        <ele>30.197345196269453</ele>
        <time>1970-01-01T00:05:03.200000Z</time>
        <extensions>
          <gpxtpx:TrackPointExtension>
            <gpxtpx:hr>166</gpxtpx:hr>
          </gpxtpx:TrackPointExtension>
        </extensions>
      </trkpt>
      <trkpt lat="22.73470365297139" lon="113.93211289028687">
        <ele>30.188684286549687</ele>
        <time>1970-01-01T00:05:04.200000Z</time>
        <extensions>
          <gpxtpx:TrackPointExtension>
            <gpxtpx:hr>167</gpxtpx:hr>
          </gpxtpx:TrackPointExtension>
        </extensions>
      </trkpt>
      <trkpt lat="22.734709474185344" lon="113.93213107935543">
        <ele>30.180108223110437</ele>
        <time>1970-01-01T00:05:05.200000Z</time>
        <extensions>
          <gpxtpx:TrackPointExtension>
            <gpxtpx:hr>167</gpxtpx:hr>
          </gpxtpx:TrackPointExtension>
        </extensions>
      </trkpt>
      <trkpt lat="22.734714984443826" lon="113.93214549036665">
        <ele>30.1715170443058</ele>
        <time>1970-01-01T00:05:06.200000Z</time>
        <extensions>
          <gpxtpx:TrackPointExtension>
            <gpxtpx:hr>167</gpxtpx:hr>
          </gpxtpx:TrackPointExtension>
        </extensions>
      </trkpt>
      <trkpt lat="22.734720907412107" lon="113.93215595424907">
        <ele>30.162627078592777</ele>
        <time>1970-01-01T00:05:07.200000Z</time>
        <extensions>
          <gpxtpx:TrackPointExtension>
            <gpxtpx:hr>167</gpxtpx:hr>
          </gpxtpx:TrackPointExtension>
        </extensions>
      </trkpt>
      <trkpt lat="22.734728177472594" lon="113.93216495564455">
        <ele>30.153219358064234</ele>
        <time>1970-01-01T00:05:08.200000Z</time>
        <extensions>
          <gpxtpx:TrackPointExtension>
            <gpxtpx:hr>167</gpxtpx:hr>
          </gpxtpx:TrackPointExtension>
        </extensions>
      </trkpt>
      <trkpt lat="22.734736133990044" lon="113.9321744471588">
        <ele>30.143341795541346</ele>
        <time>1970-01-01T00:05:09.200000Z</time>
        <extensions>
          <gpxtpx:TrackPointExtension>
            <gpxtpx:hr>167</gpxtpx:hr>
          </gpxtpx:TrackPointExtension>
        </extensions>
      </trkpt>
      <trkpt lat="22.73474467076541" lon="113.93218547769239">
        <ele>30.132920728996396</ele>
        <time>1970-01-01T00:05:10.200000Z</time>
        <extensions>
          <gpxtpx:TrackPointExtension>
            <gpxtpx:hr>168</gpxtpx:hr>
          </gpxtpx:TrackPointExtension>
        </extensions>
      </trkpt>
      <trkpt lat="22.734753352682947" lon="113.93219851628669">
        <ele>30.122725712135434</ele>
        <time>1970-01-01T00:05:11.200000Z</time>
        <extensions>
          <gpxtpx:TrackPointExtension>
            <gpxtpx:hr>168</gpxtpx:hr>
          </gpxtpx:TrackPointExtension>
        </extensions>
      </trkpt>
      <trkpt lat="22.734761818254682" lon="113.93221394544838">
        <ele>30.113757787272334</ele>
        <time>1970-01-01T00:05:12.200000Z</time>
        <extensions>
          <gpxtpx:TrackPointExtension>
            <gpxtpx:hr>168</gpxtpx:hr>
          </gpxtpx:TrackPointExtension>
        </extensions>
      </trkpt>
      <trkpt lat="22.734769727794394" lon="113.93223275317658">
        <ele>30.10712685622275</ele>
        <time>1970-01-01T00:05:13.200000Z</time>
        <extensions>
          <gpxtpx:TrackPointExtension>
            <gpxtpx:hr>168</gpxtpx:hr>
          </gpxtpx:TrackPointExtension>
        </extensions>
      </trkpt>
      <trkpt lat="22.734776396327053" lon="113.9322549834425">
        <ele>30.104075535200536</ele>
        <time>1970-01-01T00:05:14.200000Z</time>
        <extensions>
          <gpxtpx:TrackPointExtension>
            <gpxtpx:hr>168</gpxtpx:hr>
          </gpxtpx:TrackPointExtension>
        </extensions>
      </trkpt>
      <trkpt lat="22.73478048343438" lon="113.93227905915899">
        <ele>30.10637812782079</ele>
        <time>1970-01-01T00:05:15.200000Z</time>
        <extensions>
          <gpxtpx:TrackPointExtension>
            <gpxtpx:hr>166</gpxtpx:hr>
          </gpxtpx:TrackPointExtension>
        </extensions>
      </trkpt>
      <trkpt lat="22.734781913008913" lon="113.9323031468276">
        <ele>30.11530274990946</ele>
        <time>1970-01-01T00:05:16.200000Z</time>
        <extensions>
          <gpxtpx:TrackPointExtension>
            <gpxtpx:hr>166</gpxtpx:hr>
          </gpxtpx:TrackPointExtension>
        </extensions>
      </trkpt>
      <trkpt lat="22.734782448781704" lon="113.9323265635324">
        <ele>30.13190982863307</ele>
        <time>1970-01-01T00:05:17.200000Z</time>
        <extensions>
          <gpxtpx:TrackPointExtension>
            <gpxtpx:hr>166</gpxtpx:hr>
          </gpxtpx:TrackPointExtension>
        </extensions>
      </trkpt>
      <trkpt lat="22.734783600137366" lon="113.93234924092164">
        <ele>30.156852805987</ele>
        <time>1970-01-01T00:05:18.200000Z</time>
        <extensions>
          <gpxtpx:TrackPointExtension>
            <gpxtpx:hr>166</gpxtpx:hr>
          </gpxtpx:TrackPointExtension>
        </extensions>
      </trkpt>
      <trkpt lat="22.734785711527696" lon="113.93237148168879">
        <ele>30.18980471789837</ele>
        <time>1970-01-01T00:05:19.200000Z</time>
        <extensions>
          <gpxtpx:TrackPointExtension>
            <gpxtpx:hr>166</gpxtpx:hr>
          </gpxtpx:TrackPointExtension>
        </extensions>
      </trkpt>
      <trkpt lat="22.734787804794493" lon="113.93239400895433">
        <ele>30.22945648059249</ele>
        <time>1970-01-01T00:05:20.200000Z</time>
        <extensions>
          <gpxtpx:TrackPointExtension>
            <gpxtpx:hr>166</gpxtpx:hr>
          </gpxtpx:TrackPointExtension>
        </extensions>
      </trkpt>
      <trkpt lat="22.734789437093088" lon="113.93241754716709">
        <ele>30.2732743807137</ele>
        <time>1970-01-01T00:05:21.200000Z</time>
        <extensions>
          <gpxtpx:TrackPointExtension>
            <gpxtpx:hr>164</gpxtpx:hr>
          </gpxtpx:TrackPointExtension>
        </extensions>
      </trkpt>
      <trkpt lat="22.73479127182027" lon="113.93244216174786">
        <ele>30.31784936133772</ele>
        <time>1970-01-01T00:05:22.200000Z</time>
        <extensions>
          <gpxtpx:TrackPointExtension>
            <gpxtpx:hr>164</gpxtpx:hr>
          </gpxtpx:TrackPointExtension>
        </extensions>
      </trkpt>
      <trkpt lat="22.734793309353307" lon="113.93246727601647">
        <ele>30.359480473212898</ele>
        <time>1970-01-01T00:05:23.200000Z</time>
        <extensions>
          <gpxtpx:TrackPointExtension>
            <gpxtpx:hr>164</gpxtpx:hr>
          </gpxtpx:TrackPointExtension>
        </extensions>
      </trkpt>
      <trkpt lat="22.734795807010116" lon="113.9324918191986">
        <ele>30.394533873535693</ele>
        <time>1970-01-01T00:05:24.200000Z</time>
        <extensions>
          <gpxtpx:TrackPointExtension>
            <gpxtpx:hr>164</gpxtpx:hr>
          </gpxtpx:TrackPointExtension>
        </extensions>
      </trkpt>
      <trkpt lat="22.734799602977457" lon="113.93251596105834">
        <ele>30.420204498805106</ele>
        <time>1970-01-01T00:05:25.200000Z</time>
        <extensions>
          <gpxtpx:TrackPointExtension>
            <gpxtpx:hr>164</gpxtpx:hr>
          </gpxtpx:TrackPointExtension>
        </extensions>
      </trkpt>
      <trkpt lat="22.734804456654043" lon="113.93253984480468">
        <ele>30.43488504830748</ele>
        <time>1970-01-01T00:05:26.200000Z</time>
        <extensions>
          <gpxtpx:TrackPointExtension>
            <gpxtpx:hr>164</gpxtpx:hr>
          </gpxtpx:TrackPointExtension>
        </extensions>
      </trkpt>
      <trkpt lat="22.734810686396347" lon="113.93256265348953">
        <ele>30.43808571062982</ele>
        <time>1970-01-01T00:05:27.200000Z</time>
        <extensions>
          <gpxtpx:TrackPointExtension>
            <gpxtpx:hr>164</gpxtpx:hr>
          </gpxtpx:TrackPointExtension>
        </extensions>
      </trkpt>
      <trkpt lat="22.734818163711928" lon="113.93258381382495">
        <ele>30.430076609365642</ele>
        <time>1970-01-01T00:05:28.200000Z</time>
        <extensions>
          <gpxtpx:TrackPointExtension>
            <gpxtpx:hr>164</gpxtpx:hr>
          </gpxtpx:TrackPointExtension>
        </extensions>
      </trkpt>
      <trkpt lat="22.734826780319164" lon="113.93260309239902">
        <ele>30.4118765713647</ele>
        <time>1970-01-01T00:05:29.200000Z</time>
        <extensions>
          <gpxtpx:TrackPointExtension>
            <gpxtpx:hr>164</gpxtpx:hr>
          </gpxtpx:TrackPointExtension>
        </extensions>
      </trkpt>
      <trkpt lat="22.734835966236012" lon="113.9326208861891">
        <ele>30.38473915308714</ele>
        <time>1970-01-01T00:05:30.200000Z</time>
        <extensions>
          <gpxtpx:TrackPointExtension>
            <gpxtpx:hr>164</gpxtpx:hr>
          </gpxtpx:TrackPointExtension>
        </extensions>
      </trkpt>
      <trkpt lat="22.734843695907205" lon="113.93263793072798">
        <ele>30.350046046078205</ele>
        <time>1970-01-01T00:05:31.200000Z</time>
        <extensions>
          <gpxtpx:TrackPointExtension>
            <gpxtpx:hr>164</gpxtpx:hr>
          </gpxtpx:TrackPointExtension>
        </extensions>
      </trkpt>
      <trkpt lat="22.734849320024317" lon="113.93265540162346">
        <ele>30.309258084744215</ele>
        <time>1970-01-01T00:05:32.200000Z</time>
        <extensions>
          <gpxtpx:TrackPointExtension>
            <gpxtpx:hr>164</gpxtpx:hr>
          </gpxtpx:TrackPointExtension>
        </extensions>
      </trkpt>
      <trkpt lat="22.734852642272408" lon="113.9326737649689">
        <ele>30.26363373082131</ele>
        <time>1970-01-01T00:05:33.200000Z</time>
        <extensions>
          <gpxtpx:TrackPointExtension>
            <gpxtpx:hr>164</gpxtpx:hr>
          </gpxtpx:TrackPointExtension>
        </extensions>
      </trkpt>
      <trkpt lat="22.73485316912436" lon="113.93269136971094">
        <ele>30.214860450476408</ele>
        <time>1970-01-01T00:05:34.200000Z</time>
        <extensions>
          <gpxtpx:TrackPointExtension>
            <gpxtpx:hr>164</gpxtpx:hr>
          </gpxtpx:TrackPointExtension>
        </extensions>
      </trkpt>
      <trkpt lat="22.73485164255477" lon="113.93270736129345">
        <ele>30.164644851349294</ele>
        <time>1970-01-01T00:05:35.200000Z</time>
        <extensions>
          <gpxtpx:TrackPointExtension>
            <gpxtpx:hr>164</gpxtpx:hr>
          </gpxtpx:TrackPointExtension>
        </extensions>
      </trkpt>
      <trkpt lat="22.734848890756627" lon="113.93272248789279">
        <ele>30.114756328985095</ele>
        <time>1970-01-01T00:05:36.200000Z</time>
        <extensions>
          <gpxtpx:TrackPointExtension>
            <gpxtpx:hr>164</gpxtpx:hr>
          </gpxtpx:TrackPointExtension>
        </extensions>
      </trkpt>
      <trkpt lat="22.734846115945665" lon="113.93273679664996">
        <ele>30.067088999785483</ele>
        <time>1970-01-01T00:05:37.200000Z</time>
        <extensions>
          <gpxtpx:TrackPointExtension>
            <gpxtpx:hr>163</gpxtpx:hr>
          </gpxtpx:TrackPointExtension>
        </extensions>
      </trkpt>
      <trkpt lat="22.73484491728105" lon="113.9327497524888">
        <ele>30.023536236025393</ele>
        <time>1970-01-01T00:05:38.200000Z</time>
        <extensions>
          <gpxtpx:TrackPointExtension>
            <gpxtpx:hr>163</gpxtpx:hr>
          </gpxtpx:TrackPointExtension>
        </extensions>
      </trkpt>
      <trkpt lat="22.734845991672675" lon="113.93276089505478">
        <ele>29.985448312945664</ele>
        <time>1970-01-01T00:05:39.200000Z</time>
        <extensions>
          <gpxtpx:TrackPointExtension>
            <gpxtpx:hr>163</gpxtpx:hr>
          </gpxtpx:TrackPointExtension>
        </extensions>
      </trkpt>
      <trkpt lat="22.734849088380173" lon="113.93276827993257">
        <ele>29.9538321364671</ele>
        <time>1970-01-01T00:05:40.200000Z</time>
        <extensions>
          <gpxtpx:TrackPointExtension>
            <gpxtpx:hr>163</gpxtpx:hr>
          </gpxtpx:TrackPointExtension>
        </extensions>
      </trkpt>
      <trkpt lat="22.734853322181777" lon="113.93277239969967">
        <ele>29.92937733978033</ele>
        <time>1970-01-01T00:05:41.200000Z</time>
        <extensions>
          <gpxtpx:TrackPointExtension>
            <gpxtpx:hr>163</gpxtpx:hr>
          </gpxtpx:TrackPointExtension>
        </extensions>
      </trkpt>
      <trkpt lat="22.734857720195244" lon="113.93277495533657">
        <ele>29.912226567976177</ele>
        <time>1970-01-01T00:05:42.200000Z</time>
        <extensions>
          <gpxtpx:TrackPointExtension>
            <gpxtpx:hr>163</gpxtpx:hr>
          </gpxtpx:TrackPointExtension>
        </extensions>
      </trkpt>
      <trkpt lat="22.734861528003265" lon="113.93277671687333">
        <ele>29.902057947590947</ele>
        <time>1970-01-01T00:05:43.200000Z</time>
        <extensions>
          <gpxtpx:TrackPointExtension>
            <gpxtpx:hr>163</gpxtpx:hr>
          </gpxtpx:TrackPointExtension>
        </extensions>
      </trkpt>
      <trkpt lat="22.73486444887431" lon="113.9327779733832">
        <ele>29.897684574127197</ele>
        <time>1970-01-01T00:05:44.200000Z</time>
        <extensions>
          <gpxtpx:TrackPointExtension>
            <gpxtpx:hr>159</gpxtpx:hr>
          </gpxtpx:TrackPointExtension>
        </extensions>
      </trkpt>
      <trkpt lat="22.734866458594684" lon="113.93277863883931">
        <ele>29.89730255678296</ele>
        <time>1970-01-01T00:05:45.200000Z</time>
        <extensions>
          <gpxtpx:TrackPointExtension>
            <gpxtpx:hr>159</gpxtpx:hr>
          </gpxtpx:TrackPointExtension>
        </extensions>
      </trkpt>
      <trkpt lat="22.734867807149264" lon="113.93277936478819">
        <ele>29.898805254139006</ele>
        <time>1970-01-01T00:05:46.200000Z</time>
        <extensions>
          <gpxtpx:TrackPointExtension>
            <gpxtpx:hr>159</gpxtpx:hr>
          </gpxtpx:TrackPointExtension>
        </extensions>
      </trkpt>
      <trkpt lat="22.734869276872157" lon="113.93278072896842">
        <ele>29.89941192511469</ele>
        <time>1970-01-01T00:05:47.200000Z</time>
        <extensions>
          <gpxtpx:TrackPointExtension>
            <gpxtpx:hr>159</gpxtpx:hr>
          </gpxtpx:TrackPointExtension>
        </extensions>
      </trkpt>
      <trkpt lat="22.734872066064828" lon="113.93278350879126">
        <ele>29.896479724906385</ele>
        <time>1970-01-01T00:05:48.200000Z</time>
        <extensions>
          <gpxtpx:TrackPointExtension>
            <gpxtpx:hr>159</gpxtpx:hr>
          </gpxtpx:TrackPointExtension>
        </extensions>
      </trkpt>
      <trkpt lat="22.734876663827208" lon="113.93278819530539">
        <ele>29.88782818056643</ele>
        <time>1970-01-01T00:05:49.200000Z</time>
        <extensions>
          <gpxtpx:TrackPointExtension>
            <gpxtpx:hr>156</gpxtpx:hr>
          </gpxtpx:TrackPointExtension>
        </extensions>
      </trkpt>
      <trkpt lat="22.734882323489998" lon="113.93279406102295">
        <ele>29.87174574006349</ele>
        <time>1970-01-01T00:05:50.200000Z</time>
        <extensions>
          <gpxtpx:TrackPointExtension>
            <gpxtpx:hr>156</gpxtpx:hr>
          </gpxtpx:TrackPointExtension>
        </extensions>
      </trkpt>
      <trkpt lat="22.73488896853466" lon="113.93280181930666">
        <ele>29.846762095578015</ele>
        <time>1970-01-01T00:05:51.200000Z</time>
        <extensions>
          <gpxtpx:TrackPointExtension>
            <gpxtpx:hr>156</gpxtpx:hr>
          </gpxtpx:TrackPointExtension>
        </extensions>
      </trkpt>
      <trkpt lat="22.734897247712773" lon="113.93281297292701">
        <ele>29.812196996994317</ele>
        <time>1970-01-01T00:05:52.200000Z</time>
        <extensions>
          <gpxtpx:TrackPointExtension>
            <gpxtpx:hr>156</gpxtpx:hr>
          </gpxtpx:TrackPointExtension>
        </extensions>
      </trkpt>
      <trkpt lat="22.734906823340403" lon="113.93282833498141">
        <ele>29.76748301461339</ele>
        <time>1970-01-01T00:05:53.200000Z</time>
        <extensions>
          <gpxtpx:TrackPointExtension>
            <gpxtpx:hr>156</gpxtpx:hr>
          </gpxtpx:TrackPointExtension>
        </extensions>
      </trkpt>
      <trkpt lat="22.734916840711538" lon="113.93284738494475">
        <ele>29.712914428673685</ele>
        <time>1970-01-01T00:05:54.200000Z</time>
        <extensions>
          <gpxtpx:TrackPointExtension>
            <gpxtpx:hr>153</gpxtpx:hr>
          </gpxtpx:TrackPointExtension>
        </extensions>
      </trkpt>
      <trkpt lat="22.734926246298414" lon="113.93286796870214">
        <ele>29.649932019412518</ele>
        <time>1970-01-01T00:05:55.200000Z</time>
        <extensions>
          <gpxtpx:TrackPointExtension>
            <gpxtpx:hr>153</gpxtpx:hr>
          </gpxtpx:TrackPointExtension>
        </extensions>
      </trkpt>
      <trkpt lat="22.734934645217788" lon="113.93288809977979">
        <ele>29.580596121028066</ele>
        <time>1970-01-01T00:05:56.200000Z</time>
        <extensions>
          <gpxtpx:TrackPointExtension>
            <gpxtpx:hr>153</gpxtpx:hr>
          </gpxtpx:TrackPointExtension>
        </extensions>
      </trkpt>
      <trkpt lat="22.73494252249784" lon="113.93290583898727">
        <ele>29.508335405029356</ele>
        <time>1970-01-01T00:05:57.200000Z</time>
        <extensions>
          <gpxtpx:TrackPointExtension>
            <gpxtpx:hr>152</gpxtpx:hr>
          </gpxtpx:TrackPointExtension>
        </extensions>
      </trkpt>
      <trkpt lat="22.734950179843366" lon="113.93291944519008">
        <ele>29.437469040974975</ele>
        <time>1970-01-01T00:05:58.200000Z</time>
        <extensions>
          <gpxtpx:TrackPointExtension>
            <gpxtpx:hr>152</gpxtpx:hr>
          </gpxtpx:TrackPointExtension>
        </extensions>
      </trkpt>
      <trkpt lat="22.73495621577101" lon="113.93292998247429">
        <ele>29.37233815342188</ele>
        <time>1970-01-01T00:05:59.200000Z</time>
        <extensions>
          <gpxtpx:TrackPointExtension>
            <gpxtpx:hr>152</gpxtpx:hr>
          </gpxtpx:TrackPointExtension>
        </extensions>
      </trkpt>
      <trkpt lat="22.73495992737512" lon="113.93293915107226">
        <ele>29.316441910341382</ele>
        <time>1970-01-01T00:06:00.200000Z</time>
        <extensions>
          <gpxtpx:TrackPointExtension>
            <gpxtpx:hr>145</gpxtpx:hr>
          </gpxtpx:TrackPointExtension>
        </extensions>
      </trkpt>
      <trkpt lat="22.734961773608056" lon="113.93294741802956">
        <ele>29.272888403385878</ele>
        <time>1970-01-01T00:06:01.200000Z</time>
        <extensions>
          <gpxtpx:TrackPointExtension>
            <gpxtpx:hr>145</gpxtpx:hr>
          </gpxtpx:TrackPointExtension>
        </extensions>
      </trkpt>
      <trkpt lat="22.734962114413328" lon="113.93295497778418">
        <ele>29.243225724436343</ele>
        <time>1970-01-01T00:06:02.200000Z</time>
        <extensions>
          <gpxtpx:TrackPointExtension>
            <gpxtpx:hr>145</gpxtpx:hr>
          </gpxtpx:TrackPointExtension>
        </extensions>
      </trkpt>
      <trkpt lat="22.734961703195285" lon="113.93296133473758">
        <ele>29.22730503976345</ele>
        <time>1970-01-01T00:06:03.200000Z</time>
        <extensions>
          <gpxtpx:TrackPointExtension>
            <gpxtpx:hr>145</gpxtpx:hr>
          </gpxtpx:TrackPointExtension>
        </extensions>
      </trkpt>
      <trkpt lat="22.734961124194637" lon="113.93296569428624">
        <ele>29.223203841596842</ele>
        <time>1970-01-01T00:06:04.200000Z</time>
        <extensions>
          <gpxtpx:TrackPointExtension>
            <gpxtpx:hr>145</gpxtpx:hr>
          </gpxtpx:TrackPointExtension>
        </extensions>
      </trkpt>
      <trkpt lat="22.73496078015581" lon="113.93296752903632">
        <ele>29.22788572497666</ele>
        <time>1970-01-01T00:06:05.200000Z</time>
        <extensions>
          <gpxtpx:TrackPointExtension>
            <gpxtpx:hr>145</gpxtpx:hr>
          </gpxtpx:TrackPointExtension>
        </extensions>
      </trkpt>
      <trkpt lat="22.73496070791496" lon="113.93296740256038">
        <ele>29.237087250687182</ele>
        <time>1970-01-01T00:06:06.200000Z</time>
        <extensions>
          <gpxtpx:TrackPointExtension>
            <gpxtpx:hr>145</gpxtpx:hr>
          </gpxtpx:TrackPointExtension>
        </extensions>
      </trkpt>
      <trkpt lat="22.734960976353946" lon="113.9329663843751">
        <ele>29.246160269714892</ele>
        <time>1970-01-01T00:06:07.200000Z</time>
        <extensions>
          <gpxtpx:TrackPointExtension>
            <gpxtpx:hr>140</gpxtpx:hr>
          </gpxtpx:TrackPointExtension>
        </extensions>
      </trkpt>
      <trkpt lat="22.734961485298147" lon="113.93296539898398">
        <ele>29.251142838969827</ele>
        <time>1970-01-01T00:06:08.200000Z</time>
        <extensions>
          <gpxtpx:TrackPointExtension>
            <gpxtpx:hr>140</gpxtpx:hr>
          </gpxtpx:TrackPointExtension>
        </extensions>
      </trkpt>
      <trkpt lat="22.734962033880127" lon="113.93296523732734">
        <ele>29.249835786409676</ele>
        <time>1970-01-01T00:06:09.200000Z</time>
        <extensions>
          <gpxtpx:TrackPointExtension>
            <gpxtpx:hr>140</gpxtpx:hr>
          </gpxtpx:TrackPointExtension>
        </extensions>
      </trkpt>
      <trkpt lat="22.734962253050323" lon="113.9329658350643">
        <ele>29.24154330510646</ele>
        <time>1970-01-01T00:06:10.200000Z</time>
        <extensions>
          <gpxtpx:TrackPointExtension>
            <gpxtpx:hr>140</gpxtpx:hr>
          </gpxtpx:TrackPointExtension>
        </extensions>
      </trkpt>
      <trkpt lat="22.73496193670559" lon="113.93296668591898">
        <ele>29.227155292406678</ele>
        <time>1970-01-01T00:06:11.200000Z</time>
        <extensions>
          <gpxtpx:TrackPointExtension>
            <gpxtpx:hr>140</gpxtpx:hr>
          </gpxtpx:TrackPointExtension>
        </extensions>
      </trkpt>
      <trkpt lat="22.734961209329832" lon="113.93296810717183">
        <ele>29.20890905801207</ele>
        <time>1970-01-01T00:06:12.200000Z</time>
        <extensions>
          <gpxtpx:TrackPointExtension>
            <gpxtpx:hr>140</gpxtpx:hr>
          </gpxtpx:TrackPointExtension>
        </extensions>
      </trkpt>
      <trkpt lat="22.73496007235068" lon="113.93297026449757">
        <ele>29.189368050545454</ele>
        <time>1970-01-01T00:06:13.200000Z</time>
        <extensions>
          <gpxtpx:TrackPointExtension>
            <gpxtpx:hr>139</gpxtpx:hr>
          </gpxtpx:TrackPointExtension>
        </extensions>
      </trkpt>
      <trkpt lat="22.734958401056215" lon="113.932972624391">
        <ele>29.17024107463658</ele>
        <time>1970-01-01T00:06:14.200000Z</time>
        <extensions>
          <gpxtpx:TrackPointExtension>
            <gpxtpx:hr>139</gpxtpx:hr>
          </gpxtpx:TrackPointExtension>
        </extensions>
      </trkpt>
      <trkpt lat="22.73495620545052" lon="113.9329752977981">
        <ele>29.15243878494948</ele>
        <time>1970-01-01T00:06:15.200000Z</time>
        <extensions>
          <gpxtpx:TrackPointExtension>
            <gpxtpx:hr>139</gpxtpx:hr>
          </gpxtpx:TrackPointExtension>
        </extensions>
      </trkpt>
      <trkpt lat="22.734953905459832" lon="113.93297915038762">
        <ele>29.136029351502657</ele>
        <time>1970-01-01T00:06:16.200000Z</time>
        <extensions>
          <gpxtpx:TrackPointExtension>
            <gpxtpx:hr>138</gpxtpx:hr>
          </gpxtpx:TrackPointExtension>
        </extensions>
      </trkpt>
      <trkpt lat="22.734952086567674" lon="113.9329841090269">
        <ele>29.120572349987924</ele>
        <time>1970-01-01T00:06:17.200000Z</time>
        <extensions>
          <gpxtpx:TrackPointExtension>
            <gpxtpx:hr>138</gpxtpx:hr>
          </gpxtpx:TrackPointExtension>
        </extensions>
      </trkpt>
      <trkpt lat="22.73495080278409" lon="113.9329904098174">
        <ele>29.10562824923545</ele>
        <time>1970-01-01T00:06:18.200000Z</time>
        <extensions>
          <gpxtpx:TrackPointExtension>
            <gpxtpx:hr>138</gpxtpx:hr>
          </gpxtpx:TrackPointExtension>
        </extensions>
      </trkpt>
      <trkpt lat="22.734949854697923" lon="113.93299858531223">
        <ele>29.091324276290834</ele>
        <time>1970-01-01T00:06:19.200000Z</time>
        <extensions>
          <gpxtpx:TrackPointExtension>
            <gpxtpx:hr>138</gpxtpx:hr>
          </gpxtpx:TrackPointExtension>
        </extensions>
      </trkpt>
      <trkpt lat="22.734949223458024" lon="113.93300767836804">
        <ele>29.078610552474856</ele>
        <time>1970-01-01T00:06:20.200000Z</time>
        <extensions>
          <gpxtpx:TrackPointExtension>
            <gpxtpx:hr>138</gpxtpx:hr>
          </gpxtpx:TrackPointExtension>
        </extensions>
      </trkpt>
      <trkpt lat="22.73494866630115" lon="113.93301593390933">
        <ele>29.06867494713515</ele>
        <time>1970-01-01T00:06:21.200000Z</time>
        <extensions>
          <gpxtpx:TrackPointExtension>
            <gpxtpx:hr>131</gpxtpx:hr>
          </gpxtpx:TrackPointExtension>
        </extensions>
      </trkpt>
      <trkpt lat="22.734948698727262" lon="113.9330221122943">
        <ele>29.06251951493323</ele>
        <time>1970-01-01T00:06:22.200000Z</time>
        <extensions>
          <gpxtpx:TrackPointExtension>
            <gpxtpx:hr>131</gpxtpx:hr>
          </gpxtpx:TrackPointExtension>
        </extensions>
      </trkpt>
      <trkpt lat="22.734948977327022" lon="113.93302612707494">
        <ele>29.060796094127</ele>
        <time>1970-01-01T00:06:23.200000Z</time>
        <extensions>
          <gpxtpx:TrackPointExtension>
            <gpxtpx:hr>131</gpxtpx:hr>
          </gpxtpx:TrackPointExtension>
        </extensions>
      </trkpt>
      <trkpt lat="22.7349486838711" lon="113.93302936538429">
        <ele>29.06366364005953</ele>
        <time>1970-01-01T00:06:24.200000Z</time>
        <extensions>
          <gpxtpx:TrackPointExtension>
            <gpxtpx:hr>131</gpxtpx:hr>
          </gpxtpx:TrackPointExtension>
        </extensions>
      </trkpt>
      <trkpt lat="22.734947446171645" lon="113.93303363574421">
        <ele>29.070628445595503</ele>
        <time>1970-01-01T00:06:25.200000Z</time>
        <extensions>
          <gpxtpx:TrackPointExtension>
            <gpxtpx:hr>131</gpxtpx:hr>
          </gpxtpx:TrackPointExtension>
        </extensions>
      </trkpt>
      <trkpt lat="22.73494545048059" lon="113.93303856451509">
        <ele>29.084228918887675</ele>
        <time>1970-01-01T00:06:26.200000Z</time>
        <extensions>
          <gpxtpx:TrackPointExtension>
            <gpxtpx:hr>132</gpxtpx:hr>
          </gpxtpx:TrackPointExtension>
        </extensions>
      </trkpt>
      <trkpt lat="22.73494338701662" lon="113.9330435991464">
        <ele>29.0937653882429</ele>
        <time>1970-01-01T00:06:27.200000Z</time>
        <extensions>
          <gpxtpx:TrackPointExtension>
            <gpxtpx:hr>132</gpxtpx:hr>
          </gpxtpx:TrackPointExtension>
        </extensions>
      </trkpt>
      <trkpt lat="22.734941696655568" lon="113.9330492521234">
        <ele>29.108046673238277</ele>
        <time>1970-01-01T00:06:28.200000Z</time>
        <extensions>
          <gpxtpx:TrackPointExtension>
            <gpxtpx:hr>132</gpxtpx:hr>
          </gpxtpx:TrackPointExtension>
        </extensions>
      </trkpt>
      <trkpt lat="22.734940636871634" lon="113.93305503566803">
        <ele>29.083694289438426</ele>
        <time>1970-01-01T00:06:29.200000Z</time>
        <extensions>
          <gpxtpx:TrackPointExtension>
            <gpxtpx:hr>132</gpxtpx:hr>
          </gpxtpx:TrackPointExtension>
        </extensions>
      </trkpt>
      <trkpt lat="22.734940461158565" lon="113.93306190425555">
        <ele>29.057409153319895</ele>
        <time>1970-01-01T00:06:30.200000Z</time>
        <extensions>
          <gpxtpx:TrackPointExtension>
            <gpxtpx:hr>131</gpxtpx:hr>
          </gpxtpx:TrackPointExtension>
        </extensions>
      </trkpt>
      <trkpt lat="22.734941305837022" lon="113.93306968697654">
        <ele>29.026876057498157</ele>
        <time>1970-01-01T00:06:31.200000Z</time>
        <extensions>
          <gpxtpx:TrackPointExtension>
            <gpxtpx:hr>131</gpxtpx:hr>
          </gpxtpx:TrackPointExtension>
        </extensions>
      </trkpt>
      <trkpt lat="22.734943110178616" lon="113.93307880373229">
        <ele>28.992578104138374</ele>
        <time>1970-01-01T00:06:32.200000Z</time>
        <extensions>
          <gpxtpx:TrackPointExtension>
            <gpxtpx:hr>131</gpxtpx:hr>
          </gpxtpx:TrackPointExtension>
        </extensions>
      </trkpt>
      <trkpt lat="22.734945964420763" lon="113.93308961409925">
        <ele>28.953747387975454</ele>
        <time>1970-01-01T00:06:33.200000Z</time>
        <extensions>
          <gpxtpx:TrackPointExtension>
            <gpxtpx:hr>131</gpxtpx:hr>
          </gpxtpx:TrackPointExtension>
        </extensions>
      </trkpt>
      <trkpt lat="22.734949832851484" lon="113.93310360644726">
        <ele>28.910916406661272</ele>
        <time>1970-01-01T00:06:34.200000Z</time>
        <extensions>
          <gpxtpx:TrackPointExtension>
            <gpxtpx:hr>131</gpxtpx:hr>
          </gpxtpx:TrackPointExtension>
        </extensions>
      </trkpt>
      <trkpt lat="22.734954816182825" lon="113.9331229044588">
        <ele>28.867780281230807</ele>
        <time>1970-01-01T00:06:35.200000Z</time>
        <extensions>
          <gpxtpx:TrackPointExtension>
            <gpxtpx:hr>131</gpxtpx:hr>
          </gpxtpx:TrackPointExtension>
        </extensions>
      </trkpt>
      <trkpt lat="22.734961701536438" lon="113.93315250582464">
        <ele>28.833039212971926</ele>
        <time>1970-01-01T00:06:36.300000Z</time>
        <extensions>
          <gpxtpx:TrackPointExtension>
            <gpxtpx:hr>132</gpxtpx:hr>
          </gpxtpx:TrackPointExtension>
        </extensions>
      </trkpt>
      <trkpt lat="22.73496962771039" lon="113.93319025960008">
        <ele>28.827727747149765</ele>
        <time>1970-01-01T00:06:37.300000Z</time>
        <extensions>
          <gpxtpx:TrackPointExtension>
            <gpxtpx:hr>132</gpxtpx:hr>
          </gpxtpx:TrackPointExtension>
        </extensions>
      </trkpt>
      <trkpt lat="22.734978622932672" lon="113.93323652806245">
        <ele>28.87666938174516</ele>
        <time>1970-01-01T00:06:38.200000Z</time>
        <extensions>
          <gpxtpx:TrackPointExtension>
            <gpxtpx:hr>132</gpxtpx:hr>
          </gpxtpx:TrackPointExtension>
        </extensions>
      </trkpt>
      <trkpt lat="22.735149218535593" lon="113.9337508672438">
        <ele>30.019244864583015</ele>
        <time>1970-01-01T00:06:52.200000Z</time>
        <extensions>
          <gpxtpx:TrackPointExtension>
            <gpxtpx:hr>148</gpxtpx:hr>
          </gpxtpx:TrackPointExtension>
        </extensions>
      </trkpt>
      <trkpt lat="22.735159597109153" lon="113.93377086639235">
        <ele>30.030490660108626</ele>
        <time>1970-01-01T00:06:53.200000Z</time>
        <extensions>
          <gpxtpx:TrackPointExtension>
            <gpxtpx:hr>148</gpxtpx:hr>
          </gpxtpx:TrackPointExtension>
        </extensions>
      </trkpt>
      <trkpt lat="22.73516712802858" lon="113.93378453866708">
        <ele>29.979888519272208</ele>
        <time>1970-01-01T00:06:54.200000Z</time>
        <extensions>
          <gpxtpx:TrackPointExtension>
            <gpxtpx:hr>148</gpxtpx:hr>
          </gpxtpx:TrackPointExtension>
        </extensions>
      </trkpt>
      <trkpt lat="22.735173260523794" lon="113.93379473427213">
        <ele>29.90062932483852</ele>
        <time>1970-01-01T00:06:55.200000Z</time>
        <extensions>
          <gpxtpx:TrackPointExtension>
            <gpxtpx:hr>148</gpxtpx:hr>
          </gpxtpx:TrackPointExtension>
        </extensions>
      </trkpt>
      <trkpt lat="22.735177350911574" lon="113.9338049669811">
        <ele>29.816599599085748</ele>
        <time>1970-01-01T00:06:56.200000Z</time>
        <extensions>
          <gpxtpx:TrackPointExtension>
            <gpxtpx:hr>148</gpxtpx:hr>
          </gpxtpx:TrackPointExtension>
        </extensions>
      </trkpt>
      <trkpt lat="22.7351790501888" lon="113.93381664426384">
        <ele>29.740475562401116</ele>
        <time>1970-01-01T00:06:57.200000Z</time>
        <extensions>
          <gpxtpx:TrackPointExtension>
            <gpxtpx:hr>148</gpxtpx:hr>
          </gpxtpx:TrackPointExtension>
        </extensions>
      </trkpt>
      <trkpt lat="22.735177700342803" lon="113.93383001955623">
        <ele>29.67809527553618</ele>
        <time>1970-01-01T00:06:58.200000Z</time>
        <extensions>
          <gpxtpx:TrackPointExtension>
            <gpxtpx:hr>148</gpxtpx:hr>
          </gpxtpx:TrackPointExtension>
        </extensions>
      </trkpt>
      <trkpt lat="22.735174770057817" lon="113.93384601288335">
        <ele>29.631008920259774</ele>
        <time>1970-01-01T00:06:59.200000Z</time>
        <extensions>
          <gpxtpx:TrackPointExtension>
            <gpxtpx:hr>149</gpxtpx:hr>
          </gpxtpx:TrackPointExtension>
        </extensions>
      </trkpt>
      <trkpt lat="22.735171529883957" lon="113.93386415514257">
        <ele>29.59827451594174</ele>
        <time>1970-01-01T00:07:00.200000Z</time>
        <extensions>
          <gpxtpx:TrackPointExtension>
            <gpxtpx:hr>149</gpxtpx:hr>
          </gpxtpx:TrackPointExtension>
        </extensions>
      </trkpt>
      <trkpt lat="22.735168316987636" lon="113.93388470324625">
        <ele>29.5776172503829</ele>
        <time>1970-01-01T00:07:01.200000Z</time>
        <extensions>
          <gpxtpx:TrackPointExtension>
            <gpxtpx:hr>149</gpxtpx:hr>
          </gpxtpx:TrackPointExtension>
        </extensions>
      </trkpt>
      <trkpt lat="22.735164816395717" lon="113.93390827293895">
        <ele>29.566321892663836</ele>
        <time>1970-01-01T00:07:02.200000Z</time>
        <extensions>
          <gpxtpx:TrackPointExtension>
            <gpxtpx:hr>149</gpxtpx:hr>
          </gpxtpx:TrackPointExtension>
        </extensions>
      </trkpt>
      <trkpt lat="22.7351617495197" lon="113.93393518147934">
        <ele>29.56216591876</ele>
        <time>1970-01-01T00:07:03.200000Z</time>
        <extensions>
          <gpxtpx:TrackPointExtension>
            <gpxtpx:hr>149</gpxtpx:hr>
          </gpxtpx:TrackPointExtension>
        </extensions>
      </trkpt>
      <trkpt lat="22.73515959480495" lon="113.9339650188179">
        <ele>29.563594952225685</ele>
        <time>1970-01-01T00:07:04.200000Z</time>
        <extensions>
          <gpxtpx:TrackPointExtension>
            <gpxtpx:hr>149</gpxtpx:hr>
          </gpxtpx:TrackPointExtension>
        </extensions>
      </trkpt>
      <trkpt lat="22.735158306295226" lon="113.93399623301195">
        <ele>29.569579259492457</ele>
        <time>1970-01-01T00:07:05.200000Z</time>
        <extensions>
          <gpxtpx:TrackPointExtension>
            <gpxtpx:hr>149</gpxtpx:hr>
          </gpxtpx:TrackPointExtension>
        </extensions>
      </trkpt>
      <trkpt lat="22.735157083450545" lon="113.93402676915959">
        <ele>29.57966768089682</ele>
        <time>1970-01-01T00:07:06.200000Z</time>
        <extensions>
          <gpxtpx:TrackPointExtension>
            <gpxtpx:hr>149</gpxtpx:hr>
          </gpxtpx:TrackPointExtension>
        </extensions>
      </trkpt>
      <trkpt lat="22.735156348598505" lon="113.93405713930836">
        <ele>29.59374007768929</ele>
        <time>1970-01-01T00:07:07.200000Z</time>
        <extensions>
          <gpxtpx:TrackPointExtension>
            <gpxtpx:hr>149</gpxtpx:hr>
          </gpxtpx:TrackPointExtension>
        </extensions>
      </trkpt>
      <trkpt lat="22.73515613818522" lon="113.93408715421123">
        <ele>29.611742944456637</ele>
        <time>1970-01-01T00:07:08.200000Z</time>
        <extensions>
          <gpxtpx:TrackPointExtension>
            <gpxtpx:hr>149</gpxtpx:hr>
          </gpxtpx:TrackPointExtension>
        </extensions>
      </trkpt>
      <trkpt lat="22.735156127993818" lon="113.9341172701844">
        <ele>29.633668010123074</ele>
        <time>1970-01-01T00:07:09.200000Z</time>
        <extensions>
          <gpxtpx:TrackPointExtension>
            <gpxtpx:hr>149</gpxtpx:hr>
          </gpxtpx:TrackPointExtension>
        </extensions>
      </trkpt>
      <trkpt lat="22.735155644610032" lon="113.93414773562893">
        <ele>29.65988341718912</ele>
        <time>1970-01-01T00:07:10.200000Z</time>
        <extensions>
          <gpxtpx:TrackPointExtension>
            <gpxtpx:hr>149</gpxtpx:hr>
          </gpxtpx:TrackPointExtension>
        </extensions>
      </trkpt>
      <trkpt lat="22.735153767182634" lon="113.93417791034993">
        <ele>29.690472098998725</ele>
        <time>1970-01-01T00:07:11.200000Z</time>
        <extensions>
          <gpxtpx:TrackPointExtension>
            <gpxtpx:hr>149</gpxtpx:hr>
          </gpxtpx:TrackPointExtension>
        </extensions>
      </trkpt>
      <trkpt lat="22.735151076787325" lon="113.93420666108831">
        <ele>29.725391445681453</ele>
        <time>1970-01-01T00:07:12.200000Z</time>
        <extensions>
          <gpxtpx:TrackPointExtension>
            <gpxtpx:hr>149</gpxtpx:hr>
          </gpxtpx:TrackPointExtension>
        </extensions>
      </trkpt>
      <trkpt lat="22.735148246090173" lon="113.93423435672825">
        <ele>29.764128813520074</ele>
        <time>1970-01-01T00:07:13.200000Z</time>
        <extensions>
          <gpxtpx:TrackPointExtension>
            <gpxtpx:hr>149</gpxtpx:hr>
          </gpxtpx:TrackPointExtension>
        </extensions>
      </trkpt>
      <trkpt lat="22.735145689559708" lon="113.93426156607974">
        <ele>29.80559531133622</ele>
        <time>1970-01-01T00:07:14.200000Z</time>
        <extensions>
          <gpxtpx:TrackPointExtension>
            <gpxtpx:hr>149</gpxtpx:hr>
          </gpxtpx:TrackPointExtension>
        </extensions>
      </trkpt>
      <trkpt lat="22.735142727859238" lon="113.93428863873808">
        <ele>29.848342613317072</ele>
        <time>1970-01-01T00:07:15.200000Z</time>
        <extensions>
          <gpxtpx:TrackPointExtension>
            <gpxtpx:hr>152</gpxtpx:hr>
          </gpxtpx:TrackPointExtension>
        </extensions>
      </trkpt>
      <trkpt lat="22.735139660650507" lon="113.9343150184912">
        <ele>29.890586299821734</ele>
        <time>1970-01-01T00:07:16.200000Z</time>
        <extensions>
          <gpxtpx:TrackPointExtension>
            <gpxtpx:hr>152</gpxtpx:hr>
          </gpxtpx:TrackPointExtension>
        </extensions>
      </trkpt>
      <trkpt lat="22.73513729816326" lon="113.93434169005869">
        <ele>29.930492461659014</ele>
        <time>1970-01-01T00:07:17.200000Z</time>
        <extensions>
          <gpxtpx:TrackPointExtension>
            <gpxtpx:hr>152</gpxtpx:hr>
          </gpxtpx:TrackPointExtension>
        </extensions>
      </trkpt>
      <trkpt lat="22.73513670263651" lon="113.93437047456464">
        <ele>29.966408462263644</ele>
        <time>1970-01-01T00:07:18.200000Z</time>
        <extensions>
          <gpxtpx:TrackPointExtension>
            <gpxtpx:hr>152</gpxtpx:hr>
          </gpxtpx:TrackPointExtension>
        </extensions>
      </trkpt>
      <trkpt lat="22.735138999406505" lon="113.93440147500219">
        <ele>29.997027688659728</ele>
        <time>1970-01-01T00:07:19.200000Z</time>
        <extensions>
          <gpxtpx:TrackPointExtension>
            <gpxtpx:hr>152</gpxtpx:hr>
          </gpxtpx:TrackPointExtension>
        </extensions>
      </trkpt>
      <trkpt lat="22.735144946018092" lon="113.93443229242843">
        <ele>30.0214770315215</ele>
        <time>1970-01-01T00:07:20.200000Z</time>
        <extensions>
          <gpxtpx:TrackPointExtension>
            <gpxtpx:hr>155</gpxtpx:hr>
          </gpxtpx:TrackPointExtension>
        </extensions>
      </trkpt>
      <trkpt lat="22.7351544766032" lon="113.93446095639874">
        <ele>30.039661787450314</ele>
        <time>1970-01-01T00:07:21.200000Z</time>
        <extensions>
          <gpxtpx:TrackPointExtension>
            <gpxtpx:hr>155</gpxtpx:hr>
          </gpxtpx:TrackPointExtension>
        </extensions>
      </trkpt>
      <trkpt lat="22.735167915368322" lon="113.9344863999626">
        <ele>30.051993220113218</ele>
        <time>1970-01-01T00:07:22.200000Z</time>
        <extensions>
          <gpxtpx:TrackPointExtension>
            <gpxtpx:hr>155</gpxtpx:hr>
          </gpxtpx:TrackPointExtension>
        </extensions>
      </trkpt>
      <trkpt lat="22.735185161713456" lon="113.93450798788618">
        <ele>30.05916312430054</ele>
        <time>1970-01-01T00:07:23.200000Z</time>
        <extensions>
          <gpxtpx:TrackPointExtension>
            <gpxtpx:hr>155</gpxtpx:hr>
          </gpxtpx:TrackPointExtension>
        </extensions>
      </trkpt>
      <trkpt lat="22.735206513305773" lon="113.93452566350038">
        <ele>30.062268543988466</ele>
        <time>1970-01-01T00:07:24.200000Z</time>
        <extensions>
          <gpxtpx:TrackPointExtension>
            <gpxtpx:hr>155</gpxtpx:hr>
          </gpxtpx:TrackPointExtension>
        </extensions>
      </trkpt>
      <trkpt lat="22.735230844323297" lon="113.93453912249221">
        <ele>30.062531920149922</ele>
        <time>1970-01-01T00:07:25.200000Z</time>
        <extensions>
          <gpxtpx:TrackPointExtension>
            <gpxtpx:hr>155</gpxtpx:hr>
          </gpxtpx:TrackPointExtension>
        </extensions>
      </trkpt>
      <trkpt lat="22.735255455318732" lon="113.93454874929955">
        <ele>30.0613357052207</ele>
        <time>1970-01-01T00:07:26.200000Z</time>
        <extensions>
          <gpxtpx:TrackPointExtension>
            <gpxtpx:hr>155</gpxtpx:hr>
          </gpxtpx:TrackPointExtension>
        </extensions>
      </trkpt>
      <trkpt lat="22.735278939904884" lon="113.93455591301142">
        <ele>30.060148692689836</ele>
        <time>1970-01-01T00:07:27.200000Z</time>
        <extensions>
          <gpxtpx:TrackPointExtension>
            <gpxtpx:hr>162</gpxtpx:hr>
          </gpxtpx:TrackPointExtension>
        </extensions>
      </trkpt>
      <trkpt lat="22.735302130865517" lon="113.93456161705687">
        <ele>30.06042394321412</ele>
        <time>1970-01-01T00:07:28.200000Z</time>
        <extensions>
          <gpxtpx:TrackPointExtension>
            <gpxtpx:hr>162</gpxtpx:hr>
          </gpxtpx:TrackPointExtension>
        </extensions>
      </trkpt>
      <trkpt lat="22.73532670157636" lon="113.93456614982499">
        <ele>30.063529008999467</ele>
        <time>1970-01-01T00:07:29.200000Z</time>
        <extensions>
          <gpxtpx:TrackPointExtension>
            <gpxtpx:hr>162</gpxtpx:hr>
          </gpxtpx:TrackPointExtension>
        </extensions>
      </trkpt>
      <trkpt lat="22.73535351368316" lon="113.93456979242961">
        <ele>30.070582647807896</ele>
        <time>1970-01-01T00:07:30.200000Z</time>
        <extensions>
          <gpxtpx:TrackPointExtension>
            <gpxtpx:hr>162</gpxtpx:hr>
          </gpxtpx:TrackPointExtension>
        </extensions>
      </trkpt>
      <trkpt lat="22.735381646844953" lon="113.93457431985502">
        <ele>30.08237086981535</ele>
        <time>1970-01-01T00:07:31.200000Z</time>
        <extensions>
          <gpxtpx:TrackPointExtension>
            <gpxtpx:hr>162</gpxtpx:hr>
          </gpxtpx:TrackPointExtension>
        </extensions>
      </trkpt>
      <trkpt lat="22.735409868521224" lon="113.93458125856012">
        <ele>30.099310700781643</ele>
        <time>1970-01-01T00:07:32.200000Z</time>
        <extensions>
          <gpxtpx:TrackPointExtension>
            <gpxtpx:hr>162</gpxtpx:hr>
          </gpxtpx:TrackPointExtension>
        </extensions>
      </trkpt>
      <trkpt lat="22.73543729460514" lon="113.93459103488216">
        <ele>30.12141838017851</ele>
        <time>1970-01-01T00:07:33.200000Z</time>
        <extensions>
          <gpxtpx:TrackPointExtension>
            <gpxtpx:hr>166</gpxtpx:hr>
          </gpxtpx:TrackPointExtension>
        </extensions>
      </trkpt>
      <trkpt lat="22.735463813621294" lon="113.93460462543263">
        <ele>30.148379687219858</ele>
        <time>1970-01-01T00:07:34.200000Z</time>
        <extensions>
          <gpxtpx:TrackPointExtension>
            <gpxtpx:hr>166</gpxtpx:hr>
          </gpxtpx:TrackPointExtension>
        </extensions>
      </trkpt>
      <trkpt lat="22.735488997900987" lon="113.9346218918738">
        <ele>30.179700115695596</ele>
        <time>1970-01-01T00:07:35.200000Z</time>
        <extensions>
          <gpxtpx:TrackPointExtension>
            <gpxtpx:hr>166</gpxtpx:hr>
          </gpxtpx:TrackPointExtension>
        </extensions>
      </trkpt>
      <trkpt lat="22.735511973847313" lon="113.93464129978015">
        <ele>30.214756723493338</ele>
        <time>1970-01-01T00:07:36.200000Z</time>
        <extensions>
          <gpxtpx:TrackPointExtension>
            <gpxtpx:hr>165</gpxtpx:hr>
          </gpxtpx:TrackPointExtension>
        </extensions>
      </trkpt>
      <trkpt lat="22.735532740566462" lon="113.93466186105765">
        <ele>30.25284254550934</ele>
        <time>1970-01-01T00:07:37.200000Z</time>
        <extensions>
          <gpxtpx:TrackPointExtension>
            <gpxtpx:hr>165</gpxtpx:hr>
          </gpxtpx:TrackPointExtension>
        </extensions>
      </trkpt>
      <trkpt lat="22.735551100055105" lon="113.93468363256899">
        <ele>30.29218428954482</ele>
        <time>1970-01-01T00:07:38.200000Z</time>
        <extensions>
          <gpxtpx:TrackPointExtension>
            <gpxtpx:hr>165</gpxtpx:hr>
          </gpxtpx:TrackPointExtension>
        </extensions>
      </trkpt>
      <trkpt lat="22.735566900758446" lon="113.93470593358282">
        <ele>30.333326873369515</ele>
        <time>1970-01-01T00:07:39.200000Z</time>
        <extensions>
          <gpxtpx:TrackPointExtension>
            <gpxtpx:hr>165</gpxtpx:hr>
          </gpxtpx:TrackPointExtension>
        </extensions>
      </trkpt>
      <trkpt lat="22.735580626097338" lon="113.9347277419019">
        <ele>30.37620600592345</ele>
        <time>1970-01-01T00:07:40.200000Z</time>
        <extensions>
          <gpxtpx:TrackPointExtension>
            <gpxtpx:hr>165</gpxtpx:hr>
          </gpxtpx:TrackPointExtension>
        </extensions>
      </trkpt>
      <trkpt lat="22.735593299168897" lon="113.93474908711649">
        <ele>30.41998705174774</ele>
        <time>1970-01-01T00:07:41.200000Z</time>
        <extensions>
          <gpxtpx:TrackPointExtension>
            <gpxtpx:hr>164</gpxtpx:hr>
          </gpxtpx:TrackPointExtension>
        </extensions>
      </trkpt>
      <trkpt lat="22.73560602541138" lon="113.93477047362343">
        <ele>30.46390386298299</ele>
        <time>1970-01-01T00:07:42.200000Z</time>
        <extensions>
          <gpxtpx:TrackPointExtension>
            <gpxtpx:hr>164</gpxtpx:hr>
          </gpxtpx:TrackPointExtension>
        </extensions>
      </trkpt>
      <trkpt lat="22.735619722605044" lon="113.93479265367314">
        <ele>30.507197748869658</ele>
        <time>1970-01-01T00:07:43.200000Z</time>
        <extensions>
          <gpxtpx:TrackPointExtension>
            <gpxtpx:hr>164</gpxtpx:hr>
          </gpxtpx:TrackPointExtension>
        </extensions>
      </trkpt>
      <trkpt lat="22.73563385449229" lon="113.93481620592647">
        <ele>30.549163300544024</ele>
        <time>1970-01-01T00:07:44.200000Z</time>
        <extensions>
          <gpxtpx:TrackPointExtension>
            <gpxtpx:hr>164</gpxtpx:hr>
          </gpxtpx:TrackPointExtension>
        </extensions>
      </trkpt>
      <trkpt lat="22.735647065578778" lon="113.93484125740102">
        <ele>30.58952968660742</ele>
        <time>1970-01-01T00:07:45.200000Z</time>
        <extensions>
          <gpxtpx:TrackPointExtension>
            <gpxtpx:hr>164</gpxtpx:hr>
          </gpxtpx:TrackPointExtension>
        </extensions>
      </trkpt>
      <trkpt lat="22.73565915609682" lon="113.93486753245624">
        <ele>30.62727764621377</ele>
        <time>1970-01-01T00:07:46.200000Z</time>
        <extensions>
          <gpxtpx:TrackPointExtension>
            <gpxtpx:hr>164</gpxtpx:hr>
          </gpxtpx:TrackPointExtension>
        </extensions>
      </trkpt>
      <trkpt lat="22.73567075413772" lon="113.93489454799176">
        <ele>30.662508191540837</ele>
        <time>1970-01-01T00:07:47.200000Z</time>
        <extensions>
          <gpxtpx:TrackPointExtension>
            <gpxtpx:hr>164</gpxtpx:hr>
          </gpxtpx:TrackPointExtension>
        </extensions>
      </trkpt>
      <trkpt lat="22.735684159713085" lon="113.93492431107283">
        <ele>30.695362830534577</ele>
        <time>1970-01-01T00:07:48.300000Z</time>
        <extensions>
          <gpxtpx:TrackPointExtension>
            <gpxtpx:hr>166</gpxtpx:hr>
          </gpxtpx:TrackPointExtension>
        </extensions>
      </trkpt>
      <trkpt lat="22.73569488457772" lon="113.93495136406607">
        <ele>30.66726667061448</ele>
        <time>1970-01-01T00:07:49.300000Z</time>
        <extensions>
          <gpxtpx:TrackPointExtension>
            <gpxtpx:hr>166</gpxtpx:hr>
          </gpxtpx:TrackPointExtension>
        </extensions>
      </trkpt>
      <trkpt lat="22.735705052239812" lon="113.93497759260907">
        <ele>30.66351103130728</ele>
        <time>1970-01-01T00:07:50.300000Z</time>
        <extensions>
          <gpxtpx:TrackPointExtension>
            <gpxtpx:hr>166</gpxtpx:hr>
          </gpxtpx:TrackPointExtension>
        </extensions>
      </trkpt>
      <trkpt lat="22.73571564682986" lon="113.93500463727445">
        <ele>30.646768945269287</ele>
        <time>1970-01-01T00:07:51.200000Z</time>
        <extensions>
          <gpxtpx:TrackPointExtension>
            <gpxtpx:hr>166</gpxtpx:hr>
          </gpxtpx:TrackPointExtension>
        </extensions>
      </trkpt>
      <trkpt lat="22.73572673924482" lon="113.93503156308442">
        <ele>30.602700293064117</ele>
        <time>1970-01-01T00:07:52.200000Z</time>
        <extensions>
          <gpxtpx:TrackPointExtension>
            <gpxtpx:hr>166</gpxtpx:hr>
          </gpxtpx:TrackPointExtension>
        </extensions>
      </trkpt>
      <trkpt lat="22.735738843604725" lon="113.93505900964145">
        <ele>30.541143666021526</ele>
        <time>1970-01-01T00:07:53.200000Z</time>
        <extensions>
          <gpxtpx:TrackPointExtension>
            <gpxtpx:hr>166</gpxtpx:hr>
          </gpxtpx:TrackPointExtension>
        </extensions>
      </trkpt>
      <trkpt lat="22.735750857988727" lon="113.93508606647259">
        <ele>30.459950924851</ele>
        <time>1970-01-01T00:07:54.200000Z</time>
        <extensions>
          <gpxtpx:TrackPointExtension>
            <gpxtpx:hr>169</gpxtpx:hr>
          </gpxtpx:TrackPointExtension>
        </extensions>
      </trkpt>
      <trkpt lat="22.735761423509064" lon="113.93511223596505">
        <ele>30.366592316888273</ele>
        <time>1970-01-01T00:07:55.200000Z</time>
        <extensions>
          <gpxtpx:TrackPointExtension>
            <gpxtpx:hr>169</gpxtpx:hr>
          </gpxtpx:TrackPointExtension>
        </extensions>
      </trkpt>
      <trkpt lat="22.735772264751077" lon="113.93513904170425">
        <ele>30.26207678578794</ele>
        <time>1970-01-01T00:07:56.200000Z</time>
        <extensions>
          <gpxtpx:TrackPointExtension>
            <gpxtpx:hr>169</gpxtpx:hr>
          </gpxtpx:TrackPointExtension>
        </extensions>
      </trkpt>
      <trkpt lat="22.735784519504445" lon="113.93516451724038">
        <ele>30.164037451148033</ele>
        <time>1970-01-01T00:07:57.200000Z</time>
        <extensions>
          <gpxtpx:TrackPointExtension>
            <gpxtpx:hr>169</gpxtpx:hr>
          </gpxtpx:TrackPointExtension>
        </extensions>
      </trkpt>
      <trkpt lat="22.735798571649283" lon="113.93518853923895">
        <ele>30.09570168890059</ele>
        <time>1970-01-01T00:07:58.200000Z</time>
        <extensions>
          <gpxtpx:TrackPointExtension>
            <gpxtpx:hr>169</gpxtpx:hr>
          </gpxtpx:TrackPointExtension>
        </extensions>
      </trkpt>
      <trkpt lat="22.73591294245936" lon="113.93537573131287">
        <ele>31.35243443865329</ele>
        <time>1970-01-01T00:08:02.700000Z</time>
        <extensions>
          <gpxtpx:TrackPointExtension>
            <gpxtpx:hr>171</gpxtpx:hr>
          </gpxtpx:TrackPointExtension>
        </extensions>
      </trkpt>
      <trkpt lat="22.736090687936194" lon="113.93567778581512">
        <ele>33.080995111726224</ele>
        <time>1970-01-01T00:08:11.300000Z</time>
        <extensions>
          <gpxtpx:TrackPointExtension>
            <gpxtpx:hr>173</gpxtpx:hr>
          </gpxtpx:TrackPointExtension>
        </extensions>
      </trkpt>
      <trkpt lat="22.736102754582205" lon="113.9356954858939">
        <ele>32.85825706925243</ele>
        <time>1970-01-01T00:08:12.300000Z</time>
        <extensions>
          <gpxtpx:TrackPointExtension>
            <gpxtpx:hr>175</gpxtpx:hr>
          </gpxtpx:TrackPointExtension>
        </extensions>
      </trkpt>
      <trkpt lat="22.73610748189028" lon="113.93570713707206">
        <ele>32.6117979278788</ele>
        <time>1970-01-01T00:08:13.300000Z</time>
        <extensions>
          <gpxtpx:TrackPointExtension>
            <gpxtpx:hr>175</gpxtpx:hr>
          </gpxtpx:TrackPointExtension>
        </extensions>
      </trkpt>
      <trkpt lat="22.73611070183947" lon="113.93571475310122">
        <ele>32.382192817516625</ele>
        <time>1970-01-01T00:08:14.300000Z</time>
        <extensions>
          <gpxtpx:TrackPointExtension>
            <gpxtpx:hr>175</gpxtpx:hr>
          </gpxtpx:TrackPointExtension>
        </extensions>
      </trkpt>
      <trkpt lat="22.73611391655174" lon="113.93572064837646">
        <ele>32.1928752316162</ele>
        <time>1970-01-01T00:08:15.300000Z</time>
        <extensions>
          <gpxtpx:TrackPointExtension>
            <gpxtpx:hr>175</gpxtpx:hr>
          </gpxtpx:TrackPointExtension>
        </extensions>
      </trkpt>
      <trkpt lat="22.736116983466296" lon="113.93572622307866">
        <ele>32.05204655881971</ele>
        <time>1970-01-01T00:08:16.300000Z</time>
        <extensions>
          <gpxtpx:TrackPointExtension>
            <gpxtpx:hr>175</gpxtpx:hr>
          </gpxtpx:TrackPointExtension>
        </extensions>
      </trkpt>
      <trkpt lat="22.73611983597673" lon="113.93572955533247">
        <ele>31.95817594230175</ele>
        <time>1970-01-01T00:08:17.300000Z</time>
        <extensions>
          <gpxtpx:TrackPointExtension>
            <gpxtpx:hr>175</gpxtpx:hr>
          </gpxtpx:TrackPointExtension>
        </extensions>
      </trkpt>
      <trkpt lat="22.736122370582756" lon="113.93573294968272">
        <ele>31.905096511356533</ele>
        <time>1970-01-01T00:08:18.300000Z</time>
        <extensions>
          <gpxtpx:TrackPointExtension>
            <gpxtpx:hr>175</gpxtpx:hr>
          </gpxtpx:TrackPointExtension>
        </extensions>
      </trkpt>
      <trkpt lat="22.736124825265534" lon="113.93573666052872">
        <ele>31.88485432881862</ele>
        <time>1970-01-01T00:08:19.300000Z</time>
        <extensions>
          <gpxtpx:TrackPointExtension>
            <gpxtpx:hr>175</gpxtpx:hr>
          </gpxtpx:TrackPointExtension>
        </extensions>
      </trkpt>
      <trkpt lat="22.73612721014477" lon="113.9357405247194">
        <ele>31.889085395261645</ele>
        <time>1970-01-01T00:08:20.300000Z</time>
        <extensions>
          <gpxtpx:TrackPointExtension>
            <gpxtpx:hr>175</gpxtpx:hr>
          </gpxtpx:TrackPointExtension>
        </extensions>
      </trkpt>
      <trkpt lat="22.736129244303932" lon="113.9357452921692">
        <ele>31.909588208422065</ele>
        <time>1970-01-01T00:08:21.300000Z</time>
        <extensions>
          <gpxtpx:TrackPointExtension>
            <gpxtpx:hr>175</gpxtpx:hr>
          </gpxtpx:TrackPointExtension>
        </extensions>
      </trkpt>
      <trkpt lat="22.736130884832342" lon="113.93575032944548">
        <ele>31.938820449635386</ele>
        <time>1970-01-01T00:08:22.300000Z</time>
        <extensions>
          <gpxtpx:TrackPointExtension>
            <gpxtpx:hr>175</gpxtpx:hr>
          </gpxtpx:TrackPointExtension>
        </extensions>
      </trkpt>
      <trkpt lat="22.73613222242386" lon="113.9357557963316">
        <ele>31.970197423361242</ele>
        <time>1970-01-01T00:08:23.300000Z</time>
        <extensions>
          <gpxtpx:TrackPointExtension>
            <gpxtpx:hr>175</gpxtpx:hr>
          </gpxtpx:TrackPointExtension>
        </extensions>
      </trkpt>
      <trkpt lat="22.736133234687873" lon="113.93576153847727">
        <ele>31.998380142264068</ele>
        <time>1970-01-01T00:08:24.300000Z</time>
        <extensions>
          <gpxtpx:TrackPointExtension>
            <gpxtpx:hr>175</gpxtpx:hr>
          </gpxtpx:TrackPointExtension>
        </extensions>
      </trkpt>
      <trkpt lat="22.736133972872125" lon="113.93576852342363">
        <ele>32.0199572686106</ele>
        <time>1970-01-01T00:08:25.300000Z</time>
        <extensions>
          <gpxtpx:TrackPointExtension>
            <gpxtpx:hr>175</gpxtpx:hr>
          </gpxtpx:TrackPointExtension>
        </extensions>
      </trkpt>
      <trkpt lat="22.736134684122305" lon="113.93577620371335">
        <ele>32.03322325274348</ele>
        <time>1970-01-01T00:08:26.300000Z</time>
        <extensions>
          <gpxtpx:TrackPointExtension>
            <gpxtpx:hr>175</gpxtpx:hr>
          </gpxtpx:TrackPointExtension>
        </extensions>
      </trkpt>
      <trkpt lat="22.73613532656168" lon="113.93578416842428">
        <ele>32.03831890132278</ele>
        <time>1970-01-01T00:08:27.300000Z</time>
        <extensions>
          <gpxtpx:TrackPointExtension>
            <gpxtpx:hr>177</gpxtpx:hr>
          </gpxtpx:TrackPointExtension>
        </extensions>
      </trkpt>
      <trkpt lat="22.7361360117147" lon="113.93579304924744">
        <ele>32.03686209116131</ele>
        <time>1970-01-01T00:08:28.300000Z</time>
        <extensions>
          <gpxtpx:TrackPointExtension>
            <gpxtpx:hr>177</gpxtpx:hr>
          </gpxtpx:TrackPointExtension>
        </extensions>
      </trkpt>
      <trkpt lat="22.73613683557779" lon="113.9358036355967">
        <ele>32.03134510014206</ele>
        <time>1970-01-01T00:08:29.300000Z</time>
        <extensions>
          <gpxtpx:TrackPointExtension>
            <gpxtpx:hr>177</gpxtpx:hr>
          </gpxtpx:TrackPointExtension>
        </extensions>
      </trkpt>
      <trkpt lat="22.73613782501696" lon="113.93581603498741">
        <ele>32.02443547081202</ele>
        <time>1970-01-01T00:08:30.300000Z</time>
        <extensions>
          <gpxtpx:TrackPointExtension>
            <gpxtpx:hr>177</gpxtpx:hr>
          </gpxtpx:TrackPointExtension>
        </extensions>
      </trkpt>
      <trkpt lat="22.73613942420528" lon="113.93583090718258">
        <ele>32.018700764514506</ele>
        <time>1970-01-01T00:08:31.300000Z</time>
        <extensions>
          <gpxtpx:TrackPointExtension>
            <gpxtpx:hr>177</gpxtpx:hr>
          </gpxtpx:TrackPointExtension>
        </extensions>
      </trkpt>
      <trkpt lat="22.736141465244096" lon="113.9358471773145">
        <ele>32.016245836392045</ele>
        <time>1970-01-01T00:08:32.300000Z</time>
        <extensions>
          <gpxtpx:TrackPointExtension>
            <gpxtpx:hr>177</gpxtpx:hr>
          </gpxtpx:TrackPointExtension>
        </extensions>
      </trkpt>
      <trkpt lat="22.736144011478192" lon="113.9358638247874">
        <ele>32.01852397620678</ele>
        <time>1970-01-01T00:08:33.300000Z</time>
        <extensions>
          <gpxtpx:TrackPointExtension>
            <gpxtpx:hr>177</gpxtpx:hr>
          </gpxtpx:TrackPointExtension>
        </extensions>
      </trkpt>
      <trkpt lat="22.736147340372693" lon="113.93588100088573">
        <ele>32.026047830469906</ele>
        <time>1970-01-01T00:08:34.300000Z</time>
        <extensions>
          <gpxtpx:TrackPointExtension>
            <gpxtpx:hr>175</gpxtpx:hr>
          </gpxtpx:TrackPointExtension>
        </extensions>
      </trkpt>
      <trkpt lat="22.736152080166402" lon="113.93590000587989">
        <ele>32.03905585501343</ele>
        <time>1970-01-01T00:08:35.300000Z</time>
        <extensions>
          <gpxtpx:TrackPointExtension>
            <gpxtpx:hr>175</gpxtpx:hr>
          </gpxtpx:TrackPointExtension>
        </extensions>
      </trkpt>
      <trkpt lat="22.73615880783786" lon="113.93592127173558">
        <ele>32.057292685844004</ele>
        <time>1970-01-01T00:08:36.300000Z</time>
        <extensions>
          <gpxtpx:TrackPointExtension>
            <gpxtpx:hr>175</gpxtpx:hr>
          </gpxtpx:TrackPointExtension>
        </extensions>
      </trkpt>
      <trkpt lat="22.736168078179187" lon="113.9359449557372">
        <ele>32.08014345820993</ele>
        <time>1970-01-01T00:08:37.300000Z</time>
        <extensions>
          <gpxtpx:TrackPointExtension>
            <gpxtpx:hr>174</gpxtpx:hr>
          </gpxtpx:TrackPointExtension>
        </extensions>
      </trkpt>
      <trkpt lat="22.73617899638905" lon="113.93596825819645">
        <ele>32.10678231716156</ele>
        <time>1970-01-01T00:08:38.300000Z</time>
        <extensions>
          <gpxtpx:TrackPointExtension>
            <gpxtpx:hr>174</gpxtpx:hr>
          </gpxtpx:TrackPointExtension>
        </extensions>
      </trkpt>
      <trkpt lat="22.73618905918857" lon="113.93598726662566">
        <ele>32.13682025205344</ele>
        <time>1970-01-01T00:08:39.300000Z</time>
        <extensions>
          <gpxtpx:TrackPointExtension>
            <gpxtpx:hr>174</gpxtpx:hr>
          </gpxtpx:TrackPointExtension>
        </extensions>
      </trkpt>
      <trkpt lat="22.736199750039155" lon="113.93600465979999">
        <ele>32.16960472706705</ele>
        <time>1970-01-01T00:08:40.300000Z</time>
        <extensions>
          <gpxtpx:TrackPointExtension>
            <gpxtpx:hr>174</gpxtpx:hr>
          </gpxtpx:TrackPointExtension>
        </extensions>
      </trkpt>
      <trkpt lat="22.736211965904292" lon="113.93602290990547">
        <ele>32.20492455922067</ele>
        <time>1970-01-01T00:08:41.300000Z</time>
        <extensions>
          <gpxtpx:TrackPointExtension>
            <gpxtpx:hr>172</gpxtpx:hr>
          </gpxtpx:TrackPointExtension>
        </extensions>
      </trkpt>
      <trkpt lat="22.736226050398198" lon="113.93604278908387">
        <ele>32.242611163295805</ele>
        <time>1970-01-01T00:08:42.300000Z</time>
        <extensions>
          <gpxtpx:TrackPointExtension>
            <gpxtpx:hr>172</gpxtpx:hr>
          </gpxtpx:TrackPointExtension>
        </extensions>
      </trkpt>
      <trkpt lat="22.736242012631905" lon="113.93606134868305">
        <ele>32.283698273822665</ele>
        <time>1970-01-01T00:08:43.300000Z</time>
        <extensions>
          <gpxtpx:TrackPointExtension>
            <gpxtpx:hr>172</gpxtpx:hr>
          </gpxtpx:TrackPointExtension>
        </extensions>
      </trkpt>
      <trkpt lat="22.7362604754688" lon="113.93608001028687">
        <ele>32.32550190202892</ele>
        <time>1970-01-01T00:08:44.300000Z</time>
        <extensions>
          <gpxtpx:TrackPointExtension>
            <gpxtpx:hr>172</gpxtpx:hr>
          </gpxtpx:TrackPointExtension>
        </extensions>
      </trkpt>
      <trkpt lat="22.736280089810922" lon="113.93609840392388">
        <ele>32.36628153920174</ele>
        <time>1970-01-01T00:08:45.300000Z</time>
        <extensions>
          <gpxtpx:TrackPointExtension>
            <gpxtpx:hr>172</gpxtpx:hr>
          </gpxtpx:TrackPointExtension>
        </extensions>
      </trkpt>
      <trkpt lat="22.736297650300656" lon="113.93611508325634">
        <ele>32.40409557148814</ele>
        <time>1970-01-01T00:08:46.300000Z</time>
        <extensions>
          <gpxtpx:TrackPointExtension>
            <gpxtpx:hr>172</gpxtpx:hr>
          </gpxtpx:TrackPointExtension>
        </extensions>
      </trkpt>
      <trkpt lat="22.736314808225035" lon="113.93613056919966">
        <ele>32.43681966513395</ele>
        <time>1970-01-01T00:08:47.300000Z</time>
        <extensions>
          <gpxtpx:TrackPointExtension>
            <gpxtpx:hr>172</gpxtpx:hr>
          </gpxtpx:TrackPointExtension>
        </extensions>
      </trkpt>
      <trkpt lat="22.73633095049285" lon="113.93614525156342">
        <ele>32.463058832101524</ele>
        <time>1970-01-01T00:08:48.300000Z</time>
        <extensions>
          <gpxtpx:TrackPointExtension>
            <gpxtpx:hr>172</gpxtpx:hr>
          </gpxtpx:TrackPointExtension>
        </extensions>
      </trkpt>
      <trkpt lat="22.73634709219731" lon="113.93616012827351">
        <ele>32.482324617914855</ele>
        <time>1970-01-01T00:08:49.300000Z</time>
        <extensions>
          <gpxtpx:TrackPointExtension>
            <gpxtpx:hr>172</gpxtpx:hr>
          </gpxtpx:TrackPointExtension>
        </extensions>
      </trkpt>
      <trkpt lat="22.736364466885195" lon="113.93617594788817">
        <ele>32.494626763276756</ele>
        <time>1970-01-01T00:08:50.300000Z</time>
        <extensions>
          <gpxtpx:TrackPointExtension>
            <gpxtpx:hr>172</gpxtpx:hr>
          </gpxtpx:TrackPointExtension>
        </extensions>
      </trkpt>
      <trkpt lat="22.736383627029873" lon="113.93619323171964">
        <ele>32.49997391644865</ele>
        <time>1970-01-01T00:08:51.300000Z</time>
        <extensions>
          <gpxtpx:TrackPointExtension>
            <gpxtpx:hr>172</gpxtpx:hr>
          </gpxtpx:TrackPointExtension>
        </extensions>
      </trkpt>
      <trkpt lat="22.736407808699905" lon="113.93621545403232">
        <ele>32.49919162131846</ele>
        <time>1970-01-01T00:08:52.300000Z</time>
        <extensions>
          <gpxtpx:TrackPointExtension>
            <gpxtpx:hr>172</gpxtpx:hr>
          </gpxtpx:TrackPointExtension>
        </extensions>
      </trkpt>
      <trkpt lat="22.736431114534888" lon="113.93623894597513">
        <ele>32.496820447966456</ele>
        <time>1970-01-01T00:08:53.200000Z</time>
        <extensions>
          <gpxtpx:TrackPointExtension>
            <gpxtpx:hr>171</gpxtpx:hr>
          </gpxtpx:TrackPointExtension>
        </extensions>
      </trkpt>
      <trkpt lat="22.73645703379667" lon="113.93626890867448">
        <ele>32.49604722764343</ele>
        <time>1970-01-01T00:08:54.200000Z</time>
        <extensions>
          <gpxtpx:TrackPointExtension>
            <gpxtpx:hr>171</gpxtpx:hr>
          </gpxtpx:TrackPointExtension>
        </extensions>
      </trkpt>
      <trkpt lat="22.736480968550016" lon="113.93630017370519">
        <ele>32.4994947668165</ele>
        <time>1970-01-01T00:08:55.200000Z</time>
        <extensions>
          <gpxtpx:TrackPointExtension>
            <gpxtpx:hr>171</gpxtpx:hr>
          </gpxtpx:TrackPointExtension>
        </extensions>
      </trkpt>
      <trkpt lat="22.736500747899292" lon="113.93633353073265">
        <ele>32.50577956624329</ele>
        <time>1970-01-01T00:08:56.200000Z</time>
        <extensions>
          <gpxtpx:TrackPointExtension>
            <gpxtpx:hr>171</gpxtpx:hr>
          </gpxtpx:TrackPointExtension>
        </extensions>
      </trkpt>
      <trkpt lat="22.73651713989508" lon="113.93636778001657">
        <ele>32.51273891702294</ele>
        <time>1970-01-01T00:08:57.200000Z</time>
        <extensions>
          <gpxtpx:TrackPointExtension>
            <gpxtpx:hr>171</gpxtpx:hr>
          </gpxtpx:TrackPointExtension>
        </extensions>
      </trkpt>
      <trkpt lat="22.736533016607382" lon="113.93639849679114">
        <ele>32.51810915861279</ele>
        <time>1970-01-01T00:08:58.200000Z</time>
        <extensions>
          <gpxtpx:TrackPointExtension>
            <gpxtpx:hr>171</gpxtpx:hr>
          </gpxtpx:TrackPointExtension>
        </extensions>
      </trkpt>
      <trkpt lat="22.736549848300008" lon="113.93642470318693">
        <ele>32.51995715498924</ele>
        <time>1970-01-01T00:08:59.200000Z</time>
        <extensions>
          <gpxtpx:TrackPointExtension>
            <gpxtpx:hr>171</gpxtpx:hr>
          </gpxtpx:TrackPointExtension>
        </extensions>
      </trkpt>
      <trkpt lat="22.73656688130974" lon="113.93644645842315">
        <ele>32.51733845844865</ele>
        <time>1970-01-01T00:09:00.200000Z</time>
        <extensions>
          <gpxtpx:TrackPointExtension>
            <gpxtpx:hr>171</gpxtpx:hr>
          </gpxtpx:TrackPointExtension>
        </extensions>
      </trkpt>
      <trkpt lat="22.736582497812883" lon="113.93646406753038">
        <ele>32.51069662813097</ele>
        <time>1970-01-01T00:09:01.200000Z</time>
        <extensions>
          <gpxtpx:TrackPointExtension>
            <gpxtpx:hr>171</gpxtpx:hr>
          </gpxtpx:TrackPointExtension>
        </extensions>
      </trkpt>
      <trkpt lat="22.736594289431633" lon="113.93647610367617">
        <ele>32.501416564919055</ele>
        <time>1970-01-01T00:09:02.200000Z</time>
        <extensions>
          <gpxtpx:TrackPointExtension>
            <gpxtpx:hr>173</gpxtpx:hr>
          </gpxtpx:TrackPointExtension>
        </extensions>
      </trkpt>
      <trkpt lat="22.73660376730495" lon="113.93648552122106">
        <ele>32.49164828378707</ele>
        <time>1970-01-01T00:09:03.200000Z</time>
        <extensions>
          <gpxtpx:TrackPointExtension>
            <gpxtpx:hr>173</gpxtpx:hr>
          </gpxtpx:TrackPointExtension>
        </extensions>
      </trkpt>
      <trkpt lat="22.736613209849942" lon="113.93649345089554">
        <ele>32.48384739179164</ele>
        <time>1970-01-01T00:09:04.200000Z</time>
        <extensions>
          <gpxtpx:TrackPointExtension>
            <gpxtpx:hr>173</gpxtpx:hr>
          </gpxtpx:TrackPointExtension>
        </extensions>
      </trkpt>
      <trkpt lat="22.736621498424356" lon="113.93650068817696">
        <ele>32.480327129364014</ele>
        <time>1970-01-01T00:09:05.200000Z</time>
        <extensions>
          <gpxtpx:TrackPointExtension>
            <gpxtpx:hr>173</gpxtpx:hr>
          </gpxtpx:TrackPointExtension>
        </extensions>
      </trkpt>
      <trkpt lat="22.736628216740648" lon="113.93650874575911">
        <ele>32.48243868909776</ele>
        <time>1970-01-01T00:09:06.200000Z</time>
        <extensions>
          <gpxtpx:TrackPointExtension>
            <gpxtpx:hr>173</gpxtpx:hr>
          </gpxtpx:TrackPointExtension>
        </extensions>
      </trkpt>
      <trkpt lat="22.736634618547523" lon="113.93651827366517">
        <ele>32.49101984221488</ele>
        <time>1970-01-01T00:09:07.200000Z</time>
        <extensions>
          <gpxtpx:TrackPointExtension>
            <gpxtpx:hr>173</gpxtpx:hr>
          </gpxtpx:TrackPointExtension>
        </extensions>
      </trkpt>
      <trkpt lat="22.736641769834183" lon="113.93652999010477">
        <ele>32.50607495661825</ele>
        <time>1970-01-01T00:09:08.200000Z</time>
        <extensions>
          <gpxtpx:TrackPointExtension>
            <gpxtpx:hr>173</gpxtpx:hr>
          </gpxtpx:TrackPointExtension>
        </extensions>
      </trkpt>
      <trkpt lat="22.73664964349722" lon="113.93654425951743">
        <ele>32.526829863898456</ele>
        <time>1970-01-01T00:09:09.200000Z</time>
        <extensions>
          <gpxtpx:TrackPointExtension>
            <gpxtpx:hr>173</gpxtpx:hr>
          </gpxtpx:TrackPointExtension>
        </extensions>
      </trkpt>
      <trkpt lat="22.73665918885432" lon="113.93656069196221">
        <ele>32.5517693227157</ele>
        <time>1970-01-01T00:09:10.200000Z</time>
        <extensions>
          <gpxtpx:TrackPointExtension>
            <gpxtpx:hr>173</gpxtpx:hr>
          </gpxtpx:TrackPointExtension>
        </extensions>
      </trkpt>
      <trkpt lat="22.736671422433286" lon="113.93657754728859">
        <ele>32.57933102641255</ele>
        <time>1970-01-01T00:09:11.200000Z</time>
        <extensions>
          <gpxtpx:TrackPointExtension>
            <gpxtpx:hr>173</gpxtpx:hr>
          </gpxtpx:TrackPointExtension>
        </extensions>
      </trkpt>
      <trkpt lat="22.736685627236497" lon="113.93659442688771">
        <ele>32.60759449098259</ele>
        <time>1970-01-01T00:09:12.200000Z</time>
        <extensions>
          <gpxtpx:TrackPointExtension>
            <gpxtpx:hr>173</gpxtpx:hr>
          </gpxtpx:TrackPointExtension>
        </extensions>
      </trkpt>
      <trkpt lat="22.736702955630633" lon="113.93661246808267">
        <ele>32.63452982250601</ele>
        <time>1970-01-01T00:09:13.200000Z</time>
        <extensions>
          <gpxtpx:TrackPointExtension>
            <gpxtpx:hr>173</gpxtpx:hr>
          </gpxtpx:TrackPointExtension>
        </extensions>
      </trkpt>
      <trkpt lat="22.7367241037809" lon="113.93663162560168">
        <ele>32.65836393088102</ele>
        <time>1970-01-01T00:09:14.200000Z</time>
        <extensions>
          <gpxtpx:TrackPointExtension>
            <gpxtpx:hr>173</gpxtpx:hr>
          </gpxtpx:TrackPointExtension>
        </extensions>
      </trkpt>
      <trkpt lat="22.7367471973187" lon="113.93665099039661">
        <ele>32.67808490525931</ele>
        <time>1970-01-01T00:09:15.200000Z</time>
        <extensions>
          <gpxtpx:TrackPointExtension>
            <gpxtpx:hr>173</gpxtpx:hr>
          </gpxtpx:TrackPointExtension>
        </extensions>
      </trkpt>
      <trkpt lat="22.736770749223453" lon="113.9366700772657">
        <ele>32.69348524231464</ele>
        <time>1970-01-01T00:09:16.200000Z</time>
        <extensions>
          <gpxtpx:TrackPointExtension>
            <gpxtpx:hr>173</gpxtpx:hr>
          </gpxtpx:TrackPointExtension>
        </extensions>
      </trkpt>
      <trkpt lat="22.73679466205739" lon="113.93668921691743">
        <ele>32.705258096568286</ele>
        <time>1970-01-01T00:09:17.200000Z</time>
        <extensions>
          <gpxtpx:TrackPointExtension>
            <gpxtpx:hr>172</gpxtpx:hr>
          </gpxtpx:TrackPointExtension>
        </extensions>
      </trkpt>
      <trkpt lat="22.73681825755202" lon="113.93670881436107">
        <ele>32.71476327907294</ele>
        <time>1970-01-01T00:09:18.200000Z</time>
        <extensions>
          <gpxtpx:TrackPointExtension>
            <gpxtpx:hr>172</gpxtpx:hr>
          </gpxtpx:TrackPointExtension>
        </extensions>
      </trkpt>
      <trkpt lat="22.73684021110493" lon="113.936728524446">
        <ele>32.723633682355285</ele>
        <time>1970-01-01T00:09:19.200000Z</time>
        <extensions>
          <gpxtpx:TrackPointExtension>
            <gpxtpx:hr>172</gpxtpx:hr>
          </gpxtpx:TrackPointExtension>
        </extensions>
      </trkpt>
      <trkpt lat="22.7368606165194" lon="113.93674806888043">
        <ele>32.73317978717387</ele>
        <time>1970-01-01T00:09:20.200000Z</time>
        <extensions>
          <gpxtpx:TrackPointExtension>
            <gpxtpx:hr>172</gpxtpx:hr>
          </gpxtpx:TrackPointExtension>
        </extensions>
      </trkpt>
      <trkpt lat="22.73688086721637" lon="113.936767034246">
        <ele>32.744104474782944</ele>
        <time>1970-01-01T00:09:21.200000Z</time>
        <extensions>
          <gpxtpx:TrackPointExtension>
            <gpxtpx:hr>172</gpxtpx:hr>
          </gpxtpx:TrackPointExtension>
        </extensions>
      </trkpt>
      <trkpt lat="22.736901957452748" lon="113.93678575429645">
        <ele>32.75648606289178</ele>
        <time>1970-01-01T00:09:22.200000Z</time>
        <extensions>
          <gpxtpx:TrackPointExtension>
            <gpxtpx:hr>173</gpxtpx:hr>
          </gpxtpx:TrackPointExtension>
        </extensions>
      </trkpt>
      <trkpt lat="22.73692419284539" lon="113.93680518263415">
        <ele>32.77002865541726</ele>
        <time>1970-01-01T00:09:23.200000Z</time>
        <extensions>
          <gpxtpx:TrackPointExtension>
            <gpxtpx:hr>173</gpxtpx:hr>
          </gpxtpx:TrackPointExtension>
        </extensions>
      </trkpt>
      <trkpt lat="22.736947461158845" lon="113.936825525043">
        <ele>32.7843934269622</ele>
        <time>1970-01-01T00:09:24.200000Z</time>
        <extensions>
          <gpxtpx:TrackPointExtension>
            <gpxtpx:hr>173</gpxtpx:hr>
          </gpxtpx:TrackPointExtension>
        </extensions>
      </trkpt>
      <trkpt lat="22.736970884305435" lon="113.93684643907038">
        <ele>32.799264774657786</ele>
        <time>1970-01-01T00:09:25.200000Z</time>
        <extensions>
          <gpxtpx:TrackPointExtension>
            <gpxtpx:hr>173</gpxtpx:hr>
          </gpxtpx:TrackPointExtension>
        </extensions>
      </trkpt>
      <trkpt lat="22.736994131448885" lon="113.93686767317173">
        <ele>32.81464204285294</ele>
        <time>1970-01-01T00:09:26.200000Z</time>
        <extensions>
          <gpxtpx:TrackPointExtension>
            <gpxtpx:hr>173</gpxtpx:hr>
          </gpxtpx:TrackPointExtension>
        </extensions>
      </trkpt>
      <trkpt lat="22.73701735041206" lon="113.93688854306306">
        <ele>32.83076203241944</ele>
        <time>1970-01-01T00:09:27.200000Z</time>
        <extensions>
          <gpxtpx:TrackPointExtension>
            <gpxtpx:hr>173</gpxtpx:hr>
          </gpxtpx:TrackPointExtension>
        </extensions>
      </trkpt>
      <trkpt lat="22.73704129990991" lon="113.9369092005159">
        <ele>32.847996949218214</ele>
        <time>1970-01-01T00:09:28.200000Z</time>
        <extensions>
          <gpxtpx:TrackPointExtension>
            <gpxtpx:hr>173</gpxtpx:hr>
          </gpxtpx:TrackPointExtension>
        </extensions>
      </trkpt>
      <trkpt lat="22.737065823773673" lon="113.93692988597456">
        <ele>32.86696729063988</ele>
        <time>1970-01-01T00:09:29.200000Z</time>
        <extensions>
          <gpxtpx:TrackPointExtension>
            <gpxtpx:hr>173</gpxtpx:hr>
          </gpxtpx:TrackPointExtension>
        </extensions>
      </trkpt>
      <trkpt lat="22.737091048284586" lon="113.9369506539115">
        <ele>32.8885244987905</ele>
        <time>1970-01-01T00:09:30.200000Z</time>
        <extensions>
          <gpxtpx:TrackPointExtension>
            <gpxtpx:hr>173</gpxtpx:hr>
          </gpxtpx:TrackPointExtension>
        </extensions>
      </trkpt>
      <trkpt lat="22.73711708665499" lon="113.93697142076068">
        <ele>32.91317679360509</ele>
        <time>1970-01-01T00:09:31.200000Z</time>
        <extensions>
          <gpxtpx:TrackPointExtension>
            <gpxtpx:hr>173</gpxtpx:hr>
          </gpxtpx:TrackPointExtension>
        </extensions>
      </trkpt>
      <trkpt lat="22.737143214343046" lon="113.93699194150378">
        <ele>32.94116950035095</ele>
        <time>1970-01-01T00:09:32.200000Z</time>
        <extensions>
          <gpxtpx:TrackPointExtension>
            <gpxtpx:hr>173</gpxtpx:hr>
          </gpxtpx:TrackPointExtension>
        </extensions>
      </trkpt>
      <trkpt lat="22.7371691901331" lon="113.93701206407965">
        <ele>32.97269558161497</ele>
        <time>1970-01-01T00:09:33.200000Z</time>
        <extensions>
          <gpxtpx:TrackPointExtension>
            <gpxtpx:hr>173</gpxtpx:hr>
          </gpxtpx:TrackPointExtension>
        </extensions>
      </trkpt>
      <trkpt lat="22.73719461432697" lon="113.93703148202475">
        <ele>33.00710032042116</ele>
        <time>1970-01-01T00:09:34.200000Z</time>
        <extensions>
          <gpxtpx:TrackPointExtension>
            <gpxtpx:hr>173</gpxtpx:hr>
          </gpxtpx:TrackPointExtension>
        </extensions>
      </trkpt>
      <trkpt lat="22.737219666881806" lon="113.93704998156068">
        <ele>33.04321113973856</ele>
        <time>1970-01-01T00:09:35.200000Z</time>
        <extensions>
          <gpxtpx:TrackPointExtension>
            <gpxtpx:hr>173</gpxtpx:hr>
          </gpxtpx:TrackPointExtension>
        </extensions>
      </trkpt>
      <trkpt lat="22.737244566735285" lon="113.93706763602674">
        <ele>33.07964780833572</ele>
        <time>1970-01-01T00:09:36.200000Z</time>
        <extensions>
          <gpxtpx:TrackPointExtension>
            <gpxtpx:hr>173</gpxtpx:hr>
          </gpxtpx:TrackPointExtension>
        </extensions>
      </trkpt>
      <trkpt lat="22.737269246788024" lon="113.93708505619801">
        <ele>33.114869771525264</ele>
        <time>1970-01-01T00:09:37.200000Z</time>
        <extensions>
          <gpxtpx:TrackPointExtension>
            <gpxtpx:hr>173</gpxtpx:hr>
          </gpxtpx:TrackPointExtension>
        </extensions>
      </trkpt>
      <trkpt lat="22.73729354091677" lon="113.93710274207292">
        <ele>33.14696518983692</ele>
        <time>1970-01-01T00:09:38.200000Z</time>
        <extensions>
          <gpxtpx:TrackPointExtension>
            <gpxtpx:hr>173</gpxtpx:hr>
          </gpxtpx:TrackPointExtension>
        </extensions>
      </trkpt>
      <trkpt lat="22.73731812907732" lon="113.93712071711006">
        <ele>33.17408586572856</ele>
        <time>1970-01-01T00:09:39.200000Z</time>
        <extensions>
          <gpxtpx:TrackPointExtension>
            <gpxtpx:hr>173</gpxtpx:hr>
          </gpxtpx:TrackPointExtension>
        </extensions>
      </trkpt>
      <trkpt lat="22.737343469132686" lon="113.93713903094157">
        <ele>33.19481689762324</ele>
        <time>1970-01-01T00:09:40.200000Z</time>
        <extensions>
          <gpxtpx:TrackPointExtension>
            <gpxtpx:hr>173</gpxtpx:hr>
          </gpxtpx:TrackPointExtension>
        </extensions>
      </trkpt>
      <trkpt lat="22.73736892766847" lon="113.9371574033164">
        <ele>33.2085268907249</ele>
        <time>1970-01-01T00:09:41.200000Z</time>
        <extensions>
          <gpxtpx:TrackPointExtension>
            <gpxtpx:hr>173</gpxtpx:hr>
          </gpxtpx:TrackPointExtension>
        </extensions>
      </trkpt>
      <trkpt lat="22.737393612112918" lon="113.93717547983279">
        <ele>33.21545711532235</ele>
        <time>1970-01-01T00:09:42.200000Z</time>
        <extensions>
          <gpxtpx:TrackPointExtension>
            <gpxtpx:hr>173</gpxtpx:hr>
          </gpxtpx:TrackPointExtension>
        </extensions>
      </trkpt>
      <trkpt lat="22.737417198528043" lon="113.93719335078598">
        <ele>33.21696389187127</ele>
        <time>1970-01-01T00:09:43.200000Z</time>
        <extensions>
          <gpxtpx:TrackPointExtension>
            <gpxtpx:hr>173</gpxtpx:hr>
          </gpxtpx:TrackPointExtension>
        </extensions>
      </trkpt>
      <trkpt lat="22.73743989637986" lon="113.93721134408692">
        <ele>33.214865216985345</ele>
        <time>1970-01-01T00:09:44.200000Z</time>
        <extensions>
          <gpxtpx:TrackPointExtension>
            <gpxtpx:hr>173</gpxtpx:hr>
          </gpxtpx:TrackPointExtension>
        </extensions>
      </trkpt>
      <trkpt lat="22.737461823305125" lon="113.93722967774748">
        <ele>33.21103062480688</ele>
        <time>1970-01-01T00:09:45.200000Z</time>
        <extensions>
          <gpxtpx:TrackPointExtension>
            <gpxtpx:hr>173</gpxtpx:hr>
          </gpxtpx:TrackPointExtension>
        </extensions>
      </trkpt>
      <trkpt lat="22.737483067249595" lon="113.93724852011667">
        <ele>33.20673686731607</ele>
        <time>1970-01-01T00:09:46.200000Z</time>
        <extensions>
          <gpxtpx:TrackPointExtension>
            <gpxtpx:hr>173</gpxtpx:hr>
          </gpxtpx:TrackPointExtension>
        </extensions>
      </trkpt>
      <trkpt lat="22.73750374506161" lon="113.93726786512286">
        <ele>33.20243586041033</ele>
        <time>1970-01-01T00:09:47.200000Z</time>
        <extensions>
          <gpxtpx:TrackPointExtension>
            <gpxtpx:hr>173</gpxtpx:hr>
          </gpxtpx:TrackPointExtension>
        </extensions>
      </trkpt>
      <trkpt lat="22.73752416499185" lon="113.93728770308618">
        <ele>33.19776707608253</ele>
        <time>1970-01-01T00:09:48.200000Z</time>
        <extensions>
          <gpxtpx:TrackPointExtension>
            <gpxtpx:hr>173</gpxtpx:hr>
          </gpxtpx:TrackPointExtension>
        </extensions>
      </trkpt>
      <trkpt lat="22.73754443924833" lon="113.93730829293449">
        <ele>33.1919234469533</ele>
        <time>1970-01-01T00:09:49.200000Z</time>
        <extensions>
          <gpxtpx:TrackPointExtension>
            <gpxtpx:hr>173</gpxtpx:hr>
          </gpxtpx:TrackPointExtension>
        </extensions>
      </trkpt>
      <trkpt lat="22.73756462684319" lon="113.93732965315375">
        <ele>33.18390193488449</ele>
        <time>1970-01-01T00:09:50.200000Z</time>
        <extensions>
          <gpxtpx:TrackPointExtension>
            <gpxtpx:hr>173</gpxtpx:hr>
          </gpxtpx:TrackPointExtension>
        </extensions>
      </trkpt>
      <trkpt lat="22.737584843711627" lon="113.9373517280247">
        <ele>33.172841287218034</ele>
        <time>1970-01-01T00:09:51.200000Z</time>
        <extensions>
          <gpxtpx:TrackPointExtension>
            <gpxtpx:hr>173</gpxtpx:hr>
          </gpxtpx:TrackPointExtension>
        </extensions>
      </trkpt>
      <trkpt lat="22.737604989172407" lon="113.93737398265053">
        <ele>33.15833378955722</ele>
        <time>1970-01-01T00:09:52.200000Z</time>
        <extensions>
          <gpxtpx:TrackPointExtension>
            <gpxtpx:hr>173</gpxtpx:hr>
          </gpxtpx:TrackPointExtension>
        </extensions>
      </trkpt>
      <trkpt lat="22.737624934584463" lon="113.93739636975238">
        <ele>33.14040464628488</ele>
        <time>1970-01-01T00:09:53.200000Z</time>
        <extensions>
          <gpxtpx:TrackPointExtension>
            <gpxtpx:hr>173</gpxtpx:hr>
          </gpxtpx:TrackPointExtension>
        </extensions>
      </trkpt>
      <trkpt lat="22.73764450193741" lon="113.93741895100281">
        <ele>33.11969498824328</ele>
        <time>1970-01-01T00:09:54.200000Z</time>
        <extensions>
          <gpxtpx:TrackPointExtension>
            <gpxtpx:hr>172</gpxtpx:hr>
          </gpxtpx:TrackPointExtension>
        </extensions>
      </trkpt>
      <trkpt lat="22.737663689676406" lon="113.93744088714719">
        <ele>33.0972406193614</ele>
        <time>1970-01-01T00:09:55.200000Z</time>
        <extensions>
          <gpxtpx:TrackPointExtension>
            <gpxtpx:hr>172</gpxtpx:hr>
          </gpxtpx:TrackPointExtension>
        </extensions>
      </trkpt>
      <trkpt lat="22.737682112498547" lon="113.93746154123393">
        <ele>33.07416578568518</ele>
        <time>1970-01-01T00:09:56.200000Z</time>
        <extensions>
          <gpxtpx:TrackPointExtension>
            <gpxtpx:hr>172</gpxtpx:hr>
          </gpxtpx:TrackPointExtension>
        </extensions>
      </trkpt>
      <trkpt lat="22.73770006883286" lon="113.9374807722074">
        <ele>33.05176102742553</ele>
        <time>1970-01-01T00:09:57.200000Z</time>
        <extensions>
          <gpxtpx:TrackPointExtension>
            <gpxtpx:hr>172</gpxtpx:hr>
          </gpxtpx:TrackPointExtension>
        </extensions>
      </trkpt>
      <trkpt lat="22.737718334887546" lon="113.93749883963716">
        <ele>33.0312515264377</ele>
        <time>1970-01-01T00:09:58.200000Z</time>
        <extensions>
          <gpxtpx:TrackPointExtension>
            <gpxtpx:hr>174</gpxtpx:hr>
          </gpxtpx:TrackPointExtension>
        </extensions>
      </trkpt>
      <trkpt lat="22.737737342869185" lon="113.93751610234555">
        <ele>33.013588067144156</ele>
        <time>1970-01-01T00:09:59.200000Z</time>
        <extensions>
          <gpxtpx:TrackPointExtension>
            <gpxtpx:hr>174</gpxtpx:hr>
          </gpxtpx:TrackPointExtension>
        </extensions>
      </trkpt>
      <trkpt lat="22.737756010218746" lon="113.9375333165983">
        <ele>32.99942559748888</ele>
        <time>1970-01-01T00:10:00.200000Z</time>
        <extensions>
          <gpxtpx:TrackPointExtension>
            <gpxtpx:hr>174</gpxtpx:hr>
          </gpxtpx:TrackPointExtension>
        </extensions>
      </trkpt>
      <trkpt lat="22.73777276399257" lon="113.93755146299313">
        <ele>32.98929204232991</ele>
        <time>1970-01-01T00:10:01.200000Z</time>
        <extensions>
          <gpxtpx:TrackPointExtension>
            <gpxtpx:hr>174</gpxtpx:hr>
          </gpxtpx:TrackPointExtension>
        </extensions>
      </trkpt>
      <trkpt lat="22.73778589641398" lon="113.93757067109262">
        <ele>32.983288991265</ele>
        <time>1970-01-01T00:10:02.200000Z</time>
        <extensions>
          <gpxtpx:TrackPointExtension>
            <gpxtpx:hr>174</gpxtpx:hr>
          </gpxtpx:TrackPointExtension>
        </extensions>
      </trkpt>
      <trkpt lat="22.737794420787505" lon="113.9375908798867">
        <ele>32.981175352819264</ele>
        <time>1970-01-01T00:10:03.200000Z</time>
        <extensions>
          <gpxtpx:TrackPointExtension>
            <gpxtpx:hr>174</gpxtpx:hr>
          </gpxtpx:TrackPointExtension>
        </extensions>
      </trkpt>
      <trkpt lat="22.73779902547222" lon="113.93761144695469">
        <ele>32.98249913658947</ele>
        <time>1970-01-01T00:10:04.200000Z</time>
        <extensions>
          <gpxtpx:TrackPointExtension>
            <gpxtpx:hr>174</gpxtpx:hr>
          </gpxtpx:TrackPointExtension>
        </extensions>
      </trkpt>
      <trkpt lat="22.737800015262373" lon="113.93763117775492">
        <ele>32.98667219188064</ele>
        <time>1970-01-01T00:10:05.200000Z</time>
        <extensions>
          <gpxtpx:TrackPointExtension>
            <gpxtpx:hr>174</gpxtpx:hr>
          </gpxtpx:TrackPointExtension>
        </extensions>
      </trkpt>
      <trkpt lat="22.737797416048423" lon="113.93764938150389">
        <ele>32.99267725367099</ele>
        <time>1970-01-01T00:10:06.200000Z</time>
        <extensions>
          <gpxtpx:TrackPointExtension>
            <gpxtpx:hr>174</gpxtpx:hr>
          </gpxtpx:TrackPointExtension>
        </extensions>
      </trkpt>
      <trkpt lat="22.737791805783388" lon="113.93766671452023">
        <ele>32.99969433899969</ele>
        <time>1970-01-01T00:10:07.200000Z</time>
        <extensions>
          <gpxtpx:TrackPointExtension>
            <gpxtpx:hr>174</gpxtpx:hr>
          </gpxtpx:TrackPointExtension>
        </extensions>
      </trkpt>
      <trkpt lat="22.737784919111316" lon="113.93768423243526">
        <ele>33.00709427520633</ele>
        <time>1970-01-01T00:10:08.200000Z</time>
        <extensions>
          <gpxtpx:TrackPointExtension>
            <gpxtpx:hr>174</gpxtpx:hr>
          </gpxtpx:TrackPointExtension>
        </extensions>
      </trkpt>
      <trkpt lat="22.73777708525922" lon="113.93770202408228">
        <ele>33.01460445486009</ele>
        <time>1970-01-01T00:10:09.200000Z</time>
        <extensions>
          <gpxtpx:TrackPointExtension>
            <gpxtpx:hr>174</gpxtpx:hr>
          </gpxtpx:TrackPointExtension>
        </extensions>
      </trkpt>
      <trkpt lat="22.7377678493493" lon="113.93771953480744">
        <ele>33.02228599973023</ele>
        <time>1970-01-01T00:10:10.200000Z</time>
        <extensions>
          <gpxtpx:TrackPointExtension>
            <gpxtpx:hr>173</gpxtpx:hr>
          </gpxtpx:TrackPointExtension>
        </extensions>
      </trkpt>
      <trkpt lat="22.737757825731755" lon="113.93773640466381">
        <ele>33.03069993108511</ele>
        <time>1970-01-01T00:10:11.200000Z</time>
        <extensions>
          <gpxtpx:TrackPointExtension>
            <gpxtpx:hr>173</gpxtpx:hr>
          </gpxtpx:TrackPointExtension>
        </extensions>
      </trkpt>
      <trkpt lat="22.737747379234193" lon="113.93775272960958">
        <ele>33.040813421830535</ele>
        <time>1970-01-01T00:10:12.200000Z</time>
        <extensions>
          <gpxtpx:TrackPointExtension>
            <gpxtpx:hr>173</gpxtpx:hr>
          </gpxtpx:TrackPointExtension>
        </extensions>
      </trkpt>
      <trkpt lat="22.73773674280535" lon="113.93776945204598">
        <ele>33.05355411581695</ele>
        <time>1970-01-01T00:10:13.200000Z</time>
        <extensions>
          <gpxtpx:TrackPointExtension>
            <gpxtpx:hr>173</gpxtpx:hr>
          </gpxtpx:TrackPointExtension>
        </extensions>
      </trkpt>
      <trkpt lat="22.73772579699856" lon="113.93778707475653">
        <ele>33.06953213736415</ele>
        <time>1970-01-01T00:10:14.200000Z</time>
        <extensions>
          <gpxtpx:TrackPointExtension>
            <gpxtpx:hr>173</gpxtpx:hr>
          </gpxtpx:TrackPointExtension>
        </extensions>
      </trkpt>
      <trkpt lat="22.737714184110605" lon="113.93780611445524">
        <ele>33.08934972155839</ele>
        <time>1970-01-01T00:10:15.200000Z</time>
        <extensions>
          <gpxtpx:TrackPointExtension>
            <gpxtpx:hr>173</gpxtpx:hr>
          </gpxtpx:TrackPointExtension>
        </extensions>
      </trkpt>
      <trkpt lat="22.737702060180812" lon="113.9378264609459">
        <ele>33.112668921239674</ele>
        <time>1970-01-01T00:10:16.200000Z</time>
        <extensions>
          <gpxtpx:TrackPointExtension>
            <gpxtpx:hr>173</gpxtpx:hr>
          </gpxtpx:TrackPointExtension>
        </extensions>
      </trkpt>
      <trkpt lat="22.73769008065756" lon="113.9378482494938">
        <ele>33.13957513682544</ele>
        <time>1970-01-01T00:10:17.200000Z</time>
        <extensions>
          <gpxtpx:TrackPointExtension>
            <gpxtpx:hr>173</gpxtpx:hr>
          </gpxtpx:TrackPointExtension>
        </extensions>
      </trkpt>
      <trkpt lat="22.737678474931723" lon="113.93787129727353">
        <ele>33.170657478272915</ele>
        <time>1970-01-01T00:10:18.200000Z</time>
        <extensions>
          <gpxtpx:TrackPointExtension>
            <gpxtpx:hr>173</gpxtpx:hr>
          </gpxtpx:TrackPointExtension>
        </extensions>
      </trkpt>
      <trkpt lat="22.7376675104015" lon="113.9378949793855">
        <ele>33.20728739257902</ele>
        <time>1970-01-01T00:10:19.200000Z</time>
        <extensions>
          <gpxtpx:TrackPointExtension>
            <gpxtpx:hr>173</gpxtpx:hr>
          </gpxtpx:TrackPointExtension>
        </extensions>
      </trkpt>
      <trkpt lat="22.737657097329674" lon="113.93791954341913">
        <ele>33.25034682638943</ele>
        <time>1970-01-01T00:10:20.200000Z</time>
        <extensions>
          <gpxtpx:TrackPointExtension>
            <gpxtpx:hr>173</gpxtpx:hr>
          </gpxtpx:TrackPointExtension>
        </extensions>
      </trkpt>
      <trkpt lat="22.737646980877418" lon="113.93794499761408">
        <ele>33.30197011586279</ele>
        <time>1970-01-01T00:10:21.200000Z</time>
        <extensions>
          <gpxtpx:TrackPointExtension>
            <gpxtpx:hr>173</gpxtpx:hr>
          </gpxtpx:TrackPointExtension>
        </extensions>
      </trkpt>
      <trkpt lat="22.737636834249656" lon="113.93797067987778">
        <ele>33.363253677263856</ele>
        <time>1970-01-01T00:10:22.200000Z</time>
        <extensions>
          <gpxtpx:TrackPointExtension>
            <gpxtpx:hr>173</gpxtpx:hr>
          </gpxtpx:TrackPointExtension>
        </extensions>
      </trkpt>
      <trkpt lat="22.73762636489905" lon="113.93799582562373">
        <ele>33.43399193137884</ele>
        <time>1970-01-01T00:10:23.200000Z</time>
        <extensions>
          <gpxtpx:TrackPointExtension>
            <gpxtpx:hr>173</gpxtpx:hr>
          </gpxtpx:TrackPointExtension>
        </extensions>
      </trkpt>
      <trkpt lat="22.737616224626585" lon="113.93802044392908">
        <ele>33.51249089837074</ele>
        <time>1970-01-01T00:10:24.200000Z</time>
        <extensions>
          <gpxtpx:TrackPointExtension>
            <gpxtpx:hr>173</gpxtpx:hr>
          </gpxtpx:TrackPointExtension>
        </extensions>
      </trkpt>
      <trkpt lat="22.737606511676873" lon="113.9380455753086">
        <ele>33.59605753235519</ele>
        <time>1970-01-01T00:10:25.200000Z</time>
        <extensions>
          <gpxtpx:TrackPointExtension>
            <gpxtpx:hr>173</gpxtpx:hr>
          </gpxtpx:TrackPointExtension>
        </extensions>
      </trkpt>
      <trkpt lat="22.737596990889816" lon="113.93807161598325">
        <ele>33.67961004097015</ele>
        <time>1970-01-01T00:10:26.200000Z</time>
        <extensions>
          <gpxtpx:TrackPointExtension>
            <gpxtpx:hr>173</gpxtpx:hr>
          </gpxtpx:TrackPointExtension>
        </extensions>
      </trkpt>
      <trkpt lat="22.73758760553984" lon="113.9380978131605">
        <ele>33.75660323444754</ele>
        <time>1970-01-01T00:10:27.200000Z</time>
        <extensions>
          <gpxtpx:TrackPointExtension>
            <gpxtpx:hr>173</gpxtpx:hr>
          </gpxtpx:TrackPointExtension>
        </extensions>
      </trkpt>
      <trkpt lat="22.737577915302577" lon="113.9381238503839">
        <ele>33.820318513549864</ele>
        <time>1970-01-01T00:10:28.200000Z</time>
        <extensions>
          <gpxtpx:TrackPointExtension>
            <gpxtpx:hr>173</gpxtpx:hr>
          </gpxtpx:TrackPointExtension>
        </extensions>
      </trkpt>
      <trkpt lat="22.73756840750202" lon="113.93814906759944">
        <ele>33.86500892601907</ele>
        <time>1970-01-01T00:10:29.200000Z</time>
        <extensions>
          <gpxtpx:TrackPointExtension>
            <gpxtpx:hr>173</gpxtpx:hr>
          </gpxtpx:TrackPointExtension>
        </extensions>
      </trkpt>
      <trkpt lat="22.73755913945793" lon="113.93817349671102">
        <ele>33.88790824264288</ele>
        <time>1970-01-01T00:10:30.200000Z</time>
        <extensions>
          <gpxtpx:TrackPointExtension>
            <gpxtpx:hr>173</gpxtpx:hr>
          </gpxtpx:TrackPointExtension>
        </extensions>
      </trkpt>
      <trkpt lat="22.737549504587893" lon="113.93819797873958">
        <ele>33.889800685457885</ele>
        <time>1970-01-01T00:10:31.200000Z</time>
        <extensions>
          <gpxtpx:TrackPointExtension>
            <gpxtpx:hr>173</gpxtpx:hr>
          </gpxtpx:TrackPointExtension>
        </extensions>
      </trkpt>
      <trkpt lat="22.737539992559036" lon="113.93822238403129">
        <ele>33.875167856924236</ele>
        <time>1970-01-01T00:10:32.200000Z</time>
        <extensions>
          <gpxtpx:TrackPointExtension>
            <gpxtpx:hr>173</gpxtpx:hr>
          </gpxtpx:TrackPointExtension>
        </extensions>
      </trkpt>
      <trkpt lat="22.737531375386382" lon="113.93824689471835">
        <ele>33.85110954660922</ele>
        <time>1970-01-01T00:10:33.200000Z</time>
        <extensions>
          <gpxtpx:TrackPointExtension>
            <gpxtpx:hr>173</gpxtpx:hr>
          </gpxtpx:TrackPointExtension>
        </extensions>
      </trkpt>
      <trkpt lat="22.737523410547297" lon="113.93827082624696">
        <ele>33.82566518615931</ele>
        <time>1970-01-01T00:10:34.200000Z</time>
        <extensions>
          <gpxtpx:TrackPointExtension>
            <gpxtpx:hr>173</gpxtpx:hr>
          </gpxtpx:TrackPointExtension>
        </extensions>
      </trkpt>
      <trkpt lat="22.73751545714188" lon="113.93829410448339">
        <ele>33.80542579013854</ele>
        <time>1970-01-01T00:10:35.200000Z</time>
        <extensions>
          <gpxtpx:TrackPointExtension>
            <gpxtpx:hr>173</gpxtpx:hr>
          </gpxtpx:TrackPointExtension>
        </extensions>
      </trkpt>
      <trkpt lat="22.737507338953716" lon="113.93831760589727">
        <ele>33.7949605807662</ele>
        <time>1970-01-01T00:10:36.200000Z</time>
        <extensions>
          <gpxtpx:TrackPointExtension>
            <gpxtpx:hr>173</gpxtpx:hr>
          </gpxtpx:TrackPointExtension>
        </extensions>
      </trkpt>
      <trkpt lat="22.7374991104305" lon="113.93834186380103">
        <ele>33.79639732837677</ele>
        <time>1970-01-01T00:10:37.200000Z</time>
        <extensions>
          <gpxtpx:TrackPointExtension>
            <gpxtpx:hr>172</gpxtpx:hr>
          </gpxtpx:TrackPointExtension>
        </extensions>
      </trkpt>
      <trkpt lat="22.737490836889876" lon="113.93836712479907">
        <ele>33.80957325734198</ele>
        <time>1970-01-01T00:10:38.200000Z</time>
        <extensions>
          <gpxtpx:TrackPointExtension>
            <gpxtpx:hr>172</gpxtpx:hr>
          </gpxtpx:TrackPointExtension>
        </extensions>
      </trkpt>
      <trkpt lat="22.737482544673746" lon="113.93839231819007">
        <ele>33.8324180515483</ele>
        <time>1970-01-01T00:10:39.200000Z</time>
        <extensions>
          <gpxtpx:TrackPointExtension>
            <gpxtpx:hr>172</gpxtpx:hr>
          </gpxtpx:TrackPointExtension>
        </extensions>
      </trkpt>
      <trkpt lat="22.737474531315712" lon="113.93841721369684">
        <ele>33.86216697469354</ele>
        <time>1970-01-01T00:10:40.200000Z</time>
        <extensions>
          <gpxtpx:TrackPointExtension>
            <gpxtpx:hr>172</gpxtpx:hr>
          </gpxtpx:TrackPointExtension>
        </extensions>
      </trkpt>
      <trkpt lat="22.737467367693256" lon="113.93844178003282">
        <ele>33.89585386868566</ele>
        <time>1970-01-01T00:10:41.200000Z</time>
        <extensions>
          <gpxtpx:TrackPointExtension>
            <gpxtpx:hr>172</gpxtpx:hr>
          </gpxtpx:TrackPointExtension>
        </extensions>
      </trkpt>
      <trkpt lat="22.7374611645723" lon="113.93846617695878">
        <ele>33.930844080634415</ele>
        <time>1970-01-01T00:10:42.200000Z</time>
        <extensions>
          <gpxtpx:TrackPointExtension>
            <gpxtpx:hr>172</gpxtpx:hr>
          </gpxtpx:TrackPointExtension>
        </extensions>
      </trkpt>
      <trkpt lat="22.73745568127866" lon="113.93849102068522">
        <ele>33.965011505410075</ele>
        <time>1970-01-01T00:10:43.200000Z</time>
        <extensions>
          <gpxtpx:TrackPointExtension>
            <gpxtpx:hr>172</gpxtpx:hr>
          </gpxtpx:TrackPointExtension>
        </extensions>
      </trkpt>
      <trkpt lat="22.73745040750922" lon="113.93851642157861">
        <ele>33.99727302417159</ele>
        <time>1970-01-01T00:10:44.200000Z</time>
        <extensions>
          <gpxtpx:TrackPointExtension>
            <gpxtpx:hr>172</gpxtpx:hr>
          </gpxtpx:TrackPointExtension>
        </extensions>
      </trkpt>
      <trkpt lat="22.73744523701101" lon="113.93854169462473">
        <ele>34.02757780998945</ele>
        <time>1970-01-01T00:10:45.200000Z</time>
        <extensions>
          <gpxtpx:TrackPointExtension>
            <gpxtpx:hr>172</gpxtpx:hr>
          </gpxtpx:TrackPointExtension>
        </extensions>
      </trkpt>
      <trkpt lat="22.737440255264453" lon="113.93856633922766">
        <ele>34.05661787465215</ele>
        <time>1970-01-01T00:10:46.200000Z</time>
        <extensions>
          <gpxtpx:TrackPointExtension>
            <gpxtpx:hr>172</gpxtpx:hr>
          </gpxtpx:TrackPointExtension>
        </extensions>
      </trkpt>
      <trkpt lat="22.737435548816304" lon="113.93859070387938">
        <ele>34.08533656410873</ele>
        <time>1970-01-01T00:10:47.200000Z</time>
        <extensions>
          <gpxtpx:TrackPointExtension>
            <gpxtpx:hr>173</gpxtpx:hr>
          </gpxtpx:TrackPointExtension>
        </extensions>
      </trkpt>
      <trkpt lat="22.73743110518972" lon="113.93861515958343">
        <ele>34.11475770175457</ele>
        <time>1970-01-01T00:10:48.200000Z</time>
        <extensions>
          <gpxtpx:TrackPointExtension>
            <gpxtpx:hr>173</gpxtpx:hr>
          </gpxtpx:TrackPointExtension>
        </extensions>
      </trkpt>
      <trkpt lat="22.73742642185159" lon="113.93863977886056">
        <ele>34.145491387695074</ele>
        <time>1970-01-01T00:10:49.200000Z</time>
        <extensions>
          <gpxtpx:TrackPointExtension>
            <gpxtpx:hr>173</gpxtpx:hr>
          </gpxtpx:TrackPointExtension>
        </extensions>
      </trkpt>
      <trkpt lat="22.737421910624096" lon="113.93866482315413">
        <ele>34.17744723893702</ele>
        <time>1970-01-01T00:10:50.200000Z</time>
        <extensions>
          <gpxtpx:TrackPointExtension>
            <gpxtpx:hr>173</gpxtpx:hr>
          </gpxtpx:TrackPointExtension>
        </extensions>
      </trkpt>
      <trkpt lat="22.737418080887334" lon="113.93868935632548">
        <ele>34.21002423111349</ele>
        <time>1970-01-01T00:10:51.200000Z</time>
        <extensions>
          <gpxtpx:TrackPointExtension>
            <gpxtpx:hr>173</gpxtpx:hr>
          </gpxtpx:TrackPointExtension>
        </extensions>
      </trkpt>
      <trkpt lat="22.737414318058452" lon="113.9387135140352">
        <ele>34.24258645065129</ele>
        <time>1970-01-01T00:10:52.200000Z</time>
        <extensions>
          <gpxtpx:TrackPointExtension>
            <gpxtpx:hr>172</gpxtpx:hr>
          </gpxtpx:TrackPointExtension>
        </extensions>
      </trkpt>
      <trkpt lat="22.737410309943307" lon="113.9387382033032">
        <ele>34.274728460237384</ele>
        <time>1970-01-01T00:10:53.200000Z</time>
        <extensions>
          <gpxtpx:TrackPointExtension>
            <gpxtpx:hr>172</gpxtpx:hr>
          </gpxtpx:TrackPointExtension>
        </extensions>
      </trkpt>
      <trkpt lat="22.7374058681553" lon="113.938763569381">
        <ele>34.30634990148246</ele>
        <time>1970-01-01T00:10:54.200000Z</time>
        <extensions>
          <gpxtpx:TrackPointExtension>
            <gpxtpx:hr>172</gpxtpx:hr>
          </gpxtpx:TrackPointExtension>
        </extensions>
      </trkpt>
      <trkpt lat="22.73740095721704" lon="113.93878938936192">
        <ele>34.3375324010849</ele>
        <time>1970-01-01T00:10:55.200000Z</time>
        <extensions>
          <gpxtpx:TrackPointExtension>
            <gpxtpx:hr>172</gpxtpx:hr>
          </gpxtpx:TrackPointExtension>
        </extensions>
      </trkpt>
      <trkpt lat="22.737395983349987" lon="113.93881492900898">
        <ele>34.368366749957204</ele>
        <time>1970-01-01T00:10:56.200000Z</time>
        <extensions>
          <gpxtpx:TrackPointExtension>
            <gpxtpx:hr>172</gpxtpx:hr>
          </gpxtpx:TrackPointExtension>
        </extensions>
      </trkpt>
      <trkpt lat="22.7373907329986" lon="113.9388403844413">
        <ele>34.398497484624386</ele>
        <time>1970-01-01T00:10:57.200000Z</time>
        <extensions>
          <gpxtpx:TrackPointExtension>
            <gpxtpx:hr>172</gpxtpx:hr>
          </gpxtpx:TrackPointExtension>
        </extensions>
      </trkpt>
      <trkpt lat="22.737384921085813" lon="113.93886599478209">
        <ele>34.42806401383132</ele>
        <time>1970-01-01T00:10:58.200000Z</time>
        <extensions>
          <gpxtpx:TrackPointExtension>
            <gpxtpx:hr>172</gpxtpx:hr>
          </gpxtpx:TrackPointExtension>
        </extensions>
      </trkpt>
      <trkpt lat="22.73737927304077" lon="113.93889123842108">
        <ele>34.45729217398912</ele>
        <time>1970-01-01T00:10:59.200000Z</time>
        <extensions>
          <gpxtpx:TrackPointExtension>
            <gpxtpx:hr>172</gpxtpx:hr>
          </gpxtpx:TrackPointExtension>
        </extensions>
      </trkpt>
      <trkpt lat="22.73737385443736" lon="113.93891533735429">
        <ele>34.48651821538806</ele>
        <time>1970-01-01T00:11:00.200000Z</time>
        <extensions>
          <gpxtpx:TrackPointExtension>
            <gpxtpx:hr>172</gpxtpx:hr>
          </gpxtpx:TrackPointExtension>
        </extensions>
      </trkpt>
      <trkpt lat="22.7373679022856" lon="113.93893843528447">
        <ele>34.516032164916396</ele>
        <time>1970-01-01T00:11:01.200000Z</time>
        <extensions>
          <gpxtpx:TrackPointExtension>
            <gpxtpx:hr>172</gpxtpx:hr>
          </gpxtpx:TrackPointExtension>
        </extensions>
      </trkpt>
      <trkpt lat="22.73736122041263" lon="113.93896137557033">
        <ele>34.54667301103473</ele>
        <time>1970-01-01T00:11:02.200000Z</time>
        <extensions>
          <gpxtpx:TrackPointExtension>
            <gpxtpx:hr>172</gpxtpx:hr>
          </gpxtpx:TrackPointExtension>
        </extensions>
      </trkpt>
      <trkpt lat="22.737353847360573" lon="113.93898461225942">
        <ele>34.57877797167748</ele>
        <time>1970-01-01T00:11:03.200000Z</time>
        <extensions>
          <gpxtpx:TrackPointExtension>
            <gpxtpx:hr>172</gpxtpx:hr>
          </gpxtpx:TrackPointExtension>
        </extensions>
      </trkpt>
      <trkpt lat="22.737346152160185" lon="113.93900834227442">
        <ele>34.61253366805613</ele>
        <time>1970-01-01T00:11:04.200000Z</time>
        <extensions>
          <gpxtpx:TrackPointExtension>
            <gpxtpx:hr>172</gpxtpx:hr>
          </gpxtpx:TrackPointExtension>
        </extensions>
      </trkpt>
      <trkpt lat="22.73733875208835" lon="113.93903216079883">
        <ele>34.64800581522286</ele>
        <time>1970-01-01T00:11:05.200000Z</time>
        <extensions>
          <gpxtpx:TrackPointExtension>
            <gpxtpx:hr>172</gpxtpx:hr>
          </gpxtpx:TrackPointExtension>
        </extensions>
      </trkpt>
      <trkpt lat="22.73733209754354" lon="113.93905624974546">
        <ele>34.68522388022393</ele>
        <time>1970-01-01T00:11:06.200000Z</time>
        <extensions>
          <gpxtpx:TrackPointExtension>
            <gpxtpx:hr>172</gpxtpx:hr>
          </gpxtpx:TrackPointExtension>
        </extensions>
      </trkpt>
      <trkpt lat="22.737326378975943" lon="113.93908058586472">
        <ele>34.723187981173396</ele>
        <time>1970-01-01T00:11:07.200000Z</time>
        <extensions>
          <gpxtpx:TrackPointExtension>
            <gpxtpx:hr>172</gpxtpx:hr>
          </gpxtpx:TrackPointExtension>
        </extensions>
      </trkpt>
      <trkpt lat="22.737321878746663" lon="113.93910413654666">
        <ele>34.760354213416576</ele>
        <time>1970-01-01T00:11:08.200000Z</time>
        <extensions>
          <gpxtpx:TrackPointExtension>
            <gpxtpx:hr>172</gpxtpx:hr>
          </gpxtpx:TrackPointExtension>
        </extensions>
      </trkpt>
      <trkpt lat="22.737318404905373" lon="113.93912671960688">
        <ele>34.794936685822904</ele>
        <time>1970-01-01T00:11:09.200000Z</time>
        <extensions>
          <gpxtpx:TrackPointExtension>
            <gpxtpx:hr>172</gpxtpx:hr>
          </gpxtpx:TrackPointExtension>
        </extensions>
      </trkpt>
      <trkpt lat="22.737314962792805" lon="113.93914847297775">
        <ele>34.82557740621269</ele>
        <time>1970-01-01T00:11:10.200000Z</time>
        <extensions>
          <gpxtpx:TrackPointExtension>
            <gpxtpx:hr>172</gpxtpx:hr>
          </gpxtpx:TrackPointExtension>
        </extensions>
      </trkpt>
      <trkpt lat="22.737310701668182" lon="113.93917028846124">
        <ele>34.851247899234295</ele>
        <time>1970-01-01T00:11:11.200000Z</time>
        <extensions>
          <gpxtpx:TrackPointExtension>
            <gpxtpx:hr>172</gpxtpx:hr>
          </gpxtpx:TrackPointExtension>
        </extensions>
      </trkpt>
      <trkpt lat="22.7373053328186" lon="113.93919210643043">
        <ele>34.87230620440096</ele>
        <time>1970-01-01T00:11:12.200000Z</time>
        <extensions>
          <gpxtpx:TrackPointExtension>
            <gpxtpx:hr>174</gpxtpx:hr>
          </gpxtpx:TrackPointExtension>
        </extensions>
      </trkpt>
      <trkpt lat="22.73729923820707" lon="113.93921358962609">
        <ele>34.890123983845115</ele>
        <time>1970-01-01T00:11:13.200000Z</time>
        <extensions>
          <gpxtpx:TrackPointExtension>
            <gpxtpx:hr>174</gpxtpx:hr>
          </gpxtpx:TrackPointExtension>
        </extensions>
      </trkpt>
      <trkpt lat="22.737293697746647" lon="113.9392351538298">
        <ele>34.90653889160603</ele>
        <time>1970-01-01T00:11:14.200000Z</time>
        <extensions>
          <gpxtpx:TrackPointExtension>
            <gpxtpx:hr>174</gpxtpx:hr>
          </gpxtpx:TrackPointExtension>
        </extensions>
      </trkpt>
      <trkpt lat="22.737289850000316" lon="113.93925670716283">
        <ele>34.92297975439578</ele>
        <time>1970-01-01T00:11:15.200000Z</time>
        <extensions>
          <gpxtpx:TrackPointExtension>
            <gpxtpx:hr>174</gpxtpx:hr>
          </gpxtpx:TrackPointExtension>
        </extensions>
      </trkpt>
      <trkpt lat="22.737287919393616" lon="113.9392779858951">
        <ele>34.9406059300527</ele>
        <time>1970-01-01T00:11:16.200000Z</time>
        <extensions>
          <gpxtpx:TrackPointExtension>
            <gpxtpx:hr>174</gpxtpx:hr>
          </gpxtpx:TrackPointExtension>
        </extensions>
      </trkpt>
      <trkpt lat="22.737287390964823" lon="113.93929888908002">
        <ele>34.959365830756724</ele>
        <time>1970-01-01T00:11:17.200000Z</time>
        <extensions>
          <gpxtpx:TrackPointExtension>
            <gpxtpx:hr>174</gpxtpx:hr>
          </gpxtpx:TrackPointExtension>
        </extensions>
      </trkpt>
      <trkpt lat="22.73728775514953" lon="113.93931903693169">
        <ele>34.9781361091882</ele>
        <time>1970-01-01T00:11:18.200000Z</time>
        <extensions>
          <gpxtpx:TrackPointExtension>
            <gpxtpx:hr>174</gpxtpx:hr>
          </gpxtpx:TrackPointExtension>
        </extensions>
      </trkpt>
      <trkpt lat="22.737287721634566" lon="113.93933880714815">
        <ele>34.995284273289144</ele>
        <time>1970-01-01T00:11:19.200000Z</time>
        <extensions>
          <gpxtpx:TrackPointExtension>
            <gpxtpx:hr>170</gpxtpx:hr>
          </gpxtpx:TrackPointExtension>
        </extensions>
      </trkpt>
      <trkpt lat="22.737285663125817" lon="113.93935919635913">
        <ele>35.009388447739184</ele>
        <time>1970-01-01T00:11:20.200000Z</time>
        <extensions>
          <gpxtpx:TrackPointExtension>
            <gpxtpx:hr>170</gpxtpx:hr>
          </gpxtpx:TrackPointExtension>
        </extensions>
      </trkpt>
      <trkpt lat="22.737281681174935" lon="113.9393796561746">
        <ele>35.01999919395894</ele>
        <time>1970-01-01T00:11:21.200000Z</time>
        <extensions>
          <gpxtpx:TrackPointExtension>
            <gpxtpx:hr>170</gpxtpx:hr>
          </gpxtpx:TrackPointExtension>
        </extensions>
      </trkpt>
      <trkpt lat="22.737276667311473" lon="113.93940010115222">
        <ele>35.027794108726084</ele>
        <time>1970-01-01T00:11:22.200000Z</time>
        <extensions>
          <gpxtpx:TrackPointExtension>
            <gpxtpx:hr>170</gpxtpx:hr>
          </gpxtpx:TrackPointExtension>
        </extensions>
      </trkpt>
      <trkpt lat="22.73727103850317" lon="113.93942117801252">
        <ele>35.03442788682878</ele>
        <time>1970-01-01T00:11:23.200000Z</time>
        <extensions>
          <gpxtpx:TrackPointExtension>
            <gpxtpx:hr>170</gpxtpx:hr>
          </gpxtpx:TrackPointExtension>
        </extensions>
      </trkpt>
      <trkpt lat="22.737265215761354" lon="113.93944296236472">
        <ele>35.04203713964671</ele>
        <time>1970-01-01T00:11:24.200000Z</time>
        <extensions>
          <gpxtpx:TrackPointExtension>
            <gpxtpx:hr>170</gpxtpx:hr>
          </gpxtpx:TrackPointExtension>
        </extensions>
      </trkpt>
      <trkpt lat="22.73725980818972" lon="113.93946556123268">
        <ele>35.052489881403744</ele>
        <time>1970-01-01T00:11:25.200000Z</time>
        <extensions>
          <gpxtpx:TrackPointExtension>
            <gpxtpx:hr>170</gpxtpx:hr>
          </gpxtpx:TrackPointExtension>
        </extensions>
      </trkpt>
      <trkpt lat="22.737255159383935" lon="113.93948895588211">
        <ele>35.06718259956688</ele>
        <time>1970-01-01T00:11:26.200000Z</time>
        <extensions>
          <gpxtpx:TrackPointExtension>
            <gpxtpx:hr>170</gpxtpx:hr>
          </gpxtpx:TrackPointExtension>
        </extensions>
      </trkpt>
      <trkpt lat="22.737251265605817" lon="113.939513104202">
        <ele>35.086831487715244</ele>
        <time>1970-01-01T00:11:27.200000Z</time>
        <extensions>
          <gpxtpx:TrackPointExtension>
            <gpxtpx:hr>170</gpxtpx:hr>
          </gpxtpx:TrackPointExtension>
        </extensions>
      </trkpt>
      <trkpt lat="22.737248187252824" lon="113.93953745769217">
        <ele>35.11153199709952</ele>
        <time>1970-01-01T00:11:28.200000Z</time>
        <extensions>
          <gpxtpx:TrackPointExtension>
            <gpxtpx:hr>170</gpxtpx:hr>
          </gpxtpx:TrackPointExtension>
        </extensions>
      </trkpt>
      <trkpt lat="22.737245929050825" lon="113.93956165532425">
        <ele>35.1407355805859</ele>
        <time>1970-01-01T00:11:29.200000Z</time>
        <extensions>
          <gpxtpx:TrackPointExtension>
            <gpxtpx:hr>170</gpxtpx:hr>
          </gpxtpx:TrackPointExtension>
        </extensions>
      </trkpt>
      <trkpt lat="22.73724426005524" lon="113.93958558261599">
        <ele>35.173793512396514</ele>
        <time>1970-01-01T00:11:30.200000Z</time>
        <extensions>
          <gpxtpx:TrackPointExtension>
            <gpxtpx:hr>169</gpxtpx:hr>
          </gpxtpx:TrackPointExtension>
        </extensions>
      </trkpt>
      <trkpt lat="22.737242704038113" lon="113.93960889979377">
        <ele>35.20966718439013</ele>
        <time>1970-01-01T00:11:31.200000Z</time>
        <extensions>
          <gpxtpx:TrackPointExtension>
            <gpxtpx:hr>169</gpxtpx:hr>
          </gpxtpx:TrackPointExtension>
        </extensions>
      </trkpt>
      <trkpt lat="22.737241050065606" lon="113.9396319072967">
        <ele>35.2472377019003</ele>
        <time>1970-01-01T00:11:32.200000Z</time>
        <extensions>
          <gpxtpx:TrackPointExtension>
            <gpxtpx:hr>169</gpxtpx:hr>
          </gpxtpx:TrackPointExtension>
        </extensions>
      </trkpt>
      <trkpt lat="22.737239018035694" lon="113.93965494717175">
        <ele>35.285491643473506</ele>
        <time>1970-01-01T00:11:33.200000Z</time>
        <extensions>
          <gpxtpx:TrackPointExtension>
            <gpxtpx:hr>169</gpxtpx:hr>
          </gpxtpx:TrackPointExtension>
        </extensions>
      </trkpt>
      <trkpt lat="22.7372361052327" lon="113.93967808628835">
        <ele>35.32366235740483</ele>
        <time>1970-01-01T00:11:34.200000Z</time>
        <extensions>
          <gpxtpx:TrackPointExtension>
            <gpxtpx:hr>169</gpxtpx:hr>
          </gpxtpx:TrackPointExtension>
        </extensions>
      </trkpt>
      <trkpt lat="22.737232527715094" lon="113.93970117736261">
        <ele>35.36081754695624</ele>
        <time>1970-01-01T00:11:35.200000Z</time>
        <extensions>
          <gpxtpx:TrackPointExtension>
            <gpxtpx:hr>169</gpxtpx:hr>
          </gpxtpx:TrackPointExtension>
        </extensions>
      </trkpt>
      <trkpt lat="22.737228791534022" lon="113.93972406108362">
        <ele>35.395895280875266</ele>
        <time>1970-01-01T00:11:36.200000Z</time>
        <extensions>
          <gpxtpx:TrackPointExtension>
            <gpxtpx:hr>169</gpxtpx:hr>
          </gpxtpx:TrackPointExtension>
        </extensions>
      </trkpt>
      <trkpt lat="22.737225540066525" lon="113.9397468893235">
        <ele>35.42781917192042</ele>
        <time>1970-01-01T00:11:37.200000Z</time>
        <extensions>
          <gpxtpx:TrackPointExtension>
            <gpxtpx:hr>172</gpxtpx:hr>
          </gpxtpx:TrackPointExtension>
        </extensions>
      </trkpt>
      <trkpt lat="22.737222690585316" lon="113.93976953609373">
        <ele>35.45570848044008</ele>
        <time>1970-01-01T00:11:38.200000Z</time>
        <extensions>
          <gpxtpx:TrackPointExtension>
            <gpxtpx:hr>172</gpxtpx:hr>
          </gpxtpx:TrackPointExtension>
        </extensions>
      </trkpt>
      <trkpt lat="22.73721978735205" lon="113.93979248219155">
        <ele>35.47931833472103</ele>
        <time>1970-01-01T00:11:39.200000Z</time>
        <extensions>
          <gpxtpx:TrackPointExtension>
            <gpxtpx:hr>172</gpxtpx:hr>
          </gpxtpx:TrackPointExtension>
        </extensions>
      </trkpt>
      <trkpt lat="22.737216758817336" lon="113.93981602533627">
        <ele>35.49908116273582</ele>
        <time>1970-01-01T00:11:40.200000Z</time>
        <extensions>
          <gpxtpx:TrackPointExtension>
            <gpxtpx:hr>172</gpxtpx:hr>
          </gpxtpx:TrackPointExtension>
        </extensions>
      </trkpt>
      <trkpt lat="22.737213423420513" lon="113.93983941070456">
        <ele>35.516065179370344</ele>
        <time>1970-01-01T00:11:41.200000Z</time>
        <extensions>
          <gpxtpx:TrackPointExtension>
            <gpxtpx:hr>172</gpxtpx:hr>
          </gpxtpx:TrackPointExtension>
        </extensions>
      </trkpt>
      <trkpt lat="22.737210398672886" lon="113.93986198823538">
        <ele>35.53172736801207</ele>
        <time>1970-01-01T00:11:42.200000Z</time>
        <extensions>
          <gpxtpx:TrackPointExtension>
            <gpxtpx:hr>172</gpxtpx:hr>
          </gpxtpx:TrackPointExtension>
        </extensions>
      </trkpt>
      <trkpt lat="22.737208371834296" lon="113.9398840926596">
        <ele>35.547365869395435</ele>
        <time>1970-01-01T00:11:43.200000Z</time>
        <extensions>
          <gpxtpx:TrackPointExtension>
            <gpxtpx:hr>172</gpxtpx:hr>
          </gpxtpx:TrackPointExtension>
        </extensions>
      </trkpt>
      <trkpt lat="22.737207388037106" lon="113.93990637323147">
        <ele>35.564482536166906</ele>
        <time>1970-01-01T00:11:44.200000Z</time>
        <extensions>
          <gpxtpx:TrackPointExtension>
            <gpxtpx:hr>173</gpxtpx:hr>
          </gpxtpx:TrackPointExtension>
        </extensions>
      </trkpt>
      <trkpt lat="22.737207313225724" lon="113.93992921108385">
        <ele>35.58430489059538</ele>
        <time>1970-01-01T00:11:45.200000Z</time>
        <extensions>
          <gpxtpx:TrackPointExtension>
            <gpxtpx:hr>173</gpxtpx:hr>
          </gpxtpx:TrackPointExtension>
        </extensions>
      </trkpt>
      <trkpt lat="22.737207864211186" lon="113.93995276850151">
        <ele>35.60761026572436</ele>
        <time>1970-01-01T00:11:46.200000Z</time>
        <extensions>
          <gpxtpx:TrackPointExtension>
            <gpxtpx:hr>173</gpxtpx:hr>
          </gpxtpx:TrackPointExtension>
        </extensions>
      </trkpt>
      <trkpt lat="22.73720887632913" lon="113.9399776544992">
        <ele>35.6346350973472</ele>
        <time>1970-01-01T00:11:47.200000Z</time>
        <extensions>
          <gpxtpx:TrackPointExtension>
            <gpxtpx:hr>173</gpxtpx:hr>
          </gpxtpx:TrackPointExtension>
        </extensions>
      </trkpt>
      <trkpt lat="22.737210277027412" lon="113.9400036095259">
        <ele>35.6655263826251</ele>
        <time>1970-01-01T00:11:48.200000Z</time>
        <extensions>
          <gpxtpx:TrackPointExtension>
            <gpxtpx:hr>173</gpxtpx:hr>
          </gpxtpx:TrackPointExtension>
        </extensions>
      </trkpt>
      <trkpt lat="22.737212105415658" lon="113.9400298468317">
        <ele>35.699833577498794</ele>
        <time>1970-01-01T00:11:49.200000Z</time>
        <extensions>
          <gpxtpx:TrackPointExtension>
            <gpxtpx:hr>173</gpxtpx:hr>
          </gpxtpx:TrackPointExtension>
        </extensions>
      </trkpt>
      <trkpt lat="22.73721449864471" lon="113.94005593555643">
        <ele>35.73692414909601</ele>
        <time>1970-01-01T00:11:50.200000Z</time>
        <extensions>
          <gpxtpx:TrackPointExtension>
            <gpxtpx:hr>171</gpxtpx:hr>
          </gpxtpx:TrackPointExtension>
        </extensions>
      </trkpt>
      <trkpt lat="22.737217477806904" lon="113.94008179044121">
        <ele>35.776145364157856</ele>
        <time>1970-01-01T00:11:51.200000Z</time>
        <extensions>
          <gpxtpx:TrackPointExtension>
            <gpxtpx:hr>171</gpxtpx:hr>
          </gpxtpx:TrackPointExtension>
        </extensions>
      </trkpt>
      <trkpt lat="22.737221054168828" lon="113.9401079450074">
        <ele>35.81688856333494</ele>
        <time>1970-01-01T00:11:52.200000Z</time>
        <extensions>
          <gpxtpx:TrackPointExtension>
            <gpxtpx:hr>171</gpxtpx:hr>
          </gpxtpx:TrackPointExtension>
        </extensions>
      </trkpt>
      <trkpt lat="22.737225119411647" lon="113.9401341379256">
        <ele>35.858236690983176</ele>
        <time>1970-01-01T00:11:53.200000Z</time>
        <extensions>
          <gpxtpx:TrackPointExtension>
            <gpxtpx:hr>171</gpxtpx:hr>
          </gpxtpx:TrackPointExtension>
        </extensions>
      </trkpt>
      <trkpt lat="22.737229820295134" lon="113.94015983247579">
        <ele>35.898733333684504</ele>
        <time>1970-01-01T00:11:54.200000Z</time>
        <extensions>
          <gpxtpx:TrackPointExtension>
            <gpxtpx:hr>171</gpxtpx:hr>
          </gpxtpx:TrackPointExtension>
        </extensions>
      </trkpt>
      <trkpt lat="22.737234473715286" lon="113.94018514702914">
        <ele>35.93673213943839</ele>
        <time>1970-01-01T00:11:55.200000Z</time>
        <extensions>
          <gpxtpx:TrackPointExtension>
            <gpxtpx:hr>171</gpxtpx:hr>
          </gpxtpx:TrackPointExtension>
        </extensions>
      </trkpt>
      <trkpt lat="22.73723826996635" lon="113.94021104538888">
        <ele>35.97087550908327</ele>
        <time>1970-01-01T00:11:56.200000Z</time>
        <extensions>
          <gpxtpx:TrackPointExtension>
            <gpxtpx:hr>171</gpxtpx:hr>
          </gpxtpx:TrackPointExtension>
        </extensions>
      </trkpt>
      <trkpt lat="22.73724135663133" lon="113.94023821410448">
        <ele>36.00047797802836</ele>
        <time>1970-01-01T00:11:57.200000Z</time>
        <extensions>
          <gpxtpx:TrackPointExtension>
            <gpxtpx:hr>166</gpxtpx:hr>
          </gpxtpx:TrackPointExtension>
        </extensions>
      </trkpt>
      <trkpt lat="22.737243840257044" lon="113.94026625902703">
        <ele>36.02531999722123</ele>
        <time>1970-01-01T00:11:58.200000Z</time>
        <extensions>
          <gpxtpx:TrackPointExtension>
            <gpxtpx:hr>166</gpxtpx:hr>
          </gpxtpx:TrackPointExtension>
        </extensions>
      </trkpt>
      <trkpt lat="22.73724597471419" lon="113.94029458523002">
        <ele>36.04625534825027</ele>
        <time>1970-01-01T00:11:59.200000Z</time>
        <extensions>
          <gpxtpx:TrackPointExtension>
            <gpxtpx:hr>166</gpxtpx:hr>
          </gpxtpx:TrackPointExtension>
        </extensions>
      </trkpt>
      <trkpt lat="22.737247627340995" lon="113.94032239736454">
        <ele>36.06478609889746</ele>
        <time>1970-01-01T00:12:00.200000Z</time>
        <extensions>
          <gpxtpx:TrackPointExtension>
            <gpxtpx:hr>166</gpxtpx:hr>
          </gpxtpx:TrackPointExtension>
        </extensions>
      </trkpt>
      <trkpt lat="22.737248934467782" lon="113.94034997934884">
        <ele>36.08257364016026</ele>
        <time>1970-01-01T00:12:01.200000Z</time>
        <extensions>
          <gpxtpx:TrackPointExtension>
            <gpxtpx:hr>166</gpxtpx:hr>
          </gpxtpx:TrackPointExtension>
        </extensions>
      </trkpt>
      <trkpt lat="22.7372503691414" lon="113.94037742568877">
        <ele>36.10079577472061</ele>
        <time>1970-01-01T00:12:02.200000Z</time>
        <extensions>
          <gpxtpx:TrackPointExtension>
            <gpxtpx:hr>166</gpxtpx:hr>
          </gpxtpx:TrackPointExtension>
        </extensions>
      </trkpt>
      <trkpt lat="22.737251801596347" lon="113.94040441269384">
        <ele>36.12084096018225</ele>
        <time>1970-01-01T00:12:03.200000Z</time>
        <extensions>
          <gpxtpx:TrackPointExtension>
            <gpxtpx:hr>166</gpxtpx:hr>
          </gpxtpx:TrackPointExtension>
        </extensions>
      </trkpt>
      <trkpt lat="22.737253023185048" lon="113.94043128769756">
        <ele>36.1437370814383</ele>
        <time>1970-01-01T00:12:04.200000Z</time>
        <extensions>
          <gpxtpx:TrackPointExtension>
            <gpxtpx:hr>166</gpxtpx:hr>
          </gpxtpx:TrackPointExtension>
        </extensions>
      </trkpt>
      <trkpt lat="22.737253840772706" lon="113.94045803860254">
        <ele>36.17003805655986</ele>
        <time>1970-01-01T00:12:05.200000Z</time>
        <extensions>
          <gpxtpx:TrackPointExtension>
            <gpxtpx:hr>168</gpxtpx:hr>
          </gpxtpx:TrackPointExtension>
        </extensions>
      </trkpt>
      <trkpt lat="22.737254743296894" lon="113.94048449295157">
        <ele>36.19975384045392</ele>
        <time>1970-01-01T00:12:06.200000Z</time>
        <extensions>
          <gpxtpx:TrackPointExtension>
            <gpxtpx:hr>168</gpxtpx:hr>
          </gpxtpx:TrackPointExtension>
        </extensions>
      </trkpt>
      <trkpt lat="22.73725574946394" lon="113.94051010372807">
        <ele>36.23280747793615</ele>
        <time>1970-01-01T00:12:07.200000Z</time>
        <extensions>
          <gpxtpx:TrackPointExtension>
            <gpxtpx:hr>168</gpxtpx:hr>
          </gpxtpx:TrackPointExtension>
        </extensions>
      </trkpt>
      <trkpt lat="22.737256715112373" lon="113.94053479707887">
        <ele>36.26825473830104</ele>
        <time>1970-01-01T00:12:08.200000Z</time>
        <extensions>
          <gpxtpx:TrackPointExtension>
            <gpxtpx:hr>168</gpxtpx:hr>
          </gpxtpx:TrackPointExtension>
        </extensions>
      </trkpt>
      <trkpt lat="22.73725812291946" lon="113.94055912790652">
        <ele>36.304141802713275</ele>
        <time>1970-01-01T00:12:09.200000Z</time>
        <extensions>
          <gpxtpx:TrackPointExtension>
            <gpxtpx:hr>168</gpxtpx:hr>
          </gpxtpx:TrackPointExtension>
        </extensions>
      </trkpt>
      <trkpt lat="22.737259455877524" lon="113.94058379420964">
        <ele>36.338026084937155</ele>
        <time>1970-01-01T00:12:10.200000Z</time>
        <extensions>
          <gpxtpx:TrackPointExtension>
            <gpxtpx:hr>168</gpxtpx:hr>
          </gpxtpx:TrackPointExtension>
        </extensions>
      </trkpt>
      <trkpt lat="22.73726050798729" lon="113.94060922281466">
        <ele>36.36760053411126</ele>
        <time>1970-01-01T00:12:11.200000Z</time>
        <extensions>
          <gpxtpx:TrackPointExtension>
            <gpxtpx:hr>169</gpxtpx:hr>
          </gpxtpx:TrackPointExtension>
        </extensions>
      </trkpt>
      <trkpt lat="22.737261369799487" lon="113.94063454172806">
        <ele>36.39133912976831</ele>
        <time>1970-01-01T00:12:12.200000Z</time>
        <extensions>
          <gpxtpx:TrackPointExtension>
            <gpxtpx:hr>169</gpxtpx:hr>
          </gpxtpx:TrackPointExtension>
        </extensions>
      </trkpt>
      <trkpt lat="22.737261936025817" lon="113.94065929825625">
        <ele>36.40888920985162</ele>
        <time>1970-01-01T00:12:13.200000Z</time>
        <extensions>
          <gpxtpx:TrackPointExtension>
            <gpxtpx:hr>169</gpxtpx:hr>
          </gpxtpx:TrackPointExtension>
        </extensions>
      </trkpt>
      <trkpt lat="22.737262099564084" lon="113.94068391349136">
        <ele>36.42121369950473</ele>
        <time>1970-01-01T00:12:14.200000Z</time>
        <extensions>
          <gpxtpx:TrackPointExtension>
            <gpxtpx:hr>169</gpxtpx:hr>
          </gpxtpx:TrackPointExtension>
        </extensions>
      </trkpt>
      <trkpt lat="22.73726175427284" lon="113.94070845733337">
        <ele>36.43022602889687</ele>
        <time>1970-01-01T00:12:15.200000Z</time>
        <extensions>
          <gpxtpx:TrackPointExtension>
            <gpxtpx:hr>169</gpxtpx:hr>
          </gpxtpx:TrackPointExtension>
        </extensions>
      </trkpt>
      <trkpt lat="22.737261540063407" lon="113.94073311637253">
        <ele>36.4375022361055</ele>
        <time>1970-01-01T00:12:16.200000Z</time>
        <extensions>
          <gpxtpx:TrackPointExtension>
            <gpxtpx:hr>169</gpxtpx:hr>
          </gpxtpx:TrackPointExtension>
        </extensions>
      </trkpt>
      <trkpt lat="22.73726175372951" lon="113.94075784950621">
        <ele>36.445126336067915</ele>
        <time>1970-01-01T00:12:17.200000Z</time>
        <extensions>
          <gpxtpx:TrackPointExtension>
            <gpxtpx:hr>169</gpxtpx:hr>
          </gpxtpx:TrackPointExtension>
        </extensions>
      </trkpt>
      <trkpt lat="22.73726247269693" lon="113.94078274876782">
        <ele>36.45492171589285</ele>
        <time>1970-01-01T00:12:18.200000Z</time>
        <extensions>
          <gpxtpx:TrackPointExtension>
            <gpxtpx:hr>169</gpxtpx:hr>
          </gpxtpx:TrackPointExtension>
        </extensions>
      </trkpt>
      <trkpt lat="22.737263672767035" lon="113.94080783482586">
        <ele>36.46839168667793</ele>
        <time>1970-01-01T00:12:19.200000Z</time>
        <extensions>
          <gpxtpx:TrackPointExtension>
            <gpxtpx:hr>169</gpxtpx:hr>
          </gpxtpx:TrackPointExtension>
        </extensions>
      </trkpt>
      <trkpt lat="22.73726478739295" lon="113.94083282270716">
        <ele>36.48669466469437</ele>
        <time>1970-01-01T00:12:20.200000Z</time>
        <extensions>
          <gpxtpx:TrackPointExtension>
            <gpxtpx:hr>169</gpxtpx:hr>
          </gpxtpx:TrackPointExtension>
        </extensions>
      </trkpt>
      <trkpt lat="22.737265318013257" lon="113.94085759299425">
        <ele>36.51160344108939</ele>
        <time>1970-01-01T00:12:21.200000Z</time>
        <extensions>
          <gpxtpx:TrackPointExtension>
            <gpxtpx:hr>172</gpxtpx:hr>
          </gpxtpx:TrackPointExtension>
        </extensions>
      </trkpt>
      <trkpt lat="22.73726536166258" lon="113.9408816135163">
        <ele>36.543933178298175</ele>
        <time>1970-01-01T00:12:22.200000Z</time>
        <extensions>
          <gpxtpx:TrackPointExtension>
            <gpxtpx:hr>172</gpxtpx:hr>
          </gpxtpx:TrackPointExtension>
        </extensions>
      </trkpt>
      <trkpt lat="22.73726578701484" lon="113.94090569389054">
        <ele>36.584098973311484</ele>
        <time>1970-01-01T00:12:23.200000Z</time>
        <extensions>
          <gpxtpx:TrackPointExtension>
            <gpxtpx:hr>172</gpxtpx:hr>
          </gpxtpx:TrackPointExtension>
        </extensions>
      </trkpt>
      <trkpt lat="22.737267048650068" lon="113.94092997405286">
        <ele>36.63238010276109</ele>
        <time>1970-01-01T00:12:24.200000Z</time>
        <extensions>
          <gpxtpx:TrackPointExtension>
            <gpxtpx:hr>172</gpxtpx:hr>
          </gpxtpx:TrackPointExtension>
        </extensions>
      </trkpt>
      <trkpt lat="22.737269158197513" lon="113.94095435135614">
        <ele>36.688128248788416</ele>
        <time>1970-01-01T00:12:25.200000Z</time>
        <extensions>
          <gpxtpx:TrackPointExtension>
            <gpxtpx:hr>172</gpxtpx:hr>
          </gpxtpx:TrackPointExtension>
        </extensions>
      </trkpt>
      <trkpt lat="22.737272305331498" lon="113.940979240212">
        <ele>36.749009219929576</ele>
        <time>1970-01-01T00:12:26.200000Z</time>
        <extensions>
          <gpxtpx:TrackPointExtension>
            <gpxtpx:hr>172</gpxtpx:hr>
          </gpxtpx:TrackPointExtension>
        </extensions>
      </trkpt>
      <trkpt lat="22.737276092254188" lon="113.94100376603646">
        <ele>36.81135887466371</ele>
        <time>1970-01-01T00:12:27.200000Z</time>
        <extensions>
          <gpxtpx:TrackPointExtension>
            <gpxtpx:hr>172</gpxtpx:hr>
          </gpxtpx:TrackPointExtension>
        </extensions>
      </trkpt>
      <trkpt lat="22.73728067457935" lon="113.94102733961576">
        <ele>36.87055609095842</ele>
        <time>1970-01-01T00:12:28.200000Z</time>
        <extensions>
          <gpxtpx:TrackPointExtension>
            <gpxtpx:hr>171</gpxtpx:hr>
          </gpxtpx:TrackPointExtension>
        </extensions>
      </trkpt>
      <trkpt lat="22.737286497964906" lon="113.94105020150644">
        <ele>36.921644343063235</ele>
        <time>1970-01-01T00:12:29.200000Z</time>
        <extensions>
          <gpxtpx:TrackPointExtension>
            <gpxtpx:hr>171</gpxtpx:hr>
          </gpxtpx:TrackPointExtension>
        </extensions>
      </trkpt>
      <trkpt lat="22.73729226251157" lon="113.94107272464062">
        <ele>36.96059371717274</ele>
        <time>1970-01-01T00:12:30.200000Z</time>
        <extensions>
          <gpxtpx:TrackPointExtension>
            <gpxtpx:hr>171</gpxtpx:hr>
          </gpxtpx:TrackPointExtension>
        </extensions>
      </trkpt>
      <trkpt lat="22.737296772139498" lon="113.9410952778288">
        <ele>36.98528325557709</ele>
        <time>1970-01-01T00:12:31.200000Z</time>
        <extensions>
          <gpxtpx:TrackPointExtension>
            <gpxtpx:hr>171</gpxtpx:hr>
          </gpxtpx:TrackPointExtension>
        </extensions>
      </trkpt>
      <trkpt lat="22.73729908596233" lon="113.94111826299728">
        <ele>36.996160184033215</ele>
        <time>1970-01-01T00:12:32.200000Z</time>
        <extensions>
          <gpxtpx:TrackPointExtension>
            <gpxtpx:hr>171</gpxtpx:hr>
          </gpxtpx:TrackPointExtension>
        </extensions>
      </trkpt>
      <trkpt lat="22.737298854739354" lon="113.94114202507336">
        <ele>36.99592038616538</ele>
        <time>1970-01-01T00:12:33.200000Z</time>
        <extensions>
          <gpxtpx:TrackPointExtension>
            <gpxtpx:hr>171</gpxtpx:hr>
          </gpxtpx:TrackPointExtension>
        </extensions>
      </trkpt>
      <trkpt lat="22.73729654412699" lon="113.94116614146877">
        <ele>36.98868366423994</ele>
        <time>1970-01-01T00:12:34.200000Z</time>
        <extensions>
          <gpxtpx:TrackPointExtension>
            <gpxtpx:hr>171</gpxtpx:hr>
          </gpxtpx:TrackPointExtension>
        </extensions>
      </trkpt>
      <trkpt lat="22.737293296505815" lon="113.94119000914719">
        <ele>36.979110647924244</ele>
        <time>1970-01-01T00:12:35.200000Z</time>
        <extensions>
          <gpxtpx:TrackPointExtension>
            <gpxtpx:hr>171</gpxtpx:hr>
          </gpxtpx:TrackPointExtension>
        </extensions>
      </trkpt>
      <trkpt lat="22.73728981187281" lon="113.94121349702553">
        <ele>36.97119294386357</ele>
        <time>1970-01-01T00:12:36.200000Z</time>
        <extensions>
          <gpxtpx:TrackPointExtension>
            <gpxtpx:hr>171</gpxtpx:hr>
          </gpxtpx:TrackPointExtension>
        </extensions>
      </trkpt>
      <trkpt lat="22.737286611664043" lon="113.94123667667681">
        <ele>36.96755853947252</ele>
        <time>1970-01-01T00:12:37.200000Z</time>
        <extensions>
          <gpxtpx:TrackPointExtension>
            <gpxtpx:hr>171</gpxtpx:hr>
          </gpxtpx:TrackPointExtension>
        </extensions>
      </trkpt>
      <trkpt lat="22.73728411050742" lon="113.94125988022279">
        <ele>36.969548270106316</ele>
        <time>1970-01-01T00:12:38.200000Z</time>
        <extensions>
          <gpxtpx:TrackPointExtension>
            <gpxtpx:hr>171</gpxtpx:hr>
          </gpxtpx:TrackPointExtension>
        </extensions>
      </trkpt>
      <trkpt lat="22.737281702883145" lon="113.94128283224495">
        <ele>36.97743983659893</ele>
        <time>1970-01-01T00:12:39.200000Z</time>
        <extensions>
          <gpxtpx:TrackPointExtension>
            <gpxtpx:hr>171</gpxtpx:hr>
          </gpxtpx:TrackPointExtension>
        </extensions>
      </trkpt>
      <trkpt lat="22.737279281724543" lon="113.94130556328551">
        <ele>36.99069187231362</ele>
        <time>1970-01-01T00:12:40.200000Z</time>
        <extensions>
          <gpxtpx:TrackPointExtension>
            <gpxtpx:hr>171</gpxtpx:hr>
          </gpxtpx:TrackPointExtension>
        </extensions>
      </trkpt>
      <trkpt lat="22.737277391547604" lon="113.94132848445804">
        <ele>37.00864899344742</ele>
        <time>1970-01-01T00:12:41.200000Z</time>
        <extensions>
          <gpxtpx:TrackPointExtension>
            <gpxtpx:hr>171</gpxtpx:hr>
          </gpxtpx:TrackPointExtension>
        </extensions>
      </trkpt>
      <trkpt lat="22.737275886134675" lon="113.94135213926702">
        <ele>37.0308456774801</ele>
        <time>1970-01-01T00:12:42.200000Z</time>
        <extensions>
          <gpxtpx:TrackPointExtension>
            <gpxtpx:hr>171</gpxtpx:hr>
          </gpxtpx:TrackPointExtension>
        </extensions>
      </trkpt>
      <trkpt lat="22.73727469237593" lon="113.94137679142155">
        <ele>37.05671202484518</ele>
        <time>1970-01-01T00:12:43.200000Z</time>
        <extensions>
          <gpxtpx:TrackPointExtension>
            <gpxtpx:hr>171</gpxtpx:hr>
          </gpxtpx:TrackPointExtension>
        </extensions>
      </trkpt>
      <trkpt lat="22.73727379384743" lon="113.9414018002009">
        <ele>37.08585880789906</ele>
        <time>1970-01-01T00:12:44.200000Z</time>
        <extensions>
          <gpxtpx:TrackPointExtension>
            <gpxtpx:hr>172</gpxtpx:hr>
          </gpxtpx:TrackPointExtension>
        </extensions>
      </trkpt>
      <trkpt lat="22.7372736800041" lon="113.94142656612648">
        <ele>37.11781120765954</ele>
        <time>1970-01-01T00:12:45.200000Z</time>
        <extensions>
          <gpxtpx:TrackPointExtension>
            <gpxtpx:hr>172</gpxtpx:hr>
          </gpxtpx:TrackPointExtension>
        </extensions>
      </trkpt>
      <trkpt lat="22.737274692012665" lon="113.94145024673351">
        <ele>37.15176410507411</ele>
        <time>1970-01-01T00:12:46.200000Z</time>
        <extensions>
          <gpxtpx:TrackPointExtension>
            <gpxtpx:hr>172</gpxtpx:hr>
          </gpxtpx:TrackPointExtension>
        </extensions>
      </trkpt>
      <trkpt lat="22.737276632242065" lon="113.94147286074721">
        <ele>37.18629884067923</ele>
        <time>1970-01-01T00:12:47.200000Z</time>
        <extensions>
          <gpxtpx:TrackPointExtension>
            <gpxtpx:hr>172</gpxtpx:hr>
          </gpxtpx:TrackPointExtension>
        </extensions>
      </trkpt>
      <trkpt lat="22.737279405944726" lon="113.94149545235385">
        <ele>37.219743037596345</ele>
        <time>1970-01-01T00:12:48.200000Z</time>
        <extensions>
          <gpxtpx:TrackPointExtension>
            <gpxtpx:hr>172</gpxtpx:hr>
          </gpxtpx:TrackPointExtension>
        </extensions>
      </trkpt>
      <trkpt lat="22.7372829570788" lon="113.94151844660637">
        <ele>37.250277758575976</ele>
        <time>1970-01-01T00:12:49.200000Z</time>
        <extensions>
          <gpxtpx:TrackPointExtension>
            <gpxtpx:hr>172</gpxtpx:hr>
          </gpxtpx:TrackPointExtension>
        </extensions>
      </trkpt>
      <trkpt lat="22.737287309744286" lon="113.94154219988631">
        <ele>37.27635709196329</ele>
        <time>1970-01-01T00:12:50.200000Z</time>
        <extensions>
          <gpxtpx:TrackPointExtension>
            <gpxtpx:hr>172</gpxtpx:hr>
          </gpxtpx:TrackPointExtension>
        </extensions>
      </trkpt>
      <trkpt lat="22.737292149281362" lon="113.94156630935689">
        <ele>37.29702299833298</ele>
        <time>1970-01-01T00:12:51.200000Z</time>
        <extensions>
          <gpxtpx:TrackPointExtension>
            <gpxtpx:hr>172</gpxtpx:hr>
          </gpxtpx:TrackPointExtension>
        </extensions>
      </trkpt>
      <trkpt lat="22.737297427009707" lon="113.94159088925227">
        <ele>37.31207265611738</ele>
        <time>1970-01-01T00:12:52.200000Z</time>
        <extensions>
          <gpxtpx:TrackPointExtension>
            <gpxtpx:hr>174</gpxtpx:hr>
          </gpxtpx:TrackPointExtension>
        </extensions>
      </trkpt>
      <trkpt lat="22.737302616425087" lon="113.94161588541694">
        <ele>37.322300423868</ele>
        <time>1970-01-01T00:12:53.200000Z</time>
        <extensions>
          <gpxtpx:TrackPointExtension>
            <gpxtpx:hr>174</gpxtpx:hr>
          </gpxtpx:TrackPointExtension>
        </extensions>
      </trkpt>
      <trkpt lat="22.737306359814" lon="113.94164098938506">
        <ele>37.32912458386272</ele>
        <time>1970-01-01T00:12:54.200000Z</time>
        <extensions>
          <gpxtpx:TrackPointExtension>
            <gpxtpx:hr>174</gpxtpx:hr>
          </gpxtpx:TrackPointExtension>
        </extensions>
      </trkpt>
      <trkpt lat="22.737308704259515" lon="113.94166681272557">
        <ele>37.33417655620724</ele>
        <time>1970-01-01T00:12:55.200000Z</time>
        <extensions>
          <gpxtpx:TrackPointExtension>
            <gpxtpx:hr>174</gpxtpx:hr>
          </gpxtpx:TrackPointExtension>
        </extensions>
      </trkpt>
      <trkpt lat="22.737310432045053" lon="113.9416940532645">
        <ele>37.33891819417477</ele>
        <time>1970-01-01T00:12:56.200000Z</time>
        <extensions>
          <gpxtpx:TrackPointExtension>
            <gpxtpx:hr>174</gpxtpx:hr>
          </gpxtpx:TrackPointExtension>
        </extensions>
      </trkpt>
      <trkpt lat="22.737311830559594" lon="113.94172264722805">
        <ele>37.3445057021454</ele>
        <time>1970-01-01T00:12:57.200000Z</time>
        <extensions>
          <gpxtpx:TrackPointExtension>
            <gpxtpx:hr>174</gpxtpx:hr>
          </gpxtpx:TrackPointExtension>
        </extensions>
      </trkpt>
      <trkpt lat="22.737313358456916" lon="113.94175250533627">
        <ele>37.35162811540067</ele>
        <time>1970-01-01T00:12:58.200000Z</time>
        <extensions>
          <gpxtpx:TrackPointExtension>
            <gpxtpx:hr>172</gpxtpx:hr>
          </gpxtpx:TrackPointExtension>
        </extensions>
      </trkpt>
      <trkpt lat="22.737315309968704" lon="113.94178238053351">
        <ele>37.36057347338647</ele>
        <time>1970-01-01T00:12:59.200000Z</time>
        <extensions>
          <gpxtpx:TrackPointExtension>
            <gpxtpx:hr>172</gpxtpx:hr>
          </gpxtpx:TrackPointExtension>
        </extensions>
      </trkpt>
      <trkpt lat="22.73731776071866" lon="113.94181118789703">
        <ele>37.37133457697928</ele>
        <time>1970-01-01T00:13:00.200000Z</time>
        <extensions>
          <gpxtpx:TrackPointExtension>
            <gpxtpx:hr>172</gpxtpx:hr>
          </gpxtpx:TrackPointExtension>
        </extensions>
      </trkpt>
      <trkpt lat="22.73732020799114" lon="113.94183848105209">
        <ele>37.38363415095955</ele>
        <time>1970-01-01T00:13:01.200000Z</time>
        <extensions>
          <gpxtpx:TrackPointExtension>
            <gpxtpx:hr>172</gpxtpx:hr>
          </gpxtpx:TrackPointExtension>
        </extensions>
      </trkpt>
      <trkpt lat="22.737322954825185" lon="113.94186461832777">
        <ele>37.39700762741268</ele>
        <time>1970-01-01T00:13:02.200000Z</time>
        <extensions>
          <gpxtpx:TrackPointExtension>
            <gpxtpx:hr>172</gpxtpx:hr>
          </gpxtpx:TrackPointExtension>
        </extensions>
      </trkpt>
      <trkpt lat="22.737326868097522" lon="113.94189025690706">
        <ele>37.410732676275074</ele>
        <time>1970-01-01T00:13:03.200000Z</time>
        <extensions>
          <gpxtpx:TrackPointExtension>
            <gpxtpx:hr>172</gpxtpx:hr>
          </gpxtpx:TrackPointExtension>
        </extensions>
      </trkpt>
      <trkpt lat="22.737331984688776" lon="113.94191565767228">
        <ele>37.424043473787606</ele>
        <time>1970-01-01T00:13:04.200000Z</time>
        <extensions>
          <gpxtpx:TrackPointExtension>
            <gpxtpx:hr>172</gpxtpx:hr>
          </gpxtpx:TrackPointExtension>
        </extensions>
      </trkpt>
      <trkpt lat="22.737338245156945" lon="113.94194135510861">
        <ele>37.43635790515691</ele>
        <time>1970-01-01T00:13:05.200000Z</time>
        <extensions>
          <gpxtpx:TrackPointExtension>
            <gpxtpx:hr>172</gpxtpx:hr>
          </gpxtpx:TrackPointExtension>
        </extensions>
      </trkpt>
      <trkpt lat="22.73734489346256" lon="113.941966494849">
        <ele>37.447132885456085</ele>
        <time>1970-01-01T00:13:06.200000Z</time>
        <extensions>
          <gpxtpx:TrackPointExtension>
            <gpxtpx:hr>172</gpxtpx:hr>
          </gpxtpx:TrackPointExtension>
        </extensions>
      </trkpt>
      <trkpt lat="22.737350868642594" lon="113.94199079019796">
        <ele>37.45585104357451</ele>
        <time>1970-01-01T00:13:07.200000Z</time>
        <extensions>
          <gpxtpx:TrackPointExtension>
            <gpxtpx:hr>169</gpxtpx:hr>
          </gpxtpx:TrackPointExtension>
        </extensions>
      </trkpt>
      <trkpt lat="22.737356280132055" lon="113.94201441146488">
        <ele>37.4623023243621</ele>
        <time>1970-01-01T00:13:08.200000Z</time>
        <extensions>
          <gpxtpx:TrackPointExtension>
            <gpxtpx:hr>169</gpxtpx:hr>
          </gpxtpx:TrackPointExtension>
        </extensions>
      </trkpt>
      <trkpt lat="22.73736188871893" lon="113.942037564232">
        <ele>37.46631341520697</ele>
        <time>1970-01-01T00:13:09.200000Z</time>
        <extensions>
          <gpxtpx:TrackPointExtension>
            <gpxtpx:hr>169</gpxtpx:hr>
          </gpxtpx:TrackPointExtension>
        </extensions>
      </trkpt>
      <trkpt lat="22.73736839579701" lon="113.94206079747758">
        <ele>37.467716814018786</ele>
        <time>1970-01-01T00:13:10.200000Z</time>
        <extensions>
          <gpxtpx:TrackPointExtension>
            <gpxtpx:hr>169</gpxtpx:hr>
          </gpxtpx:TrackPointExtension>
        </extensions>
      </trkpt>
      <trkpt lat="22.737375304892822" lon="113.94208448309813">
        <ele>37.46682626660913</ele>
        <time>1970-01-01T00:13:11.200000Z</time>
        <extensions>
          <gpxtpx:TrackPointExtension>
            <gpxtpx:hr>169</gpxtpx:hr>
          </gpxtpx:TrackPointExtension>
        </extensions>
      </trkpt>
      <trkpt lat="22.73738227230606" lon="113.94210832385703">
        <ele>37.46403988357633</ele>
        <time>1970-01-01T00:13:12.200000Z</time>
        <extensions>
          <gpxtpx:TrackPointExtension>
            <gpxtpx:hr>169</gpxtpx:hr>
          </gpxtpx:TrackPointExtension>
        </extensions>
      </trkpt>
      <trkpt lat="22.73738893214212" lon="113.94213211756016">
        <ele>37.46021828427911</ele>
        <time>1970-01-01T00:13:13.200000Z</time>
        <extensions>
          <gpxtpx:TrackPointExtension>
            <gpxtpx:hr>169</gpxtpx:hr>
          </gpxtpx:TrackPointExtension>
        </extensions>
      </trkpt>
      <trkpt lat="22.73739473619939" lon="113.94215601394065">
        <ele>37.45677633397281</ele>
        <time>1970-01-01T00:13:14.200000Z</time>
        <extensions>
          <gpxtpx:TrackPointExtension>
            <gpxtpx:hr>168</gpxtpx:hr>
          </gpxtpx:TrackPointExtension>
        </extensions>
      </trkpt>
      <trkpt lat="22.737399694733014" lon="113.94217949851533">
        <ele>37.45585584733635</ele>
        <time>1970-01-01T00:13:15.200000Z</time>
        <extensions>
          <gpxtpx:TrackPointExtension>
            <gpxtpx:hr>168</gpxtpx:hr>
          </gpxtpx:TrackPointExtension>
        </extensions>
      </trkpt>
      <trkpt lat="22.737404035783232" lon="113.94220240370615">
        <ele>37.45864462573081</ele>
        <time>1970-01-01T00:13:16.200000Z</time>
        <extensions>
          <gpxtpx:TrackPointExtension>
            <gpxtpx:hr>168</gpxtpx:hr>
          </gpxtpx:TrackPointExtension>
        </extensions>
      </trkpt>
      <trkpt lat="22.73740835902255" lon="113.94222539218842">
        <ele>37.4663987532258</ele>
        <time>1970-01-01T00:13:17.200000Z</time>
        <extensions>
          <gpxtpx:TrackPointExtension>
            <gpxtpx:hr>168</gpxtpx:hr>
          </gpxtpx:TrackPointExtension>
        </extensions>
      </trkpt>
      <trkpt lat="22.73741332952604" lon="113.94224835303199">
        <ele>37.47953302320093</ele>
        <time>1970-01-01T00:13:18.200000Z</time>
        <extensions>
          <gpxtpx:TrackPointExtension>
            <gpxtpx:hr>168</gpxtpx:hr>
          </gpxtpx:TrackPointExtension>
        </extensions>
      </trkpt>
      <trkpt lat="22.737418907749593" lon="113.94227136158996">
        <ele>37.49729983787984</ele>
        <time>1970-01-01T00:13:19.200000Z</time>
        <extensions>
          <gpxtpx:TrackPointExtension>
            <gpxtpx:hr>169</gpxtpx:hr>
          </gpxtpx:TrackPointExtension>
        </extensions>
      </trkpt>
      <trkpt lat="22.737424609424767" lon="113.94229442662319">
        <ele>37.51741700526327</ele>
        <time>1970-01-01T00:13:20.200000Z</time>
        <extensions>
          <gpxtpx:TrackPointExtension>
            <gpxtpx:hr>169</gpxtpx:hr>
          </gpxtpx:TrackPointExtension>
        </extensions>
      </trkpt>
      <trkpt lat="22.737430388457867" lon="113.94231783024198">
        <ele>37.537476398050785</ele>
        <time>1970-01-01T00:13:21.200000Z</time>
        <extensions>
          <gpxtpx:TrackPointExtension>
            <gpxtpx:hr>169</gpxtpx:hr>
          </gpxtpx:TrackPointExtension>
        </extensions>
      </trkpt>
      <trkpt lat="22.73743693696166" lon="113.94234139838103">
        <ele>37.55414042714983</ele>
        <time>1970-01-01T00:13:22.200000Z</time>
        <extensions>
          <gpxtpx:TrackPointExtension>
            <gpxtpx:hr>169</gpxtpx:hr>
          </gpxtpx:TrackPointExtension>
        </extensions>
      </trkpt>
      <trkpt lat="22.7374441778853" lon="113.94236409501451">
        <ele>37.563727772794664</ele>
        <time>1970-01-01T00:13:23.200000Z</time>
        <extensions>
          <gpxtpx:TrackPointExtension>
            <gpxtpx:hr>169</gpxtpx:hr>
          </gpxtpx:TrackPointExtension>
        </extensions>
      </trkpt>
      <trkpt lat="22.737451412730824" lon="113.94238674759688">
        <ele>37.56307000480592</ele>
        <time>1970-01-01T00:13:24.200000Z</time>
        <extensions>
          <gpxtpx:TrackPointExtension>
            <gpxtpx:hr>170</gpxtpx:hr>
          </gpxtpx:TrackPointExtension>
        </extensions>
      </trkpt>
      <trkpt lat="22.737457598270744" lon="113.94241050391342">
        <ele>37.550593570806086</ele>
        <time>1970-01-01T00:13:25.200000Z</time>
        <extensions>
          <gpxtpx:TrackPointExtension>
            <gpxtpx:hr>170</gpxtpx:hr>
          </gpxtpx:TrackPointExtension>
        </extensions>
      </trkpt>
      <trkpt lat="22.73746219866737" lon="113.9424345834776">
        <ele>37.52680743858218</ele>
        <time>1970-01-01T00:13:26.200000Z</time>
        <extensions>
          <gpxtpx:TrackPointExtension>
            <gpxtpx:hr>170</gpxtpx:hr>
          </gpxtpx:TrackPointExtension>
        </extensions>
      </trkpt>
      <trkpt lat="22.737465481320296" lon="113.94245886547061">
        <ele>37.49418419320136</ele>
        <time>1970-01-01T00:13:27.200000Z</time>
        <extensions>
          <gpxtpx:TrackPointExtension>
            <gpxtpx:hr>170</gpxtpx:hr>
          </gpxtpx:TrackPointExtension>
        </extensions>
      </trkpt>
      <trkpt lat="22.73746798639097" lon="113.94248330895678">
        <ele>37.45650392584503</ele>
        <time>1970-01-01T00:13:28.200000Z</time>
        <extensions>
          <gpxtpx:TrackPointExtension>
            <gpxtpx:hr>170</gpxtpx:hr>
          </gpxtpx:TrackPointExtension>
        </extensions>
      </trkpt>
      <trkpt lat="22.737470387203068" lon="113.94250757810791">
        <ele>37.41794241964817</ele>
        <time>1970-01-01T00:13:29.200000Z</time>
        <extensions>
          <gpxtpx:TrackPointExtension>
            <gpxtpx:hr>170</gpxtpx:hr>
          </gpxtpx:TrackPointExtension>
        </extensions>
      </trkpt>
      <trkpt lat="22.737473024133745" lon="113.94253155799736">
        <ele>37.38190930057317</ele>
        <time>1970-01-01T00:13:30.200000Z</time>
        <extensions>
          <gpxtpx:TrackPointExtension>
            <gpxtpx:hr>170</gpxtpx:hr>
          </gpxtpx:TrackPointExtension>
        </extensions>
      </trkpt>
      <trkpt lat="22.737475790186323" lon="113.9425552058575">
        <ele>37.35030765179545</ele>
        <time>1970-01-01T00:13:31.200000Z</time>
        <extensions>
          <gpxtpx:TrackPointExtension>
            <gpxtpx:hr>170</gpxtpx:hr>
          </gpxtpx:TrackPointExtension>
        </extensions>
      </trkpt>
      <trkpt lat="22.737479039579423" lon="113.94257864464662">
        <ele>37.32364969979972</ele>
        <time>1970-01-01T00:13:32.200000Z</time>
        <extensions>
          <gpxtpx:TrackPointExtension>
            <gpxtpx:hr>170</gpxtpx:hr>
          </gpxtpx:TrackPointExtension>
        </extensions>
      </trkpt>
      <trkpt lat="22.737482605825125" lon="113.94260203404184">
        <ele>37.30152178183198</ele>
        <time>1970-01-01T00:13:33.200000Z</time>
        <extensions>
          <gpxtpx:TrackPointExtension>
            <gpxtpx:hr>170</gpxtpx:hr>
          </gpxtpx:TrackPointExtension>
        </extensions>
      </trkpt>
      <trkpt lat="22.737486144691243" lon="113.94262533078908">
        <ele>37.282948480919</ele>
        <time>1970-01-01T00:13:34.200000Z</time>
        <extensions>
          <gpxtpx:TrackPointExtension>
            <gpxtpx:hr>170</gpxtpx:hr>
          </gpxtpx:TrackPointExtension>
        </extensions>
      </trkpt>
      <trkpt lat="22.73748876829261" lon="113.94264881554292">
        <ele>37.26678004488349</ele>
        <time>1970-01-01T00:13:35.200000Z</time>
        <extensions>
          <gpxtpx:TrackPointExtension>
            <gpxtpx:hr>170</gpxtpx:hr>
          </gpxtpx:TrackPointExtension>
        </extensions>
      </trkpt>
      <trkpt lat="22.73749013070836" lon="113.94267225758712">
        <ele>37.25205664895475</ele>
        <time>1970-01-01T00:13:36.200000Z</time>
        <extensions>
          <gpxtpx:TrackPointExtension>
            <gpxtpx:hr>170</gpxtpx:hr>
          </gpxtpx:TrackPointExtension>
        </extensions>
      </trkpt>
      <trkpt lat="22.737491016388816" lon="113.94269570749752">
        <ele>37.238076785579324</ele>
        <time>1970-01-01T00:13:37.200000Z</time>
        <extensions>
          <gpxtpx:TrackPointExtension>
            <gpxtpx:hr>170</gpxtpx:hr>
          </gpxtpx:TrackPointExtension>
        </extensions>
      </trkpt>
      <trkpt lat="22.73749202504035" lon="113.94271940174269">
        <ele>37.22438503894955</ele>
        <time>1970-01-01T00:13:38.200000Z</time>
        <extensions>
          <gpxtpx:TrackPointExtension>
            <gpxtpx:hr>170</gpxtpx:hr>
          </gpxtpx:TrackPointExtension>
        </extensions>
      </trkpt>
      <trkpt lat="22.7374934718902" lon="113.94274343838617">
        <ele>37.21070896554738</ele>
        <time>1970-01-01T00:13:39.200000Z</time>
        <extensions>
          <gpxtpx:TrackPointExtension>
            <gpxtpx:hr>170</gpxtpx:hr>
          </gpxtpx:TrackPointExtension>
        </extensions>
      </trkpt>
      <trkpt lat="22.737495100284473" lon="113.94276760780154">
        <ele>37.19696344342083</ele>
        <time>1970-01-01T00:13:40.200000Z</time>
        <extensions>
          <gpxtpx:TrackPointExtension>
            <gpxtpx:hr>170</gpxtpx:hr>
          </gpxtpx:TrackPointExtension>
        </extensions>
      </trkpt>
      <trkpt lat="22.737496669274712" lon="113.94279225227282">
        <ele>37.183083415962756</ele>
        <time>1970-01-01T00:13:41.200000Z</time>
        <extensions>
          <gpxtpx:TrackPointExtension>
            <gpxtpx:hr>170</gpxtpx:hr>
          </gpxtpx:TrackPointExtension>
        </extensions>
      </trkpt>
      <trkpt lat="22.737497446639384" lon="113.94281755033472">
        <ele>37.16901237796992</ele>
        <time>1970-01-01T00:13:42.200000Z</time>
        <extensions>
          <gpxtpx:TrackPointExtension>
            <gpxtpx:hr>170</gpxtpx:hr>
          </gpxtpx:TrackPointExtension>
        </extensions>
      </trkpt>
      <trkpt lat="22.737496927712204" lon="113.94284347584534">
        <ele>37.15471813455224</ele>
        <time>1970-01-01T00:13:43.200000Z</time>
        <extensions>
          <gpxtpx:TrackPointExtension>
            <gpxtpx:hr>170</gpxtpx:hr>
          </gpxtpx:TrackPointExtension>
        </extensions>
      </trkpt>
      <trkpt lat="22.737495246409665" lon="113.94286984762813">
        <ele>37.14027051627636</ele>
        <time>1970-01-01T00:13:44.200000Z</time>
        <extensions>
          <gpxtpx:TrackPointExtension>
            <gpxtpx:hr>170</gpxtpx:hr>
          </gpxtpx:TrackPointExtension>
        </extensions>
      </trkpt>
      <trkpt lat="22.737492433015113" lon="113.94289661751064">
        <ele>37.12557044904679</ele>
        <time>1970-01-01T00:13:45.200000Z</time>
        <extensions>
          <gpxtpx:TrackPointExtension>
            <gpxtpx:hr>170</gpxtpx:hr>
          </gpxtpx:TrackPointExtension>
        </extensions>
      </trkpt>
      <trkpt lat="22.737488853939684" lon="113.9429236703502">
        <ele>37.11056360695511</ele>
        <time>1970-01-01T00:13:46.200000Z</time>
        <extensions>
          <gpxtpx:TrackPointExtension>
            <gpxtpx:hr>170</gpxtpx:hr>
          </gpxtpx:TrackPointExtension>
        </extensions>
      </trkpt>
      <trkpt lat="22.73748478828422" lon="113.94295071535316">
        <ele>37.09534133691341</ele>
        <time>1970-01-01T00:13:47.200000Z</time>
        <extensions>
          <gpxtpx:TrackPointExtension>
            <gpxtpx:hr>170</gpxtpx:hr>
          </gpxtpx:TrackPointExtension>
        </extensions>
      </trkpt>
      <trkpt lat="22.737480825448465" lon="113.94297826032361">
        <ele>37.079829985275865</ele>
        <time>1970-01-01T00:13:48.200000Z</time>
        <extensions>
          <gpxtpx:TrackPointExtension>
            <gpxtpx:hr>169</gpxtpx:hr>
          </gpxtpx:TrackPointExtension>
        </extensions>
      </trkpt>
      <trkpt lat="22.73747714847973" lon="113.94300610389622">
        <ele>37.064556053839624</ele>
        <time>1970-01-01T00:13:49.200000Z</time>
        <extensions>
          <gpxtpx:TrackPointExtension>
            <gpxtpx:hr>169</gpxtpx:hr>
          </gpxtpx:TrackPointExtension>
        </extensions>
      </trkpt>
      <trkpt lat="22.737473884478085" lon="113.94303399056835">
        <ele>37.05041907727718</ele>
        <time>1970-01-01T00:13:50.200000Z</time>
        <extensions>
          <gpxtpx:TrackPointExtension>
            <gpxtpx:hr>169</gpxtpx:hr>
          </gpxtpx:TrackPointExtension>
        </extensions>
      </trkpt>
      <trkpt lat="22.73747181142162" lon="113.94306149515307">
        <ele>37.038574802689254</ele>
        <time>1970-01-01T00:13:51.200000Z</time>
        <extensions>
          <gpxtpx:TrackPointExtension>
            <gpxtpx:hr>169</gpxtpx:hr>
          </gpxtpx:TrackPointExtension>
        </extensions>
      </trkpt>
      <trkpt lat="22.737471113337584" lon="113.94308805215609">
        <ele>37.03019243199378</ele>
        <time>1970-01-01T00:13:52.200000Z</time>
        <extensions>
          <gpxtpx:TrackPointExtension>
            <gpxtpx:hr>169</gpxtpx:hr>
          </gpxtpx:TrackPointExtension>
        </extensions>
      </trkpt>
      <trkpt lat="22.73747148288047" lon="113.94311378752244">
        <ele>37.026755639351904</ele>
        <time>1970-01-01T00:13:53.200000Z</time>
        <extensions>
          <gpxtpx:TrackPointExtension>
            <gpxtpx:hr>169</gpxtpx:hr>
          </gpxtpx:TrackPointExtension>
        </extensions>
      </trkpt>
      <trkpt lat="22.737472249865444" lon="113.94313891541367">
        <ele>37.02917361073196</ele>
        <time>1970-01-01T00:13:54.200000Z</time>
        <extensions>
          <gpxtpx:TrackPointExtension>
            <gpxtpx:hr>169</gpxtpx:hr>
          </gpxtpx:TrackPointExtension>
        </extensions>
      </trkpt>
      <trkpt lat="22.737472759282056" lon="113.94316377812011">
        <ele>37.03778449911624</ele>
        <time>1970-01-01T00:13:55.200000Z</time>
        <extensions>
          <gpxtpx:TrackPointExtension>
            <gpxtpx:hr>169</gpxtpx:hr>
          </gpxtpx:TrackPointExtension>
        </extensions>
      </trkpt>
      <trkpt lat="22.737472438561724" lon="113.94318841292453">
        <ele>37.05223706364632</ele>
        <time>1970-01-01T00:13:56.200000Z</time>
        <extensions>
          <gpxtpx:TrackPointExtension>
            <gpxtpx:hr>169</gpxtpx:hr>
          </gpxtpx:TrackPointExtension>
        </extensions>
      </trkpt>
      <trkpt lat="22.737470810252514" lon="113.94321254723367">
        <ele>37.071754874661565</ele>
        <time>1970-01-01T00:13:57.200000Z</time>
        <extensions>
          <gpxtpx:TrackPointExtension>
            <gpxtpx:hr>168</gpxtpx:hr>
          </gpxtpx:TrackPointExtension>
        </extensions>
      </trkpt>
      <trkpt lat="22.737468205165353" lon="113.94323607530193">
        <ele>37.0946653354913</ele>
        <time>1970-01-01T00:13:58.200000Z</time>
        <extensions>
          <gpxtpx:TrackPointExtension>
            <gpxtpx:hr>168</gpxtpx:hr>
          </gpxtpx:TrackPointExtension>
        </extensions>
      </trkpt>
      <trkpt lat="22.737465269230945" lon="113.94325896140911">
        <ele>37.11898101400584</ele>
        <time>1970-01-01T00:13:59.200000Z</time>
        <extensions>
          <gpxtpx:TrackPointExtension>
            <gpxtpx:hr>168</gpxtpx:hr>
          </gpxtpx:TrackPointExtension>
        </extensions>
      </trkpt>
      <trkpt lat="22.737462963381567" lon="113.9432820600986">
        <ele>37.14278567675501</ele>
        <time>1970-01-01T00:14:00.200000Z</time>
        <extensions>
          <gpxtpx:TrackPointExtension>
            <gpxtpx:hr>168</gpxtpx:hr>
          </gpxtpx:TrackPointExtension>
        </extensions>
      </trkpt>
      <trkpt lat="22.737462982865814" lon="113.94330626044004">
        <ele>37.16479529533535</ele>
        <time>1970-01-01T00:14:01.200000Z</time>
        <extensions>
          <gpxtpx:TrackPointExtension>
            <gpxtpx:hr>168</gpxtpx:hr>
          </gpxtpx:TrackPointExtension>
        </extensions>
      </trkpt>
      <trkpt lat="22.737466262356463" lon="113.94333161484647">
        <ele>37.18462675996125</ele>
        <time>1970-01-01T00:14:02.200000Z</time>
        <extensions>
          <gpxtpx:TrackPointExtension>
            <gpxtpx:hr>168</gpxtpx:hr>
          </gpxtpx:TrackPointExtension>
        </extensions>
      </trkpt>
      <trkpt lat="22.73747219805356" lon="113.94335778591213">
        <ele>37.20305635500699</ele>
        <time>1970-01-01T00:14:03.200000Z</time>
        <extensions>
          <gpxtpx:TrackPointExtension>
            <gpxtpx:hr>170</gpxtpx:hr>
          </gpxtpx:TrackPointExtension>
        </extensions>
      </trkpt>
      <trkpt lat="22.73747858266253" lon="113.94338428658442">
        <ele>37.221628576517105</ele>
        <time>1970-01-01T00:14:04.200000Z</time>
        <extensions>
          <gpxtpx:TrackPointExtension>
            <gpxtpx:hr>170</gpxtpx:hr>
          </gpxtpx:TrackPointExtension>
        </extensions>
      </trkpt>
      <trkpt lat="22.73748371904374" lon="113.9434106552498">
        <ele>37.24219917412847</ele>
        <time>1970-01-01T00:14:05.200000Z</time>
        <extensions>
          <gpxtpx:TrackPointExtension>
            <gpxtpx:hr>170</gpxtpx:hr>
          </gpxtpx:TrackPointExtension>
        </extensions>
      </trkpt>
      <trkpt lat="22.737487760713883" lon="113.94343627282962">
        <ele>37.26639697421342</ele>
        <time>1970-01-01T00:14:06.200000Z</time>
        <extensions>
          <gpxtpx:TrackPointExtension>
            <gpxtpx:hr>170</gpxtpx:hr>
          </gpxtpx:TrackPointExtension>
        </extensions>
      </trkpt>
      <trkpt lat="22.737491549875436" lon="113.9434614616397">
        <ele>37.29473676066846</ele>
        <time>1970-01-01T00:14:07.200000Z</time>
        <extensions>
          <gpxtpx:TrackPointExtension>
            <gpxtpx:hr>170</gpxtpx:hr>
          </gpxtpx:TrackPointExtension>
        </extensions>
      </trkpt>
      <trkpt lat="22.737495761002357" lon="113.94348686954255">
        <ele>37.3268945524469</ele>
        <time>1970-01-01T00:14:08.200000Z</time>
        <extensions>
          <gpxtpx:TrackPointExtension>
            <gpxtpx:hr>170</gpxtpx:hr>
          </gpxtpx:TrackPointExtension>
        </extensions>
      </trkpt>
      <trkpt lat="22.73750022408831" lon="113.9435122569428">
        <ele>37.361682461574674</ele>
        <time>1970-01-01T00:14:09.200000Z</time>
        <extensions>
          <gpxtpx:TrackPointExtension>
            <gpxtpx:hr>170</gpxtpx:hr>
          </gpxtpx:TrackPointExtension>
        </extensions>
      </trkpt>
      <trkpt lat="22.737504925231804" lon="113.94353760179428">
        <ele>37.39727578032762</ele>
        <time>1970-01-01T00:14:10.200000Z</time>
        <extensions>
          <gpxtpx:TrackPointExtension>
            <gpxtpx:hr>170</gpxtpx:hr>
          </gpxtpx:TrackPointExtension>
        </extensions>
      </trkpt>
      <trkpt lat="22.737509460383002" lon="113.94356298953709">
        <ele>37.43155225645751</ele>
        <time>1970-01-01T00:14:11.200000Z</time>
        <extensions>
          <gpxtpx:TrackPointExtension>
            <gpxtpx:hr>169</gpxtpx:hr>
          </gpxtpx:TrackPointExtension>
        </extensions>
      </trkpt>
      <trkpt lat="22.737513574046833" lon="113.94358833788554">
        <ele>37.462568612769246</ele>
        <time>1970-01-01T00:14:12.200000Z</time>
        <extensions>
          <gpxtpx:TrackPointExtension>
            <gpxtpx:hr>169</gpxtpx:hr>
          </gpxtpx:TrackPointExtension>
        </extensions>
      </trkpt>
      <trkpt lat="22.73751729818821" lon="113.94361330675872">
        <ele>37.48868161253631</ele>
        <time>1970-01-01T00:14:13.200000Z</time>
        <extensions>
          <gpxtpx:TrackPointExtension>
            <gpxtpx:hr>169</gpxtpx:hr>
          </gpxtpx:TrackPointExtension>
        </extensions>
      </trkpt>
      <trkpt lat="22.73752021825467" lon="113.9436374741702">
        <ele>37.50869373511523</ele>
        <time>1970-01-01T00:14:14.200000Z</time>
        <extensions>
          <gpxtpx:TrackPointExtension>
            <gpxtpx:hr>169</gpxtpx:hr>
          </gpxtpx:TrackPointExtension>
        </extensions>
      </trkpt>
      <trkpt lat="22.73752246454102" lon="113.9436615787136">
        <ele>37.521913507021964</ele>
        <time>1970-01-01T00:14:15.200000Z</time>
        <extensions>
          <gpxtpx:TrackPointExtension>
            <gpxtpx:hr>169</gpxtpx:hr>
          </gpxtpx:TrackPointExtension>
        </extensions>
      </trkpt>
      <trkpt lat="22.73752370835911" lon="113.94368585847192">
        <ele>37.52823813818395</ele>
        <time>1970-01-01T00:14:16.200000Z</time>
        <extensions>
          <gpxtpx:TrackPointExtension>
            <gpxtpx:hr>169</gpxtpx:hr>
          </gpxtpx:TrackPointExtension>
        </extensions>
      </trkpt>
      <trkpt lat="22.737524170555584" lon="113.94371033508328">
        <ele>37.52821308653802</ele>
        <time>1970-01-01T00:14:17.200000Z</time>
        <extensions>
          <gpxtpx:TrackPointExtension>
            <gpxtpx:hr>170</gpxtpx:hr>
          </gpxtpx:TrackPointExtension>
        </extensions>
      </trkpt>
      <trkpt lat="22.737524316453065" lon="113.94373519569007">
        <ele>37.52274656109512</ele>
        <time>1970-01-01T00:14:18.200000Z</time>
        <extensions>
          <gpxtpx:TrackPointExtension>
            <gpxtpx:hr>170</gpxtpx:hr>
          </gpxtpx:TrackPointExtension>
        </extensions>
      </trkpt>
      <trkpt lat="22.737524116640216" lon="113.94376003734297">
        <ele>37.51295799203217</ele>
        <time>1970-01-01T00:14:19.200000Z</time>
        <extensions>
          <gpxtpx:TrackPointExtension>
            <gpxtpx:hr>170</gpxtpx:hr>
          </gpxtpx:TrackPointExtension>
        </extensions>
      </trkpt>
      <trkpt lat="22.737523465298317" lon="113.9437846958029">
        <ele>37.50025963317603</ele>
        <time>1970-01-01T00:14:20.200000Z</time>
        <extensions>
          <gpxtpx:TrackPointExtension>
            <gpxtpx:hr>170</gpxtpx:hr>
          </gpxtpx:TrackPointExtension>
        </extensions>
      </trkpt>
      <trkpt lat="22.737521860454994" lon="113.94380853894066">
        <ele>37.486047866754234</ele>
        <time>1970-01-01T00:14:21.200000Z</time>
        <extensions>
          <gpxtpx:TrackPointExtension>
            <gpxtpx:hr>170</gpxtpx:hr>
          </gpxtpx:TrackPointExtension>
        </extensions>
      </trkpt>
      <trkpt lat="22.737519199324552" lon="113.94383068714271">
        <ele>37.47124309465289</ele>
        <time>1970-01-01T00:14:22.200000Z</time>
        <extensions>
          <gpxtpx:TrackPointExtension>
            <gpxtpx:hr>170</gpxtpx:hr>
          </gpxtpx:TrackPointExtension>
        </extensions>
      </trkpt>
      <trkpt lat="22.737515725672697" lon="113.9438510454562">
        <ele>37.4566066833213</ele>
        <time>1970-01-01T00:14:23.200000Z</time>
        <extensions>
          <gpxtpx:TrackPointExtension>
            <gpxtpx:hr>170</gpxtpx:hr>
          </gpxtpx:TrackPointExtension>
        </extensions>
      </trkpt>
      <trkpt lat="22.737511405479154" lon="113.94387094588276">
        <ele>37.44287697132677</ele>
        <time>1970-01-01T00:14:24.200000Z</time>
        <extensions>
          <gpxtpx:TrackPointExtension>
            <gpxtpx:hr>170</gpxtpx:hr>
          </gpxtpx:TrackPointExtension>
        </extensions>
      </trkpt>
      <trkpt lat="22.73750632009119" lon="113.94389072858148">
        <ele>37.430359412916005</ele>
        <time>1970-01-01T00:14:25.200000Z</time>
        <extensions>
          <gpxtpx:TrackPointExtension>
            <gpxtpx:hr>170</gpxtpx:hr>
          </gpxtpx:TrackPointExtension>
        </extensions>
      </trkpt>
      <trkpt lat="22.73750135186307" lon="113.94390993734268">
        <ele>37.419016937725246</ele>
        <time>1970-01-01T00:14:26.200000Z</time>
        <extensions>
          <gpxtpx:TrackPointExtension>
            <gpxtpx:hr>170</gpxtpx:hr>
          </gpxtpx:TrackPointExtension>
        </extensions>
      </trkpt>
      <trkpt lat="22.737497959458615" lon="113.94392949235215">
        <ele>37.408844153396785</ele>
        <time>1970-01-01T00:14:27.200000Z</time>
        <extensions>
          <gpxtpx:TrackPointExtension>
            <gpxtpx:hr>169</gpxtpx:hr>
          </gpxtpx:TrackPointExtension>
        </extensions>
      </trkpt>
      <trkpt lat="22.737497429757287" lon="113.94395010242059">
        <ele>37.39954914338887</ele>
        <time>1970-01-01T00:14:28.200000Z</time>
        <extensions>
          <gpxtpx:TrackPointExtension>
            <gpxtpx:hr>169</gpxtpx:hr>
          </gpxtpx:TrackPointExtension>
        </extensions>
      </trkpt>
      <trkpt lat="22.737500415828645" lon="113.94397068579855">
        <ele>37.3902636570856</ele>
        <time>1970-01-01T00:14:29.200000Z</time>
        <extensions>
          <gpxtpx:TrackPointExtension>
            <gpxtpx:hr>169</gpxtpx:hr>
          </gpxtpx:TrackPointExtension>
        </extensions>
      </trkpt>
      <trkpt lat="22.737506892504225" lon="113.9439914568873">
        <ele>37.38003080710769</ele>
        <time>1970-01-01T00:14:30.200000Z</time>
        <extensions>
          <gpxtpx:TrackPointExtension>
            <gpxtpx:hr>169</gpxtpx:hr>
          </gpxtpx:TrackPointExtension>
        </extensions>
      </trkpt>
      <trkpt lat="22.737516045453187" lon="113.94401320185163">
        <ele>37.36794732417911</ele>
        <time>1970-01-01T00:14:31.200000Z</time>
        <extensions>
          <gpxtpx:TrackPointExtension>
            <gpxtpx:hr>169</gpxtpx:hr>
          </gpxtpx:TrackPointExtension>
        </extensions>
      </trkpt>
      <trkpt lat="22.73752596496083" lon="113.94403517140192">
        <ele>37.35366448480636</ele>
        <time>1970-01-01T00:14:32.200000Z</time>
        <extensions>
          <gpxtpx:TrackPointExtension>
            <gpxtpx:hr>166</gpxtpx:hr>
          </gpxtpx:TrackPointExtension>
        </extensions>
      </trkpt>
      <trkpt lat="22.73753483208427" lon="113.94405732562724">
        <ele>37.337622015737</ele>
        <time>1970-01-01T00:14:33.200000Z</time>
        <extensions>
          <gpxtpx:TrackPointExtension>
            <gpxtpx:hr>166</gpxtpx:hr>
          </gpxtpx:TrackPointExtension>
        </extensions>
      </trkpt>
      <trkpt lat="22.73754178219289" lon="113.94407968695025">
        <ele>37.3211210006848</ele>
        <time>1970-01-01T00:14:34.200000Z</time>
        <extensions>
          <gpxtpx:TrackPointExtension>
            <gpxtpx:hr>166</gpxtpx:hr>
          </gpxtpx:TrackPointExtension>
        </extensions>
      </trkpt>
      <trkpt lat="22.73754653621609" lon="113.94410192880133">
        <ele>37.30607832316309</ele>
        <time>1970-01-01T00:14:35.200000Z</time>
        <extensions>
          <gpxtpx:TrackPointExtension>
            <gpxtpx:hr>166</gpxtpx:hr>
          </gpxtpx:TrackPointExtension>
        </extensions>
      </trkpt>
      <trkpt lat="22.737549713379785" lon="113.94412473440396">
        <ele>37.2944381441921</ele>
        <time>1970-01-01T00:14:36.200000Z</time>
        <extensions>
          <gpxtpx:TrackPointExtension>
            <gpxtpx:hr>166</gpxtpx:hr>
          </gpxtpx:TrackPointExtension>
        </extensions>
      </trkpt>
      <trkpt lat="22.7375512164796" lon="113.9441483337423">
        <ele>37.287740256637335</ele>
        <time>1970-01-01T00:14:37.200000Z</time>
        <extensions>
          <gpxtpx:TrackPointExtension>
            <gpxtpx:hr>166</gpxtpx:hr>
          </gpxtpx:TrackPointExtension>
        </extensions>
      </trkpt>
      <trkpt lat="22.737550946601548" lon="113.94417288380194">
        <ele>37.28698150720447</ele>
        <time>1970-01-01T00:14:38.200000Z</time>
        <extensions>
          <gpxtpx:TrackPointExtension>
            <gpxtpx:hr>166</gpxtpx:hr>
          </gpxtpx:TrackPointExtension>
        </extensions>
      </trkpt>
      <trkpt lat="22.737549255087146" lon="113.94419858007839">
        <ele>37.29250498581678</ele>
        <time>1970-01-01T00:14:39.200000Z</time>
        <extensions>
          <gpxtpx:TrackPointExtension>
            <gpxtpx:hr>166</gpxtpx:hr>
          </gpxtpx:TrackPointExtension>
        </extensions>
      </trkpt>
      <trkpt lat="22.737545423849546" lon="113.94422472904729">
        <ele>37.304080463945866</ele>
        <time>1970-01-01T00:14:40.200000Z</time>
        <extensions>
          <gpxtpx:TrackPointExtension>
            <gpxtpx:hr>166</gpxtpx:hr>
          </gpxtpx:TrackPointExtension>
        </extensions>
      </trkpt>
      <trkpt lat="22.737539391740256" lon="113.94425059174442">
        <ele>37.321247787214816</ele>
        <time>1970-01-01T00:14:41.200000Z</time>
        <extensions>
          <gpxtpx:TrackPointExtension>
            <gpxtpx:hr>166</gpxtpx:hr>
          </gpxtpx:TrackPointExtension>
        </extensions>
      </trkpt>
      <trkpt lat="22.737531666282226" lon="113.94427560079674">
        <ele>37.3434043424204</ele>
        <time>1970-01-01T00:14:42.200000Z</time>
        <extensions>
          <gpxtpx:TrackPointExtension>
            <gpxtpx:hr>166</gpxtpx:hr>
          </gpxtpx:TrackPointExtension>
        </extensions>
      </trkpt>
      <trkpt lat="22.73752260125644" lon="113.94430061339872">
        <ele>37.369737471453846</ele>
        <time>1970-01-01T00:14:43.200000Z</time>
        <extensions>
          <gpxtpx:TrackPointExtension>
            <gpxtpx:hr>166</gpxtpx:hr>
          </gpxtpx:TrackPointExtension>
        </extensions>
      </trkpt>
      <trkpt lat="22.737512632505588" lon="113.94432610117319">
        <ele>37.39956365246326</ele>
        <time>1970-01-01T00:14:44.200000Z</time>
        <extensions>
          <gpxtpx:TrackPointExtension>
            <gpxtpx:hr>166</gpxtpx:hr>
          </gpxtpx:TrackPointExtension>
        </extensions>
      </trkpt>
      <trkpt lat="22.73750212199639" lon="113.94435193455266">
        <ele>37.43223448563367</ele>
        <time>1970-01-01T00:14:45.200000Z</time>
        <extensions>
          <gpxtpx:TrackPointExtension>
            <gpxtpx:hr>167</gpxtpx:hr>
          </gpxtpx:TrackPointExtension>
        </extensions>
      </trkpt>
      <trkpt lat="22.737491748712927" lon="113.94437809686198">
        <ele>37.466982887126505</ele>
        <time>1970-01-01T00:14:46.200000Z</time>
        <extensions>
          <gpxtpx:TrackPointExtension>
            <gpxtpx:hr>167</gpxtpx:hr>
          </gpxtpx:TrackPointExtension>
        </extensions>
      </trkpt>
      <trkpt lat="22.73748183616656" lon="113.94440418983831">
        <ele>37.50278484169394</ele>
        <time>1970-01-01T00:14:47.200000Z</time>
        <extensions>
          <gpxtpx:TrackPointExtension>
            <gpxtpx:hr>167</gpxtpx:hr>
          </gpxtpx:TrackPointExtension>
        </extensions>
      </trkpt>
      <trkpt lat="22.737472899407607" lon="113.9444305163385">
        <ele>37.53845216613263</ele>
        <time>1970-01-01T00:14:48.200000Z</time>
        <extensions>
          <gpxtpx:TrackPointExtension>
            <gpxtpx:hr>167</gpxtpx:hr>
          </gpxtpx:TrackPointExtension>
        </extensions>
      </trkpt>
      <trkpt lat="22.737464915441944" lon="113.9444577949113">
        <ele>37.572607760317624</ele>
        <time>1970-01-01T00:14:49.200000Z</time>
        <extensions>
          <gpxtpx:TrackPointExtension>
            <gpxtpx:hr>167</gpxtpx:hr>
          </gpxtpx:TrackPointExtension>
        </extensions>
      </trkpt>
      <trkpt lat="22.737456876506716" lon="113.94448548268774">
        <ele>37.604146774858236</ele>
        <time>1970-01-01T00:14:50.200000Z</time>
        <extensions>
          <gpxtpx:TrackPointExtension>
            <gpxtpx:hr>167</gpxtpx:hr>
          </gpxtpx:TrackPointExtension>
        </extensions>
      </trkpt>
      <trkpt lat="22.73744767966809" lon="113.94451193455639">
        <ele>37.63264283537865</ele>
        <time>1970-01-01T00:14:51.200000Z</time>
        <extensions>
          <gpxtpx:TrackPointExtension>
            <gpxtpx:hr>168</gpxtpx:hr>
          </gpxtpx:TrackPointExtension>
        </extensions>
      </trkpt>
      <trkpt lat="22.737437067026267" lon="113.94453623534926">
        <ele>37.65747420396656</ele>
        <time>1970-01-01T00:14:52.200000Z</time>
        <extensions>
          <gpxtpx:TrackPointExtension>
            <gpxtpx:hr>168</gpxtpx:hr>
          </gpxtpx:TrackPointExtension>
        </extensions>
      </trkpt>
      <trkpt lat="22.737425844795148" lon="113.94455974690041">
        <ele>37.679106805473566</ele>
        <time>1970-01-01T00:14:53.200000Z</time>
        <extensions>
          <gpxtpx:TrackPointExtension>
            <gpxtpx:hr>168</gpxtpx:hr>
          </gpxtpx:TrackPointExtension>
        </extensions>
      </trkpt>
      <trkpt lat="22.73741452757162" lon="113.94458388393313">
        <ele>37.69827992003411</ele>
        <time>1970-01-01T00:14:54.200000Z</time>
        <extensions>
          <gpxtpx:TrackPointExtension>
            <gpxtpx:hr>168</gpxtpx:hr>
          </gpxtpx:TrackPointExtension>
        </extensions>
      </trkpt>
      <trkpt lat="22.7374039234183" lon="113.94460806788656">
        <ele>37.71616363059729</ele>
        <time>1970-01-01T00:14:55.200000Z</time>
        <extensions>
          <gpxtpx:TrackPointExtension>
            <gpxtpx:hr>168</gpxtpx:hr>
          </gpxtpx:TrackPointExtension>
        </extensions>
      </trkpt>
      <trkpt lat="22.737394829062733" lon="113.94463247724057">
        <ele>37.73409099224955</ele>
        <time>1970-01-01T00:14:56.200000Z</time>
        <extensions>
          <gpxtpx:TrackPointExtension>
            <gpxtpx:hr>168</gpxtpx:hr>
          </gpxtpx:TrackPointExtension>
        </extensions>
      </trkpt>
      <trkpt lat="22.737387672570648" lon="113.94465658698535">
        <ele>37.75319916009903</ele>
        <time>1970-01-01T00:14:57.200000Z</time>
        <extensions>
          <gpxtpx:TrackPointExtension>
            <gpxtpx:hr>168</gpxtpx:hr>
          </gpxtpx:TrackPointExtension>
        </extensions>
      </trkpt>
      <trkpt lat="22.737381614573298" lon="113.94468025548204">
        <ele>37.77451404184103</ele>
        <time>1970-01-01T00:14:58.200000Z</time>
        <extensions>
          <gpxtpx:TrackPointExtension>
            <gpxtpx:hr>169</gpxtpx:hr>
          </gpxtpx:TrackPointExtension>
        </extensions>
      </trkpt>
      <trkpt lat="22.737376140030605" lon="113.94470311919724">
        <ele>37.79917793814093</ele>
        <time>1970-01-01T00:14:59.200000Z</time>
        <extensions>
          <gpxtpx:TrackPointExtension>
            <gpxtpx:hr>169</gpxtpx:hr>
          </gpxtpx:TrackPointExtension>
        </extensions>
      </trkpt>
      <trkpt lat="22.73737138307652" lon="113.94472528766576">
        <ele>37.82783332467079</ele>
        <time>1970-01-01T00:15:00.200000Z</time>
        <extensions>
          <gpxtpx:TrackPointExtension>
            <gpxtpx:hr>169</gpxtpx:hr>
          </gpxtpx:TrackPointExtension>
        </extensions>
      </trkpt>
      <trkpt lat="22.737366909277796" lon="113.9447472605584">
        <ele>37.86069258674979</ele>
        <time>1970-01-01T00:15:01.200000Z</time>
        <extensions>
          <gpxtpx:TrackPointExtension>
            <gpxtpx:hr>169</gpxtpx:hr>
          </gpxtpx:TrackPointExtension>
        </extensions>
      </trkpt>
      <trkpt lat="22.737361949825402" lon="113.94476942736806">
        <ele>37.89828696008772</ele>
        <time>1970-01-01T00:15:02.200000Z</time>
        <extensions>
          <gpxtpx:TrackPointExtension>
            <gpxtpx:hr>169</gpxtpx:hr>
          </gpxtpx:TrackPointExtension>
        </extensions>
      </trkpt>
      <trkpt lat="22.737356866586776" lon="113.94479210800412">
        <ele>37.940188641659915</ele>
        <time>1970-01-01T00:15:03.200000Z</time>
        <extensions>
          <gpxtpx:TrackPointExtension>
            <gpxtpx:hr>169</gpxtpx:hr>
          </gpxtpx:TrackPointExtension>
        </extensions>
      </trkpt>
      <trkpt lat="22.737351433042246" lon="113.94481460613565">
        <ele>37.98496094811708</ele>
        <time>1970-01-01T00:15:04.200000Z</time>
        <extensions>
          <gpxtpx:TrackPointExtension>
            <gpxtpx:hr>169</gpxtpx:hr>
          </gpxtpx:TrackPointExtension>
        </extensions>
      </trkpt>
      <trkpt lat="22.737345574788414" lon="113.94483647912415">
        <ele>38.03037444315851</ele>
        <time>1970-01-01T00:15:05.200000Z</time>
        <extensions>
          <gpxtpx:TrackPointExtension>
            <gpxtpx:hr>169</gpxtpx:hr>
          </gpxtpx:TrackPointExtension>
        </extensions>
      </trkpt>
      <trkpt lat="22.73733953055011" lon="113.94485797895786">
        <ele>38.0738700190559</ele>
        <time>1970-01-01T00:15:06.200000Z</time>
        <extensions>
          <gpxtpx:TrackPointExtension>
            <gpxtpx:hr>169</gpxtpx:hr>
          </gpxtpx:TrackPointExtension>
        </extensions>
      </trkpt>
      <trkpt lat="22.73733416363266" lon="113.94487983949838">
        <ele>38.11225522682071</ele>
        <time>1970-01-01T00:15:07.200000Z</time>
        <extensions>
          <gpxtpx:TrackPointExtension>
            <gpxtpx:hr>169</gpxtpx:hr>
          </gpxtpx:TrackPointExtension>
        </extensions>
      </trkpt>
      <trkpt lat="22.737329898468193" lon="113.9449027430977">
        <ele>38.14273809082806</ele>
        <time>1970-01-01T00:15:08.200000Z</time>
        <extensions>
          <gpxtpx:TrackPointExtension>
            <gpxtpx:hr>169</gpxtpx:hr>
          </gpxtpx:TrackPointExtension>
        </extensions>
      </trkpt>
      <trkpt lat="22.737326800018423" lon="113.94492667258604">
        <ele>38.163426680490375</ele>
        <time>1970-01-01T00:15:09.200000Z</time>
        <extensions>
          <gpxtpx:TrackPointExtension>
            <gpxtpx:hr>169</gpxtpx:hr>
          </gpxtpx:TrackPointExtension>
        </extensions>
      </trkpt>
      <trkpt lat="22.737325695913654" lon="113.94495155816014">
        <ele>38.17406545486301</ele>
        <time>1970-01-01T00:15:10.200000Z</time>
        <extensions>
          <gpxtpx:TrackPointExtension>
            <gpxtpx:hr>169</gpxtpx:hr>
          </gpxtpx:TrackPointExtension>
        </extensions>
      </trkpt>
      <trkpt lat="22.737326042446036" lon="113.94497788342245">
        <ele>38.176255421712995</ele>
        <time>1970-01-01T00:15:11.200000Z</time>
      </trkpt>
      <trkpt lat="22.737325840692712" lon="113.94500548440925">
        <ele>38.17312638927251</ele>
        <time>1970-01-01T00:15:12.200000Z</time>
      </trkpt>
      <trkpt lat="22.7373243587086" lon="113.9450340794949">
        <ele>38.16872953530401</ele>
        <time>1970-01-01T00:15:13.200000Z</time>
      </trkpt>
      <trkpt lat="22.73732209894917" lon="113.94506290704997">
        <ele>38.167105082422495</ele>
        <time>1970-01-01T00:15:14.200000Z</time>
      </trkpt>
      <trkpt lat="22.73731986044993" lon="113.94509134390748">
        <ele>38.171324886381626</ele>
        <time>1970-01-01T00:15:15.200000Z</time>
        <extensions>
          <gpxtpx:TrackPointExtension>
            <gpxtpx:hr>171</gpxtpx:hr>
          </gpxtpx:TrackPointExtension>
        </extensions>
      </trkpt>
      <trkpt lat="22.737317198946503" lon="113.94511893670499">
        <ele>38.18331275973469</ele>
        <time>1970-01-01T00:15:16.200000Z</time>
        <extensions>
          <gpxtpx:TrackPointExtension>
            <gpxtpx:hr>171</gpxtpx:hr>
          </gpxtpx:TrackPointExtension>
        </extensions>
      </trkpt>
      <trkpt lat="22.737313772040736" lon="113.94514507236583">
        <ele>38.20362097769976</ele>
        <time>1970-01-01T00:15:17.200000Z</time>
        <extensions>
          <gpxtpx:TrackPointExtension>
            <gpxtpx:hr>171</gpxtpx:hr>
          </gpxtpx:TrackPointExtension>
        </extensions>
      </trkpt>
      <trkpt lat="22.73730956962692" lon="113.94517024754579">
        <ele>38.232108543626964</ele>
        <time>1970-01-01T00:15:18.200000Z</time>
        <extensions>
          <gpxtpx:TrackPointExtension>
            <gpxtpx:hr>171</gpxtpx:hr>
          </gpxtpx:TrackPointExtension>
        </extensions>
      </trkpt>
      <trkpt lat="22.73730526293651" lon="113.94519501859467">
        <ele>38.268321592360735</ele>
        <time>1970-01-01T00:15:19.200000Z</time>
        <extensions>
          <gpxtpx:TrackPointExtension>
            <gpxtpx:hr>171</gpxtpx:hr>
          </gpxtpx:TrackPointExtension>
        </extensions>
      </trkpt>
      <trkpt lat="22.737301494941953" lon="113.94521987249475">
        <ele>38.31199212372303</ele>
        <time>1970-01-01T00:15:20.200000Z</time>
        <extensions>
          <gpxtpx:TrackPointExtension>
            <gpxtpx:hr>171</gpxtpx:hr>
          </gpxtpx:TrackPointExtension>
        </extensions>
      </trkpt>
      <trkpt lat="22.73729847667904" lon="113.94524504227464">
        <ele>38.36185130942613</ele>
        <time>1970-01-01T00:15:21.200000Z</time>
        <extensions>
          <gpxtpx:TrackPointExtension>
            <gpxtpx:hr>171</gpxtpx:hr>
          </gpxtpx:TrackPointExtension>
        </extensions>
      </trkpt>
      <trkpt lat="22.737296300878175" lon="113.94527068598426">
        <ele>38.417007287964225</ele>
        <time>1970-01-01T00:15:22.200000Z</time>
        <extensions>
          <gpxtpx:TrackPointExtension>
            <gpxtpx:hr>171</gpxtpx:hr>
          </gpxtpx:TrackPointExtension>
        </extensions>
      </trkpt>
      <trkpt lat="22.73729513386722" lon="113.94529663176537">
        <ele>38.476422582753</ele>
        <time>1970-01-01T00:15:23.200000Z</time>
        <extensions>
          <gpxtpx:TrackPointExtension>
            <gpxtpx:hr>171</gpxtpx:hr>
          </gpxtpx:TrackPointExtension>
        </extensions>
      </trkpt>
      <trkpt lat="22.73729478129246" lon="113.94532221994287">
        <ele>38.538674211129546</ele>
        <time>1970-01-01T00:15:24.200000Z</time>
        <extensions>
          <gpxtpx:TrackPointExtension>
            <gpxtpx:hr>171</gpxtpx:hr>
          </gpxtpx:TrackPointExtension>
        </extensions>
      </trkpt>
      <trkpt lat="22.737295432931194" lon="113.94534696121762">
        <ele>38.601540059782565</ele>
        <time>1970-01-01T00:15:25.200000Z</time>
        <extensions>
          <gpxtpx:TrackPointExtension>
            <gpxtpx:hr>171</gpxtpx:hr>
          </gpxtpx:TrackPointExtension>
        </extensions>
      </trkpt>
      <trkpt lat="22.737297219242677" lon="113.94537170245576">
        <ele>38.663195272907615</ele>
        <time>1970-01-01T00:15:26.200000Z</time>
        <extensions>
          <gpxtpx:TrackPointExtension>
            <gpxtpx:hr>171</gpxtpx:hr>
          </gpxtpx:TrackPointExtension>
        </extensions>
      </trkpt>
      <trkpt lat="22.73730013649043" lon="113.94539702968477">
        <ele>38.72116345074028</ele>
        <time>1970-01-01T00:15:27.200000Z</time>
        <extensions>
          <gpxtpx:TrackPointExtension>
            <gpxtpx:hr>171</gpxtpx:hr>
          </gpxtpx:TrackPointExtension>
        </extensions>
      </trkpt>
      <trkpt lat="22.737303541379415" lon="113.94542258426048">
        <ele>38.77250870410353</ele>
        <time>1970-01-01T00:15:28.200000Z</time>
        <extensions>
          <gpxtpx:TrackPointExtension>
            <gpxtpx:hr>172</gpxtpx:hr>
          </gpxtpx:TrackPointExtension>
        </extensions>
      </trkpt>
      <trkpt lat="22.737306288550258" lon="113.94544869469127">
        <ele>38.814465342089534</ele>
        <time>1970-01-01T00:15:29.200000Z</time>
        <extensions>
          <gpxtpx:TrackPointExtension>
            <gpxtpx:hr>172</gpxtpx:hr>
          </gpxtpx:TrackPointExtension>
        </extensions>
      </trkpt>
      <trkpt lat="22.737307879508844" lon="113.94547411495702">
        <ele>38.84554045274854</ele>
        <time>1970-01-01T00:15:30.200000Z</time>
        <extensions>
          <gpxtpx:TrackPointExtension>
            <gpxtpx:hr>172</gpxtpx:hr>
          </gpxtpx:TrackPointExtension>
        </extensions>
      </trkpt>
      <trkpt lat="22.737308007337916" lon="113.94549762223146">
        <ele>38.86588696576655</ele>
        <time>1970-01-01T00:15:31.200000Z</time>
        <extensions>
          <gpxtpx:TrackPointExtension>
            <gpxtpx:hr>172</gpxtpx:hr>
          </gpxtpx:TrackPointExtension>
        </extensions>
      </trkpt>
      <trkpt lat="22.737307043382728" lon="113.94551965273929">
        <ele>38.87732436135411</ele>
        <time>1970-01-01T00:15:32.200000Z</time>
        <extensions>
          <gpxtpx:TrackPointExtension>
            <gpxtpx:hr>172</gpxtpx:hr>
          </gpxtpx:TrackPointExtension>
        </extensions>
      </trkpt>
      <trkpt lat="22.73730531336246" lon="113.94554097028004">
        <ele>38.88294083904475</ele>
        <time>1970-01-01T00:15:33.200000Z</time>
        <extensions>
          <gpxtpx:TrackPointExtension>
            <gpxtpx:hr>172</gpxtpx:hr>
          </gpxtpx:TrackPointExtension>
        </extensions>
      </trkpt>
      <trkpt lat="22.737302828481265" lon="113.94556248712266">
        <ele>38.88648228533566</ele>
        <time>1970-01-01T00:15:34.200000Z</time>
        <extensions>
          <gpxtpx:TrackPointExtension>
            <gpxtpx:hr>173</gpxtpx:hr>
          </gpxtpx:TrackPointExtension>
        </extensions>
      </trkpt>
      <trkpt lat="22.737299869458397" lon="113.94558421279068">
        <ele>38.891015615314245</ele>
        <time>1970-01-01T00:15:35.200000Z</time>
        <extensions>
          <gpxtpx:TrackPointExtension>
            <gpxtpx:hr>173</gpxtpx:hr>
          </gpxtpx:TrackPointExtension>
        </extensions>
      </trkpt>
      <trkpt lat="22.73729710108107" lon="113.9456064961751">
        <ele>38.89835555199534</ele>
        <time>1970-01-01T00:15:36.200000Z</time>
        <extensions>
          <gpxtpx:TrackPointExtension>
            <gpxtpx:hr>173</gpxtpx:hr>
          </gpxtpx:TrackPointExtension>
        </extensions>
      </trkpt>
      <trkpt lat="22.737294748870024" lon="113.94562925372585">
        <ele>38.909201812930405</ele>
        <time>1970-01-01T00:15:37.200000Z</time>
        <extensions>
          <gpxtpx:TrackPointExtension>
            <gpxtpx:hr>173</gpxtpx:hr>
          </gpxtpx:TrackPointExtension>
        </extensions>
      </trkpt>
      <trkpt lat="22.737292341159595" lon="113.94565213974018">
        <ele>38.92362288944423</ele>
        <time>1970-01-01T00:15:38.200000Z</time>
        <extensions>
          <gpxtpx:TrackPointExtension>
            <gpxtpx:hr>175</gpxtpx:hr>
          </gpxtpx:TrackPointExtension>
        </extensions>
      </trkpt>
      <trkpt lat="22.737289999730635" lon="113.94567525317943">
        <ele>38.941256714984775</ele>
        <time>1970-01-01T00:15:39.200000Z</time>
        <extensions>
          <gpxtpx:TrackPointExtension>
            <gpxtpx:hr>175</gpxtpx:hr>
          </gpxtpx:TrackPointExtension>
        </extensions>
      </trkpt>
      <trkpt lat="22.73728713379879" lon="113.94569821280767">
        <ele>38.961838664487004</ele>
        <time>1970-01-01T00:15:40.200000Z</time>
        <extensions>
          <gpxtpx:TrackPointExtension>
            <gpxtpx:hr>175</gpxtpx:hr>
          </gpxtpx:TrackPointExtension>
        </extensions>
      </trkpt>
      <trkpt lat="22.73728378296256" lon="113.9457202319602">
        <ele>38.98525217920542</ele>
        <time>1970-01-01T00:15:41.200000Z</time>
        <extensions>
          <gpxtpx:TrackPointExtension>
            <gpxtpx:hr>175</gpxtpx:hr>
          </gpxtpx:TrackPointExtension>
        </extensions>
      </trkpt>
      <trkpt lat="22.73728088985447" lon="113.94574194085341">
        <ele>39.01140915323049</ele>
        <time>1970-01-01T00:15:42.200000Z</time>
        <extensions>
          <gpxtpx:TrackPointExtension>
            <gpxtpx:hr>175</gpxtpx:hr>
          </gpxtpx:TrackPointExtension>
        </extensions>
      </trkpt>
      <trkpt lat="22.73727895118753" lon="113.94576395149204">
        <ele>39.039995143190026</ele>
        <time>1970-01-01T00:15:43.200000Z</time>
        <extensions>
          <gpxtpx:TrackPointExtension>
            <gpxtpx:hr>175</gpxtpx:hr>
          </gpxtpx:TrackPointExtension>
        </extensions>
      </trkpt>
      <trkpt lat="22.73727739715848" lon="113.94578682961769">
        <ele>39.070554507896304</ele>
        <time>1970-01-01T00:15:44.200000Z</time>
        <extensions>
          <gpxtpx:TrackPointExtension>
            <gpxtpx:hr>175</gpxtpx:hr>
          </gpxtpx:TrackPointExtension>
        </extensions>
      </trkpt>
      <trkpt lat="22.73727622378494" lon="113.94580981167299">
        <ele>39.102376244962215</ele>
        <time>1970-01-01T00:15:45.200000Z</time>
        <extensions>
          <gpxtpx:TrackPointExtension>
            <gpxtpx:hr>175</gpxtpx:hr>
          </gpxtpx:TrackPointExtension>
        </extensions>
      </trkpt>
      <trkpt lat="22.737275024139368" lon="113.94583285319766">
        <ele>39.134582502767444</ele>
        <time>1970-01-01T00:15:46.200000Z</time>
        <extensions>
          <gpxtpx:TrackPointExtension>
            <gpxtpx:hr>175</gpxtpx:hr>
          </gpxtpx:TrackPointExtension>
        </extensions>
      </trkpt>
      <trkpt lat="22.73727389739753" lon="113.94585578807946">
        <ele>39.16633357107639</ele>
        <time>1970-01-01T00:15:47.200000Z</time>
        <extensions>
          <gpxtpx:TrackPointExtension>
            <gpxtpx:hr>174</gpxtpx:hr>
          </gpxtpx:TrackPointExtension>
        </extensions>
      </trkpt>
      <trkpt lat="22.737272587042803" lon="113.94587859057309">
        <ele>39.19708730559796</ele>
        <time>1970-01-01T00:15:48.200000Z</time>
        <extensions>
          <gpxtpx:TrackPointExtension>
            <gpxtpx:hr>174</gpxtpx:hr>
          </gpxtpx:TrackPointExtension>
        </extensions>
      </trkpt>
      <trkpt lat="22.737271429847997" lon="113.94590199959825">
        <ele>39.2266950039193</ele>
        <time>1970-01-01T00:15:49.200000Z</time>
        <extensions>
          <gpxtpx:TrackPointExtension>
            <gpxtpx:hr>174</gpxtpx:hr>
          </gpxtpx:TrackPointExtension>
        </extensions>
      </trkpt>
      <trkpt lat="22.737270235061253" lon="113.94592553561581">
        <ele>39.25532948970795</ele>
        <time>1970-01-01T00:15:50.200000Z</time>
        <extensions>
          <gpxtpx:TrackPointExtension>
            <gpxtpx:hr>174</gpxtpx:hr>
          </gpxtpx:TrackPointExtension>
        </extensions>
      </trkpt>
      <trkpt lat="22.737268574568095" lon="113.94594856075673">
        <ele>39.28343098424375</ele>
        <time>1970-01-01T00:15:51.200000Z</time>
        <extensions>
          <gpxtpx:TrackPointExtension>
            <gpxtpx:hr>174</gpxtpx:hr>
          </gpxtpx:TrackPointExtension>
        </extensions>
      </trkpt>
      <trkpt lat="22.73726645850931" lon="113.94597077500381">
        <ele>39.31157005485147</ele>
        <time>1970-01-01T00:15:52.200000Z</time>
        <extensions>
          <gpxtpx:TrackPointExtension>
            <gpxtpx:hr>175</gpxtpx:hr>
          </gpxtpx:TrackPointExtension>
        </extensions>
      </trkpt>
      <trkpt lat="22.73726429988404" lon="113.94599247403558">
        <ele>39.3403002647683</ele>
        <time>1970-01-01T00:15:53.200000Z</time>
        <extensions>
          <gpxtpx:TrackPointExtension>
            <gpxtpx:hr>175</gpxtpx:hr>
          </gpxtpx:TrackPointExtension>
        </extensions>
      </trkpt>
      <trkpt lat="22.737262339045827" lon="113.94601481614583">
        <ele>39.36971634812653</ele>
        <time>1970-01-01T00:15:54.200000Z</time>
        <extensions>
          <gpxtpx:TrackPointExtension>
            <gpxtpx:hr>175</gpxtpx:hr>
          </gpxtpx:TrackPointExtension>
        </extensions>
      </trkpt>
      <trkpt lat="22.737261032272613" lon="113.94603769435892">
        <ele>39.39979564771056</ele>
        <time>1970-01-01T00:15:55.200000Z</time>
        <extensions>
          <gpxtpx:TrackPointExtension>
            <gpxtpx:hr>175</gpxtpx:hr>
          </gpxtpx:TrackPointExtension>
        </extensions>
      </trkpt>
      <trkpt lat="22.73725956484251" lon="113.94606100518374">
        <ele>39.43040975090116</ele>
        <time>1970-01-01T00:15:56.200000Z</time>
        <extensions>
          <gpxtpx:TrackPointExtension>
            <gpxtpx:hr>175</gpxtpx:hr>
          </gpxtpx:TrackPointExtension>
        </extensions>
      </trkpt>
      <trkpt lat="22.73725746298618" lon="113.94608524498486">
        <ele>39.46124207880348</ele>
        <time>1970-01-01T00:15:57.200000Z</time>
        <extensions>
          <gpxtpx:TrackPointExtension>
            <gpxtpx:hr>175</gpxtpx:hr>
          </gpxtpx:TrackPointExtension>
        </extensions>
      </trkpt>
      <trkpt lat="22.73725425694126" lon="113.94611023223553">
        <ele>39.491628190502524</ele>
        <time>1970-01-01T00:15:58.200000Z</time>
        <extensions>
          <gpxtpx:TrackPointExtension>
            <gpxtpx:hr>175</gpxtpx:hr>
          </gpxtpx:TrackPointExtension>
        </extensions>
      </trkpt>
      <trkpt lat="22.737250554534093" lon="113.94613545915742">
        <ele>39.521432215347886</ele>
        <time>1970-01-01T00:15:59.200000Z</time>
        <extensions>
          <gpxtpx:TrackPointExtension>
            <gpxtpx:hr>176</gpxtpx:hr>
          </gpxtpx:TrackPointExtension>
        </extensions>
      </trkpt>
      <trkpt lat="22.737247036369798" lon="113.94615987995775">
        <ele>39.55046474840492</ele>
        <time>1970-01-01T00:16:00.200000Z</time>
        <extensions>
          <gpxtpx:TrackPointExtension>
            <gpxtpx:hr>176</gpxtpx:hr>
          </gpxtpx:TrackPointExtension>
        </extensions>
      </trkpt>
      <trkpt lat="22.73724380105796" lon="113.94618289612654">
        <ele>39.57845210656524</ele>
        <time>1970-01-01T00:16:01.200000Z</time>
        <extensions>
          <gpxtpx:TrackPointExtension>
            <gpxtpx:hr>176</gpxtpx:hr>
          </gpxtpx:TrackPointExtension>
        </extensions>
      </trkpt>
      <trkpt lat="22.737240460118386" lon="113.94620626858057">
        <ele>39.60541962180287</ele>
        <time>1970-01-01T00:16:02.200000Z</time>
        <extensions>
          <gpxtpx:TrackPointExtension>
            <gpxtpx:hr>176</gpxtpx:hr>
          </gpxtpx:TrackPointExtension>
        </extensions>
      </trkpt>
      <trkpt lat="22.73723740110313" lon="113.94623051095002">
        <ele>39.63202118780464</ele>
        <time>1970-01-01T00:16:03.200000Z</time>
        <extensions>
          <gpxtpx:TrackPointExtension>
            <gpxtpx:hr>176</gpxtpx:hr>
          </gpxtpx:TrackPointExtension>
        </extensions>
      </trkpt>
      <trkpt lat="22.737234803352344" lon="113.94625537857404">
        <ele>39.65890018828213</ele>
        <time>1970-01-01T00:16:04.200000Z</time>
        <extensions>
          <gpxtpx:TrackPointExtension>
            <gpxtpx:hr>176</gpxtpx:hr>
          </gpxtpx:TrackPointExtension>
        </extensions>
      </trkpt>
      <trkpt lat="22.7372324724517" lon="113.94628021582687">
        <ele>39.68707727082074</ele>
        <time>1970-01-01T00:16:05.200000Z</time>
        <extensions>
          <gpxtpx:TrackPointExtension>
            <gpxtpx:hr>175</gpxtpx:hr>
          </gpxtpx:TrackPointExtension>
        </extensions>
      </trkpt>
      <trkpt lat="22.737229657546358" lon="113.94630471198458">
        <ele>39.71801111847162</ele>
        <time>1970-01-01T00:16:06.200000Z</time>
        <extensions>
          <gpxtpx:TrackPointExtension>
            <gpxtpx:hr>175</gpxtpx:hr>
          </gpxtpx:TrackPointExtension>
        </extensions>
      </trkpt>
      <trkpt lat="22.737226110535286" lon="113.94632846510939">
        <ele>39.75292196404189</ele>
        <time>1970-01-01T00:16:07.200000Z</time>
        <extensions>
          <gpxtpx:TrackPointExtension>
            <gpxtpx:hr>175</gpxtpx:hr>
          </gpxtpx:TrackPointExtension>
        </extensions>
      </trkpt>
      <trkpt lat="22.73722167592374" lon="113.94635048953768">
        <ele>39.79241229593754</ele>
        <time>1970-01-01T00:16:08.200000Z</time>
        <extensions>
          <gpxtpx:TrackPointExtension>
            <gpxtpx:hr>175</gpxtpx:hr>
          </gpxtpx:TrackPointExtension>
        </extensions>
      </trkpt>
      <trkpt lat="22.737217184954165" lon="113.94636976217457">
        <ele>39.83596930280328</ele>
        <time>1970-01-01T00:16:09.200000Z</time>
        <extensions>
          <gpxtpx:TrackPointExtension>
            <gpxtpx:hr>175</gpxtpx:hr>
          </gpxtpx:TrackPointExtension>
        </extensions>
      </trkpt>
      <trkpt lat="22.737213625925914" lon="113.94638491454766">
        <ele>39.88196101784706</ele>
        <time>1970-01-01T00:16:10.200000Z</time>
        <extensions>
          <gpxtpx:TrackPointExtension>
            <gpxtpx:hr>175</gpxtpx:hr>
          </gpxtpx:TrackPointExtension>
        </extensions>
      </trkpt>
      <trkpt lat="22.73721213256523" lon="113.94639652755649">
        <ele>39.9279971877113</ele>
        <time>1970-01-01T00:16:11.200000Z</time>
        <extensions>
          <gpxtpx:TrackPointExtension>
            <gpxtpx:hr>175</gpxtpx:hr>
          </gpxtpx:TrackPointExtension>
        </extensions>
      </trkpt>
      <trkpt lat="22.73721245620527" lon="113.94640774994032">
        <ele>39.970961635932326</ele>
        <time>1970-01-01T00:16:12.200000Z</time>
        <extensions>
          <gpxtpx:TrackPointExtension>
            <gpxtpx:hr>172</gpxtpx:hr>
          </gpxtpx:TrackPointExtension>
        </extensions>
      </trkpt>
      <trkpt lat="22.73721328154304" lon="113.94642047921201">
        <ele>40.00789735931903</ele>
        <time>1970-01-01T00:16:13.200000Z</time>
        <extensions>
          <gpxtpx:TrackPointExtension>
            <gpxtpx:hr>172</gpxtpx:hr>
          </gpxtpx:TrackPointExtension>
        </extensions>
      </trkpt>
      <trkpt lat="22.737215033751845" lon="113.94643622737868">
        <ele>40.03696502838284</ele>
        <time>1970-01-01T00:16:14.200000Z</time>
        <extensions>
          <gpxtpx:TrackPointExtension>
            <gpxtpx:hr>172</gpxtpx:hr>
          </gpxtpx:TrackPointExtension>
        </extensions>
      </trkpt>
      <trkpt lat="22.737218341097712" lon="113.94645689855963">
        <ele>40.05760705191642</ele>
        <time>1970-01-01T00:16:15.200000Z</time>
        <extensions>
          <gpxtpx:TrackPointExtension>
            <gpxtpx:hr>172</gpxtpx:hr>
          </gpxtpx:TrackPointExtension>
        </extensions>
      </trkpt>
      <trkpt lat="22.73722301944142" lon="113.94648169746388">
        <ele>40.070210258476436</ele>
        <time>1970-01-01T00:16:16.200000Z</time>
        <extensions>
          <gpxtpx:TrackPointExtension>
            <gpxtpx:hr>172</gpxtpx:hr>
          </gpxtpx:TrackPointExtension>
        </extensions>
      </trkpt>
      <trkpt lat="22.7372283343804" lon="113.94650860660633">
        <ele>40.07563289813697</ele>
        <time>1970-01-01T00:16:17.200000Z</time>
        <extensions>
          <gpxtpx:TrackPointExtension>
            <gpxtpx:hr>172</gpxtpx:hr>
          </gpxtpx:TrackPointExtension>
        </extensions>
      </trkpt>
      <trkpt lat="22.73723287633388" lon="113.94653565434345">
        <ele>40.07513169012964</ele>
        <time>1970-01-01T00:16:18.200000Z</time>
        <extensions>
          <gpxtpx:TrackPointExtension>
            <gpxtpx:hr>172</gpxtpx:hr>
          </gpxtpx:TrackPointExtension>
        </extensions>
      </trkpt>
      <trkpt lat="22.737235831306986" lon="113.94656225417448">
        <ele>40.07001470960677</ele>
        <time>1970-01-01T00:16:19.200000Z</time>
        <extensions>
          <gpxtpx:TrackPointExtension>
            <gpxtpx:hr>171</gpxtpx:hr>
          </gpxtpx:TrackPointExtension>
        </extensions>
      </trkpt>
      <trkpt lat="22.73723792623597" lon="113.94658865922335">
        <ele>40.061478316783905</ele>
        <time>1970-01-01T00:16:20.200000Z</time>
        <extensions>
          <gpxtpx:TrackPointExtension>
            <gpxtpx:hr>171</gpxtpx:hr>
          </gpxtpx:TrackPointExtension>
        </extensions>
      </trkpt>
      <trkpt lat="22.737240726738072" lon="113.94661544748162">
        <ele>40.050657365471125</ele>
        <time>1970-01-01T00:16:21.200000Z</time>
        <extensions>
          <gpxtpx:TrackPointExtension>
            <gpxtpx:hr>171</gpxtpx:hr>
          </gpxtpx:TrackPointExtension>
        </extensions>
      </trkpt>
      <trkpt lat="22.737245023120234" lon="113.94664292028955">
        <ele>40.03897855523974</ele>
        <time>1970-01-01T00:16:22.200000Z</time>
        <extensions>
          <gpxtpx:TrackPointExtension>
            <gpxtpx:hr>171</gpxtpx:hr>
          </gpxtpx:TrackPointExtension>
        </extensions>
      </trkpt>
      <trkpt lat="22.73724962510459" lon="113.94667079221071">
        <ele>40.02746544778347</ele>
        <time>1970-01-01T00:16:23.200000Z</time>
        <extensions>
          <gpxtpx:TrackPointExtension>
            <gpxtpx:hr>171</gpxtpx:hr>
          </gpxtpx:TrackPointExtension>
        </extensions>
      </trkpt>
      <trkpt lat="22.73725429482756" lon="113.94669839885637">
        <ele>40.01653544232249</ele>
        <time>1970-01-01T00:16:24.200000Z</time>
        <extensions>
          <gpxtpx:TrackPointExtension>
            <gpxtpx:hr>171</gpxtpx:hr>
          </gpxtpx:TrackPointExtension>
        </extensions>
      </trkpt>
      <trkpt lat="22.737259601212358" lon="113.94672425814781">
        <ele>40.00649972539395</ele>
        <time>1970-01-01T00:16:25.200000Z</time>
        <extensions>
          <gpxtpx:TrackPointExtension>
            <gpxtpx:hr>171</gpxtpx:hr>
          </gpxtpx:TrackPointExtension>
        </extensions>
      </trkpt>
      <trkpt lat="22.737265413397758" lon="113.94674835112883">
        <ele>39.99743285961449</ele>
        <time>1970-01-01T00:16:26.200000Z</time>
        <extensions>
          <gpxtpx:TrackPointExtension>
            <gpxtpx:hr>173</gpxtpx:hr>
          </gpxtpx:TrackPointExtension>
        </extensions>
      </trkpt>
      <trkpt lat="22.73727120597909" lon="113.94677238919499">
        <ele>39.989741411060095</ele>
        <time>1970-01-01T00:16:27.200000Z</time>
        <extensions>
          <gpxtpx:TrackPointExtension>
            <gpxtpx:hr>173</gpxtpx:hr>
          </gpxtpx:TrackPointExtension>
        </extensions>
      </trkpt>
      <trkpt lat="22.73727540569899" lon="113.94679681534338">
        <ele>39.98440174292773</ele>
        <time>1970-01-01T00:16:28.200000Z</time>
        <extensions>
          <gpxtpx:TrackPointExtension>
            <gpxtpx:hr>173</gpxtpx:hr>
          </gpxtpx:TrackPointExtension>
        </extensions>
      </trkpt>
      <trkpt lat="22.737277482193814" lon="113.94682080375556">
        <ele>39.98300886712968</ele>
        <time>1970-01-01T00:16:29.200000Z</time>
        <extensions>
          <gpxtpx:TrackPointExtension>
            <gpxtpx:hr>173</gpxtpx:hr>
          </gpxtpx:TrackPointExtension>
        </extensions>
      </trkpt>
      <trkpt lat="22.73727755980988" lon="113.946842869313">
        <ele>39.98705270700157</ele>
        <time>1970-01-01T00:16:30.200000Z</time>
        <extensions>
          <gpxtpx:TrackPointExtension>
            <gpxtpx:hr>172</gpxtpx:hr>
          </gpxtpx:TrackPointExtension>
        </extensions>
      </trkpt>
      <trkpt lat="22.737276707769322" lon="113.94686267125103">
        <ele>39.99815868772566</ele>
        <time>1970-01-01T00:16:31.200000Z</time>
        <extensions>
          <gpxtpx:TrackPointExtension>
            <gpxtpx:hr>172</gpxtpx:hr>
          </gpxtpx:TrackPointExtension>
        </extensions>
      </trkpt>
      <trkpt lat="22.73727632360097" lon="113.9468813953907">
        <ele>40.017292277887464</ele>
        <time>1970-01-01T00:16:32.200000Z</time>
        <extensions>
          <gpxtpx:TrackPointExtension>
            <gpxtpx:hr>172</gpxtpx:hr>
          </gpxtpx:TrackPointExtension>
        </extensions>
      </trkpt>
      <trkpt lat="22.737276584322387" lon="113.94690051821334">
        <ele>40.044513125903904</ele>
        <time>1970-01-01T00:16:33.200000Z</time>
        <extensions>
          <gpxtpx:TrackPointExtension>
            <gpxtpx:hr>172</gpxtpx:hr>
          </gpxtpx:TrackPointExtension>
        </extensions>
      </trkpt>
      <trkpt lat="22.73727706518556" lon="113.94692123605986">
        <ele>40.07882616575807</ele>
        <time>1970-01-01T00:16:34.200000Z</time>
        <extensions>
          <gpxtpx:TrackPointExtension>
            <gpxtpx:hr>172</gpxtpx:hr>
          </gpxtpx:TrackPointExtension>
        </extensions>
      </trkpt>
      <trkpt lat="22.73727717006648" lon="113.94694384339647">
        <ele>40.118009026162326</ele>
        <time>1970-01-01T00:16:35.200000Z</time>
        <extensions>
          <gpxtpx:TrackPointExtension>
            <gpxtpx:hr>172</gpxtpx:hr>
          </gpxtpx:TrackPointExtension>
        </extensions>
      </trkpt>
      <trkpt lat="22.73727671785286" lon="113.94696719161671">
        <ele>40.15909123979509</ele>
        <time>1970-01-01T00:16:36.200000Z</time>
        <extensions>
          <gpxtpx:TrackPointExtension>
            <gpxtpx:hr>172</gpxtpx:hr>
          </gpxtpx:TrackPointExtension>
        </extensions>
      </trkpt>
      <trkpt lat="22.737275705017215" lon="113.94699047384928">
        <ele>40.198674296960235</ele>
        <time>1970-01-01T00:16:37.200000Z</time>
        <extensions>
          <gpxtpx:TrackPointExtension>
            <gpxtpx:hr>171</gpxtpx:hr>
          </gpxtpx:TrackPointExtension>
        </extensions>
      </trkpt>
      <trkpt lat="22.737273882827772" lon="113.9470137027409">
        <ele>40.23342884425074</ele>
        <time>1970-01-01T00:16:38.200000Z</time>
        <extensions>
          <gpxtpx:TrackPointExtension>
            <gpxtpx:hr>171</gpxtpx:hr>
          </gpxtpx:TrackPointExtension>
        </extensions>
      </trkpt>
      <trkpt lat="22.737271494970187" lon="113.9470368983641">
        <ele>40.260509841144085</ele>
        <time>1970-01-01T00:16:39.200000Z</time>
        <extensions>
          <gpxtpx:TrackPointExtension>
            <gpxtpx:hr>171</gpxtpx:hr>
          </gpxtpx:TrackPointExtension>
        </extensions>
      </trkpt>
      <trkpt lat="22.7372686322915" lon="113.94705986616081">
        <ele>40.27866555284709</ele>
        <time>1970-01-01T00:16:40.200000Z</time>
        <extensions>
          <gpxtpx:TrackPointExtension>
            <gpxtpx:hr>171</gpxtpx:hr>
          </gpxtpx:TrackPointExtension>
        </extensions>
      </trkpt>
      <trkpt lat="22.737265488788555" lon="113.94708269801495">
        <ele>40.287604566663504</ele>
        <time>1970-01-01T00:16:41.200000Z</time>
        <extensions>
          <gpxtpx:TrackPointExtension>
            <gpxtpx:hr>171</gpxtpx:hr>
          </gpxtpx:TrackPointExtension>
        </extensions>
      </trkpt>
      <trkpt lat="22.737262546079638" lon="113.94710577173171">
        <ele>40.28793618362397</ele>
        <time>1970-01-01T00:16:42.200000Z</time>
        <extensions>
          <gpxtpx:TrackPointExtension>
            <gpxtpx:hr>171</gpxtpx:hr>
          </gpxtpx:TrackPointExtension>
        </extensions>
      </trkpt>
      <trkpt lat="22.737260031669496" lon="113.94712947792635">
        <ele>40.28103092312813</ele>
        <time>1970-01-01T00:16:43.200000Z</time>
        <extensions>
          <gpxtpx:TrackPointExtension>
            <gpxtpx:hr>171</gpxtpx:hr>
          </gpxtpx:TrackPointExtension>
        </extensions>
      </trkpt>
      <trkpt lat="22.737258223285625" lon="113.94715398306307">
        <ele>40.26868422701955</ele>
        <time>1970-01-01T00:16:44.200000Z</time>
        <extensions>
          <gpxtpx:TrackPointExtension>
            <gpxtpx:hr>171</gpxtpx:hr>
          </gpxtpx:TrackPointExtension>
        </extensions>
      </trkpt>
      <trkpt lat="22.737256632550494" lon="113.94717848580311">
        <ele>40.25304281990975</ele>
        <time>1970-01-01T00:16:45.200000Z</time>
        <extensions>
          <gpxtpx:TrackPointExtension>
            <gpxtpx:hr>171</gpxtpx:hr>
          </gpxtpx:TrackPointExtension>
        </extensions>
      </trkpt>
      <trkpt lat="22.7372551196366" lon="113.94720232805749">
        <ele>40.23651127982885</ele>
        <time>1970-01-01T00:16:46.200000Z</time>
        <extensions>
          <gpxtpx:TrackPointExtension>
            <gpxtpx:hr>171</gpxtpx:hr>
          </gpxtpx:TrackPointExtension>
        </extensions>
      </trkpt>
      <trkpt lat="22.737254226761085" lon="113.94722549366325">
        <ele>40.22154274582863</ele>
        <time>1970-01-01T00:16:47.200000Z</time>
        <extensions>
          <gpxtpx:TrackPointExtension>
            <gpxtpx:hr>171</gpxtpx:hr>
          </gpxtpx:TrackPointExtension>
        </extensions>
      </trkpt>
      <trkpt lat="22.737253890249303" lon="113.94724856893791">
        <ele>40.21023578941822</ele>
        <time>1970-01-01T00:16:48.200000Z</time>
        <extensions>
          <gpxtpx:TrackPointExtension>
            <gpxtpx:hr>171</gpxtpx:hr>
          </gpxtpx:TrackPointExtension>
        </extensions>
      </trkpt>
      <trkpt lat="22.737253837007906" lon="113.94727195449964">
        <ele>40.20417580939829</ele>
        <time>1970-01-01T00:16:49.200000Z</time>
        <extensions>
          <gpxtpx:TrackPointExtension>
            <gpxtpx:hr>171</gpxtpx:hr>
          </gpxtpx:TrackPointExtension>
        </extensions>
      </trkpt>
      <trkpt lat="22.737253493082893" lon="113.94729554288433">
        <ele>40.203835278749466</ele>
        <time>1970-01-01T00:16:50.200000Z</time>
        <extensions>
          <gpxtpx:TrackPointExtension>
            <gpxtpx:hr>171</gpxtpx:hr>
          </gpxtpx:TrackPointExtension>
        </extensions>
      </trkpt>
      <trkpt lat="22.7372529217367" lon="113.94731928988546">
        <ele>40.20876134186983</ele>
        <time>1970-01-01T00:16:51.200000Z</time>
        <extensions>
          <gpxtpx:TrackPointExtension>
            <gpxtpx:hr>172</gpxtpx:hr>
          </gpxtpx:TrackPointExtension>
        </extensions>
      </trkpt>
      <trkpt lat="22.737252189185767" lon="113.94734330207356">
        <ele>40.21785411145538</ele>
        <time>1970-01-01T00:16:52.200000Z</time>
        <extensions>
          <gpxtpx:TrackPointExtension>
            <gpxtpx:hr>172</gpxtpx:hr>
          </gpxtpx:TrackPointExtension>
        </extensions>
      </trkpt>
      <trkpt lat="22.73725093873631" lon="113.94736799143423">
        <ele>40.2297885119915</ele>
        <time>1970-01-01T00:16:53.200000Z</time>
        <extensions>
          <gpxtpx:TrackPointExtension>
            <gpxtpx:hr>172</gpxtpx:hr>
          </gpxtpx:TrackPointExtension>
        </extensions>
      </trkpt>
      <trkpt lat="22.737248805847265" lon="113.94739338054802">
        <ele>40.24274179711938</ele>
        <time>1970-01-01T00:16:54.200000Z</time>
        <extensions>
          <gpxtpx:TrackPointExtension>
            <gpxtpx:hr>172</gpxtpx:hr>
          </gpxtpx:TrackPointExtension>
        </extensions>
      </trkpt>
      <trkpt lat="22.73724517118698" lon="113.94741878717602">
        <ele>40.25543737504631</ele>
        <time>1970-01-01T00:16:55.200000Z</time>
        <extensions>
          <gpxtpx:TrackPointExtension>
            <gpxtpx:hr>172</gpxtpx:hr>
          </gpxtpx:TrackPointExtension>
        </extensions>
      </trkpt>
      <trkpt lat="22.737240595713754" lon="113.94744393478672">
        <ele>40.26718517579138</ele>
        <time>1970-01-01T00:16:56.200000Z</time>
        <extensions>
          <gpxtpx:TrackPointExtension>
            <gpxtpx:hr>172</gpxtpx:hr>
          </gpxtpx:TrackPointExtension>
        </extensions>
      </trkpt>
      <trkpt lat="22.737236068715355" lon="113.94746826404418">
        <ele>40.27801211550832</ele>
        <time>1970-01-01T00:16:57.200000Z</time>
        <extensions>
          <gpxtpx:TrackPointExtension>
            <gpxtpx:hr>172</gpxtpx:hr>
          </gpxtpx:TrackPointExtension>
        </extensions>
      </trkpt>
      <trkpt lat="22.737231932064017" lon="113.94749156878454">
        <ele>40.288120463490486</ele>
        <time>1970-01-01T00:16:58.200000Z</time>
        <extensions>
          <gpxtpx:TrackPointExtension>
            <gpxtpx:hr>172</gpxtpx:hr>
          </gpxtpx:TrackPointExtension>
        </extensions>
      </trkpt>
      <trkpt lat="22.73722763805145" lon="113.94751399631488">
        <ele>40.29852670338005</ele>
        <time>1970-01-01T00:16:59.200000Z</time>
        <extensions>
          <gpxtpx:TrackPointExtension>
            <gpxtpx:hr>172</gpxtpx:hr>
          </gpxtpx:TrackPointExtension>
        </extensions>
      </trkpt>
      <trkpt lat="22.737222192660766" lon="113.9475361235367">
        <ele>40.31059485394508</ele>
        <time>1970-01-01T00:17:00.200000Z</time>
        <extensions>
          <gpxtpx:TrackPointExtension>
            <gpxtpx:hr>170</gpxtpx:hr>
          </gpxtpx:TrackPointExtension>
        </extensions>
      </trkpt>
      <trkpt lat="22.73721555019034" lon="113.9475590334812">
        <ele>40.325687570497394</ele>
        <time>1970-01-01T00:17:01.200000Z</time>
        <extensions>
          <gpxtpx:TrackPointExtension>
            <gpxtpx:hr>170</gpxtpx:hr>
          </gpxtpx:TrackPointExtension>
        </extensions>
      </trkpt>
      <trkpt lat="22.737208569429338" lon="113.94758241076215">
        <ele>40.344656181521714</ele>
        <time>1970-01-01T00:17:02.200000Z</time>
        <extensions>
          <gpxtpx:TrackPointExtension>
            <gpxtpx:hr>170</gpxtpx:hr>
          </gpxtpx:TrackPointExtension>
        </extensions>
      </trkpt>
      <trkpt lat="22.73720228191332" lon="113.94760569363913">
        <ele>40.36808424536139</ele>
        <time>1970-01-01T00:17:03.200000Z</time>
        <extensions>
          <gpxtpx:TrackPointExtension>
            <gpxtpx:hr>170</gpxtpx:hr>
          </gpxtpx:TrackPointExtension>
        </extensions>
      </trkpt>
      <trkpt lat="22.737197093282578" lon="113.9476289235771">
        <ele>40.395518572069705</ele>
        <time>1970-01-01T00:17:04.200000Z</time>
        <extensions>
          <gpxtpx:TrackPointExtension>
            <gpxtpx:hr>170</gpxtpx:hr>
          </gpxtpx:TrackPointExtension>
        </extensions>
      </trkpt>
      <trkpt lat="22.737192844169183" lon="113.94765250479634">
        <ele>40.42541624605656</ele>
        <time>1970-01-01T00:17:05.200000Z</time>
        <extensions>
          <gpxtpx:TrackPointExtension>
            <gpxtpx:hr>170</gpxtpx:hr>
          </gpxtpx:TrackPointExtension>
        </extensions>
      </trkpt>
      <trkpt lat="22.73718960619979" lon="113.9476762458858">
        <ele>40.45565349049866</ele>
        <time>1970-01-01T00:17:06.200000Z</time>
        <extensions>
          <gpxtpx:TrackPointExtension>
            <gpxtpx:hr>170</gpxtpx:hr>
          </gpxtpx:TrackPointExtension>
        </extensions>
      </trkpt>
      <trkpt lat="22.73718694969363" lon="113.94769944415887">
        <ele>40.4845143603161</ele>
        <time>1970-01-01T00:17:07.200000Z</time>
        <extensions>
          <gpxtpx:TrackPointExtension>
            <gpxtpx:hr>171</gpxtpx:hr>
          </gpxtpx:TrackPointExtension>
        </extensions>
      </trkpt>
      <trkpt lat="22.73718438750108" lon="113.94772217764785">
        <ele>40.51095111947507</ele>
        <time>1970-01-01T00:17:08.200000Z</time>
        <extensions>
          <gpxtpx:TrackPointExtension>
            <gpxtpx:hr>171</gpxtpx:hr>
          </gpxtpx:TrackPointExtension>
        </extensions>
      </trkpt>
      <trkpt lat="22.73718181534199" lon="113.94774433998994">
        <ele>40.53489129990339</ele>
        <time>1970-01-01T00:17:09.200000Z</time>
        <extensions>
          <gpxtpx:TrackPointExtension>
            <gpxtpx:hr>171</gpxtpx:hr>
          </gpxtpx:TrackPointExtension>
        </extensions>
      </trkpt>
      <trkpt lat="22.73717967319645" lon="113.94776627497538">
        <ele>40.557052607648075</ele>
        <time>1970-01-01T00:17:10.200000Z</time>
        <extensions>
          <gpxtpx:TrackPointExtension>
            <gpxtpx:hr>171</gpxtpx:hr>
          </gpxtpx:TrackPointExtension>
        </extensions>
      </trkpt>
      <trkpt lat="22.737179174489643" lon="113.94778843435007">
        <ele>40.578539207577705</ele>
        <time>1970-01-01T00:17:11.200000Z</time>
        <extensions>
          <gpxtpx:TrackPointExtension>
            <gpxtpx:hr>171</gpxtpx:hr>
          </gpxtpx:TrackPointExtension>
        </extensions>
      </trkpt>
      <trkpt lat="22.737180978638303" lon="113.94781101914849">
        <ele>40.600188850425184</ele>
        <time>1970-01-01T00:17:12.200000Z</time>
        <extensions>
          <gpxtpx:TrackPointExtension>
            <gpxtpx:hr>171</gpxtpx:hr>
          </gpxtpx:TrackPointExtension>
        </extensions>
      </trkpt>
      <trkpt lat="22.737184512945387" lon="113.94783411041539">
        <ele>40.622358665801585</ele>
        <time>1970-01-01T00:17:13.200000Z</time>
        <extensions>
          <gpxtpx:TrackPointExtension>
            <gpxtpx:hr>171</gpxtpx:hr>
          </gpxtpx:TrackPointExtension>
        </extensions>
      </trkpt>
      <trkpt lat="22.737187589240982" lon="113.94785700011275">
        <ele>40.64490780886263</ele>
        <time>1970-01-01T00:17:14.200000Z</time>
        <extensions>
          <gpxtpx:TrackPointExtension>
            <gpxtpx:hr>171</gpxtpx:hr>
          </gpxtpx:TrackPointExtension>
        </extensions>
      </trkpt>
      <trkpt lat="22.737188513641605" lon="113.94787982766996">
        <ele>40.66742438171059</ele>
        <time>1970-01-01T00:17:15.200000Z</time>
        <extensions>
          <gpxtpx:TrackPointExtension>
            <gpxtpx:hr>171</gpxtpx:hr>
          </gpxtpx:TrackPointExtension>
        </extensions>
      </trkpt>
      <trkpt lat="22.737187090875718" lon="113.94790269334956">
        <ele>40.68940472137183</ele>
        <time>1970-01-01T00:17:16.200000Z</time>
        <extensions>
          <gpxtpx:TrackPointExtension>
            <gpxtpx:hr>171</gpxtpx:hr>
          </gpxtpx:TrackPointExtension>
        </extensions>
      </trkpt>
      <trkpt lat="22.73718361408749" lon="113.94792479974653">
        <ele>40.71050288900733</ele>
        <time>1970-01-01T00:17:17.200000Z</time>
        <extensions>
          <gpxtpx:TrackPointExtension>
            <gpxtpx:hr>171</gpxtpx:hr>
          </gpxtpx:TrackPointExtension>
        </extensions>
      </trkpt>
      <trkpt lat="22.737178838750953" lon="113.94794660497917">
        <ele>40.73072685115039</ele>
        <time>1970-01-01T00:17:18.200000Z</time>
        <extensions>
          <gpxtpx:TrackPointExtension>
            <gpxtpx:hr>171</gpxtpx:hr>
          </gpxtpx:TrackPointExtension>
        </extensions>
      </trkpt>
      <trkpt lat="22.737173552882552" lon="113.94796913275182">
        <ele>40.750357237644494</ele>
        <time>1970-01-01T00:17:19.200000Z</time>
        <extensions>
          <gpxtpx:TrackPointExtension>
            <gpxtpx:hr>171</gpxtpx:hr>
          </gpxtpx:TrackPointExtension>
        </extensions>
      </trkpt>
      <trkpt lat="22.737168645563838" lon="113.94799267338013">
        <ele>40.7697945702821</ele>
        <time>1970-01-01T00:17:20.200000Z</time>
        <extensions>
          <gpxtpx:TrackPointExtension>
            <gpxtpx:hr>171</gpxtpx:hr>
          </gpxtpx:TrackPointExtension>
        </extensions>
      </trkpt>
      <trkpt lat="22.73716463356222" lon="113.94801702055655">
        <ele>40.78940237965435</ele>
        <time>1970-01-01T00:17:21.200000Z</time>
        <extensions>
          <gpxtpx:TrackPointExtension>
            <gpxtpx:hr>172</gpxtpx:hr>
          </gpxtpx:TrackPointExtension>
        </extensions>
      </trkpt>
      <trkpt lat="22.737161852574364" lon="113.9480422329829">
        <ele>40.80945970676839</ele>
        <time>1970-01-01T00:17:22.200000Z</time>
        <extensions>
          <gpxtpx:TrackPointExtension>
            <gpxtpx:hr>172</gpxtpx:hr>
          </gpxtpx:TrackPointExtension>
        </extensions>
      </trkpt>
      <trkpt lat="22.737160127211574" lon="113.94806817614305">
        <ele>40.830021725967526</ele>
        <time>1970-01-01T00:17:23.200000Z</time>
        <extensions>
          <gpxtpx:TrackPointExtension>
            <gpxtpx:hr>172</gpxtpx:hr>
          </gpxtpx:TrackPointExtension>
        </extensions>
      </trkpt>
      <trkpt lat="22.737158209716863" lon="113.94809393884834">
        <ele>40.85097451880574</ele>
        <time>1970-01-01T00:17:24.200000Z</time>
        <extensions>
          <gpxtpx:TrackPointExtension>
            <gpxtpx:hr>172</gpxtpx:hr>
          </gpxtpx:TrackPointExtension>
        </extensions>
      </trkpt>
      <trkpt lat="22.737155726352803" lon="113.94811941640293">
        <ele>40.872124744579196</ele>
        <time>1970-01-01T00:17:25.200000Z</time>
        <extensions>
          <gpxtpx:TrackPointExtension>
            <gpxtpx:hr>172</gpxtpx:hr>
          </gpxtpx:TrackPointExtension>
        </extensions>
      </trkpt>
      <trkpt lat="22.737153118594442" lon="113.94814448281637">
        <ele>40.89340278599411</ele>
        <time>1970-01-01T00:17:26.200000Z</time>
        <extensions>
          <gpxtpx:TrackPointExtension>
            <gpxtpx:hr>172</gpxtpx:hr>
          </gpxtpx:TrackPointExtension>
        </extensions>
      </trkpt>
      <trkpt lat="22.737150676549618" lon="113.94816901308415">
        <ele>40.914770004339516</ele>
        <time>1970-01-01T00:17:27.200000Z</time>
        <extensions>
          <gpxtpx:TrackPointExtension>
            <gpxtpx:hr>172</gpxtpx:hr>
          </gpxtpx:TrackPointExtension>
        </extensions>
      </trkpt>
      <trkpt lat="22.73714844131387" lon="113.94819329313374">
        <ele>40.93607909977436</ele>
        <time>1970-01-01T00:17:28.200000Z</time>
        <extensions>
          <gpxtpx:TrackPointExtension>
            <gpxtpx:hr>172</gpxtpx:hr>
          </gpxtpx:TrackPointExtension>
        </extensions>
      </trkpt>
      <trkpt lat="22.737145843116974" lon="113.94821828053632">
        <ele>40.95708267018199</ele>
        <time>1970-01-01T00:17:29.200000Z</time>
        <extensions>
          <gpxtpx:TrackPointExtension>
            <gpxtpx:hr>172</gpxtpx:hr>
          </gpxtpx:TrackPointExtension>
        </extensions>
      </trkpt>
      <trkpt lat="22.737142705390145" lon="113.94824401860484">
        <ele>40.9775908999145</ele>
        <time>1970-01-01T00:17:30.200000Z</time>
        <extensions>
          <gpxtpx:TrackPointExtension>
            <gpxtpx:hr>172</gpxtpx:hr>
          </gpxtpx:TrackPointExtension>
        </extensions>
      </trkpt>
      <trkpt lat="22.73714009358086" lon="113.94827017404585">
        <ele>40.99741069879383</ele>
        <time>1970-01-01T00:17:31.200000Z</time>
        <extensions>
          <gpxtpx:TrackPointExtension>
            <gpxtpx:hr>172</gpxtpx:hr>
          </gpxtpx:TrackPointExtension>
        </extensions>
      </trkpt>
      <trkpt lat="22.737138967296087" lon="113.94829601019116">
        <ele>41.01641116850078</ele>
        <time>1970-01-01T00:17:32.200000Z</time>
        <extensions>
          <gpxtpx:TrackPointExtension>
            <gpxtpx:hr>172</gpxtpx:hr>
          </gpxtpx:TrackPointExtension>
        </extensions>
      </trkpt>
      <trkpt lat="22.737138751779906" lon="113.9483203320591">
        <ele>41.03454624302685</ele>
        <time>1970-01-01T00:17:33.200000Z</time>
        <extensions>
          <gpxtpx:TrackPointExtension>
            <gpxtpx:hr>172</gpxtpx:hr>
          </gpxtpx:TrackPointExtension>
        </extensions>
      </trkpt>
      <trkpt lat="22.7371388838495" lon="113.94834371605042">
        <ele>41.05181370675564</ele>
        <time>1970-01-01T00:17:34.200000Z</time>
        <extensions>
          <gpxtpx:TrackPointExtension>
            <gpxtpx:hr>172</gpxtpx:hr>
          </gpxtpx:TrackPointExtension>
        </extensions>
      </trkpt>
      <trkpt lat="22.73713903330992" lon="113.94836656706495">
        <ele>41.067865677177906</ele>
        <time>1970-01-01T00:17:35.200000Z</time>
        <extensions>
          <gpxtpx:TrackPointExtension>
            <gpxtpx:hr>172</gpxtpx:hr>
          </gpxtpx:TrackPointExtension>
        </extensions>
      </trkpt>
      <trkpt lat="22.737138644654415" lon="113.9483892718296">
        <ele>41.082759789191186</ele>
        <time>1970-01-01T00:17:36.200000Z</time>
        <extensions>
          <gpxtpx:TrackPointExtension>
            <gpxtpx:hr>172</gpxtpx:hr>
          </gpxtpx:TrackPointExtension>
        </extensions>
      </trkpt>
      <trkpt lat="22.737136946814136" lon="113.94841219464173">
        <ele>41.096590421162546</ele>
        <time>1970-01-01T00:17:37.200000Z</time>
        <extensions>
          <gpxtpx:TrackPointExtension>
            <gpxtpx:hr>169</gpxtpx:hr>
          </gpxtpx:TrackPointExtension>
        </extensions>
      </trkpt>
      <trkpt lat="22.737132209323164" lon="113.94843408172615">
        <ele>41.109704507514834</ele>
        <time>1970-01-01T00:17:38.200000Z</time>
        <extensions>
          <gpxtpx:TrackPointExtension>
            <gpxtpx:hr>169</gpxtpx:hr>
          </gpxtpx:TrackPointExtension>
        </extensions>
      </trkpt>
      <trkpt lat="22.73712405260887" lon="113.94845437429592">
        <ele>41.12297153566033</ele>
        <time>1970-01-01T00:17:39.200000Z</time>
        <extensions>
          <gpxtpx:TrackPointExtension>
            <gpxtpx:hr>169</gpxtpx:hr>
          </gpxtpx:TrackPointExtension>
        </extensions>
      </trkpt>
      <trkpt lat="22.737114414754807" lon="113.94847397561766">
        <ele>41.137978098355234</ele>
        <time>1970-01-01T00:17:40.200000Z</time>
        <extensions>
          <gpxtpx:TrackPointExtension>
            <gpxtpx:hr>169</gpxtpx:hr>
          </gpxtpx:TrackPointExtension>
        </extensions>
      </trkpt>
      <trkpt lat="22.73710561026497" lon="113.94849386936428">
        <ele>41.15586047805846</ele>
        <time>1970-01-01T00:17:41.200000Z</time>
        <extensions>
          <gpxtpx:TrackPointExtension>
            <gpxtpx:hr>169</gpxtpx:hr>
          </gpxtpx:TrackPointExtension>
        </extensions>
      </trkpt>
      <trkpt lat="22.7370994549991" lon="113.94851374331299">
        <ele>41.177773349918425</ele>
        <time>1970-01-01T00:17:42.200000Z</time>
        <extensions>
          <gpxtpx:TrackPointExtension>
            <gpxtpx:hr>169</gpxtpx:hr>
          </gpxtpx:TrackPointExtension>
        </extensions>
      </trkpt>
      <trkpt lat="22.73709669199599" lon="113.94853368456546">
        <ele>41.20480806939304</ele>
        <time>1970-01-01T00:17:43.200000Z</time>
        <extensions>
          <gpxtpx:TrackPointExtension>
            <gpxtpx:hr>169</gpxtpx:hr>
          </gpxtpx:TrackPointExtension>
        </extensions>
      </trkpt>
      <trkpt lat="22.73709694016575" lon="113.94855384728271">
        <ele>41.23705090675503</ele>
        <time>1970-01-01T00:17:44.200000Z</time>
        <extensions>
          <gpxtpx:TrackPointExtension>
            <gpxtpx:hr>169</gpxtpx:hr>
          </gpxtpx:TrackPointExtension>
        </extensions>
      </trkpt>
      <trkpt lat="22.737098444335427" lon="113.94857385804112">
        <ele>41.27360310498625</ele>
        <time>1970-01-01T00:17:45.200000Z</time>
        <extensions>
          <gpxtpx:TrackPointExtension>
            <gpxtpx:hr>169</gpxtpx:hr>
          </gpxtpx:TrackPointExtension>
        </extensions>
      </trkpt>
      <trkpt lat="22.737099567718747" lon="113.94859387385245">
        <ele>41.31268608570099</ele>
        <time>1970-01-01T00:17:46.200000Z</time>
        <extensions>
          <gpxtpx:TrackPointExtension>
            <gpxtpx:hr>169</gpxtpx:hr>
          </gpxtpx:TrackPointExtension>
        </extensions>
      </trkpt>
      <trkpt lat="22.73709993261685" lon="113.94861354086993">
        <ele>41.35155194066465</ele>
        <time>1970-01-01T00:17:47.200000Z</time>
        <extensions>
          <gpxtpx:TrackPointExtension>
            <gpxtpx:hr>172</gpxtpx:hr>
          </gpxtpx:TrackPointExtension>
        </extensions>
      </trkpt>
      <trkpt lat="22.73709968752692" lon="113.94863223767861">
        <ele>41.386558833532035</ele>
        <time>1970-01-01T00:17:48.200000Z</time>
        <extensions>
          <gpxtpx:TrackPointExtension>
            <gpxtpx:hr>172</gpxtpx:hr>
          </gpxtpx:TrackPointExtension>
        </extensions>
      </trkpt>
      <trkpt lat="22.73709929285" lon="113.9486504979266">
        <ele>41.41462333314121</ele>
        <time>1970-01-01T00:17:49.200000Z</time>
        <extensions>
          <gpxtpx:TrackPointExtension>
            <gpxtpx:hr>172</gpxtpx:hr>
          </gpxtpx:TrackPointExtension>
        </extensions>
      </trkpt>
      <trkpt lat="22.73709870371863" lon="113.94866968022409">
        <ele>41.43335475213826</ele>
        <time>1970-01-01T00:17:50.200000Z</time>
        <extensions>
          <gpxtpx:TrackPointExtension>
            <gpxtpx:hr>172</gpxtpx:hr>
          </gpxtpx:TrackPointExtension>
        </extensions>
      </trkpt>
      <trkpt lat="22.737097795449678" lon="113.9486908221824">
        <ele>41.4419435383752</ele>
        <time>1970-01-01T00:17:51.200000Z</time>
        <extensions>
          <gpxtpx:TrackPointExtension>
            <gpxtpx:hr>172</gpxtpx:hr>
          </gpxtpx:TrackPointExtension>
        </extensions>
      </trkpt>
      <trkpt lat="22.737096598570478" lon="113.94871354806979">
        <ele>41.4413680145517</ele>
        <time>1970-01-01T00:17:52.200000Z</time>
        <extensions>
          <gpxtpx:TrackPointExtension>
            <gpxtpx:hr>172</gpxtpx:hr>
          </gpxtpx:TrackPointExtension>
        </extensions>
      </trkpt>
      <trkpt lat="22.737095369409595" lon="113.94873741369604">
        <ele>41.434310878627</ele>
        <time>1970-01-01T00:17:53.200000Z</time>
        <extensions>
          <gpxtpx:TrackPointExtension>
            <gpxtpx:hr>172</gpxtpx:hr>
          </gpxtpx:TrackPointExtension>
        </extensions>
      </trkpt>
      <trkpt lat="22.7370944432912" lon="113.94876219722937">
        <ele>41.42439667508006</ele>
        <time>1970-01-01T00:17:54.200000Z</time>
        <extensions>
          <gpxtpx:TrackPointExtension>
            <gpxtpx:hr>173</gpxtpx:hr>
          </gpxtpx:TrackPointExtension>
        </extensions>
      </trkpt>
      <trkpt lat="22.737094238585897" lon="113.94878745268724">
        <ele>41.41568220220506</ele>
        <time>1970-01-01T00:17:55.200000Z</time>
        <extensions>
          <gpxtpx:TrackPointExtension>
            <gpxtpx:hr>173</gpxtpx:hr>
          </gpxtpx:TrackPointExtension>
        </extensions>
      </trkpt>
      <trkpt lat="22.737095600680057" lon="113.94881231638927">
        <ele>41.41171815339476</ele>
        <time>1970-01-01T00:17:56.200000Z</time>
        <extensions>
          <gpxtpx:TrackPointExtension>
            <gpxtpx:hr>173</gpxtpx:hr>
          </gpxtpx:TrackPointExtension>
        </extensions>
      </trkpt>
      <trkpt lat="22.737099763461313" lon="113.94883595575891">
        <ele>41.41497150156647</ele>
        <time>1970-01-01T00:17:57.200000Z</time>
        <extensions>
          <gpxtpx:TrackPointExtension>
            <gpxtpx:hr>173</gpxtpx:hr>
          </gpxtpx:TrackPointExtension>
        </extensions>
      </trkpt>
      <trkpt lat="22.737107855583194" lon="113.94885818147867">
        <ele>41.42643358185887</ele>
        <time>1970-01-01T00:17:58.200000Z</time>
        <extensions>
          <gpxtpx:TrackPointExtension>
            <gpxtpx:hr>173</gpxtpx:hr>
          </gpxtpx:TrackPointExtension>
        </extensions>
      </trkpt>
      <trkpt lat="22.737119896528693" lon="113.94887888133957">
        <ele>41.44582740124315</ele>
        <time>1970-01-01T00:17:59.200000Z</time>
        <extensions>
          <gpxtpx:TrackPointExtension>
            <gpxtpx:hr>172</gpxtpx:hr>
          </gpxtpx:TrackPointExtension>
        </extensions>
      </trkpt>
      <trkpt lat="22.737134143084248" lon="113.94889806746762">
        <ele>41.471875382587314</ele>
        <time>1970-01-01T00:18:00.200000Z</time>
        <extensions>
          <gpxtpx:TrackPointExtension>
            <gpxtpx:hr>172</gpxtpx:hr>
          </gpxtpx:TrackPointExtension>
        </extensions>
      </trkpt>
      <trkpt lat="22.73714820148474" lon="113.94891619066371">
        <ele>41.50270337611437</ele>
        <time>1970-01-01T00:18:01.200000Z</time>
        <extensions>
          <gpxtpx:TrackPointExtension>
            <gpxtpx:hr>172</gpxtpx:hr>
          </gpxtpx:TrackPointExtension>
        </extensions>
      </trkpt>
      <trkpt lat="22.737160700950206" lon="113.9489342081439">
        <ele>41.53610327467322</ele>
        <time>1970-01-01T00:18:02.200000Z</time>
        <extensions>
          <gpxtpx:TrackPointExtension>
            <gpxtpx:hr>171</gpxtpx:hr>
          </gpxtpx:TrackPointExtension>
        </extensions>
      </trkpt>
      <trkpt lat="22.737171829489608" lon="113.94895307897066">
        <ele>41.57030949834734</ele>
        <time>1970-01-01T00:18:03.200000Z</time>
        <extensions>
          <gpxtpx:TrackPointExtension>
            <gpxtpx:hr>171</gpxtpx:hr>
          </gpxtpx:TrackPointExtension>
        </extensions>
      </trkpt>
      <trkpt lat="22.737182006559884" lon="113.94897172103158">
        <ele>41.60378087218851</ele>
        <time>1970-01-01T00:18:04.200000Z</time>
        <extensions>
          <gpxtpx:TrackPointExtension>
            <gpxtpx:hr>171</gpxtpx:hr>
          </gpxtpx:TrackPointExtension>
        </extensions>
      </trkpt>
      <trkpt lat="22.7371919587123" lon="113.94898928917999">
        <ele>41.63537888880819</ele>
        <time>1970-01-01T00:18:05.200000Z</time>
        <extensions>
          <gpxtpx:TrackPointExtension>
            <gpxtpx:hr>170</gpxtpx:hr>
          </gpxtpx:TrackPointExtension>
        </extensions>
      </trkpt>
      <trkpt lat="22.737201878036924" lon="113.94900622015945">
        <ele>41.66431748773903</ele>
        <time>1970-01-01T00:18:06.200000Z</time>
        <extensions>
          <gpxtpx:TrackPointExtension>
            <gpxtpx:hr>170</gpxtpx:hr>
          </gpxtpx:TrackPointExtension>
        </extensions>
      </trkpt>
      <trkpt lat="22.73721063569455" lon="113.9490230256222">
        <ele>41.69019509945065</ele>
        <time>1970-01-01T00:18:07.200000Z</time>
        <extensions>
          <gpxtpx:TrackPointExtension>
            <gpxtpx:hr>170</gpxtpx:hr>
          </gpxtpx:TrackPointExtension>
        </extensions>
      </trkpt>
      <trkpt lat="22.73721708093709" lon="113.9490406934751">
        <ele>41.71237464994192</ele>
        <time>1970-01-01T00:18:08.200000Z</time>
        <extensions>
          <gpxtpx:TrackPointExtension>
            <gpxtpx:hr>170</gpxtpx:hr>
          </gpxtpx:TrackPointExtension>
        </extensions>
      </trkpt>
      <trkpt lat="22.737219757144924" lon="113.94905994453373">
        <ele>41.73036182578653</ele>
        <time>1970-01-01T00:18:09.200000Z</time>
        <extensions>
          <gpxtpx:TrackPointExtension>
            <gpxtpx:hr>170</gpxtpx:hr>
          </gpxtpx:TrackPointExtension>
        </extensions>
      </trkpt>
      <trkpt lat="22.737219295722326" lon="113.94908078509657">
        <ele>41.74381465744227</ele>
        <time>1970-01-01T00:18:10.200000Z</time>
        <extensions>
          <gpxtpx:TrackPointExtension>
            <gpxtpx:hr>170</gpxtpx:hr>
          </gpxtpx:TrackPointExtension>
        </extensions>
      </trkpt>
      <trkpt lat="22.737217770887472" lon="113.94910216861001">
        <ele>41.75275334902108</ele>
        <time>1970-01-01T00:18:11.200000Z</time>
        <extensions>
          <gpxtpx:TrackPointExtension>
            <gpxtpx:hr>174</gpxtpx:hr>
          </gpxtpx:TrackPointExtension>
        </extensions>
      </trkpt>
      <trkpt lat="22.737216526561834" lon="113.9491238535757">
        <ele>41.75781020335853</ele>
        <time>1970-01-01T00:18:12.200000Z</time>
        <extensions>
          <gpxtpx:TrackPointExtension>
            <gpxtpx:hr>174</gpxtpx:hr>
          </gpxtpx:TrackPointExtension>
        </extensions>
      </trkpt>
      <trkpt lat="22.737215902091418" lon="113.94914609509767">
        <ele>41.76026051491499</ele>
        <time>1970-01-01T00:18:13.200000Z</time>
        <extensions>
          <gpxtpx:TrackPointExtension>
            <gpxtpx:hr>174</gpxtpx:hr>
          </gpxtpx:TrackPointExtension>
        </extensions>
      </trkpt>
      <trkpt lat="22.7372152448703" lon="113.9491686866106">
        <ele>41.76202832907438</ele>
        <time>1970-01-01T00:18:14.200000Z</time>
        <extensions>
          <gpxtpx:TrackPointExtension>
            <gpxtpx:hr>174</gpxtpx:hr>
          </gpxtpx:TrackPointExtension>
        </extensions>
      </trkpt>
      <trkpt lat="22.737214516486898" lon="113.94919151623036">
        <ele>41.7653675051406</ele>
        <time>1970-01-01T00:18:15.200000Z</time>
        <extensions>
          <gpxtpx:TrackPointExtension>
            <gpxtpx:hr>174</gpxtpx:hr>
          </gpxtpx:TrackPointExtension>
        </extensions>
      </trkpt>
      <trkpt lat="22.737214130739765" lon="113.94921376447927">
        <ele>41.77238912973553</ele>
        <time>1970-01-01T00:18:16.200000Z</time>
        <extensions>
          <gpxtpx:TrackPointExtension>
            <gpxtpx:hr>172</gpxtpx:hr>
          </gpxtpx:TrackPointExtension>
        </extensions>
      </trkpt>
      <trkpt lat="22.73721474960609" lon="113.94923623643744">
        <ele>41.78468078374863</ele>
        <time>1970-01-01T00:18:17.200000Z</time>
        <extensions>
          <gpxtpx:TrackPointExtension>
            <gpxtpx:hr>172</gpxtpx:hr>
          </gpxtpx:TrackPointExtension>
        </extensions>
      </trkpt>
      <trkpt lat="22.737216174329994" lon="113.94925915084356">
        <ele>41.80322903394699</ele>
        <time>1970-01-01T00:18:18.200000Z</time>
        <extensions>
          <gpxtpx:TrackPointExtension>
            <gpxtpx:hr>172</gpxtpx:hr>
          </gpxtpx:TrackPointExtension>
        </extensions>
      </trkpt>
      <trkpt lat="22.737217599651082" lon="113.94928193728491">
        <ele>41.82814369164407</ele>
        <time>1970-01-01T00:18:19.200000Z</time>
        <extensions>
          <gpxtpx:TrackPointExtension>
            <gpxtpx:hr>172</gpxtpx:hr>
          </gpxtpx:TrackPointExtension>
        </extensions>
      </trkpt>
      <trkpt lat="22.73721875097327" lon="113.949304691692">
        <ele>41.858757932670414</ele>
        <time>1970-01-01T00:18:20.200000Z</time>
        <extensions>
          <gpxtpx:TrackPointExtension>
            <gpxtpx:hr>172</gpxtpx:hr>
          </gpxtpx:TrackPointExtension>
        </extensions>
      </trkpt>
      <trkpt lat="22.737219541090184" lon="113.94932696216293">
        <ele>41.89406847022474</ele>
        <time>1970-01-01T00:18:21.200000Z</time>
        <extensions>
          <gpxtpx:TrackPointExtension>
            <gpxtpx:hr>172</gpxtpx:hr>
          </gpxtpx:TrackPointExtension>
        </extensions>
      </trkpt>
      <trkpt lat="22.737220594975632" lon="113.94934838586542">
        <ele>41.932839864864945</ele>
        <time>1970-01-01T00:18:22.200000Z</time>
        <extensions>
          <gpxtpx:TrackPointExtension>
            <gpxtpx:hr>169</gpxtpx:hr>
          </gpxtpx:TrackPointExtension>
        </extensions>
      </trkpt>
      <trkpt lat="22.73722162816742" lon="113.94936864981159">
        <ele>41.97368242684752</ele>
        <time>1970-01-01T00:18:23.200000Z</time>
        <extensions>
          <gpxtpx:TrackPointExtension>
            <gpxtpx:hr>169</gpxtpx:hr>
          </gpxtpx:TrackPointExtension>
        </extensions>
      </trkpt>
      <trkpt lat="22.73722168131213" lon="113.94938810753429">
        <ele>42.01521655637771</ele>
        <time>1970-01-01T00:18:24.200000Z</time>
        <extensions>
          <gpxtpx:TrackPointExtension>
            <gpxtpx:hr>169</gpxtpx:hr>
          </gpxtpx:TrackPointExtension>
        </extensions>
      </trkpt>
      <trkpt lat="22.737220694265616" lon="113.94940731186773">
        <ele>42.05626461375505</ele>
        <time>1970-01-01T00:18:25.200000Z</time>
        <extensions>
          <gpxtpx:TrackPointExtension>
            <gpxtpx:hr>169</gpxtpx:hr>
          </gpxtpx:TrackPointExtension>
        </extensions>
      </trkpt>
      <trkpt lat="22.737219259978332" lon="113.94942667783057">
        <ele>42.09576736949384</ele>
        <time>1970-01-01T00:18:26.200000Z</time>
        <extensions>
          <gpxtpx:TrackPointExtension>
            <gpxtpx:hr>169</gpxtpx:hr>
          </gpxtpx:TrackPointExtension>
        </extensions>
      </trkpt>
      <trkpt lat="22.73721777763988" lon="113.94944673013407">
        <ele>42.13296318799257</ele>
        <time>1970-01-01T00:18:27.200000Z</time>
        <extensions>
          <gpxtpx:TrackPointExtension>
            <gpxtpx:hr>169</gpxtpx:hr>
          </gpxtpx:TrackPointExtension>
        </extensions>
      </trkpt>
      <trkpt lat="22.73721659862305" lon="113.94946785977685">
        <ele>42.1674625184387</ele>
        <time>1970-01-01T00:18:28.200000Z</time>
        <extensions>
          <gpxtpx:TrackPointExtension>
            <gpxtpx:hr>172</gpxtpx:hr>
          </gpxtpx:TrackPointExtension>
        </extensions>
      </trkpt>
      <trkpt lat="22.73721628270929" lon="113.94949043673624">
        <ele>42.19942800141871</ele>
        <time>1970-01-01T00:18:29.200000Z</time>
        <extensions>
          <gpxtpx:TrackPointExtension>
            <gpxtpx:hr>172</gpxtpx:hr>
          </gpxtpx:TrackPointExtension>
        </extensions>
      </trkpt>
      <trkpt lat="22.737216493982014" lon="113.94951384127457">
        <ele>42.22974706441164</ele>
        <time>1970-01-01T00:18:30.200000Z</time>
        <extensions>
          <gpxtpx:TrackPointExtension>
            <gpxtpx:hr>172</gpxtpx:hr>
          </gpxtpx:TrackPointExtension>
        </extensions>
      </trkpt>
      <trkpt lat="22.737217041238054" lon="113.94953679363351">
        <ele>42.25949454959482</ele>
        <time>1970-01-01T00:18:31.200000Z</time>
        <extensions>
          <gpxtpx:TrackPointExtension>
            <gpxtpx:hr>172</gpxtpx:hr>
          </gpxtpx:TrackPointExtension>
        </extensions>
      </trkpt>
      <trkpt lat="22.73721756686" lon="113.94955938836598">
        <ele>42.29025275632739</ele>
        <time>1970-01-01T00:18:32.200000Z</time>
        <extensions>
          <gpxtpx:TrackPointExtension>
            <gpxtpx:hr>172</gpxtpx:hr>
          </gpxtpx:TrackPointExtension>
        </extensions>
      </trkpt>
      <trkpt lat="22.737217252907715" lon="113.94958187404647">
        <ele>42.323749953880906</ele>
        <time>1970-01-01T00:18:33.200000Z</time>
        <extensions>
          <gpxtpx:TrackPointExtension>
            <gpxtpx:hr>174</gpxtpx:hr>
          </gpxtpx:TrackPointExtension>
        </extensions>
      </trkpt>
      <trkpt lat="22.737215762725953" lon="113.9496041957317">
        <ele>42.36157193686813</ele>
        <time>1970-01-01T00:18:34.200000Z</time>
        <extensions>
          <gpxtpx:TrackPointExtension>
            <gpxtpx:hr>174</gpxtpx:hr>
          </gpxtpx:TrackPointExtension>
        </extensions>
      </trkpt>
      <trkpt lat="22.737214101805026" lon="113.94962679997155">
        <ele>42.40447783935815</ele>
        <time>1970-01-01T00:18:35.200000Z</time>
        <extensions>
          <gpxtpx:TrackPointExtension>
            <gpxtpx:hr>174</gpxtpx:hr>
          </gpxtpx:TrackPointExtension>
        </extensions>
      </trkpt>
      <trkpt lat="22.737212758136558" lon="113.94965013686796">
        <ele>42.4533966332674</ele>
        <time>1970-01-01T00:18:36.200000Z</time>
        <extensions>
          <gpxtpx:TrackPointExtension>
            <gpxtpx:hr>175</gpxtpx:hr>
          </gpxtpx:TrackPointExtension>
        </extensions>
      </trkpt>
      <trkpt lat="22.737211316745956" lon="113.94967375278121">
        <ele>42.508337141014636</ele>
        <time>1970-01-01T00:18:37.200000Z</time>
        <extensions>
          <gpxtpx:TrackPointExtension>
            <gpxtpx:hr>175</gpxtpx:hr>
          </gpxtpx:TrackPointExtension>
        </extensions>
      </trkpt>
      <trkpt lat="22.737209616708455" lon="113.94969722738314">
        <ele>42.56852086447179</ele>
        <time>1970-01-01T00:18:38.200000Z</time>
        <extensions>
          <gpxtpx:TrackPointExtension>
            <gpxtpx:hr>175</gpxtpx:hr>
          </gpxtpx:TrackPointExtension>
        </extensions>
      </trkpt>
      <trkpt lat="22.737207514743403" lon="113.94972066742083">
        <ele>42.63249820750207</ele>
        <time>1970-01-01T00:18:39.200000Z</time>
        <extensions>
          <gpxtpx:TrackPointExtension>
            <gpxtpx:hr>175</gpxtpx:hr>
          </gpxtpx:TrackPointExtension>
        </extensions>
      </trkpt>
      <trkpt lat="22.73720450061341" lon="113.94974413064033">
        <ele>42.698259114287794</ele>
        <time>1970-01-01T00:18:40.200000Z</time>
        <extensions>
          <gpxtpx:TrackPointExtension>
            <gpxtpx:hr>173</gpxtpx:hr>
          </gpxtpx:TrackPointExtension>
        </extensions>
      </trkpt>
      <trkpt lat="22.737200772520517" lon="113.94976751255493">
        <ele>42.76270785462111</ele>
        <time>1970-01-01T00:18:41.200000Z</time>
        <extensions>
          <gpxtpx:TrackPointExtension>
            <gpxtpx:hr>173</gpxtpx:hr>
          </gpxtpx:TrackPointExtension>
        </extensions>
      </trkpt>
      <trkpt lat="22.737196274002706" lon="113.94979040792418">
        <ele>42.82228898163885</ele>
        <time>1970-01-01T00:18:42.200000Z</time>
        <extensions>
          <gpxtpx:TrackPointExtension>
            <gpxtpx:hr>173</gpxtpx:hr>
          </gpxtpx:TrackPointExtension>
        </extensions>
      </trkpt>
      <trkpt lat="22.737190910959498" lon="113.94981304576385">
        <ele>42.87354250717908</ele>
        <time>1970-01-01T00:18:43.200000Z</time>
        <extensions>
          <gpxtpx:TrackPointExtension>
            <gpxtpx:hr>173</gpxtpx:hr>
          </gpxtpx:TrackPointExtension>
        </extensions>
      </trkpt>
      <trkpt lat="22.737184819182602" lon="113.94983567984096">
        <ele>42.91351963579655</ele>
        <time>1970-01-01T00:18:44.200000Z</time>
        <extensions>
          <gpxtpx:TrackPointExtension>
            <gpxtpx:hr>173</gpxtpx:hr>
          </gpxtpx:TrackPointExtension>
        </extensions>
      </trkpt>
      <trkpt lat="22.737178382806196" lon="113.94985830864024">
        <ele>42.94084613677114</ele>
        <time>1970-01-01T00:18:45.200000Z</time>
        <extensions>
          <gpxtpx:TrackPointExtension>
            <gpxtpx:hr>173</gpxtpx:hr>
          </gpxtpx:TrackPointExtension>
        </extensions>
      </trkpt>
      <trkpt lat="22.737171734393915" lon="113.94988014045926">
        <ele>42.95599211379886</ele>
        <time>1970-01-01T00:18:46.200000Z</time>
        <extensions>
          <gpxtpx:TrackPointExtension>
            <gpxtpx:hr>172</gpxtpx:hr>
          </gpxtpx:TrackPointExtension>
        </extensions>
      </trkpt>
      <trkpt lat="22.7371653866132" lon="113.94990120499956">
        <ele>42.96134436689317</ele>
        <time>1970-01-01T00:18:47.200000Z</time>
        <extensions>
          <gpxtpx:TrackPointExtension>
            <gpxtpx:hr>172</gpxtpx:hr>
          </gpxtpx:TrackPointExtension>
        </extensions>
      </trkpt>
      <trkpt lat="22.737160149037106" lon="113.9499223583996">
        <ele>42.96063672564924</ele>
        <time>1970-01-01T00:18:48.200000Z</time>
        <extensions>
          <gpxtpx:TrackPointExtension>
            <gpxtpx:hr>172</gpxtpx:hr>
          </gpxtpx:TrackPointExtension>
        </extensions>
      </trkpt>
      <trkpt lat="22.737155637098912" lon="113.94994330196349">
        <ele>42.958190934732556</ele>
        <time>1970-01-01T00:18:49.200000Z</time>
        <extensions>
          <gpxtpx:TrackPointExtension>
            <gpxtpx:hr>172</gpxtpx:hr>
          </gpxtpx:TrackPointExtension>
        </extensions>
      </trkpt>
      <trkpt lat="22.73715228741642" lon="113.94996460938238">
        <ele>42.95777285005897</ele>
        <time>1970-01-01T00:18:50.200000Z</time>
        <extensions>
          <gpxtpx:TrackPointExtension>
            <gpxtpx:hr>172</gpxtpx:hr>
          </gpxtpx:TrackPointExtension>
        </extensions>
      </trkpt>
      <trkpt lat="22.73715003520955" lon="113.94998601950945">
        <ele>42.96210684068501</ele>
        <time>1970-01-01T00:18:51.200000Z</time>
        <extensions>
          <gpxtpx:TrackPointExtension>
            <gpxtpx:hr>172</gpxtpx:hr>
          </gpxtpx:TrackPointExtension>
        </extensions>
      </trkpt>
      <trkpt lat="22.737148495910027" lon="113.950006939721">
        <ele>42.972550249658525</ele>
        <time>1970-01-01T00:18:52.200000Z</time>
        <extensions>
          <gpxtpx:TrackPointExtension>
            <gpxtpx:hr>168</gpxtpx:hr>
          </gpxtpx:TrackPointExtension>
        </extensions>
      </trkpt>
      <trkpt lat="22.737147379434816" lon="113.95002766891122">
        <ele>42.98922753799707</ele>
        <time>1970-01-01T00:18:53.200000Z</time>
        <extensions>
          <gpxtpx:TrackPointExtension>
            <gpxtpx:hr>168</gpxtpx:hr>
          </gpxtpx:TrackPointExtension>
        </extensions>
      </trkpt>
      <trkpt lat="22.737146874659686" lon="113.95004847095295">
        <ele>43.011398318223655</ele>
        <time>1970-01-01T00:18:54.200000Z</time>
        <extensions>
          <gpxtpx:TrackPointExtension>
            <gpxtpx:hr>168</gpxtpx:hr>
          </gpxtpx:TrackPointExtension>
        </extensions>
      </trkpt>
      <trkpt lat="22.737147243128497" lon="113.95006979983673">
        <ele>43.03737988229841</ele>
        <time>1970-01-01T00:18:55.200000Z</time>
        <extensions>
          <gpxtpx:TrackPointExtension>
            <gpxtpx:hr>168</gpxtpx:hr>
          </gpxtpx:TrackPointExtension>
        </extensions>
      </trkpt>
      <trkpt lat="22.737148260202805" lon="113.95009172927911">
        <ele>43.065203418023884</ele>
        <time>1970-01-01T00:18:56.200000Z</time>
        <extensions>
          <gpxtpx:TrackPointExtension>
            <gpxtpx:hr>168</gpxtpx:hr>
          </gpxtpx:TrackPointExtension>
        </extensions>
      </trkpt>
      <trkpt lat="22.7371496035656" lon="113.95011374711261">
        <ele>43.09311062376946</ele>
        <time>1970-01-01T00:18:57.200000Z</time>
        <extensions>
          <gpxtpx:TrackPointExtension>
            <gpxtpx:hr>168</gpxtpx:hr>
          </gpxtpx:TrackPointExtension>
        </extensions>
      </trkpt>
      <trkpt lat="22.737152091475046" lon="113.95013600662354">
        <ele>43.11997097544372</ele>
        <time>1970-01-01T00:18:58.200000Z</time>
        <extensions>
          <gpxtpx:TrackPointExtension>
            <gpxtpx:hr>167</gpxtpx:hr>
          </gpxtpx:TrackPointExtension>
        </extensions>
      </trkpt>
      <trkpt lat="22.73715718357741" lon="113.95015807218549">
        <ele>43.144930647686124</ele>
        <time>1970-01-01T00:18:59.200000Z</time>
        <extensions>
          <gpxtpx:TrackPointExtension>
            <gpxtpx:hr>167</gpxtpx:hr>
          </gpxtpx:TrackPointExtension>
        </extensions>
      </trkpt>
      <trkpt lat="22.737165866842194" lon="113.95017976827849">
        <ele>43.167894686572254</ele>
        <time>1970-01-01T00:19:00.200000Z</time>
        <extensions>
          <gpxtpx:TrackPointExtension>
            <gpxtpx:hr>167</gpxtpx:hr>
          </gpxtpx:TrackPointExtension>
        </extensions>
      </trkpt>
      <trkpt lat="22.73717701109227" lon="113.95020156323746">
        <ele>43.1892652483657</ele>
        <time>1970-01-01T00:19:01.200000Z</time>
        <extensions>
          <gpxtpx:TrackPointExtension>
            <gpxtpx:hr>167</gpxtpx:hr>
          </gpxtpx:TrackPointExtension>
        </extensions>
      </trkpt>
      <trkpt lat="22.737188935413762" lon="113.95022368821688">
        <ele>43.20975370518863</ele>
        <time>1970-01-01T00:19:02.200000Z</time>
        <extensions>
          <gpxtpx:TrackPointExtension>
            <gpxtpx:hr>167</gpxtpx:hr>
          </gpxtpx:TrackPointExtension>
        </extensions>
      </trkpt>
      <trkpt lat="22.737201074340867" lon="113.9502465406444">
        <ele>43.22927860729396</ele>
        <time>1970-01-01T00:19:03.200000Z</time>
        <extensions>
          <gpxtpx:TrackPointExtension>
            <gpxtpx:hr>166</gpxtpx:hr>
          </gpxtpx:TrackPointExtension>
        </extensions>
      </trkpt>
      <trkpt lat="22.737213247031058" lon="113.95027043227896">
        <ele>43.24810356646776</ele>
        <time>1970-01-01T00:19:04.200000Z</time>
        <extensions>
          <gpxtpx:TrackPointExtension>
            <gpxtpx:hr>166</gpxtpx:hr>
          </gpxtpx:TrackPointExtension>
        </extensions>
      </trkpt>
      <trkpt lat="22.737224000445018" lon="113.95029546113028">
        <ele>43.26669274736196</ele>
        <time>1970-01-01T00:19:05.200000Z</time>
        <extensions>
          <gpxtpx:TrackPointExtension>
            <gpxtpx:hr>166</gpxtpx:hr>
          </gpxtpx:TrackPointExtension>
        </extensions>
      </trkpt>
      <trkpt lat="22.73723142345503" lon="113.9503214483869">
        <ele>43.28544543776661</ele>
        <time>1970-01-01T00:19:06.200000Z</time>
        <extensions>
          <gpxtpx:TrackPointExtension>
            <gpxtpx:hr>166</gpxtpx:hr>
          </gpxtpx:TrackPointExtension>
        </extensions>
      </trkpt>
      <trkpt lat="22.737235417020855" lon="113.95034789917156">
        <ele>43.30402127467096</ele>
        <time>1970-01-01T00:19:07.200000Z</time>
        <extensions>
          <gpxtpx:TrackPointExtension>
            <gpxtpx:hr>166</gpxtpx:hr>
          </gpxtpx:TrackPointExtension>
        </extensions>
      </trkpt>
      <trkpt lat="22.737237187416927" lon="113.950374575138">
        <ele>43.322371137328446</ele>
        <time>1970-01-01T00:19:08.200000Z</time>
        <extensions>
          <gpxtpx:TrackPointExtension>
            <gpxtpx:hr>166</gpxtpx:hr>
          </gpxtpx:TrackPointExtension>
        </extensions>
      </trkpt>
      <trkpt lat="22.73723810202695" lon="113.95040124108286">
        <ele>43.33965600654483</ele>
        <time>1970-01-01T00:19:09.200000Z</time>
        <extensions>
          <gpxtpx:TrackPointExtension>
            <gpxtpx:hr>164</gpxtpx:hr>
          </gpxtpx:TrackPointExtension>
        </extensions>
      </trkpt>
      <trkpt lat="22.737238961532277" lon="113.95042761131181">
        <ele>43.35434750188142</ele>
        <time>1970-01-01T00:19:10.200000Z</time>
        <extensions>
          <gpxtpx:TrackPointExtension>
            <gpxtpx:hr>164</gpxtpx:hr>
          </gpxtpx:TrackPointExtension>
        </extensions>
      </trkpt>
      <trkpt lat="22.737239925856322" lon="113.95045397584806">
        <ele>43.364816441200674</ele>
        <time>1970-01-01T00:19:11.200000Z</time>
        <extensions>
          <gpxtpx:TrackPointExtension>
            <gpxtpx:hr>164</gpxtpx:hr>
          </gpxtpx:TrackPointExtension>
        </extensions>
      </trkpt>
      <trkpt lat="22.73724127266212" lon="113.95048025493796">
        <ele>43.370343228802085</ele>
        <time>1970-01-01T00:19:12.200000Z</time>
        <extensions>
          <gpxtpx:TrackPointExtension>
            <gpxtpx:hr>164</gpxtpx:hr>
          </gpxtpx:TrackPointExtension>
        </extensions>
      </trkpt>
      <trkpt lat="22.737242982527388" lon="113.95050552936107">
        <ele>43.371543244458735</ele>
        <time>1970-01-01T00:19:13.200000Z</time>
        <extensions>
          <gpxtpx:TrackPointExtension>
            <gpxtpx:hr>164</gpxtpx:hr>
          </gpxtpx:TrackPointExtension>
        </extensions>
      </trkpt>
      <trkpt lat="22.737244692630625" lon="113.95053015537674">
        <ele>43.37023380212486</ele>
        <time>1970-01-01T00:19:14.200000Z</time>
        <extensions>
          <gpxtpx:TrackPointExtension>
            <gpxtpx:hr>164</gpxtpx:hr>
          </gpxtpx:TrackPointExtension>
        </extensions>
      </trkpt>
      <trkpt lat="22.737245900609945" lon="113.95055514451883">
        <ele>43.369020224548876</ele>
        <time>1970-01-01T00:19:15.200000Z</time>
        <extensions>
          <gpxtpx:TrackPointExtension>
            <gpxtpx:hr>164</gpxtpx:hr>
          </gpxtpx:TrackPointExtension>
        </extensions>
      </trkpt>
      <trkpt lat="22.73724687412059" lon="113.95058018472295">
        <ele>43.37075912952423</ele>
        <time>1970-01-01T00:19:16.200000Z</time>
        <extensions>
          <gpxtpx:TrackPointExtension>
            <gpxtpx:hr>164</gpxtpx:hr>
          </gpxtpx:TrackPointExtension>
        </extensions>
      </trkpt>
      <trkpt lat="22.737247994359524" lon="113.9506055032691">
        <ele>43.37746473122388</ele>
        <time>1970-01-01T00:19:17.200000Z</time>
        <extensions>
          <gpxtpx:TrackPointExtension>
            <gpxtpx:hr>164</gpxtpx:hr>
          </gpxtpx:TrackPointExtension>
        </extensions>
      </trkpt>
      <trkpt lat="22.737249294767246" lon="113.95063131550144">
        <ele>43.389995811507106</ele>
        <time>1970-01-01T00:19:18.200000Z</time>
        <extensions>
          <gpxtpx:TrackPointExtension>
            <gpxtpx:hr>164</gpxtpx:hr>
          </gpxtpx:TrackPointExtension>
        </extensions>
      </trkpt>
      <trkpt lat="22.737250268731877" lon="113.95065706810365">
        <ele>43.40831291023642</ele>
        <time>1970-01-01T00:19:19.200000Z</time>
        <extensions>
          <gpxtpx:TrackPointExtension>
            <gpxtpx:hr>164</gpxtpx:hr>
          </gpxtpx:TrackPointExtension>
        </extensions>
      </trkpt>
      <trkpt lat="22.737250492727608" lon="113.9506819404796">
        <ele>43.43198592122644</ele>
        <time>1970-01-01T00:19:20.200000Z</time>
        <extensions>
          <gpxtpx:TrackPointExtension>
            <gpxtpx:hr>164</gpxtpx:hr>
          </gpxtpx:TrackPointExtension>
        </extensions>
      </trkpt>
      <trkpt lat="22.737249855050095" lon="113.95070574181202">
        <ele>43.460314634256065</ele>
        <time>1970-01-01T00:19:21.200000Z</time>
        <extensions>
          <gpxtpx:TrackPointExtension>
            <gpxtpx:hr>164</gpxtpx:hr>
          </gpxtpx:TrackPointExtension>
        </extensions>
      </trkpt>
      <trkpt lat="22.73724821551036" lon="113.95072878977814">
        <ele>43.49277921393514</ele>
        <time>1970-01-01T00:19:22.200000Z</time>
        <extensions>
          <gpxtpx:TrackPointExtension>
            <gpxtpx:hr>165</gpxtpx:hr>
          </gpxtpx:TrackPointExtension>
        </extensions>
      </trkpt>
      <trkpt lat="22.737245606196062" lon="113.95075143719646">
        <ele>43.529003883711994</ele>
        <time>1970-01-01T00:19:23.200000Z</time>
        <extensions>
          <gpxtpx:TrackPointExtension>
            <gpxtpx:hr>165</gpxtpx:hr>
          </gpxtpx:TrackPointExtension>
        </extensions>
      </trkpt>
      <trkpt lat="22.737241658999015" lon="113.95077373660466">
        <ele>43.56855912134051</ele>
        <time>1970-01-01T00:19:24.200000Z</time>
        <extensions>
          <gpxtpx:TrackPointExtension>
            <gpxtpx:hr>165</gpxtpx:hr>
          </gpxtpx:TrackPointExtension>
        </extensions>
      </trkpt>
      <trkpt lat="22.73723706093092" lon="113.95079586423326">
        <ele>43.61070038098842</ele>
        <time>1970-01-01T00:19:25.200000Z</time>
        <extensions>
          <gpxtpx:TrackPointExtension>
            <gpxtpx:hr>165</gpxtpx:hr>
          </gpxtpx:TrackPointExtension>
        </extensions>
      </trkpt>
      <trkpt lat="22.737232541258496" lon="113.95081733940037">
        <ele>43.65509354509413</ele>
        <time>1970-01-01T00:19:26.200000Z</time>
        <extensions>
          <gpxtpx:TrackPointExtension>
            <gpxtpx:hr>167</gpxtpx:hr>
          </gpxtpx:TrackPointExtension>
        </extensions>
      </trkpt>
      <trkpt lat="22.73722821759844" lon="113.95083754469043">
        <ele>43.701157816685736</ele>
        <time>1970-01-01T00:19:27.200000Z</time>
        <extensions>
          <gpxtpx:TrackPointExtension>
            <gpxtpx:hr>167</gpxtpx:hr>
          </gpxtpx:TrackPointExtension>
        </extensions>
      </trkpt>
      <trkpt lat="22.737223874981396" lon="113.95085672964133">
        <ele>43.7484024297446</ele>
        <time>1970-01-01T00:19:28.200000Z</time>
        <extensions>
          <gpxtpx:TrackPointExtension>
            <gpxtpx:hr>167</gpxtpx:hr>
          </gpxtpx:TrackPointExtension>
        </extensions>
      </trkpt>
      <trkpt lat="22.73721892407004" lon="113.95087551494893">
        <ele>43.796756230294704</ele>
        <time>1970-01-01T00:19:29.200000Z</time>
        <extensions>
          <gpxtpx:TrackPointExtension>
            <gpxtpx:hr>167</gpxtpx:hr>
          </gpxtpx:TrackPointExtension>
        </extensions>
      </trkpt>
      <trkpt lat="22.73721354338847" lon="113.95089522315023">
        <ele>43.84727121703327</ele>
        <time>1970-01-01T00:19:30.200000Z</time>
        <extensions>
          <gpxtpx:TrackPointExtension>
            <gpxtpx:hr>167</gpxtpx:hr>
          </gpxtpx:TrackPointExtension>
        </extensions>
      </trkpt>
      <trkpt lat="22.737207752466606" lon="113.95091540170698">
        <ele>43.90009071212262</ele>
        <time>1970-01-01T00:19:31.200000Z</time>
        <extensions>
          <gpxtpx:TrackPointExtension>
            <gpxtpx:hr>167</gpxtpx:hr>
          </gpxtpx:TrackPointExtension>
        </extensions>
      </trkpt>
      <trkpt lat="22.737201490991406" lon="113.95093511225264">
        <ele>43.95605188049376</ele>
        <time>1970-01-01T00:19:32.200000Z</time>
        <extensions>
          <gpxtpx:TrackPointExtension>
            <gpxtpx:hr>168</gpxtpx:hr>
          </gpxtpx:TrackPointExtension>
        </extensions>
      </trkpt>
      <trkpt lat="22.73719521604794" lon="113.950953236059">
        <ele>44.01558437384665</ele>
        <time>1970-01-01T00:19:33.200000Z</time>
        <extensions>
          <gpxtpx:TrackPointExtension>
            <gpxtpx:hr>168</gpxtpx:hr>
          </gpxtpx:TrackPointExtension>
        </extensions>
      </trkpt>
      <trkpt lat="22.73718894643492" lon="113.95096871471112">
        <ele>44.07800332363695</ele>
        <time>1970-01-01T00:19:34.200000Z</time>
        <extensions>
          <gpxtpx:TrackPointExtension>
            <gpxtpx:hr>168</gpxtpx:hr>
          </gpxtpx:TrackPointExtension>
        </extensions>
      </trkpt>
      <trkpt lat="22.737183432163363" lon="113.95098107895922">
        <ele>44.14095801021904</ele>
        <time>1970-01-01T00:19:35.200000Z</time>
        <extensions>
          <gpxtpx:TrackPointExtension>
            <gpxtpx:hr>168</gpxtpx:hr>
          </gpxtpx:TrackPointExtension>
        </extensions>
      </trkpt>
      <trkpt lat="22.737179521115635" lon="113.9509905384815">
        <ele>44.20131787098944</ele>
        <time>1970-01-01T00:19:36.200000Z</time>
        <extensions>
          <gpxtpx:TrackPointExtension>
            <gpxtpx:hr>169</gpxtpx:hr>
          </gpxtpx:TrackPointExtension>
        </extensions>
      </trkpt>
      <trkpt lat="22.73717775547605" lon="113.95099656879107">
        <ele>44.25430573616177</ele>
        <time>1970-01-01T00:19:37.200000Z</time>
        <extensions>
          <gpxtpx:TrackPointExtension>
            <gpxtpx:hr>169</gpxtpx:hr>
          </gpxtpx:TrackPointExtension>
        </extensions>
      </trkpt>
      <trkpt lat="22.737177964838782" lon="113.95099819588924">
        <ele>44.294858693145216</ele>
        <time>1970-01-01T00:19:38.200000Z</time>
        <extensions>
          <gpxtpx:TrackPointExtension>
            <gpxtpx:hr>169</gpxtpx:hr>
          </gpxtpx:TrackPointExtension>
        </extensions>
      </trkpt>
      <trkpt lat="22.73717865589114" lon="113.95099869042168">
        <ele>44.31925748102367</ele>
        <time>1970-01-01T00:19:39.200000Z</time>
        <extensions>
          <gpxtpx:TrackPointExtension>
            <gpxtpx:hr>169</gpxtpx:hr>
          </gpxtpx:TrackPointExtension>
        </extensions>
      </trkpt>
      <trkpt lat="22.737178111110534" lon="113.95100330034526">
        <ele>44.32540801540017</ele>
        <time>1970-01-01T00:19:40.200000Z</time>
        <extensions>
          <gpxtpx:TrackPointExtension>
            <gpxtpx:hr>169</gpxtpx:hr>
          </gpxtpx:TrackPointExtension>
        </extensions>
      </trkpt>
      <trkpt lat="22.73717487635316" lon="113.95101495999552">
        <ele>44.31445484235883</ele>
        <time>1970-01-01T00:19:41.200000Z</time>
        <extensions>
          <gpxtpx:TrackPointExtension>
            <gpxtpx:hr>169</gpxtpx:hr>
          </gpxtpx:TrackPointExtension>
        </extensions>
      </trkpt>
      <trkpt lat="22.737168872827496" lon="113.9510329393793">
        <ele>44.290525174699724</ele>
        <time>1970-01-01T00:19:42.200000Z</time>
        <extensions>
          <gpxtpx:TrackPointExtension>
            <gpxtpx:hr>169</gpxtpx:hr>
          </gpxtpx:TrackPointExtension>
        </extensions>
      </trkpt>
      <trkpt lat="22.73716135007067" lon="113.95105360826182">
        <ele>44.2600749572739</ele>
        <time>1970-01-01T00:19:43.200000Z</time>
        <extensions>
          <gpxtpx:TrackPointExtension>
            <gpxtpx:hr>169</gpxtpx:hr>
          </gpxtpx:TrackPointExtension>
        </extensions>
      </trkpt>
      <trkpt lat="22.737153520439698" lon="113.95107341261976">
        <ele>44.23062068223953</ele>
        <time>1970-01-01T00:19:44.200000Z</time>
        <extensions>
          <gpxtpx:TrackPointExtension>
            <gpxtpx:hr>169</gpxtpx:hr>
          </gpxtpx:TrackPointExtension>
        </extensions>
      </trkpt>
      <trkpt lat="22.737145705059536" lon="113.95109164913359">
        <ele>44.21027344092727</ele>
        <time>1970-01-01T00:19:45.200000Z</time>
        <extensions>
          <gpxtpx:TrackPointExtension>
            <gpxtpx:hr>169</gpxtpx:hr>
          </gpxtpx:TrackPointExtension>
        </extensions>
      </trkpt>
      <trkpt lat="22.73713772542702" lon="113.95110836250261">
        <ele>44.204536106437445</ele>
        <time>1970-01-01T00:19:46.200000Z</time>
        <extensions>
          <gpxtpx:TrackPointExtension>
            <gpxtpx:hr>169</gpxtpx:hr>
          </gpxtpx:TrackPointExtension>
        </extensions>
      </trkpt>
      <trkpt lat="22.7371295962316" lon="113.95112348125792">
        <ele>44.21629850380123</ele>
        <time>1970-01-01T00:19:47.200000Z</time>
        <extensions>
          <gpxtpx:TrackPointExtension>
            <gpxtpx:hr>169</gpxtpx:hr>
          </gpxtpx:TrackPointExtension>
        </extensions>
      </trkpt>
      <trkpt lat="22.73712134908058" lon="113.95113673767298">
        <ele>44.245568472892046</ele>
        <time>1970-01-01T00:19:48.200000Z</time>
        <extensions>
          <gpxtpx:TrackPointExtension>
            <gpxtpx:hr>169</gpxtpx:hr>
          </gpxtpx:TrackPointExtension>
        </extensions>
      </trkpt>
      <trkpt lat="22.737112597444167" lon="113.9511472368497">
        <ele>44.28921967372298</ele>
        <time>1970-01-01T00:19:49.200000Z</time>
        <extensions>
          <gpxtpx:TrackPointExtension>
            <gpxtpx:hr>169</gpxtpx:hr>
          </gpxtpx:TrackPointExtension>
        </extensions>
      </trkpt>
      <trkpt lat="22.737104797132773" lon="113.95115423483144">
        <ele>44.341604229062796</ele>
        <time>1970-01-01T00:19:50.200000Z</time>
        <extensions>
          <gpxtpx:TrackPointExtension>
            <gpxtpx:hr>169</gpxtpx:hr>
          </gpxtpx:TrackPointExtension>
        </extensions>
      </trkpt>
      <trkpt lat="22.737100572018704" lon="113.9511571773245">
        <ele>44.396091350354254</ele>
        <time>1970-01-01T00:19:51.200000Z</time>
        <extensions>
          <gpxtpx:TrackPointExtension>
            <gpxtpx:hr>170</gpxtpx:hr>
          </gpxtpx:TrackPointExtension>
        </extensions>
      </trkpt>
      <trkpt lat="22.737100485429277" lon="113.95115646375763">
        <ele>44.445878381840885</ele>
        <time>1970-01-01T00:19:52.200000Z</time>
        <extensions>
          <gpxtpx:TrackPointExtension>
            <gpxtpx:hr>170</gpxtpx:hr>
          </gpxtpx:TrackPointExtension>
        </extensions>
      </trkpt>
      <trkpt lat="22.73710239667859" lon="113.95115492149846">
        <ele>44.4847866743803</ele>
        <time>1970-01-01T00:19:53.200000Z</time>
        <extensions>
          <gpxtpx:TrackPointExtension>
            <gpxtpx:hr>170</gpxtpx:hr>
          </gpxtpx:TrackPointExtension>
        </extensions>
      </trkpt>
      <trkpt lat="22.737103347135935" lon="113.95115621285272">
        <ele>44.50848827883601</ele>
        <time>1970-01-01T00:19:54.200000Z</time>
        <extensions>
          <gpxtpx:TrackPointExtension>
            <gpxtpx:hr>170</gpxtpx:hr>
          </gpxtpx:TrackPointExtension>
        </extensions>
      </trkpt>
      <trkpt lat="22.737101193327945" lon="113.95116325795223">
        <ele>44.514937149360776</ele>
        <time>1970-01-01T00:19:55.200000Z</time>
        <extensions>
          <gpxtpx:TrackPointExtension>
            <gpxtpx:hr>170</gpxtpx:hr>
          </gpxtpx:TrackPointExtension>
        </extensions>
      </trkpt>
      <trkpt lat="22.73709522407795" lon="113.95117660655909">
        <ele>44.50503077264875</ele>
        <time>1970-01-01T00:19:56.200000Z</time>
        <extensions>
          <gpxtpx:TrackPointExtension>
            <gpxtpx:hr>169</gpxtpx:hr>
          </gpxtpx:TrackPointExtension>
        </extensions>
      </trkpt>
      <trkpt lat="22.737086369369287" lon="113.9511939019186">
        <ele>44.48213792871684</ele>
        <time>1970-01-01T00:19:57.200000Z</time>
        <extensions>
          <gpxtpx:TrackPointExtension>
            <gpxtpx:hr>169</gpxtpx:hr>
          </gpxtpx:TrackPointExtension>
        </extensions>
      </trkpt>
      <trkpt lat="22.737075803350994" lon="113.95121256856969">
        <ele>44.4510093415156</ele>
        <time>1970-01-01T00:19:58.200000Z</time>
        <extensions>
          <gpxtpx:TrackPointExtension>
            <gpxtpx:hr>169</gpxtpx:hr>
          </gpxtpx:TrackPointExtension>
        </extensions>
      </trkpt>
      <trkpt lat="22.737064528725597" lon="113.95123072987808">
        <ele>44.41679039783776</ele>
        <time>1970-01-01T00:19:59.200000Z</time>
        <extensions>
          <gpxtpx:TrackPointExtension>
            <gpxtpx:hr>169</gpxtpx:hr>
          </gpxtpx:TrackPointExtension>
        </extensions>
      </trkpt>
      <trkpt lat="22.737053208281985" lon="113.95124749303424">
        <ele>44.38425039127469</ele>
        <time>1970-01-01T00:20:00.200000Z</time>
        <extensions>
          <gpxtpx:TrackPointExtension>
            <gpxtpx:hr>169</gpxtpx:hr>
          </gpxtpx:TrackPointExtension>
        </extensions>
      </trkpt>
      <trkpt lat="22.737041491415106" lon="113.95126375626816">
        <ele>44.35691485274583</ele>
        <time>1970-01-01T00:20:01.200000Z</time>
        <extensions>
          <gpxtpx:TrackPointExtension>
            <gpxtpx:hr>166</gpxtpx:hr>
          </gpxtpx:TrackPointExtension>
        </extensions>
      </trkpt>
      <trkpt lat="22.73702889764857" lon="113.95128050194832">
        <ele>44.336800939403474</ele>
        <time>1970-01-01T00:20:02.200000Z</time>
        <extensions>
          <gpxtpx:TrackPointExtension>
            <gpxtpx:hr>166</gpxtpx:hr>
          </gpxtpx:TrackPointExtension>
        </extensions>
      </trkpt>
      <trkpt lat="22.73701558548313" lon="113.95129788940483">
        <ele>44.324610739946365</ele>
        <time>1970-01-01T00:20:03.200000Z</time>
        <extensions>
          <gpxtpx:TrackPointExtension>
            <gpxtpx:hr>166</gpxtpx:hr>
          </gpxtpx:TrackPointExtension>
        </extensions>
      </trkpt>
      <trkpt lat="22.73700172384163" lon="113.95131611774137">
        <ele>44.32034006714821</ele>
        <time>1970-01-01T00:20:04.200000Z</time>
        <extensions>
          <gpxtpx:TrackPointExtension>
            <gpxtpx:hr>166</gpxtpx:hr>
          </gpxtpx:TrackPointExtension>
        </extensions>
      </trkpt>
      <trkpt lat="22.736987694210907" lon="113.95133483224065">
        <ele>44.32322293892503</ele>
        <time>1970-01-01T00:20:05.200000Z</time>
        <extensions>
          <gpxtpx:TrackPointExtension>
            <gpxtpx:hr>166</gpxtpx:hr>
          </gpxtpx:TrackPointExtension>
        </extensions>
      </trkpt>
      <trkpt lat="22.736973154446773" lon="113.95135374348625">
        <ele>44.3319201245904</ele>
        <time>1970-01-01T00:20:06.200000Z</time>
        <extensions>
          <gpxtpx:TrackPointExtension>
            <gpxtpx:hr>167</gpxtpx:hr>
          </gpxtpx:TrackPointExtension>
        </extensions>
      </trkpt>
      <trkpt lat="22.736958083781964" lon="113.95137230792469">
        <ele>44.344796396791935</ele>
        <time>1970-01-01T00:20:07.200000Z</time>
        <extensions>
          <gpxtpx:TrackPointExtension>
            <gpxtpx:hr>167</gpxtpx:hr>
          </gpxtpx:TrackPointExtension>
        </extensions>
      </trkpt>
      <trkpt lat="22.736942523511896" lon="113.95139115387063">
        <ele>44.36028952989727</ele>
        <time>1970-01-01T00:20:08.200000Z</time>
        <extensions>
          <gpxtpx:TrackPointExtension>
            <gpxtpx:hr>167</gpxtpx:hr>
          </gpxtpx:TrackPointExtension>
        </extensions>
      </trkpt>
      <trkpt lat="22.73692618201057" lon="113.95141065697447">
        <ele>44.377068168483675</ele>
        <time>1970-01-01T00:20:09.200000Z</time>
        <extensions>
          <gpxtpx:TrackPointExtension>
            <gpxtpx:hr>167</gpxtpx:hr>
          </gpxtpx:TrackPointExtension>
        </extensions>
      </trkpt>
      <trkpt lat="22.73690918847582" lon="113.95143034341234">
        <ele>44.39434930309653</ele>
        <time>1970-01-01T00:20:10.200000Z</time>
        <extensions>
          <gpxtpx:TrackPointExtension>
            <gpxtpx:hr>167</gpxtpx:hr>
          </gpxtpx:TrackPointExtension>
        </extensions>
      </trkpt>
      <trkpt lat="22.736891362480193" lon="113.95144934131584">
        <ele>44.41196742095053</ele>
        <time>1970-01-01T00:20:11.200000Z</time>
        <extensions>
          <gpxtpx:TrackPointExtension>
            <gpxtpx:hr>167</gpxtpx:hr>
          </gpxtpx:TrackPointExtension>
        </extensions>
      </trkpt>
      <trkpt lat="22.736872919153086" lon="113.95146665013102">
        <ele>44.429864536970854</ele>
        <time>1970-01-01T00:20:12.200000Z</time>
        <extensions>
          <gpxtpx:TrackPointExtension>
            <gpxtpx:hr>167</gpxtpx:hr>
          </gpxtpx:TrackPointExtension>
        </extensions>
      </trkpt>
      <trkpt lat="22.736854291443844" lon="113.95148194895306">
        <ele>44.44795462209731</ele>
        <time>1970-01-01T00:20:13.200000Z</time>
        <extensions>
          <gpxtpx:TrackPointExtension>
            <gpxtpx:hr>167</gpxtpx:hr>
          </gpxtpx:TrackPointExtension>
        </extensions>
      </trkpt>
      <trkpt lat="22.73683513289104" lon="113.95149475815282">
        <ele>44.46599892061204</ele>
        <time>1970-01-01T00:20:14.200000Z</time>
        <extensions>
          <gpxtpx:TrackPointExtension>
            <gpxtpx:hr>167</gpxtpx:hr>
          </gpxtpx:TrackPointExtension>
        </extensions>
      </trkpt>
      <trkpt lat="22.736815638735198" lon="113.95150488060084">
        <ele>44.483448755927384</ele>
        <time>1970-01-01T00:20:15.200000Z</time>
        <extensions>
          <gpxtpx:TrackPointExtension>
            <gpxtpx:hr>167</gpxtpx:hr>
          </gpxtpx:TrackPointExtension>
        </extensions>
      </trkpt>
      <trkpt lat="22.736796392230872" lon="113.95151258295837">
        <ele>44.499436968006194</ele>
        <time>1970-01-01T00:20:16.200000Z</time>
        <extensions>
          <gpxtpx:TrackPointExtension>
            <gpxtpx:hr>167</gpxtpx:hr>
          </gpxtpx:TrackPointExtension>
        </extensions>
      </trkpt>
      <trkpt lat="22.736776983738164" lon="113.95151944311075">
        <ele>44.51330288127065</ele>
        <time>1970-01-01T00:20:17.200000Z</time>
        <extensions>
          <gpxtpx:TrackPointExtension>
            <gpxtpx:hr>167</gpxtpx:hr>
          </gpxtpx:TrackPointExtension>
        </extensions>
      </trkpt>
      <trkpt lat="22.736757604193976" lon="113.95152694129935">
        <ele>44.52443754300475</ele>
        <time>1970-01-01T00:20:18.200000Z</time>
        <extensions>
          <gpxtpx:TrackPointExtension>
            <gpxtpx:hr>164</gpxtpx:hr>
          </gpxtpx:TrackPointExtension>
        </extensions>
      </trkpt>
      <trkpt lat="22.736738449011945" lon="113.95153561058416">
        <ele>44.53256708569825</ele>
        <time>1970-01-01T00:20:19.200000Z</time>
        <extensions>
          <gpxtpx:TrackPointExtension>
            <gpxtpx:hr>164</gpxtpx:hr>
          </gpxtpx:TrackPointExtension>
        </extensions>
      </trkpt>
      <trkpt lat="22.736719162498463" lon="113.95154494617042">
        <ele>44.537926436401904</ele>
        <time>1970-01-01T00:20:20.200000Z</time>
        <extensions>
          <gpxtpx:TrackPointExtension>
            <gpxtpx:hr>164</gpxtpx:hr>
          </gpxtpx:TrackPointExtension>
        </extensions>
      </trkpt>
      <trkpt lat="22.73669949147973" lon="113.9515547927342">
        <ele>44.54132761340588</ele>
        <time>1970-01-01T00:20:21.200000Z</time>
        <extensions>
          <gpxtpx:TrackPointExtension>
            <gpxtpx:hr>164</gpxtpx:hr>
          </gpxtpx:TrackPointExtension>
        </extensions>
      </trkpt>
      <trkpt lat="22.73668020119622" lon="113.95156590555389">
        <ele>44.54435942322016</ele>
        <time>1970-01-01T00:20:22.200000Z</time>
        <extensions>
          <gpxtpx:TrackPointExtension>
            <gpxtpx:hr>164</gpxtpx:hr>
          </gpxtpx:TrackPointExtension>
        </extensions>
      </trkpt>
      <trkpt lat="22.736661949459634" lon="113.95157836574836">
        <ele>44.54883891809732</ele>
        <time>1970-01-01T00:20:23.200000Z</time>
        <extensions>
          <gpxtpx:TrackPointExtension>
            <gpxtpx:hr>164</gpxtpx:hr>
          </gpxtpx:TrackPointExtension>
        </extensions>
      </trkpt>
      <trkpt lat="22.736644460688396" lon="113.95159206510421">
        <ele>44.55652593355626</ele>
        <time>1970-01-01T00:20:24.200000Z</time>
        <extensions>
          <gpxtpx:TrackPointExtension>
            <gpxtpx:hr>164</gpxtpx:hr>
          </gpxtpx:TrackPointExtension>
        </extensions>
      </trkpt>
      <trkpt lat="22.73662787333806" lon="113.95160640495367">
        <ele>44.568922558799386</ele>
        <time>1970-01-01T00:20:25.200000Z</time>
        <extensions>
          <gpxtpx:TrackPointExtension>
            <gpxtpx:hr>164</gpxtpx:hr>
          </gpxtpx:TrackPointExtension>
        </extensions>
      </trkpt>
      <trkpt lat="22.73661180724839" lon="113.95162135675746">
        <ele>44.58713342808187</ele>
        <time>1970-01-01T00:20:26.200000Z</time>
        <extensions>
          <gpxtpx:TrackPointExtension>
            <gpxtpx:hr>164</gpxtpx:hr>
          </gpxtpx:TrackPointExtension>
        </extensions>
      </trkpt>
      <trkpt lat="22.7365957784586" lon="113.95163633180037">
        <ele>44.61153540108353</ele>
        <time>1970-01-01T00:20:27.200000Z</time>
        <extensions>
          <gpxtpx:TrackPointExtension>
            <gpxtpx:hr>164</gpxtpx:hr>
          </gpxtpx:TrackPointExtension>
        </extensions>
      </trkpt>
      <trkpt lat="22.736579980752364" lon="113.95165064983487">
        <ele>44.64210017770529</ele>
        <time>1970-01-01T00:20:28.200000Z</time>
        <extensions>
          <gpxtpx:TrackPointExtension>
            <gpxtpx:hr>164</gpxtpx:hr>
          </gpxtpx:TrackPointExtension>
        </extensions>
      </trkpt>
      <trkpt lat="22.73656488096118" lon="113.95166509676382">
        <ele>44.67854829784483</ele>
        <time>1970-01-01T00:20:29.200000Z</time>
        <extensions>
          <gpxtpx:TrackPointExtension>
            <gpxtpx:hr>164</gpxtpx:hr>
          </gpxtpx:TrackPointExtension>
        </extensions>
      </trkpt>
      <trkpt lat="22.736551048560926" lon="113.95168002919208">
        <ele>44.72042281087488</ele>
        <time>1970-01-01T00:20:30.200000Z</time>
        <extensions>
          <gpxtpx:TrackPointExtension>
            <gpxtpx:hr>164</gpxtpx:hr>
          </gpxtpx:TrackPointExtension>
        </extensions>
      </trkpt>
      <trkpt lat="22.736538429561456" lon="113.95169560713315">
        <ele>44.767223498784006</ele>
        <time>1970-01-01T00:20:31.200000Z</time>
        <extensions>
          <gpxtpx:TrackPointExtension>
            <gpxtpx:hr>164</gpxtpx:hr>
          </gpxtpx:TrackPointExtension>
        </extensions>
      </trkpt>
      <trkpt lat="22.73652620133222" lon="113.95171166531243">
        <ele>44.81798211392015</ele>
        <time>1970-01-01T00:20:32.200000Z</time>
        <extensions>
          <gpxtpx:TrackPointExtension>
            <gpxtpx:hr>164</gpxtpx:hr>
          </gpxtpx:TrackPointExtension>
        </extensions>
      </trkpt>
      <trkpt lat="22.736513454843244" lon="113.95172829100994">
        <ele>44.871585212647915</ele>
        <time>1970-01-01T00:20:33.200000Z</time>
        <extensions>
          <gpxtpx:TrackPointExtension>
            <gpxtpx:hr>165</gpxtpx:hr>
          </gpxtpx:TrackPointExtension>
        </extensions>
      </trkpt>
      <trkpt lat="22.736500088939316" lon="113.95174634072836">
        <ele>44.92674137093127</ele>
        <time>1970-01-01T00:20:34.200000Z</time>
        <extensions>
          <gpxtpx:TrackPointExtension>
            <gpxtpx:hr>165</gpxtpx:hr>
          </gpxtpx:TrackPointExtension>
        </extensions>
      </trkpt>
      <trkpt lat="22.736486880317" lon="113.95176457487764">
        <ele>44.98193258140236</ele>
        <time>1970-01-01T00:20:35.200000Z</time>
        <extensions>
          <gpxtpx:TrackPointExtension>
            <gpxtpx:hr>165</gpxtpx:hr>
          </gpxtpx:TrackPointExtension>
        </extensions>
      </trkpt>
      <trkpt lat="22.736473645149434" lon="113.95178261036108">
        <ele>45.035711431875825</ele>
        <time>1970-01-01T00:20:36.200000Z</time>
        <extensions>
          <gpxtpx:TrackPointExtension>
            <gpxtpx:hr>165</gpxtpx:hr>
          </gpxtpx:TrackPointExtension>
        </extensions>
      </trkpt>
      <trkpt lat="22.736459844480258" lon="113.95180098328106">
        <ele>45.08691465295851</ele>
        <time>1970-01-01T00:20:37.200000Z</time>
        <extensions>
          <gpxtpx:TrackPointExtension>
            <gpxtpx:hr>166</gpxtpx:hr>
          </gpxtpx:TrackPointExtension>
        </extensions>
      </trkpt>
      <trkpt lat="22.736445258540076" lon="113.95181933325715">
        <ele>45.13455713354051</ele>
        <time>1970-01-01T00:20:38.200000Z</time>
        <extensions>
          <gpxtpx:TrackPointExtension>
            <gpxtpx:hr>166</gpxtpx:hr>
          </gpxtpx:TrackPointExtension>
        </extensions>
      </trkpt>
      <trkpt lat="22.736430258411815" lon="113.95183767993751">
        <ele>45.1777302287519</ele>
        <time>1970-01-01T00:20:39.200000Z</time>
        <extensions>
          <gpxtpx:TrackPointExtension>
            <gpxtpx:hr>166</gpxtpx:hr>
          </gpxtpx:TrackPointExtension>
        </extensions>
      </trkpt>
      <trkpt lat="22.736415856105335" lon="113.95185595388">
        <ele>45.2159820208326</ele>
        <time>1970-01-01T00:20:40.200000Z</time>
        <extensions>
          <gpxtpx:TrackPointExtension>
            <gpxtpx:hr>166</gpxtpx:hr>
          </gpxtpx:TrackPointExtension>
        </extensions>
      </trkpt>
      <trkpt lat="22.736402684263712" lon="113.95187413348596">
        <ele>45.249141371808946</ele>
        <time>1970-01-01T00:20:41.200000Z</time>
        <extensions>
          <gpxtpx:TrackPointExtension>
            <gpxtpx:hr>168</gpxtpx:hr>
          </gpxtpx:TrackPointExtension>
        </extensions>
      </trkpt>
      <trkpt lat="22.73639049348378" lon="113.95189175274987">
        <ele>45.27756405621767</ele>
        <time>1970-01-01T00:20:42.200000Z</time>
        <extensions>
          <gpxtpx:TrackPointExtension>
            <gpxtpx:hr>168</gpxtpx:hr>
          </gpxtpx:TrackPointExtension>
        </extensions>
      </trkpt>
      <trkpt lat="22.73637787576243" lon="113.95190897021148">
        <ele>45.30213511083275</ele>
        <time>1970-01-01T00:20:43.200000Z</time>
        <extensions>
          <gpxtpx:TrackPointExtension>
            <gpxtpx:hr>168</gpxtpx:hr>
          </gpxtpx:TrackPointExtension>
        </extensions>
      </trkpt>
      <trkpt lat="22.736363878007783" lon="113.95192661917166">
        <ele>45.324227795004845</ele>
        <time>1970-01-01T00:20:44.200000Z</time>
        <extensions>
          <gpxtpx:TrackPointExtension>
            <gpxtpx:hr>168</gpxtpx:hr>
          </gpxtpx:TrackPointExtension>
        </extensions>
      </trkpt>
      <trkpt lat="22.736348833336322" lon="113.95194494628761">
        <ele>45.34536927752197</ele>
        <time>1970-01-01T00:20:45.200000Z</time>
        <extensions>
          <gpxtpx:TrackPointExtension>
            <gpxtpx:hr>168</gpxtpx:hr>
          </gpxtpx:TrackPointExtension>
        </extensions>
      </trkpt>
      <trkpt lat="22.73633345058771" lon="113.95196386692207">
        <ele>45.36715245991945</ele>
        <time>1970-01-01T00:20:46.200000Z</time>
        <extensions>
          <gpxtpx:TrackPointExtension>
            <gpxtpx:hr>168</gpxtpx:hr>
          </gpxtpx:TrackPointExtension>
        </extensions>
      </trkpt>
      <trkpt lat="22.73631822058405" lon="113.95198264624466">
        <ele>45.39102175459266</ele>
        <time>1970-01-01T00:20:47.200000Z</time>
        <extensions>
          <gpxtpx:TrackPointExtension>
            <gpxtpx:hr>170</gpxtpx:hr>
          </gpxtpx:TrackPointExtension>
        </extensions>
      </trkpt>
      <trkpt lat="22.73630279752791" lon="113.95200135998031">
        <ele>45.41807878948748</ele>
        <time>1970-01-01T00:20:48.200000Z</time>
        <extensions>
          <gpxtpx:TrackPointExtension>
            <gpxtpx:hr>170</gpxtpx:hr>
          </gpxtpx:TrackPointExtension>
        </extensions>
      </trkpt>
      <trkpt lat="22.736286837063325" lon="113.95202017033117">
        <ele>45.44887960702181</ele>
        <time>1970-01-01T00:20:49.200000Z</time>
        <extensions>
          <gpxtpx:TrackPointExtension>
            <gpxtpx:hr>170</gpxtpx:hr>
          </gpxtpx:TrackPointExtension>
        </extensions>
      </trkpt>
      <trkpt lat="22.736270555271293" lon="113.95203884164042">
        <ele>45.483356200158596</ele>
        <time>1970-01-01T00:20:50.200000Z</time>
        <extensions>
          <gpxtpx:TrackPointExtension>
            <gpxtpx:hr>170</gpxtpx:hr>
          </gpxtpx:TrackPointExtension>
        </extensions>
      </trkpt>
      <trkpt lat="22.736254577972907" lon="113.9520584298511">
        <ele>45.5209737168625</ele>
        <time>1970-01-01T00:20:51.200000Z</time>
        <extensions>
          <gpxtpx:TrackPointExtension>
            <gpxtpx:hr>170</gpxtpx:hr>
          </gpxtpx:TrackPointExtension>
        </extensions>
      </trkpt>
      <trkpt lat="22.736239440970383" lon="113.95207837775901">
        <ele>45.56092859245837</ele>
        <time>1970-01-01T00:20:52.200000Z</time>
        <extensions>
          <gpxtpx:TrackPointExtension>
            <gpxtpx:hr>170</gpxtpx:hr>
          </gpxtpx:TrackPointExtension>
        </extensions>
      </trkpt>
      <trkpt lat="22.73622512384129" lon="113.95209826454324">
        <ele>45.60236342251301</ele>
        <time>1970-01-01T00:20:53.200000Z</time>
        <extensions>
          <gpxtpx:TrackPointExtension>
            <gpxtpx:hr>170</gpxtpx:hr>
          </gpxtpx:TrackPointExtension>
        </extensions>
      </trkpt>
      <trkpt lat="22.736211472888147" lon="113.95211880148346">
        <ele>45.644334299489856</ele>
        <time>1970-01-01T00:20:54.200000Z</time>
        <extensions>
          <gpxtpx:TrackPointExtension>
            <gpxtpx:hr>174</gpxtpx:hr>
          </gpxtpx:TrackPointExtension>
        </extensions>
      </trkpt>
      <trkpt lat="22.736198001531072" lon="113.95214003485621">
        <ele>45.68667125236243</ele>
        <time>1970-01-01T00:20:55.200000Z</time>
        <extensions>
          <gpxtpx:TrackPointExtension>
            <gpxtpx:hr>174</gpxtpx:hr>
          </gpxtpx:TrackPointExtension>
        </extensions>
      </trkpt>
      <trkpt lat="22.73618419458025" lon="113.9521616324448">
        <ele>45.729514881037176</ele>
        <time>1970-01-01T00:20:56.200000Z</time>
        <extensions>
          <gpxtpx:TrackPointExtension>
            <gpxtpx:hr>174</gpxtpx:hr>
          </gpxtpx:TrackPointExtension>
        </extensions>
      </trkpt>
      <trkpt lat="22.736170683282328" lon="113.95218323010845">
        <ele>45.77317959163338</ele>
        <time>1970-01-01T00:20:57.200000Z</time>
        <extensions>
          <gpxtpx:TrackPointExtension>
            <gpxtpx:hr>174</gpxtpx:hr>
          </gpxtpx:TrackPointExtension>
        </extensions>
      </trkpt>
      <trkpt lat="22.736158577703034" lon="113.95220475785278">
        <ele>45.81811604090035</ele>
        <time>1970-01-01T00:20:58.200000Z</time>
        <extensions>
          <gpxtpx:TrackPointExtension>
            <gpxtpx:hr>174</gpxtpx:hr>
          </gpxtpx:TrackPointExtension>
        </extensions>
      </trkpt>
      <trkpt lat="22.73614825853104" lon="113.95222571651688">
        <ele>45.86545777041465</ele>
        <time>1970-01-01T00:20:59.200000Z</time>
        <extensions>
          <gpxtpx:TrackPointExtension>
            <gpxtpx:hr>174</gpxtpx:hr>
          </gpxtpx:TrackPointExtension>
        </extensions>
      </trkpt>
      <trkpt lat="22.736138427124306" lon="113.95224672940431">
        <ele>45.9154716739431</ele>
        <time>1970-01-01T00:21:00.200000Z</time>
        <extensions>
          <gpxtpx:TrackPointExtension>
            <gpxtpx:hr>174</gpxtpx:hr>
          </gpxtpx:TrackPointExtension>
        </extensions>
      </trkpt>
      <trkpt lat="22.736127863859753" lon="113.95226821303149">
        <ele>45.968182692304254</ele>
        <time>1970-01-01T00:21:01.200000Z</time>
        <extensions>
          <gpxtpx:TrackPointExtension>
            <gpxtpx:hr>174</gpxtpx:hr>
          </gpxtpx:TrackPointExtension>
        </extensions>
      </trkpt>
      <trkpt lat="22.73611663053034" lon="113.95228951027354">
        <ele>46.02347234170884</ele>
        <time>1970-01-01T00:21:02.200000Z</time>
        <extensions>
          <gpxtpx:TrackPointExtension>
            <gpxtpx:hr>175</gpxtpx:hr>
          </gpxtpx:TrackPointExtension>
        </extensions>
      </trkpt>
      <trkpt lat="22.73610565550797" lon="113.9523103516055">
        <ele>46.080749057233334</ele>
        <time>1970-01-01T00:21:03.200000Z</time>
        <extensions>
          <gpxtpx:TrackPointExtension>
            <gpxtpx:hr>175</gpxtpx:hr>
          </gpxtpx:TrackPointExtension>
        </extensions>
      </trkpt>
      <trkpt lat="22.736095425512286" lon="113.95233053662012">
        <ele>46.13836788572371</ele>
        <time>1970-01-01T00:21:04.200000Z</time>
        <extensions>
          <gpxtpx:TrackPointExtension>
            <gpxtpx:hr>175</gpxtpx:hr>
          </gpxtpx:TrackPointExtension>
        </extensions>
      </trkpt>
      <trkpt lat="22.736085734512315" lon="113.95234977186131">
        <ele>46.19415077287704</ele>
        <time>1970-01-01T00:21:05.200000Z</time>
        <extensions>
          <gpxtpx:TrackPointExtension>
            <gpxtpx:hr>175</gpxtpx:hr>
          </gpxtpx:TrackPointExtension>
        </extensions>
      </trkpt>
      <trkpt lat="22.73607676475214" lon="113.95236753616668">
        <ele>46.24544919282198</ele>
        <time>1970-01-01T00:21:06.200000Z</time>
        <extensions>
          <gpxtpx:TrackPointExtension>
            <gpxtpx:hr>175</gpxtpx:hr>
          </gpxtpx:TrackPointExtension>
        </extensions>
      </trkpt>
      <trkpt lat="22.736069427988394" lon="113.95238294030051">
        <ele>46.28949600737542</ele>
        <time>1970-01-01T00:21:07.200000Z</time>
        <extensions>
          <gpxtpx:TrackPointExtension>
            <gpxtpx:hr>175</gpxtpx:hr>
          </gpxtpx:TrackPointExtension>
        </extensions>
      </trkpt>
      <trkpt lat="22.736063211874324" lon="113.95239779594723">
        <ele>46.323781969957054</ele>
        <time>1970-01-01T00:21:08.200000Z</time>
        <extensions>
          <gpxtpx:TrackPointExtension>
            <gpxtpx:hr>175</gpxtpx:hr>
          </gpxtpx:TrackPointExtension>
        </extensions>
      </trkpt>
      <trkpt lat="22.736056787117914" lon="113.95241371551322">
        <ele>46.34704331494868</ele>
        <time>1970-01-01T00:21:09.200000Z</time>
        <extensions>
          <gpxtpx:TrackPointExtension>
            <gpxtpx:hr>175</gpxtpx:hr>
          </gpxtpx:TrackPointExtension>
        </extensions>
      </trkpt>
      <trkpt lat="22.736049590213348" lon="113.95243200634386">
        <ele>46.36000962648541</ele>
        <time>1970-01-01T00:21:10.200000Z</time>
        <extensions>
          <gpxtpx:TrackPointExtension>
            <gpxtpx:hr>175</gpxtpx:hr>
          </gpxtpx:TrackPointExtension>
        </extensions>
      </trkpt>
      <trkpt lat="22.73604185989482" lon="113.95245357620112">
        <ele>46.365110859274864</ele>
        <time>1970-01-01T00:21:11.200000Z</time>
        <extensions>
          <gpxtpx:TrackPointExtension>
            <gpxtpx:hr>175</gpxtpx:hr>
          </gpxtpx:TrackPointExtension>
        </extensions>
      </trkpt>
      <trkpt lat="22.73603512551969" lon="113.95247509503218">
        <ele>46.36563964840025</ele>
        <time>1970-01-01T00:21:12.200000Z</time>
        <extensions>
          <gpxtpx:TrackPointExtension>
            <gpxtpx:hr>175</gpxtpx:hr>
          </gpxtpx:TrackPointExtension>
        </extensions>
      </trkpt>
      <trkpt lat="22.736028621129414" lon="113.95249503643223">
        <ele>46.36481376364827</ele>
        <time>1970-01-01T00:21:13.200000Z</time>
        <extensions>
          <gpxtpx:TrackPointExtension>
            <gpxtpx:hr>175</gpxtpx:hr>
          </gpxtpx:TrackPointExtension>
        </extensions>
      </trkpt>
      <trkpt lat="22.736020682917864" lon="113.95251501899725">
        <ele>46.36520332656801</ele>
        <time>1970-01-01T00:21:14.200000Z</time>
        <extensions>
          <gpxtpx:TrackPointExtension>
            <gpxtpx:hr>175</gpxtpx:hr>
          </gpxtpx:TrackPointExtension>
        </extensions>
      </trkpt>
      <trkpt lat="22.736011618980246" lon="113.95253626829567">
        <ele>46.36823451332748</ele>
        <time>1970-01-01T00:21:15.200000Z</time>
        <extensions>
          <gpxtpx:TrackPointExtension>
            <gpxtpx:hr>175</gpxtpx:hr>
          </gpxtpx:TrackPointExtension>
        </extensions>
      </trkpt>
      <trkpt lat="22.736002454710057" lon="113.9525584062935">
        <ele>46.374293147586286</ele>
        <time>1970-01-01T00:21:16.200000Z</time>
        <extensions>
          <gpxtpx:TrackPointExtension>
            <gpxtpx:hr>175</gpxtpx:hr>
          </gpxtpx:TrackPointExtension>
        </extensions>
      </trkpt>
      <trkpt lat="22.73599438314048" lon="113.95258103751004">
        <ele>46.383194806054235</ele>
        <time>1970-01-01T00:21:17.200000Z</time>
        <extensions>
          <gpxtpx:TrackPointExtension>
            <gpxtpx:hr>171</gpxtpx:hr>
          </gpxtpx:TrackPointExtension>
        </extensions>
      </trkpt>
      <trkpt lat="22.73598792114237" lon="113.95260378752425">
        <ele>46.394693713635206</ele>
        <time>1970-01-01T00:21:18.200000Z</time>
        <extensions>
          <gpxtpx:TrackPointExtension>
            <gpxtpx:hr>171</gpxtpx:hr>
          </gpxtpx:TrackPointExtension>
        </extensions>
      </trkpt>
      <trkpt lat="22.735982341789615" lon="113.95262690786089">
        <ele>46.4084028089419</ele>
        <time>1970-01-01T00:21:19.200000Z</time>
        <extensions>
          <gpxtpx:TrackPointExtension>
            <gpxtpx:hr>171</gpxtpx:hr>
          </gpxtpx:TrackPointExtension>
        </extensions>
      </trkpt>
      <trkpt lat="22.735977028592718" lon="113.9526503260162">
        <ele>46.42379394359887</ele>
        <time>1970-01-01T00:21:20.200000Z</time>
        <extensions>
          <gpxtpx:TrackPointExtension>
            <gpxtpx:hr>171</gpxtpx:hr>
          </gpxtpx:TrackPointExtension>
        </extensions>
      </trkpt>
      <trkpt lat="22.735972078761908" lon="113.95267385118242">
        <ele>46.44037228450179</ele>
        <time>1970-01-01T00:21:21.200000Z</time>
        <extensions>
          <gpxtpx:TrackPointExtension>
            <gpxtpx:hr>171</gpxtpx:hr>
          </gpxtpx:TrackPointExtension>
        </extensions>
      </trkpt>
      <trkpt lat="22.73596730782986" lon="113.95269785063131">
        <ele>46.45762658491731</ele>
        <time>1970-01-01T00:21:22.200000Z</time>
        <extensions>
          <gpxtpx:TrackPointExtension>
            <gpxtpx:hr>171</gpxtpx:hr>
          </gpxtpx:TrackPointExtension>
        </extensions>
      </trkpt>
      <trkpt lat="22.735962593514053" lon="113.95272196816745">
        <ele>46.475541131570935</ele>
        <time>1970-01-01T00:21:23.200000Z</time>
        <extensions>
          <gpxtpx:TrackPointExtension>
            <gpxtpx:hr>171</gpxtpx:hr>
          </gpxtpx:TrackPointExtension>
        </extensions>
      </trkpt>
      <trkpt lat="22.73595836718729" lon="113.95274648407647">
        <ele>46.49446105957031</ele>
        <time>1970-01-01T00:21:24.200000Z</time>
        <extensions>
          <gpxtpx:TrackPointExtension>
            <gpxtpx:hr>171</gpxtpx:hr>
          </gpxtpx:TrackPointExtension>
        </extensions>
      </trkpt>
      <trkpt lat="22.73595481369053" lon="113.95277124116875">
        <ele>46.51499768625945</ele>
        <time>1970-01-01T00:21:25.200000Z</time>
        <extensions>
          <gpxtpx:TrackPointExtension>
            <gpxtpx:hr>171</gpxtpx:hr>
          </gpxtpx:TrackPointExtension>
        </extensions>
      </trkpt>
      <trkpt lat="22.735951551961854" lon="113.95279558200946">
        <ele>46.53786038700491</ele>
        <time>1970-01-01T00:21:26.200000Z</time>
        <extensions>
          <gpxtpx:TrackPointExtension>
            <gpxtpx:hr>171</gpxtpx:hr>
          </gpxtpx:TrackPointExtension>
        </extensions>
      </trkpt>
      <trkpt lat="22.735947871898396" lon="113.95282029993118">
        <ele>46.56393303722143</ele>
        <time>1970-01-01T00:21:27.200000Z</time>
        <extensions>
          <gpxtpx:TrackPointExtension>
            <gpxtpx:hr>170</gpxtpx:hr>
          </gpxtpx:TrackPointExtension>
        </extensions>
      </trkpt>
      <trkpt lat="22.73594292075527" lon="113.95284530439149">
        <ele>46.593838167376816</ele>
        <time>1970-01-01T00:21:28.200000Z</time>
        <extensions>
          <gpxtpx:TrackPointExtension>
            <gpxtpx:hr>170</gpxtpx:hr>
          </gpxtpx:TrackPointExtension>
        </extensions>
      </trkpt>
      <trkpt lat="22.73593601457644" lon="113.95287011158696">
        <ele>46.627914221026</ele>
        <time>1970-01-01T00:21:29.200000Z</time>
        <extensions>
          <gpxtpx:TrackPointExtension>
            <gpxtpx:hr>170</gpxtpx:hr>
          </gpxtpx:TrackPointExtension>
        </extensions>
      </trkpt>
      <trkpt lat="22.735927151933186" lon="113.95289368656069">
        <ele>46.66615750640631</ele>
        <time>1970-01-01T00:21:30.200000Z</time>
        <extensions>
          <gpxtpx:TrackPointExtension>
            <gpxtpx:hr>170</gpxtpx:hr>
          </gpxtpx:TrackPointExtension>
        </extensions>
      </trkpt>
      <trkpt lat="22.735917350283916" lon="113.95291537516528">
        <ele>46.70835299231112</ele>
        <time>1970-01-01T00:21:31.200000Z</time>
        <extensions>
          <gpxtpx:TrackPointExtension>
            <gpxtpx:hr>170</gpxtpx:hr>
          </gpxtpx:TrackPointExtension>
        </extensions>
      </trkpt>
      <trkpt lat="22.735907970236205" lon="113.9529364909954">
        <ele>46.75364166405052</ele>
        <time>1970-01-01T00:21:32.200000Z</time>
        <extensions>
          <gpxtpx:TrackPointExtension>
            <gpxtpx:hr>170</gpxtpx:hr>
          </gpxtpx:TrackPointExtension>
        </extensions>
      </trkpt>
      <trkpt lat="22.7358999389831" lon="113.95295739896592">
        <ele>46.80112016852945</ele>
        <time>1970-01-01T00:21:33.200000Z</time>
        <extensions>
          <gpxtpx:TrackPointExtension>
            <gpxtpx:hr>170</gpxtpx:hr>
          </gpxtpx:TrackPointExtension>
        </extensions>
      </trkpt>
      <trkpt lat="22.735893115256367" lon="113.95297815223954">
        <ele>46.85002353973687</ele>
        <time>1970-01-01T00:21:34.200000Z</time>
        <extensions>
          <gpxtpx:TrackPointExtension>
            <gpxtpx:hr>171</gpxtpx:hr>
          </gpxtpx:TrackPointExtension>
        </extensions>
      </trkpt>
      <trkpt lat="22.735886967065106" lon="113.9529990553763">
        <ele>46.89994578715414</ele>
        <time>1970-01-01T00:21:35.200000Z</time>
        <extensions>
          <gpxtpx:TrackPointExtension>
            <gpxtpx:hr>171</gpxtpx:hr>
          </gpxtpx:TrackPointExtension>
        </extensions>
      </trkpt>
      <trkpt lat="22.735881023643138" lon="113.95301963491153">
        <ele>46.95048735104501</ele>
        <time>1970-01-01T00:21:36.200000Z</time>
        <extensions>
          <gpxtpx:TrackPointExtension>
            <gpxtpx:hr>171</gpxtpx:hr>
          </gpxtpx:TrackPointExtension>
        </extensions>
      </trkpt>
      <trkpt lat="22.735874881448893" lon="113.95303953426183">
        <ele>47.001816420815885</ele>
        <time>1970-01-01T00:21:37.200000Z</time>
        <extensions>
          <gpxtpx:TrackPointExtension>
            <gpxtpx:hr>171</gpxtpx:hr>
          </gpxtpx:TrackPointExtension>
        </extensions>
      </trkpt>
      <trkpt lat="22.735868561339434" lon="113.95305879823164">
        <ele>47.05474414397031</ele>
        <time>1970-01-01T00:21:38.200000Z</time>
        <extensions>
          <gpxtpx:TrackPointExtension>
            <gpxtpx:hr>171</gpxtpx:hr>
          </gpxtpx:TrackPointExtension>
        </extensions>
      </trkpt>
      <trkpt lat="22.73586217844285" lon="113.95307829086381">
        <ele>47.110517100431025</ele>
        <time>1970-01-01T00:21:39.200000Z</time>
        <extensions>
          <gpxtpx:TrackPointExtension>
            <gpxtpx:hr>174</gpxtpx:hr>
          </gpxtpx:TrackPointExtension>
        </extensions>
      </trkpt>
      <trkpt lat="22.735855772274828" lon="113.95309884337183">
        <ele>47.1701058158651</ele>
        <time>1970-01-01T00:21:40.200000Z</time>
        <extensions>
          <gpxtpx:TrackPointExtension>
            <gpxtpx:hr>174</gpxtpx:hr>
          </gpxtpx:TrackPointExtension>
        </extensions>
      </trkpt>
      <trkpt lat="22.73584949821567" lon="113.95312011349982">
        <ele>47.23464604374021</ele>
        <time>1970-01-01T00:21:41.200000Z</time>
        <extensions>
          <gpxtpx:TrackPointExtension>
            <gpxtpx:hr>174</gpxtpx:hr>
          </gpxtpx:TrackPointExtension>
        </extensions>
      </trkpt>
      <trkpt lat="22.735843618903033" lon="113.95314200103107">
        <ele>47.30485638976097</ele>
        <time>1970-01-01T00:21:42.200000Z</time>
        <extensions>
          <gpxtpx:TrackPointExtension>
            <gpxtpx:hr>174</gpxtpx:hr>
          </gpxtpx:TrackPointExtension>
        </extensions>
      </trkpt>
      <trkpt lat="22.73583839883011" lon="113.95316415002286">
        <ele>47.380474544130266</ele>
        <time>1970-01-01T00:21:43.200000Z</time>
        <extensions>
          <gpxtpx:TrackPointExtension>
            <gpxtpx:hr>174</gpxtpx:hr>
          </gpxtpx:TrackPointExtension>
        </extensions>
      </trkpt>
      <trkpt lat="22.735833891271184" lon="113.95318566156486">
        <ele>47.460045331157744</ele>
        <time>1970-01-01T00:21:44.200000Z</time>
        <extensions>
          <gpxtpx:TrackPointExtension>
            <gpxtpx:hr>174</gpxtpx:hr>
          </gpxtpx:TrackPointExtension>
        </extensions>
      </trkpt>
      <trkpt lat="22.735829716630487" lon="113.95320626380558">
        <ele>47.54255345277488</ele>
        <time>1970-01-01T00:21:45.200000Z</time>
        <extensions>
          <gpxtpx:TrackPointExtension>
            <gpxtpx:hr>174</gpxtpx:hr>
          </gpxtpx:TrackPointExtension>
        </extensions>
      </trkpt>
      <trkpt lat="22.735824975655518" lon="113.95322630471325">
        <ele>47.6265627425164</ele>
        <time>1970-01-01T00:21:46.200000Z</time>
        <extensions>
          <gpxtpx:TrackPointExtension>
            <gpxtpx:hr>174</gpxtpx:hr>
          </gpxtpx:TrackPointExtension>
        </extensions>
      </trkpt>
      <trkpt lat="22.73581921597389" lon="113.95324585742199">
        <ele>47.71058314759284</ele>
        <time>1970-01-01T00:21:47.200000Z</time>
        <extensions>
          <gpxtpx:TrackPointExtension>
            <gpxtpx:hr>173</gpxtpx:hr>
          </gpxtpx:TrackPointExtension>
        </extensions>
      </trkpt>
      <trkpt lat="22.73581236030934" lon="113.95326521821173">
        <ele>47.79294749721885</ele>
        <time>1970-01-01T00:21:48.200000Z</time>
        <extensions>
          <gpxtpx:TrackPointExtension>
            <gpxtpx:hr>173</gpxtpx:hr>
          </gpxtpx:TrackPointExtension>
        </extensions>
      </trkpt>
      <trkpt lat="22.73580467075926" lon="113.95328559297377">
        <ele>47.87209587357938</ele>
        <time>1970-01-01T00:21:49.200000Z</time>
        <extensions>
          <gpxtpx:TrackPointExtension>
            <gpxtpx:hr>173</gpxtpx:hr>
          </gpxtpx:TrackPointExtension>
        </extensions>
      </trkpt>
      <trkpt lat="22.735796662955345" lon="113.95330707159577">
        <ele>47.945645812898874</ele>
        <time>1970-01-01T00:21:50.200000Z</time>
        <extensions>
          <gpxtpx:TrackPointExtension>
            <gpxtpx:hr>173</gpxtpx:hr>
          </gpxtpx:TrackPointExtension>
        </extensions>
      </trkpt>
      <trkpt lat="22.735789076101877" lon="113.95332899630506">
        <ele>48.010822645388544</ele>
        <time>1970-01-01T00:21:51.200000Z</time>
        <extensions>
          <gpxtpx:TrackPointExtension>
            <gpxtpx:hr>173</gpxtpx:hr>
          </gpxtpx:TrackPointExtension>
        </extensions>
      </trkpt>
      <trkpt lat="22.735782636047293" lon="113.95335107086545">
        <ele>48.0650934567675</ele>
        <time>1970-01-01T00:21:52.200000Z</time>
        <extensions>
          <gpxtpx:TrackPointExtension>
            <gpxtpx:hr>173</gpxtpx:hr>
          </gpxtpx:TrackPointExtension>
        </extensions>
      </trkpt>
      <trkpt lat="22.735777207222668" lon="113.9533732565176">
        <ele>48.107155171222985</ele>
        <time>1970-01-01T00:21:53.200000Z</time>
        <extensions>
          <gpxtpx:TrackPointExtension>
            <gpxtpx:hr>173</gpxtpx:hr>
          </gpxtpx:TrackPointExtension>
        </extensions>
      </trkpt>
      <trkpt lat="22.735771830957354" lon="113.95339560720089">
        <ele>48.13730436656624</ele>
        <time>1970-01-01T00:21:54.200000Z</time>
        <extensions>
          <gpxtpx:TrackPointExtension>
            <gpxtpx:hr>173</gpxtpx:hr>
          </gpxtpx:TrackPointExtension>
        </extensions>
      </trkpt>
      <trkpt lat="22.73576595821183" lon="113.95341769027554">
        <ele>48.157593017444015</ele>
        <time>1970-01-01T00:21:55.200000Z</time>
        <extensions>
          <gpxtpx:TrackPointExtension>
            <gpxtpx:hr>173</gpxtpx:hr>
          </gpxtpx:TrackPointExtension>
        </extensions>
      </trkpt>
      <trkpt lat="22.735759798124572" lon="113.95343951949557">
        <ele>48.17152039054781</ele>
        <time>1970-01-01T00:21:56.200000Z</time>
        <extensions>
          <gpxtpx:TrackPointExtension>
            <gpxtpx:hr>173</gpxtpx:hr>
          </gpxtpx:TrackPointExtension>
        </extensions>
      </trkpt>
      <trkpt lat="22.73575340827638" lon="113.95346154643757">
        <ele>48.183102337643504</ele>
        <time>1970-01-01T00:21:57.200000Z</time>
        <extensions>
          <gpxtpx:TrackPointExtension>
            <gpxtpx:hr>172</gpxtpx:hr>
          </gpxtpx:TrackPointExtension>
        </extensions>
      </trkpt>
      <trkpt lat="22.73574678484132" lon="113.95348415342272">
        <ele>48.195682590827346</ele>
        <time>1970-01-01T00:21:58.200000Z</time>
        <extensions>
          <gpxtpx:TrackPointExtension>
            <gpxtpx:hr>172</gpxtpx:hr>
          </gpxtpx:TrackPointExtension>
        </extensions>
      </trkpt>
      <trkpt lat="22.73573967678174" lon="113.95350692461727">
        <ele>48.21150700189173</ele>
        <time>1970-01-01T00:21:59.200000Z</time>
        <extensions>
          <gpxtpx:TrackPointExtension>
            <gpxtpx:hr>172</gpxtpx:hr>
          </gpxtpx:TrackPointExtension>
        </extensions>
      </trkpt>
      <trkpt lat="22.735732003892263" lon="113.95352945251196">
        <ele>48.231635940261185</ele>
        <time>1970-01-01T00:22:00.200000Z</time>
        <extensions>
          <gpxtpx:TrackPointExtension>
            <gpxtpx:hr>173</gpxtpx:hr>
          </gpxtpx:TrackPointExtension>
        </extensions>
      </trkpt>
      <trkpt lat="22.735723950521194" lon="113.95355189171761">
        <ele>48.25615548342466</ele>
        <time>1970-01-01T00:22:01.200000Z</time>
        <extensions>
          <gpxtpx:TrackPointExtension>
            <gpxtpx:hr>173</gpxtpx:hr>
          </gpxtpx:TrackPointExtension>
        </extensions>
      </trkpt>
      <trkpt lat="22.735715994036685" lon="113.95357404639783">
        <ele>48.28454474359751</ele>
        <time>1970-01-01T00:22:02.200000Z</time>
        <extensions>
          <gpxtpx:TrackPointExtension>
            <gpxtpx:hr>173</gpxtpx:hr>
          </gpxtpx:TrackPointExtension>
        </extensions>
      </trkpt>
      <trkpt lat="22.73570851104944" lon="113.95359625817967">
        <ele>48.315969640389085</ele>
        <time>1970-01-01T00:22:03.200000Z</time>
        <extensions>
          <gpxtpx:TrackPointExtension>
            <gpxtpx:hr>173</gpxtpx:hr>
          </gpxtpx:TrackPointExtension>
        </extensions>
      </trkpt>
      <trkpt lat="22.735701674992544" lon="113.95361851511947">
        <ele>48.35006392560899</ele>
        <time>1970-01-01T00:22:04.200000Z</time>
        <extensions>
          <gpxtpx:TrackPointExtension>
            <gpxtpx:hr>173</gpxtpx:hr>
          </gpxtpx:TrackPointExtension>
        </extensions>
      </trkpt>
      <trkpt lat="22.735695151616703" lon="113.95364113820439">
        <ele>48.38666195143014</ele>
        <time>1970-01-01T00:22:05.200000Z</time>
        <extensions>
          <gpxtpx:TrackPointExtension>
            <gpxtpx:hr>173</gpxtpx:hr>
          </gpxtpx:TrackPointExtension>
        </extensions>
      </trkpt>
      <trkpt lat="22.73568849295183" lon="113.95366399867493">
        <ele>48.42572870012373</ele>
        <time>1970-01-01T00:22:06.200000Z</time>
        <extensions>
          <gpxtpx:TrackPointExtension>
            <gpxtpx:hr>171</gpxtpx:hr>
          </gpxtpx:TrackPointExtension>
        </extensions>
      </trkpt>
      <trkpt lat="22.735681486155606" lon="113.95368604544909">
        <ele>48.46727602276951</ele>
        <time>1970-01-01T00:22:07.200000Z</time>
        <extensions>
          <gpxtpx:TrackPointExtension>
            <gpxtpx:hr>171</gpxtpx:hr>
          </gpxtpx:TrackPointExtension>
        </extensions>
      </trkpt>
      <trkpt lat="22.735674266999318" lon="113.95370696430948">
        <ele>48.511669769883156</ele>
        <time>1970-01-01T00:22:08.200000Z</time>
        <extensions>
          <gpxtpx:TrackPointExtension>
            <gpxtpx:hr>171</gpxtpx:hr>
          </gpxtpx:TrackPointExtension>
        </extensions>
      </trkpt>
      <trkpt lat="22.73566684388743" lon="113.95372668275259">
        <ele>48.55856533534825</ele>
        <time>1970-01-01T00:22:09.200000Z</time>
        <extensions>
          <gpxtpx:TrackPointExtension>
            <gpxtpx:hr>171</gpxtpx:hr>
          </gpxtpx:TrackPointExtension>
        </extensions>
      </trkpt>
      <trkpt lat="22.735659242701676" lon="113.95374529723263">
        <ele>48.60750996880233</ele>
        <time>1970-01-01T00:22:10.200000Z</time>
        <extensions>
          <gpxtpx:TrackPointExtension>
            <gpxtpx:hr>171</gpxtpx:hr>
          </gpxtpx:TrackPointExtension>
        </extensions>
      </trkpt>
      <trkpt lat="22.735651347729927" lon="113.95376229466486">
        <ele>48.65803939383477</ele>
        <time>1970-01-01T00:22:11.200000Z</time>
        <extensions>
          <gpxtpx:TrackPointExtension>
            <gpxtpx:hr>171</gpxtpx:hr>
          </gpxtpx:TrackPointExtension>
        </extensions>
      </trkpt>
      <trkpt lat="22.73564225660911" lon="113.95377738540438">
        <ele>48.70963127631694</ele>
        <time>1970-01-01T00:22:12.200000Z</time>
        <extensions>
          <gpxtpx:TrackPointExtension>
            <gpxtpx:hr>172</gpxtpx:hr>
          </gpxtpx:TrackPointExtension>
        </extensions>
      </trkpt>
      <trkpt lat="22.735632317863782" lon="113.95379045915102">
        <ele>48.76147014182061</ele>
        <time>1970-01-01T00:22:13.200000Z</time>
        <extensions>
          <gpxtpx:TrackPointExtension>
            <gpxtpx:hr>172</gpxtpx:hr>
          </gpxtpx:TrackPointExtension>
        </extensions>
      </trkpt>
      <trkpt lat="22.735622581055264" lon="113.95380113144162">
        <ele>48.81201701331884</ele>
        <time>1970-01-01T00:22:14.200000Z</time>
        <extensions>
          <gpxtpx:TrackPointExtension>
            <gpxtpx:hr>172</gpxtpx:hr>
          </gpxtpx:TrackPointExtension>
        </extensions>
      </trkpt>
      <trkpt lat="22.735611846669578" lon="113.95380949404455">
        <ele>48.859398665837944</ele>
        <time>1970-01-01T00:22:15.200000Z</time>
        <extensions>
          <gpxtpx:TrackPointExtension>
            <gpxtpx:hr>172</gpxtpx:hr>
          </gpxtpx:TrackPointExtension>
        </extensions>
      </trkpt>
      <trkpt lat="22.735598875014503" lon="113.95381537044489">
        <ele>48.901766317896545</ele>
        <time>1970-01-01T00:22:16.200000Z</time>
        <extensions>
          <gpxtpx:TrackPointExtension>
            <gpxtpx:hr>172</gpxtpx:hr>
          </gpxtpx:TrackPointExtension>
        </extensions>
      </trkpt>
      <trkpt lat="22.73558364266285" lon="113.95381919328486">
        <ele>48.93714808207005</ele>
        <time>1970-01-01T00:22:17.200000Z</time>
        <extensions>
          <gpxtpx:TrackPointExtension>
            <gpxtpx:hr>175</gpxtpx:hr>
          </gpxtpx:TrackPointExtension>
        </extensions>
      </trkpt>
      <trkpt lat="22.73556727899928" lon="113.95382167977466">
        <ele>48.9642467321828</ele>
        <time>1970-01-01T00:22:18.200000Z</time>
        <extensions>
          <gpxtpx:TrackPointExtension>
            <gpxtpx:hr>175</gpxtpx:hr>
          </gpxtpx:TrackPointExtension>
        </extensions>
      </trkpt>
      <trkpt lat="22.73555111078745" lon="113.95382359840282">
        <ele>48.98255828674883</ele>
        <time>1970-01-01T00:22:19.200000Z</time>
        <extensions>
          <gpxtpx:TrackPointExtension>
            <gpxtpx:hr>175</gpxtpx:hr>
          </gpxtpx:TrackPointExtension>
        </extensions>
      </trkpt>
      <trkpt lat="22.735535465407427" lon="113.95382521312857">
        <ele>48.992052282206714</ele>
        <time>1970-01-01T00:22:20.200000Z</time>
        <extensions>
          <gpxtpx:TrackPointExtension>
            <gpxtpx:hr>175</gpxtpx:hr>
          </gpxtpx:TrackPointExtension>
        </extensions>
      </trkpt>
      <trkpt lat="22.73552000310935" lon="113.95382632215227">
        <ele>48.99266717676073</ele>
        <time>1970-01-01T00:22:21.200000Z</time>
        <extensions>
          <gpxtpx:TrackPointExtension>
            <gpxtpx:hr>175</gpxtpx:hr>
          </gpxtpx:TrackPointExtension>
        </extensions>
      </trkpt>
      <trkpt lat="22.73550466622726" lon="113.95382705000426">
        <ele>48.98437718488276</ele>
        <time>1970-01-01T00:22:22.200000Z</time>
        <extensions>
          <gpxtpx:TrackPointExtension>
            <gpxtpx:hr>175</gpxtpx:hr>
          </gpxtpx:TrackPointExtension>
        </extensions>
      </trkpt>
      <trkpt lat="22.73548934709796" lon="113.95382713418422">
        <ele>48.967115071602166</ele>
        <time>1970-01-01T00:22:23.200000Z</time>
        <extensions>
          <gpxtpx:TrackPointExtension>
            <gpxtpx:hr>173</gpxtpx:hr>
          </gpxtpx:TrackPointExtension>
        </extensions>
      </trkpt>
      <trkpt lat="22.735473478137237" lon="113.95382590828359">
        <ele>48.94087592884898</ele>
        <time>1970-01-01T00:22:24.200000Z</time>
        <extensions>
          <gpxtpx:TrackPointExtension>
            <gpxtpx:hr>173</gpxtpx:hr>
          </gpxtpx:TrackPointExtension>
        </extensions>
      </trkpt>
      <trkpt lat="22.735456073044972" lon="113.95382376010362">
        <ele>48.90591965056956</ele>
        <time>1970-01-01T00:22:25.200000Z</time>
        <extensions>
          <gpxtpx:TrackPointExtension>
            <gpxtpx:hr>173</gpxtpx:hr>
          </gpxtpx:TrackPointExtension>
        </extensions>
      </trkpt>
      <trkpt lat="22.73543756789876" lon="113.9538215862406">
        <ele>48.86313256341964</ele>
        <time>1970-01-01T00:22:26.200000Z</time>
        <extensions>
          <gpxtpx:TrackPointExtension>
            <gpxtpx:hr>173</gpxtpx:hr>
          </gpxtpx:TrackPointExtension>
        </extensions>
      </trkpt>
      <trkpt lat="22.73541854101468" lon="113.95381994761507">
        <ele>48.813611092977226</ele>
        <time>1970-01-01T00:22:27.200000Z</time>
        <extensions>
          <gpxtpx:TrackPointExtension>
            <gpxtpx:hr>173</gpxtpx:hr>
          </gpxtpx:TrackPointExtension>
        </extensions>
      </trkpt>
      <trkpt lat="22.735398678871928" lon="113.95381897259267">
        <ele>48.75863939803094</ele>
        <time>1970-01-01T00:22:28.200000Z</time>
        <extensions>
          <gpxtpx:TrackPointExtension>
            <gpxtpx:hr>173</gpxtpx:hr>
          </gpxtpx:TrackPointExtension>
        </extensions>
      </trkpt>
      <trkpt lat="22.73537806396192" lon="113.95381898304971">
        <ele>48.6995638217777</ele>
        <time>1970-01-01T00:22:29.200000Z</time>
        <extensions>
          <gpxtpx:TrackPointExtension>
            <gpxtpx:hr>173</gpxtpx:hr>
          </gpxtpx:TrackPointExtension>
        </extensions>
      </trkpt>
      <trkpt lat="22.735356615448655" lon="113.953820126792">
        <ele>48.63762629032135</ele>
        <time>1970-01-01T00:22:30.200000Z</time>
        <extensions>
          <gpxtpx:TrackPointExtension>
            <gpxtpx:hr>172</gpxtpx:hr>
          </gpxtpx:TrackPointExtension>
        </extensions>
      </trkpt>
      <trkpt lat="22.735334742499703" lon="113.95382197818778">
        <ele>48.57330699823797</ele>
        <time>1970-01-01T00:22:31.200000Z</time>
        <extensions>
          <gpxtpx:TrackPointExtension>
            <gpxtpx:hr>172</gpxtpx:hr>
          </gpxtpx:TrackPointExtension>
        </extensions>
      </trkpt>
      <trkpt lat="22.735312929305508" lon="113.95382413289451">
        <ele>48.50720100291073</ele>
        <time>1970-01-01T00:22:32.200000Z</time>
        <extensions>
          <gpxtpx:TrackPointExtension>
            <gpxtpx:hr>172</gpxtpx:hr>
          </gpxtpx:TrackPointExtension>
        </extensions>
      </trkpt>
      <trkpt lat="22.73529155622113" lon="113.95382621931338">
        <ele>48.43959865253419</ele>
        <time>1970-01-01T00:22:33.200000Z</time>
        <extensions>
          <gpxtpx:TrackPointExtension>
            <gpxtpx:hr>172</gpxtpx:hr>
          </gpxtpx:TrackPointExtension>
        </extensions>
      </trkpt>
      <trkpt lat="22.7352701394682" lon="113.95382863077316">
        <ele>48.370968730188906</ele>
        <time>1970-01-01T00:22:34.200000Z</time>
        <extensions>
          <gpxtpx:TrackPointExtension>
            <gpxtpx:hr>172</gpxtpx:hr>
          </gpxtpx:TrackPointExtension>
        </extensions>
      </trkpt>
      <trkpt lat="22.735248177200027" lon="113.95383141600988">
        <ele>48.30246876459569</ele>
        <time>1970-01-01T00:22:35.200000Z</time>
        <extensions>
          <gpxtpx:TrackPointExtension>
            <gpxtpx:hr>172</gpxtpx:hr>
          </gpxtpx:TrackPointExtension>
        </extensions>
      </trkpt>
      <trkpt lat="22.735225960822646" lon="113.95383414096261">
        <ele>48.236026708967984</ele>
        <time>1970-01-01T00:22:36.200000Z</time>
        <extensions>
          <gpxtpx:TrackPointExtension>
            <gpxtpx:hr>173</gpxtpx:hr>
          </gpxtpx:TrackPointExtension>
        </extensions>
      </trkpt>
      <trkpt lat="22.73520321472802" lon="113.95383647561684">
        <ele>48.17374014109373</ele>
        <time>1970-01-01T00:22:37.200000Z</time>
        <extensions>
          <gpxtpx:TrackPointExtension>
            <gpxtpx:hr>173</gpxtpx:hr>
          </gpxtpx:TrackPointExtension>
        </extensions>
      </trkpt>
      <trkpt lat="22.73517918948405" lon="113.95383810939303">
        <ele>48.11795883253217</ele>
        <time>1970-01-01T00:22:38.200000Z</time>
        <extensions>
          <gpxtpx:TrackPointExtension>
            <gpxtpx:hr>173</gpxtpx:hr>
          </gpxtpx:TrackPointExtension>
        </extensions>
      </trkpt>
      <trkpt lat="22.735154187721108" lon="113.95383920932143">
        <ele>48.070830383338034</ele>
        <time>1970-01-01T00:22:39.200000Z</time>
        <extensions>
          <gpxtpx:TrackPointExtension>
            <gpxtpx:hr>173</gpxtpx:hr>
          </gpxtpx:TrackPointExtension>
        </extensions>
      </trkpt>
      <trkpt lat="22.735129318332632" lon="113.95384004695555">
        <ele>48.03355141263455</ele>
        <time>1970-01-01T00:22:40.200000Z</time>
        <extensions>
          <gpxtpx:TrackPointExtension>
            <gpxtpx:hr>173</gpxtpx:hr>
          </gpxtpx:TrackPointExtension>
        </extensions>
      </trkpt>
      <trkpt lat="22.735105173652165" lon="113.95384014332346">
        <ele>48.00621024239808</ele>
        <time>1970-01-01T00:22:41.200000Z</time>
        <extensions>
          <gpxtpx:TrackPointExtension>
            <gpxtpx:hr>173</gpxtpx:hr>
          </gpxtpx:TrackPointExtension>
        </extensions>
      </trkpt>
      <trkpt lat="22.735081148897468" lon="113.95383923748221">
        <ele>47.98805689252913</ele>
        <time>1970-01-01T00:22:42.200000Z</time>
        <extensions>
          <gpxtpx:TrackPointExtension>
            <gpxtpx:hr>173</gpxtpx:hr>
          </gpxtpx:TrackPointExtension>
        </extensions>
      </trkpt>
      <trkpt lat="22.73505690217782" lon="113.95383775298242">
        <ele>47.97737612109631</ele>
        <time>1970-01-01T00:22:43.200000Z</time>
        <extensions>
          <gpxtpx:TrackPointExtension>
            <gpxtpx:hr>174</gpxtpx:hr>
          </gpxtpx:TrackPointExtension>
        </extensions>
      </trkpt>
      <trkpt lat="22.735032815523244" lon="113.95383601106896">
        <ele>47.97159117460251</ele>
        <time>1970-01-01T00:22:44.200000Z</time>
        <extensions>
          <gpxtpx:TrackPointExtension>
            <gpxtpx:hr>174</gpxtpx:hr>
          </gpxtpx:TrackPointExtension>
        </extensions>
      </trkpt>
      <trkpt lat="22.735009300116126" lon="113.95383428128243">
        <ele>47.967942114919424</ele>
        <time>1970-01-01T00:22:45.200000Z</time>
        <extensions>
          <gpxtpx:TrackPointExtension>
            <gpxtpx:hr>174</gpxtpx:hr>
          </gpxtpx:TrackPointExtension>
        </extensions>
      </trkpt>
      <trkpt lat="22.734986023527448" lon="113.95383302020038">
        <ele>47.96379188168794</ele>
        <time>1970-01-01T00:22:46.200000Z</time>
        <extensions>
          <gpxtpx:TrackPointExtension>
            <gpxtpx:hr>174</gpxtpx:hr>
          </gpxtpx:TrackPointExtension>
        </extensions>
      </trkpt>
      <trkpt lat="22.734962670630654" lon="113.95383315252879">
        <ele>47.95775001030415</ele>
        <time>1970-01-01T00:22:47.200000Z</time>
        <extensions>
          <gpxtpx:TrackPointExtension>
            <gpxtpx:hr>174</gpxtpx:hr>
          </gpxtpx:TrackPointExtension>
        </extensions>
      </trkpt>
      <trkpt lat="22.73493931453562" lon="113.95383455939587">
        <ele>47.949833801947534</ele>
        <time>1970-01-01T00:22:48.200000Z</time>
        <extensions>
          <gpxtpx:TrackPointExtension>
            <gpxtpx:hr>174</gpxtpx:hr>
          </gpxtpx:TrackPointExtension>
        </extensions>
      </trkpt>
      <trkpt lat="22.73491620151356" lon="113.95383643064808">
        <ele>47.941241507418454</ele>
        <time>1970-01-01T00:22:49.200000Z</time>
        <extensions>
          <gpxtpx:TrackPointExtension>
            <gpxtpx:hr>174</gpxtpx:hr>
          </gpxtpx:TrackPointExtension>
        </extensions>
      </trkpt>
      <trkpt lat="22.73489365938239" lon="113.95383816965472">
        <ele>47.934149133972824</ele>
        <time>1970-01-01T00:22:50.200000Z</time>
        <extensions>
          <gpxtpx:TrackPointExtension>
            <gpxtpx:hr>174</gpxtpx:hr>
          </gpxtpx:TrackPointExtension>
        </extensions>
      </trkpt>
      <trkpt lat="22.73487145088798" lon="113.9538394380325">
        <ele>47.931526677682996</ele>
        <time>1970-01-01T00:22:51.200000Z</time>
        <extensions>
          <gpxtpx:TrackPointExtension>
            <gpxtpx:hr>174</gpxtpx:hr>
          </gpxtpx:TrackPointExtension>
        </extensions>
      </trkpt>
      <trkpt lat="22.73484922982948" lon="113.95383980395766">
        <ele>47.935512240976095</ele>
        <time>1970-01-01T00:22:52.200000Z</time>
        <extensions>
          <gpxtpx:TrackPointExtension>
            <gpxtpx:hr>168</gpxtpx:hr>
          </gpxtpx:TrackPointExtension>
        </extensions>
      </trkpt>
      <trkpt lat="22.734826844730332" lon="113.95383927160655">
        <ele>47.946868823841214</ele>
        <time>1970-01-01T00:22:53.200000Z</time>
        <extensions>
          <gpxtpx:TrackPointExtension>
            <gpxtpx:hr>168</gpxtpx:hr>
          </gpxtpx:TrackPointExtension>
        </extensions>
      </trkpt>
      <trkpt lat="22.734804176473748" lon="113.95383811737658">
        <ele>47.96587438322604</ele>
        <time>1970-01-01T00:22:54.200000Z</time>
        <extensions>
          <gpxtpx:TrackPointExtension>
            <gpxtpx:hr>168</gpxtpx:hr>
          </gpxtpx:TrackPointExtension>
        </extensions>
      </trkpt>
      <trkpt lat="22.734781029106735" lon="113.95383703124521">
        <ele>47.991298880428076</ele>
        <time>1970-01-01T00:22:55.200000Z</time>
        <extensions>
          <gpxtpx:TrackPointExtension>
            <gpxtpx:hr>168</gpxtpx:hr>
          </gpxtpx:TrackPointExtension>
        </extensions>
      </trkpt>
      <trkpt lat="22.734757549720076" lon="113.95383678691526">
        <ele>48.02052733488381</ele>
        <time>1970-01-01T00:22:56.200000Z</time>
        <extensions>
          <gpxtpx:TrackPointExtension>
            <gpxtpx:hr>168</gpxtpx:hr>
          </gpxtpx:TrackPointExtension>
        </extensions>
      </trkpt>
      <trkpt lat="22.734733755876896" lon="113.95383814006281">
        <ele>48.049892033450305</ele>
        <time>1970-01-01T00:22:57.200000Z</time>
        <extensions>
          <gpxtpx:TrackPointExtension>
            <gpxtpx:hr>168</gpxtpx:hr>
          </gpxtpx:TrackPointExtension>
        </extensions>
      </trkpt>
      <trkpt lat="22.73470996025144" lon="113.95384118628907">
        <ele>48.0753433117643</ele>
        <time>1970-01-01T00:22:58.200000Z</time>
        <extensions>
          <gpxtpx:TrackPointExtension>
            <gpxtpx:hr>168</gpxtpx:hr>
          </gpxtpx:TrackPointExtension>
        </extensions>
      </trkpt>
      <trkpt lat="22.734687101297542" lon="113.95384497808446">
        <ele>48.09206465166062</ele>
        <time>1970-01-01T00:22:59.200000Z</time>
        <extensions>
          <gpxtpx:TrackPointExtension>
            <gpxtpx:hr>168</gpxtpx:hr>
          </gpxtpx:TrackPointExtension>
        </extensions>
      </trkpt>
      <trkpt lat="22.734665024303364" lon="113.95384834825616">
        <ele>48.09631276503205</ele>
        <time>1970-01-01T00:23:00.200000Z</time>
        <extensions>
          <gpxtpx:TrackPointExtension>
            <gpxtpx:hr>168</gpxtpx:hr>
          </gpxtpx:TrackPointExtension>
        </extensions>
      </trkpt>
      <trkpt lat="22.734642930566825" lon="113.95385062771706">
        <ele>48.08571538049728</ele>
        <time>1970-01-01T00:23:01.200000Z</time>
        <extensions>
          <gpxtpx:TrackPointExtension>
            <gpxtpx:hr>168</gpxtpx:hr>
          </gpxtpx:TrackPointExtension>
        </extensions>
      </trkpt>
      <trkpt lat="22.734620309055384" lon="113.953851554399">
        <ele>48.060371476225555</ele>
        <time>1970-01-01T00:23:02.200000Z</time>
        <extensions>
          <gpxtpx:TrackPointExtension>
            <gpxtpx:hr>168</gpxtpx:hr>
          </gpxtpx:TrackPointExtension>
        </extensions>
      </trkpt>
      <trkpt lat="22.73459756126817" lon="113.9538514358054">
        <ele>48.02368078287691</ele>
        <time>1970-01-01T00:23:03.200000Z</time>
        <extensions>
          <gpxtpx:TrackPointExtension>
            <gpxtpx:hr>168</gpxtpx:hr>
          </gpxtpx:TrackPointExtension>
        </extensions>
      </trkpt>
      <trkpt lat="22.734574811950722" lon="113.95385099217553">
        <ele>47.981737532652915</ele>
        <time>1970-01-01T00:23:04.200000Z</time>
        <extensions>
          <gpxtpx:TrackPointExtension>
            <gpxtpx:hr>168</gpxtpx:hr>
          </gpxtpx:TrackPointExtension>
        </extensions>
      </trkpt>
      <trkpt lat="22.73455238388383" lon="113.95385072834209">
        <ele>47.940821384079754</ele>
        <time>1970-01-01T00:23:05.200000Z</time>
        <extensions>
          <gpxtpx:TrackPointExtension>
            <gpxtpx:hr>168</gpxtpx:hr>
          </gpxtpx:TrackPointExtension>
        </extensions>
      </trkpt>
      <trkpt lat="22.734530463523853" lon="113.9538505683006">
        <ele>47.90709242131561</ele>
        <time>1970-01-01T00:23:06.200000Z</time>
        <extensions>
          <gpxtpx:TrackPointExtension>
            <gpxtpx:hr>169</gpxtpx:hr>
          </gpxtpx:TrackPointExtension>
        </extensions>
      </trkpt>
      <trkpt lat="22.73450871714902" lon="113.9538507582711">
        <ele>47.88566633686423</ele>
        <time>1970-01-01T00:23:07.200000Z</time>
        <extensions>
          <gpxtpx:TrackPointExtension>
            <gpxtpx:hr>169</gpxtpx:hr>
          </gpxtpx:TrackPointExtension>
        </extensions>
      </trkpt>
      <trkpt lat="22.734486974523563" lon="113.95385180032633">
        <ele>47.87857669591904</ele>
        <time>1970-01-01T00:23:08.200000Z</time>
        <extensions>
          <gpxtpx:TrackPointExtension>
            <gpxtpx:hr>169</gpxtpx:hr>
          </gpxtpx:TrackPointExtension>
        </extensions>
      </trkpt>
      <trkpt lat="22.73446520649073" lon="113.95385349248492">
        <ele>47.88534994609654</ele>
        <time>1970-01-01T00:23:09.200000Z</time>
        <extensions>
          <gpxtpx:TrackPointExtension>
            <gpxtpx:hr>169</gpxtpx:hr>
          </gpxtpx:TrackPointExtension>
        </extensions>
      </trkpt>
      <trkpt lat="22.734443837357958" lon="113.9538550549702">
        <ele>47.90352859534323</ele>
        <time>1970-01-01T00:23:10.200000Z</time>
        <extensions>
          <gpxtpx:TrackPointExtension>
            <gpxtpx:hr>169</gpxtpx:hr>
          </gpxtpx:TrackPointExtension>
        </extensions>
      </trkpt>
      <trkpt lat="22.73442278036004" lon="113.95385607766593">
        <ele>47.928699960932136</ele>
        <time>1970-01-01T00:23:11.200000Z</time>
        <extensions>
          <gpxtpx:TrackPointExtension>
            <gpxtpx:hr>169</gpxtpx:hr>
          </gpxtpx:TrackPointExtension>
        </extensions>
      </trkpt>
      <trkpt lat="22.734401825741774" lon="113.95385602365286">
        <ele>47.95461177546531</ele>
        <time>1970-01-01T00:23:12.200000Z</time>
        <extensions>
          <gpxtpx:TrackPointExtension>
            <gpxtpx:hr>169</gpxtpx:hr>
          </gpxtpx:TrackPointExtension>
        </extensions>
      </trkpt>
      <trkpt lat="22.73438060147311" lon="113.95385413598707">
        <ele>47.974496657028794</ele>
        <time>1970-01-01T00:23:13.200000Z</time>
        <extensions>
          <gpxtpx:TrackPointExtension>
            <gpxtpx:hr>169</gpxtpx:hr>
          </gpxtpx:TrackPointExtension>
        </extensions>
      </trkpt>
      <trkpt lat="22.734359316515334" lon="113.95385027155605">
        <ele>47.98228446487337</ele>
        <time>1970-01-01T00:23:14.200000Z</time>
        <extensions>
          <gpxtpx:TrackPointExtension>
            <gpxtpx:hr>169</gpxtpx:hr>
          </gpxtpx:TrackPointExtension>
        </extensions>
      </trkpt>
      <trkpt lat="22.734338481719615" lon="113.95384524676022">
        <ele>47.97425443865359</ele>
        <time>1970-01-01T00:23:15.200000Z</time>
        <extensions>
          <gpxtpx:TrackPointExtension>
            <gpxtpx:hr>169</gpxtpx:hr>
          </gpxtpx:TrackPointExtension>
        </extensions>
      </trkpt>
      <trkpt lat="22.734318220522205" lon="113.95383984094188">
        <ele>47.94956088718027</ele>
        <time>1970-01-01T00:23:16.200000Z</time>
        <extensions>
          <gpxtpx:TrackPointExtension>
            <gpxtpx:hr>169</gpxtpx:hr>
          </gpxtpx:TrackPointExtension>
        </extensions>
      </trkpt>
      <trkpt lat="22.73429842744829" lon="113.95383491958314">
        <ele>47.90997570194304</ele>
        <time>1970-01-01T00:23:17.200000Z</time>
        <extensions>
          <gpxtpx:TrackPointExtension>
            <gpxtpx:hr>168</gpxtpx:hr>
          </gpxtpx:TrackPointExtension>
        </extensions>
      </trkpt>
      <trkpt lat="22.734278957100123" lon="113.95383137913196">
        <ele>47.85976067837328</ele>
        <time>1970-01-01T00:23:18.200000Z</time>
        <extensions>
          <gpxtpx:TrackPointExtension>
            <gpxtpx:hr>168</gpxtpx:hr>
          </gpxtpx:TrackPointExtension>
        </extensions>
      </trkpt>
      <trkpt lat="22.734261012431144" lon="113.95382779588037">
        <ele>47.80412457790226</ele>
        <time>1970-01-01T00:23:19.200000Z</time>
        <extensions>
          <gpxtpx:TrackPointExtension>
            <gpxtpx:hr>168</gpxtpx:hr>
          </gpxtpx:TrackPointExtension>
        </extensions>
      </trkpt>
      <trkpt lat="22.734244838259546" lon="113.95382298706603">
        <ele>47.74781893286854</ele>
        <time>1970-01-01T00:23:20.200000Z</time>
        <extensions>
          <gpxtpx:TrackPointExtension>
            <gpxtpx:hr>168</gpxtpx:hr>
          </gpxtpx:TrackPointExtension>
        </extensions>
      </trkpt>
      <trkpt lat="22.73422921040697" lon="113.95381787731407">
        <ele>47.69448188506067</ele>
        <time>1970-01-01T00:23:21.200000Z</time>
        <extensions>
          <gpxtpx:TrackPointExtension>
            <gpxtpx:hr>168</gpxtpx:hr>
          </gpxtpx:TrackPointExtension>
        </extensions>
      </trkpt>
      <trkpt lat="22.734212988968103" lon="113.95381301243664">
        <ele>47.646718284115195</ele>
        <time>1970-01-01T00:23:22.200000Z</time>
        <extensions>
          <gpxtpx:TrackPointExtension>
            <gpxtpx:hr>168</gpxtpx:hr>
          </gpxtpx:TrackPointExtension>
        </extensions>
      </trkpt>
      <trkpt lat="22.73419590073683" lon="113.95380877749501">
        <ele>47.605765268206596</ele>
        <time>1970-01-01T00:23:23.200000Z</time>
        <extensions>
          <gpxtpx:TrackPointExtension>
            <gpxtpx:hr>168</gpxtpx:hr>
          </gpxtpx:TrackPointExtension>
        </extensions>
      </trkpt>
      <trkpt lat="22.73417804667712" lon="113.95380563889923">
        <ele>47.571972944773734</ele>
        <time>1970-01-01T00:23:24.200000Z</time>
        <extensions>
          <gpxtpx:TrackPointExtension>
            <gpxtpx:hr>168</gpxtpx:hr>
          </gpxtpx:TrackPointExtension>
        </extensions>
      </trkpt>
      <trkpt lat="22.734159998375162" lon="113.95380362728775">
        <ele>47.54492925014347</ele>
        <time>1970-01-01T00:23:25.200000Z</time>
        <extensions>
          <gpxtpx:TrackPointExtension>
            <gpxtpx:hr>168</gpxtpx:hr>
          </gpxtpx:TrackPointExtension>
        </extensions>
      </trkpt>
      <trkpt lat="22.734141936632014" lon="113.95380254724309">
        <ele>47.52340753003955</ele>
        <time>1970-01-01T00:23:26.200000Z</time>
        <extensions>
          <gpxtpx:TrackPointExtension>
            <gpxtpx:hr>168</gpxtpx:hr>
          </gpxtpx:TrackPointExtension>
        </extensions>
      </trkpt>
      <trkpt lat="22.73412288790741" lon="113.95380247840784">
        <ele>47.50576101988554</ele>
        <time>1970-01-01T00:23:27.200000Z</time>
        <extensions>
          <gpxtpx:TrackPointExtension>
            <gpxtpx:hr>170</gpxtpx:hr>
          </gpxtpx:TrackPointExtension>
        </extensions>
      </trkpt>
      <trkpt lat="22.734102229230015" lon="113.9538032382425">
        <ele>47.48973260447383</ele>
        <time>1970-01-01T00:23:28.200000Z</time>
        <extensions>
          <gpxtpx:TrackPointExtension>
            <gpxtpx:hr>170</gpxtpx:hr>
          </gpxtpx:TrackPointExtension>
        </extensions>
      </trkpt>
      <trkpt lat="22.734080658262002" lon="113.9538044212313">
        <ele>47.47285781800747</ele>
        <time>1970-01-01T00:23:29.200000Z</time>
        <extensions>
          <gpxtpx:TrackPointExtension>
            <gpxtpx:hr>170</gpxtpx:hr>
          </gpxtpx:TrackPointExtension>
        </extensions>
      </trkpt>
      <trkpt lat="22.734058737641757" lon="113.95380617399681">
        <ele>47.45281933248043</ele>
        <time>1970-01-01T00:23:30.200000Z</time>
        <extensions>
          <gpxtpx:TrackPointExtension>
            <gpxtpx:hr>170</gpxtpx:hr>
          </gpxtpx:TrackPointExtension>
        </extensions>
      </trkpt>
      <trkpt lat="22.734037113178466" lon="113.9538089038517">
        <ele>47.42767129652202</ele>
        <time>1970-01-01T00:23:31.200000Z</time>
        <extensions>
          <gpxtpx:TrackPointExtension>
            <gpxtpx:hr>170</gpxtpx:hr>
          </gpxtpx:TrackPointExtension>
        </extensions>
      </trkpt>
      <trkpt lat="22.734015885942433" lon="113.9538130941557">
        <ele>47.39578587003052</ele>
        <time>1970-01-01T00:23:32.200000Z</time>
        <extensions>
          <gpxtpx:TrackPointExtension>
            <gpxtpx:hr>170</gpxtpx:hr>
          </gpxtpx:TrackPointExtension>
        </extensions>
      </trkpt>
      <trkpt lat="22.73399469041003" lon="113.95381899735156">
        <ele>47.356284314766526</ele>
        <time>1970-01-01T00:23:33.200000Z</time>
        <extensions>
          <gpxtpx:TrackPointExtension>
            <gpxtpx:hr>167</gpxtpx:hr>
          </gpxtpx:TrackPointExtension>
        </extensions>
      </trkpt>
      <trkpt lat="22.733973173790158" lon="113.95382628041415">
        <ele>47.30894482694566</ele>
        <time>1970-01-01T00:23:34.200000Z</time>
        <extensions>
          <gpxtpx:TrackPointExtension>
            <gpxtpx:hr>167</gpxtpx:hr>
          </gpxtpx:TrackPointExtension>
        </extensions>
      </trkpt>
      <trkpt lat="22.733951120958082" lon="113.95383452649115">
        <ele>47.25413128826767</ele>
        <time>1970-01-01T00:23:35.200000Z</time>
        <extensions>
          <gpxtpx:TrackPointExtension>
            <gpxtpx:hr>167</gpxtpx:hr>
          </gpxtpx:TrackPointExtension>
        </extensions>
      </trkpt>
      <trkpt lat="22.7339292618114" lon="113.95384333192297">
        <ele>47.192687537521124</ele>
        <time>1970-01-01T00:23:36.200000Z</time>
        <extensions>
          <gpxtpx:TrackPointExtension>
            <gpxtpx:hr>167</gpxtpx:hr>
          </gpxtpx:TrackPointExtension>
        </extensions>
      </trkpt>
      <trkpt lat="22.733908025840936" lon="113.95385203074935">
        <ele>47.125962149351835</ele>
        <time>1970-01-01T00:23:37.200000Z</time>
        <extensions>
          <gpxtpx:TrackPointExtension>
            <gpxtpx:hr>164</gpxtpx:hr>
          </gpxtpx:TrackPointExtension>
        </extensions>
      </trkpt>
      <trkpt lat="22.733887544930067" lon="113.95385994640392">
        <ele>47.05560138449073</ele>
        <time>1970-01-01T00:23:38.200000Z</time>
        <extensions>
          <gpxtpx:TrackPointExtension>
            <gpxtpx:hr>164</gpxtpx:hr>
          </gpxtpx:TrackPointExtension>
        </extensions>
      </trkpt>
      <trkpt lat="22.733867487283728" lon="113.95386731117355">
        <ele>46.98334298003465</ele>
        <time>1970-01-01T00:23:39.200000Z</time>
        <extensions>
          <gpxtpx:TrackPointExtension>
            <gpxtpx:hr>164</gpxtpx:hr>
          </gpxtpx:TrackPointExtension>
        </extensions>
      </trkpt>
      <trkpt lat="22.733847351502263" lon="113.95387488486325">
        <ele>46.9107806943357</ele>
        <time>1970-01-01T00:23:40.200000Z</time>
        <extensions>
          <gpxtpx:TrackPointExtension>
            <gpxtpx:hr>164</gpxtpx:hr>
          </gpxtpx:TrackPointExtension>
        </extensions>
      </trkpt>
      <trkpt lat="22.733826840024918" lon="113.95388223756316">
        <ele>46.83920968789607</ele>
        <time>1970-01-01T00:23:41.200000Z</time>
        <extensions>
          <gpxtpx:TrackPointExtension>
            <gpxtpx:hr>165</gpxtpx:hr>
          </gpxtpx:TrackPointExtension>
        </extensions>
      </trkpt>
      <trkpt lat="22.733805705419794" lon="113.95388899556833">
        <ele>46.7694046003744</ele>
        <time>1970-01-01T00:23:42.200000Z</time>
        <extensions>
          <gpxtpx:TrackPointExtension>
            <gpxtpx:hr>165</gpxtpx:hr>
          </gpxtpx:TrackPointExtension>
        </extensions>
      </trkpt>
      <trkpt lat="22.733783950742065" lon="113.95389498343121">
        <ele>46.701491243205965</ele>
        <time>1970-01-01T00:23:43.200000Z</time>
        <extensions>
          <gpxtpx:TrackPointExtension>
            <gpxtpx:hr>165</gpxtpx:hr>
          </gpxtpx:TrackPointExtension>
        </extensions>
      </trkpt>
      <trkpt lat="22.733761748541102" lon="113.95390012048138">
        <ele>46.6350686037913</ele>
        <time>1970-01-01T00:23:44.200000Z</time>
        <extensions>
          <gpxtpx:TrackPointExtension>
            <gpxtpx:hr>165</gpxtpx:hr>
          </gpxtpx:TrackPointExtension>
        </extensions>
      </trkpt>
      <trkpt lat="22.733739359974894" lon="113.95390426360636">
        <ele>46.569461423903704</ele>
        <time>1970-01-01T00:23:45.200000Z</time>
        <extensions>
          <gpxtpx:TrackPointExtension>
            <gpxtpx:hr>165</gpxtpx:hr>
          </gpxtpx:TrackPointExtension>
        </extensions>
      </trkpt>
      <trkpt lat="22.733716811812346" lon="113.95390755322244">
        <ele>46.504129242151976</ele>
        <time>1970-01-01T00:23:46.200000Z</time>
        <extensions>
          <gpxtpx:TrackPointExtension>
            <gpxtpx:hr>164</gpxtpx:hr>
          </gpxtpx:TrackPointExtension>
        </extensions>
      </trkpt>
      <trkpt lat="22.73369358268473" lon="113.95391046721694">
        <ele>46.43869161512703</ele>
        <time>1970-01-01T00:23:47.200000Z</time>
        <extensions>
          <gpxtpx:TrackPointExtension>
            <gpxtpx:hr>164</gpxtpx:hr>
          </gpxtpx:TrackPointExtension>
        </extensions>
      </trkpt>
      <trkpt lat="22.73367015171932" lon="113.95391305890737">
        <ele>46.37297186348587</ele>
        <time>1970-01-01T00:23:48.200000Z</time>
        <extensions>
          <gpxtpx:TrackPointExtension>
            <gpxtpx:hr>164</gpxtpx:hr>
          </gpxtpx:TrackPointExtension>
        </extensions>
      </trkpt>
      <trkpt lat="22.733647297799674" lon="113.95391492448135">
        <ele>46.30695898924023</ele>
        <time>1970-01-01T00:23:49.200000Z</time>
        <extensions>
          <gpxtpx:TrackPointExtension>
            <gpxtpx:hr>164</gpxtpx:hr>
          </gpxtpx:TrackPointExtension>
        </extensions>
      </trkpt>
      <trkpt lat="22.73362513355535" lon="113.95391581933113">
        <ele>46.2407844606787</ele>
        <time>1970-01-01T00:23:50.200000Z</time>
        <extensions>
          <gpxtpx:TrackPointExtension>
            <gpxtpx:hr>164</gpxtpx:hr>
          </gpxtpx:TrackPointExtension>
        </extensions>
      </trkpt>
      <trkpt lat="22.733602879166998" lon="113.95391598453486">
        <ele>46.174542288295925</ele>
        <time>1970-01-01T00:23:51.200000Z</time>
        <extensions>
          <gpxtpx:TrackPointExtension>
            <gpxtpx:hr>164</gpxtpx:hr>
          </gpxtpx:TrackPointExtension>
        </extensions>
      </trkpt>
      <trkpt lat="22.733580389010122" lon="113.95391552549427">
        <ele>46.10832448210567</ele>
        <time>1970-01-01T00:23:52.200000Z</time>
        <extensions>
          <gpxtpx:TrackPointExtension>
            <gpxtpx:hr>165</gpxtpx:hr>
          </gpxtpx:TrackPointExtension>
        </extensions>
      </trkpt>
      <trkpt lat="22.733558394188556" lon="113.95391423374254">
        <ele>46.04224646091461</ele>
        <time>1970-01-01T00:23:53.200000Z</time>
        <extensions>
          <gpxtpx:TrackPointExtension>
            <gpxtpx:hr>165</gpxtpx:hr>
          </gpxtpx:TrackPointExtension>
        </extensions>
      </trkpt>
      <trkpt lat="22.733537058429995" lon="113.95391243015219">
        <ele>45.97647171188146</ele>
        <time>1970-01-01T00:23:54.200000Z</time>
        <extensions>
          <gpxtpx:TrackPointExtension>
            <gpxtpx:hr>165</gpxtpx:hr>
          </gpxtpx:TrackPointExtension>
        </extensions>
      </trkpt>
      <trkpt lat="22.733516349245484" lon="113.95391052769229">
        <ele>45.91103361733258</ele>
        <time>1970-01-01T00:23:55.200000Z</time>
        <extensions>
          <gpxtpx:TrackPointExtension>
            <gpxtpx:hr>165</gpxtpx:hr>
          </gpxtpx:TrackPointExtension>
        </extensions>
      </trkpt>
      <trkpt lat="22.733495730293043" lon="113.95390927035565">
        <ele>45.84587070439011</ele>
        <time>1970-01-01T00:23:56.200000Z</time>
        <extensions>
          <gpxtpx:TrackPointExtension>
            <gpxtpx:hr>166</gpxtpx:hr>
          </gpxtpx:TrackPointExtension>
        </extensions>
      </trkpt>
      <trkpt lat="22.733475096701003" lon="113.95390900086832">
        <ele>45.780862915329635</ele>
        <time>1970-01-01T00:23:57.200000Z</time>
        <extensions>
          <gpxtpx:TrackPointExtension>
            <gpxtpx:hr>166</gpxtpx:hr>
          </gpxtpx:TrackPointExtension>
        </extensions>
      </trkpt>
      <trkpt lat="22.733454149318863" lon="113.95391011566042">
        <ele>45.715922113507986</ele>
        <time>1970-01-01T00:23:58.200000Z</time>
        <extensions>
          <gpxtpx:TrackPointExtension>
            <gpxtpx:hr>166</gpxtpx:hr>
          </gpxtpx:TrackPointExtension>
        </extensions>
      </trkpt>
      <trkpt lat="22.733432466019952" lon="113.95391325155907">
        <ele>45.650943827815354</ele>
        <time>1970-01-01T00:23:59.200000Z</time>
        <extensions>
          <gpxtpx:TrackPointExtension>
            <gpxtpx:hr>166</gpxtpx:hr>
          </gpxtpx:TrackPointExtension>
        </extensions>
      </trkpt>
      <trkpt lat="22.733409741959058" lon="113.95391890694549">
        <ele>45.586079405620694</ele>
        <time>1970-01-01T00:24:00.200000Z</time>
        <extensions>
          <gpxtpx:TrackPointExtension>
            <gpxtpx:hr>165</gpxtpx:hr>
          </gpxtpx:TrackPointExtension>
        </extensions>
      </trkpt>
      <trkpt lat="22.73338653214647" lon="113.95392694998446">
        <ele>45.52138744387776</ele>
        <time>1970-01-01T00:24:01.200000Z</time>
        <extensions>
          <gpxtpx:TrackPointExtension>
            <gpxtpx:hr>165</gpxtpx:hr>
          </gpxtpx:TrackPointExtension>
        </extensions>
      </trkpt>
      <trkpt lat="22.73336288229928" lon="113.9539365188818">
        <ele>45.45681072212756</ele>
        <time>1970-01-01T00:24:02.200000Z</time>
        <extensions>
          <gpxtpx:TrackPointExtension>
            <gpxtpx:hr>165</gpxtpx:hr>
          </gpxtpx:TrackPointExtension>
        </extensions>
      </trkpt>
      <trkpt lat="22.733339242448814" lon="113.95394665271468">
        <ele>45.39222468342632</ele>
        <time>1970-01-01T00:24:03.200000Z</time>
        <extensions>
          <gpxtpx:TrackPointExtension>
            <gpxtpx:hr>165</gpxtpx:hr>
          </gpxtpx:TrackPointExtension>
        </extensions>
      </trkpt>
      <trkpt lat="22.733315962364305" lon="113.95395730442897">
        <ele>45.32713327277452</ele>
        <time>1970-01-01T00:24:04.200000Z</time>
        <extensions>
          <gpxtpx:TrackPointExtension>
            <gpxtpx:hr>165</gpxtpx:hr>
          </gpxtpx:TrackPointExtension>
        </extensions>
      </trkpt>
      <trkpt lat="22.733293164051496" lon="113.95396826286137">
        <ele>45.26066004950553</ele>
        <time>1970-01-01T00:24:05.200000Z</time>
        <extensions>
          <gpxtpx:TrackPointExtension>
            <gpxtpx:hr>164</gpxtpx:hr>
          </gpxtpx:TrackPointExtension>
        </extensions>
      </trkpt>
      <trkpt lat="22.733270688948764" lon="113.9539793571222">
        <ele>45.19182982202619</ele>
        <time>1970-01-01T00:24:06.200000Z</time>
        <extensions>
          <gpxtpx:TrackPointExtension>
            <gpxtpx:hr>164</gpxtpx:hr>
          </gpxtpx:TrackPointExtension>
        </extensions>
      </trkpt>
      <trkpt lat="22.733248138131678" lon="113.95399012811484">
        <ele>45.11972571630031</ele>
        <time>1970-01-01T00:24:07.200000Z</time>
        <extensions>
          <gpxtpx:TrackPointExtension>
            <gpxtpx:hr>164</gpxtpx:hr>
          </gpxtpx:TrackPointExtension>
        </extensions>
      </trkpt>
      <trkpt lat="22.733225897601905" lon="113.95399986238377">
        <ele>45.0434131398797</ele>
        <time>1970-01-01T00:24:08.200000Z</time>
        <extensions>
          <gpxtpx:TrackPointExtension>
            <gpxtpx:hr>164</gpxtpx:hr>
          </gpxtpx:TrackPointExtension>
        </extensions>
      </trkpt>
      <trkpt lat="22.73320406763595" lon="113.95400788195359">
        <ele>44.9623811757192</ele>
        <time>1970-01-01T00:24:09.200000Z</time>
        <extensions>
          <gpxtpx:TrackPointExtension>
            <gpxtpx:hr>164</gpxtpx:hr>
          </gpxtpx:TrackPointExtension>
        </extensions>
      </trkpt>
      <trkpt lat="22.733182776010256" lon="113.9540141582305">
        <ele>44.876450911164284</ele>
        <time>1970-01-01T00:24:10.200000Z</time>
        <extensions>
          <gpxtpx:TrackPointExtension>
            <gpxtpx:hr>165</gpxtpx:hr>
          </gpxtpx:TrackPointExtension>
        </extensions>
      </trkpt>
      <trkpt lat="22.733161853866868" lon="113.95401937419558">
        <ele>44.786247770302</ele>
        <time>1970-01-01T00:24:11.200000Z</time>
        <extensions>
          <gpxtpx:TrackPointExtension>
            <gpxtpx:hr>165</gpxtpx:hr>
          </gpxtpx:TrackPointExtension>
        </extensions>
      </trkpt>
      <trkpt lat="22.733139999316773" lon="113.95402424474416">
        <ele>44.69345750566572</ele>
        <time>1970-01-01T00:24:12.200000Z</time>
        <extensions>
          <gpxtpx:TrackPointExtension>
            <gpxtpx:hr>165</gpxtpx:hr>
          </gpxtpx:TrackPointExtension>
        </extensions>
      </trkpt>
      <trkpt lat="22.733116952831004" lon="113.95402900432437">
        <ele>44.60017899610102</ele>
        <time>1970-01-01T00:24:13.200000Z</time>
        <extensions>
          <gpxtpx:TrackPointExtension>
            <gpxtpx:hr>165</gpxtpx:hr>
          </gpxtpx:TrackPointExtension>
        </extensions>
      </trkpt>
      <trkpt lat="22.7330931497479" lon="113.95403319905071">
        <ele>44.509051252156496</ele>
        <time>1970-01-01T00:24:14.200000Z</time>
        <extensions>
          <gpxtpx:TrackPointExtension>
            <gpxtpx:hr>165</gpxtpx:hr>
          </gpxtpx:TrackPointExtension>
        </extensions>
      </trkpt>
      <trkpt lat="22.733068888457613" lon="113.95403650876261">
        <ele>44.42283372487873</ele>
        <time>1970-01-01T00:24:15.200000Z</time>
        <extensions>
          <gpxtpx:TrackPointExtension>
            <gpxtpx:hr>164</gpxtpx:hr>
          </gpxtpx:TrackPointExtension>
        </extensions>
      </trkpt>
      <trkpt lat="22.73304466916585" lon="113.95403960830315">
        <ele>44.343934353441</ele>
        <time>1970-01-01T00:24:16.200000Z</time>
        <extensions>
          <gpxtpx:TrackPointExtension>
            <gpxtpx:hr>164</gpxtpx:hr>
          </gpxtpx:TrackPointExtension>
        </extensions>
      </trkpt>
      <trkpt lat="22.733020778926633" lon="113.95404350799048">
        <ele>44.273927533999085</ele>
        <time>1970-01-01T00:24:17.200000Z</time>
        <extensions>
          <gpxtpx:TrackPointExtension>
            <gpxtpx:hr>164</gpxtpx:hr>
          </gpxtpx:TrackPointExtension>
        </extensions>
      </trkpt>
      <trkpt lat="22.73299717422601" lon="113.95404864078742">
        <ele>44.214095178060234</ele>
        <time>1970-01-01T00:24:18.200000Z</time>
        <extensions>
          <gpxtpx:TrackPointExtension>
            <gpxtpx:hr>164</gpxtpx:hr>
          </gpxtpx:TrackPointExtension>
        </extensions>
      </trkpt>
      <trkpt lat="22.732973660726987" lon="113.95405462146432">
        <ele>44.16488933283836</ele>
        <time>1970-01-01T00:24:19.200000Z</time>
        <extensions>
          <gpxtpx:TrackPointExtension>
            <gpxtpx:hr>164</gpxtpx:hr>
          </gpxtpx:TrackPointExtension>
        </extensions>
      </trkpt>
      <trkpt lat="22.732950232930712" lon="113.9540611267411">
        <ele>44.125957533717155</ele>
        <time>1970-01-01T00:24:20.200000Z</time>
        <extensions>
          <gpxtpx:TrackPointExtension>
            <gpxtpx:hr>164</gpxtpx:hr>
          </gpxtpx:TrackPointExtension>
        </extensions>
      </trkpt>
      <trkpt lat="22.732926470625323" lon="113.95406807385844">
        <ele>44.09598552249372</ele>
        <time>1970-01-01T00:24:21.200000Z</time>
        <extensions>
          <gpxtpx:TrackPointExtension>
            <gpxtpx:hr>164</gpxtpx:hr>
          </gpxtpx:TrackPointExtension>
        </extensions>
      </trkpt>
      <trkpt lat="22.732901827296423" lon="113.95407453727329">
        <ele>44.07268197275698</ele>
        <time>1970-01-01T00:24:22.200000Z</time>
        <extensions>
          <gpxtpx:TrackPointExtension>
            <gpxtpx:hr>161</gpxtpx:hr>
          </gpxtpx:TrackPointExtension>
        </extensions>
      </trkpt>
      <trkpt lat="22.732877189422613" lon="113.9540796942889">
        <ele>44.05276519339532</ele>
        <time>1970-01-01T00:24:23.200000Z</time>
        <extensions>
          <gpxtpx:TrackPointExtension>
            <gpxtpx:hr>161</gpxtpx:hr>
          </gpxtpx:TrackPointExtension>
        </extensions>
      </trkpt>
      <trkpt lat="22.732852879528597" lon="113.95408312930367">
        <ele>44.033087560907006</ele>
        <time>1970-01-01T00:24:24.200000Z</time>
        <extensions>
          <gpxtpx:TrackPointExtension>
            <gpxtpx:hr>161</gpxtpx:hr>
          </gpxtpx:TrackPointExtension>
        </extensions>
      </trkpt>
      <trkpt lat="22.73282881094302" lon="113.95408488421874">
        <ele>44.010924994945526</ele>
        <time>1970-01-01T00:24:25.200000Z</time>
        <extensions>
          <gpxtpx:TrackPointExtension>
            <gpxtpx:hr>161</gpxtpx:hr>
          </gpxtpx:TrackPointExtension>
        </extensions>
      </trkpt>
      <trkpt lat="22.73280441911621" lon="113.95408522108106">
        <ele>43.98418895713985</ele>
        <time>1970-01-01T00:24:26.200000Z</time>
        <extensions>
          <gpxtpx:TrackPointExtension>
            <gpxtpx:hr>161</gpxtpx:hr>
          </gpxtpx:TrackPointExtension>
        </extensions>
      </trkpt>
      <trkpt lat="22.7327810550611" lon="113.95408508240597">
        <ele>43.952631052583456</ele>
        <time>1970-01-01T00:24:27.200000Z</time>
        <extensions>
          <gpxtpx:TrackPointExtension>
            <gpxtpx:hr>161</gpxtpx:hr>
          </gpxtpx:TrackPointExtension>
        </extensions>
      </trkpt>
      <trkpt lat="22.732759408040724" lon="113.95408556009981">
        <ele>43.917656055651605</ele>
        <time>1970-01-01T00:24:28.200000Z</time>
        <extensions>
          <gpxtpx:TrackPointExtension>
            <gpxtpx:hr>162</gpxtpx:hr>
          </gpxtpx:TrackPointExtension>
        </extensions>
      </trkpt>
      <trkpt lat="22.732738850537046" lon="113.95408668359389">
        <ele>43.881277004256845</ele>
        <time>1970-01-01T00:24:29.200000Z</time>
        <extensions>
          <gpxtpx:TrackPointExtension>
            <gpxtpx:hr>162</gpxtpx:hr>
          </gpxtpx:TrackPointExtension>
        </extensions>
      </trkpt>
      <trkpt lat="22.732718625861125" lon="113.95408851232058">
        <ele>43.84576919581741</ele>
        <time>1970-01-01T00:24:30.200000Z</time>
        <extensions>
          <gpxtpx:TrackPointExtension>
            <gpxtpx:hr>162</gpxtpx:hr>
          </gpxtpx:TrackPointExtension>
        </extensions>
      </trkpt>
      <trkpt lat="22.73269803272587" lon="113.95409086282007">
        <ele>43.81410600151867</ele>
        <time>1970-01-01T00:24:31.200000Z</time>
        <extensions>
          <gpxtpx:TrackPointExtension>
            <gpxtpx:hr>162</gpxtpx:hr>
          </gpxtpx:TrackPointExtension>
        </extensions>
      </trkpt>
      <trkpt lat="22.73267710327076" lon="113.95409384617001">
        <ele>43.78800984378904</ele>
        <time>1970-01-01T00:24:32.200000Z</time>
        <extensions>
          <gpxtpx:TrackPointExtension>
            <gpxtpx:hr>162</gpxtpx:hr>
          </gpxtpx:TrackPointExtension>
        </extensions>
      </trkpt>
      <trkpt lat="22.732656433787614" lon="113.95409702134238">
        <ele>43.76794284954667</ele>
        <time>1970-01-01T00:24:33.200000Z</time>
        <extensions>
          <gpxtpx:TrackPointExtension>
            <gpxtpx:hr>163</gpxtpx:hr>
          </gpxtpx:TrackPointExtension>
        </extensions>
      </trkpt>
      <trkpt lat="22.732636151265194" lon="113.95410101155791">
        <ele>43.75307179801166</ele>
        <time>1970-01-01T00:24:34.200000Z</time>
        <extensions>
          <gpxtpx:TrackPointExtension>
            <gpxtpx:hr>163</gpxtpx:hr>
          </gpxtpx:TrackPointExtension>
        </extensions>
      </trkpt>
      <trkpt lat="22.732615417093747" lon="113.9541065040841">
        <ele>43.741460202261806</ele>
        <time>1970-01-01T00:24:35.200000Z</time>
        <extensions>
          <gpxtpx:TrackPointExtension>
            <gpxtpx:hr>163</gpxtpx:hr>
          </gpxtpx:TrackPointExtension>
        </extensions>
      </trkpt>
      <trkpt lat="22.732594057825825" lon="113.95411293355951">
        <ele>43.7296126652509</ele>
        <time>1970-01-01T00:24:36.200000Z</time>
        <extensions>
          <gpxtpx:TrackPointExtension>
            <gpxtpx:hr>163</gpxtpx:hr>
          </gpxtpx:TrackPointExtension>
        </extensions>
      </trkpt>
      <trkpt lat="22.732572490827753" lon="113.95411913168265">
        <ele>43.71336356829852</ele>
        <time>1970-01-01T00:24:37.200000Z</time>
        <extensions>
          <gpxtpx:TrackPointExtension>
            <gpxtpx:hr>163</gpxtpx:hr>
          </gpxtpx:TrackPointExtension>
        </extensions>
      </trkpt>
      <trkpt lat="22.732550938322987" lon="113.95412428838118">
        <ele>43.68895397987217</ele>
        <time>1970-01-01T00:24:38.200000Z</time>
        <extensions>
          <gpxtpx:TrackPointExtension>
            <gpxtpx:hr>163</gpxtpx:hr>
          </gpxtpx:TrackPointExtension>
        </extensions>
      </trkpt>
      <trkpt lat="22.732529848910414" lon="113.9541287387586">
        <ele>43.65435603540391</ele>
        <time>1970-01-01T00:24:39.200000Z</time>
        <extensions>
          <gpxtpx:TrackPointExtension>
            <gpxtpx:hr>164</gpxtpx:hr>
          </gpxtpx:TrackPointExtension>
        </extensions>
      </trkpt>
      <trkpt lat="22.732509506322884" lon="113.95413375921873">
        <ele>43.609829775989056</ele>
        <time>1970-01-01T00:24:40.200000Z</time>
        <extensions>
          <gpxtpx:TrackPointExtension>
            <gpxtpx:hr>164</gpxtpx:hr>
          </gpxtpx:TrackPointExtension>
        </extensions>
      </trkpt>
      <trkpt lat="22.732489541012047" lon="113.95413961020196">
        <ele>43.557725593447685</ele>
        <time>1970-01-01T00:24:41.200000Z</time>
        <extensions>
          <gpxtpx:TrackPointExtension>
            <gpxtpx:hr>164</gpxtpx:hr>
          </gpxtpx:TrackPointExtension>
        </extensions>
      </trkpt>
      <trkpt lat="22.732469151732204" lon="113.95414584308853">
        <ele>43.50203353352845</ele>
        <time>1970-01-01T00:24:42.200000Z</time>
        <extensions>
          <gpxtpx:TrackPointExtension>
            <gpxtpx:hr>164</gpxtpx:hr>
          </gpxtpx:TrackPointExtension>
        </extensions>
      </trkpt>
      <trkpt lat="22.732448218588807" lon="113.95415201823478">
        <ele>43.44709072634578</ele>
        <time>1970-01-01T00:24:43.200000Z</time>
        <extensions>
          <gpxtpx:TrackPointExtension>
            <gpxtpx:hr>164</gpxtpx:hr>
          </gpxtpx:TrackPointExtension>
        </extensions>
      </trkpt>
      <trkpt lat="22.73242684349916" lon="113.95415804904127">
        <ele>43.396300381049514</ele>
        <time>1970-01-01T00:24:44.200000Z</time>
        <extensions>
          <gpxtpx:TrackPointExtension>
            <gpxtpx:hr>164</gpxtpx:hr>
          </gpxtpx:TrackPointExtension>
        </extensions>
      </trkpt>
      <trkpt lat="22.732404906670443" lon="113.95416378485668">
        <ele>43.35188393294811</ele>
        <time>1970-01-01T00:24:45.200000Z</time>
        <extensions>
          <gpxtpx:TrackPointExtension>
            <gpxtpx:hr>163</gpxtpx:hr>
          </gpxtpx:TrackPointExtension>
        </extensions>
      </trkpt>
      <trkpt lat="22.73238329931479" lon="113.95416935096026">
        <ele>43.314788593910635</ele>
        <time>1970-01-01T00:24:46.200000Z</time>
        <extensions>
          <gpxtpx:TrackPointExtension>
            <gpxtpx:hr>163</gpxtpx:hr>
          </gpxtpx:TrackPointExtension>
        </extensions>
      </trkpt>
      <trkpt lat="22.73236203219339" lon="113.95417537202431">
        <ele>43.28530409280211</ele>
        <time>1970-01-01T00:24:47.200000Z</time>
        <extensions>
          <gpxtpx:TrackPointExtension>
            <gpxtpx:hr>163</gpxtpx:hr>
          </gpxtpx:TrackPointExtension>
        </extensions>
      </trkpt>
      <trkpt lat="22.732340592668216" lon="113.95418245753908">
        <ele>43.26338907610625</ele>
        <time>1970-01-01T00:24:48.200000Z</time>
        <extensions>
          <gpxtpx:TrackPointExtension>
            <gpxtpx:hr>163</gpxtpx:hr>
          </gpxtpx:TrackPointExtension>
        </extensions>
      </trkpt>
      <trkpt lat="22.73231896813906" lon="113.95419046984289">
        <ele>43.248965453356504</ele>
        <time>1970-01-01T00:24:49.200000Z</time>
        <extensions>
          <gpxtpx:TrackPointExtension>
            <gpxtpx:hr>163</gpxtpx:hr>
          </gpxtpx:TrackPointExtension>
        </extensions>
      </trkpt>
      <trkpt lat="22.732297554448934" lon="113.95419919836907">
        <ele>43.24132695607841</ele>
        <time>1970-01-01T00:24:50.200000Z</time>
        <extensions>
          <gpxtpx:TrackPointExtension>
            <gpxtpx:hr>163</gpxtpx:hr>
          </gpxtpx:TrackPointExtension>
        </extensions>
      </trkpt>
      <trkpt lat="22.732276670624117" lon="113.9542088451934">
        <ele>43.23994818329811</ele>
        <time>1970-01-01T00:24:51.200000Z</time>
        <extensions>
          <gpxtpx:TrackPointExtension>
            <gpxtpx:hr>163</gpxtpx:hr>
          </gpxtpx:TrackPointExtension>
        </extensions>
      </trkpt>
      <trkpt lat="22.732256410169533" lon="113.95421974857281">
        <ele>43.24402268882841</ele>
        <time>1970-01-01T00:24:52.200000Z</time>
        <extensions>
          <gpxtpx:TrackPointExtension>
            <gpxtpx:hr>164</gpxtpx:hr>
          </gpxtpx:TrackPointExtension>
        </extensions>
      </trkpt>
      <trkpt lat="22.732237044597113" lon="113.9542314607824">
        <ele>43.252354512922466</ele>
        <time>1970-01-01T00:24:53.200000Z</time>
        <extensions>
          <gpxtpx:TrackPointExtension>
            <gpxtpx:hr>164</gpxtpx:hr>
          </gpxtpx:TrackPointExtension>
        </extensions>
      </trkpt>
      <trkpt lat="22.732217944117306" lon="113.95424341979057">
        <ele>43.263211102224886</ele>
        <time>1970-01-01T00:24:54.200000Z</time>
        <extensions>
          <gpxtpx:TrackPointExtension>
            <gpxtpx:hr>164</gpxtpx:hr>
          </gpxtpx:TrackPointExtension>
        </extensions>
      </trkpt>
      <trkpt lat="22.732198488527274" lon="113.95425576686569">
        <ele>43.27482771873474</ele>
        <time>1970-01-01T00:24:55.200000Z</time>
        <extensions>
          <gpxtpx:TrackPointExtension>
            <gpxtpx:hr>164</gpxtpx:hr>
          </gpxtpx:TrackPointExtension>
        </extensions>
      </trkpt>
      <trkpt lat="22.732179020118213" lon="113.95426780878267">
        <ele>43.28498833626509</ele>
        <time>1970-01-01T00:24:56.200000Z</time>
        <extensions>
          <gpxtpx:TrackPointExtension>
            <gpxtpx:hr>164</gpxtpx:hr>
          </gpxtpx:TrackPointExtension>
        </extensions>
      </trkpt>
      <trkpt lat="22.73216030103803" lon="113.95427897585674">
        <ele>43.291280049830675</ele>
        <time>1970-01-01T00:24:57.200000Z</time>
        <extensions>
          <gpxtpx:TrackPointExtension>
            <gpxtpx:hr>164</gpxtpx:hr>
          </gpxtpx:TrackPointExtension>
        </extensions>
      </trkpt>
      <trkpt lat="22.732142661176432" lon="113.95428873785835">
        <ele>43.29152287170291</ele>
        <time>1970-01-01T00:24:58.200000Z</time>
        <extensions>
          <gpxtpx:TrackPointExtension>
            <gpxtpx:hr>167</gpxtpx:hr>
          </gpxtpx:TrackPointExtension>
        </extensions>
      </trkpt>
      <trkpt lat="22.732125641512297" lon="113.95429537810848">
        <ele>43.28422263264656</ele>
        <time>1970-01-01T00:24:59.200000Z</time>
        <extensions>
          <gpxtpx:TrackPointExtension>
            <gpxtpx:hr>167</gpxtpx:hr>
          </gpxtpx:TrackPointExtension>
        </extensions>
      </trkpt>
      <trkpt lat="22.732108989093298" lon="113.95429781618664">
        <ele>43.26925973687321</ele>
        <time>1970-01-01T00:25:00.200000Z</time>
        <extensions>
          <gpxtpx:TrackPointExtension>
            <gpxtpx:hr>167</gpxtpx:hr>
          </gpxtpx:TrackPointExtension>
        </extensions>
      </trkpt>
      <trkpt lat="22.73209335580612" lon="113.95429601124467">
        <ele>43.24768581427634</ele>
        <time>1970-01-01T00:25:01.200000Z</time>
        <extensions>
          <gpxtpx:TrackPointExtension>
            <gpxtpx:hr>167</gpxtpx:hr>
          </gpxtpx:TrackPointExtension>
        </extensions>
      </trkpt>
      <trkpt lat="22.732078850256222" lon="113.95429024591373">
        <ele>43.22151916939765</ele>
        <time>1970-01-01T00:25:02.200000Z</time>
        <extensions>
          <gpxtpx:TrackPointExtension>
            <gpxtpx:hr>168</gpxtpx:hr>
          </gpxtpx:TrackPointExtension>
        </extensions>
      </trkpt>
      <trkpt lat="22.732065647540285" lon="113.95428114382467">
        <ele>43.19333501160145</ele>
        <time>1970-01-01T00:25:03.200000Z</time>
        <extensions>
          <gpxtpx:TrackPointExtension>
            <gpxtpx:hr>168</gpxtpx:hr>
          </gpxtpx:TrackPointExtension>
        </extensions>
      </trkpt>
      <trkpt lat="22.732053611425254" lon="113.95426935616725">
        <ele>43.16565087996423</ele>
        <time>1970-01-01T00:25:04.200000Z</time>
        <extensions>
          <gpxtpx:TrackPointExtension>
            <gpxtpx:hr>168</gpxtpx:hr>
          </gpxtpx:TrackPointExtension>
        </extensions>
      </trkpt>
      <trkpt lat="22.732042931737535" lon="113.95425563360826">
        <ele>43.140246286056936</ele>
        <time>1970-01-01T00:25:05.200000Z</time>
        <extensions>
          <gpxtpx:TrackPointExtension>
            <gpxtpx:hr>169</gpxtpx:hr>
          </gpxtpx:TrackPointExtension>
        </extensions>
      </trkpt>
      <trkpt lat="22.73203374083016" lon="113.95424020246408">
        <ele>43.11821632832289</ele>
        <time>1970-01-01T00:25:06.200000Z</time>
        <extensions>
          <gpxtpx:TrackPointExtension>
            <gpxtpx:hr>169</gpxtpx:hr>
          </gpxtpx:TrackPointExtension>
        </extensions>
      </trkpt>
      <trkpt lat="22.732025978986588" lon="113.95422356458765">
        <ele>43.10014897398651</ele>
        <time>1970-01-01T00:25:07.200000Z</time>
        <extensions>
          <gpxtpx:TrackPointExtension>
            <gpxtpx:hr>169</gpxtpx:hr>
          </gpxtpx:TrackPointExtension>
        </extensions>
      </trkpt>
      <trkpt lat="22.73201967402918" lon="113.9542066232825">
        <ele>43.086408495903015</ele>
        <time>1970-01-01T00:25:08.200000Z</time>
        <extensions>
          <gpxtpx:TrackPointExtension>
            <gpxtpx:hr>169</gpxtpx:hr>
          </gpxtpx:TrackPointExtension>
        </extensions>
      </trkpt>
      <trkpt lat="22.732014048712486" lon="113.95418933372727">
        <ele>43.077090779319406</ele>
        <time>1970-01-01T00:25:09.200000Z</time>
        <extensions>
          <gpxtpx:TrackPointExtension>
            <gpxtpx:hr>169</gpxtpx:hr>
          </gpxtpx:TrackPointExtension>
        </extensions>
      </trkpt>
      <trkpt lat="22.732008477523177" lon="113.95417172370976">
        <ele>43.07174499426037</ele>
        <time>1970-01-01T00:25:10.200000Z</time>
        <extensions>
          <gpxtpx:TrackPointExtension>
            <gpxtpx:hr>169</gpxtpx:hr>
          </gpxtpx:TrackPointExtension>
        </extensions>
      </trkpt>
      <trkpt lat="22.732001914272303" lon="113.95415396144057">
        <ele>43.06967554241419</ele>
        <time>1970-01-01T00:25:11.200000Z</time>
        <extensions>
          <gpxtpx:TrackPointExtension>
            <gpxtpx:hr>169</gpxtpx:hr>
          </gpxtpx:TrackPointExtension>
        </extensions>
      </trkpt>
      <trkpt lat="22.73199414246736" lon="113.95413541874234">
        <ele>43.070178267546</ele>
        <time>1970-01-01T00:25:12.200000Z</time>
        <extensions>
          <gpxtpx:TrackPointExtension>
            <gpxtpx:hr>168</gpxtpx:hr>
          </gpxtpx:TrackPointExtension>
        </extensions>
      </trkpt>
      <trkpt lat="22.731985833746542" lon="113.95411627022504">
        <ele>43.07215156313032</ele>
        <time>1970-01-01T00:25:13.200000Z</time>
        <extensions>
          <gpxtpx:TrackPointExtension>
            <gpxtpx:hr>168</gpxtpx:hr>
          </gpxtpx:TrackPointExtension>
        </extensions>
      </trkpt>
      <trkpt lat="22.731977021566774" lon="113.95409677977239">
        <ele>43.074564423412085</ele>
        <time>1970-01-01T00:25:14.200000Z</time>
        <extensions>
          <gpxtpx:TrackPointExtension>
            <gpxtpx:hr>168</gpxtpx:hr>
          </gpxtpx:TrackPointExtension>
        </extensions>
      </trkpt>
      <trkpt lat="22.731968227707" lon="113.95407690584908">
        <ele>43.07656651735306</ele>
        <time>1970-01-01T00:25:15.200000Z</time>
        <extensions>
          <gpxtpx:TrackPointExtension>
            <gpxtpx:hr>168</gpxtpx:hr>
          </gpxtpx:TrackPointExtension>
        </extensions>
      </trkpt>
      <trkpt lat="22.7319594666909" lon="113.95405595671552">
        <ele>43.07730339188129</ele>
        <time>1970-01-01T00:25:16.200000Z</time>
        <extensions>
          <gpxtpx:TrackPointExtension>
            <gpxtpx:hr>168</gpxtpx:hr>
          </gpxtpx:TrackPointExtension>
        </extensions>
      </trkpt>
      <trkpt lat="22.731950992125917" lon="113.95403406850102">
        <ele>43.075645197182894</ele>
        <time>1970-01-01T00:25:17.200000Z</time>
        <extensions>
          <gpxtpx:TrackPointExtension>
            <gpxtpx:hr>168</gpxtpx:hr>
          </gpxtpx:TrackPointExtension>
        </extensions>
      </trkpt>
      <trkpt lat="22.731943059339482" lon="113.95401221715859">
        <ele>43.07032261136919</ele>
        <time>1970-01-01T00:25:18.200000Z</time>
        <extensions>
          <gpxtpx:TrackPointExtension>
            <gpxtpx:hr>168</gpxtpx:hr>
          </gpxtpx:TrackPointExtension>
        </extensions>
      </trkpt>
      <trkpt lat="22.73193586307931" lon="113.95398985133652">
        <ele>43.060085975565016</ele>
        <time>1970-01-01T00:25:19.200000Z</time>
        <extensions>
          <gpxtpx:TrackPointExtension>
            <gpxtpx:hr>168</gpxtpx:hr>
          </gpxtpx:TrackPointExtension>
        </extensions>
      </trkpt>
      <trkpt lat="22.73192911174379" lon="113.9539668108875">
        <ele>43.04406883008778</ele>
        <time>1970-01-01T00:25:20.200000Z</time>
        <extensions>
          <gpxtpx:TrackPointExtension>
            <gpxtpx:hr>169</gpxtpx:hr>
          </gpxtpx:TrackPointExtension>
        </extensions>
      </trkpt>
      <trkpt lat="22.731921547221745" lon="113.9539443342723">
        <ele>43.02199920453131</ele>
        <time>1970-01-01T00:25:21.200000Z</time>
        <extensions>
          <gpxtpx:TrackPointExtension>
            <gpxtpx:hr>169</gpxtpx:hr>
          </gpxtpx:TrackPointExtension>
        </extensions>
      </trkpt>
      <trkpt lat="22.73191294557269" lon="113.9539225617436">
        <ele>42.9946743324399</ele>
        <time>1970-01-01T00:25:22.200000Z</time>
        <extensions>
          <gpxtpx:TrackPointExtension>
            <gpxtpx:hr>169</gpxtpx:hr>
          </gpxtpx:TrackPointExtension>
        </extensions>
      </trkpt>
      <trkpt lat="22.73190375792535" lon="113.95390041556978">
        <ele>42.96269031241536</ele>
        <time>1970-01-01T00:25:23.200000Z</time>
        <extensions>
          <gpxtpx:TrackPointExtension>
            <gpxtpx:hr>169</gpxtpx:hr>
          </gpxtpx:TrackPointExtension>
        </extensions>
      </trkpt>
      <trkpt lat="22.73189469360343" lon="113.9538771585215">
        <ele>42.92695220280439</ele>
        <time>1970-01-01T00:25:24.200000Z</time>
        <extensions>
          <gpxtpx:TrackPointExtension>
            <gpxtpx:hr>169</gpxtpx:hr>
          </gpxtpx:TrackPointExtension>
        </extensions>
      </trkpt>
      <trkpt lat="22.731886709239742" lon="113.953852879972">
        <ele>42.888265112414956</ele>
        <time>1970-01-01T00:25:25.200000Z</time>
        <extensions>
          <gpxtpx:TrackPointExtension>
            <gpxtpx:hr>169</gpxtpx:hr>
          </gpxtpx:TrackPointExtension>
        </extensions>
      </trkpt>
      <trkpt lat="22.731879509573776" lon="113.9538282533192">
        <ele>42.846847496926785</ele>
        <time>1970-01-01T00:25:26.200000Z</time>
        <extensions>
          <gpxtpx:TrackPointExtension>
            <gpxtpx:hr>169</gpxtpx:hr>
          </gpxtpx:TrackPointExtension>
        </extensions>
      </trkpt>
      <trkpt lat="22.73187230523635" lon="113.95380414048535">
        <ele>42.80286404211074</ele>
        <time>1970-01-01T00:25:27.200000Z</time>
        <extensions>
          <gpxtpx:TrackPointExtension>
            <gpxtpx:hr>165</gpxtpx:hr>
          </gpxtpx:TrackPointExtension>
        </extensions>
      </trkpt>
      <trkpt lat="22.731864972763606" lon="113.95378071395858">
        <ele>42.75586632732302</ele>
        <time>1970-01-01T00:25:28.200000Z</time>
        <extensions>
          <gpxtpx:TrackPointExtension>
            <gpxtpx:hr>165</gpxtpx:hr>
          </gpxtpx:TrackPointExtension>
        </extensions>
      </trkpt>
      <trkpt lat="22.731857555537477" lon="113.95375743716785">
        <ele>42.70520327333361</ele>
        <time>1970-01-01T00:25:29.200000Z</time>
        <extensions>
          <gpxtpx:TrackPointExtension>
            <gpxtpx:hr>165</gpxtpx:hr>
          </gpxtpx:TrackPointExtension>
        </extensions>
      </trkpt>
      <trkpt lat="22.73184993059675" lon="113.95373391912416">
        <ele>42.6504822159186</ele>
        <time>1970-01-01T00:25:30.200000Z</time>
        <extensions>
          <gpxtpx:TrackPointExtension>
            <gpxtpx:hr>165</gpxtpx:hr>
          </gpxtpx:TrackPointExtension>
        </extensions>
      </trkpt>
      <trkpt lat="22.73184191739381" lon="113.95370928852518">
        <ele>42.591682204045355</ele>
        <time>1970-01-01T00:25:31.200000Z</time>
        <extensions>
          <gpxtpx:TrackPointExtension>
            <gpxtpx:hr>165</gpxtpx:hr>
          </gpxtpx:TrackPointExtension>
        </extensions>
      </trkpt>
      <trkpt lat="22.73183406491642" lon="113.95368313881302">
        <ele>42.529504764825106</ele>
        <time>1970-01-01T00:25:32.200000Z</time>
        <extensions>
          <gpxtpx:TrackPointExtension>
            <gpxtpx:hr>166</gpxtpx:hr>
          </gpxtpx:TrackPointExtension>
        </extensions>
      </trkpt>
      <trkpt lat="22.731827158087384" lon="113.95365579921703">
        <ele>42.46548111829907</ele>
        <time>1970-01-01T00:25:33.200000Z</time>
        <extensions>
          <gpxtpx:TrackPointExtension>
            <gpxtpx:hr>166</gpxtpx:hr>
          </gpxtpx:TrackPointExtension>
        </extensions>
      </trkpt>
      <trkpt lat="22.73182153288756" lon="113.95362830083452">
        <ele>42.40221839398146</ele>
        <time>1970-01-01T00:25:34.200000Z</time>
        <extensions>
          <gpxtpx:TrackPointExtension>
            <gpxtpx:hr>166</gpxtpx:hr>
          </gpxtpx:TrackPointExtension>
        </extensions>
      </trkpt>
      <trkpt lat="22.731816838918494" lon="113.95360086535075">
        <ele>42.34362848382443</ele>
        <time>1970-01-01T00:25:35.200000Z</time>
        <extensions>
          <gpxtpx:TrackPointExtension>
            <gpxtpx:hr>168</gpxtpx:hr>
          </gpxtpx:TrackPointExtension>
        </extensions>
      </trkpt>
      <trkpt lat="22.731812738616107" lon="113.95357335066159">
        <ele>42.29190709069371</ele>
        <time>1970-01-01T00:25:36.200000Z</time>
        <extensions>
          <gpxtpx:TrackPointExtension>
            <gpxtpx:hr>168</gpxtpx:hr>
          </gpxtpx:TrackPointExtension>
        </extensions>
      </trkpt>
      <trkpt lat="22.7318093506345" lon="113.95354614570488">
        <ele>42.248419327661395</ele>
        <time>1970-01-01T00:25:37.200000Z</time>
        <extensions>
          <gpxtpx:TrackPointExtension>
            <gpxtpx:hr>168</gpxtpx:hr>
          </gpxtpx:TrackPointExtension>
        </extensions>
      </trkpt>
      <trkpt lat="22.73180691733404" lon="113.9535195281232">
        <ele>42.21384450700134</ele>
        <time>1970-01-01T00:25:38.200000Z</time>
        <extensions>
          <gpxtpx:TrackPointExtension>
            <gpxtpx:hr>168</gpxtpx:hr>
          </gpxtpx:TrackPointExtension>
        </extensions>
      </trkpt>
      <trkpt lat="22.73180535815568" lon="113.95349403954792">
        <ele>42.188020083121955</ele>
        <time>1970-01-01T00:25:39.200000Z</time>
        <extensions>
          <gpxtpx:TrackPointExtension>
            <gpxtpx:hr>168</gpxtpx:hr>
          </gpxtpx:TrackPointExtension>
        </extensions>
      </trkpt>
      <trkpt lat="22.73180312054628" lon="113.95346929143324">
        <ele>42.16992342006415</ele>
        <time>1970-01-01T00:25:40.200000Z</time>
        <extensions>
          <gpxtpx:TrackPointExtension>
            <gpxtpx:hr>168</gpxtpx:hr>
          </gpxtpx:TrackPointExtension>
        </extensions>
      </trkpt>
      <trkpt lat="22.731798515206545" lon="113.95344427853507">
        <ele>42.158281199634075</ele>
        <time>1970-01-01T00:25:41.200000Z</time>
        <extensions>
          <gpxtpx:TrackPointExtension>
            <gpxtpx:hr>170</gpxtpx:hr>
          </gpxtpx:TrackPointExtension>
        </extensions>
      </trkpt>
      <trkpt lat="22.731792045874336" lon="113.95341817196963">
        <ele>42.15166425239295</ele>
        <time>1970-01-01T00:25:42.200000Z</time>
        <extensions>
          <gpxtpx:TrackPointExtension>
            <gpxtpx:hr>170</gpxtpx:hr>
          </gpxtpx:TrackPointExtension>
        </extensions>
      </trkpt>
      <trkpt lat="22.73178535726621" lon="113.95339055858473">
        <ele>42.148227505385876</ele>
        <time>1970-01-01T00:25:43.200000Z</time>
        <extensions>
          <gpxtpx:TrackPointExtension>
            <gpxtpx:hr>170</gpxtpx:hr>
          </gpxtpx:TrackPointExtension>
        </extensions>
      </trkpt>
      <trkpt lat="22.731779109157486" lon="113.95336224047851">
        <ele>42.14572556037456</ele>
        <time>1970-01-01T00:25:44.200000Z</time>
        <extensions>
          <gpxtpx:TrackPointExtension>
            <gpxtpx:hr>170</gpxtpx:hr>
          </gpxtpx:TrackPointExtension>
        </extensions>
      </trkpt>
      <trkpt lat="22.7317732878839" lon="113.95333381469673">
        <ele>42.14239023253322</ele>
        <time>1970-01-01T00:25:45.200000Z</time>
        <extensions>
          <gpxtpx:TrackPointExtension>
            <gpxtpx:hr>170</gpxtpx:hr>
          </gpxtpx:TrackPointExtension>
        </extensions>
      </trkpt>
      <trkpt lat="22.73176759404738" lon="113.95330543807448">
        <ele>42.13751907367259</ele>
        <time>1970-01-01T00:25:46.200000Z</time>
        <extensions>
          <gpxtpx:TrackPointExtension>
            <gpxtpx:hr>170</gpxtpx:hr>
          </gpxtpx:TrackPointExtension>
        </extensions>
      </trkpt>
      <trkpt lat="22.731761455217516" lon="113.9532775824054">
        <ele>42.13133937586099</ele>
        <time>1970-01-01T00:25:47.200000Z</time>
        <extensions>
          <gpxtpx:TrackPointExtension>
            <gpxtpx:hr>171</gpxtpx:hr>
          </gpxtpx:TrackPointExtension>
        </extensions>
      </trkpt>
      <trkpt lat="22.731754899400407" lon="113.95325081463693">
        <ele>42.12426299601793</ele>
        <time>1970-01-01T00:25:48.200000Z</time>
        <extensions>
          <gpxtpx:TrackPointExtension>
            <gpxtpx:hr>171</gpxtpx:hr>
          </gpxtpx:TrackPointExtension>
        </extensions>
      </trkpt>
      <trkpt lat="22.73174814353722" lon="113.95322464740363">
        <ele>42.11648079380393</ele>
        <time>1970-01-01T00:25:49.200000Z</time>
        <extensions>
          <gpxtpx:TrackPointExtension>
            <gpxtpx:hr>171</gpxtpx:hr>
          </gpxtpx:TrackPointExtension>
        </extensions>
      </trkpt>
      <trkpt lat="22.731741477080188" lon="113.95319907637204">
        <ele>42.107724509201944</ele>
        <time>1970-01-01T00:25:50.200000Z</time>
        <extensions>
          <gpxtpx:TrackPointExtension>
            <gpxtpx:hr>171</gpxtpx:hr>
          </gpxtpx:TrackPointExtension>
        </extensions>
      </trkpt>
      <trkpt lat="22.731734931884983" lon="113.95317434976225">
        <ele>42.097524262964725</ele>
        <time>1970-01-01T00:25:51.200000Z</time>
        <extensions>
          <gpxtpx:TrackPointExtension>
            <gpxtpx:hr>172</gpxtpx:hr>
          </gpxtpx:TrackPointExtension>
        </extensions>
      </trkpt>
      <trkpt lat="22.731728385406733" lon="113.9531506426935">
        <ele>42.08518846333027</ele>
        <time>1970-01-01T00:25:52.200000Z</time>
        <extensions>
          <gpxtpx:TrackPointExtension>
            <gpxtpx:hr>172</gpxtpx:hr>
          </gpxtpx:TrackPointExtension>
        </extensions>
      </trkpt>
      <trkpt lat="22.731721644096993" lon="113.95312773637963">
        <ele>42.07031281199306</ele>
        <time>1970-01-01T00:25:53.200000Z</time>
        <extensions>
          <gpxtpx:TrackPointExtension>
            <gpxtpx:hr>172</gpxtpx:hr>
          </gpxtpx:TrackPointExtension>
        </extensions>
      </trkpt>
      <trkpt lat="22.731714754075675" lon="113.9531052790331">
        <ele>42.05326156876981</ele>
        <time>1970-01-01T00:25:54.200000Z</time>
        <extensions>
          <gpxtpx:TrackPointExtension>
            <gpxtpx:hr>172</gpxtpx:hr>
          </gpxtpx:TrackPointExtension>
        </extensions>
      </trkpt>
      <trkpt lat="22.73170814284237" lon="113.95308337540568">
        <ele>42.03501062002033</ele>
        <time>1970-01-01T00:25:55.200000Z</time>
        <extensions>
          <gpxtpx:TrackPointExtension>
            <gpxtpx:hr>172</gpxtpx:hr>
          </gpxtpx:TrackPointExtension>
        </extensions>
      </trkpt>
      <trkpt lat="22.73170168878076" lon="113.95306139780723">
        <ele>42.016513464041054</ele>
        <time>1970-01-01T00:25:56.200000Z</time>
        <extensions>
          <gpxtpx:TrackPointExtension>
            <gpxtpx:hr>172</gpxtpx:hr>
          </gpxtpx:TrackPointExtension>
        </extensions>
      </trkpt>
      <trkpt lat="22.731695195757705" lon="113.95303918151463">
        <ele>41.99903097841889</ele>
        <time>1970-01-01T00:25:57.200000Z</time>
        <extensions>
          <gpxtpx:TrackPointExtension>
            <gpxtpx:hr>170</gpxtpx:hr>
          </gpxtpx:TrackPointExtension>
        </extensions>
      </trkpt>
      <trkpt lat="22.73168929301408" lon="113.95301669305906">
        <ele>41.98396300710738</ele>
        <time>1970-01-01T00:25:58.200000Z</time>
        <extensions>
          <gpxtpx:TrackPointExtension>
            <gpxtpx:hr>170</gpxtpx:hr>
          </gpxtpx:TrackPointExtension>
        </extensions>
      </trkpt>
      <trkpt lat="22.731684443784488" lon="113.95299430994395">
        <ele>41.97202314250171</ele>
        <time>1970-01-01T00:25:59.200000Z</time>
        <extensions>
          <gpxtpx:TrackPointExtension>
            <gpxtpx:hr>170</gpxtpx:hr>
          </gpxtpx:TrackPointExtension>
        </extensions>
      </trkpt>
      <trkpt lat="22.73168064172213" lon="113.95297250366976">
        <ele>41.96362818684429</ele>
        <time>1970-01-01T00:26:00.200000Z</time>
        <extensions>
          <gpxtpx:TrackPointExtension>
            <gpxtpx:hr>170</gpxtpx:hr>
          </gpxtpx:TrackPointExtension>
        </extensions>
      </trkpt>
      <trkpt lat="22.73167738492256" lon="113.95295053374248">
        <ele>41.958496851846576</ele>
        <time>1970-01-01T00:26:01.200000Z</time>
        <extensions>
          <gpxtpx:TrackPointExtension>
            <gpxtpx:hr>170</gpxtpx:hr>
          </gpxtpx:TrackPointExtension>
        </extensions>
      </trkpt>
      <trkpt lat="22.73167421080737" lon="113.95292863210288">
        <ele>41.95544169470668</ele>
        <time>1970-01-01T00:26:02.200000Z</time>
        <extensions>
          <gpxtpx:TrackPointExtension>
            <gpxtpx:hr>170</gpxtpx:hr>
          </gpxtpx:TrackPointExtension>
        </extensions>
      </trkpt>
      <trkpt lat="22.731670256565252" lon="113.95290702124284">
        <ele>41.95222749747336</ele>
        <time>1970-01-01T00:26:03.200000Z</time>
        <extensions>
          <gpxtpx:TrackPointExtension>
            <gpxtpx:hr>169</gpxtpx:hr>
          </gpxtpx:TrackPointExtension>
        </extensions>
      </trkpt>
      <trkpt lat="22.7316647946853" lon="113.9528847457722">
        <ele>41.94583545811474</ele>
        <time>1970-01-01T00:26:04.200000Z</time>
        <extensions>
          <gpxtpx:TrackPointExtension>
            <gpxtpx:hr>169</gpxtpx:hr>
          </gpxtpx:TrackPointExtension>
        </extensions>
      </trkpt>
      <trkpt lat="22.731657287937967" lon="113.95286191449199">
        <ele>41.932931339368224</ele>
        <time>1970-01-01T00:26:05.200000Z</time>
        <extensions>
          <gpxtpx:TrackPointExtension>
            <gpxtpx:hr>169</gpxtpx:hr>
          </gpxtpx:TrackPointExtension>
        </extensions>
      </trkpt>
      <trkpt lat="22.73164854311942" lon="113.95283882356266">
        <ele>41.910972164943814</ele>
        <time>1970-01-01T00:26:06.200000Z</time>
        <extensions>
          <gpxtpx:TrackPointExtension>
            <gpxtpx:hr>169</gpxtpx:hr>
          </gpxtpx:TrackPointExtension>
        </extensions>
      </trkpt>
      <trkpt lat="22.73163983396533" lon="113.95281494495546">
        <ele>41.878533131442964</ele>
        <time>1970-01-01T00:26:07.200000Z</time>
        <extensions>
          <gpxtpx:TrackPointExtension>
            <gpxtpx:hr>169</gpxtpx:hr>
          </gpxtpx:TrackPointExtension>
        </extensions>
      </trkpt>
      <trkpt lat="22.731631574656497" lon="113.95279046109914">
        <ele>41.83507099095732</ele>
        <time>1970-01-01T00:26:08.200000Z</time>
        <extensions>
          <gpxtpx:TrackPointExtension>
            <gpxtpx:hr>171</gpxtpx:hr>
          </gpxtpx:TrackPointExtension>
        </extensions>
      </trkpt>
      <trkpt lat="22.731624251927876" lon="113.9527660356811">
        <ele>41.78243251144886</ele>
        <time>1970-01-01T00:26:09.200000Z</time>
        <extensions>
          <gpxtpx:TrackPointExtension>
            <gpxtpx:hr>171</gpxtpx:hr>
          </gpxtpx:TrackPointExtension>
        </extensions>
      </trkpt>
      <trkpt lat="22.731617776845315" lon="113.95274182404502">
        <ele>41.723645000718534</ele>
        <time>1970-01-01T00:26:10.200000Z</time>
        <extensions>
          <gpxtpx:TrackPointExtension>
            <gpxtpx:hr>171</gpxtpx:hr>
          </gpxtpx:TrackPointExtension>
        </extensions>
      </trkpt>
      <trkpt lat="22.731612064842526" lon="113.9527176516549">
        <ele>41.662164537236094</ele>
        <time>1970-01-01T00:26:11.200000Z</time>
        <extensions>
          <gpxtpx:TrackPointExtension>
            <gpxtpx:hr>171</gpxtpx:hr>
          </gpxtpx:TrackPointExtension>
        </extensions>
      </trkpt>
      <trkpt lat="22.731606716261812" lon="113.95269354159772">
        <ele>41.60147064644843</ele>
        <time>1970-01-01T00:26:12.200000Z</time>
        <extensions>
          <gpxtpx:TrackPointExtension>
            <gpxtpx:hr>171</gpxtpx:hr>
          </gpxtpx:TrackPointExtension>
        </extensions>
      </trkpt>
      <trkpt lat="22.731601181167903" lon="113.95266895031826">
        <ele>41.54554559942335</ele>
        <time>1970-01-01T00:26:13.200000Z</time>
        <extensions>
          <gpxtpx:TrackPointExtension>
            <gpxtpx:hr>171</gpxtpx:hr>
          </gpxtpx:TrackPointExtension>
        </extensions>
      </trkpt>
      <trkpt lat="22.73159537578534" lon="113.95264413174857">
        <ele>41.49702058266848</ele>
        <time>1970-01-01T00:26:14.200000Z</time>
        <extensions>
          <gpxtpx:TrackPointExtension>
            <gpxtpx:hr>171</gpxtpx:hr>
          </gpxtpx:TrackPointExtension>
        </extensions>
      </trkpt>
      <trkpt lat="22.7315890384262" lon="113.95261919743382">
        <ele>41.45773845072836</ele>
        <time>1970-01-01T00:26:15.200000Z</time>
        <extensions>
          <gpxtpx:TrackPointExtension>
            <gpxtpx:hr>171</gpxtpx:hr>
          </gpxtpx:TrackPointExtension>
        </extensions>
      </trkpt>
      <trkpt lat="22.73158202312785" lon="113.95259500315876">
        <ele>41.42846219800413</ele>
        <time>1970-01-01T00:26:16.200000Z</time>
        <extensions>
          <gpxtpx:TrackPointExtension>
            <gpxtpx:hr>171</gpxtpx:hr>
          </gpxtpx:TrackPointExtension>
        </extensions>
      </trkpt>
      <trkpt lat="22.731573908149276" lon="113.95257224909155">
        <ele>41.408688047900796</ele>
        <time>1970-01-01T00:26:17.200000Z</time>
        <extensions>
          <gpxtpx:TrackPointExtension>
            <gpxtpx:hr>171</gpxtpx:hr>
          </gpxtpx:TrackPointExtension>
        </extensions>
      </trkpt>
      <trkpt lat="22.73156394347088" lon="113.95255208161412">
        <ele>41.39602076355368</ele>
        <time>1970-01-01T00:26:18.200000Z</time>
        <extensions>
          <gpxtpx:TrackPointExtension>
            <gpxtpx:hr>171</gpxtpx:hr>
          </gpxtpx:TrackPointExtension>
        </extensions>
      </trkpt>
      <trkpt lat="22.73155214381667" lon="113.95253533371884">
        <ele>41.38681711722165</ele>
        <time>1970-01-01T00:26:19.200000Z</time>
        <extensions>
          <gpxtpx:TrackPointExtension>
            <gpxtpx:hr>171</gpxtpx:hr>
          </gpxtpx:TrackPointExtension>
        </extensions>
      </trkpt>
      <trkpt lat="22.731538905409874" lon="113.95252063446307">
        <ele>41.37682509236038</ele>
        <time>1970-01-01T00:26:20.200000Z</time>
        <extensions>
          <gpxtpx:TrackPointExtension>
            <gpxtpx:hr>171</gpxtpx:hr>
          </gpxtpx:TrackPointExtension>
        </extensions>
      </trkpt>
      <trkpt lat="22.731525933476785" lon="113.95250657472259">
        <ele>41.36234332341701</ele>
        <time>1970-01-01T00:26:21.200000Z</time>
        <extensions>
          <gpxtpx:TrackPointExtension>
            <gpxtpx:hr>171</gpxtpx:hr>
          </gpxtpx:TrackPointExtension>
        </extensions>
      </trkpt>
      <trkpt lat="22.731514541903554" lon="113.95249195666618">
        <ele>41.34105935320258</ele>
        <time>1970-01-01T00:26:22.200000Z</time>
        <extensions>
          <gpxtpx:TrackPointExtension>
            <gpxtpx:hr>171</gpxtpx:hr>
          </gpxtpx:TrackPointExtension>
        </extensions>
      </trkpt>
      <trkpt lat="22.731504162174325" lon="113.95247707169739">
        <ele>41.312390179373324</ele>
        <time>1970-01-01T00:26:23.200000Z</time>
        <extensions>
          <gpxtpx:TrackPointExtension>
            <gpxtpx:hr>172</gpxtpx:hr>
          </gpxtpx:TrackPointExtension>
        </extensions>
      </trkpt>
      <trkpt lat="22.731494270129964" lon="113.95246343809366">
        <ele>41.27768469788134</ele>
        <time>1970-01-01T00:26:24.200000Z</time>
        <extensions>
          <gpxtpx:TrackPointExtension>
            <gpxtpx:hr>172</gpxtpx:hr>
          </gpxtpx:TrackPointExtension>
        </extensions>
      </trkpt>
      <trkpt lat="22.731483917874186" lon="113.95245109184809">
        <ele>41.23953596968204</ele>
        <time>1970-01-01T00:26:25.200000Z</time>
        <extensions>
          <gpxtpx:TrackPointExtension>
            <gpxtpx:hr>172</gpxtpx:hr>
          </gpxtpx:TrackPointExtension>
        </extensions>
      </trkpt>
      <trkpt lat="22.73147323636137" lon="113.95243899311633">
        <ele>41.20084896031767</ele>
        <time>1970-01-01T00:26:26.200000Z</time>
        <extensions>
          <gpxtpx:TrackPointExtension>
            <gpxtpx:hr>172</gpxtpx:hr>
          </gpxtpx:TrackPointExtension>
        </extensions>
      </trkpt>
      <trkpt lat="22.73146295247413" lon="113.9524266801482">
        <ele>41.16389168333262</ele>
        <time>1970-01-01T00:26:27.200000Z</time>
        <extensions>
          <gpxtpx:TrackPointExtension>
            <gpxtpx:hr>172</gpxtpx:hr>
          </gpxtpx:TrackPointExtension>
        </extensions>
      </trkpt>
      <trkpt lat="22.731453039317046" lon="113.95241365371825">
        <ele>41.13028606399894</ele>
        <time>1970-01-01T00:26:28.200000Z</time>
        <extensions>
          <gpxtpx:TrackPointExtension>
            <gpxtpx:hr>172</gpxtpx:hr>
          </gpxtpx:TrackPointExtension>
        </extensions>
      </trkpt>
      <trkpt lat="22.731443631227105" lon="113.95239974513782">
        <ele>41.10070758499205</ele>
        <time>1970-01-01T00:26:29.200000Z</time>
        <extensions>
          <gpxtpx:TrackPointExtension>
            <gpxtpx:hr>172</gpxtpx:hr>
          </gpxtpx:TrackPointExtension>
        </extensions>
      </trkpt>
      <trkpt lat="22.731433947611073" lon="113.95238489981594">
        <ele>41.0750178983435</ele>
        <time>1970-01-01T00:26:30.200000Z</time>
        <extensions>
          <gpxtpx:TrackPointExtension>
            <gpxtpx:hr>171</gpxtpx:hr>
          </gpxtpx:TrackPointExtension>
        </extensions>
      </trkpt>
      <trkpt lat="22.7314235289985" lon="113.9523697659674">
        <ele>41.05256174132228</ele>
        <time>1970-01-01T00:26:31.200000Z</time>
        <extensions>
          <gpxtpx:TrackPointExtension>
            <gpxtpx:hr>171</gpxtpx:hr>
          </gpxtpx:TrackPointExtension>
        </extensions>
      </trkpt>
      <trkpt lat="22.731412500247032" lon="113.9523545901977">
        <ele>41.03199136722833</ele>
        <time>1970-01-01T00:26:32.200000Z</time>
        <extensions>
          <gpxtpx:TrackPointExtension>
            <gpxtpx:hr>171</gpxtpx:hr>
          </gpxtpx:TrackPointExtension>
        </extensions>
      </trkpt>
      <trkpt lat="22.731400498139333" lon="113.95233927478803">
        <ele>41.01174630783498</ele>
        <time>1970-01-01T00:26:33.200000Z</time>
        <extensions>
          <gpxtpx:TrackPointExtension>
            <gpxtpx:hr>171</gpxtpx:hr>
          </gpxtpx:TrackPointExtension>
        </extensions>
      </trkpt>
      <trkpt lat="22.731387180548012" lon="113.952324417691">
        <ele>40.98996385931969</ele>
        <time>1970-01-01T00:26:34.200000Z</time>
        <extensions>
          <gpxtpx:TrackPointExtension>
            <gpxtpx:hr>171</gpxtpx:hr>
          </gpxtpx:TrackPointExtension>
        </extensions>
      </trkpt>
      <trkpt lat="22.73137305700744" lon="113.95230921976173">
        <ele>40.96466324478388</ele>
        <time>1970-01-01T00:26:35.200000Z</time>
        <extensions>
          <gpxtpx:TrackPointExtension>
            <gpxtpx:hr>171</gpxtpx:hr>
          </gpxtpx:TrackPointExtension>
        </extensions>
      </trkpt>
      <trkpt lat="22.731359144986644" lon="113.95229280297485">
        <ele>40.933894546702504</ele>
        <time>1970-01-01T00:26:36.200000Z</time>
        <extensions>
          <gpxtpx:TrackPointExtension>
            <gpxtpx:hr>171</gpxtpx:hr>
          </gpxtpx:TrackPointExtension>
        </extensions>
      </trkpt>
      <trkpt lat="22.73134560014137" lon="113.95227588275642">
        <ele>40.89677941985428</ele>
        <time>1970-01-01T00:26:37.200000Z</time>
        <extensions>
          <gpxtpx:TrackPointExtension>
            <gpxtpx:hr>169</gpxtpx:hr>
          </gpxtpx:TrackPointExtension>
        </extensions>
      </trkpt>
      <trkpt lat="22.731332066989346" lon="113.95225934469005">
        <ele>40.85284921899438</ele>
        <time>1970-01-01T00:26:38.200000Z</time>
        <extensions>
          <gpxtpx:TrackPointExtension>
            <gpxtpx:hr>169</gpxtpx:hr>
          </gpxtpx:TrackPointExtension>
        </extensions>
      </trkpt>
      <trkpt lat="22.731318020763283" lon="113.95224333351405">
        <ele>40.80201963335276</ele>
        <time>1970-01-01T00:26:39.200000Z</time>
        <extensions>
          <gpxtpx:TrackPointExtension>
            <gpxtpx:hr>169</gpxtpx:hr>
          </gpxtpx:TrackPointExtension>
        </extensions>
      </trkpt>
      <trkpt lat="22.7313037200976" lon="113.95222677748235">
        <ele>40.74461189284921</ele>
        <time>1970-01-01T00:26:40.200000Z</time>
        <extensions>
          <gpxtpx:TrackPointExtension>
            <gpxtpx:hr>169</gpxtpx:hr>
          </gpxtpx:TrackPointExtension>
        </extensions>
      </trkpt>
      <trkpt lat="22.731290076355457" lon="113.95220874394566">
        <ele>40.681435415521264</ele>
        <time>1970-01-01T00:26:41.200000Z</time>
        <extensions>
          <gpxtpx:TrackPointExtension>
            <gpxtpx:hr>170</gpxtpx:hr>
          </gpxtpx:TrackPointExtension>
        </extensions>
      </trkpt>
      <trkpt lat="22.73127752964777" lon="113.95218952136169">
        <ele>40.61371068097651</ele>
        <time>1970-01-01T00:26:42.200000Z</time>
        <extensions>
          <gpxtpx:TrackPointExtension>
            <gpxtpx:hr>170</gpxtpx:hr>
          </gpxtpx:TrackPointExtension>
        </extensions>
      </trkpt>
      <trkpt lat="22.73126593112828" lon="113.95216997964759">
        <ele>40.54310923535377</ele>
        <time>1970-01-01T00:26:43.200000Z</time>
        <extensions>
          <gpxtpx:TrackPointExtension>
            <gpxtpx:hr>170</gpxtpx:hr>
          </gpxtpx:TrackPointExtension>
        </extensions>
      </trkpt>
      <trkpt lat="22.731254867742408" lon="113.95215076192726">
        <ele>40.47165966965258</ele>
        <time>1970-01-01T00:26:44.200000Z</time>
        <extensions>
          <gpxtpx:TrackPointExtension>
            <gpxtpx:hr>170</gpxtpx:hr>
          </gpxtpx:TrackPointExtension>
        </extensions>
      </trkpt>
      <trkpt lat="22.731243841291707" lon="113.95213189526031">
        <ele>40.40147394128144</ele>
        <time>1970-01-01T00:26:45.200000Z</time>
        <extensions>
          <gpxtpx:TrackPointExtension>
            <gpxtpx:hr>170</gpxtpx:hr>
          </gpxtpx:TrackPointExtension>
        </extensions>
      </trkpt>
      <trkpt lat="22.731232691889254" lon="113.95211320109459">
        <ele>40.334106700494885</ele>
        <time>1970-01-01T00:26:46.200000Z</time>
        <extensions>
          <gpxtpx:TrackPointExtension>
            <gpxtpx:hr>169</gpxtpx:hr>
          </gpxtpx:TrackPointExtension>
        </extensions>
      </trkpt>
      <trkpt lat="22.73122127964881" lon="113.95209427934911">
        <ele>40.27032799273729</ele>
        <time>1970-01-01T00:26:47.200000Z</time>
        <extensions>
          <gpxtpx:TrackPointExtension>
            <gpxtpx:hr>169</gpxtpx:hr>
          </gpxtpx:TrackPointExtension>
        </extensions>
      </trkpt>
      <trkpt lat="22.731209518734296" lon="113.95207528558439">
        <ele>40.21019683871418</ele>
        <time>1970-01-01T00:26:48.200000Z</time>
        <extensions>
          <gpxtpx:TrackPointExtension>
            <gpxtpx:hr>169</gpxtpx:hr>
          </gpxtpx:TrackPointExtension>
        </extensions>
      </trkpt>
      <trkpt lat="22.731196879096196" lon="113.9520560376171">
        <ele>40.15336288604885</ele>
        <time>1970-01-01T00:26:49.200000Z</time>
        <extensions>
          <gpxtpx:TrackPointExtension>
            <gpxtpx:hr>169</gpxtpx:hr>
          </gpxtpx:TrackPointExtension>
        </extensions>
      </trkpt>
      <trkpt lat="22.731183552581868" lon="113.95203686497536">
        <ele>40.09929166175425</ele>
        <time>1970-01-01T00:26:50.200000Z</time>
        <extensions>
          <gpxtpx:TrackPointExtension>
            <gpxtpx:hr>169</gpxtpx:hr>
          </gpxtpx:TrackPointExtension>
        </extensions>
      </trkpt>
      <trkpt lat="22.731169991818437" lon="113.9520180344052">
        <ele>40.04750879202038</ele>
        <time>1970-01-01T00:26:51.200000Z</time>
        <extensions>
          <gpxtpx:TrackPointExtension>
            <gpxtpx:hr>169</gpxtpx:hr>
          </gpxtpx:TrackPointExtension>
        </extensions>
      </trkpt>
      <trkpt lat="22.731156154307854" lon="113.95199926879687">
        <ele>39.99771352019161</ele>
        <time>1970-01-01T00:26:52.200000Z</time>
        <extensions>
          <gpxtpx:TrackPointExtension>
            <gpxtpx:hr>169</gpxtpx:hr>
          </gpxtpx:TrackPointExtension>
        </extensions>
      </trkpt>
      <trkpt lat="22.731142556593532" lon="113.95198068052083">
        <ele>39.94974926300347</ele>
        <time>1970-01-01T00:26:53.200000Z</time>
        <extensions>
          <gpxtpx:TrackPointExtension>
            <gpxtpx:hr>167</gpxtpx:hr>
          </gpxtpx:TrackPointExtension>
        </extensions>
      </trkpt>
      <trkpt lat="22.731129247968838" lon="113.95196292223791">
        <ele>39.9034872232005</ele>
        <time>1970-01-01T00:26:54.200000Z</time>
        <extensions>
          <gpxtpx:TrackPointExtension>
            <gpxtpx:hr>167</gpxtpx:hr>
          </gpxtpx:TrackPointExtension>
        </extensions>
      </trkpt>
      <trkpt lat="22.73111606371954" lon="113.95194652109113">
        <ele>39.85893188882619</ele>
        <time>1970-01-01T00:26:55.200000Z</time>
        <extensions>
          <gpxtpx:TrackPointExtension>
            <gpxtpx:hr>167</gpxtpx:hr>
          </gpxtpx:TrackPointExtension>
        </extensions>
      </trkpt>
      <trkpt lat="22.731102868618123" lon="113.95193166030194">
        <ele>39.81615082733333</ele>
        <time>1970-01-01T00:26:56.200000Z</time>
        <extensions>
          <gpxtpx:TrackPointExtension>
            <gpxtpx:hr>167</gpxtpx:hr>
          </gpxtpx:TrackPointExtension>
        </extensions>
      </trkpt>
      <trkpt lat="22.7310906321865" lon="113.95191755830824">
        <ele>39.77493601664901</ele>
        <time>1970-01-01T00:26:57.200000Z</time>
        <extensions>
          <gpxtpx:TrackPointExtension>
            <gpxtpx:hr>167</gpxtpx:hr>
          </gpxtpx:TrackPointExtension>
        </extensions>
      </trkpt>
      <trkpt lat="22.731080372039372" lon="113.95190499860767">
        <ele>39.73485803231597</ele>
        <time>1970-01-01T00:26:58.200000Z</time>
        <extensions>
          <gpxtpx:TrackPointExtension>
            <gpxtpx:hr>167</gpxtpx:hr>
          </gpxtpx:TrackPointExtension>
        </extensions>
      </trkpt>
      <trkpt lat="22.731071345499494" lon="113.95189429099113">
        <ele>39.695518671534956</ele>
        <time>1970-01-01T00:26:59.200000Z</time>
        <extensions>
          <gpxtpx:TrackPointExtension>
            <gpxtpx:hr>165</gpxtpx:hr>
          </gpxtpx:TrackPointExtension>
        </extensions>
      </trkpt>
      <trkpt lat="22.73106313861199" lon="113.95188440159424">
        <ele>39.65647538751364</ele>
        <time>1970-01-01T00:27:00.200000Z</time>
        <extensions>
          <gpxtpx:TrackPointExtension>
            <gpxtpx:hr>165</gpxtpx:hr>
          </gpxtpx:TrackPointExtension>
        </extensions>
      </trkpt>
      <trkpt lat="22.731054928248238" lon="113.95187383015354">
        <ele>39.617189371958375</ele>
        <time>1970-01-01T00:27:01.200000Z</time>
        <extensions>
          <gpxtpx:TrackPointExtension>
            <gpxtpx:hr>165</gpxtpx:hr>
          </gpxtpx:TrackPointExtension>
        </extensions>
      </trkpt>
      <trkpt lat="22.731045763026113" lon="113.95186194988956">
        <ele>39.57717780396342</ele>
        <time>1970-01-01T00:27:02.200000Z</time>
        <extensions>
          <gpxtpx:TrackPointExtension>
            <gpxtpx:hr>165</gpxtpx:hr>
          </gpxtpx:TrackPointExtension>
        </extensions>
      </trkpt>
      <trkpt lat="22.731035475592943" lon="113.95184788011997">
        <ele>39.53603904787451</ele>
        <time>1970-01-01T00:27:03.200000Z</time>
        <extensions>
          <gpxtpx:TrackPointExtension>
            <gpxtpx:hr>165</gpxtpx:hr>
          </gpxtpx:TrackPointExtension>
        </extensions>
      </trkpt>
      <trkpt lat="22.73102422435985" lon="113.95183097098204">
        <ele>39.49330429174006</ele>
        <time>1970-01-01T00:27:04.200000Z</time>
        <extensions>
          <gpxtpx:TrackPointExtension>
            <gpxtpx:hr>165</gpxtpx:hr>
          </gpxtpx:TrackPointExtension>
        </extensions>
      </trkpt>
      <trkpt lat="22.73101273101126" lon="113.95181236146338">
        <ele>39.4483185056597</ele>
        <time>1970-01-01T00:27:05.200000Z</time>
        <extensions>
          <gpxtpx:TrackPointExtension>
            <gpxtpx:hr>165</gpxtpx:hr>
          </gpxtpx:TrackPointExtension>
        </extensions>
      </trkpt>
      <trkpt lat="22.731000597046716" lon="113.95179253127564">
        <ele>39.40063226222992</ele>
        <time>1970-01-01T00:27:06.200000Z</time>
        <extensions>
          <gpxtpx:TrackPointExtension>
            <gpxtpx:hr>165</gpxtpx:hr>
          </gpxtpx:TrackPointExtension>
        </extensions>
      </trkpt>
      <trkpt lat="22.730987992188656" lon="113.9517715948711">
        <ele>39.35029919818044</ele>
        <time>1970-01-01T00:27:07.200000Z</time>
        <extensions>
          <gpxtpx:TrackPointExtension>
            <gpxtpx:hr>165</gpxtpx:hr>
          </gpxtpx:TrackPointExtension>
        </extensions>
      </trkpt>
      <trkpt lat="22.73097618695531" lon="113.95175025172773">
        <ele>39.29791864287108</ele>
        <time>1970-01-01T00:27:08.200000Z</time>
        <extensions>
          <gpxtpx:TrackPointExtension>
            <gpxtpx:hr>166</gpxtpx:hr>
          </gpxtpx:TrackPointExtension>
        </extensions>
      </trkpt>
      <trkpt lat="22.730964915619456" lon="113.95172863965075">
        <ele>39.24425939563662</ele>
        <time>1970-01-01T00:27:09.200000Z</time>
        <extensions>
          <gpxtpx:TrackPointExtension>
            <gpxtpx:hr>166</gpxtpx:hr>
          </gpxtpx:TrackPointExtension>
        </extensions>
      </trkpt>
      <trkpt lat="22.730953540930876" lon="113.95170650010994">
        <ele>39.19052119739354</ele>
        <time>1970-01-01T00:27:10.200000Z</time>
        <extensions>
          <gpxtpx:TrackPointExtension>
            <gpxtpx:hr>166</gpxtpx:hr>
          </gpxtpx:TrackPointExtension>
        </extensions>
      </trkpt>
      <trkpt lat="22.73094179739733" lon="113.95168488458808">
        <ele>39.13782162126154</ele>
        <time>1970-01-01T00:27:11.200000Z</time>
        <extensions>
          <gpxtpx:TrackPointExtension>
            <gpxtpx:hr>166</gpxtpx:hr>
          </gpxtpx:TrackPointExtension>
        </extensions>
      </trkpt>
      <trkpt lat="22.730930088331792" lon="113.95166262057865">
        <ele>39.086936325766146</ele>
        <time>1970-01-01T00:27:12.200000Z</time>
        <extensions>
          <gpxtpx:TrackPointExtension>
            <gpxtpx:hr>167</gpxtpx:hr>
          </gpxtpx:TrackPointExtension>
        </extensions>
      </trkpt>
      <trkpt lat="22.73091895166476" lon="113.95163981685373">
        <ele>39.038090243935585</ele>
        <time>1970-01-01T00:27:13.200000Z</time>
        <extensions>
          <gpxtpx:TrackPointExtension>
            <gpxtpx:hr>167</gpxtpx:hr>
          </gpxtpx:TrackPointExtension>
        </extensions>
      </trkpt>
      <trkpt lat="22.730908872350817" lon="113.95161669777103">
        <ele>38.99146518856287</ele>
        <time>1970-01-01T00:27:14.200000Z</time>
        <extensions>
          <gpxtpx:TrackPointExtension>
            <gpxtpx:hr>167</gpxtpx:hr>
          </gpxtpx:TrackPointExtension>
        </extensions>
      </trkpt>
      <trkpt lat="22.730899916433824" lon="113.95159366492595">
        <ele>38.947159718722105</ele>
        <time>1970-01-01T00:27:15.200000Z</time>
        <extensions>
          <gpxtpx:TrackPointExtension>
            <gpxtpx:hr>167</gpxtpx:hr>
          </gpxtpx:TrackPointExtension>
        </extensions>
      </trkpt>
      <trkpt lat="22.73089193342983" lon="113.9515702672605">
        <ele>38.904057812877</ele>
        <time>1970-01-01T00:27:16.200000Z</time>
        <extensions>
          <gpxtpx:TrackPointExtension>
            <gpxtpx:hr>167</gpxtpx:hr>
          </gpxtpx:TrackPointExtension>
        </extensions>
      </trkpt>
      <trkpt lat="22.73088436818778" lon="113.95154693154515">
        <ele>38.866004245355725</ele>
        <time>1970-01-01T00:27:17.200000Z</time>
        <extensions>
          <gpxtpx:TrackPointExtension>
            <gpxtpx:hr>166</gpxtpx:hr>
          </gpxtpx:TrackPointExtension>
        </extensions>
      </trkpt>
      <trkpt lat="22.730877017679997" lon="113.95152317897201">
        <ele>38.832598249427974</ele>
        <time>1970-01-01T00:27:18.200000Z</time>
        <extensions>
          <gpxtpx:TrackPointExtension>
            <gpxtpx:hr>166</gpxtpx:hr>
          </gpxtpx:TrackPointExtension>
        </extensions>
      </trkpt>
      <trkpt lat="22.730869019129774" lon="113.95149863746911">
        <ele>38.81203671079129</ele>
        <time>1970-01-01T00:27:19.200000Z</time>
        <extensions>
          <gpxtpx:TrackPointExtension>
            <gpxtpx:hr>166</gpxtpx:hr>
          </gpxtpx:TrackPointExtension>
        </extensions>
      </trkpt>
      <trkpt lat="22.730860243180572" lon="113.95147337132931">
        <ele>38.80538320634514</ele>
        <time>1970-01-01T00:27:20.200000Z</time>
        <extensions>
          <gpxtpx:TrackPointExtension>
            <gpxtpx:hr>166</gpxtpx:hr>
          </gpxtpx:TrackPointExtension>
        </extensions>
      </trkpt>
      <trkpt lat="22.730851623730675" lon="113.95144764778645">
        <ele>38.81740833912045</ele>
        <time>1970-01-01T00:27:21.200000Z</time>
        <extensions>
          <gpxtpx:TrackPointExtension>
            <gpxtpx:hr>166</gpxtpx:hr>
          </gpxtpx:TrackPointExtension>
        </extensions>
      </trkpt>
      <trkpt lat="22.730844132578934" lon="113.95142174500474">
        <ele>38.852323800325394</ele>
        <time>1970-01-01T00:27:22.200000Z</time>
        <extensions>
          <gpxtpx:TrackPointExtension>
            <gpxtpx:hr>166</gpxtpx:hr>
          </gpxtpx:TrackPointExtension>
        </extensions>
      </trkpt>
      <trkpt lat="22.730838290138173" lon="113.95139534807677">
        <ele>38.91149961389601</ele>
        <time>1970-01-01T00:27:23.200000Z</time>
        <extensions>
          <gpxtpx:TrackPointExtension>
            <gpxtpx:hr>166</gpxtpx:hr>
          </gpxtpx:TrackPointExtension>
        </extensions>
      </trkpt>
      <trkpt lat="22.73083337529681" lon="113.95136869454717">
        <ele>38.999285489320755</ele>
        <time>1970-01-01T00:27:24.200000Z</time>
        <extensions>
          <gpxtpx:TrackPointExtension>
            <gpxtpx:hr>166</gpxtpx:hr>
          </gpxtpx:TrackPointExtension>
        </extensions>
      </trkpt>
      <trkpt lat="22.73082900748579" lon="113.95134178348785">
        <ele>39.11047826334834</ele>
        <time>1970-01-01T00:27:25.200000Z</time>
        <extensions>
          <gpxtpx:TrackPointExtension>
            <gpxtpx:hr>166</gpxtpx:hr>
          </gpxtpx:TrackPointExtension>
        </extensions>
      </trkpt>
      <trkpt lat="22.730824792306255" lon="113.95131453542842">
        <ele>39.23593461047858</ele>
        <time>1970-01-01T00:27:26.200000Z</time>
        <extensions>
          <gpxtpx:TrackPointExtension>
            <gpxtpx:hr>166</gpxtpx:hr>
          </gpxtpx:TrackPointExtension>
        </extensions>
      </trkpt>
      <trkpt lat="22.730820549219118" lon="113.95128693362433">
        <ele>39.35940443351865</ele>
        <time>1970-01-01T00:27:27.200000Z</time>
        <extensions>
          <gpxtpx:TrackPointExtension>
            <gpxtpx:hr>166</gpxtpx:hr>
          </gpxtpx:TrackPointExtension>
        </extensions>
      </trkpt>
      <trkpt lat="22.730815424838127" lon="113.951259575091">
        <ele>39.46547928545624</ele>
        <time>1970-01-01T00:27:28.200000Z</time>
        <extensions>
          <gpxtpx:TrackPointExtension>
            <gpxtpx:hr>166</gpxtpx:hr>
          </gpxtpx:TrackPointExtension>
        </extensions>
      </trkpt>
      <trkpt lat="22.730808503189923" lon="113.95123277719698">
        <ele>39.54795152973384</ele>
        <time>1970-01-01T00:27:29.200000Z</time>
        <extensions>
          <gpxtpx:TrackPointExtension>
            <gpxtpx:hr>166</gpxtpx:hr>
          </gpxtpx:TrackPointExtension>
        </extensions>
      </trkpt>
      <trkpt lat="22.73080019020376" lon="113.95120699357483">
        <ele>39.60695769637823</ele>
        <time>1970-01-01T00:27:30.200000Z</time>
        <extensions>
          <gpxtpx:TrackPointExtension>
            <gpxtpx:hr>166</gpxtpx:hr>
          </gpxtpx:TrackPointExtension>
        </extensions>
      </trkpt>
      <trkpt lat="22.730791471811067" lon="113.95118267436081">
        <ele>39.644004717469215</ele>
        <time>1970-01-01T00:27:31.200000Z</time>
        <extensions>
          <gpxtpx:TrackPointExtension>
            <gpxtpx:hr>167</gpxtpx:hr>
          </gpxtpx:TrackPointExtension>
        </extensions>
      </trkpt>
      <trkpt lat="22.73078266990951" lon="113.95115984103055">
        <ele>39.65933408215642</ele>
        <time>1970-01-01T00:27:32.200000Z</time>
        <extensions>
          <gpxtpx:TrackPointExtension>
            <gpxtpx:hr>167</gpxtpx:hr>
          </gpxtpx:TrackPointExtension>
        </extensions>
      </trkpt>
      <trkpt lat="22.730773681408557" lon="113.95113799093436">
        <ele>39.662531337700784</ele>
        <time>1970-01-01T00:27:33.200000Z</time>
        <extensions>
          <gpxtpx:TrackPointExtension>
            <gpxtpx:hr>167</gpxtpx:hr>
          </gpxtpx:TrackPointExtension>
        </extensions>
      </trkpt>
      <trkpt lat="22.730764041525813" lon="113.9511166856357">
        <ele>39.66028508078307</ele>
        <time>1970-01-01T00:27:34.200000Z</time>
        <extensions>
          <gpxtpx:TrackPointExtension>
            <gpxtpx:hr>167</gpxtpx:hr>
          </gpxtpx:TrackPointExtension>
        </extensions>
      </trkpt>
      <trkpt lat="22.730753635640582" lon="113.95109477221438">
        <ele>39.65561517607421</ele>
        <time>1970-01-01T00:27:35.200000Z</time>
        <extensions>
          <gpxtpx:TrackPointExtension>
            <gpxtpx:hr>167</gpxtpx:hr>
          </gpxtpx:TrackPointExtension>
        </extensions>
      </trkpt>
      <trkpt lat="22.73074255812134" lon="113.95107154170122">
        <ele>39.65900554694235</ele>
        <time>1970-01-01T00:27:36.200000Z</time>
        <extensions>
          <gpxtpx:TrackPointExtension>
            <gpxtpx:hr>166</gpxtpx:hr>
          </gpxtpx:TrackPointExtension>
        </extensions>
      </trkpt>
      <trkpt lat="22.730730409658626" lon="113.95104754939047">
        <ele>39.67450315412134</ele>
        <time>1970-01-01T00:27:37.200000Z</time>
        <extensions>
          <gpxtpx:TrackPointExtension>
            <gpxtpx:hr>166</gpxtpx:hr>
          </gpxtpx:TrackPointExtension>
        </extensions>
      </trkpt>
      <trkpt lat="22.7307173138325" lon="113.9510231646358">
        <ele>39.69713712669909</ele>
        <time>1970-01-01T00:27:38.200000Z</time>
        <extensions>
          <gpxtpx:TrackPointExtension>
            <gpxtpx:hr>166</gpxtpx:hr>
          </gpxtpx:TrackPointExtension>
        </extensions>
      </trkpt>
      <trkpt lat="22.730704629499485" lon="113.95099896691109">
        <ele>39.726628825999796</ele>
        <time>1970-01-01T00:27:39.200000Z</time>
        <extensions>
          <gpxtpx:TrackPointExtension>
            <gpxtpx:hr>166</gpxtpx:hr>
          </gpxtpx:TrackPointExtension>
        </extensions>
      </trkpt>
      <trkpt lat="22.73069343335788" lon="113.95097563346243">
        <ele>39.75751056987792</ele>
        <time>1970-01-01T00:27:40.200000Z</time>
        <extensions>
          <gpxtpx:TrackPointExtension>
            <gpxtpx:hr>166</gpxtpx:hr>
          </gpxtpx:TrackPointExtension>
        </extensions>
      </trkpt>
      <trkpt lat="22.730683286750157" lon="113.95095282413283">
        <ele>39.78216752782464</ele>
        <time>1970-01-01T00:27:41.200000Z</time>
        <extensions>
          <gpxtpx:TrackPointExtension>
            <gpxtpx:hr>166</gpxtpx:hr>
          </gpxtpx:TrackPointExtension>
        </extensions>
      </trkpt>
      <trkpt lat="22.73067334464757" lon="113.95092983172853">
        <ele>39.80010562669486</ele>
        <time>1970-01-01T00:27:42.200000Z</time>
        <extensions>
          <gpxtpx:TrackPointExtension>
            <gpxtpx:hr>165</gpxtpx:hr>
          </gpxtpx:TrackPointExtension>
        </extensions>
      </trkpt>
      <trkpt lat="22.730662911269192" lon="113.95090643195249">
        <ele>39.812442663125694</ele>
        <time>1970-01-01T00:27:43.200000Z</time>
        <extensions>
          <gpxtpx:TrackPointExtension>
            <gpxtpx:hr>165</gpxtpx:hr>
          </gpxtpx:TrackPointExtension>
        </extensions>
      </trkpt>
      <trkpt lat="22.7306514167773" lon="113.95088269337127">
        <ele>39.823140017688274</ele>
        <time>1970-01-01T00:27:44.200000Z</time>
        <extensions>
          <gpxtpx:TrackPointExtension>
            <gpxtpx:hr>165</gpxtpx:hr>
          </gpxtpx:TrackPointExtension>
        </extensions>
      </trkpt>
      <trkpt lat="22.73063870950904" lon="113.95085867513188">
        <ele>39.83255485165864</ele>
        <time>1970-01-01T00:27:45.200000Z</time>
        <extensions>
          <gpxtpx:TrackPointExtension>
            <gpxtpx:hr>165</gpxtpx:hr>
          </gpxtpx:TrackPointExtension>
        </extensions>
      </trkpt>
      <trkpt lat="22.730624404254332" lon="113.95083456652519">
        <ele>39.83637488260865</ele>
        <time>1970-01-01T00:27:46.200000Z</time>
        <extensions>
          <gpxtpx:TrackPointExtension>
            <gpxtpx:hr>165</gpxtpx:hr>
          </gpxtpx:TrackPointExtension>
        </extensions>
      </trkpt>
      <trkpt lat="22.730607641094437" lon="113.95081077186711">
        <ele>39.841560158878565</ele>
        <time>1970-01-01T00:27:47.200000Z</time>
        <extensions>
          <gpxtpx:TrackPointExtension>
            <gpxtpx:hr>165</gpxtpx:hr>
          </gpxtpx:TrackPointExtension>
        </extensions>
      </trkpt>
      <trkpt lat="22.73058887448065" lon="113.95078791881848">
        <ele>39.84599028527737</ele>
        <time>1970-01-01T00:27:48.200000Z</time>
        <extensions>
          <gpxtpx:TrackPointExtension>
            <gpxtpx:hr>165</gpxtpx:hr>
          </gpxtpx:TrackPointExtension>
        </extensions>
      </trkpt>
      <trkpt lat="22.730569364163138" lon="113.95076673155897">
        <ele>39.84998159483075</ele>
        <time>1970-01-01T00:27:49.200000Z</time>
        <extensions>
          <gpxtpx:TrackPointExtension>
            <gpxtpx:hr>165</gpxtpx:hr>
          </gpxtpx:TrackPointExtension>
        </extensions>
      </trkpt>
      <trkpt lat="22.730550295078483" lon="113.95074742638744">
        <ele>39.85923249553889</ele>
        <time>1970-01-01T00:27:50.200000Z</time>
        <extensions>
          <gpxtpx:TrackPointExtension>
            <gpxtpx:hr>165</gpxtpx:hr>
          </gpxtpx:TrackPointExtension>
        </extensions>
      </trkpt>
      <trkpt lat="22.73053236542494" lon="113.95072981782235">
        <ele>39.87516937032342</ele>
        <time>1970-01-01T00:27:51.200000Z</time>
        <extensions>
          <gpxtpx:TrackPointExtension>
            <gpxtpx:hr>165</gpxtpx:hr>
          </gpxtpx:TrackPointExtension>
        </extensions>
      </trkpt>
      <trkpt lat="22.730515940253817" lon="113.95071330757119">
        <ele>39.89073902834207</ele>
        <time>1970-01-01T00:27:52.200000Z</time>
        <extensions>
          <gpxtpx:TrackPointExtension>
            <gpxtpx:hr>163</gpxtpx:hr>
          </gpxtpx:TrackPointExtension>
        </extensions>
      </trkpt>
      <trkpt lat="22.73050047503182" lon="113.95069700872718">
        <ele>39.901707887649536</ele>
        <time>1970-01-01T00:27:53.200000Z</time>
        <extensions>
          <gpxtpx:TrackPointExtension>
            <gpxtpx:hr>163</gpxtpx:hr>
          </gpxtpx:TrackPointExtension>
        </extensions>
      </trkpt>
      <trkpt lat="22.73048441042038" lon="113.95068019431615">
        <ele>39.90647342894226</ele>
        <time>1970-01-01T00:27:54.200000Z</time>
        <extensions>
          <gpxtpx:TrackPointExtension>
            <gpxtpx:hr>163</gpxtpx:hr>
          </gpxtpx:TrackPointExtension>
        </extensions>
      </trkpt>
      <trkpt lat="22.730466870066735" lon="113.95066386085331">
        <ele>39.90131959412247</ele>
        <time>1970-01-01T00:27:55.200000Z</time>
        <extensions>
          <gpxtpx:TrackPointExtension>
            <gpxtpx:hr>163</gpxtpx:hr>
          </gpxtpx:TrackPointExtension>
        </extensions>
      </trkpt>
      <trkpt lat="22.730447683965316" lon="113.95064973117064">
        <ele>39.885290895588696</ele>
        <time>1970-01-01T00:27:56.200000Z</time>
        <extensions>
          <gpxtpx:TrackPointExtension>
            <gpxtpx:hr>163</gpxtpx:hr>
          </gpxtpx:TrackPointExtension>
        </extensions>
      </trkpt>
      <trkpt lat="22.730426982324953" lon="113.95063891033833">
        <ele>39.816690498031676</ele>
        <time>1970-01-01T00:27:57.200000Z</time>
        <extensions>
          <gpxtpx:TrackPointExtension>
            <gpxtpx:hr>163</gpxtpx:hr>
          </gpxtpx:TrackPointExtension>
        </extensions>
      </trkpt>
      <trkpt lat="22.730405727824202" lon="113.95063239271573">
        <ele>39.720226518809795</ele>
        <time>1970-01-01T00:27:58.200000Z</time>
        <extensions>
          <gpxtpx:TrackPointExtension>
            <gpxtpx:hr>163</gpxtpx:hr>
          </gpxtpx:TrackPointExtension>
        </extensions>
      </trkpt>
      <trkpt lat="22.730384452929638" lon="113.95062997170909">
        <ele>39.58865827508271</ele>
        <time>1970-01-01T00:27:59.200000Z</time>
        <extensions>
          <gpxtpx:TrackPointExtension>
            <gpxtpx:hr>163</gpxtpx:hr>
          </gpxtpx:TrackPointExtension>
        </extensions>
      </trkpt>
      <trkpt lat="22.730363458335667" lon="113.95063056478004">
        <ele>39.41242120973766</ele>
        <time>1970-01-01T00:28:00.200000Z</time>
        <extensions>
          <gpxtpx:TrackPointExtension>
            <gpxtpx:hr>163</gpxtpx:hr>
          </gpxtpx:TrackPointExtension>
        </extensions>
      </trkpt>
      <trkpt lat="22.730343392035632" lon="113.95063270794166">
        <ele>39.18063447624445</ele>
        <time>1970-01-01T00:28:01.200000Z</time>
        <extensions>
          <gpxtpx:TrackPointExtension>
            <gpxtpx:hr>163</gpxtpx:hr>
          </gpxtpx:TrackPointExtension>
        </extensions>
      </trkpt>
      <trkpt lat="22.73032461168813" lon="113.9506359601588">
        <ele>38.884970743209124</ele>
        <time>1970-01-01T00:28:02.200000Z</time>
        <extensions>
          <gpxtpx:TrackPointExtension>
            <gpxtpx:hr>163</gpxtpx:hr>
          </gpxtpx:TrackPointExtension>
        </extensions>
      </trkpt>
      <trkpt lat="22.73030711170029" lon="113.95064069928851">
        <ele>38.5227955756709</ele>
        <time>1970-01-01T00:28:03.200000Z</time>
        <extensions>
          <gpxtpx:TrackPointExtension>
            <gpxtpx:hr>163</gpxtpx:hr>
          </gpxtpx:TrackPointExtension>
        </extensions>
      </trkpt>
      <trkpt lat="22.73029029295602" lon="113.95064669830865">
        <ele>38.09666875936091</ele>
        <time>1970-01-01T00:28:04.200000Z</time>
        <extensions>
          <gpxtpx:TrackPointExtension>
            <gpxtpx:hr>163</gpxtpx:hr>
          </gpxtpx:TrackPointExtension>
        </extensions>
      </trkpt>
      <trkpt lat="22.730273635922256" lon="113.95065316881121">
        <ele>37.613874435424805</ele>
        <time>1970-01-01T00:28:05.200000Z</time>
        <extensions>
          <gpxtpx:TrackPointExtension>
            <gpxtpx:hr>163</gpxtpx:hr>
          </gpxtpx:TrackPointExtension>
        </extensions>
      </trkpt>
      <trkpt lat="22.730257609658207" lon="113.95065940483931">
        <ele>37.08896263409406</ele>
        <time>1970-01-01T00:28:06.200000Z</time>
        <extensions>
          <gpxtpx:TrackPointExtension>
            <gpxtpx:hr>163</gpxtpx:hr>
          </gpxtpx:TrackPointExtension>
        </extensions>
      </trkpt>
    </trkseg>
  </trk>
</gpx>