<?xml version="1.0" encoding="UTF-8"?>
<gpx xmlns="http://www.topografix.com/GPX/1/1" xmlns:gpxtpx="http://www.garmin.com/xmlschemas/TrackPointExtension/v1" xmlns:xsi="http://www.w3.org/2001/XMLSchema-instance" xsi:schemaLocation="http://www.topografix.com/GPX/1/1 http://www.topografix.com/GPX/1/1/gpx.xsd" version="1.1" creator="gpx.py -- https://github.com/tkrajina/gpxpy">
  <trk>
    <name>gpx from keep</name>
    <type>Run</type>
    <trkseg>
      <trkpt lat="28.795066303092124" lon="115.87451602526227">
        <ele>32.15795928519219</ele>
        <time>7632-09-10T05:15:23.399994Z</time>
      </trkpt>
      <trkpt lat="28.795066616019895" lon="115.8745203220861">
        <ele>32.38449727278203</ele>
        <time>1970-01-01T00:00:00.400000Z</time>
        <extensions>
          <gpxtpx:TrackPointExtension>
            <gpxtpx:hr>102</gpxtpx:hr>
          </gpxtpx:TrackPointExtension>
        </extensions>
      </trkpt>
      <trkpt lat="28.7950669189958" lon="115.87452443338935">
        <ele>32.371138208545744</ele>
        <time>1970-01-01T00:00:00.900000Z</time>
        <extensions>
          <gpxtpx:TrackPointExtension>
            <gpxtpx:hr>102</gpxtpx:hr>
          </gpxtpx:TrackPointExtension>
        </extensions>
      </trkpt>
      <trkpt lat="28.79506684579967" lon="115.87452842804845">
        <ele>32.26303051225841</ele>
        <time>1970-01-01T00:00:01.300000Z</time>
        <extensions>
          <gpxtpx:TrackPointExtension>
            <gpxtpx:hr>102</gpxtpx:hr>
          </gpxtpx:TrackPointExtension>
        </extensions>
      </trkpt>
      <trkpt lat="28.79506657654603" lon="115.87453226881493">
        <ele>32.10629553068429</ele>
        <time>1970-01-01T00:00:01.700000Z</time>
        <extensions>
          <gpxtpx:TrackPointExtension>
            <gpxtpx:hr>102</gpxtpx:hr>
          </gpxtpx:TrackPointExtension>
        </extensions>
      </trkpt>
      <trkpt lat="28.795066685825198" lon="115.87453637549139">
        <ele>31.884830622002482</ele>
        <time>1970-01-01T00:00:02.200000Z</time>
        <extensions>
          <gpxtpx:TrackPointExtension>
            <gpxtpx:hr>102</gpxtpx:hr>
          </gpxtpx:TrackPointExtension>
        </extensions>
      </trkpt>
      <trkpt lat="28.79506764989001" lon="115.87454040618863">
        <ele>31.65119531750679</ele>
        <time>1970-01-01T00:00:02.700000Z</time>
        <extensions>
          <gpxtpx:TrackPointExtension>
            <gpxtpx:hr>102</gpxtpx:hr>
          </gpxtpx:TrackPointExtension>
        </extensions>
      </trkpt>
      <trkpt lat="28.795068663737872" lon="115.8745448651876">
        <ele>31.41306506562978</ele>
        <time>1970-01-01T00:00:03.200000Z</time>
        <extensions>
          <gpxtpx:TrackPointExtension>
            <gpxtpx:hr>102</gpxtpx:hr>
          </gpxtpx:TrackPointExtension>
        </extensions>
      </trkpt>
      <trkpt lat="28.79506920261638" lon="115.87454988534023">
        <ele>31.176348621957004</ele>
        <time>1970-01-01T00:00:03.700000Z</time>
        <extensions>
          <gpxtpx:TrackPointExtension>
            <gpxtpx:hr>102</gpxtpx:hr>
          </gpxtpx:TrackPointExtension>
        </extensions>
      </trkpt>
      <trkpt lat="28.795069552334922" lon="115.87455494957024">
        <ele>30.946402792818844</ele>
        <time>1970-01-01T00:00:04.200000Z</time>
        <extensions>
          <gpxtpx:TrackPointExtension>
            <gpxtpx:hr>102</gpxtpx:hr>
          </gpxtpx:TrackPointExtension>
        </extensions>
      </trkpt>
      <trkpt lat="28.79507003145596" lon="115.87456006201147">
        <ele>30.72783350944519</ele>
        <time>1970-01-01T00:00:04.700000Z</time>
        <extensions>
          <gpxtpx:TrackPointExtension>
            <gpxtpx:hr>102</gpxtpx:hr>
          </gpxtpx:TrackPointExtension>
        </extensions>
      </trkpt>
      <trkpt lat="28.795070530738162" lon="115.87456519835592">
        <ele>30.52447498217225</ele>
        <time>1970-01-01T00:00:05.300000Z</time>
        <extensions>
          <gpxtpx:TrackPointExtension>
            <gpxtpx:hr>102</gpxtpx:hr>
          </gpxtpx:TrackPointExtension>
        </extensions>
      </trkpt>
      <trkpt lat="28.795070851366884" lon="115.87457027842882">
        <ele>30.338960671797395</ele>
        <time>1970-01-01T00:00:05.800000Z</time>
        <extensions>
          <gpxtpx:TrackPointExtension>
            <gpxtpx:hr>102</gpxtpx:hr>
          </gpxtpx:TrackPointExtension>
        </extensions>
      </trkpt>
      <trkpt lat="28.795071104734234" lon="115.87457537027248">
        <ele>30.17259293142706</ele>
        <time>1970-01-01T00:00:06.300000Z</time>
        <extensions>
          <gpxtpx:TrackPointExtension>
            <gpxtpx:hr>102</gpxtpx:hr>
          </gpxtpx:TrackPointExtension>
        </extensions>
      </trkpt>
      <trkpt lat="28.795071368106697" lon="115.87458045508372">
        <ele>30.02558944001794</ele>
        <time>1970-01-01T00:00:06.800000Z</time>
        <extensions>
          <gpxtpx:TrackPointExtension>
            <gpxtpx:hr>104</gpxtpx:hr>
          </gpxtpx:TrackPointExtension>
        </extensions>
      </trkpt>
      <trkpt lat="28.79507158705539" lon="115.87458537620525">
        <ele>29.89734042622149</ele>
        <time>1970-01-01T00:00:07.300000Z</time>
        <extensions>
          <gpxtpx:TrackPointExtension>
            <gpxtpx:hr>104</gpxtpx:hr>
          </gpxtpx:TrackPointExtension>
        </extensions>
      </trkpt>
      <trkpt lat="28.79507181233558" lon="115.87459023643858">
        <ele>29.78665345814079</ele>
        <time>1970-01-01T00:00:07.800000Z</time>
        <extensions>
          <gpxtpx:TrackPointExtension>
            <gpxtpx:hr>104</gpxtpx:hr>
          </gpxtpx:TrackPointExtension>
        </extensions>
      </trkpt>
      <trkpt lat="28.795072282435726" lon="115.87459520031372">
        <ele>29.69200353231281</ele>
        <time>1970-01-01T00:00:08.300000Z</time>
        <extensions>
          <gpxtpx:TrackPointExtension>
            <gpxtpx:hr>104</gpxtpx:hr>
          </gpxtpx:TrackPointExtension>
        </extensions>
      </trkpt>
      <trkpt lat="28.795073015826617" lon="115.87460028042148">
        <ele>29.611864951439202</ele>
        <time>1970-01-01T00:00:08.800000Z</time>
        <extensions>
          <gpxtpx:TrackPointExtension>
            <gpxtpx:hr>104</gpxtpx:hr>
          </gpxtpx:TrackPointExtension>
        </extensions>
      </trkpt>
      <trkpt lat="28.795073847232203" lon="115.87460542664121">
        <ele>29.544489328749478</ele>
        <time>1970-01-01T00:00:09.300000Z</time>
        <extensions>
          <gpxtpx:TrackPointExtension>
            <gpxtpx:hr>104</gpxtpx:hr>
          </gpxtpx:TrackPointExtension>
        </extensions>
      </trkpt>
      <trkpt lat="28.79507470739061" lon="115.8746106273876">
        <ele>29.488164241425693</ele>
        <time>1970-01-01T00:00:09.800000Z</time>
        <extensions>
          <gpxtpx:TrackPointExtension>
            <gpxtpx:hr>104</gpxtpx:hr>
          </gpxtpx:TrackPointExtension>
        </extensions>
      </trkpt>
      <trkpt lat="28.795075400786892" lon="115.87461587105521">
        <ele>29.44127761758864</ele>
        <time>1970-01-01T00:00:10.300000Z</time>
        <extensions>
          <gpxtpx:TrackPointExtension>
            <gpxtpx:hr>104</gpxtpx:hr>
          </gpxtpx:TrackPointExtension>
        </extensions>
      </trkpt>
      <trkpt lat="28.795075736610524" lon="115.8746212255871">
        <ele>29.402368946932256</ele>
        <time>1970-01-01T00:00:10.700000Z</time>
        <extensions>
          <gpxtpx:TrackPointExtension>
            <gpxtpx:hr>104</gpxtpx:hr>
          </gpxtpx:TrackPointExtension>
        </extensions>
      </trkpt>
      <trkpt lat="28.79507566125824" lon="115.87462669698006">
        <ele>29.37037092167884</ele>
        <time>1970-01-01T00:00:11.200000Z</time>
        <extensions>
          <gpxtpx:TrackPointExtension>
            <gpxtpx:hr>104</gpxtpx:hr>
          </gpxtpx:TrackPointExtension>
        </extensions>
      </trkpt>
      <trkpt lat="28.795075327358635" lon="115.87463224679261">
        <ele>29.344171301461756</ele>
        <time>1970-01-01T00:00:11.800000Z</time>
        <extensions>
          <gpxtpx:TrackPointExtension>
            <gpxtpx:hr>104</gpxtpx:hr>
          </gpxtpx:TrackPointExtension>
        </extensions>
      </trkpt>
      <trkpt lat="28.795075065553632" lon="115.87463789368468">
        <ele>29.322815551422536</ele>
        <time>1970-01-01T00:00:12.200000Z</time>
        <extensions>
          <gpxtpx:TrackPointExtension>
            <gpxtpx:hr>106</gpxtpx:hr>
          </gpxtpx:TrackPointExtension>
        </extensions>
      </trkpt>
      <trkpt lat="28.795075014148775" lon="115.87464378371253">
        <ele>29.305494922213256</ele>
        <time>1970-01-01T00:00:12.700000Z</time>
        <extensions>
          <gpxtpx:TrackPointExtension>
            <gpxtpx:hr>106</gpxtpx:hr>
          </gpxtpx:TrackPointExtension>
        </extensions>
      </trkpt>
      <trkpt lat="28.795075129175416" lon="115.87465007218157">
        <ele>29.291532405652106</ele>
        <time>1970-01-01T00:00:13.200000Z</time>
        <extensions>
          <gpxtpx:TrackPointExtension>
            <gpxtpx:hr>106</gpxtpx:hr>
          </gpxtpx:TrackPointExtension>
        </extensions>
      </trkpt>
      <trkpt lat="28.79507533916749" lon="115.87465671449417">
        <ele>29.2778931427747</ele>
        <time>1970-01-01T00:00:13.700000Z</time>
        <extensions>
          <gpxtpx:TrackPointExtension>
            <gpxtpx:hr>106</gpxtpx:hr>
          </gpxtpx:TrackPointExtension>
        </extensions>
      </trkpt>
      <trkpt lat="28.79507548187557" lon="115.87466349518762">
        <ele>29.263865247368813</ele>
        <time>1970-01-01T00:00:14.200000Z</time>
        <extensions>
          <gpxtpx:TrackPointExtension>
            <gpxtpx:hr>106</gpxtpx:hr>
          </gpxtpx:TrackPointExtension>
        </extensions>
      </trkpt>
      <trkpt lat="28.795075239304925" lon="115.87467042533814">
        <ele>29.2493915297091</ele>
        <time>1970-01-01T00:00:14.700000Z</time>
        <extensions>
          <gpxtpx:TrackPointExtension>
            <gpxtpx:hr>106</gpxtpx:hr>
          </gpxtpx:TrackPointExtension>
        </extensions>
      </trkpt>
      <trkpt lat="28.795074555194844" lon="115.87467752043698">
        <ele>29.23451281711459</ele>
        <time>1970-01-01T00:00:15.200000Z</time>
        <extensions>
          <gpxtpx:TrackPointExtension>
            <gpxtpx:hr>105</gpxtpx:hr>
          </gpxtpx:TrackPointExtension>
        </extensions>
      </trkpt>
      <trkpt lat="28.795073495795958" lon="115.87468499115906">
        <ele>29.2192122079432</ele>
        <time>1970-01-01T00:00:15.700000Z</time>
        <extensions>
          <gpxtpx:TrackPointExtension>
            <gpxtpx:hr>105</gpxtpx:hr>
          </gpxtpx:TrackPointExtension>
        </extensions>
      </trkpt>
      <trkpt lat="28.795072132623297" lon="115.87469327201744">
        <ele>29.20358163677156</ele>
        <time>1970-01-01T00:00:16.200000Z</time>
        <extensions>
          <gpxtpx:TrackPointExtension>
            <gpxtpx:hr>105</gpxtpx:hr>
          </gpxtpx:TrackPointExtension>
        </extensions>
      </trkpt>
      <trkpt lat="28.79507055405905" lon="115.87470256506515">
        <ele>29.188026384450495</ele>
        <time>1970-01-01T00:00:16.700000Z</time>
        <extensions>
          <gpxtpx:TrackPointExtension>
            <gpxtpx:hr>105</gpxtpx:hr>
          </gpxtpx:TrackPointExtension>
        </extensions>
      </trkpt>
      <trkpt lat="28.795068988794387" lon="115.8747126609685">
        <ele>29.173332853242755</ele>
        <time>1970-01-01T00:00:17.200000Z</time>
        <extensions>
          <gpxtpx:TrackPointExtension>
            <gpxtpx:hr>105</gpxtpx:hr>
          </gpxtpx:TrackPointExtension>
        </extensions>
      </trkpt>
      <trkpt lat="28.795067389893195" lon="115.87472429798049">
        <ele>29.160742973908782</ele>
        <time>1970-01-01T00:00:17.700000Z</time>
        <extensions>
          <gpxtpx:TrackPointExtension>
            <gpxtpx:hr>105</gpxtpx:hr>
          </gpxtpx:TrackPointExtension>
        </extensions>
      </trkpt>
      <trkpt lat="28.795065851896904" lon="115.87473609856208">
        <ele>29.152069508098066</ele>
        <time>1970-01-01T00:00:18.200000Z</time>
        <extensions>
          <gpxtpx:TrackPointExtension>
            <gpxtpx:hr>105</gpxtpx:hr>
          </gpxtpx:TrackPointExtension>
        </extensions>
      </trkpt>
      <trkpt lat="28.795063188179597" lon="115.87475812034394">
        <ele>29.15315204951912</ele>
        <time>1970-01-01T00:00:19.200000Z</time>
        <extensions>
          <gpxtpx:TrackPointExtension>
            <gpxtpx:hr>108</gpxtpx:hr>
          </gpxtpx:TrackPointExtension>
        </extensions>
      </trkpt>
      <trkpt lat="28.795060789345026" lon="115.87478118310993">
        <ele>29.18501862231642</ele>
        <time>1970-01-01T00:00:20.100000Z</time>
        <extensions>
          <gpxtpx:TrackPointExtension>
            <gpxtpx:hr>108</gpxtpx:hr>
          </gpxtpx:TrackPointExtension>
        </extensions>
      </trkpt>
      <trkpt lat="28.795058028427526" lon="115.87480466344806">
        <ele>29.23066161479801</ele>
        <time>1970-01-01T00:00:21.100000Z</time>
        <extensions>
          <gpxtpx:TrackPointExtension>
            <gpxtpx:hr>108</gpxtpx:hr>
          </gpxtpx:TrackPointExtension>
        </extensions>
      </trkpt>
      <trkpt lat="28.795054980162686" lon="115.87482843172461">
        <ele>29.278944512829185</ele>
        <time>1970-01-01T00:00:22Z</time>
        <extensions>
          <gpxtpx:TrackPointExtension>
            <gpxtpx:hr>108</gpxtpx:hr>
          </gpxtpx:TrackPointExtension>
        </extensions>
      </trkpt>
      <trkpt lat="28.795051969719612" lon="115.87485231526978">
        <ele>29.323141529224813</ele>
        <time>1970-01-01T00:00:23Z</time>
        <extensions>
          <gpxtpx:TrackPointExtension>
            <gpxtpx:hr>108</gpxtpx:hr>
          </gpxtpx:TrackPointExtension>
        </extensions>
      </trkpt>
      <trkpt lat="28.795048843398988" lon="115.87487613035142">
        <ele>29.359799483790994</ele>
        <time>1970-01-01T00:00:23.900000Z</time>
        <extensions>
          <gpxtpx:TrackPointExtension>
            <gpxtpx:hr>108</gpxtpx:hr>
          </gpxtpx:TrackPointExtension>
        </extensions>
      </trkpt>
      <trkpt lat="28.795045682684645" lon="115.87489984160311">
        <ele>29.38779933191836</ele>
        <time>1970-01-01T00:00:24.900000Z</time>
        <extensions>
          <gpxtpx:TrackPointExtension>
            <gpxtpx:hr>108</gpxtpx:hr>
          </gpxtpx:TrackPointExtension>
        </extensions>
      </trkpt>
      <trkpt lat="28.795043866951488" lon="115.87492749386247">
        <ele>29.40761338546872</ele>
        <time>1970-01-01T00:00:25.800000Z</time>
        <extensions>
          <gpxtpx:TrackPointExtension>
            <gpxtpx:hr>108</gpxtpx:hr>
          </gpxtpx:TrackPointExtension>
        </extensions>
      </trkpt>
      <trkpt lat="28.79504455127101" lon="115.8749604210499">
        <ele>29.420521799474955</ele>
        <time>1970-01-01T00:00:26.800000Z</time>
        <extensions>
          <gpxtpx:TrackPointExtension>
            <gpxtpx:hr>108</gpxtpx:hr>
          </gpxtpx:TrackPointExtension>
        </extensions>
      </trkpt>
      <trkpt lat="28.79504797203205" lon="115.87499489648451">
        <ele>29.4286302709952</ele>
        <time>1970-01-01T00:00:27.700000Z</time>
        <extensions>
          <gpxtpx:TrackPointExtension>
            <gpxtpx:hr>122</gpxtpx:hr>
          </gpxtpx:TrackPointExtension>
        </extensions>
      </trkpt>
      <trkpt lat="28.795054676436024" lon="115.87503108504858">
        <ele>29.43365592416376</ele>
        <time>1970-01-01T00:00:28.700000Z</time>
        <extensions>
          <gpxtpx:TrackPointExtension>
            <gpxtpx:hr>122</gpxtpx:hr>
          </gpxtpx:TrackPointExtension>
        </extensions>
      </trkpt>
      <trkpt lat="28.79506446545318" lon="115.87506636640578">
        <ele>29.435650311410427</ele>
        <time>1970-01-01T00:00:29.700000Z</time>
        <extensions>
          <gpxtpx:TrackPointExtension>
            <gpxtpx:hr>122</gpxtpx:hr>
          </gpxtpx:TrackPointExtension>
        </extensions>
      </trkpt>
      <trkpt lat="28.79507717430551" lon="115.87510017138482">
        <ele>29.434746077284217</ele>
        <time>1970-01-01T00:00:30.700000Z</time>
        <extensions>
          <gpxtpx:TrackPointExtension>
            <gpxtpx:hr>122</gpxtpx:hr>
          </gpxtpx:TrackPointExtension>
        </extensions>
      </trkpt>
      <trkpt lat="28.795092645419967" lon="115.8751323530719">
        <ele>29.43161936569959</ele>
        <time>1970-01-01T00:00:31.700000Z</time>
        <extensions>
          <gpxtpx:TrackPointExtension>
            <gpxtpx:hr>122</gpxtpx:hr>
          </gpxtpx:TrackPointExtension>
        </extensions>
      </trkpt>
      <trkpt lat="28.795111051533915" lon="115.8751622698754">
        <ele>29.427494577132165</ele>
        <time>1970-01-01T00:00:32.700000Z</time>
        <extensions>
          <gpxtpx:TrackPointExtension>
            <gpxtpx:hr>122</gpxtpx:hr>
          </gpxtpx:TrackPointExtension>
        </extensions>
      </trkpt>
      <trkpt lat="28.795132167515586" lon="115.87518965015299">
        <ele>29.423985057510436</ele>
        <time>1970-01-01T00:00:33.700000Z</time>
        <extensions>
          <gpxtpx:TrackPointExtension>
            <gpxtpx:hr>125</gpxtpx:hr>
          </gpxtpx:TrackPointExtension>
        </extensions>
      </trkpt>
      <trkpt lat="28.79515509507887" lon="115.8752148329833">
        <ele>29.4227183368057</ele>
        <time>1970-01-01T00:00:34.700000Z</time>
        <extensions>
          <gpxtpx:TrackPointExtension>
            <gpxtpx:hr>125</gpxtpx:hr>
          </gpxtpx:TrackPointExtension>
        </extensions>
      </trkpt>
      <trkpt lat="28.795179160925567" lon="115.87523758819609">
        <ele>29.391689021140337</ele>
        <time>1970-01-01T00:00:35.700000Z</time>
        <extensions>
          <gpxtpx:TrackPointExtension>
            <gpxtpx:hr>125</gpxtpx:hr>
          </gpxtpx:TrackPointExtension>
        </extensions>
      </trkpt>
      <trkpt lat="28.795204828441786" lon="115.87525804850692">
        <ele>29.37260127067566</ele>
        <time>1970-01-01T00:00:36.700000Z</time>
        <extensions>
          <gpxtpx:TrackPointExtension>
            <gpxtpx:hr>128</gpxtpx:hr>
          </gpxtpx:TrackPointExtension>
        </extensions>
      </trkpt>
      <trkpt lat="28.795233320103115" lon="115.87527770435253">
        <ele>29.357947651296854</ele>
        <time>1970-01-01T00:00:37.700000Z</time>
        <extensions>
          <gpxtpx:TrackPointExtension>
            <gpxtpx:hr>128</gpxtpx:hr>
          </gpxtpx:TrackPointExtension>
        </extensions>
      </trkpt>
      <trkpt lat="28.7952642180292" lon="115.87529636688961">
        <ele>29.34735324420035</ele>
        <time>1970-01-01T00:00:38.700000Z</time>
        <extensions>
          <gpxtpx:TrackPointExtension>
            <gpxtpx:hr>128</gpxtpx:hr>
          </gpxtpx:TrackPointExtension>
        </extensions>
      </trkpt>
      <trkpt lat="28.795294696622335" lon="115.87531103769135">
        <ele>29.341162644326687</ele>
        <time>1970-01-01T00:00:39.700000Z</time>
        <extensions>
          <gpxtpx:TrackPointExtension>
            <gpxtpx:hr>128</gpxtpx:hr>
          </gpxtpx:TrackPointExtension>
        </extensions>
      </trkpt>
      <trkpt lat="28.795323555943483" lon="115.87532057663596">
        <ele>29.33091983012855</ele>
        <time>1970-01-01T00:00:40.700000Z</time>
        <extensions>
          <gpxtpx:TrackPointExtension>
            <gpxtpx:hr>132</gpxtpx:hr>
          </gpxtpx:TrackPointExtension>
        </extensions>
      </trkpt>
      <trkpt lat="28.79535197540115" lon="115.87532627811993">
        <ele>29.323859208263457</ele>
        <time>1970-01-01T00:00:41.700000Z</time>
        <extensions>
          <gpxtpx:TrackPointExtension>
            <gpxtpx:hr>132</gpxtpx:hr>
          </gpxtpx:TrackPointExtension>
        </extensions>
      </trkpt>
      <trkpt lat="28.795381074552893" lon="115.87532983754917">
        <ele>29.32066067121923</ele>
        <time>1970-01-01T00:00:42.700000Z</time>
        <extensions>
          <gpxtpx:TrackPointExtension>
            <gpxtpx:hr>132</gpxtpx:hr>
          </gpxtpx:TrackPointExtension>
        </extensions>
      </trkpt>
      <trkpt lat="28.795410715939997" lon="115.87533279804553">
        <ele>29.342597934417427</ele>
        <time>1970-01-01T00:00:43.700000Z</time>
        <extensions>
          <gpxtpx:TrackPointExtension>
            <gpxtpx:hr>132</gpxtpx:hr>
          </gpxtpx:TrackPointExtension>
        </extensions>
      </trkpt>
      <trkpt lat="28.7954404782056" lon="115.87533623393604">
        <ele>29.408327023498714</ele>
        <time>1970-01-01T00:00:44.700000Z</time>
        <extensions>
          <gpxtpx:TrackPointExtension>
            <gpxtpx:hr>132</gpxtpx:hr>
          </gpxtpx:TrackPointExtension>
        </extensions>
      </trkpt>
      <trkpt lat="28.795546734915657" lon="115.87534866965099">
        <ele>29.686378486454487</ele>
        <time>1970-01-01T00:00:48.700000Z</time>
        <extensions>
          <gpxtpx:TrackPointExtension>
            <gpxtpx:hr>141</gpxtpx:hr>
          </gpxtpx:TrackPointExtension>
        </extensions>
      </trkpt>
      <trkpt lat="28.795569713142356" lon="115.8753505401791">
        <ele>29.69800689909607</ele>
        <time>1970-01-01T00:00:49.700000Z</time>
        <extensions>
          <gpxtpx:TrackPointExtension>
            <gpxtpx:hr>141</gpxtpx:hr>
          </gpxtpx:TrackPointExtension>
        </extensions>
      </trkpt>
      <trkpt lat="28.795591826084625" lon="115.8753511098117">
        <ele>29.66092496458441</ele>
        <time>1970-01-01T00:00:50.700000Z</time>
        <extensions>
          <gpxtpx:TrackPointExtension>
            <gpxtpx:hr>141</gpxtpx:hr>
          </gpxtpx:TrackPointExtension>
        </extensions>
      </trkpt>
      <trkpt lat="28.795613939716386" lon="115.87535113246916">
        <ele>29.603377239778638</ele>
        <time>1970-01-01T00:00:51.700000Z</time>
        <extensions>
          <gpxtpx:TrackPointExtension>
            <gpxtpx:hr>141</gpxtpx:hr>
          </gpxtpx:TrackPointExtension>
        </extensions>
      </trkpt>
      <trkpt lat="28.79563694862693" lon="115.87535196900087">
        <ele>29.5564074665308</ele>
        <time>1970-01-01T00:00:52.700000Z</time>
        <extensions>
          <gpxtpx:TrackPointExtension>
            <gpxtpx:hr>141</gpxtpx:hr>
          </gpxtpx:TrackPointExtension>
        </extensions>
      </trkpt>
      <trkpt lat="28.795706682860597" lon="115.87536341658335">
        <ele>29.972918431274593</ele>
        <time>1970-01-01T00:00:55.700000Z</time>
        <extensions>
          <gpxtpx:TrackPointExtension>
            <gpxtpx:hr>143</gpxtpx:hr>
          </gpxtpx:TrackPointExtension>
        </extensions>
      </trkpt>
      <trkpt lat="28.795879883135658" lon="115.87541834424482">
        <ele>31.124466181732714</ele>
        <time>1970-01-01T00:01:03.800000Z</time>
        <extensions>
          <gpxtpx:TrackPointExtension>
            <gpxtpx:hr>142</gpxtpx:hr>
          </gpxtpx:TrackPointExtension>
        </extensions>
      </trkpt>
      <trkpt lat="28.795901682640938" lon="115.87542528800773">
        <ele>31.09137701522559</ele>
        <time>1970-01-01T00:01:04.700000Z</time>
        <extensions>
          <gpxtpx:TrackPointExtension>
            <gpxtpx:hr>142</gpxtpx:hr>
          </gpxtpx:TrackPointExtension>
        </extensions>
      </trkpt>
      <trkpt lat="28.795925051071418" lon="115.875431550583">
        <ele>31.0404711663723</ele>
        <time>1970-01-01T00:01:05.700000Z</time>
        <extensions>
          <gpxtpx:TrackPointExtension>
            <gpxtpx:hr>142</gpxtpx:hr>
          </gpxtpx:TrackPointExtension>
        </extensions>
      </trkpt>
      <trkpt lat="28.79594824856838" lon="115.87543735404361">
        <ele>30.988982319831848</ele>
        <time>1970-01-01T00:01:06.700000Z</time>
        <extensions>
          <gpxtpx:TrackPointExtension>
            <gpxtpx:hr>142</gpxtpx:hr>
          </gpxtpx:TrackPointExtension>
        </extensions>
      </trkpt>
      <trkpt lat="28.795971759086658" lon="115.8754422623691">
        <ele>30.945877972990274</ele>
        <time>1970-01-01T00:01:07.700000Z</time>
        <extensions>
          <gpxtpx:TrackPointExtension>
            <gpxtpx:hr>142</gpxtpx:hr>
          </gpxtpx:TrackPointExtension>
        </extensions>
      </trkpt>
      <trkpt lat="28.795995670426954" lon="115.87544631404784">
        <ele>30.914800956845284</ele>
        <time>1970-01-01T00:01:08.700000Z</time>
        <extensions>
          <gpxtpx:TrackPointExtension>
            <gpxtpx:hr>142</gpxtpx:hr>
          </gpxtpx:TrackPointExtension>
        </extensions>
      </trkpt>
      <trkpt lat="28.79601934580172" lon="115.87545007009984">
        <ele>30.89604438096285</ele>
        <time>1970-01-01T00:01:09.700000Z</time>
        <extensions>
          <gpxtpx:TrackPointExtension>
            <gpxtpx:hr>142</gpxtpx:hr>
          </gpxtpx:TrackPointExtension>
        </extensions>
      </trkpt>
      <trkpt lat="28.796043039427392" lon="115.8754539827944">
        <ele>30.88802896346897</ele>
        <time>1970-01-01T00:01:10.700000Z</time>
        <extensions>
          <gpxtpx:TrackPointExtension>
            <gpxtpx:hr>145</gpxtpx:hr>
          </gpxtpx:TrackPointExtension>
        </extensions>
      </trkpt>
      <trkpt lat="28.79606693272945" lon="115.8754581953346">
        <ele>30.88860315363854</ele>
        <time>1970-01-01T00:01:11.700000Z</time>
        <extensions>
          <gpxtpx:TrackPointExtension>
            <gpxtpx:hr>145</gpxtpx:hr>
          </gpxtpx:TrackPointExtension>
        </extensions>
      </trkpt>
      <trkpt lat="28.796091073225544" lon="115.8754622180697">
        <ele>30.896386711858213</ele>
        <time>1970-01-01T00:01:12.700000Z</time>
        <extensions>
          <gpxtpx:TrackPointExtension>
            <gpxtpx:hr>145</gpxtpx:hr>
          </gpxtpx:TrackPointExtension>
        </extensions>
      </trkpt>
      <trkpt lat="28.796115411574306" lon="115.87546543217013">
        <ele>30.8803483331576</ele>
        <time>1970-01-01T00:01:13.700000Z</time>
        <extensions>
          <gpxtpx:TrackPointExtension>
            <gpxtpx:hr>145</gpxtpx:hr>
          </gpxtpx:TrackPointExtension>
        </extensions>
      </trkpt>
      <trkpt lat="28.796139979935937" lon="115.87546786286548">
        <ele>30.866167513653636</ele>
        <time>1970-01-01T00:01:14.700000Z</time>
        <extensions>
          <gpxtpx:TrackPointExtension>
            <gpxtpx:hr>145</gpxtpx:hr>
          </gpxtpx:TrackPointExtension>
        </extensions>
      </trkpt>
      <trkpt lat="28.796164553405895" lon="115.87547013574994">
        <ele>30.84901118092239</ele>
        <time>1970-01-01T00:01:15.700000Z</time>
        <extensions>
          <gpxtpx:TrackPointExtension>
            <gpxtpx:hr>148</gpxtpx:hr>
          </gpxtpx:TrackPointExtension>
        </extensions>
      </trkpt>
      <trkpt lat="28.796188784946" lon="115.87547287270745">
        <ele>30.836795086041093</ele>
        <time>1970-01-01T00:01:16.700000Z</time>
        <extensions>
          <gpxtpx:TrackPointExtension>
            <gpxtpx:hr>148</gpxtpx:hr>
          </gpxtpx:TrackPointExtension>
        </extensions>
      </trkpt>
      <trkpt lat="28.796212307675837" lon="115.87547676061486">
        <ele>30.829329922795296</ele>
        <time>1970-01-01T00:01:17.700000Z</time>
        <extensions>
          <gpxtpx:TrackPointExtension>
            <gpxtpx:hr>148</gpxtpx:hr>
          </gpxtpx:TrackPointExtension>
        </extensions>
      </trkpt>
      <trkpt lat="28.796235334550307" lon="115.87548227477923">
        <ele>30.82873487379402</ele>
        <time>1970-01-01T00:01:18.700000Z</time>
        <extensions>
          <gpxtpx:TrackPointExtension>
            <gpxtpx:hr>148</gpxtpx:hr>
          </gpxtpx:TrackPointExtension>
        </extensions>
      </trkpt>
      <trkpt lat="28.796258147018797" lon="115.8754889104495">
        <ele>30.83840915840119</ele>
        <time>1970-01-01T00:01:19.700000Z</time>
        <extensions>
          <gpxtpx:TrackPointExtension>
            <gpxtpx:hr>148</gpxtpx:hr>
          </gpxtpx:TrackPointExtension>
        </extensions>
      </trkpt>
      <trkpt lat="28.79628107999544" lon="115.87549623059952">
        <ele>30.86431669909507</ele>
        <time>1970-01-01T00:01:20.700000Z</time>
        <extensions>
          <gpxtpx:TrackPointExtension>
            <gpxtpx:hr>148</gpxtpx:hr>
          </gpxtpx:TrackPointExtension>
        </extensions>
      </trkpt>
      <trkpt lat="28.796304158844407" lon="115.87550404331029">
        <ele>30.918017621152103</ele>
        <time>1970-01-01T00:01:21.700000Z</time>
        <extensions>
          <gpxtpx:TrackPointExtension>
            <gpxtpx:hr>148</gpxtpx:hr>
          </gpxtpx:TrackPointExtension>
        </extensions>
      </trkpt>
      <trkpt lat="28.796327467183314" lon="115.87551297674887">
        <ele>31.017613159492612</ele>
        <time>1970-01-01T00:01:22.700000Z</time>
        <extensions>
          <gpxtpx:TrackPointExtension>
            <gpxtpx:hr>148</gpxtpx:hr>
          </gpxtpx:TrackPointExtension>
        </extensions>
      </trkpt>
      <trkpt lat="28.79645393623844" lon="115.87554894960863">
        <ele>31.522192548029125</ele>
        <time>1970-01-01T00:01:27.800000Z</time>
        <extensions>
          <gpxtpx:TrackPointExtension>
            <gpxtpx:hr>153</gpxtpx:hr>
          </gpxtpx:TrackPointExtension>
        </extensions>
      </trkpt>
      <trkpt lat="28.796481883864782" lon="115.87555184841509">
        <ele>31.557607302442193</ele>
        <time>1970-01-01T00:01:28.800000Z</time>
        <extensions>
          <gpxtpx:TrackPointExtension>
            <gpxtpx:hr>153</gpxtpx:hr>
          </gpxtpx:TrackPointExtension>
        </extensions>
      </trkpt>
      <trkpt lat="28.79650994166909" lon="115.87555317648297">
        <ele>31.5490095410496</ele>
        <time>1970-01-01T00:01:29.800000Z</time>
        <extensions>
          <gpxtpx:TrackPointExtension>
            <gpxtpx:hr>153</gpxtpx:hr>
          </gpxtpx:TrackPointExtension>
        </extensions>
      </trkpt>
      <trkpt lat="28.796537762525997" lon="115.87555365062714">
        <ele>31.524266907945275</ele>
        <time>1970-01-01T00:01:30.800000Z</time>
        <extensions>
          <gpxtpx:TrackPointExtension>
            <gpxtpx:hr>153</gpxtpx:hr>
          </gpxtpx:TrackPointExtension>
        </extensions>
      </trkpt>
      <trkpt lat="28.79656543846849" lon="115.87555354315991">
        <ele>31.50115443393588</ele>
        <time>1970-01-01T00:01:31.800000Z</time>
        <extensions>
          <gpxtpx:TrackPointExtension>
            <gpxtpx:hr>153</gpxtpx:hr>
          </gpxtpx:TrackPointExtension>
        </extensions>
      </trkpt>
      <trkpt lat="28.79659312403252" lon="115.87555318655643">
        <ele>31.48796995729208</ele>
        <time>1970-01-01T00:01:32.800000Z</time>
        <extensions>
          <gpxtpx:TrackPointExtension>
            <gpxtpx:hr>153</gpxtpx:hr>
          </gpxtpx:TrackPointExtension>
        </extensions>
      </trkpt>
      <trkpt lat="28.796620521857605" lon="115.87555315611513">
        <ele>31.486696077510715</ele>
        <time>1970-01-01T00:01:33.800000Z</time>
        <extensions>
          <gpxtpx:TrackPointExtension>
            <gpxtpx:hr>153</gpxtpx:hr>
          </gpxtpx:TrackPointExtension>
        </extensions>
      </trkpt>
      <trkpt lat="28.796647397017267" lon="115.87555335214705">
        <ele>31.49579470138997</ele>
        <time>1970-01-01T00:01:34.800000Z</time>
        <extensions>
          <gpxtpx:TrackPointExtension>
            <gpxtpx:hr>153</gpxtpx:hr>
          </gpxtpx:TrackPointExtension>
        </extensions>
      </trkpt>
      <trkpt lat="28.796673629988895" lon="115.87555320547214">
        <ele>31.512341319583356</ele>
        <time>1970-01-01T00:01:35.800000Z</time>
        <extensions>
          <gpxtpx:TrackPointExtension>
            <gpxtpx:hr>153</gpxtpx:hr>
          </gpxtpx:TrackPointExtension>
        </extensions>
      </trkpt>
      <trkpt lat="28.796699238058963" lon="115.87555203952161">
        <ele>31.534325145184994</ele>
        <time>1970-01-01T00:01:36.800000Z</time>
        <extensions>
          <gpxtpx:TrackPointExtension>
            <gpxtpx:hr>153</gpxtpx:hr>
          </gpxtpx:TrackPointExtension>
        </extensions>
      </trkpt>
      <trkpt lat="28.796724332839823" lon="115.8755495633135">
        <ele>31.560808518901467</ele>
        <time>1970-01-01T00:01:37.800000Z</time>
        <extensions>
          <gpxtpx:TrackPointExtension>
            <gpxtpx:hr>153</gpxtpx:hr>
          </gpxtpx:TrackPointExtension>
        </extensions>
      </trkpt>
      <trkpt lat="28.7967492346323" lon="115.87554587770678">
        <ele>31.591514551080763</ele>
        <time>1970-01-01T00:01:38.800000Z</time>
        <extensions>
          <gpxtpx:TrackPointExtension>
            <gpxtpx:hr>153</gpxtpx:hr>
          </gpxtpx:TrackPointExtension>
        </extensions>
      </trkpt>
      <trkpt lat="28.796773464917354" lon="115.87554167124891">
        <ele>31.62582519557327</ele>
        <time>1970-01-01T00:01:39.800000Z</time>
        <extensions>
          <gpxtpx:TrackPointExtension>
            <gpxtpx:hr>154</gpxtpx:hr>
          </gpxtpx:TrackPointExtension>
        </extensions>
      </trkpt>
      <trkpt lat="28.7967977030164" lon="115.87553744716406">
        <ele>31.663480010814965</ele>
        <time>1970-01-01T00:01:40.800000Z</time>
        <extensions>
          <gpxtpx:TrackPointExtension>
            <gpxtpx:hr>154</gpxtpx:hr>
          </gpxtpx:TrackPointExtension>
        </extensions>
      </trkpt>
      <trkpt lat="28.796822365396554" lon="115.87553381849409">
        <ele>31.703923715278506</ele>
        <time>1970-01-01T00:01:41.800000Z</time>
        <extensions>
          <gpxtpx:TrackPointExtension>
            <gpxtpx:hr>154</gpxtpx:hr>
          </gpxtpx:TrackPointExtension>
        </extensions>
      </trkpt>
      <trkpt lat="28.796848011175708" lon="115.87553172754569">
        <ele>31.746209188364446</ele>
        <time>1970-01-01T00:01:42.800000Z</time>
        <extensions>
          <gpxtpx:TrackPointExtension>
            <gpxtpx:hr>154</gpxtpx:hr>
          </gpxtpx:TrackPointExtension>
        </extensions>
      </trkpt>
      <trkpt lat="28.796873528912727" lon="115.87553163316524">
        <ele>31.788920363411307</ele>
        <time>1970-01-01T00:01:43.800000Z</time>
        <extensions>
          <gpxtpx:TrackPointExtension>
            <gpxtpx:hr>154</gpxtpx:hr>
          </gpxtpx:TrackPointExtension>
        </extensions>
      </trkpt>
      <trkpt lat="28.796897895026643" lon="115.87553346930852">
        <ele>31.830988940782845</ele>
        <time>1970-01-01T00:01:44.800000Z</time>
        <extensions>
          <gpxtpx:TrackPointExtension>
            <gpxtpx:hr>154</gpxtpx:hr>
          </gpxtpx:TrackPointExtension>
        </extensions>
      </trkpt>
      <trkpt lat="28.79692064216519" lon="115.8755364188054">
        <ele>31.87085932213813</ele>
        <time>1970-01-01T00:01:45.800000Z</time>
        <extensions>
          <gpxtpx:TrackPointExtension>
            <gpxtpx:hr>154</gpxtpx:hr>
          </gpxtpx:TrackPointExtension>
        </extensions>
      </trkpt>
      <trkpt lat="28.79694235347938" lon="115.8755395143828">
        <ele>31.90633984003216</ele>
        <time>1970-01-01T00:01:46.800000Z</time>
        <extensions>
          <gpxtpx:TrackPointExtension>
            <gpxtpx:hr>154</gpxtpx:hr>
          </gpxtpx:TrackPointExtension>
        </extensions>
      </trkpt>
      <trkpt lat="28.79696411941896" lon="115.87554244646975">
        <ele>31.935364303179085</ele>
        <time>1970-01-01T00:01:47.800000Z</time>
        <extensions>
          <gpxtpx:TrackPointExtension>
            <gpxtpx:hr>154</gpxtpx:hr>
          </gpxtpx:TrackPointExtension>
        </extensions>
      </trkpt>
      <trkpt lat="28.796987008841736" lon="115.87554466740185">
        <ele>31.957041398622096</ele>
        <time>1970-01-01T00:01:48.800000Z</time>
        <extensions>
          <gpxtpx:TrackPointExtension>
            <gpxtpx:hr>154</gpxtpx:hr>
          </gpxtpx:TrackPointExtension>
        </extensions>
      </trkpt>
      <trkpt lat="28.79701122762456" lon="115.87554617421402">
        <ele>31.97203342244029</ele>
        <time>1970-01-01T00:01:49.800000Z</time>
        <extensions>
          <gpxtpx:TrackPointExtension>
            <gpxtpx:hr>157</gpxtpx:hr>
          </gpxtpx:TrackPointExtension>
        </extensions>
      </trkpt>
      <trkpt lat="28.79703625180947" lon="115.87554723251016">
        <ele>31.982068764977157</ele>
        <time>1970-01-01T00:01:50.800000Z</time>
        <extensions>
          <gpxtpx:TrackPointExtension>
            <gpxtpx:hr>157</gpxtpx:hr>
          </gpxtpx:TrackPointExtension>
        </extensions>
      </trkpt>
      <trkpt lat="28.797061459942736" lon="115.87554786531689">
        <ele>31.98994263727218</ele>
        <time>1970-01-01T00:01:51.800000Z</time>
        <extensions>
          <gpxtpx:TrackPointExtension>
            <gpxtpx:hr>157</gpxtpx:hr>
          </gpxtpx:TrackPointExtension>
        </extensions>
      </trkpt>
      <trkpt lat="28.797086965522762" lon="115.8755482183611">
        <ele>31.998780524358153</ele>
        <time>1970-01-01T00:01:52.800000Z</time>
        <extensions>
          <gpxtpx:TrackPointExtension>
            <gpxtpx:hr>157</gpxtpx:hr>
          </gpxtpx:TrackPointExtension>
        </extensions>
      </trkpt>
      <trkpt lat="28.797112438838436" lon="115.87554820589015">
        <ele>32.011043636128306</ele>
        <time>1970-01-01T00:01:53.800000Z</time>
        <extensions>
          <gpxtpx:TrackPointExtension>
            <gpxtpx:hr>157</gpxtpx:hr>
          </gpxtpx:TrackPointExtension>
        </extensions>
      </trkpt>
      <trkpt lat="28.797137629939723" lon="115.87554786344138">
        <ele>32.02758671808988</ele>
        <time>1970-01-01T00:01:54.800000Z</time>
        <extensions>
          <gpxtpx:TrackPointExtension>
            <gpxtpx:hr>157</gpxtpx:hr>
          </gpxtpx:TrackPointExtension>
        </extensions>
      </trkpt>
      <trkpt lat="28.797163016338963" lon="115.87554794914328">
        <ele>32.0487827854231</ele>
        <time>1970-01-01T00:01:55.800000Z</time>
        <extensions>
          <gpxtpx:TrackPointExtension>
            <gpxtpx:hr>157</gpxtpx:hr>
          </gpxtpx:TrackPointExtension>
        </extensions>
      </trkpt>
      <trkpt lat="28.79718930997787" lon="115.87554933066855">
        <ele>32.07470931019634</ele>
        <time>1970-01-01T00:01:56.800000Z</time>
        <extensions>
          <gpxtpx:TrackPointExtension>
            <gpxtpx:hr>156</gpxtpx:hr>
          </gpxtpx:TrackPointExtension>
        </extensions>
      </trkpt>
      <trkpt lat="28.797216438504464" lon="115.87555240378384">
        <ele>32.105143391527236</ele>
        <time>1970-01-01T00:01:57.800000Z</time>
        <extensions>
          <gpxtpx:TrackPointExtension>
            <gpxtpx:hr>156</gpxtpx:hr>
          </gpxtpx:TrackPointExtension>
        </extensions>
      </trkpt>
      <trkpt lat="28.797243989068413" lon="115.87555690998319">
        <ele>32.13949479628354</ele>
        <time>1970-01-01T00:01:58.800000Z</time>
        <extensions>
          <gpxtpx:TrackPointExtension>
            <gpxtpx:hr>156</gpxtpx:hr>
          </gpxtpx:TrackPointExtension>
        </extensions>
      </trkpt>
      <trkpt lat="28.797271772696728" lon="115.87556185563784">
        <ele>32.17781603895128</ele>
        <time>1970-01-01T00:01:59.800000Z</time>
        <extensions>
          <gpxtpx:TrackPointExtension>
            <gpxtpx:hr>156</gpxtpx:hr>
          </gpxtpx:TrackPointExtension>
        </extensions>
      </trkpt>
      <trkpt lat="28.797299665073712" lon="115.87556609355906">
        <ele>32.219615425914526</ele>
        <time>1970-01-01T00:02:00.800000Z</time>
        <extensions>
          <gpxtpx:TrackPointExtension>
            <gpxtpx:hr>156</gpxtpx:hr>
          </gpxtpx:TrackPointExtension>
        </extensions>
      </trkpt>
      <trkpt lat="28.797327291087267" lon="115.87556910819136">
        <ele>32.26348385680467</ele>
        <time>1970-01-01T00:02:01.800000Z</time>
        <extensions>
          <gpxtpx:TrackPointExtension>
            <gpxtpx:hr>156</gpxtpx:hr>
          </gpxtpx:TrackPointExtension>
        </extensions>
      </trkpt>
      <trkpt lat="28.79735425525218" lon="115.87557135570599">
        <ele>32.30728496611118</ele>
        <time>1970-01-01T00:02:02.800000Z</time>
        <extensions>
          <gpxtpx:TrackPointExtension>
            <gpxtpx:hr>157</gpxtpx:hr>
          </gpxtpx:TrackPointExtension>
        </extensions>
      </trkpt>
      <trkpt lat="28.797380738747588" lon="115.87557331627465">
        <ele>32.34884404297918</ele>
        <time>1970-01-01T00:02:03.800000Z</time>
        <extensions>
          <gpxtpx:TrackPointExtension>
            <gpxtpx:hr>157</gpxtpx:hr>
          </gpxtpx:TrackPointExtension>
        </extensions>
      </trkpt>
      <trkpt lat="28.7974072607908" lon="115.87557490899373">
        <ele>32.38709413167089</ele>
        <time>1970-01-01T00:02:04.800000Z</time>
        <extensions>
          <gpxtpx:TrackPointExtension>
            <gpxtpx:hr>157</gpxtpx:hr>
          </gpxtpx:TrackPointExtension>
        </extensions>
      </trkpt>
      <trkpt lat="28.797434025768798" lon="115.87557607725125">
        <ele>32.42229819018394</ele>
        <time>1970-01-01T00:02:05.800000Z</time>
        <extensions>
          <gpxtpx:TrackPointExtension>
            <gpxtpx:hr>156</gpxtpx:hr>
          </gpxtpx:TrackPointExtension>
        </extensions>
      </trkpt>
      <trkpt lat="28.7974611402032" lon="115.87557681521933">
        <ele>32.4559943638742</ele>
        <time>1970-01-01T00:02:06.800000Z</time>
        <extensions>
          <gpxtpx:TrackPointExtension>
            <gpxtpx:hr>156</gpxtpx:hr>
          </gpxtpx:TrackPointExtension>
        </extensions>
      </trkpt>
      <trkpt lat="28.79748854269504" lon="115.87557760639447">
        <ele>32.49010359682143</ele>
        <time>1970-01-01T00:02:07.800000Z</time>
        <extensions>
          <gpxtpx:TrackPointExtension>
            <gpxtpx:hr>156</gpxtpx:hr>
          </gpxtpx:TrackPointExtension>
        </extensions>
      </trkpt>
      <trkpt lat="28.797516218289434" lon="115.87557856156893">
        <ele>32.526284132152796</ele>
        <time>1970-01-01T00:02:08.800000Z</time>
        <extensions>
          <gpxtpx:TrackPointExtension>
            <gpxtpx:hr>156</gpxtpx:hr>
          </gpxtpx:TrackPointExtension>
        </extensions>
      </trkpt>
      <trkpt lat="28.797543850242533" lon="115.87557925669367">
        <ele>32.565514530055225</ele>
        <time>1970-01-01T00:02:09.800000Z</time>
        <extensions>
          <gpxtpx:TrackPointExtension>
            <gpxtpx:hr>156</gpxtpx:hr>
          </gpxtpx:TrackPointExtension>
        </extensions>
      </trkpt>
      <trkpt lat="28.79757104524874" lon="115.87557949806286">
        <ele>32.60791650228202</ele>
        <time>1970-01-01T00:02:10.800000Z</time>
        <extensions>
          <gpxtpx:TrackPointExtension>
            <gpxtpx:hr>156</gpxtpx:hr>
          </gpxtpx:TrackPointExtension>
        </extensions>
      </trkpt>
      <trkpt lat="28.797597813592926" lon="115.87557926903688">
        <ele>32.65300183556974</ele>
        <time>1970-01-01T00:02:11.800000Z</time>
        <extensions>
          <gpxtpx:TrackPointExtension>
            <gpxtpx:hr>156</gpxtpx:hr>
          </gpxtpx:TrackPointExtension>
        </extensions>
      </trkpt>
      <trkpt lat="28.797624835726193" lon="115.87557849277711">
        <ele>32.70061803702265</ele>
        <time>1970-01-01T00:02:12.800000Z</time>
        <extensions>
          <gpxtpx:TrackPointExtension>
            <gpxtpx:hr>156</gpxtpx:hr>
          </gpxtpx:TrackPointExtension>
        </extensions>
      </trkpt>
      <trkpt lat="28.797652567849283" lon="115.87557735310386">
        <ele>32.75052477046847</ele>
        <time>1970-01-01T00:02:13.800000Z</time>
        <extensions>
          <gpxtpx:TrackPointExtension>
            <gpxtpx:hr>156</gpxtpx:hr>
          </gpxtpx:TrackPointExtension>
        </extensions>
      </trkpt>
      <trkpt lat="28.797680586062917" lon="115.8755765619443">
        <ele>32.80214101076126</ele>
        <time>1970-01-01T00:02:14.800000Z</time>
        <extensions>
          <gpxtpx:TrackPointExtension>
            <gpxtpx:hr>156</gpxtpx:hr>
          </gpxtpx:TrackPointExtension>
        </extensions>
      </trkpt>
      <trkpt lat="28.797708414441985" lon="115.87557665445297">
        <ele>32.85503948107362</ele>
        <time>1970-01-01T00:02:15.800000Z</time>
        <extensions>
          <gpxtpx:TrackPointExtension>
            <gpxtpx:hr>156</gpxtpx:hr>
          </gpxtpx:TrackPointExtension>
        </extensions>
      </trkpt>
      <trkpt lat="28.797735478829384" lon="115.87557741562523">
        <ele>32.90976205933839</ele>
        <time>1970-01-01T00:02:16.800000Z</time>
        <extensions>
          <gpxtpx:TrackPointExtension>
            <gpxtpx:hr>156</gpxtpx:hr>
          </gpxtpx:TrackPointExtension>
        </extensions>
      </trkpt>
      <trkpt lat="28.79776124850793" lon="115.87557826697815">
        <ele>32.96683910302818</ele>
        <time>1970-01-01T00:02:17.800000Z</time>
        <extensions>
          <gpxtpx:TrackPointExtension>
            <gpxtpx:hr>156</gpxtpx:hr>
          </gpxtpx:TrackPointExtension>
        </extensions>
      </trkpt>
      <trkpt lat="28.797785584434163" lon="115.87557885759884">
        <ele>33.027193346992135</ele>
        <time>1970-01-01T00:02:18.800000Z</time>
        <extensions>
          <gpxtpx:TrackPointExtension>
            <gpxtpx:hr>156</gpxtpx:hr>
          </gpxtpx:TrackPointExtension>
        </extensions>
      </trkpt>
      <trkpt lat="28.797808970212003" lon="115.87557942676685">
        <ele>33.091135362163186</ele>
        <time>1970-01-01T00:02:19.800000Z</time>
        <extensions>
          <gpxtpx:TrackPointExtension>
            <gpxtpx:hr>156</gpxtpx:hr>
          </gpxtpx:TrackPointExtension>
        </extensions>
      </trkpt>
      <trkpt lat="28.79783211264247" lon="115.87558022508782">
        <ele>33.15787081979215</ele>
        <time>1970-01-01T00:02:20.800000Z</time>
        <extensions>
          <gpxtpx:TrackPointExtension>
            <gpxtpx:hr>156</gpxtpx:hr>
          </gpxtpx:TrackPointExtension>
        </extensions>
      </trkpt>
      <trkpt lat="28.797855629506348" lon="115.87558095273953">
        <ele>33.2252847366035</ele>
        <time>1970-01-01T00:02:21.800000Z</time>
        <extensions>
          <gpxtpx:TrackPointExtension>
            <gpxtpx:hr>156</gpxtpx:hr>
          </gpxtpx:TrackPointExtension>
        </extensions>
      </trkpt>
      <trkpt lat="28.79788005203739" lon="115.87558128652955">
        <ele>33.29042356368154</ele>
        <time>1970-01-01T00:02:22.800000Z</time>
        <extensions>
          <gpxtpx:TrackPointExtension>
            <gpxtpx:hr>156</gpxtpx:hr>
          </gpxtpx:TrackPointExtension>
        </extensions>
      </trkpt>
      <trkpt lat="28.797905021795028" lon="115.87558128731605">
        <ele>33.34980624169111</ele>
        <time>1970-01-01T00:02:23.800000Z</time>
        <extensions>
          <gpxtpx:TrackPointExtension>
            <gpxtpx:hr>157</gpxtpx:hr>
          </gpxtpx:TrackPointExtension>
        </extensions>
      </trkpt>
      <trkpt lat="28.79793034599219" lon="115.87558140215422">
        <ele>33.400139645673335</ele>
        <time>1970-01-01T00:02:24.800000Z</time>
        <extensions>
          <gpxtpx:TrackPointExtension>
            <gpxtpx:hr>157</gpxtpx:hr>
          </gpxtpx:TrackPointExtension>
        </extensions>
      </trkpt>
      <trkpt lat="28.797956561892093" lon="115.87558131956177">
        <ele>33.438866692595184</ele>
        <time>1970-01-01T00:02:25.800000Z</time>
        <extensions>
          <gpxtpx:TrackPointExtension>
            <gpxtpx:hr>157</gpxtpx:hr>
          </gpxtpx:TrackPointExtension>
        </extensions>
      </trkpt>
      <trkpt lat="28.79798381329527" lon="115.8755803728586">
        <ele>33.46381987258792</ele>
        <time>1970-01-01T00:02:26.800000Z</time>
        <extensions>
          <gpxtpx:TrackPointExtension>
            <gpxtpx:hr>157</gpxtpx:hr>
          </gpxtpx:TrackPointExtension>
        </extensions>
      </trkpt>
      <trkpt lat="28.79801123438104" lon="115.87557863212785">
        <ele>33.475961468182504</ele>
        <time>1970-01-01T00:02:27.800000Z</time>
        <extensions>
          <gpxtpx:TrackPointExtension>
            <gpxtpx:hr>157</gpxtpx:hr>
          </gpxtpx:TrackPointExtension>
        </extensions>
      </trkpt>
      <trkpt lat="28.798038200071083" lon="115.87557632173477">
        <ele>33.477896032854915</ele>
        <time>1970-01-01T00:02:28.800000Z</time>
        <extensions>
          <gpxtpx:TrackPointExtension>
            <gpxtpx:hr>159</gpxtpx:hr>
          </gpxtpx:TrackPointExtension>
        </extensions>
      </trkpt>
      <trkpt lat="28.798064713185674" lon="115.87557364518136">
        <ele>33.47327600978315</ele>
        <time>1970-01-01T00:02:29.800000Z</time>
        <extensions>
          <gpxtpx:TrackPointExtension>
            <gpxtpx:hr>159</gpxtpx:hr>
          </gpxtpx:TrackPointExtension>
        </extensions>
      </trkpt>
      <trkpt lat="28.798090366359148" lon="115.87557160907016">
        <ele>33.46598668023944</ele>
        <time>1970-01-01T00:02:30.800000Z</time>
        <extensions>
          <gpxtpx:TrackPointExtension>
            <gpxtpx:hr>159</gpxtpx:hr>
          </gpxtpx:TrackPointExtension>
        </extensions>
      </trkpt>
      <trkpt lat="28.79811486801856" lon="115.87557122070888">
        <ele>33.46037813369185</ele>
        <time>1970-01-01T00:02:31.800000Z</time>
        <extensions>
          <gpxtpx:TrackPointExtension>
            <gpxtpx:hr>159</gpxtpx:hr>
          </gpxtpx:TrackPointExtension>
        </extensions>
      </trkpt>
      <trkpt lat="28.798138524617478" lon="115.87557190857564">
        <ele>33.45997321140021</ele>
        <time>1970-01-01T00:02:32.800000Z</time>
        <extensions>
          <gpxtpx:TrackPointExtension>
            <gpxtpx:hr>159</gpxtpx:hr>
          </gpxtpx:TrackPointExtension>
        </extensions>
      </trkpt>
      <trkpt lat="28.798161448132454" lon="115.87557233918074">
        <ele>33.46754692029208</ele>
        <time>1970-01-01T00:02:33.800000Z</time>
        <extensions>
          <gpxtpx:TrackPointExtension>
            <gpxtpx:hr>159</gpxtpx:hr>
          </gpxtpx:TrackPointExtension>
        </extensions>
      </trkpt>
      <trkpt lat="28.79818380554825" lon="115.87557211725935">
        <ele>33.48516542837024</ele>
        <time>1970-01-01T00:02:34.800000Z</time>
        <extensions>
          <gpxtpx:TrackPointExtension>
            <gpxtpx:hr>159</gpxtpx:hr>
          </gpxtpx:TrackPointExtension>
        </extensions>
      </trkpt>
      <trkpt lat="28.79820537322639" lon="115.87557184981789">
        <ele>33.514633025974035</ele>
        <time>1970-01-01T00:02:35.800000Z</time>
        <extensions>
          <gpxtpx:TrackPointExtension>
            <gpxtpx:hr>159</gpxtpx:hr>
          </gpxtpx:TrackPointExtension>
        </extensions>
      </trkpt>
      <trkpt lat="28.79822624104467" lon="115.87557147662822">
        <ele>33.556064567528665</ele>
        <time>1970-01-01T00:02:36.800000Z</time>
        <extensions>
          <gpxtpx:TrackPointExtension>
            <gpxtpx:hr>159</gpxtpx:hr>
          </gpxtpx:TrackPointExtension>
        </extensions>
      </trkpt>
      <trkpt lat="28.79824684552081" lon="115.87557034856074">
        <ele>33.60710118338466</ele>
        <time>1970-01-01T00:02:37.800000Z</time>
        <extensions>
          <gpxtpx:TrackPointExtension>
            <gpxtpx:hr>159</gpxtpx:hr>
          </gpxtpx:TrackPointExtension>
        </extensions>
      </trkpt>
      <trkpt lat="28.798267583675692" lon="115.87556864162845">
        <ele>33.66414009127766</ele>
        <time>1970-01-01T00:02:38.800000Z</time>
        <extensions>
          <gpxtpx:TrackPointExtension>
            <gpxtpx:hr>160</gpxtpx:hr>
          </gpxtpx:TrackPointExtension>
        </extensions>
      </trkpt>
      <trkpt lat="28.798288732762273" lon="115.87556678187173">
        <ele>33.72401966154575</ele>
        <time>1970-01-01T00:02:39.800000Z</time>
        <extensions>
          <gpxtpx:TrackPointExtension>
            <gpxtpx:hr>160</gpxtpx:hr>
          </gpxtpx:TrackPointExtension>
        </extensions>
      </trkpt>
      <trkpt lat="28.798310346112533" lon="115.87556476615926">
        <ele>33.78435338009149</ele>
        <time>1970-01-01T00:02:40.800000Z</time>
        <extensions>
          <gpxtpx:TrackPointExtension>
            <gpxtpx:hr>160</gpxtpx:hr>
          </gpxtpx:TrackPointExtension>
        </extensions>
      </trkpt>
      <trkpt lat="28.798332844930727" lon="115.87556252455506">
        <ele>33.84426889754832</ele>
        <time>1970-01-01T00:02:41.800000Z</time>
        <extensions>
          <gpxtpx:TrackPointExtension>
            <gpxtpx:hr>160</gpxtpx:hr>
          </gpxtpx:TrackPointExtension>
        </extensions>
      </trkpt>
      <trkpt lat="28.798356838270905" lon="115.87556023696597">
        <ele>33.90390910767019</ele>
        <time>1970-01-01T00:02:42.800000Z</time>
        <extensions>
          <gpxtpx:TrackPointExtension>
            <gpxtpx:hr>160</gpxtpx:hr>
          </gpxtpx:TrackPointExtension>
        </extensions>
      </trkpt>
      <trkpt lat="28.79838210264009" lon="115.87555808482678">
        <ele>33.96358835790306</ele>
        <time>1970-01-01T00:02:43.800000Z</time>
        <extensions>
          <gpxtpx:TrackPointExtension>
            <gpxtpx:hr>160</gpxtpx:hr>
          </gpxtpx:TrackPointExtension>
        </extensions>
      </trkpt>
      <trkpt lat="28.798407951816806" lon="115.87555583798789">
        <ele>34.022571463137865</ele>
        <time>1970-01-01T00:02:44.800000Z</time>
        <extensions>
          <gpxtpx:TrackPointExtension>
            <gpxtpx:hr>160</gpxtpx:hr>
          </gpxtpx:TrackPointExtension>
        </extensions>
      </trkpt>
      <trkpt lat="28.798434142679966" lon="115.87555359027908">
        <ele>34.07988630980253</ele>
        <time>1970-01-01T00:02:45.800000Z</time>
        <extensions>
          <gpxtpx:TrackPointExtension>
            <gpxtpx:hr>160</gpxtpx:hr>
          </gpxtpx:TrackPointExtension>
        </extensions>
      </trkpt>
      <trkpt lat="28.79846031192429" lon="115.8755518309387">
        <ele>34.13395212870091</ele>
        <time>1970-01-01T00:02:46.800000Z</time>
        <extensions>
          <gpxtpx:TrackPointExtension>
            <gpxtpx:hr>160</gpxtpx:hr>
          </gpxtpx:TrackPointExtension>
        </extensions>
      </trkpt>
      <trkpt lat="28.798486259895487" lon="115.8755503942804">
        <ele>34.18346591480076</ele>
        <time>1970-01-01T00:02:47.800000Z</time>
        <extensions>
          <gpxtpx:TrackPointExtension>
            <gpxtpx:hr>160</gpxtpx:hr>
          </gpxtpx:TrackPointExtension>
        </extensions>
      </trkpt>
      <trkpt lat="28.798512155027503" lon="115.87554874925806">
        <ele>34.22789548616856</ele>
        <time>1970-01-01T00:02:48.800000Z</time>
        <extensions>
          <gpxtpx:TrackPointExtension>
            <gpxtpx:hr>160</gpxtpx:hr>
          </gpxtpx:TrackPointExtension>
        </extensions>
      </trkpt>
      <trkpt lat="28.798538195377166" lon="115.87554678275329">
        <ele>34.26818997133523</ele>
        <time>1970-01-01T00:02:49.800000Z</time>
        <extensions>
          <gpxtpx:TrackPointExtension>
            <gpxtpx:hr>160</gpxtpx:hr>
          </gpxtpx:TrackPointExtension>
        </extensions>
      </trkpt>
      <trkpt lat="28.79856446295086" lon="115.8755444749123">
        <ele>34.30527495406568</ele>
        <time>1970-01-01T00:02:50.800000Z</time>
        <extensions>
          <gpxtpx:TrackPointExtension>
            <gpxtpx:hr>160</gpxtpx:hr>
          </gpxtpx:TrackPointExtension>
        </extensions>
      </trkpt>
      <trkpt lat="28.798590895765837" lon="115.87554157528471">
        <ele>34.34089676383883</ele>
        <time>1970-01-01T00:02:51.800000Z</time>
        <extensions>
          <gpxtpx:TrackPointExtension>
            <gpxtpx:hr>160</gpxtpx:hr>
          </gpxtpx:TrackPointExtension>
        </extensions>
      </trkpt>
      <trkpt lat="28.798617575064128" lon="115.8755378322716">
        <ele>34.37713741324842</ele>
        <time>1970-01-01T00:02:52.800000Z</time>
        <extensions>
          <gpxtpx:TrackPointExtension>
            <gpxtpx:hr>160</gpxtpx:hr>
          </gpxtpx:TrackPointExtension>
        </extensions>
      </trkpt>
      <trkpt lat="28.798644195104227" lon="115.87553350161524">
        <ele>34.41574527230114</ele>
        <time>1970-01-01T00:02:53.800000Z</time>
        <extensions>
          <gpxtpx:TrackPointExtension>
            <gpxtpx:hr>160</gpxtpx:hr>
          </gpxtpx:TrackPointExtension>
        </extensions>
      </trkpt>
      <trkpt lat="28.798670399923115" lon="115.87552912410493">
        <ele>34.45724462904036</ele>
        <time>1970-01-01T00:02:54.800000Z</time>
        <extensions>
          <gpxtpx:TrackPointExtension>
            <gpxtpx:hr>160</gpxtpx:hr>
          </gpxtpx:TrackPointExtension>
        </extensions>
      </trkpt>
      <trkpt lat="28.798696542919476" lon="115.87552429881251">
        <ele>34.5008131377399</ele>
        <time>1970-01-01T00:02:55.800000Z</time>
        <extensions>
          <gpxtpx:TrackPointExtension>
            <gpxtpx:hr>160</gpxtpx:hr>
          </gpxtpx:TrackPointExtension>
        </extensions>
      </trkpt>
      <trkpt lat="28.798722860749894" lon="115.87551756530534">
        <ele>34.54430580511689</ele>
        <time>1970-01-01T00:02:56.800000Z</time>
        <extensions>
          <gpxtpx:TrackPointExtension>
            <gpxtpx:hr>160</gpxtpx:hr>
          </gpxtpx:TrackPointExtension>
        </extensions>
      </trkpt>
      <trkpt lat="28.79874954611053" lon="115.87550800723128">
        <ele>34.5849622534588</ele>
        <time>1970-01-01T00:02:57.800000Z</time>
        <extensions>
          <gpxtpx:TrackPointExtension>
            <gpxtpx:hr>160</gpxtpx:hr>
          </gpxtpx:TrackPointExtension>
        </extensions>
      </trkpt>
      <trkpt lat="28.798776527486897" lon="115.87549705745694">
        <ele>34.62033974472433</ele>
        <time>1970-01-01T00:02:58.800000Z</time>
        <extensions>
          <gpxtpx:TrackPointExtension>
            <gpxtpx:hr>160</gpxtpx:hr>
          </gpxtpx:TrackPointExtension>
        </extensions>
      </trkpt>
      <trkpt lat="28.798803608508766" lon="115.87548789461134">
        <ele>34.64884141739458</ele>
        <time>1970-01-01T00:02:59.800000Z</time>
        <extensions>
          <gpxtpx:TrackPointExtension>
            <gpxtpx:hr>160</gpxtpx:hr>
          </gpxtpx:TrackPointExtension>
        </extensions>
      </trkpt>
      <trkpt lat="28.7988307138643" lon="115.87548262129316">
        <ele>34.670655842870474</ele>
        <time>1970-01-01T00:03:00.800000Z</time>
        <extensions>
          <gpxtpx:TrackPointExtension>
            <gpxtpx:hr>160</gpxtpx:hr>
          </gpxtpx:TrackPointExtension>
        </extensions>
      </trkpt>
      <trkpt lat="28.79885777862638" lon="115.87548065229412">
        <ele>34.6874932507053</ele>
        <time>1970-01-01T00:03:01.800000Z</time>
        <extensions>
          <gpxtpx:TrackPointExtension>
            <gpxtpx:hr>160</gpxtpx:hr>
          </gpxtpx:TrackPointExtension>
        </extensions>
      </trkpt>
      <trkpt lat="28.79888422302999" lon="115.8754801803575">
        <ele>34.70190227217972</ele>
        <time>1970-01-01T00:03:02.800000Z</time>
        <extensions>
          <gpxtpx:TrackPointExtension>
            <gpxtpx:hr>160</gpxtpx:hr>
          </gpxtpx:TrackPointExtension>
        </extensions>
      </trkpt>
      <trkpt lat="28.798909942632488" lon="115.8754800001266">
        <ele>34.715879811905324</ele>
        <time>1970-01-01T00:03:03.800000Z</time>
        <extensions>
          <gpxtpx:TrackPointExtension>
            <gpxtpx:hr>158</gpxtpx:hr>
          </gpxtpx:TrackPointExtension>
        </extensions>
      </trkpt>
      <trkpt lat="28.798935155200283" lon="115.87547933246427">
        <ele>34.73123620450497</ele>
        <time>1970-01-01T00:03:04.800000Z</time>
        <extensions>
          <gpxtpx:TrackPointExtension>
            <gpxtpx:hr>158</gpxtpx:hr>
          </gpxtpx:TrackPointExtension>
        </extensions>
      </trkpt>
      <trkpt lat="28.798960193734686" lon="115.875477820747">
        <ele>34.74915285222232</ele>
        <time>1970-01-01T00:03:05.800000Z</time>
        <extensions>
          <gpxtpx:TrackPointExtension>
            <gpxtpx:hr>158</gpxtpx:hr>
          </gpxtpx:TrackPointExtension>
        </extensions>
      </trkpt>
      <trkpt lat="28.79898497437379" lon="115.87547555668209">
        <ele>34.76989559922367</ele>
        <time>1970-01-01T00:03:06.800000Z</time>
        <extensions>
          <gpxtpx:TrackPointExtension>
            <gpxtpx:hr>158</gpxtpx:hr>
          </gpxtpx:TrackPointExtension>
        </extensions>
      </trkpt>
      <trkpt lat="28.799009354880937" lon="115.8754722629729">
        <ele>34.79259576834738</ele>
        <time>1970-01-01T00:03:07.800000Z</time>
        <extensions>
          <gpxtpx:TrackPointExtension>
            <gpxtpx:hr>158</gpxtpx:hr>
          </gpxtpx:TrackPointExtension>
        </extensions>
      </trkpt>
      <trkpt lat="28.799033458728815" lon="115.87546766288875">
        <ele>34.81619151588529</ele>
        <time>1970-01-01T00:03:08.800000Z</time>
        <extensions>
          <gpxtpx:TrackPointExtension>
            <gpxtpx:hr>158</gpxtpx:hr>
          </gpxtpx:TrackPointExtension>
        </extensions>
      </trkpt>
      <trkpt lat="28.799057212649508" lon="115.87546215785727">
        <ele>34.83908075094223</ele>
        <time>1970-01-01T00:03:09.800000Z</time>
        <extensions>
          <gpxtpx:TrackPointExtension>
            <gpxtpx:hr>158</gpxtpx:hr>
          </gpxtpx:TrackPointExtension>
        </extensions>
      </trkpt>
      <trkpt lat="28.79908121048128" lon="115.87545638726851">
        <ele>34.859107514843345</ele>
        <time>1970-01-01T00:03:10.800000Z</time>
        <extensions>
          <gpxtpx:TrackPointExtension>
            <gpxtpx:hr>158</gpxtpx:hr>
          </gpxtpx:TrackPointExtension>
        </extensions>
      </trkpt>
      <trkpt lat="28.799106540213995" lon="115.87545071681144">
        <ele>34.874311870895326</ele>
        <time>1970-01-01T00:03:11.800000Z</time>
        <extensions>
          <gpxtpx:TrackPointExtension>
            <gpxtpx:hr>158</gpxtpx:hr>
          </gpxtpx:TrackPointExtension>
        </extensions>
      </trkpt>
      <trkpt lat="28.79913351143238" lon="115.87544516622651">
        <ele>34.88408009149134</ele>
        <time>1970-01-01T00:03:12.800000Z</time>
        <extensions>
          <gpxtpx:TrackPointExtension>
            <gpxtpx:hr>157</gpxtpx:hr>
          </gpxtpx:TrackPointExtension>
        </extensions>
      </trkpt>
      <trkpt lat="28.799161260753458" lon="115.87543973459687">
        <ele>34.888843352906406</ele>
        <time>1970-01-01T00:03:13.800000Z</time>
        <extensions>
          <gpxtpx:TrackPointExtension>
            <gpxtpx:hr>157</gpxtpx:hr>
          </gpxtpx:TrackPointExtension>
        </extensions>
      </trkpt>
      <trkpt lat="28.799189537233023" lon="115.8754343927029">
        <ele>34.88981687836349</ele>
        <time>1970-01-01T00:03:14.800000Z</time>
        <extensions>
          <gpxtpx:TrackPointExtension>
            <gpxtpx:hr>157</gpxtpx:hr>
          </gpxtpx:TrackPointExtension>
        </extensions>
      </trkpt>
      <trkpt lat="28.79921836398195" lon="115.8754287101122">
        <ele>34.88871562574059</ele>
        <time>1970-01-01T00:03:15.800000Z</time>
        <extensions>
          <gpxtpx:TrackPointExtension>
            <gpxtpx:hr>157</gpxtpx:hr>
          </gpxtpx:TrackPointExtension>
        </extensions>
      </trkpt>
      <trkpt lat="28.799247767552547" lon="115.87542185833077">
        <ele>34.88722131121904</ele>
        <time>1970-01-01T00:03:16.800000Z</time>
        <extensions>
          <gpxtpx:TrackPointExtension>
            <gpxtpx:hr>157</gpxtpx:hr>
          </gpxtpx:TrackPointExtension>
        </extensions>
      </trkpt>
      <trkpt lat="28.799277571062202" lon="115.87541382131334">
        <ele>34.88586744479835</ele>
        <time>1970-01-01T00:03:17.800000Z</time>
        <extensions>
          <gpxtpx:TrackPointExtension>
            <gpxtpx:hr>157</gpxtpx:hr>
          </gpxtpx:TrackPointExtension>
        </extensions>
      </trkpt>
      <trkpt lat="28.799307308459312" lon="115.87540581123478">
        <ele>34.88451414741576</ele>
        <time>1970-01-01T00:03:18.800000Z</time>
        <extensions>
          <gpxtpx:TrackPointExtension>
            <gpxtpx:hr>157</gpxtpx:hr>
          </gpxtpx:TrackPointExtension>
        </extensions>
      </trkpt>
      <trkpt lat="28.79933684006654" lon="115.87539896994045">
        <ele>34.882800014689565</ele>
        <time>1970-01-01T00:03:19.800000Z</time>
        <extensions>
          <gpxtpx:TrackPointExtension>
            <gpxtpx:hr>157</gpxtpx:hr>
          </gpxtpx:TrackPointExtension>
        </extensions>
      </trkpt>
      <trkpt lat="28.79936624524575" lon="115.87539329149035">
        <ele>34.88057958893478</ele>
        <time>1970-01-01T00:03:20.800000Z</time>
        <extensions>
          <gpxtpx:TrackPointExtension>
            <gpxtpx:hr>159</gpxtpx:hr>
          </gpxtpx:TrackPointExtension>
        </extensions>
      </trkpt>
      <trkpt lat="28.79939595581971" lon="115.87538746163072">
        <ele>34.87794292345643</ele>
        <time>1970-01-01T00:03:21.800000Z</time>
        <extensions>
          <gpxtpx:TrackPointExtension>
            <gpxtpx:hr>159</gpxtpx:hr>
          </gpxtpx:TrackPointExtension>
        </extensions>
      </trkpt>
      <trkpt lat="28.79942608407815" lon="115.87538037298997">
        <ele>34.87574178352952</ele>
        <time>1970-01-01T00:03:22.800000Z</time>
        <extensions>
          <gpxtpx:TrackPointExtension>
            <gpxtpx:hr>159</gpxtpx:hr>
          </gpxtpx:TrackPointExtension>
        </extensions>
      </trkpt>
      <trkpt lat="28.79945622570072" lon="115.8753720761304">
        <ele>34.875405699945986</ele>
        <time>1970-01-01T00:03:23.800000Z</time>
        <extensions>
          <gpxtpx:TrackPointExtension>
            <gpxtpx:hr>159</gpxtpx:hr>
          </gpxtpx:TrackPointExtension>
        </extensions>
      </trkpt>
      <trkpt lat="28.799485318470612" lon="115.87536420850171">
        <ele>34.87813051883131</ele>
        <time>1970-01-01T00:03:24.800000Z</time>
        <extensions>
          <gpxtpx:TrackPointExtension>
            <gpxtpx:hr>159</gpxtpx:hr>
          </gpxtpx:TrackPointExtension>
        </extensions>
      </trkpt>
      <trkpt lat="28.79951280705377" lon="115.87535763667842">
        <ele>34.884276448749006</ele>
        <time>1970-01-01T00:03:25.800000Z</time>
        <extensions>
          <gpxtpx:TrackPointExtension>
            <gpxtpx:hr>159</gpxtpx:hr>
          </gpxtpx:TrackPointExtension>
        </extensions>
      </trkpt>
      <trkpt lat="28.79953889905094" lon="115.8753512492105">
        <ele>34.893506051041186</ele>
        <time>1970-01-01T00:03:26.800000Z</time>
        <extensions>
          <gpxtpx:TrackPointExtension>
            <gpxtpx:hr>159</gpxtpx:hr>
          </gpxtpx:TrackPointExtension>
        </extensions>
      </trkpt>
      <trkpt lat="28.799563832703956" lon="115.87534474492918">
        <ele>34.904650527983904</ele>
        <time>1970-01-01T00:03:27.800000Z</time>
        <extensions>
          <gpxtpx:TrackPointExtension>
            <gpxtpx:hr>163</gpxtpx:hr>
          </gpxtpx:TrackPointExtension>
        </extensions>
      </trkpt>
      <trkpt lat="28.79958814355741" lon="115.87533835155259">
        <ele>34.91588085331023</ele>
        <time>1970-01-01T00:03:28.800000Z</time>
        <extensions>
          <gpxtpx:TrackPointExtension>
            <gpxtpx:hr>163</gpxtpx:hr>
          </gpxtpx:TrackPointExtension>
        </extensions>
      </trkpt>
      <trkpt lat="28.799612646970612" lon="115.87533201947049">
        <ele>34.92547981906682</ele>
        <time>1970-01-01T00:03:29.800000Z</time>
        <extensions>
          <gpxtpx:TrackPointExtension>
            <gpxtpx:hr>163</gpxtpx:hr>
          </gpxtpx:TrackPointExtension>
        </extensions>
      </trkpt>
      <trkpt lat="28.799637939922885" lon="115.87532592753496">
        <ele>34.93265404738486</ele>
        <time>1970-01-01T00:03:30.800000Z</time>
        <extensions>
          <gpxtpx:TrackPointExtension>
            <gpxtpx:hr>163</gpxtpx:hr>
          </gpxtpx:TrackPointExtension>
        </extensions>
      </trkpt>
      <trkpt lat="28.79966399622362" lon="115.8753205301221">
        <ele>34.93826033640653</ele>
        <time>1970-01-01T00:03:31.800000Z</time>
        <extensions>
          <gpxtpx:TrackPointExtension>
            <gpxtpx:hr>163</gpxtpx:hr>
          </gpxtpx:TrackPointExtension>
        </extensions>
      </trkpt>
      <trkpt lat="28.799690356594347" lon="115.87531591712839">
        <ele>34.94430443178862</ele>
        <time>1970-01-01T00:03:32.800000Z</time>
        <extensions>
          <gpxtpx:TrackPointExtension>
            <gpxtpx:hr>163</gpxtpx:hr>
          </gpxtpx:TrackPointExtension>
        </extensions>
      </trkpt>
      <trkpt lat="28.799716668775066" lon="115.8753115341273">
        <ele>34.95243987068534</ele>
        <time>1970-01-01T00:03:33.800000Z</time>
        <extensions>
          <gpxtpx:TrackPointExtension>
            <gpxtpx:hr>163</gpxtpx:hr>
          </gpxtpx:TrackPointExtension>
        </extensions>
      </trkpt>
      <trkpt lat="28.799742225046316" lon="115.87530713182454">
        <ele>34.96379971411079</ele>
        <time>1970-01-01T00:03:34.800000Z</time>
        <extensions>
          <gpxtpx:TrackPointExtension>
            <gpxtpx:hr>163</gpxtpx:hr>
          </gpxtpx:TrackPointExtension>
        </extensions>
      </trkpt>
      <trkpt lat="28.799766872501404" lon="115.87530257605715">
        <ele>34.978902460075915</ele>
        <time>1970-01-01T00:03:35.800000Z</time>
        <extensions>
          <gpxtpx:TrackPointExtension>
            <gpxtpx:hr>163</gpxtpx:hr>
          </gpxtpx:TrackPointExtension>
        </extensions>
      </trkpt>
      <trkpt lat="28.7997908775486" lon="115.87529776318831">
        <ele>34.99739094916731</ele>
        <time>1970-01-01T00:03:36.800000Z</time>
        <extensions>
          <gpxtpx:TrackPointExtension>
            <gpxtpx:hr>163</gpxtpx:hr>
          </gpxtpx:TrackPointExtension>
        </extensions>
      </trkpt>
      <trkpt lat="28.79981496560656" lon="115.87529265526564">
        <ele>35.01793316099793</ele>
        <time>1970-01-01T00:03:37.800000Z</time>
        <extensions>
          <gpxtpx:TrackPointExtension>
            <gpxtpx:hr>163</gpxtpx:hr>
          </gpxtpx:TrackPointExtension>
        </extensions>
      </trkpt>
      <trkpt lat="28.799839275679375" lon="115.87528708106173">
        <ele>35.0396055970341</ele>
        <time>1970-01-01T00:03:38.800000Z</time>
        <extensions>
          <gpxtpx:TrackPointExtension>
            <gpxtpx:hr>163</gpxtpx:hr>
          </gpxtpx:TrackPointExtension>
        </extensions>
      </trkpt>
      <trkpt lat="28.799863740546694" lon="115.87528068053176">
        <ele>35.06184819433838</ele>
        <time>1970-01-01T00:03:39.800000Z</time>
        <extensions>
          <gpxtpx:TrackPointExtension>
            <gpxtpx:hr>163</gpxtpx:hr>
          </gpxtpx:TrackPointExtension>
        </extensions>
      </trkpt>
      <trkpt lat="28.799888184711694" lon="115.8752730586405">
        <ele>35.083980550058186</ele>
        <time>1970-01-01T00:03:40.800000Z</time>
        <extensions>
          <gpxtpx:TrackPointExtension>
            <gpxtpx:hr>163</gpxtpx:hr>
          </gpxtpx:TrackPointExtension>
        </extensions>
      </trkpt>
      <trkpt lat="28.79991221127525" lon="115.87526438707773">
        <ele>35.1045830687508</ele>
        <time>1970-01-01T00:03:41.800000Z</time>
        <extensions>
          <gpxtpx:TrackPointExtension>
            <gpxtpx:hr>163</gpxtpx:hr>
          </gpxtpx:TrackPointExtension>
        </extensions>
      </trkpt>
      <trkpt lat="28.799935981705506" lon="115.87525529375218">
        <ele>35.12295187730342</ele>
        <time>1970-01-01T00:03:42.800000Z</time>
        <extensions>
          <gpxtpx:TrackPointExtension>
            <gpxtpx:hr>163</gpxtpx:hr>
          </gpxtpx:TrackPointExtension>
        </extensions>
      </trkpt>
      <trkpt lat="28.79995989269297" lon="115.8752467837725">
        <ele>35.13967028725892</ele>
        <time>1970-01-01T00:03:43.800000Z</time>
        <extensions>
          <gpxtpx:TrackPointExtension>
            <gpxtpx:hr>163</gpxtpx:hr>
          </gpxtpx:TrackPointExtension>
        </extensions>
      </trkpt>
      <trkpt lat="28.79998412009013" lon="115.87523957049761">
        <ele>35.15650335140526</ele>
        <time>1970-01-01T00:03:44.800000Z</time>
        <extensions>
          <gpxtpx:TrackPointExtension>
            <gpxtpx:hr>163</gpxtpx:hr>
          </gpxtpx:TrackPointExtension>
        </extensions>
      </trkpt>
      <trkpt lat="28.800008434582672" lon="115.87523349023044">
        <ele>35.17607932444662</ele>
        <time>1970-01-01T00:03:45.800000Z</time>
        <extensions>
          <gpxtpx:TrackPointExtension>
            <gpxtpx:hr>163</gpxtpx:hr>
          </gpxtpx:TrackPointExtension>
        </extensions>
      </trkpt>
      <trkpt lat="28.800032769393923" lon="115.87522831654928">
        <ele>35.20057031791657</ele>
        <time>1970-01-01T00:03:46.800000Z</time>
        <extensions>
          <gpxtpx:TrackPointExtension>
            <gpxtpx:hr>163</gpxtpx:hr>
          </gpxtpx:TrackPointExtension>
        </extensions>
      </trkpt>
      <trkpt lat="28.800057481171464" lon="115.87522300777755">
        <ele>35.23102894425392</ele>
        <time>1970-01-01T00:03:47.800000Z</time>
        <extensions>
          <gpxtpx:TrackPointExtension>
            <gpxtpx:hr>163</gpxtpx:hr>
          </gpxtpx:TrackPointExtension>
        </extensions>
      </trkpt>
      <trkpt lat="28.800082548990698" lon="115.87521692937604">
        <ele>35.26665552332997</ele>
        <time>1970-01-01T00:03:48.800000Z</time>
        <extensions>
          <gpxtpx:TrackPointExtension>
            <gpxtpx:hr>162</gpxtpx:hr>
          </gpxtpx:TrackPointExtension>
        </extensions>
      </trkpt>
      <trkpt lat="28.800107615722787" lon="115.87521043023077">
        <ele>35.30505018122494</ele>
        <time>1970-01-01T00:03:49.800000Z</time>
        <extensions>
          <gpxtpx:TrackPointExtension>
            <gpxtpx:hr>162</gpxtpx:hr>
          </gpxtpx:TrackPointExtension>
        </extensions>
      </trkpt>
      <trkpt lat="28.800132383489988" lon="115.87520366715903">
        <ele>35.34333095513284</ele>
        <time>1970-01-01T00:03:50.800000Z</time>
        <extensions>
          <gpxtpx:TrackPointExtension>
            <gpxtpx:hr>162</gpxtpx:hr>
          </gpxtpx:TrackPointExtension>
        </extensions>
      </trkpt>
      <trkpt lat="28.800156947258863" lon="115.87519675241292">
        <ele>35.37883193977177</ele>
        <time>1970-01-01T00:03:51.800000Z</time>
        <extensions>
          <gpxtpx:TrackPointExtension>
            <gpxtpx:hr>162</gpxtpx:hr>
          </gpxtpx:TrackPointExtension>
        </extensions>
      </trkpt>
      <trkpt lat="28.800181312250146" lon="115.87518964554437">
        <ele>35.40954556502402</ele>
        <time>1970-01-01T00:03:52.800000Z</time>
        <extensions>
          <gpxtpx:TrackPointExtension>
            <gpxtpx:hr>161</gpxtpx:hr>
          </gpxtpx:TrackPointExtension>
        </extensions>
      </trkpt>
      <trkpt lat="28.800205536717833" lon="115.87518227811111">
        <ele>35.43412503693253</ele>
        <time>1970-01-01T00:03:53.800000Z</time>
        <extensions>
          <gpxtpx:TrackPointExtension>
            <gpxtpx:hr>161</gpxtpx:hr>
          </gpxtpx:TrackPointExtension>
        </extensions>
      </trkpt>
      <trkpt lat="28.80022962617279" lon="115.87517450838546">
        <ele>35.45172581914812</ele>
        <time>1970-01-01T00:03:54.800000Z</time>
        <extensions>
          <gpxtpx:TrackPointExtension>
            <gpxtpx:hr>161</gpxtpx:hr>
          </gpxtpx:TrackPointExtension>
        </extensions>
      </trkpt>
      <trkpt lat="28.80025276456202" lon="115.87516615497245">
        <ele>35.461662113666534</ele>
        <time>1970-01-01T00:03:55.800000Z</time>
        <extensions>
          <gpxtpx:TrackPointExtension>
            <gpxtpx:hr>161</gpxtpx:hr>
          </gpxtpx:TrackPointExtension>
        </extensions>
      </trkpt>
      <trkpt lat="28.80027421691557" lon="115.8751569541034">
        <ele>35.46461430937052</ele>
        <time>1970-01-01T00:03:56.800000Z</time>
        <extensions>
          <gpxtpx:TrackPointExtension>
            <gpxtpx:hr>161</gpxtpx:hr>
          </gpxtpx:TrackPointExtension>
        </extensions>
      </trkpt>
      <trkpt lat="28.800294307321575" lon="115.87514745896644">
        <ele>35.46185180358589</ele>
        <time>1970-01-01T00:03:57.800000Z</time>
        <extensions>
          <gpxtpx:TrackPointExtension>
            <gpxtpx:hr>161</gpxtpx:hr>
          </gpxtpx:TrackPointExtension>
        </extensions>
      </trkpt>
      <trkpt lat="28.800313332079146" lon="115.8751391161453">
        <ele>35.45478118211031</ele>
        <time>1970-01-01T00:03:58.800000Z</time>
        <extensions>
          <gpxtpx:TrackPointExtension>
            <gpxtpx:hr>161</gpxtpx:hr>
          </gpxtpx:TrackPointExtension>
        </extensions>
      </trkpt>
      <trkpt lat="28.800330802381513" lon="115.87513155275936">
        <ele>35.445056080818176</ele>
        <time>1970-01-01T00:03:59.800000Z</time>
        <extensions>
          <gpxtpx:TrackPointExtension>
            <gpxtpx:hr>160</gpxtpx:hr>
          </gpxtpx:TrackPointExtension>
        </extensions>
      </trkpt>
      <trkpt lat="28.800347440217106" lon="115.87512253171704">
        <ele>35.434616424143314</ele>
        <time>1970-01-01T00:04:00.800000Z</time>
        <extensions>
          <gpxtpx:TrackPointExtension>
            <gpxtpx:hr>160</gpxtpx:hr>
          </gpxtpx:TrackPointExtension>
        </extensions>
      </trkpt>
      <trkpt lat="28.800363905039113" lon="115.87511209553902">
        <ele>35.42566930409521</ele>
        <time>1970-01-01T00:04:01.800000Z</time>
        <extensions>
          <gpxtpx:TrackPointExtension>
            <gpxtpx:hr>160</gpxtpx:hr>
          </gpxtpx:TrackPointExtension>
        </extensions>
      </trkpt>
      <trkpt lat="28.800380990558967" lon="115.8751025037762">
        <ele>35.42081760428846</ele>
        <time>1970-01-01T00:04:02.800000Z</time>
        <extensions>
          <gpxtpx:TrackPointExtension>
            <gpxtpx:hr>160</gpxtpx:hr>
          </gpxtpx:TrackPointExtension>
        </extensions>
      </trkpt>
      <trkpt lat="28.800399841604555" lon="115.87509461590616">
        <ele>35.42322325985879</ele>
        <time>1970-01-01T00:04:03.800000Z</time>
        <extensions>
          <gpxtpx:TrackPointExtension>
            <gpxtpx:hr>160</gpxtpx:hr>
          </gpxtpx:TrackPointExtension>
        </extensions>
      </trkpt>
      <trkpt lat="28.800420875383853" lon="115.87508785847244">
        <ele>35.43466416373849</ele>
        <time>1970-01-01T00:04:04.800000Z</time>
        <extensions>
          <gpxtpx:TrackPointExtension>
            <gpxtpx:hr>160</gpxtpx:hr>
          </gpxtpx:TrackPointExtension>
        </extensions>
      </trkpt>
      <trkpt lat="28.800444142554863" lon="115.87508187878416">
        <ele>35.45574577990919</ele>
        <time>1970-01-01T00:04:05.800000Z</time>
        <extensions>
          <gpxtpx:TrackPointExtension>
            <gpxtpx:hr>160</gpxtpx:hr>
          </gpxtpx:TrackPointExtension>
        </extensions>
      </trkpt>
      <trkpt lat="28.800468819462715" lon="115.8750772395866">
        <ele>35.48569327685982</ele>
        <time>1970-01-01T00:04:06.800000Z</time>
        <extensions>
          <gpxtpx:TrackPointExtension>
            <gpxtpx:hr>160</gpxtpx:hr>
          </gpxtpx:TrackPointExtension>
        </extensions>
      </trkpt>
      <trkpt lat="28.800493823104713" lon="115.87507383899127">
        <ele>35.522422010079026</ele>
        <time>1970-01-01T00:04:07.800000Z</time>
        <extensions>
          <gpxtpx:TrackPointExtension>
            <gpxtpx:hr>157</gpxtpx:hr>
          </gpxtpx:TrackPointExtension>
        </extensions>
      </trkpt>
      <trkpt lat="28.800518329918926" lon="115.87507057439693">
        <ele>35.56253953464329</ele>
        <time>1970-01-01T00:04:08.800000Z</time>
        <extensions>
          <gpxtpx:TrackPointExtension>
            <gpxtpx:hr>157</gpxtpx:hr>
          </gpxtpx:TrackPointExtension>
        </extensions>
      </trkpt>
      <trkpt lat="28.800542093511613" lon="115.8750667968403">
        <ele>35.60285010468215</ele>
        <time>1970-01-01T00:04:09.800000Z</time>
        <extensions>
          <gpxtpx:TrackPointExtension>
            <gpxtpx:hr>157</gpxtpx:hr>
          </gpxtpx:TrackPointExtension>
        </extensions>
      </trkpt>
      <trkpt lat="28.80056578459541" lon="115.87506236712278">
        <ele>35.64024859666824</ele>
        <time>1970-01-01T00:04:10.800000Z</time>
        <extensions>
          <gpxtpx:TrackPointExtension>
            <gpxtpx:hr>157</gpxtpx:hr>
          </gpxtpx:TrackPointExtension>
        </extensions>
      </trkpt>
      <trkpt lat="28.800589024214318" lon="115.87505760071744">
        <ele>35.67230752669275</ele>
        <time>1970-01-01T00:04:11.800000Z</time>
        <extensions>
          <gpxtpx:TrackPointExtension>
            <gpxtpx:hr>157</gpxtpx:hr>
          </gpxtpx:TrackPointExtension>
        </extensions>
      </trkpt>
      <trkpt lat="28.8006112550434" lon="115.8750529640558">
        <ele>35.697850154712796</ele>
        <time>1970-01-01T00:04:12.800000Z</time>
        <extensions>
          <gpxtpx:TrackPointExtension>
            <gpxtpx:hr>157</gpxtpx:hr>
          </gpxtpx:TrackPointExtension>
        </extensions>
      </trkpt>
      <trkpt lat="28.800633090881057" lon="115.87504892549978">
        <ele>35.717730223201215</ele>
        <time>1970-01-01T00:04:13.800000Z</time>
        <extensions>
          <gpxtpx:TrackPointExtension>
            <gpxtpx:hr>157</gpxtpx:hr>
          </gpxtpx:TrackPointExtension>
        </extensions>
      </trkpt>
      <trkpt lat="28.80065540044617" lon="115.87504582495204">
        <ele>35.7343182079494</ele>
        <time>1970-01-01T00:04:14.800000Z</time>
        <extensions>
          <gpxtpx:TrackPointExtension>
            <gpxtpx:hr>157</gpxtpx:hr>
          </gpxtpx:TrackPointExtension>
        </extensions>
      </trkpt>
      <trkpt lat="28.80067870306705" lon="115.87504326996073">
        <ele>35.75090850237757</ele>
        <time>1970-01-01T00:04:15.800000Z</time>
        <extensions>
          <gpxtpx:TrackPointExtension>
            <gpxtpx:hr>157</gpxtpx:hr>
          </gpxtpx:TrackPointExtension>
        </extensions>
      </trkpt>
      <trkpt lat="28.800702778089452" lon="115.87504047159389">
        <ele>35.77054324466735</ele>
        <time>1970-01-01T00:04:16.800000Z</time>
        <extensions>
          <gpxtpx:TrackPointExtension>
            <gpxtpx:hr>157</gpxtpx:hr>
          </gpxtpx:TrackPointExtension>
        </extensions>
      </trkpt>
      <trkpt lat="28.800727463387634" lon="115.87503675842925">
        <ele>35.79533591680229</ele>
        <time>1970-01-01T00:04:17.800000Z</time>
        <extensions>
          <gpxtpx:TrackPointExtension>
            <gpxtpx:hr>159</gpxtpx:hr>
          </gpxtpx:TrackPointExtension>
        </extensions>
      </trkpt>
      <trkpt lat="28.800752708866927" lon="115.87503212122748">
        <ele>35.826393622905016</ele>
        <time>1970-01-01T00:04:18.800000Z</time>
        <extensions>
          <gpxtpx:TrackPointExtension>
            <gpxtpx:hr>159</gpxtpx:hr>
          </gpxtpx:TrackPointExtension>
        </extensions>
      </trkpt>
      <trkpt lat="28.800778492468183" lon="115.87502709117429">
        <ele>35.86287020146847</ele>
        <time>1970-01-01T00:04:19.800000Z</time>
        <extensions>
          <gpxtpx:TrackPointExtension>
            <gpxtpx:hr>159</gpxtpx:hr>
          </gpxtpx:TrackPointExtension>
        </extensions>
      </trkpt>
      <trkpt lat="28.80080427599256" lon="115.8750217692956">
        <ele>35.902836742810905</ele>
        <time>1970-01-01T00:04:20.800000Z</time>
        <extensions>
          <gpxtpx:TrackPointExtension>
            <gpxtpx:hr>159</gpxtpx:hr>
          </gpxtpx:TrackPointExtension>
        </extensions>
      </trkpt>
      <trkpt lat="28.800829722001428" lon="115.8750158417086">
        <ele>35.9438779335469</ele>
        <time>1970-01-01T00:04:21.800000Z</time>
        <extensions>
          <gpxtpx:TrackPointExtension>
            <gpxtpx:hr>159</gpxtpx:hr>
          </gpxtpx:TrackPointExtension>
        </extensions>
      </trkpt>
      <trkpt lat="28.80085494533659" lon="115.87500893394208">
        <ele>35.98341721482575</ele>
        <time>1970-01-01T00:04:22.800000Z</time>
        <extensions>
          <gpxtpx:TrackPointExtension>
            <gpxtpx:hr>159</gpxtpx:hr>
          </gpxtpx:TrackPointExtension>
        </extensions>
      </trkpt>
      <trkpt lat="28.800880092679225" lon="115.87500126563843">
        <ele>36.01868146844208</ele>
        <time>1970-01-01T00:04:23.800000Z</time>
        <extensions>
          <gpxtpx:TrackPointExtension>
            <gpxtpx:hr>159</gpxtpx:hr>
          </gpxtpx:TrackPointExtension>
        </extensions>
      </trkpt>
      <trkpt lat="28.800905597277477" lon="115.87499351249248">
        <ele>36.04824339505285</ele>
        <time>1970-01-01T00:04:24.800000Z</time>
        <extensions>
          <gpxtpx:TrackPointExtension>
            <gpxtpx:hr>159</gpxtpx:hr>
          </gpxtpx:TrackPointExtension>
        </extensions>
      </trkpt>
      <trkpt lat="28.80093165221178" lon="115.87498617382974">
        <ele>36.07147439196706</ele>
        <time>1970-01-01T00:04:25.800000Z</time>
        <extensions>
          <gpxtpx:TrackPointExtension>
            <gpxtpx:hr>159</gpxtpx:hr>
          </gpxtpx:TrackPointExtension>
        </extensions>
      </trkpt>
      <trkpt lat="28.800958158679887" lon="115.87497967612639">
        <ele>36.08819321170449</ele>
        <time>1970-01-01T00:04:26.800000Z</time>
        <extensions>
          <gpxtpx:TrackPointExtension>
            <gpxtpx:hr>158</gpxtpx:hr>
          </gpxtpx:TrackPointExtension>
        </extensions>
      </trkpt>
      <trkpt lat="28.800985149362273" lon="115.8749743272912">
        <ele>36.098517519421875</ele>
        <time>1970-01-01T00:04:27.800000Z</time>
        <extensions>
          <gpxtpx:TrackPointExtension>
            <gpxtpx:hr>158</gpxtpx:hr>
          </gpxtpx:TrackPointExtension>
        </extensions>
      </trkpt>
      <trkpt lat="28.80101260373604" lon="115.87497007844168">
        <ele>36.10369981918484</ele>
        <time>1970-01-01T00:04:28.800000Z</time>
        <extensions>
          <gpxtpx:TrackPointExtension>
            <gpxtpx:hr>158</gpxtpx:hr>
          </gpxtpx:TrackPointExtension>
        </extensions>
      </trkpt>
      <trkpt lat="28.80103994322545" lon="115.87496645963998">
        <ele>36.10560114122927</ele>
        <time>1970-01-01T00:04:29.800000Z</time>
        <extensions>
          <gpxtpx:TrackPointExtension>
            <gpxtpx:hr>158</gpxtpx:hr>
          </gpxtpx:TrackPointExtension>
        </extensions>
      </trkpt>
      <trkpt lat="28.801066508209946" lon="115.87496323009584">
        <ele>36.106570082716644</ele>
        <time>1970-01-01T00:04:30.800000Z</time>
        <extensions>
          <gpxtpx:TrackPointExtension>
            <gpxtpx:hr>158</gpxtpx:hr>
          </gpxtpx:TrackPointExtension>
        </extensions>
      </trkpt>
      <trkpt lat="28.801092505615895" lon="115.87495996381132">
        <ele>36.10904843173921</ele>
        <time>1970-01-01T00:04:31.800000Z</time>
        <extensions>
          <gpxtpx:TrackPointExtension>
            <gpxtpx:hr>158</gpxtpx:hr>
          </gpxtpx:TrackPointExtension>
        </extensions>
      </trkpt>
      <trkpt lat="28.801118187497103" lon="115.87495610799621">
        <ele>36.11539441719651</ele>
        <time>1970-01-01T00:04:32.800000Z</time>
        <extensions>
          <gpxtpx:TrackPointExtension>
            <gpxtpx:hr>158</gpxtpx:hr>
          </gpxtpx:TrackPointExtension>
        </extensions>
      </trkpt>
      <trkpt lat="28.801143574009892" lon="115.87495119085456">
        <ele>36.12692634481937</ele>
        <time>1970-01-01T00:04:33.800000Z</time>
        <extensions>
          <gpxtpx:TrackPointExtension>
            <gpxtpx:hr>158</gpxtpx:hr>
          </gpxtpx:TrackPointExtension>
        </extensions>
      </trkpt>
      <trkpt lat="28.80116871464108" lon="115.87494492087538">
        <ele>36.14287478104234</ele>
        <time>1970-01-01T00:04:34.800000Z</time>
        <extensions>
          <gpxtpx:TrackPointExtension>
            <gpxtpx:hr>158</gpxtpx:hr>
          </gpxtpx:TrackPointExtension>
        </extensions>
      </trkpt>
      <trkpt lat="28.801194044063752" lon="115.87493770270748">
        <ele>36.16068328730762</ele>
        <time>1970-01-01T00:04:35.800000Z</time>
        <extensions>
          <gpxtpx:TrackPointExtension>
            <gpxtpx:hr>158</gpxtpx:hr>
          </gpxtpx:TrackPointExtension>
        </extensions>
      </trkpt>
      <trkpt lat="28.801220087403784" lon="115.87493065443611">
        <ele>36.17699621710926</ele>
        <time>1970-01-01T00:04:36.800000Z</time>
        <extensions>
          <gpxtpx:TrackPointExtension>
            <gpxtpx:hr>158</gpxtpx:hr>
          </gpxtpx:TrackPointExtension>
        </extensions>
      </trkpt>
      <trkpt lat="28.80124707103034" lon="115.8749245951631">
        <ele>36.18922406435013</ele>
        <time>1970-01-01T00:04:37.800000Z</time>
        <extensions>
          <gpxtpx:TrackPointExtension>
            <gpxtpx:hr>159</gpxtpx:hr>
          </gpxtpx:TrackPointExtension>
        </extensions>
      </trkpt>
      <trkpt lat="28.80127511301201" lon="115.87491945965009">
        <ele>36.19553070049733</ele>
        <time>1970-01-01T00:04:38.800000Z</time>
        <extensions>
          <gpxtpx:TrackPointExtension>
            <gpxtpx:hr>159</gpxtpx:hr>
          </gpxtpx:TrackPointExtension>
        </extensions>
      </trkpt>
      <trkpt lat="28.801303618147998" lon="115.8749146161644">
        <ele>36.195230999961495</ele>
        <time>1970-01-01T00:04:39.800000Z</time>
        <extensions>
          <gpxtpx:TrackPointExtension>
            <gpxtpx:hr>159</gpxtpx:hr>
          </gpxtpx:TrackPointExtension>
        </extensions>
      </trkpt>
      <trkpt lat="28.80133200716742" lon="115.87490925111064">
        <ele>36.18862909451127</ele>
        <time>1970-01-01T00:04:40.800000Z</time>
        <extensions>
          <gpxtpx:TrackPointExtension>
            <gpxtpx:hr>159</gpxtpx:hr>
          </gpxtpx:TrackPointExtension>
        </extensions>
      </trkpt>
      <trkpt lat="28.80135986098322" lon="115.87490336747945">
        <ele>36.176372517831624</ele>
        <time>1970-01-01T00:04:41.800000Z</time>
        <extensions>
          <gpxtpx:TrackPointExtension>
            <gpxtpx:hr>159</gpxtpx:hr>
          </gpxtpx:TrackPointExtension>
        </extensions>
      </trkpt>
      <trkpt lat="28.801386694858998" lon="115.87489773650384">
        <ele>36.15917856153101</ele>
        <time>1970-01-01T00:04:42.800000Z</time>
        <extensions>
          <gpxtpx:TrackPointExtension>
            <gpxtpx:hr>160</gpxtpx:hr>
          </gpxtpx:TrackPointExtension>
        </extensions>
      </trkpt>
      <trkpt lat="28.80141247086159" lon="115.87489268974369">
        <ele>36.138056963682175</ele>
        <time>1970-01-01T00:04:43.800000Z</time>
        <extensions>
          <gpxtpx:TrackPointExtension>
            <gpxtpx:hr>160</gpxtpx:hr>
          </gpxtpx:TrackPointExtension>
        </extensions>
      </trkpt>
      <trkpt lat="28.801437514774737" lon="115.87488783479672">
        <ele>36.1146488096565</ele>
        <time>1970-01-01T00:04:44.800000Z</time>
        <extensions>
          <gpxtpx:TrackPointExtension>
            <gpxtpx:hr>160</gpxtpx:hr>
          </gpxtpx:TrackPointExtension>
        </extensions>
      </trkpt>
      <trkpt lat="28.801462217376987" lon="115.87488286662912">
        <ele>36.091085760854185</ele>
        <time>1970-01-01T00:04:45.800000Z</time>
        <extensions>
          <gpxtpx:TrackPointExtension>
            <gpxtpx:hr>160</gpxtpx:hr>
          </gpxtpx:TrackPointExtension>
        </extensions>
      </trkpt>
      <trkpt lat="28.801486292982588" lon="115.87487740870472">
        <ele>36.06950957514346</ele>
        <time>1970-01-01T00:04:46.800000Z</time>
        <extensions>
          <gpxtpx:TrackPointExtension>
            <gpxtpx:hr>160</gpxtpx:hr>
          </gpxtpx:TrackPointExtension>
        </extensions>
      </trkpt>
      <trkpt lat="28.80150978902141" lon="115.87487104259245">
        <ele>36.051050077192485</ele>
        <time>1970-01-01T00:04:47.800000Z</time>
        <extensions>
          <gpxtpx:TrackPointExtension>
            <gpxtpx:hr>160</gpxtpx:hr>
          </gpxtpx:TrackPointExtension>
        </extensions>
      </trkpt>
      <trkpt lat="28.80153342285557" lon="115.8748641206789">
        <ele>36.035898096859455</ele>
        <time>1970-01-01T00:04:48.800000Z</time>
        <extensions>
          <gpxtpx:TrackPointExtension>
            <gpxtpx:hr>160</gpxtpx:hr>
          </gpxtpx:TrackPointExtension>
        </extensions>
      </trkpt>
      <trkpt lat="28.801557102781047" lon="115.87485705872078">
        <ele>36.023630771785975</ele>
        <time>1970-01-01T00:04:49.800000Z</time>
        <extensions>
          <gpxtpx:TrackPointExtension>
            <gpxtpx:hr>160</gpxtpx:hr>
          </gpxtpx:TrackPointExtension>
        </extensions>
      </trkpt>
      <trkpt lat="28.80158082707401" lon="115.8748493634604">
        <ele>36.01418354269117</ele>
        <time>1970-01-01T00:04:50.800000Z</time>
        <extensions>
          <gpxtpx:TrackPointExtension>
            <gpxtpx:hr>160</gpxtpx:hr>
          </gpxtpx:TrackPointExtension>
        </extensions>
      </trkpt>
      <trkpt lat="28.801604163534247" lon="115.87484139366082">
        <ele>36.00738497450948</ele>
        <time>1970-01-01T00:04:51.800000Z</time>
        <extensions>
          <gpxtpx:TrackPointExtension>
            <gpxtpx:hr>160</gpxtpx:hr>
          </gpxtpx:TrackPointExtension>
        </extensions>
      </trkpt>
      <trkpt lat="28.801626891739843" lon="115.87483422864473">
        <ele>36.00293575040996</ele>
        <time>1970-01-01T00:04:52.800000Z</time>
        <extensions>
          <gpxtpx:TrackPointExtension>
            <gpxtpx:hr>160</gpxtpx:hr>
          </gpxtpx:TrackPointExtension>
        </extensions>
      </trkpt>
      <trkpt lat="28.80164932359513" lon="115.8748280130067">
        <ele>36.00055398512632</ele>
        <time>1970-01-01T00:04:53.800000Z</time>
        <extensions>
          <gpxtpx:TrackPointExtension>
            <gpxtpx:hr>160</gpxtpx:hr>
          </gpxtpx:TrackPointExtension>
        </extensions>
      </trkpt>
      <trkpt lat="28.801671550797195" lon="115.87482227610803">
        <ele>36.000087660737336</ele>
        <time>1970-01-01T00:04:54.800000Z</time>
        <extensions>
          <gpxtpx:TrackPointExtension>
            <gpxtpx:hr>160</gpxtpx:hr>
          </gpxtpx:TrackPointExtension>
        </extensions>
      </trkpt>
      <trkpt lat="28.801693551552695" lon="115.87481632507712">
        <ele>36.00246455427259</ele>
        <time>1970-01-01T00:04:55.800000Z</time>
        <extensions>
          <gpxtpx:TrackPointExtension>
            <gpxtpx:hr>158</gpxtpx:hr>
          </gpxtpx:TrackPointExtension>
        </extensions>
      </trkpt>
      <trkpt lat="28.80171561191632" lon="115.87480983269009">
        <ele>36.00939777866006</ele>
        <time>1970-01-01T00:04:56.800000Z</time>
        <extensions>
          <gpxtpx:TrackPointExtension>
            <gpxtpx:hr>158</gpxtpx:hr>
          </gpxtpx:TrackPointExtension>
        </extensions>
      </trkpt>
      <trkpt lat="28.801738846557157" lon="115.87480262654634">
        <ele>36.02282153442502</ele>
        <time>1970-01-01T00:04:57.800000Z</time>
        <extensions>
          <gpxtpx:TrackPointExtension>
            <gpxtpx:hr>158</gpxtpx:hr>
          </gpxtpx:TrackPointExtension>
        </extensions>
      </trkpt>
      <trkpt lat="28.801763855874622" lon="115.87479423207094">
        <ele>36.044562090188265</ele>
        <time>1970-01-01T00:04:58.800000Z</time>
        <extensions>
          <gpxtpx:TrackPointExtension>
            <gpxtpx:hr>158</gpxtpx:hr>
          </gpxtpx:TrackPointExtension>
        </extensions>
      </trkpt>
      <trkpt lat="28.801790194490465" lon="115.87478433193056">
        <ele>36.076180656440556</ele>
        <time>1970-01-01T00:04:59.800000Z</time>
        <extensions>
          <gpxtpx:TrackPointExtension>
            <gpxtpx:hr>158</gpxtpx:hr>
          </gpxtpx:TrackPointExtension>
        </extensions>
      </trkpt>
      <trkpt lat="28.801817013616436" lon="115.87477328955993">
        <ele>36.11692706029862</ele>
        <time>1970-01-01T00:05:00.800000Z</time>
        <extensions>
          <gpxtpx:TrackPointExtension>
            <gpxtpx:hr>158</gpxtpx:hr>
          </gpxtpx:TrackPointExtension>
        </extensions>
      </trkpt>
      <trkpt lat="28.80184306302444" lon="115.87476216110157">
        <ele>36.16517978627235</ele>
        <time>1970-01-01T00:05:01.800000Z</time>
        <extensions>
          <gpxtpx:TrackPointExtension>
            <gpxtpx:hr>158</gpxtpx:hr>
          </gpxtpx:TrackPointExtension>
        </extensions>
      </trkpt>
      <trkpt lat="28.80186843505384" lon="115.87475195628038">
        <ele>36.21896046213806</ele>
        <time>1970-01-01T00:05:02.800000Z</time>
        <extensions>
          <gpxtpx:TrackPointExtension>
            <gpxtpx:hr>158</gpxtpx:hr>
          </gpxtpx:TrackPointExtension>
        </extensions>
      </trkpt>
      <trkpt lat="28.801893719699166" lon="115.87474290923515">
        <ele>36.27585975918919</ele>
        <time>1970-01-01T00:05:03.800000Z</time>
        <extensions>
          <gpxtpx:TrackPointExtension>
            <gpxtpx:hr>158</gpxtpx:hr>
          </gpxtpx:TrackPointExtension>
        </extensions>
      </trkpt>
      <trkpt lat="28.801918613585233" lon="115.87473426665376">
        <ele>36.3323739618063</ele>
        <time>1970-01-01T00:05:04.800000Z</time>
        <extensions>
          <gpxtpx:TrackPointExtension>
            <gpxtpx:hr>158</gpxtpx:hr>
          </gpxtpx:TrackPointExtension>
        </extensions>
      </trkpt>
      <trkpt lat="28.801943826588335" lon="115.87472537737736">
        <ele>36.384584875777364</ele>
        <time>1970-01-01T00:05:05.800000Z</time>
        <extensions>
          <gpxtpx:TrackPointExtension>
            <gpxtpx:hr>158</gpxtpx:hr>
          </gpxtpx:TrackPointExtension>
        </extensions>
      </trkpt>
      <trkpt lat="28.801968889434733" lon="115.87471663432459">
        <ele>36.428467685356736</ele>
        <time>1970-01-01T00:05:06.800000Z</time>
        <extensions>
          <gpxtpx:TrackPointExtension>
            <gpxtpx:hr>158</gpxtpx:hr>
          </gpxtpx:TrackPointExtension>
        </extensions>
      </trkpt>
      <trkpt lat="28.80199355438938" lon="115.87470808408128">
        <ele>36.46085790079087</ele>
        <time>1970-01-01T00:05:07.800000Z</time>
        <extensions>
          <gpxtpx:TrackPointExtension>
            <gpxtpx:hr>158</gpxtpx:hr>
          </gpxtpx:TrackPointExtension>
        </extensions>
      </trkpt>
      <trkpt lat="28.80201738528553" lon="115.87469979355735">
        <ele>36.480116410180926</ele>
        <time>1970-01-01T00:05:08.800000Z</time>
        <extensions>
          <gpxtpx:TrackPointExtension>
            <gpxtpx:hr>158</gpxtpx:hr>
          </gpxtpx:TrackPointExtension>
        </extensions>
      </trkpt>
      <trkpt lat="28.80204077927607" lon="115.87469190815044">
        <ele>36.486071796156466</ele>
        <time>1970-01-01T00:05:09.800000Z</time>
        <extensions>
          <gpxtpx:TrackPointExtension>
            <gpxtpx:hr>158</gpxtpx:hr>
          </gpxtpx:TrackPointExtension>
        </extensions>
      </trkpt>
      <trkpt lat="28.802063967186516" lon="115.8746845681217">
        <ele>36.48174064792693</ele>
        <time>1970-01-01T00:05:10.800000Z</time>
        <extensions>
          <gpxtpx:TrackPointExtension>
            <gpxtpx:hr>158</gpxtpx:hr>
          </gpxtpx:TrackPointExtension>
        </extensions>
      </trkpt>
      <trkpt lat="28.802086801829876" lon="115.87467851927286">
        <ele>36.471744026988745</ele>
        <time>1970-01-01T00:05:11.800000Z</time>
        <extensions>
          <gpxtpx:TrackPointExtension>
            <gpxtpx:hr>158</gpxtpx:hr>
          </gpxtpx:TrackPointExtension>
        </extensions>
      </trkpt>
      <trkpt lat="28.80210858783291" lon="115.87467547046086">
        <ele>36.46083841379732</ele>
        <time>1970-01-01T00:05:12.800000Z</time>
        <extensions>
          <gpxtpx:TrackPointExtension>
            <gpxtpx:hr>158</gpxtpx:hr>
          </gpxtpx:TrackPointExtension>
        </extensions>
      </trkpt>
      <trkpt lat="28.8021288659434" lon="115.87467657131793">
        <ele>36.45255599915981</ele>
        <time>1970-01-01T00:05:13.800000Z</time>
        <extensions>
          <gpxtpx:TrackPointExtension>
            <gpxtpx:hr>158</gpxtpx:hr>
          </gpxtpx:TrackPointExtension>
        </extensions>
      </trkpt>
      <trkpt lat="28.802148545133367" lon="115.87468089655484">
        <ele>36.44974501989782</ele>
        <time>1970-01-01T00:05:14.700000Z</time>
        <extensions>
          <gpxtpx:TrackPointExtension>
            <gpxtpx:hr>158</gpxtpx:hr>
          </gpxtpx:TrackPointExtension>
        </extensions>
      </trkpt>
      <trkpt lat="28.80216910175561" lon="115.87468682906201">
        <ele>36.4541623685509</ele>
        <time>1970-01-01T00:05:15.700000Z</time>
        <extensions>
          <gpxtpx:TrackPointExtension>
            <gpxtpx:hr>158</gpxtpx:hr>
          </gpxtpx:TrackPointExtension>
        </extensions>
      </trkpt>
      <trkpt lat="28.802191474362576" lon="115.87469272931025">
        <ele>36.466538686305285</ele>
        <time>1970-01-01T00:05:16.700000Z</time>
        <extensions>
          <gpxtpx:TrackPointExtension>
            <gpxtpx:hr>159</gpxtpx:hr>
          </gpxtpx:TrackPointExtension>
        </extensions>
      </trkpt>
      <trkpt lat="28.802215854978897" lon="115.87469687223904">
        <ele>36.48672612942755</ele>
        <time>1970-01-01T00:05:17.700000Z</time>
        <extensions>
          <gpxtpx:TrackPointExtension>
            <gpxtpx:hr>159</gpxtpx:hr>
          </gpxtpx:TrackPointExtension>
        </extensions>
      </trkpt>
      <trkpt lat="28.802241576464468" lon="115.87469790927061">
        <ele>36.514261877164245</ele>
        <time>1970-01-01T00:05:18.700000Z</time>
        <extensions>
          <gpxtpx:TrackPointExtension>
            <gpxtpx:hr>159</gpxtpx:hr>
          </gpxtpx:TrackPointExtension>
        </extensions>
      </trkpt>
      <trkpt lat="28.802267509601005" lon="115.8746957693319">
        <ele>36.54764692205936</ele>
        <time>1970-01-01T00:05:19.700000Z</time>
        <extensions>
          <gpxtpx:TrackPointExtension>
            <gpxtpx:hr>159</gpxtpx:hr>
          </gpxtpx:TrackPointExtension>
        </extensions>
      </trkpt>
      <trkpt lat="28.80229307684911" lon="115.8746917086423">
        <ele>36.58379777148366</ele>
        <time>1970-01-01T00:05:20.700000Z</time>
        <extensions>
          <gpxtpx:TrackPointExtension>
            <gpxtpx:hr>160</gpxtpx:hr>
          </gpxtpx:TrackPointExtension>
        </extensions>
      </trkpt>
      <trkpt lat="28.80231837715735" lon="115.87468655445115">
        <ele>36.61921555828303</ele>
        <time>1970-01-01T00:05:21.700000Z</time>
        <extensions>
          <gpxtpx:TrackPointExtension>
            <gpxtpx:hr>160</gpxtpx:hr>
          </gpxtpx:TrackPointExtension>
        </extensions>
      </trkpt>
      <trkpt lat="28.80234373123334" lon="115.87468048708061">
        <ele>36.651455745100975</ele>
        <time>1970-01-01T00:05:22.700000Z</time>
        <extensions>
          <gpxtpx:TrackPointExtension>
            <gpxtpx:hr>160</gpxtpx:hr>
          </gpxtpx:TrackPointExtension>
        </extensions>
      </trkpt>
      <trkpt lat="28.8023692575605" lon="115.87467374002865">
        <ele>36.67992226500064</ele>
        <time>1970-01-01T00:05:23.700000Z</time>
        <extensions>
          <gpxtpx:TrackPointExtension>
            <gpxtpx:hr>160</gpxtpx:hr>
          </gpxtpx:TrackPointExtension>
        </extensions>
      </trkpt>
      <trkpt lat="28.802394845035018" lon="115.8746666351306">
        <ele>36.70533854048699</ele>
        <time>1970-01-01T00:05:24.700000Z</time>
        <extensions>
          <gpxtpx:TrackPointExtension>
            <gpxtpx:hr>160</gpxtpx:hr>
          </gpxtpx:TrackPointExtension>
        </extensions>
      </trkpt>
      <trkpt lat="28.802420338965682" lon="115.87465938220245">
        <ele>36.7290911860764</ele>
        <time>1970-01-01T00:05:25.700000Z</time>
        <extensions>
          <gpxtpx:TrackPointExtension>
            <gpxtpx:hr>160</gpxtpx:hr>
          </gpxtpx:TrackPointExtension>
        </extensions>
      </trkpt>
      <trkpt lat="28.802445370637162" lon="115.87465223349471">
        <ele>36.752539657987654</ele>
        <time>1970-01-01T00:05:26.700000Z</time>
        <extensions>
          <gpxtpx:TrackPointExtension>
            <gpxtpx:hr>162</gpxtpx:hr>
          </gpxtpx:TrackPointExtension>
        </extensions>
      </trkpt>
      <trkpt lat="28.802469516255567" lon="115.87464557590503">
        <ele>36.776325238868594</ele>
        <time>1970-01-01T00:05:27.700000Z</time>
        <extensions>
          <gpxtpx:TrackPointExtension>
            <gpxtpx:hr>162</gpxtpx:hr>
          </gpxtpx:TrackPointExtension>
        </extensions>
      </trkpt>
      <trkpt lat="28.80249314113933" lon="115.87463931086423">
        <ele>36.800512336194515</ele>
        <time>1970-01-01T00:05:28.700000Z</time>
        <extensions>
          <gpxtpx:TrackPointExtension>
            <gpxtpx:hr>162</gpxtpx:hr>
          </gpxtpx:TrackPointExtension>
        </extensions>
      </trkpt>
      <trkpt lat="28.802516589216133" lon="115.87463321384669">
        <ele>36.82504651416093</ele>
        <time>1970-01-01T00:05:29.700000Z</time>
        <extensions>
          <gpxtpx:TrackPointExtension>
            <gpxtpx:hr>162</gpxtpx:hr>
          </gpxtpx:TrackPointExtension>
        </extensions>
      </trkpt>
      <trkpt lat="28.802540187463823" lon="115.874627071695">
        <ele>36.849949036724865</ele>
        <time>1970-01-01T00:05:30.700000Z</time>
        <extensions>
          <gpxtpx:TrackPointExtension>
            <gpxtpx:hr>162</gpxtpx:hr>
          </gpxtpx:TrackPointExtension>
        </extensions>
      </trkpt>
      <trkpt lat="28.80256472723916" lon="115.87462065545085">
        <ele>36.87529013492167</ele>
        <time>1970-01-01T00:05:31.700000Z</time>
        <extensions>
          <gpxtpx:TrackPointExtension>
            <gpxtpx:hr>163</gpxtpx:hr>
          </gpxtpx:TrackPointExtension>
        </extensions>
      </trkpt>
      <trkpt lat="28.802590442363904" lon="115.87461405641962">
        <ele>36.90091988351196</ele>
        <time>1970-01-01T00:05:32.700000Z</time>
        <extensions>
          <gpxtpx:TrackPointExtension>
            <gpxtpx:hr>163</gpxtpx:hr>
          </gpxtpx:TrackPointExtension>
        </extensions>
      </trkpt>
      <trkpt lat="28.802616669150392" lon="115.8746074316201">
        <ele>36.92709104344249</ele>
        <time>1970-01-01T00:05:33.700000Z</time>
        <extensions>
          <gpxtpx:TrackPointExtension>
            <gpxtpx:hr>163</gpxtpx:hr>
          </gpxtpx:TrackPointExtension>
        </extensions>
      </trkpt>
      <trkpt lat="28.802642357940044" lon="115.87460156461493">
        <ele>36.95398916769773</ele>
        <time>1970-01-01T00:05:34.700000Z</time>
        <extensions>
          <gpxtpx:TrackPointExtension>
            <gpxtpx:hr>163</gpxtpx:hr>
          </gpxtpx:TrackPointExtension>
        </extensions>
      </trkpt>
      <trkpt lat="28.802666916690736" lon="115.8745969525655">
        <ele>36.98153875861317</ele>
        <time>1970-01-01T00:05:35.700000Z</time>
        <extensions>
          <gpxtpx:TrackPointExtension>
            <gpxtpx:hr>163</gpxtpx:hr>
          </gpxtpx:TrackPointExtension>
        </extensions>
      </trkpt>
      <trkpt lat="28.80269051686394" lon="115.87459349267971">
        <ele>37.00919321086258</ele>
        <time>1970-01-01T00:05:36.700000Z</time>
        <extensions>
          <gpxtpx:TrackPointExtension>
            <gpxtpx:hr>162</gpxtpx:hr>
          </gpxtpx:TrackPointExtension>
        </extensions>
      </trkpt>
      <trkpt lat="28.802713814568556" lon="115.87459106263302">
        <ele>37.03610598202795</ele>
        <time>1970-01-01T00:05:37.700000Z</time>
        <extensions>
          <gpxtpx:TrackPointExtension>
            <gpxtpx:hr>162</gpxtpx:hr>
          </gpxtpx:TrackPointExtension>
        </extensions>
      </trkpt>
      <trkpt lat="28.80273742389578" lon="115.8745890393762">
        <ele>37.06154506094754</ele>
        <time>1970-01-01T00:05:38.700000Z</time>
        <extensions>
          <gpxtpx:TrackPointExtension>
            <gpxtpx:hr>162</gpxtpx:hr>
          </gpxtpx:TrackPointExtension>
        </extensions>
      </trkpt>
      <trkpt lat="28.80276216528789" lon="115.87458657587705">
        <ele>37.08496942464262</ele>
        <time>1970-01-01T00:05:39.700000Z</time>
        <extensions>
          <gpxtpx:TrackPointExtension>
            <gpxtpx:hr>162</gpxtpx:hr>
          </gpxtpx:TrackPointExtension>
        </extensions>
      </trkpt>
      <trkpt lat="28.802788556719314" lon="115.87458354998725">
        <ele>37.10635441262275</ele>
        <time>1970-01-01T00:05:40.700000Z</time>
        <extensions>
          <gpxtpx:TrackPointExtension>
            <gpxtpx:hr>162</gpxtpx:hr>
          </gpxtpx:TrackPointExtension>
        </extensions>
      </trkpt>
      <trkpt lat="28.802815958520615" lon="115.87458015585877">
        <ele>37.12622553855181</ele>
        <time>1970-01-01T00:05:41.700000Z</time>
        <extensions>
          <gpxtpx:TrackPointExtension>
            <gpxtpx:hr>162</gpxtpx:hr>
          </gpxtpx:TrackPointExtension>
        </extensions>
      </trkpt>
      <trkpt lat="28.802843562865114" lon="115.8745767279313">
        <ele>37.14524912368506</ele>
        <time>1970-01-01T00:05:42.700000Z</time>
        <extensions>
          <gpxtpx:TrackPointExtension>
            <gpxtpx:hr>162</gpxtpx:hr>
          </gpxtpx:TrackPointExtension>
        </extensions>
      </trkpt>
      <trkpt lat="28.8028707652218" lon="115.87457376107986">
        <ele>37.163316486403346</ele>
        <time>1970-01-01T00:05:43.700000Z</time>
        <extensions>
          <gpxtpx:TrackPointExtension>
            <gpxtpx:hr>162</gpxtpx:hr>
          </gpxtpx:TrackPointExtension>
        </extensions>
      </trkpt>
      <trkpt lat="28.802897489419024" lon="115.87457160096791">
        <ele>37.18009707611054</ele>
        <time>1970-01-01T00:05:44.700000Z</time>
        <extensions>
          <gpxtpx:TrackPointExtension>
            <gpxtpx:hr>163</gpxtpx:hr>
          </gpxtpx:TrackPointExtension>
        </extensions>
      </trkpt>
      <trkpt lat="28.80292415969446" lon="115.87457027124265">
        <ele>37.195568131282926</ele>
        <time>1970-01-01T00:05:45.700000Z</time>
        <extensions>
          <gpxtpx:TrackPointExtension>
            <gpxtpx:hr>163</gpxtpx:hr>
          </gpxtpx:TrackPointExtension>
        </extensions>
      </trkpt>
      <trkpt lat="28.802951146192335" lon="115.87456866327967">
        <ele>37.21004983596504</ele>
        <time>1970-01-01T00:05:46.700000Z</time>
        <extensions>
          <gpxtpx:TrackPointExtension>
            <gpxtpx:hr>163</gpxtpx:hr>
          </gpxtpx:TrackPointExtension>
        </extensions>
      </trkpt>
      <trkpt lat="28.802978412796698" lon="115.87456622173853">
        <ele>37.22361503448337</ele>
        <time>1970-01-01T00:05:47.700000Z</time>
        <extensions>
          <gpxtpx:TrackPointExtension>
            <gpxtpx:hr>163</gpxtpx:hr>
          </gpxtpx:TrackPointExtension>
        </extensions>
      </trkpt>
      <trkpt lat="28.80300583874074" lon="115.87456364908724">
        <ele>37.236489264294505</ele>
        <time>1970-01-01T00:05:48.700000Z</time>
        <extensions>
          <gpxtpx:TrackPointExtension>
            <gpxtpx:hr>163</gpxtpx:hr>
          </gpxtpx:TrackPointExtension>
        </extensions>
      </trkpt>
      <trkpt lat="28.803033931078495" lon="115.87456152253327">
        <ele>37.248729159124196</ele>
        <time>1970-01-01T00:05:49.700000Z</time>
        <extensions>
          <gpxtpx:TrackPointExtension>
            <gpxtpx:hr>163</gpxtpx:hr>
          </gpxtpx:TrackPointExtension>
        </extensions>
      </trkpt>
      <trkpt lat="28.80306346113888" lon="115.87455986111773">
        <ele>37.260087008588016</ele>
        <time>1970-01-01T00:05:50.700000Z</time>
        <extensions>
          <gpxtpx:TrackPointExtension>
            <gpxtpx:hr>163</gpxtpx:hr>
          </gpxtpx:TrackPointExtension>
        </extensions>
      </trkpt>
      <trkpt lat="28.803094566175705" lon="115.87455870132146">
        <ele>37.27028757799417</ele>
        <time>1970-01-01T00:05:51.700000Z</time>
        <extensions>
          <gpxtpx:TrackPointExtension>
            <gpxtpx:hr>163</gpxtpx:hr>
          </gpxtpx:TrackPointExtension>
        </extensions>
      </trkpt>
      <trkpt lat="28.803126781293752" lon="115.87455807702523">
        <ele>37.279758921824396</ele>
        <time>1970-01-01T00:05:52.700000Z</time>
        <extensions>
          <gpxtpx:TrackPointExtension>
            <gpxtpx:hr>163</gpxtpx:hr>
          </gpxtpx:TrackPointExtension>
        </extensions>
      </trkpt>
      <trkpt lat="28.80315908256195" lon="115.87455778303297">
        <ele>37.28921054396778</ele>
        <time>1970-01-01T00:05:53.700000Z</time>
        <extensions>
          <gpxtpx:TrackPointExtension>
            <gpxtpx:hr>163</gpxtpx:hr>
          </gpxtpx:TrackPointExtension>
        </extensions>
      </trkpt>
      <trkpt lat="28.80319038259331" lon="115.87455729515978">
        <ele>37.299588427878916</ele>
        <time>1970-01-01T00:05:54.700000Z</time>
        <extensions>
          <gpxtpx:TrackPointExtension>
            <gpxtpx:hr>163</gpxtpx:hr>
          </gpxtpx:TrackPointExtension>
        </extensions>
      </trkpt>
      <trkpt lat="28.80322066763985" lon="115.87455594645917">
        <ele>37.31199683062732</ele>
        <time>1970-01-01T00:05:55.700000Z</time>
        <extensions>
          <gpxtpx:TrackPointExtension>
            <gpxtpx:hr>163</gpxtpx:hr>
          </gpxtpx:TrackPointExtension>
        </extensions>
      </trkpt>
      <trkpt lat="28.8032503748536" lon="115.87455325176295">
        <ele>37.327506905421615</ele>
        <time>1970-01-01T00:05:56.700000Z</time>
        <extensions>
          <gpxtpx:TrackPointExtension>
            <gpxtpx:hr>163</gpxtpx:hr>
          </gpxtpx:TrackPointExtension>
        </extensions>
      </trkpt>
      <trkpt lat="28.80327910043876" lon="115.874549242392">
        <ele>37.346145218238235</ele>
        <time>1970-01-01T00:05:57.700000Z</time>
        <extensions>
          <gpxtpx:TrackPointExtension>
            <gpxtpx:hr>162</gpxtpx:hr>
          </gpxtpx:TrackPointExtension>
        </extensions>
      </trkpt>
      <trkpt lat="28.803306518661326" lon="115.8745448713097">
        <ele>37.367113969288766</ele>
        <time>1970-01-01T00:05:58.700000Z</time>
        <extensions>
          <gpxtpx:TrackPointExtension>
            <gpxtpx:hr>162</gpxtpx:hr>
          </gpxtpx:TrackPointExtension>
        </extensions>
      </trkpt>
      <trkpt lat="28.80333291956838" lon="115.87454082840254">
        <ele>37.38914396893233</ele>
        <time>1970-01-01T00:05:59.700000Z</time>
        <extensions>
          <gpxtpx:TrackPointExtension>
            <gpxtpx:hr>162</gpxtpx:hr>
          </gpxtpx:TrackPointExtension>
        </extensions>
      </trkpt>
      <trkpt lat="28.803358285292852" lon="115.87453750834814">
        <ele>37.41075098793954</ele>
        <time>1970-01-01T00:06:00.700000Z</time>
        <extensions>
          <gpxtpx:TrackPointExtension>
            <gpxtpx:hr>162</gpxtpx:hr>
          </gpxtpx:TrackPointExtension>
        </extensions>
      </trkpt>
      <trkpt lat="28.803383200550726" lon="115.87453518825116">
        <ele>37.43030313029885</ele>
        <time>1970-01-01T00:06:01.700000Z</time>
        <extensions>
          <gpxtpx:TrackPointExtension>
            <gpxtpx:hr>162</gpxtpx:hr>
          </gpxtpx:TrackPointExtension>
        </extensions>
      </trkpt>
      <trkpt lat="28.803408568313944" lon="115.87453382559924">
        <ele>37.44729114416987</ele>
        <time>1970-01-01T00:06:02.700000Z</time>
        <extensions>
          <gpxtpx:TrackPointExtension>
            <gpxtpx:hr>160</gpxtpx:hr>
          </gpxtpx:TrackPointExtension>
        </extensions>
      </trkpt>
      <trkpt lat="28.803434589766983" lon="115.8745332106953">
        <ele>37.46245957352221</ele>
        <time>1970-01-01T00:06:03.700000Z</time>
        <extensions>
          <gpxtpx:TrackPointExtension>
            <gpxtpx:hr>160</gpxtpx:hr>
          </gpxtpx:TrackPointExtension>
        </extensions>
      </trkpt>
      <trkpt lat="28.80346133519716" lon="115.87453291303306">
        <ele>37.47720349300653</ele>
        <time>1970-01-01T00:06:04.700000Z</time>
        <extensions>
          <gpxtpx:TrackPointExtension>
            <gpxtpx:hr>160</gpxtpx:hr>
          </gpxtpx:TrackPointExtension>
        </extensions>
      </trkpt>
      <trkpt lat="28.803488903667933" lon="115.87453276351333">
        <ele>37.49324956536293</ele>
        <time>1970-01-01T00:06:05.700000Z</time>
        <extensions>
          <gpxtpx:TrackPointExtension>
            <gpxtpx:hr>160</gpxtpx:hr>
          </gpxtpx:TrackPointExtension>
        </extensions>
      </trkpt>
      <trkpt lat="28.803516700521616" lon="115.8745329261737">
        <ele>37.512074675410986</ele>
        <time>1970-01-01T00:06:06.700000Z</time>
        <extensions>
          <gpxtpx:TrackPointExtension>
            <gpxtpx:hr>161</gpxtpx:hr>
          </gpxtpx:TrackPointExtension>
        </extensions>
      </trkpt>
      <trkpt lat="28.803544046563523" lon="115.87453388621961">
        <ele>37.53393794503063</ele>
        <time>1970-01-01T00:06:07.700000Z</time>
        <extensions>
          <gpxtpx:TrackPointExtension>
            <gpxtpx:hr>161</gpxtpx:hr>
          </gpxtpx:TrackPointExtension>
        </extensions>
      </trkpt>
      <trkpt lat="28.803570473906184" lon="115.87453574075462">
        <ele>37.55759525578469</ele>
        <time>1970-01-01T00:06:08.700000Z</time>
        <extensions>
          <gpxtpx:TrackPointExtension>
            <gpxtpx:hr>161</gpxtpx:hr>
          </gpxtpx:TrackPointExtension>
        </extensions>
      </trkpt>
      <trkpt lat="28.803595964128498" lon="115.87453771510884">
        <ele>37.5810930300504</ele>
        <time>1970-01-01T00:06:09.700000Z</time>
        <extensions>
          <gpxtpx:TrackPointExtension>
            <gpxtpx:hr>161</gpxtpx:hr>
          </gpxtpx:TrackPointExtension>
        </extensions>
      </trkpt>
      <trkpt lat="28.803621116056586" lon="115.87453907616128">
        <ele>37.60194881260395</ele>
        <time>1970-01-01T00:06:10.700000Z</time>
        <extensions>
          <gpxtpx:TrackPointExtension>
            <gpxtpx:hr>161</gpxtpx:hr>
          </gpxtpx:TrackPointExtension>
        </extensions>
      </trkpt>
      <trkpt lat="28.80364632455402" lon="115.87453980365696">
        <ele>37.6184617690742</ele>
        <time>1970-01-01T00:06:11.700000Z</time>
        <extensions>
          <gpxtpx:TrackPointExtension>
            <gpxtpx:hr>161</gpxtpx:hr>
          </gpxtpx:TrackPointExtension>
        </extensions>
      </trkpt>
      <trkpt lat="28.80367164111419" lon="115.8745404664568">
        <ele>37.62969515938312</ele>
        <time>1970-01-01T00:06:12.700000Z</time>
        <extensions>
          <gpxtpx:TrackPointExtension>
            <gpxtpx:hr>161</gpxtpx:hr>
          </gpxtpx:TrackPointExtension>
        </extensions>
      </trkpt>
      <trkpt lat="28.80369730220597" lon="115.87454184172528">
        <ele>37.63818812929094</ele>
        <time>1970-01-01T00:06:13.700000Z</time>
        <extensions>
          <gpxtpx:TrackPointExtension>
            <gpxtpx:hr>161</gpxtpx:hr>
          </gpxtpx:TrackPointExtension>
        </extensions>
      </trkpt>
      <trkpt lat="28.80372329774729" lon="115.87454439221291">
        <ele>37.64529179595411</ele>
        <time>1970-01-01T00:06:14.700000Z</time>
        <extensions>
          <gpxtpx:TrackPointExtension>
            <gpxtpx:hr>161</gpxtpx:hr>
          </gpxtpx:TrackPointExtension>
        </extensions>
      </trkpt>
      <trkpt lat="28.803749441542703" lon="115.87454761656188">
        <ele>37.6536161582917</ele>
        <time>1970-01-01T00:06:15.700000Z</time>
        <extensions>
          <gpxtpx:TrackPointExtension>
            <gpxtpx:hr>162</gpxtpx:hr>
          </gpxtpx:TrackPointExtension>
        </extensions>
      </trkpt>
      <trkpt lat="28.803775606196783" lon="115.87455070445588">
        <ele>37.665669072419405</ele>
        <time>1970-01-01T00:06:16.700000Z</time>
        <extensions>
          <gpxtpx:TrackPointExtension>
            <gpxtpx:hr>162</gpxtpx:hr>
          </gpxtpx:TrackPointExtension>
        </extensions>
      </trkpt>
      <trkpt lat="28.803801403815967" lon="115.87455319641842">
        <ele>37.68319536279887</ele>
        <time>1970-01-01T00:06:17.700000Z</time>
        <extensions>
          <gpxtpx:TrackPointExtension>
            <gpxtpx:hr>162</gpxtpx:hr>
          </gpxtpx:TrackPointExtension>
        </extensions>
      </trkpt>
      <trkpt lat="28.803826829003043" lon="115.87455476483316">
        <ele>37.706670991145074</ele>
        <time>1970-01-01T00:06:18.700000Z</time>
        <extensions>
          <gpxtpx:TrackPointExtension>
            <gpxtpx:hr>162</gpxtpx:hr>
          </gpxtpx:TrackPointExtension>
        </extensions>
      </trkpt>
      <trkpt lat="28.803852471238805" lon="115.87455554124813">
        <ele>37.734719661064446</ele>
        <time>1970-01-01T00:06:19.700000Z</time>
        <extensions>
          <gpxtpx:TrackPointExtension>
            <gpxtpx:hr>162</gpxtpx:hr>
          </gpxtpx:TrackPointExtension>
        </extensions>
      </trkpt>
      <trkpt lat="28.803879025770286" lon="115.87455607246966">
        <ele>37.76459668017924</ele>
        <time>1970-01-01T00:06:20.700000Z</time>
        <extensions>
          <gpxtpx:TrackPointExtension>
            <gpxtpx:hr>162</gpxtpx:hr>
          </gpxtpx:TrackPointExtension>
        </extensions>
      </trkpt>
      <trkpt lat="28.803906719532787" lon="115.87455701355344">
        <ele>37.79310524370521</ele>
        <time>1970-01-01T00:06:21.700000Z</time>
        <extensions>
          <gpxtpx:TrackPointExtension>
            <gpxtpx:hr>162</gpxtpx:hr>
          </gpxtpx:TrackPointExtension>
        </extensions>
      </trkpt>
      <trkpt lat="28.803936366771524" lon="115.87455844462066">
        <ele>37.81671535782516</ele>
        <time>1970-01-01T00:06:22.800000Z</time>
        <extensions>
          <gpxtpx:TrackPointExtension>
            <gpxtpx:hr>164</gpxtpx:hr>
          </gpxtpx:TrackPointExtension>
        </extensions>
      </trkpt>
      <trkpt lat="28.80396326104445" lon="115.8745596190077">
        <ele>37.83034947887063</ele>
        <time>1970-01-01T00:06:23.700000Z</time>
        <extensions>
          <gpxtpx:TrackPointExtension>
            <gpxtpx:hr>164</gpxtpx:hr>
          </gpxtpx:TrackPointExtension>
        </extensions>
      </trkpt>
      <trkpt lat="28.803991034650224" lon="115.87456065164281">
        <ele>37.836948652751744</ele>
        <time>1970-01-01T00:06:24.700000Z</time>
        <extensions>
          <gpxtpx:TrackPointExtension>
            <gpxtpx:hr>164</gpxtpx:hr>
          </gpxtpx:TrackPointExtension>
        </extensions>
      </trkpt>
      <trkpt lat="28.8040185607806" lon="115.87456183577265">
        <ele>37.83736170362681</ele>
        <time>1970-01-01T00:06:25.700000Z</time>
        <extensions>
          <gpxtpx:TrackPointExtension>
            <gpxtpx:hr>164</gpxtpx:hr>
          </gpxtpx:TrackPointExtension>
        </extensions>
      </trkpt>
      <trkpt lat="28.804045895865233" lon="115.87456353152936">
        <ele>37.833116037771106</ele>
        <time>1970-01-01T00:06:26.700000Z</time>
        <extensions>
          <gpxtpx:TrackPointExtension>
            <gpxtpx:hr>164</gpxtpx:hr>
          </gpxtpx:TrackPointExtension>
        </extensions>
      </trkpt>
      <trkpt lat="28.804072988987205" lon="115.87456574793974">
        <ele>37.826107122935355</ele>
        <time>1970-01-01T00:06:27.700000Z</time>
        <extensions>
          <gpxtpx:TrackPointExtension>
            <gpxtpx:hr>163</gpxtpx:hr>
          </gpxtpx:TrackPointExtension>
        </extensions>
      </trkpt>
      <trkpt lat="28.804099676536495" lon="115.87456810270663">
        <ele>37.819069656543434</ele>
        <time>1970-01-01T00:06:28.700000Z</time>
        <extensions>
          <gpxtpx:TrackPointExtension>
            <gpxtpx:hr>163</gpxtpx:hr>
          </gpxtpx:TrackPointExtension>
        </extensions>
      </trkpt>
      <trkpt lat="28.804126172072984" lon="115.87457043217505">
        <ele>37.81431609392166</ele>
        <time>1970-01-01T00:06:29.700000Z</time>
        <extensions>
          <gpxtpx:TrackPointExtension>
            <gpxtpx:hr>163</gpxtpx:hr>
          </gpxtpx:TrackPointExtension>
        </extensions>
      </trkpt>
      <trkpt lat="28.804152698444838" lon="115.87457345132151">
        <ele>37.81389307323843</ele>
        <time>1970-01-01T00:06:30.700000Z</time>
        <extensions>
          <gpxtpx:TrackPointExtension>
            <gpxtpx:hr>163</gpxtpx:hr>
          </gpxtpx:TrackPointExtension>
        </extensions>
      </trkpt>
      <trkpt lat="28.804179071623803" lon="115.87457799465942">
        <ele>37.81906785070896</ele>
        <time>1970-01-01T00:06:31.700000Z</time>
        <extensions>
          <gpxtpx:TrackPointExtension>
            <gpxtpx:hr>163</gpxtpx:hr>
          </gpxtpx:TrackPointExtension>
        </extensions>
      </trkpt>
      <trkpt lat="28.804204985897695" lon="115.8745838435004">
        <ele>37.83004809450358</ele>
        <time>1970-01-01T00:06:32.700000Z</time>
        <extensions>
          <gpxtpx:TrackPointExtension>
            <gpxtpx:hr>163</gpxtpx:hr>
          </gpxtpx:TrackPointExtension>
        </extensions>
      </trkpt>
      <trkpt lat="28.80423031731103" lon="115.87459029233361">
        <ele>37.845505016855896</ele>
        <time>1970-01-01T00:06:33.700000Z</time>
        <extensions>
          <gpxtpx:TrackPointExtension>
            <gpxtpx:hr>163</gpxtpx:hr>
          </gpxtpx:TrackPointExtension>
        </extensions>
      </trkpt>
      <trkpt lat="28.80425524960542" lon="115.87459709451407">
        <ele>37.86333482153714</ele>
        <time>1970-01-01T00:06:34.700000Z</time>
        <extensions>
          <gpxtpx:TrackPointExtension>
            <gpxtpx:hr>163</gpxtpx:hr>
          </gpxtpx:TrackPointExtension>
        </extensions>
      </trkpt>
      <trkpt lat="28.804280003632226" lon="115.87460419820557">
        <ele>37.88093054480851</ele>
        <time>1970-01-01T00:06:35.700000Z</time>
        <extensions>
          <gpxtpx:TrackPointExtension>
            <gpxtpx:hr>163</gpxtpx:hr>
          </gpxtpx:TrackPointExtension>
        </extensions>
      </trkpt>
      <trkpt lat="28.804304902573804" lon="115.8746112477672">
        <ele>37.89591011684388</ele>
        <time>1970-01-01T00:06:36.700000Z</time>
        <extensions>
          <gpxtpx:TrackPointExtension>
            <gpxtpx:hr>162</gpxtpx:hr>
          </gpxtpx:TrackPointExtension>
        </extensions>
      </trkpt>
      <trkpt lat="28.80433038006841" lon="115.87461826689997">
        <ele>37.9066510675475</ele>
        <time>1970-01-01T00:06:37.700000Z</time>
        <extensions>
          <gpxtpx:TrackPointExtension>
            <gpxtpx:hr>162</gpxtpx:hr>
          </gpxtpx:TrackPointExtension>
        </extensions>
      </trkpt>
      <trkpt lat="28.804356559126774" lon="115.87462571623549">
        <ele>37.912698740139604</ele>
        <time>1970-01-01T00:06:38.700000Z</time>
        <extensions>
          <gpxtpx:TrackPointExtension>
            <gpxtpx:hr>162</gpxtpx:hr>
          </gpxtpx:TrackPointExtension>
        </extensions>
      </trkpt>
      <trkpt lat="28.804383044834776" lon="115.87463363727335">
        <ele>37.91499386448413</ele>
        <time>1970-01-01T00:06:39.700000Z</time>
        <extensions>
          <gpxtpx:TrackPointExtension>
            <gpxtpx:hr>162</gpxtpx:hr>
          </gpxtpx:TrackPointExtension>
        </extensions>
      </trkpt>
      <trkpt lat="28.80440944607165" lon="115.87464183741079">
        <ele>37.92104828171432</ele>
        <time>1970-01-01T00:06:40.700000Z</time>
        <extensions>
          <gpxtpx:TrackPointExtension>
            <gpxtpx:hr>162</gpxtpx:hr>
          </gpxtpx:TrackPointExtension>
        </extensions>
      </trkpt>
      <trkpt lat="28.80443548184083" lon="115.8746501027734">
        <ele>37.92260512523353</ele>
        <time>1970-01-01T00:06:41.700000Z</time>
        <extensions>
          <gpxtpx:TrackPointExtension>
            <gpxtpx:hr>162</gpxtpx:hr>
          </gpxtpx:TrackPointExtension>
        </extensions>
      </trkpt>
      <trkpt lat="28.804461202985642" lon="115.87465795528365">
        <ele>37.897795267403126</ele>
        <time>1970-01-01T00:06:42.700000Z</time>
        <extensions>
          <gpxtpx:TrackPointExtension>
            <gpxtpx:hr>162</gpxtpx:hr>
          </gpxtpx:TrackPointExtension>
        </extensions>
      </trkpt>
      <trkpt lat="28.8044872464675" lon="115.87466520071412">
        <ele>37.86614170484245</ele>
        <time>1970-01-01T00:06:43.700000Z</time>
        <extensions>
          <gpxtpx:TrackPointExtension>
            <gpxtpx:hr>161</gpxtpx:hr>
          </gpxtpx:TrackPointExtension>
        </extensions>
      </trkpt>
      <trkpt lat="28.804513581000435" lon="115.87467181684845">
        <ele>37.75073120370507</ele>
        <time>1970-01-01T00:06:44.700000Z</time>
        <extensions>
          <gpxtpx:TrackPointExtension>
            <gpxtpx:hr>161</gpxtpx:hr>
          </gpxtpx:TrackPointExtension>
        </extensions>
      </trkpt>
      <trkpt lat="28.80453967615794" lon="115.87467778028935">
        <ele>37.67310099955648</ele>
        <time>1970-01-01T00:06:45.700000Z</time>
        <extensions>
          <gpxtpx:TrackPointExtension>
            <gpxtpx:hr>161</gpxtpx:hr>
          </gpxtpx:TrackPointExtension>
        </extensions>
      </trkpt>
      <trkpt lat="28.804565346093092" lon="115.8746836291729">
        <ele>37.58830925729126</ele>
        <time>1970-01-01T00:06:46.700000Z</time>
        <extensions>
          <gpxtpx:TrackPointExtension>
            <gpxtpx:hr>163</gpxtpx:hr>
          </gpxtpx:TrackPointExtension>
        </extensions>
      </trkpt>
      <trkpt lat="28.804590627973482" lon="115.8746896216888">
        <ele>37.500574425794184</ele>
        <time>1970-01-01T00:06:47.700000Z</time>
        <extensions>
          <gpxtpx:TrackPointExtension>
            <gpxtpx:hr>163</gpxtpx:hr>
          </gpxtpx:TrackPointExtension>
        </extensions>
      </trkpt>
      <trkpt lat="28.804615721856532" lon="115.87469563517838">
        <ele>37.41744146309793</ele>
        <time>1970-01-01T00:06:48.700000Z</time>
        <extensions>
          <gpxtpx:TrackPointExtension>
            <gpxtpx:hr>163</gpxtpx:hr>
          </gpxtpx:TrackPointExtension>
        </extensions>
      </trkpt>
      <trkpt lat="28.804640930561522" lon="115.87470203086357">
        <ele>37.35414013918489</ele>
        <time>1970-01-01T00:06:49.700000Z</time>
        <extensions>
          <gpxtpx:TrackPointExtension>
            <gpxtpx:hr>163</gpxtpx:hr>
          </gpxtpx:TrackPointExtension>
        </extensions>
      </trkpt>
      <trkpt lat="28.80466711650818" lon="115.87470963218968">
        <ele>37.339636040851474</ele>
        <time>1970-01-01T00:06:50.700000Z</time>
        <extensions>
          <gpxtpx:TrackPointExtension>
            <gpxtpx:hr>164</gpxtpx:hr>
          </gpxtpx:TrackPointExtension>
        </extensions>
      </trkpt>
      <trkpt lat="28.8046968514381" lon="115.87471961147581">
        <ele>37.42044808808714</ele>
        <time>1970-01-01T00:06:51.700000Z</time>
        <extensions>
          <gpxtpx:TrackPointExtension>
            <gpxtpx:hr>164</gpxtpx:hr>
          </gpxtpx:TrackPointExtension>
        </extensions>
      </trkpt>
      <trkpt lat="28.805049175792398" lon="115.87485723956733">
        <ele>39.23209141753614</ele>
        <time>1970-01-01T00:07:07.100000Z</time>
        <extensions>
          <gpxtpx:TrackPointExtension>
            <gpxtpx:hr>168</gpxtpx:hr>
          </gpxtpx:TrackPointExtension>
        </extensions>
      </trkpt>
      <trkpt lat="28.805064520240716" lon="115.87485855462249">
        <ele>39.238337880931795</ele>
        <time>1970-01-01T00:07:08.100000Z</time>
        <extensions>
          <gpxtpx:TrackPointExtension>
            <gpxtpx:hr>168</gpxtpx:hr>
          </gpxtpx:TrackPointExtension>
        </extensions>
      </trkpt>
      <trkpt lat="28.805075350358916" lon="115.87485905400555">
        <ele>39.14167065080255</ele>
        <time>1970-01-01T00:07:09.100000Z</time>
        <extensions>
          <gpxtpx:TrackPointExtension>
            <gpxtpx:hr>168</gpxtpx:hr>
          </gpxtpx:TrackPointExtension>
        </extensions>
      </trkpt>
      <trkpt lat="28.805090513887077" lon="115.87486248386602">
        <ele>38.997623516246676</ele>
        <time>1970-01-01T00:07:10.100000Z</time>
        <extensions>
          <gpxtpx:TrackPointExtension>
            <gpxtpx:hr>168</gpxtpx:hr>
          </gpxtpx:TrackPointExtension>
        </extensions>
      </trkpt>
      <trkpt lat="28.805104921628338" lon="115.8748664102068">
        <ele>38.898303059861064</ele>
        <time>1970-01-01T00:07:10.800000Z</time>
        <extensions>
          <gpxtpx:TrackPointExtension>
            <gpxtpx:hr>168</gpxtpx:hr>
          </gpxtpx:TrackPointExtension>
        </extensions>
      </trkpt>
      <trkpt lat="28.80513030054123" lon="115.87487368213911">
        <ele>38.76250714156777</ele>
        <time>1970-01-01T00:07:11.800000Z</time>
        <extensions>
          <gpxtpx:TrackPointExtension>
            <gpxtpx:hr>168</gpxtpx:hr>
          </gpxtpx:TrackPointExtension>
        </extensions>
      </trkpt>
      <trkpt lat="28.805158195984536" lon="115.8748813209539">
        <ele>38.65588546078652</ele>
        <time>1970-01-01T00:07:12.800000Z</time>
        <extensions>
          <gpxtpx:TrackPointExtension>
            <gpxtpx:hr>168</gpxtpx:hr>
          </gpxtpx:TrackPointExtension>
        </extensions>
      </trkpt>
      <trkpt lat="28.8051872493516" lon="115.87488888152005">
        <ele>38.57827842980623</ele>
        <time>1970-01-01T00:07:13.800000Z</time>
        <extensions>
          <gpxtpx:TrackPointExtension>
            <gpxtpx:hr>168</gpxtpx:hr>
          </gpxtpx:TrackPointExtension>
        </extensions>
      </trkpt>
      <trkpt lat="28.805216210834278" lon="115.87489612828941">
        <ele>38.526342729106545</ele>
        <time>1970-01-01T00:07:14.800000Z</time>
        <extensions>
          <gpxtpx:TrackPointExtension>
            <gpxtpx:hr>168</gpxtpx:hr>
          </gpxtpx:TrackPointExtension>
        </extensions>
      </trkpt>
      <trkpt lat="28.8052454809038" lon="115.87490359138567">
        <ele>38.49562405142933</ele>
        <time>1970-01-01T00:07:15.800000Z</time>
        <extensions>
          <gpxtpx:TrackPointExtension>
            <gpxtpx:hr>168</gpxtpx:hr>
          </gpxtpx:TrackPointExtension>
        </extensions>
      </trkpt>
      <trkpt lat="28.805274887247016" lon="115.8749114169247">
        <ele>38.48095856979489</ele>
        <time>1970-01-01T00:07:16.800000Z</time>
        <extensions>
          <gpxtpx:TrackPointExtension>
            <gpxtpx:hr>168</gpxtpx:hr>
          </gpxtpx:TrackPointExtension>
        </extensions>
      </trkpt>
      <trkpt lat="28.80530398177369" lon="115.87491983174476">
        <ele>38.477685642428696</ele>
        <time>1970-01-01T00:07:17.800000Z</time>
        <extensions>
          <gpxtpx:TrackPointExtension>
            <gpxtpx:hr>167</gpxtpx:hr>
          </gpxtpx:TrackPointExtension>
        </extensions>
      </trkpt>
      <trkpt lat="28.8053322561527" lon="115.87492873404481">
        <ele>38.48206846229732</ele>
        <time>1970-01-01T00:07:18.800000Z</time>
        <extensions>
          <gpxtpx:TrackPointExtension>
            <gpxtpx:hr>167</gpxtpx:hr>
          </gpxtpx:TrackPointExtension>
        </extensions>
      </trkpt>
      <trkpt lat="28.8053598774572" lon="115.8749380939715">
        <ele>38.49139740597457</ele>
        <time>1970-01-01T00:07:19.800000Z</time>
        <extensions>
          <gpxtpx:TrackPointExtension>
            <gpxtpx:hr>167</gpxtpx:hr>
          </gpxtpx:TrackPointExtension>
        </extensions>
      </trkpt>
      <trkpt lat="28.80538675183886" lon="115.87494780043367">
        <ele>38.503259809687734</ele>
        <time>1970-01-01T00:07:20.800000Z</time>
        <extensions>
          <gpxtpx:TrackPointExtension>
            <gpxtpx:hr>167</gpxtpx:hr>
          </gpxtpx:TrackPointExtension>
        </extensions>
      </trkpt>
      <trkpt lat="28.805412639411475" lon="115.87495833762789">
        <ele>38.51661383360624</ele>
        <time>1970-01-01T00:07:21.800000Z</time>
        <extensions>
          <gpxtpx:TrackPointExtension>
            <gpxtpx:hr>167</gpxtpx:hr>
          </gpxtpx:TrackPointExtension>
        </extensions>
      </trkpt>
      <trkpt lat="28.805437816375782" lon="115.87496966264898">
        <ele>38.53167636971921</ele>
        <time>1970-01-01T00:07:22.800000Z</time>
        <extensions>
          <gpxtpx:TrackPointExtension>
            <gpxtpx:hr>168</gpxtpx:hr>
          </gpxtpx:TrackPointExtension>
        </extensions>
      </trkpt>
      <trkpt lat="28.805462537802907" lon="115.87498230097566">
        <ele>38.54941667523235</ele>
        <time>1970-01-01T00:07:23.800000Z</time>
        <extensions>
          <gpxtpx:TrackPointExtension>
            <gpxtpx:hr>168</gpxtpx:hr>
          </gpxtpx:TrackPointExtension>
        </extensions>
      </trkpt>
      <trkpt lat="28.805490509050568" lon="115.8750026489639">
        <ele>38.57124996278435</ele>
        <time>1970-01-01T00:07:24.800000Z</time>
        <extensions>
          <gpxtpx:TrackPointExtension>
            <gpxtpx:hr>168</gpxtpx:hr>
          </gpxtpx:TrackPointExtension>
        </extensions>
      </trkpt>
      <trkpt lat="28.805517066918398" lon="115.8750200789158">
        <ele>38.59777984302491</ele>
        <time>1970-01-01T00:07:25.800000Z</time>
        <extensions>
          <gpxtpx:TrackPointExtension>
            <gpxtpx:hr>168</gpxtpx:hr>
          </gpxtpx:TrackPointExtension>
        </extensions>
      </trkpt>
      <trkpt lat="28.805544595398263" lon="115.87503802149108">
        <ele>38.628330753184855</ele>
        <time>1970-01-01T00:07:26.800000Z</time>
        <extensions>
          <gpxtpx:TrackPointExtension>
            <gpxtpx:hr>168</gpxtpx:hr>
          </gpxtpx:TrackPointExtension>
        </extensions>
      </trkpt>
      <trkpt lat="28.80557281956974" lon="115.87505616568177">
        <ele>38.66083812713623</ele>
        <time>1970-01-01T00:07:27.800000Z</time>
        <extensions>
          <gpxtpx:TrackPointExtension>
            <gpxtpx:hr>168</gpxtpx:hr>
          </gpxtpx:TrackPointExtension>
        </extensions>
      </trkpt>
      <trkpt lat="28.805600578527013" lon="115.87507406643725">
        <ele>38.69263216108084</ele>
        <time>1970-01-01T00:07:28.800000Z</time>
        <extensions>
          <gpxtpx:TrackPointExtension>
            <gpxtpx:hr>168</gpxtpx:hr>
          </gpxtpx:TrackPointExtension>
        </extensions>
      </trkpt>
      <trkpt lat="28.80562734114213" lon="115.87509110136249">
        <ele>38.72102681733668</ele>
        <time>1970-01-01T00:07:29.800000Z</time>
        <extensions>
          <gpxtpx:TrackPointExtension>
            <gpxtpx:hr>168</gpxtpx:hr>
          </gpxtpx:TrackPointExtension>
        </extensions>
      </trkpt>
      <trkpt lat="28.805653043863284" lon="115.87510679468039">
        <ele>38.74385459534824</ele>
        <time>1970-01-01T00:07:30.800000Z</time>
        <extensions>
          <gpxtpx:TrackPointExtension>
            <gpxtpx:hr>167</gpxtpx:hr>
          </gpxtpx:TrackPointExtension>
        </extensions>
      </trkpt>
      <trkpt lat="28.805677748867762" lon="115.8751215577171">
        <ele>38.760006970725954</ele>
        <time>1970-01-01T00:07:31.800000Z</time>
        <extensions>
          <gpxtpx:TrackPointExtension>
            <gpxtpx:hr>167</gpxtpx:hr>
          </gpxtpx:TrackPointExtension>
        </extensions>
      </trkpt>
      <trkpt lat="28.80570210468837" lon="115.87513559353745">
        <ele>38.76951760239899</ele>
        <time>1970-01-01T00:07:32.800000Z</time>
        <extensions>
          <gpxtpx:TrackPointExtension>
            <gpxtpx:hr>167</gpxtpx:hr>
          </gpxtpx:TrackPointExtension>
        </extensions>
      </trkpt>
      <trkpt lat="28.8057264551886" lon="115.87514969986816">
        <ele>38.77327303122729</ele>
        <time>1970-01-01T00:07:33.800000Z</time>
        <extensions>
          <gpxtpx:TrackPointExtension>
            <gpxtpx:hr>167</gpxtpx:hr>
          </gpxtpx:TrackPointExtension>
        </extensions>
      </trkpt>
      <trkpt lat="28.805751407725904" lon="115.87516416322565">
        <ele>38.77271976042539</ele>
        <time>1970-01-01T00:07:34.800000Z</time>
        <extensions>
          <gpxtpx:TrackPointExtension>
            <gpxtpx:hr>167</gpxtpx:hr>
          </gpxtpx:TrackPointExtension>
        </extensions>
      </trkpt>
      <trkpt lat="28.805776802657995" lon="115.87517782570045">
        <ele>38.77006847411394</ele>
        <time>1970-01-01T00:07:35.800000Z</time>
        <extensions>
          <gpxtpx:TrackPointExtension>
            <gpxtpx:hr>167</gpxtpx:hr>
          </gpxtpx:TrackPointExtension>
        </extensions>
      </trkpt>
      <trkpt lat="28.80580282890937" lon="115.87519043383007">
        <ele>38.767507213167846</ele>
        <time>1970-01-01T00:07:36.800000Z</time>
        <extensions>
          <gpxtpx:TrackPointExtension>
            <gpxtpx:hr>167</gpxtpx:hr>
          </gpxtpx:TrackPointExtension>
        </extensions>
      </trkpt>
      <trkpt lat="28.805828965369734" lon="115.87520220456992">
        <ele>38.766469803638756</ele>
        <time>1970-01-01T00:07:37.800000Z</time>
        <extensions>
          <gpxtpx:TrackPointExtension>
            <gpxtpx:hr>169</gpxtpx:hr>
          </gpxtpx:TrackPointExtension>
        </extensions>
      </trkpt>
      <trkpt lat="28.805855005527878" lon="115.87521375963776">
        <ele>38.76690839137882</ele>
        <time>1970-01-01T00:07:38.800000Z</time>
        <extensions>
          <gpxtpx:TrackPointExtension>
            <gpxtpx:hr>169</gpxtpx:hr>
          </gpxtpx:TrackPointExtension>
        </extensions>
      </trkpt>
      <trkpt lat="28.805880778698548" lon="115.87522566365365">
        <ele>38.76825428009033</ele>
        <time>1970-01-01T00:07:39.800000Z</time>
        <extensions>
          <gpxtpx:TrackPointExtension>
            <gpxtpx:hr>169</gpxtpx:hr>
          </gpxtpx:TrackPointExtension>
        </extensions>
      </trkpt>
      <trkpt lat="28.805905680541997" lon="115.87523744548355">
        <ele>38.7699521034956</ele>
        <time>1970-01-01T00:07:40.800000Z</time>
        <extensions>
          <gpxtpx:TrackPointExtension>
            <gpxtpx:hr>169</gpxtpx:hr>
          </gpxtpx:TrackPointExtension>
        </extensions>
      </trkpt>
      <trkpt lat="28.80592964024287" lon="115.87524866818718">
        <ele>38.771630408242345</ele>
        <time>1970-01-01T00:07:41.800000Z</time>
        <extensions>
          <gpxtpx:TrackPointExtension>
            <gpxtpx:hr>169</gpxtpx:hr>
          </gpxtpx:TrackPointExtension>
        </extensions>
      </trkpt>
      <trkpt lat="28.805953152816954" lon="115.8752598666452">
        <ele>38.77281751204282</ele>
        <time>1970-01-01T00:07:42.800000Z</time>
        <extensions>
          <gpxtpx:TrackPointExtension>
            <gpxtpx:hr>168</gpxtpx:hr>
          </gpxtpx:TrackPointExtension>
        </extensions>
      </trkpt>
      <trkpt lat="28.80597632180144" lon="115.87527142900943">
        <ele>38.77420804742724</ele>
        <time>1970-01-01T00:07:43.800000Z</time>
        <extensions>
          <gpxtpx:TrackPointExtension>
            <gpxtpx:hr>168</gpxtpx:hr>
          </gpxtpx:TrackPointExtension>
        </extensions>
      </trkpt>
      <trkpt lat="28.805999607615245" lon="115.87528290701924">
        <ele>38.77642587479204</ele>
        <time>1970-01-01T00:07:44.800000Z</time>
        <extensions>
          <gpxtpx:TrackPointExtension>
            <gpxtpx:hr>168</gpxtpx:hr>
          </gpxtpx:TrackPointExtension>
        </extensions>
      </trkpt>
      <trkpt lat="28.806022871193722" lon="115.8752933572442">
        <ele>38.77958134189248</ele>
        <time>1970-01-01T00:07:45.800000Z</time>
        <extensions>
          <gpxtpx:TrackPointExtension>
            <gpxtpx:hr>168</gpxtpx:hr>
          </gpxtpx:TrackPointExtension>
        </extensions>
      </trkpt>
      <trkpt lat="28.806045683351467" lon="115.87530277745391">
        <ele>38.783515056595206</ele>
        <time>1970-01-01T00:07:46.800000Z</time>
        <extensions>
          <gpxtpx:TrackPointExtension>
            <gpxtpx:hr>168</gpxtpx:hr>
          </gpxtpx:TrackPointExtension>
        </extensions>
      </trkpt>
      <trkpt lat="28.806067967172076" lon="115.87531191905208">
        <ele>38.78881216049194</ele>
        <time>1970-01-01T00:07:47.800000Z</time>
        <extensions>
          <gpxtpx:TrackPointExtension>
            <gpxtpx:hr>168</gpxtpx:hr>
          </gpxtpx:TrackPointExtension>
        </extensions>
      </trkpt>
      <trkpt lat="28.806090003563988" lon="115.87532150276576">
        <ele>38.79627143405378</ele>
        <time>1970-01-01T00:07:48.800000Z</time>
        <extensions>
          <gpxtpx:TrackPointExtension>
            <gpxtpx:hr>168</gpxtpx:hr>
          </gpxtpx:TrackPointExtension>
        </extensions>
      </trkpt>
      <trkpt lat="28.80611221142452" lon="115.87533149953573">
        <ele>38.807384935207665</ele>
        <time>1970-01-01T00:07:49.800000Z</time>
        <extensions>
          <gpxtpx:TrackPointExtension>
            <gpxtpx:hr>168</gpxtpx:hr>
          </gpxtpx:TrackPointExtension>
        </extensions>
      </trkpt>
      <trkpt lat="28.806134253228453" lon="115.87534166734028">
        <ele>38.823507125489414</ele>
        <time>1970-01-01T00:07:50.800000Z</time>
        <extensions>
          <gpxtpx:TrackPointExtension>
            <gpxtpx:hr>168</gpxtpx:hr>
          </gpxtpx:TrackPointExtension>
        </extensions>
      </trkpt>
      <trkpt lat="28.806155634662616" lon="115.87535196397597">
        <ele>38.84500505030155</ele>
        <time>1970-01-01T00:07:51.800000Z</time>
        <extensions>
          <gpxtpx:TrackPointExtension>
            <gpxtpx:hr>168</gpxtpx:hr>
          </gpxtpx:TrackPointExtension>
        </extensions>
      </trkpt>
      <trkpt lat="28.80617615792038" lon="115.87536241076107">
        <ele>38.870853955857456</ele>
        <time>1970-01-01T00:07:52.800000Z</time>
        <extensions>
          <gpxtpx:TrackPointExtension>
            <gpxtpx:hr>168</gpxtpx:hr>
          </gpxtpx:TrackPointExtension>
        </extensions>
      </trkpt>
      <trkpt lat="28.806196467628084" lon="115.87537320665885">
        <ele>38.8986460454762</ele>
        <time>1970-01-01T00:07:53.800000Z</time>
        <extensions>
          <gpxtpx:TrackPointExtension>
            <gpxtpx:hr>168</gpxtpx:hr>
          </gpxtpx:TrackPointExtension>
        </extensions>
      </trkpt>
      <trkpt lat="28.80621719317819" lon="115.87538431465204">
        <ele>38.924833135679364</ele>
        <time>1970-01-01T00:07:54.800000Z</time>
        <extensions>
          <gpxtpx:TrackPointExtension>
            <gpxtpx:hr>168</gpxtpx:hr>
          </gpxtpx:TrackPointExtension>
        </extensions>
      </trkpt>
      <trkpt lat="28.80623832200652" lon="115.87539541166169">
        <ele>38.94581881072372</ele>
        <time>1970-01-01T00:07:55.800000Z</time>
        <extensions>
          <gpxtpx:TrackPointExtension>
            <gpxtpx:hr>168</gpxtpx:hr>
          </gpxtpx:TrackPointExtension>
        </extensions>
      </trkpt>
      <trkpt lat="28.806259060756954" lon="115.87540600697592">
        <ele>38.95910424832255</ele>
        <time>1970-01-01T00:07:56.800000Z</time>
        <extensions>
          <gpxtpx:TrackPointExtension>
            <gpxtpx:hr>170</gpxtpx:hr>
          </gpxtpx:TrackPointExtension>
        </extensions>
      </trkpt>
      <trkpt lat="28.80627933795122" lon="115.87541682259055">
        <ele>38.962929476983845</ele>
        <time>1970-01-01T00:07:57.800000Z</time>
        <extensions>
          <gpxtpx:TrackPointExtension>
            <gpxtpx:hr>170</gpxtpx:hr>
          </gpxtpx:TrackPointExtension>
        </extensions>
      </trkpt>
      <trkpt lat="28.806299568259256" lon="115.87542854043271">
        <ele>38.957281158305705</ele>
        <time>1970-01-01T00:07:58.800000Z</time>
        <extensions>
          <gpxtpx:TrackPointExtension>
            <gpxtpx:hr>170</gpxtpx:hr>
          </gpxtpx:TrackPointExtension>
        </extensions>
      </trkpt>
      <trkpt lat="28.806320017975303" lon="115.87544036571833">
        <ele>38.94379085674882</ele>
        <time>1970-01-01T00:07:59.800000Z</time>
        <extensions>
          <gpxtpx:TrackPointExtension>
            <gpxtpx:hr>170</gpxtpx:hr>
          </gpxtpx:TrackPointExtension>
        </extensions>
      </trkpt>
      <trkpt lat="28.80634109647129" lon="115.87545112979362">
        <ele>38.9255428314209</ele>
        <time>1970-01-01T00:08:00.800000Z</time>
        <extensions>
          <gpxtpx:TrackPointExtension>
            <gpxtpx:hr>170</gpxtpx:hr>
          </gpxtpx:TrackPointExtension>
        </extensions>
      </trkpt>
      <trkpt lat="28.806362489041533" lon="115.87546060444123">
        <ele>38.90605687536299</ele>
        <time>1970-01-01T00:08:01.800000Z</time>
        <extensions>
          <gpxtpx:TrackPointExtension>
            <gpxtpx:hr>170</gpxtpx:hr>
          </gpxtpx:TrackPointExtension>
        </extensions>
      </trkpt>
      <trkpt lat="28.80638380480176" lon="115.87546964255046">
        <ele>38.88909578230232</ele>
        <time>1970-01-01T00:08:02.800000Z</time>
        <extensions>
          <gpxtpx:TrackPointExtension>
            <gpxtpx:hr>170</gpxtpx:hr>
          </gpxtpx:TrackPointExtension>
        </extensions>
      </trkpt>
      <trkpt lat="28.806404717805616" lon="115.87547936242166">
        <ele>38.878305891528726</ele>
        <time>1970-01-01T00:08:03.800000Z</time>
        <extensions>
          <gpxtpx:TrackPointExtension>
            <gpxtpx:hr>170</gpxtpx:hr>
          </gpxtpx:TrackPointExtension>
        </extensions>
      </trkpt>
      <trkpt lat="28.80642511107626" lon="115.8754897375506">
        <ele>38.87645522225648</ele>
        <time>1970-01-01T00:08:04.800000Z</time>
        <extensions>
          <gpxtpx:TrackPointExtension>
            <gpxtpx:hr>170</gpxtpx:hr>
          </gpxtpx:TrackPointExtension>
        </extensions>
      </trkpt>
      <trkpt lat="28.806445423688004" lon="115.87550025934138">
        <ele>38.88476617168635</ele>
        <time>1970-01-01T00:08:05.800000Z</time>
        <extensions>
          <gpxtpx:TrackPointExtension>
            <gpxtpx:hr>170</gpxtpx:hr>
          </gpxtpx:TrackPointExtension>
        </extensions>
      </trkpt>
      <trkpt lat="28.806465629254948" lon="115.8755104309074">
        <ele>38.9032201776281</ele>
        <time>1970-01-01T00:08:06.800000Z</time>
        <extensions>
          <gpxtpx:TrackPointExtension>
            <gpxtpx:hr>170</gpxtpx:hr>
          </gpxtpx:TrackPointExtension>
        </extensions>
      </trkpt>
      <trkpt lat="28.806486082237612" lon="115.87551957540072">
        <ele>38.93074211012572</ele>
        <time>1970-01-01T00:08:07.800000Z</time>
        <extensions>
          <gpxtpx:TrackPointExtension>
            <gpxtpx:hr>170</gpxtpx:hr>
          </gpxtpx:TrackPointExtension>
        </extensions>
      </trkpt>
      <trkpt lat="28.806506848467016" lon="115.87552749848047">
        <ele>38.96506401523948</ele>
        <time>1970-01-01T00:08:08.800000Z</time>
        <extensions>
          <gpxtpx:TrackPointExtension>
            <gpxtpx:hr>170</gpxtpx:hr>
          </gpxtpx:TrackPointExtension>
        </extensions>
      </trkpt>
      <trkpt lat="28.806527404069584" lon="115.87553463511473">
        <ele>39.00356235075742</ele>
        <time>1970-01-01T00:08:09.800000Z</time>
        <extensions>
          <gpxtpx:TrackPointExtension>
            <gpxtpx:hr>171</gpxtpx:hr>
          </gpxtpx:TrackPointExtension>
        </extensions>
      </trkpt>
      <trkpt lat="28.80654728587637" lon="115.87554116411431">
        <ele>39.04439552407712</ele>
        <time>1970-01-01T00:08:10.800000Z</time>
        <extensions>
          <gpxtpx:TrackPointExtension>
            <gpxtpx:hr>171</gpxtpx:hr>
          </gpxtpx:TrackPointExtension>
        </extensions>
      </trkpt>
      <trkpt lat="28.80656615868097" lon="115.87554803242533">
        <ele>39.08672952558845</ele>
        <time>1970-01-01T00:08:11.800000Z</time>
        <extensions>
          <gpxtpx:TrackPointExtension>
            <gpxtpx:hr>171</gpxtpx:hr>
          </gpxtpx:TrackPointExtension>
        </extensions>
      </trkpt>
      <trkpt lat="28.80658517699971" lon="115.87555552827548">
        <ele>39.13010050728917</ele>
        <time>1970-01-01T00:08:12.800000Z</time>
        <extensions>
          <gpxtpx:TrackPointExtension>
            <gpxtpx:hr>171</gpxtpx:hr>
          </gpxtpx:TrackPointExtension>
        </extensions>
      </trkpt>
      <trkpt lat="28.80660525904826" lon="115.87556330352753">
        <ele>39.17415706627071</ele>
        <time>1970-01-01T00:08:13.800000Z</time>
        <extensions>
          <gpxtpx:TrackPointExtension>
            <gpxtpx:hr>171</gpxtpx:hr>
          </gpxtpx:TrackPointExtension>
        </extensions>
      </trkpt>
      <trkpt lat="28.806626270849222" lon="115.87557136376415">
        <ele>39.218446371145546</ele>
        <time>1970-01-01T00:08:14.800000Z</time>
        <extensions>
          <gpxtpx:TrackPointExtension>
            <gpxtpx:hr>171</gpxtpx:hr>
          </gpxtpx:TrackPointExtension>
        </extensions>
      </trkpt>
      <trkpt lat="28.80664726635678" lon="115.87557988945456">
        <ele>39.2622815836221</ele>
        <time>1970-01-01T00:08:15.800000Z</time>
        <extensions>
          <gpxtpx:TrackPointExtension>
            <gpxtpx:hr>168</gpxtpx:hr>
          </gpxtpx:TrackPointExtension>
        </extensions>
      </trkpt>
      <trkpt lat="28.806667330715452" lon="115.87558933354713">
        <ele>39.30418712645769</ele>
        <time>1970-01-01T00:08:16.800000Z</time>
        <extensions>
          <gpxtpx:TrackPointExtension>
            <gpxtpx:hr>168</gpxtpx:hr>
          </gpxtpx:TrackPointExtension>
        </extensions>
      </trkpt>
      <trkpt lat="28.806686659827342" lon="115.87560003336353">
        <ele>39.343157140538096</ele>
        <time>1970-01-01T00:08:17.800000Z</time>
        <extensions>
          <gpxtpx:TrackPointExtension>
            <gpxtpx:hr>168</gpxtpx:hr>
          </gpxtpx:TrackPointExtension>
        </extensions>
      </trkpt>
      <trkpt lat="28.80670573407292" lon="115.87561205410042">
        <ele>39.37893564905971</ele>
        <time>1970-01-01T00:08:18.800000Z</time>
        <extensions>
          <gpxtpx:TrackPointExtension>
            <gpxtpx:hr>168</gpxtpx:hr>
          </gpxtpx:TrackPointExtension>
        </extensions>
      </trkpt>
      <trkpt lat="28.80672507714279" lon="115.87562485037434">
        <ele>39.41173652932048</ele>
        <time>1970-01-01T00:08:19.800000Z</time>
        <extensions>
          <gpxtpx:TrackPointExtension>
            <gpxtpx:hr>168</gpxtpx:hr>
          </gpxtpx:TrackPointExtension>
        </extensions>
      </trkpt>
      <trkpt lat="28.806745030766578" lon="115.87563730518939">
        <ele>39.44188905041665</ele>
        <time>1970-01-01T00:08:20.800000Z</time>
        <extensions>
          <gpxtpx:TrackPointExtension>
            <gpxtpx:hr>168</gpxtpx:hr>
          </gpxtpx:TrackPointExtension>
        </extensions>
      </trkpt>
      <trkpt lat="28.806765602377812" lon="115.87564848065298">
        <ele>39.47025017440319</ele>
        <time>1970-01-01T00:08:21.800000Z</time>
        <extensions>
          <gpxtpx:TrackPointExtension>
            <gpxtpx:hr>168</gpxtpx:hr>
          </gpxtpx:TrackPointExtension>
        </extensions>
      </trkpt>
      <trkpt lat="28.8067866349523" lon="115.87565837059586">
        <ele>39.49729909002781</ele>
        <time>1970-01-01T00:08:22.800000Z</time>
        <extensions>
          <gpxtpx:TrackPointExtension>
            <gpxtpx:hr>165</gpxtpx:hr>
          </gpxtpx:TrackPointExtension>
        </extensions>
      </trkpt>
      <trkpt lat="28.80680848206701" lon="115.87566736978683">
        <ele>39.52259123977274</ele>
        <time>1970-01-01T00:08:23.800000Z</time>
        <extensions>
          <gpxtpx:TrackPointExtension>
            <gpxtpx:hr>165</gpxtpx:hr>
          </gpxtpx:TrackPointExtension>
        </extensions>
      </trkpt>
      <trkpt lat="28.806831140044125" lon="115.87567565217721">
        <ele>39.54448899626732</ele>
        <time>1970-01-01T00:08:24.800000Z</time>
        <extensions>
          <gpxtpx:TrackPointExtension>
            <gpxtpx:hr>165</gpxtpx:hr>
          </gpxtpx:TrackPointExtension>
        </extensions>
      </trkpt>
      <trkpt lat="28.806854147268425" lon="115.87568361732488">
        <ele>39.56114948820323</ele>
        <time>1970-01-01T00:08:25.800000Z</time>
        <extensions>
          <gpxtpx:TrackPointExtension>
            <gpxtpx:hr>165</gpxtpx:hr>
          </gpxtpx:TrackPointExtension>
        </extensions>
      </trkpt>
      <trkpt lat="28.806877178557606" lon="115.87569221179689">
        <ele>39.57153847720474</ele>
        <time>1970-01-01T00:08:26.800000Z</time>
        <extensions>
          <gpxtpx:TrackPointExtension>
            <gpxtpx:hr>165</gpxtpx:hr>
          </gpxtpx:TrackPointExtension>
        </extensions>
      </trkpt>
      <trkpt lat="28.806899662976466" lon="115.87570191976147">
        <ele>39.57541735563427</ele>
        <time>1970-01-01T00:08:27.800000Z</time>
        <extensions>
          <gpxtpx:TrackPointExtension>
            <gpxtpx:hr>165</gpxtpx:hr>
          </gpxtpx:TrackPointExtension>
        </extensions>
      </trkpt>
      <trkpt lat="28.806921505545954" lon="115.87571272003896">
        <ele>39.57334559690207</ele>
        <time>1970-01-01T00:08:28.800000Z</time>
        <extensions>
          <gpxtpx:TrackPointExtension>
            <gpxtpx:hr>164</gpxtpx:hr>
          </gpxtpx:TrackPointExtension>
        </extensions>
      </trkpt>
      <trkpt lat="28.806943323985962" lon="115.87572376487243">
        <ele>39.56702237110585</ele>
        <time>1970-01-01T00:08:29.800000Z</time>
        <extensions>
          <gpxtpx:TrackPointExtension>
            <gpxtpx:hr>164</gpxtpx:hr>
          </gpxtpx:TrackPointExtension>
        </extensions>
      </trkpt>
      <trkpt lat="28.806965733628132" lon="115.87573403322631">
        <ele>39.558177766390145</ele>
        <time>1970-01-01T00:08:30.800000Z</time>
        <extensions>
          <gpxtpx:TrackPointExtension>
            <gpxtpx:hr>164</gpxtpx:hr>
          </gpxtpx:TrackPointExtension>
        </extensions>
      </trkpt>
      <trkpt lat="28.806989043342103" lon="115.87574380458273">
        <ele>39.54791751410812</ele>
        <time>1970-01-01T00:08:31.800000Z</time>
        <extensions>
          <gpxtpx:TrackPointExtension>
            <gpxtpx:hr>165</gpxtpx:hr>
          </gpxtpx:TrackPointExtension>
        </extensions>
      </trkpt>
      <trkpt lat="28.80701287589563" lon="115.87575371734945">
        <ele>39.537097562104464</ele>
        <time>1970-01-01T00:08:32.800000Z</time>
        <extensions>
          <gpxtpx:TrackPointExtension>
            <gpxtpx:hr>165</gpxtpx:hr>
          </gpxtpx:TrackPointExtension>
        </extensions>
      </trkpt>
      <trkpt lat="28.807037149743625" lon="115.87576448713808">
        <ele>39.527012096717954</ele>
        <time>1970-01-01T00:08:33.800000Z</time>
        <extensions>
          <gpxtpx:TrackPointExtension>
            <gpxtpx:hr>165</gpxtpx:hr>
          </gpxtpx:TrackPointExtension>
        </extensions>
      </trkpt>
      <trkpt lat="28.807062120114846" lon="115.875776114063">
        <ele>39.51932400930673</ele>
        <time>1970-01-01T00:08:34.800000Z</time>
        <extensions>
          <gpxtpx:TrackPointExtension>
            <gpxtpx:hr>165</gpxtpx:hr>
          </gpxtpx:TrackPointExtension>
        </extensions>
      </trkpt>
      <trkpt lat="28.807087472369393" lon="115.87578783769416">
        <ele>39.515663049183786</ele>
        <time>1970-01-01T00:08:35.800000Z</time>
        <extensions>
          <gpxtpx:TrackPointExtension>
            <gpxtpx:hr>165</gpxtpx:hr>
          </gpxtpx:TrackPointExtension>
        </extensions>
      </trkpt>
      <trkpt lat="28.807113059760322" lon="115.87579907887654">
        <ele>39.517504015006125</ele>
        <time>1970-01-01T00:08:36.800000Z</time>
        <extensions>
          <gpxtpx:TrackPointExtension>
            <gpxtpx:hr>163</gpxtpx:hr>
          </gpxtpx:TrackPointExtension>
        </extensions>
      </trkpt>
      <trkpt lat="28.807138653718347" lon="115.87580991789562">
        <ele>39.52579918410629</ele>
        <time>1970-01-01T00:08:37.800000Z</time>
        <extensions>
          <gpxtpx:TrackPointExtension>
            <gpxtpx:hr>163</gpxtpx:hr>
          </gpxtpx:TrackPointExtension>
        </extensions>
      </trkpt>
      <trkpt lat="28.80716411846216" lon="115.875820369372">
        <ele>39.54047638177872</ele>
        <time>1970-01-01T00:08:38.800000Z</time>
        <extensions>
          <gpxtpx:TrackPointExtension>
            <gpxtpx:hr>163</gpxtpx:hr>
          </gpxtpx:TrackPointExtension>
        </extensions>
      </trkpt>
      <trkpt lat="28.80718968917902" lon="115.87583081627683">
        <ele>39.560872009024024</ele>
        <time>1970-01-01T00:08:39.800000Z</time>
        <extensions>
          <gpxtpx:TrackPointExtension>
            <gpxtpx:hr>163</gpxtpx:hr>
          </gpxtpx:TrackPointExtension>
        </extensions>
      </trkpt>
      <trkpt lat="28.807215361324758" lon="115.87584135786359">
        <ele>39.58618829771876</ele>
        <time>1970-01-01T00:08:40.800000Z</time>
        <extensions>
          <gpxtpx:TrackPointExtension>
            <gpxtpx:hr>163</gpxtpx:hr>
          </gpxtpx:TrackPointExtension>
        </extensions>
      </trkpt>
      <trkpt lat="28.807240649155894" lon="115.8758520711281">
        <ele>39.61570143606514</ele>
        <time>1970-01-01T00:08:41.800000Z</time>
        <extensions>
          <gpxtpx:TrackPointExtension>
            <gpxtpx:hr>163</gpxtpx:hr>
          </gpxtpx:TrackPointExtension>
        </extensions>
      </trkpt>
      <trkpt lat="28.807265247653064" lon="115.87586275426834">
        <ele>39.648889534175396</ele>
        <time>1970-01-01T00:08:42.800000Z</time>
        <extensions>
          <gpxtpx:TrackPointExtension>
            <gpxtpx:hr>162</gpxtpx:hr>
          </gpxtpx:TrackPointExtension>
        </extensions>
      </trkpt>
      <trkpt lat="28.807289217359767" lon="115.87587360865525">
        <ele>39.68581699207425</ele>
        <time>1970-01-01T00:08:43.800000Z</time>
        <extensions>
          <gpxtpx:TrackPointExtension>
            <gpxtpx:hr>162</gpxtpx:hr>
          </gpxtpx:TrackPointExtension>
        </extensions>
      </trkpt>
      <trkpt lat="28.807312948806604" lon="115.8758840247726">
        <ele>39.72674908861518</ele>
        <time>1970-01-01T00:08:44.800000Z</time>
        <extensions>
          <gpxtpx:TrackPointExtension>
            <gpxtpx:hr>162</gpxtpx:hr>
          </gpxtpx:TrackPointExtension>
        </extensions>
      </trkpt>
      <trkpt lat="28.807336517936527" lon="115.8758935452898">
        <ele>39.77191590797156</ele>
        <time>1970-01-01T00:08:45.800000Z</time>
        <extensions>
          <gpxtpx:TrackPointExtension>
            <gpxtpx:hr>162</gpxtpx:hr>
          </gpxtpx:TrackPointExtension>
        </extensions>
      </trkpt>
      <trkpt lat="28.807359630040455" lon="115.87590236897785">
        <ele>39.820841612294316</ele>
        <time>1970-01-01T00:08:46.800000Z</time>
        <extensions>
          <gpxtpx:TrackPointExtension>
            <gpxtpx:hr>162</gpxtpx:hr>
          </gpxtpx:TrackPointExtension>
        </extensions>
      </trkpt>
      <trkpt lat="28.80738271651661" lon="115.87591137054304">
        <ele>39.87196784093976</ele>
        <time>1970-01-01T00:08:47.800000Z</time>
        <extensions>
          <gpxtpx:TrackPointExtension>
            <gpxtpx:hr>162</gpxtpx:hr>
          </gpxtpx:TrackPointExtension>
        </extensions>
      </trkpt>
      <trkpt lat="28.80740640375294" lon="115.87592133001327">
        <ele>39.92307858355343</ele>
        <time>1970-01-01T00:08:48.800000Z</time>
        <extensions>
          <gpxtpx:TrackPointExtension>
            <gpxtpx:hr>162</gpxtpx:hr>
          </gpxtpx:TrackPointExtension>
        </extensions>
      </trkpt>
      <trkpt lat="28.807430925519753" lon="115.87593241632486">
        <ele>39.971529179252684</ele>
        <time>1970-01-01T00:08:49.800000Z</time>
        <extensions>
          <gpxtpx:TrackPointExtension>
            <gpxtpx:hr>162</gpxtpx:hr>
          </gpxtpx:TrackPointExtension>
        </extensions>
      </trkpt>
      <trkpt lat="28.807455388914658" lon="115.87594361852723">
        <ele>40.01453310344368</ele>
        <time>1970-01-01T00:08:50.800000Z</time>
        <extensions>
          <gpxtpx:TrackPointExtension>
            <gpxtpx:hr>162</gpxtpx:hr>
          </gpxtpx:TrackPointExtension>
        </extensions>
      </trkpt>
      <trkpt lat="28.80747933557914" lon="115.8759544726209">
        <ele>40.04991495423019</ele>
        <time>1970-01-01T00:08:51.800000Z</time>
        <extensions>
          <gpxtpx:TrackPointExtension>
            <gpxtpx:hr>162</gpxtpx:hr>
          </gpxtpx:TrackPointExtension>
        </extensions>
      </trkpt>
      <trkpt lat="28.807503281675956" lon="115.87596463435865">
        <ele>40.07717444188893</ele>
        <time>1970-01-01T00:08:52.800000Z</time>
        <extensions>
          <gpxtpx:TrackPointExtension>
            <gpxtpx:hr>162</gpxtpx:hr>
          </gpxtpx:TrackPointExtension>
        </extensions>
      </trkpt>
      <trkpt lat="28.807528081444985" lon="115.87597429514243">
        <ele>40.09682232327759</ele>
        <time>1970-01-01T00:08:53.800000Z</time>
        <extensions>
          <gpxtpx:TrackPointExtension>
            <gpxtpx:hr>162</gpxtpx:hr>
          </gpxtpx:TrackPointExtension>
        </extensions>
      </trkpt>
      <trkpt lat="28.80755367118539" lon="115.87598437175635">
        <ele>40.10950227547437</ele>
        <time>1970-01-01T00:08:54.800000Z</time>
        <extensions>
          <gpxtpx:TrackPointExtension>
            <gpxtpx:hr>162</gpxtpx:hr>
          </gpxtpx:TrackPointExtension>
        </extensions>
      </trkpt>
      <trkpt lat="28.807579322979226" lon="115.87599487015717">
        <ele>40.116421673446894</ele>
        <time>1970-01-01T00:08:55.800000Z</time>
        <extensions>
          <gpxtpx:TrackPointExtension>
            <gpxtpx:hr>162</gpxtpx:hr>
          </gpxtpx:TrackPointExtension>
        </extensions>
      </trkpt>
      <trkpt lat="28.807604419954266" lon="115.87600528490276">
        <ele>40.119578363373876</ele>
        <time>1970-01-01T00:08:56.800000Z</time>
        <extensions>
          <gpxtpx:TrackPointExtension>
            <gpxtpx:hr>162</gpxtpx:hr>
          </gpxtpx:TrackPointExtension>
        </extensions>
      </trkpt>
      <trkpt lat="28.8076285326808" lon="115.8760153704132">
        <ele>40.12146141100675</ele>
        <time>1970-01-01T00:08:57.800000Z</time>
        <extensions>
          <gpxtpx:TrackPointExtension>
            <gpxtpx:hr>162</gpxtpx:hr>
          </gpxtpx:TrackPointExtension>
        </extensions>
      </trkpt>
      <trkpt lat="28.80765217005002" lon="115.87602518409537">
        <ele>40.124998110346496</ele>
        <time>1970-01-01T00:08:58.800000Z</time>
        <extensions>
          <gpxtpx:TrackPointExtension>
            <gpxtpx:hr>162</gpxtpx:hr>
          </gpxtpx:TrackPointExtension>
        </extensions>
      </trkpt>
      <trkpt lat="28.80767580487983" lon="115.87603475114078">
        <ele>40.13230284396559</ele>
        <time>1970-01-01T00:08:59.800000Z</time>
        <extensions>
          <gpxtpx:TrackPointExtension>
            <gpxtpx:hr>162</gpxtpx:hr>
          </gpxtpx:TrackPointExtension>
        </extensions>
      </trkpt>
      <trkpt lat="28.80769957932643" lon="115.87604403534377">
        <ele>40.14418972097337</ele>
        <time>1970-01-01T00:09:00.800000Z</time>
        <extensions>
          <gpxtpx:TrackPointExtension>
            <gpxtpx:hr>162</gpxtpx:hr>
          </gpxtpx:TrackPointExtension>
        </extensions>
      </trkpt>
      <trkpt lat="28.80772347792424" lon="115.87605291609317">
        <ele>40.159782679751515</ele>
        <time>1970-01-01T00:09:01.800000Z</time>
        <extensions>
          <gpxtpx:TrackPointExtension>
            <gpxtpx:hr>165</gpxtpx:hr>
          </gpxtpx:TrackPointExtension>
        </extensions>
      </trkpt>
      <trkpt lat="28.80774750961402" lon="115.87606178910745">
        <ele>40.17643797211349</ele>
        <time>1970-01-01T00:09:02.800000Z</time>
        <extensions>
          <gpxtpx:TrackPointExtension>
            <gpxtpx:hr>165</gpxtpx:hr>
          </gpxtpx:TrackPointExtension>
        </extensions>
      </trkpt>
      <trkpt lat="28.80777204865321" lon="115.87607100892393">
        <ele>40.190309708938</ele>
        <time>1970-01-01T00:09:03.800000Z</time>
        <extensions>
          <gpxtpx:TrackPointExtension>
            <gpxtpx:hr>165</gpxtpx:hr>
          </gpxtpx:TrackPointExtension>
        </extensions>
      </trkpt>
      <trkpt lat="28.807796994782084" lon="115.87608053989514">
        <ele>40.19851321261376</ele>
        <time>1970-01-01T00:09:04.800000Z</time>
        <extensions>
          <gpxtpx:TrackPointExtension>
            <gpxtpx:hr>165</gpxtpx:hr>
          </gpxtpx:TrackPointExtension>
        </extensions>
      </trkpt>
      <trkpt lat="28.80782200409669" lon="115.87608970301548">
        <ele>40.19953229371458</ele>
        <time>1970-01-01T00:09:05.800000Z</time>
        <extensions>
          <gpxtpx:TrackPointExtension>
            <gpxtpx:hr>165</gpxtpx:hr>
          </gpxtpx:TrackPointExtension>
        </extensions>
      </trkpt>
      <trkpt lat="28.807846481412646" lon="115.87609808343633">
        <ele>40.1925832061097</ele>
        <time>1970-01-01T00:09:06.800000Z</time>
        <extensions>
          <gpxtpx:TrackPointExtension>
            <gpxtpx:hr>165</gpxtpx:hr>
          </gpxtpx:TrackPointExtension>
        </extensions>
      </trkpt>
      <trkpt lat="28.807870261024227" lon="115.87610595170291">
        <ele>40.178073143586516</ele>
        <time>1970-01-01T00:09:07.800000Z</time>
        <extensions>
          <gpxtpx:TrackPointExtension>
            <gpxtpx:hr>165</gpxtpx:hr>
          </gpxtpx:TrackPointExtension>
        </extensions>
      </trkpt>
      <trkpt lat="28.807893942213163" lon="115.87611363949073">
        <ele>40.15790425427258</ele>
        <time>1970-01-01T00:09:08.800000Z</time>
        <extensions>
          <gpxtpx:TrackPointExtension>
            <gpxtpx:hr>165</gpxtpx:hr>
          </gpxtpx:TrackPointExtension>
        </extensions>
      </trkpt>
      <trkpt lat="28.80791790133097" lon="115.87612140995256">
        <ele>40.13506175298244</ele>
        <time>1970-01-01T00:09:09.800000Z</time>
        <extensions>
          <gpxtpx:TrackPointExtension>
            <gpxtpx:hr>165</gpxtpx:hr>
          </gpxtpx:TrackPointExtension>
        </extensions>
      </trkpt>
      <trkpt lat="28.807942555321567" lon="115.87612896964706">
        <ele>40.113082320429385</ele>
        <time>1970-01-01T00:09:10.800000Z</time>
        <extensions>
          <gpxtpx:TrackPointExtension>
            <gpxtpx:hr>166</gpxtpx:hr>
          </gpxtpx:TrackPointExtension>
        </extensions>
      </trkpt>
      <trkpt lat="28.807967945034324" lon="115.8761356863844">
        <ele>40.096191780641675</ele>
        <time>1970-01-01T00:09:11.800000Z</time>
        <extensions>
          <gpxtpx:TrackPointExtension>
            <gpxtpx:hr>166</gpxtpx:hr>
          </gpxtpx:TrackPointExtension>
        </extensions>
      </trkpt>
      <trkpt lat="28.80799379988421" lon="115.87614092398083">
        <ele>40.08776913676411</ele>
        <time>1970-01-01T00:09:12.800000Z</time>
        <extensions>
          <gpxtpx:TrackPointExtension>
            <gpxtpx:hr>166</gpxtpx:hr>
          </gpxtpx:TrackPointExtension>
        </extensions>
      </trkpt>
      <trkpt lat="28.8080195777976" lon="115.87614501142679">
        <ele>40.08964483719319</ele>
        <time>1970-01-01T00:09:13.800000Z</time>
        <extensions>
          <gpxtpx:TrackPointExtension>
            <gpxtpx:hr>166</gpxtpx:hr>
          </gpxtpx:TrackPointExtension>
        </extensions>
      </trkpt>
      <trkpt lat="28.808044754669723" lon="115.87614978282795">
        <ele>40.101385346613824</ele>
        <time>1970-01-01T00:09:14.800000Z</time>
        <extensions>
          <gpxtpx:TrackPointExtension>
            <gpxtpx:hr>166</gpxtpx:hr>
          </gpxtpx:TrackPointExtension>
        </extensions>
      </trkpt>
      <trkpt lat="28.808069669550637" lon="115.87615646347164">
        <ele>40.12054255697876</ele>
        <time>1970-01-01T00:09:15.800000Z</time>
        <extensions>
          <gpxtpx:TrackPointExtension>
            <gpxtpx:hr>166</gpxtpx:hr>
          </gpxtpx:TrackPointExtension>
        </extensions>
      </trkpt>
      <trkpt lat="28.80809438220927" lon="115.87616393455225">
        <ele>40.143266359344125</ele>
        <time>1970-01-01T00:09:16.800000Z</time>
        <extensions>
          <gpxtpx:TrackPointExtension>
            <gpxtpx:hr>166</gpxtpx:hr>
          </gpxtpx:TrackPointExtension>
        </extensions>
      </trkpt>
      <trkpt lat="28.808118977060417" lon="115.8761707512817">
        <ele>40.16491081379354</ele>
        <time>1970-01-01T00:09:17.800000Z</time>
        <extensions>
          <gpxtpx:TrackPointExtension>
            <gpxtpx:hr>166</gpxtpx:hr>
          </gpxtpx:TrackPointExtension>
        </extensions>
      </trkpt>
      <trkpt lat="28.808143286163702" lon="115.87617620108966">
        <ele>40.18127661664039</ele>
        <time>1970-01-01T00:09:18.800000Z</time>
        <extensions>
          <gpxtpx:TrackPointExtension>
            <gpxtpx:hr>163</gpxtpx:hr>
          </gpxtpx:TrackPointExtension>
        </extensions>
      </trkpt>
      <trkpt lat="28.808166458152836" lon="115.87618032264508">
        <ele>40.189592701382935</ele>
        <time>1970-01-01T00:09:19.800000Z</time>
        <extensions>
          <gpxtpx:TrackPointExtension>
            <gpxtpx:hr>163</gpxtpx:hr>
          </gpxtpx:TrackPointExtension>
        </extensions>
      </trkpt>
      <trkpt lat="28.808188134463826" lon="115.8761837207323">
        <ele>40.188845567405224</ele>
        <time>1970-01-01T00:09:20.800000Z</time>
        <extensions>
          <gpxtpx:TrackPointExtension>
            <gpxtpx:hr>163</gpxtpx:hr>
          </gpxtpx:TrackPointExtension>
        </extensions>
      </trkpt>
      <trkpt lat="28.808208813383835" lon="115.87618641607052">
        <ele>40.17908475920558</ele>
        <time>1970-01-01T00:09:21.800000Z</time>
        <extensions>
          <gpxtpx:TrackPointExtension>
            <gpxtpx:hr>163</gpxtpx:hr>
          </gpxtpx:TrackPointExtension>
        </extensions>
      </trkpt>
      <trkpt lat="28.808229616710253" lon="115.87618893833066">
        <ele>40.16218897514045</ele>
        <time>1970-01-01T00:09:22.800000Z</time>
        <extensions>
          <gpxtpx:TrackPointExtension>
            <gpxtpx:hr>163</gpxtpx:hr>
          </gpxtpx:TrackPointExtension>
        </extensions>
      </trkpt>
      <trkpt lat="28.808251310301902" lon="115.87619204463908">
        <ele>40.140753615647554</ele>
        <time>1970-01-01T00:09:23.800000Z</time>
        <extensions>
          <gpxtpx:TrackPointExtension>
            <gpxtpx:hr>163</gpxtpx:hr>
          </gpxtpx:TrackPointExtension>
        </extensions>
      </trkpt>
      <trkpt lat="28.80827448853728" lon="115.87619601969607">
        <ele>40.117226612754166</ele>
        <time>1970-01-01T00:09:24.800000Z</time>
        <extensions>
          <gpxtpx:TrackPointExtension>
            <gpxtpx:hr>163</gpxtpx:hr>
          </gpxtpx:TrackPointExtension>
        </extensions>
      </trkpt>
      <trkpt lat="28.80829906799861" lon="115.87620130960234">
        <ele>40.09349191561341</ele>
        <time>1970-01-01T00:09:25.800000Z</time>
        <extensions>
          <gpxtpx:TrackPointExtension>
            <gpxtpx:hr>163</gpxtpx:hr>
          </gpxtpx:TrackPointExtension>
        </extensions>
      </trkpt>
      <trkpt lat="28.808324494522843" lon="115.87620818149418">
        <ele>40.07158314716071</ele>
        <time>1970-01-01T00:09:26.800000Z</time>
        <extensions>
          <gpxtpx:TrackPointExtension>
            <gpxtpx:hr>163</gpxtpx:hr>
          </gpxtpx:TrackPointExtension>
        </extensions>
      </trkpt>
      <trkpt lat="28.80835047202734" lon="115.87621590977876">
        <ele>40.05331879109144</ele>
        <time>1970-01-01T00:09:27.800000Z</time>
        <extensions>
          <gpxtpx:TrackPointExtension>
            <gpxtpx:hr>163</gpxtpx:hr>
          </gpxtpx:TrackPointExtension>
        </extensions>
      </trkpt>
      <trkpt lat="28.808376652285233" lon="115.87622331770062">
        <ele>40.04040687903762</ele>
        <time>1970-01-01T00:09:28.800000Z</time>
        <extensions>
          <gpxtpx:TrackPointExtension>
            <gpxtpx:hr>163</gpxtpx:hr>
          </gpxtpx:TrackPointExtension>
        </extensions>
      </trkpt>
      <trkpt lat="28.80840305178997" lon="115.87623026146824">
        <ele>40.03441838361323</ele>
        <time>1970-01-01T00:09:29.800000Z</time>
        <extensions>
          <gpxtpx:TrackPointExtension>
            <gpxtpx:hr>163</gpxtpx:hr>
          </gpxtpx:TrackPointExtension>
        </extensions>
      </trkpt>
      <trkpt lat="28.808429651626813" lon="115.87623676188">
        <ele>40.03624404966831</ele>
        <time>1970-01-01T00:09:30.800000Z</time>
        <extensions>
          <gpxtpx:TrackPointExtension>
            <gpxtpx:hr>165</gpxtpx:hr>
          </gpxtpx:TrackPointExtension>
        </extensions>
      </trkpt>
      <trkpt lat="28.80845635429199" lon="115.87624237260304">
        <ele>40.04583029728383</ele>
        <time>1970-01-01T00:09:31.800000Z</time>
        <extensions>
          <gpxtpx:TrackPointExtension>
            <gpxtpx:hr>165</gpxtpx:hr>
          </gpxtpx:TrackPointExtension>
        </extensions>
      </trkpt>
      <trkpt lat="28.808482924372655" lon="115.87624698293746">
        <ele>40.06119229737669</ele>
        <time>1970-01-01T00:09:32.800000Z</time>
        <extensions>
          <gpxtpx:TrackPointExtension>
            <gpxtpx:hr>165</gpxtpx:hr>
          </gpxtpx:TrackPointExtension>
        </extensions>
      </trkpt>
      <trkpt lat="28.80850884698957" lon="115.87625053257028">
        <ele>40.07870259322226</ele>
        <time>1970-01-01T00:09:33.800000Z</time>
        <extensions>
          <gpxtpx:TrackPointExtension>
            <gpxtpx:hr>165</gpxtpx:hr>
          </gpxtpx:TrackPointExtension>
        </extensions>
      </trkpt>
      <trkpt lat="28.808534851350903" lon="115.87625306752686">
        <ele>40.09402034152299</ele>
        <time>1970-01-01T00:09:34.800000Z</time>
        <extensions>
          <gpxtpx:TrackPointExtension>
            <gpxtpx:hr>165</gpxtpx:hr>
          </gpxtpx:TrackPointExtension>
        </extensions>
      </trkpt>
      <trkpt lat="28.808561447735002" lon="115.87625445910278">
        <ele>40.103577518835664</ele>
        <time>1970-01-01T00:09:35.800000Z</time>
        <extensions>
          <gpxtpx:TrackPointExtension>
            <gpxtpx:hr>165</gpxtpx:hr>
          </gpxtpx:TrackPointExtension>
        </extensions>
      </trkpt>
      <trkpt lat="28.808588748137318" lon="115.87625499396411">
        <ele>40.104476743377745</ele>
        <time>1970-01-01T00:09:36.800000Z</time>
        <extensions>
          <gpxtpx:TrackPointExtension>
            <gpxtpx:hr>165</gpxtpx:hr>
          </gpxtpx:TrackPointExtension>
        </extensions>
      </trkpt>
      <trkpt lat="28.80861650536662" lon="115.87625549169137">
        <ele>40.09490118268877</ele>
        <time>1970-01-01T00:09:37.800000Z</time>
        <extensions>
          <gpxtpx:TrackPointExtension>
            <gpxtpx:hr>165</gpxtpx:hr>
          </gpxtpx:TrackPointExtension>
        </extensions>
      </trkpt>
      <trkpt lat="28.808643554441492" lon="115.87625737839446">
        <ele>40.074127717874944</ele>
        <time>1970-01-01T00:09:38.800000Z</time>
        <extensions>
          <gpxtpx:TrackPointExtension>
            <gpxtpx:hr>165</gpxtpx:hr>
          </gpxtpx:TrackPointExtension>
        </extensions>
      </trkpt>
      <trkpt lat="28.80866925716441" lon="115.87626193350518">
        <ele>40.04183387570083</ele>
        <time>1970-01-01T00:09:39.800000Z</time>
        <extensions>
          <gpxtpx:TrackPointExtension>
            <gpxtpx:hr>165</gpxtpx:hr>
          </gpxtpx:TrackPointExtension>
        </extensions>
      </trkpt>
      <trkpt lat="28.808693187841953" lon="115.87626978461968">
        <ele>39.99919721763581</ele>
        <time>1970-01-01T00:09:40.800000Z</time>
        <extensions>
          <gpxtpx:TrackPointExtension>
            <gpxtpx:hr>165</gpxtpx:hr>
          </gpxtpx:TrackPointExtension>
        </extensions>
      </trkpt>
      <trkpt lat="28.808714972442473" lon="115.87628122784594">
        <ele>39.94832834228873</ele>
        <time>1970-01-01T00:09:41.800000Z</time>
        <extensions>
          <gpxtpx:TrackPointExtension>
            <gpxtpx:hr>164</gpxtpx:hr>
          </gpxtpx:TrackPointExtension>
        </extensions>
      </trkpt>
      <trkpt lat="28.808734874085665" lon="115.8762956426221">
        <ele>39.89235241059214</ele>
        <time>1970-01-01T00:09:42.800000Z</time>
        <extensions>
          <gpxtpx:TrackPointExtension>
            <gpxtpx:hr>164</gpxtpx:hr>
          </gpxtpx:TrackPointExtension>
        </extensions>
      </trkpt>
      <trkpt lat="28.80875322887849" lon="115.87631139111797">
        <ele>39.83508366718888</ele>
        <time>1970-01-01T00:09:43.800000Z</time>
        <extensions>
          <gpxtpx:TrackPointExtension>
            <gpxtpx:hr>164</gpxtpx:hr>
          </gpxtpx:TrackPointExtension>
        </extensions>
      </trkpt>
      <trkpt lat="28.808771049996558" lon="115.87632719017537">
        <ele>39.78001551236957</ele>
        <time>1970-01-01T00:09:44.800000Z</time>
        <extensions>
          <gpxtpx:TrackPointExtension>
            <gpxtpx:hr>164</gpxtpx:hr>
          </gpxtpx:TrackPointExtension>
        </extensions>
      </trkpt>
      <trkpt lat="28.808789347654216" lon="115.87634192354909">
        <ele>39.7307060463354</ele>
        <time>1970-01-01T00:09:45.800000Z</time>
        <extensions>
          <gpxtpx:TrackPointExtension>
            <gpxtpx:hr>164</gpxtpx:hr>
          </gpxtpx:TrackPointExtension>
        </extensions>
      </trkpt>
      <trkpt lat="28.808808688753466" lon="115.87635503920764">
        <ele>39.690317591652274</ele>
        <time>1970-01-01T00:09:46.800000Z</time>
        <extensions>
          <gpxtpx:TrackPointExtension>
            <gpxtpx:hr>164</gpxtpx:hr>
          </gpxtpx:TrackPointExtension>
        </extensions>
      </trkpt>
      <trkpt lat="28.80882878945387" lon="115.87636678284821">
        <ele>39.66146103385836</ele>
        <time>1970-01-01T00:09:47.800000Z</time>
        <extensions>
          <gpxtpx:TrackPointExtension>
            <gpxtpx:hr>165</gpxtpx:hr>
          </gpxtpx:TrackPointExtension>
        </extensions>
      </trkpt>
      <trkpt lat="28.808849239109897" lon="115.8763776962884">
        <ele>39.64549392461777</ele>
        <time>1970-01-01T00:09:48.800000Z</time>
        <extensions>
          <gpxtpx:TrackPointExtension>
            <gpxtpx:hr>165</gpxtpx:hr>
          </gpxtpx:TrackPointExtension>
        </extensions>
      </trkpt>
      <trkpt lat="28.808870814893204" lon="115.87638882629241">
        <ele>39.64313587360084</ele>
        <time>1970-01-01T00:09:49.800000Z</time>
        <extensions>
          <gpxtpx:TrackPointExtension>
            <gpxtpx:hr>165</gpxtpx:hr>
          </gpxtpx:TrackPointExtension>
        </extensions>
      </trkpt>
      <trkpt lat="28.808893086795727" lon="115.8764004177427">
        <ele>39.653558812104166</ele>
        <time>1970-01-01T00:09:50.800000Z</time>
        <extensions>
          <gpxtpx:TrackPointExtension>
            <gpxtpx:hr>165</gpxtpx:hr>
          </gpxtpx:TrackPointExtension>
        </extensions>
      </trkpt>
      <trkpt lat="28.80891544502244" lon="115.8764123623286">
        <ele>39.67490384634584</ele>
        <time>1970-01-01T00:09:51.800000Z</time>
        <extensions>
          <gpxtpx:TrackPointExtension>
            <gpxtpx:hr>165</gpxtpx:hr>
          </gpxtpx:TrackPointExtension>
        </extensions>
      </trkpt>
      <trkpt lat="28.808937938818374" lon="115.87642440121603">
        <ele>39.704808620736</ele>
        <time>1970-01-01T00:09:52.800000Z</time>
        <extensions>
          <gpxtpx:TrackPointExtension>
            <gpxtpx:hr>165</gpxtpx:hr>
          </gpxtpx:TrackPointExtension>
        </extensions>
      </trkpt>
      <trkpt lat="28.80896057639975" lon="115.87643592677482">
        <ele>39.74093011394143</ele>
        <time>1970-01-01T00:09:53.800000Z</time>
        <extensions>
          <gpxtpx:TrackPointExtension>
            <gpxtpx:hr>164</gpxtpx:hr>
          </gpxtpx:TrackPointExtension>
        </extensions>
      </trkpt>
      <trkpt lat="28.808983971314984" lon="115.8764465818178">
        <ele>39.78049032110721</ele>
        <time>1970-01-01T00:09:54.800000Z</time>
        <extensions>
          <gpxtpx:TrackPointExtension>
            <gpxtpx:hr>164</gpxtpx:hr>
          </gpxtpx:TrackPointExtension>
        </extensions>
      </trkpt>
      <trkpt lat="28.809007968512613" lon="115.87645636229016">
        <ele>39.8198087066412</ele>
        <time>1970-01-01T00:09:55.800000Z</time>
        <extensions>
          <gpxtpx:TrackPointExtension>
            <gpxtpx:hr>164</gpxtpx:hr>
          </gpxtpx:TrackPointExtension>
        </extensions>
      </trkpt>
      <trkpt lat="28.80903204247883" lon="115.87646590055562">
        <ele>39.8549175998196</ele>
        <time>1970-01-01T00:09:56.800000Z</time>
        <extensions>
          <gpxtpx:TrackPointExtension>
            <gpxtpx:hr>164</gpxtpx:hr>
          </gpxtpx:TrackPointExtension>
        </extensions>
      </trkpt>
      <trkpt lat="28.809056161911652" lon="115.87647563766832">
        <ele>39.88260013051331</ele>
        <time>1970-01-01T00:09:57.800000Z</time>
        <extensions>
          <gpxtpx:TrackPointExtension>
            <gpxtpx:hr>164</gpxtpx:hr>
          </gpxtpx:TrackPointExtension>
        </extensions>
      </trkpt>
      <trkpt lat="28.80908016996074" lon="115.87648563241159">
        <ele>39.9010299956426</ele>
        <time>1970-01-01T00:09:58.800000Z</time>
        <extensions>
          <gpxtpx:TrackPointExtension>
            <gpxtpx:hr>164</gpxtpx:hr>
          </gpxtpx:TrackPointExtension>
        </extensions>
      </trkpt>
      <trkpt lat="28.809104066913875" lon="115.87649599976467">
        <ele>39.90964141115546</ele>
        <time>1970-01-01T00:09:59.800000Z</time>
        <extensions>
          <gpxtpx:TrackPointExtension>
            <gpxtpx:hr>164</gpxtpx:hr>
          </gpxtpx:TrackPointExtension>
        </extensions>
      </trkpt>
      <trkpt lat="28.80912675400367" lon="115.87650547126677">
        <ele>39.909246103838086</ele>
        <time>1970-01-01T00:10:00.800000Z</time>
        <extensions>
          <gpxtpx:TrackPointExtension>
            <gpxtpx:hr>167</gpxtpx:hr>
          </gpxtpx:TrackPointExtension>
        </extensions>
      </trkpt>
      <trkpt lat="28.809149825819464" lon="115.87651603618093">
        <ele>39.901519927196205</ele>
        <time>1970-01-01T00:10:01.800000Z</time>
        <extensions>
          <gpxtpx:TrackPointExtension>
            <gpxtpx:hr>167</gpxtpx:hr>
          </gpxtpx:TrackPointExtension>
        </extensions>
      </trkpt>
      <trkpt lat="28.809173610817275" lon="115.87652753770324">
        <ele>39.88833765592426</ele>
        <time>1970-01-01T00:10:02.800000Z</time>
        <extensions>
          <gpxtpx:TrackPointExtension>
            <gpxtpx:hr>167</gpxtpx:hr>
          </gpxtpx:TrackPointExtension>
        </extensions>
      </trkpt>
      <trkpt lat="28.809197830137137" lon="115.87653970250473">
        <ele>39.87074875552207</ele>
        <time>1970-01-01T00:10:03.800000Z</time>
        <extensions>
          <gpxtpx:TrackPointExtension>
            <gpxtpx:hr>167</gpxtpx:hr>
          </gpxtpx:TrackPointExtension>
        </extensions>
      </trkpt>
      <trkpt lat="28.809222115302806" lon="115.8765518122732">
        <ele>39.849561859853566</ele>
        <time>1970-01-01T00:10:04.800000Z</time>
        <extensions>
          <gpxtpx:TrackPointExtension>
            <gpxtpx:hr>167</gpxtpx:hr>
          </gpxtpx:TrackPointExtension>
        </extensions>
      </trkpt>
      <trkpt lat="28.809245751686994" lon="115.87656323858086">
        <ele>39.82583613321185</ele>
        <time>1970-01-01T00:10:05.800000Z</time>
        <extensions>
          <gpxtpx:TrackPointExtension>
            <gpxtpx:hr>167</gpxtpx:hr>
          </gpxtpx:TrackPointExtension>
        </extensions>
      </trkpt>
      <trkpt lat="28.809268532751787" lon="115.87657322060139">
        <ele>39.80102073960006</ele>
        <time>1970-01-01T00:10:06.800000Z</time>
        <extensions>
          <gpxtpx:TrackPointExtension>
            <gpxtpx:hr>167</gpxtpx:hr>
          </gpxtpx:TrackPointExtension>
        </extensions>
      </trkpt>
      <trkpt lat="28.809290907641277" lon="115.87658120116005">
        <ele>39.77631699759513</ele>
        <time>1970-01-01T00:10:07.800000Z</time>
        <extensions>
          <gpxtpx:TrackPointExtension>
            <gpxtpx:hr>167</gpxtpx:hr>
          </gpxtpx:TrackPointExtension>
        </extensions>
      </trkpt>
      <trkpt lat="28.80931274579576" lon="115.87658743094288">
        <ele>39.7530785985291</ele>
        <time>1970-01-01T00:10:08.800000Z</time>
        <extensions>
          <gpxtpx:TrackPointExtension>
            <gpxtpx:hr>167</gpxtpx:hr>
          </gpxtpx:TrackPointExtension>
        </extensions>
      </trkpt>
      <trkpt lat="28.809334312024315" lon="115.87659191962186">
        <ele>39.73235045932233</ele>
        <time>1970-01-01T00:10:09.800000Z</time>
        <extensions>
          <gpxtpx:TrackPointExtension>
            <gpxtpx:hr>167</gpxtpx:hr>
          </gpxtpx:TrackPointExtension>
        </extensions>
      </trkpt>
      <trkpt lat="28.809355557501448" lon="115.87659467698309">
        <ele>39.71463995613158</ele>
        <time>1970-01-01T00:10:10.700000Z</time>
        <extensions>
          <gpxtpx:TrackPointExtension>
            <gpxtpx:hr>167</gpxtpx:hr>
          </gpxtpx:TrackPointExtension>
        </extensions>
      </trkpt>
      <trkpt lat="28.809376826738674" lon="115.87659803768706">
        <ele>39.69975665491074</ele>
        <time>1970-01-01T00:10:11.700000Z</time>
        <extensions>
          <gpxtpx:TrackPointExtension>
            <gpxtpx:hr>167</gpxtpx:hr>
          </gpxtpx:TrackPointExtension>
        </extensions>
      </trkpt>
      <trkpt lat="28.809398966283492" lon="115.87660445990036">
        <ele>39.68752430472523</ele>
        <time>1970-01-01T00:10:12.700000Z</time>
        <extensions>
          <gpxtpx:TrackPointExtension>
            <gpxtpx:hr>167</gpxtpx:hr>
          </gpxtpx:TrackPointExtension>
        </extensions>
      </trkpt>
      <trkpt lat="28.809421774542482" lon="115.87661341635354">
        <ele>39.67848983127624</ele>
        <time>1970-01-01T00:10:13.700000Z</time>
        <extensions>
          <gpxtpx:TrackPointExtension>
            <gpxtpx:hr>167</gpxtpx:hr>
          </gpxtpx:TrackPointExtension>
        </extensions>
      </trkpt>
      <trkpt lat="28.80944476597727" lon="115.87662346910594">
        <ele>39.673581847921014</ele>
        <time>1970-01-01T00:10:14.700000Z</time>
        <extensions>
          <gpxtpx:TrackPointExtension>
            <gpxtpx:hr>167</gpxtpx:hr>
          </gpxtpx:TrackPointExtension>
        </extensions>
      </trkpt>
      <trkpt lat="28.809467672447703" lon="115.87663386540402">
        <ele>39.67353585269302</ele>
        <time>1970-01-01T00:10:15.700000Z</time>
        <extensions>
          <gpxtpx:TrackPointExtension>
            <gpxtpx:hr>167</gpxtpx:hr>
          </gpxtpx:TrackPointExtension>
        </extensions>
      </trkpt>
      <trkpt lat="28.809490152643527" lon="115.8766444898898">
        <ele>39.67799010965973</ele>
        <time>1970-01-01T00:10:16.700000Z</time>
        <extensions>
          <gpxtpx:TrackPointExtension>
            <gpxtpx:hr>167</gpxtpx:hr>
          </gpxtpx:TrackPointExtension>
        </extensions>
      </trkpt>
      <trkpt lat="28.80951249642811" lon="115.87665541234308">
        <ele>39.68578136712313</ele>
        <time>1970-01-01T00:10:17.700000Z</time>
        <extensions>
          <gpxtpx:TrackPointExtension>
            <gpxtpx:hr>166</gpxtpx:hr>
          </gpxtpx:TrackPointExtension>
        </extensions>
      </trkpt>
      <trkpt lat="28.80953496685358" lon="115.8766665589818">
        <ele>39.695440934970975</ele>
        <time>1970-01-01T00:10:18.700000Z</time>
        <extensions>
          <gpxtpx:TrackPointExtension>
            <gpxtpx:hr>166</gpxtpx:hr>
          </gpxtpx:TrackPointExtension>
        </extensions>
      </trkpt>
      <trkpt lat="28.80955759845024" lon="115.87667780663152">
        <ele>39.70545000396669</ele>
        <time>1970-01-01T00:10:19.700000Z</time>
        <extensions>
          <gpxtpx:TrackPointExtension>
            <gpxtpx:hr>166</gpxtpx:hr>
          </gpxtpx:TrackPointExtension>
        </extensions>
      </trkpt>
      <trkpt lat="28.809580176538905" lon="115.87668893814988">
        <ele>39.71463092789054</ele>
        <time>1970-01-01T00:10:20.700000Z</time>
        <extensions>
          <gpxtpx:TrackPointExtension>
            <gpxtpx:hr>166</gpxtpx:hr>
          </gpxtpx:TrackPointExtension>
        </extensions>
      </trkpt>
      <trkpt lat="28.809602360553377" lon="115.87669988389236">
        <ele>39.7221503444016</ele>
        <time>1970-01-01T00:10:21.700000Z</time>
        <extensions>
          <gpxtpx:TrackPointExtension>
            <gpxtpx:hr>166</gpxtpx:hr>
          </gpxtpx:TrackPointExtension>
        </extensions>
      </trkpt>
      <trkpt lat="28.809623820583443" lon="115.8767108592168">
        <ele>39.72730886284262</ele>
        <time>1970-01-01T00:10:22.700000Z</time>
        <extensions>
          <gpxtpx:TrackPointExtension>
            <gpxtpx:hr>166</gpxtpx:hr>
          </gpxtpx:TrackPointExtension>
        </extensions>
      </trkpt>
      <trkpt lat="28.80964433150121" lon="115.87672218639011">
        <ele>39.72942019999027</ele>
        <time>1970-01-01T00:10:23.700000Z</time>
        <extensions>
          <gpxtpx:TrackPointExtension>
            <gpxtpx:hr>166</gpxtpx:hr>
          </gpxtpx:TrackPointExtension>
        </extensions>
      </trkpt>
      <trkpt lat="28.80966425751524" lon="115.87673345338847">
        <ele>39.728024759329855</ele>
        <time>1970-01-01T00:10:24.700000Z</time>
        <extensions>
          <gpxtpx:TrackPointExtension>
            <gpxtpx:hr>166</gpxtpx:hr>
          </gpxtpx:TrackPointExtension>
        </extensions>
      </trkpt>
      <trkpt lat="28.8096841111068" lon="115.87674385709128">
        <ele>39.723286889493465</ele>
        <time>1970-01-01T00:10:25.700000Z</time>
        <extensions>
          <gpxtpx:TrackPointExtension>
            <gpxtpx:hr>166</gpxtpx:hr>
          </gpxtpx:TrackPointExtension>
        </extensions>
      </trkpt>
      <trkpt lat="28.80970457381731" lon="115.87675377960385">
        <ele>39.71615203283727</ele>
        <time>1970-01-01T00:10:26.700000Z</time>
        <extensions>
          <gpxtpx:TrackPointExtension>
            <gpxtpx:hr>166</gpxtpx:hr>
          </gpxtpx:TrackPointExtension>
        </extensions>
      </trkpt>
      <trkpt lat="28.809726035056528" lon="115.87676361324952">
        <ele>39.70776857342571</ele>
        <time>1970-01-01T00:10:27.700000Z</time>
        <extensions>
          <gpxtpx:TrackPointExtension>
            <gpxtpx:hr>166</gpxtpx:hr>
          </gpxtpx:TrackPointExtension>
        </extensions>
      </trkpt>
      <trkpt lat="28.809748498204577" lon="115.87677333880758">
        <ele>39.69912740401924</ele>
        <time>1970-01-01T00:10:28.700000Z</time>
        <extensions>
          <gpxtpx:TrackPointExtension>
            <gpxtpx:hr>166</gpxtpx:hr>
          </gpxtpx:TrackPointExtension>
        </extensions>
      </trkpt>
      <trkpt lat="28.809771448415827" lon="115.87678342510497">
        <ele>39.69100785814226</ele>
        <time>1970-01-01T00:10:29.700000Z</time>
        <extensions>
          <gpxtpx:TrackPointExtension>
            <gpxtpx:hr>166</gpxtpx:hr>
          </gpxtpx:TrackPointExtension>
        </extensions>
      </trkpt>
      <trkpt lat="28.80979435248742" lon="115.87679381654301">
        <ele>39.68434495385736</ele>
        <time>1970-01-01T00:10:30.700000Z</time>
        <extensions>
          <gpxtpx:TrackPointExtension>
            <gpxtpx:hr>164</gpxtpx:hr>
          </gpxtpx:TrackPointExtension>
        </extensions>
      </trkpt>
      <trkpt lat="28.809817420659453" lon="115.87680401795363">
        <ele>39.67937979660928</ele>
        <time>1970-01-01T00:10:31.700000Z</time>
        <extensions>
          <gpxtpx:TrackPointExtension>
            <gpxtpx:hr>164</gpxtpx:hr>
          </gpxtpx:TrackPointExtension>
        </extensions>
      </trkpt>
      <trkpt lat="28.80984077868602" lon="115.87681357131028">
        <ele>39.67649531085044</ele>
        <time>1970-01-01T00:10:32.700000Z</time>
        <extensions>
          <gpxtpx:TrackPointExtension>
            <gpxtpx:hr>164</gpxtpx:hr>
          </gpxtpx:TrackPointExtension>
        </extensions>
      </trkpt>
      <trkpt lat="28.80986427224905" lon="115.87682222849674">
        <ele>39.675652768462896</ele>
        <time>1970-01-01T00:10:33.700000Z</time>
        <extensions>
          <gpxtpx:TrackPointExtension>
            <gpxtpx:hr>164</gpxtpx:hr>
          </gpxtpx:TrackPointExtension>
        </extensions>
      </trkpt>
      <trkpt lat="28.809887661623986" lon="115.87683031722749">
        <ele>39.67592069786042</ele>
        <time>1970-01-01T00:10:34.700000Z</time>
        <extensions>
          <gpxtpx:TrackPointExtension>
            <gpxtpx:hr>164</gpxtpx:hr>
          </gpxtpx:TrackPointExtension>
        </extensions>
      </trkpt>
      <trkpt lat="28.80991055763621" lon="115.87683839432036">
        <ele>39.67537263035774</ele>
        <time>1970-01-01T00:10:35.700000Z</time>
        <extensions>
          <gpxtpx:TrackPointExtension>
            <gpxtpx:hr>164</gpxtpx:hr>
          </gpxtpx:TrackPointExtension>
        </extensions>
      </trkpt>
      <trkpt lat="28.8099327329423" lon="115.87684682836887">
        <ele>39.67291055433452</ele>
        <time>1970-01-01T00:10:36.700000Z</time>
        <extensions>
          <gpxtpx:TrackPointExtension>
            <gpxtpx:hr>164</gpxtpx:hr>
          </gpxtpx:TrackPointExtension>
        </extensions>
      </trkpt>
      <trkpt lat="28.809954085130205" lon="115.87685587133454">
        <ele>39.66713793575764</ele>
        <time>1970-01-01T00:10:37.700000Z</time>
        <extensions>
          <gpxtpx:TrackPointExtension>
            <gpxtpx:hr>164</gpxtpx:hr>
          </gpxtpx:TrackPointExtension>
        </extensions>
      </trkpt>
      <trkpt lat="28.809974734563607" lon="115.87686598317234">
        <ele>39.656326225958765</ele>
        <time>1970-01-01T00:10:38.700000Z</time>
        <extensions>
          <gpxtpx:TrackPointExtension>
            <gpxtpx:hr>164</gpxtpx:hr>
          </gpxtpx:TrackPointExtension>
        </extensions>
      </trkpt>
      <trkpt lat="28.809995144838226" lon="115.8768771915796">
        <ele>39.63877995777875</ele>
        <time>1970-01-01T00:10:39.700000Z</time>
        <extensions>
          <gpxtpx:TrackPointExtension>
            <gpxtpx:hr>164</gpxtpx:hr>
          </gpxtpx:TrackPointExtension>
        </extensions>
      </trkpt>
      <trkpt lat="28.810015083634987" lon="115.87688851973044">
        <ele>39.613399715162814</ele>
        <time>1970-01-01T00:10:40.700000Z</time>
        <extensions>
          <gpxtpx:TrackPointExtension>
            <gpxtpx:hr>164</gpxtpx:hr>
          </gpxtpx:TrackPointExtension>
        </extensions>
      </trkpt>
      <trkpt lat="28.810033608336276" lon="115.8768982572098">
        <ele>39.580580692738295</ele>
        <time>1970-01-01T00:10:41.700000Z</time>
        <extensions>
          <gpxtpx:TrackPointExtension>
            <gpxtpx:hr>164</gpxtpx:hr>
          </gpxtpx:TrackPointExtension>
        </extensions>
      </trkpt>
      <trkpt lat="28.81005033329366" lon="115.87690481851054">
        <ele>39.542287547141314</ele>
        <time>1970-01-01T00:10:42.700000Z</time>
        <extensions>
          <gpxtpx:TrackPointExtension>
            <gpxtpx:hr>164</gpxtpx:hr>
          </gpxtpx:TrackPointExtension>
        </extensions>
      </trkpt>
      <trkpt lat="28.810065416424532" lon="115.8769084323834">
        <ele>39.50194119568914</ele>
        <time>1970-01-01T00:10:43.700000Z</time>
        <extensions>
          <gpxtpx:TrackPointExtension>
            <gpxtpx:hr>164</gpxtpx:hr>
          </gpxtpx:TrackPointExtension>
        </extensions>
      </trkpt>
      <trkpt lat="28.8100796549152" lon="115.87691063300802">
        <ele>39.463840204291046</ele>
        <time>1970-01-01T00:10:44.700000Z</time>
        <extensions>
          <gpxtpx:TrackPointExtension>
            <gpxtpx:hr>164</gpxtpx:hr>
          </gpxtpx:TrackPointExtension>
        </extensions>
      </trkpt>
      <trkpt lat="28.810095775858386" lon="115.87691345231707">
        <ele>39.43200112041086</ele>
        <time>1970-01-01T00:10:45.700000Z</time>
        <extensions>
          <gpxtpx:TrackPointExtension>
            <gpxtpx:hr>164</gpxtpx:hr>
          </gpxtpx:TrackPointExtension>
        </extensions>
      </trkpt>
      <trkpt lat="28.810115292261468" lon="115.87691813591513">
        <ele>39.40847141761333</ele>
        <time>1970-01-01T00:10:46.700000Z</time>
        <extensions>
          <gpxtpx:TrackPointExtension>
            <gpxtpx:hr>164</gpxtpx:hr>
          </gpxtpx:TrackPointExtension>
        </extensions>
      </trkpt>
      <trkpt lat="28.810137162091507" lon="115.87692439250789">
        <ele>39.393564091064036</ele>
        <time>1970-01-01T00:10:47.700000Z</time>
        <extensions>
          <gpxtpx:TrackPointExtension>
            <gpxtpx:hr>164</gpxtpx:hr>
          </gpxtpx:TrackPointExtension>
        </extensions>
      </trkpt>
      <trkpt lat="28.810160835613168" lon="115.87693225972224">
        <ele>39.386568766087294</ele>
        <time>1970-01-01T00:10:48.700000Z</time>
        <extensions>
          <gpxtpx:TrackPointExtension>
            <gpxtpx:hr>164</gpxtpx:hr>
          </gpxtpx:TrackPointExtension>
        </extensions>
      </trkpt>
      <trkpt lat="28.810186749312756" lon="115.87694181286992">
        <ele>39.38644453138113</ele>
        <time>1970-01-01T00:10:49.700000Z</time>
        <extensions>
          <gpxtpx:TrackPointExtension>
            <gpxtpx:hr>164</gpxtpx:hr>
          </gpxtpx:TrackPointExtension>
        </extensions>
      </trkpt>
      <trkpt lat="28.810214533909125" lon="115.87695251831421">
        <ele>39.3920335136354</ele>
        <time>1970-01-01T00:10:50.700000Z</time>
        <extensions>
          <gpxtpx:TrackPointExtension>
            <gpxtpx:hr>164</gpxtpx:hr>
          </gpxtpx:TrackPointExtension>
        </extensions>
      </trkpt>
      <trkpt lat="28.810243657828973" lon="115.87696419930856">
        <ele>39.401324081234634</ele>
        <time>1970-01-01T00:10:51.700000Z</time>
        <extensions>
          <gpxtpx:TrackPointExtension>
            <gpxtpx:hr>164</gpxtpx:hr>
          </gpxtpx:TrackPointExtension>
        </extensions>
      </trkpt>
      <trkpt lat="28.81027360847635" lon="115.87697628895647">
        <ele>39.41162431798875</ele>
        <time>1970-01-01T00:10:52.700000Z</time>
        <extensions>
          <gpxtpx:TrackPointExtension>
            <gpxtpx:hr>164</gpxtpx:hr>
          </gpxtpx:TrackPointExtension>
        </extensions>
      </trkpt>
      <trkpt lat="28.81030392410544" lon="115.87698807991922">
        <ele>39.41994503699243</ele>
        <time>1970-01-01T00:10:53.700000Z</time>
        <extensions>
          <gpxtpx:TrackPointExtension>
            <gpxtpx:hr>164</gpxtpx:hr>
          </gpxtpx:TrackPointExtension>
        </extensions>
      </trkpt>
      <trkpt lat="28.810334261522215" lon="115.87699912434519">
        <ele>39.424071468412876</ele>
        <time>1970-01-01T00:10:54.700000Z</time>
        <extensions>
          <gpxtpx:TrackPointExtension>
            <gpxtpx:hr>164</gpxtpx:hr>
          </gpxtpx:TrackPointExtension>
        </extensions>
      </trkpt>
      <trkpt lat="28.810364534055694" lon="115.87700912834686">
        <ele>39.42209430877119</ele>
        <time>1970-01-01T00:10:55.700000Z</time>
        <extensions>
          <gpxtpx:TrackPointExtension>
            <gpxtpx:hr>164</gpxtpx:hr>
          </gpxtpx:TrackPointExtension>
        </extensions>
      </trkpt>
      <trkpt lat="28.810394304284646" lon="115.87701824475346">
        <ele>39.41308502480388</ele>
        <time>1970-01-01T00:10:56.700000Z</time>
        <extensions>
          <gpxtpx:TrackPointExtension>
            <gpxtpx:hr>164</gpxtpx:hr>
          </gpxtpx:TrackPointExtension>
        </extensions>
      </trkpt>
      <trkpt lat="28.81042303551424" lon="115.87702730565044">
        <ele>39.39710320811719</ele>
        <time>1970-01-01T00:10:57.700000Z</time>
        <extensions>
          <gpxtpx:TrackPointExtension>
            <gpxtpx:hr>164</gpxtpx:hr>
          </gpxtpx:TrackPointExtension>
        </extensions>
      </trkpt>
      <trkpt lat="28.81045061096431" lon="115.87703711559271">
        <ele>39.37519208807498</ele>
        <time>1970-01-01T00:10:58.700000Z</time>
        <extensions>
          <gpxtpx:TrackPointExtension>
            <gpxtpx:hr>164</gpxtpx:hr>
          </gpxtpx:TrackPointExtension>
        </extensions>
      </trkpt>
      <trkpt lat="28.810477155671162" lon="115.87704802720263">
        <ele>39.34725905954838</ele>
        <time>1970-01-01T00:10:59.700000Z</time>
        <extensions>
          <gpxtpx:TrackPointExtension>
            <gpxtpx:hr>163</gpxtpx:hr>
          </gpxtpx:TrackPointExtension>
        </extensions>
      </trkpt>
      <trkpt lat="28.81050296365948" lon="115.87706015272164">
        <ele>39.31363483797759</ele>
        <time>1970-01-01T00:11:00.700000Z</time>
        <extensions>
          <gpxtpx:TrackPointExtension>
            <gpxtpx:hr>163</gpxtpx:hr>
          </gpxtpx:TrackPointExtension>
        </extensions>
      </trkpt>
      <trkpt lat="28.810528958027845" lon="115.87707319060911">
        <ele>39.27573856059462</ele>
        <time>1970-01-01T00:11:01.700000Z</time>
        <extensions>
          <gpxtpx:TrackPointExtension>
            <gpxtpx:hr>163</gpxtpx:hr>
          </gpxtpx:TrackPointExtension>
        </extensions>
      </trkpt>
      <trkpt lat="28.810555610929804" lon="115.87708671857426">
        <ele>39.23604208882898</ele>
        <time>1970-01-01T00:11:02.700000Z</time>
        <extensions>
          <gpxtpx:TrackPointExtension>
            <gpxtpx:hr>163</gpxtpx:hr>
          </gpxtpx:TrackPointExtension>
        </extensions>
      </trkpt>
      <trkpt lat="28.81058264705209" lon="115.87710045554519">
        <ele>39.19654612522572</ele>
        <time>1970-01-01T00:11:03.700000Z</time>
        <extensions>
          <gpxtpx:TrackPointExtension>
            <gpxtpx:hr>163</gpxtpx:hr>
          </gpxtpx:TrackPointExtension>
        </extensions>
      </trkpt>
      <trkpt lat="28.810609424977216" lon="115.87711420854987">
        <ele>39.15853773057461</ele>
        <time>1970-01-01T00:11:04.700000Z</time>
        <extensions>
          <gpxtpx:TrackPointExtension>
            <gpxtpx:hr>162</gpxtpx:hr>
          </gpxtpx:TrackPointExtension>
        </extensions>
      </trkpt>
      <trkpt lat="28.810635553917983" lon="115.87712763028269">
        <ele>39.12215511966497</ele>
        <time>1970-01-01T00:11:05.700000Z</time>
        <extensions>
          <gpxtpx:TrackPointExtension>
            <gpxtpx:hr>162</gpxtpx:hr>
          </gpxtpx:TrackPointExtension>
        </extensions>
      </trkpt>
      <trkpt lat="28.81066106524198" lon="115.87714062311757">
        <ele>39.08650198485702</ele>
        <time>1970-01-01T00:11:06.700000Z</time>
        <extensions>
          <gpxtpx:TrackPointExtension>
            <gpxtpx:hr>162</gpxtpx:hr>
          </gpxtpx:TrackPointExtension>
        </extensions>
      </trkpt>
      <trkpt lat="28.810686232477806" lon="115.8771535642728">
        <ele>39.05017287004739</ele>
        <time>1970-01-01T00:11:07.700000Z</time>
        <extensions>
          <gpxtpx:TrackPointExtension>
            <gpxtpx:hr>162</gpxtpx:hr>
          </gpxtpx:TrackPointExtension>
        </extensions>
      </trkpt>
      <trkpt lat="28.81071177454866" lon="115.87716639733766">
        <ele>39.01262021437287</ele>
        <time>1970-01-01T00:11:08.700000Z</time>
        <extensions>
          <gpxtpx:TrackPointExtension>
            <gpxtpx:hr>162</gpxtpx:hr>
          </gpxtpx:TrackPointExtension>
        </extensions>
      </trkpt>
      <trkpt lat="28.81073753385595" lon="115.87717895452437">
        <ele>38.97473695781082</ele>
        <time>1970-01-01T00:11:09.700000Z</time>
        <extensions>
          <gpxtpx:TrackPointExtension>
            <gpxtpx:hr>162</gpxtpx:hr>
          </gpxtpx:TrackPointExtension>
        </extensions>
      </trkpt>
      <trkpt lat="28.81076286164079" lon="115.8771915210205">
        <ele>38.93831295706332</ele>
        <time>1970-01-01T00:11:10.700000Z</time>
        <extensions>
          <gpxtpx:TrackPointExtension>
            <gpxtpx:hr>160</gpxtpx:hr>
          </gpxtpx:TrackPointExtension>
        </extensions>
      </trkpt>
      <trkpt lat="28.810787549115062" lon="115.87720438830983">
        <ele>38.90496349427849</ele>
        <time>1970-01-01T00:11:11.700000Z</time>
        <extensions>
          <gpxtpx:TrackPointExtension>
            <gpxtpx:hr>160</gpxtpx:hr>
          </gpxtpx:TrackPointExtension>
        </extensions>
      </trkpt>
      <trkpt lat="28.810811676483137" lon="115.87721751525262">
        <ele>38.875627907924354</ele>
        <time>1970-01-01T00:11:12.700000Z</time>
        <extensions>
          <gpxtpx:TrackPointExtension>
            <gpxtpx:hr>160</gpxtpx:hr>
          </gpxtpx:TrackPointExtension>
        </extensions>
      </trkpt>
      <trkpt lat="28.810835490792112" lon="115.87723061923613">
        <ele>38.850277638062835</ele>
        <time>1970-01-01T00:11:13.700000Z</time>
        <extensions>
          <gpxtpx:TrackPointExtension>
            <gpxtpx:hr>160</gpxtpx:hr>
          </gpxtpx:TrackPointExtension>
        </extensions>
      </trkpt>
      <trkpt lat="28.81085923418901" lon="115.8772436502458">
        <ele>38.82828763872385</ele>
        <time>1970-01-01T00:11:14.700000Z</time>
        <extensions>
          <gpxtpx:TrackPointExtension>
            <gpxtpx:hr>160</gpxtpx:hr>
          </gpxtpx:TrackPointExtension>
        </extensions>
      </trkpt>
      <trkpt lat="28.81088260696273" lon="115.87725613807555">
        <ele>38.80872855614871</ele>
        <time>1970-01-01T00:11:15.700000Z</time>
        <extensions>
          <gpxtpx:TrackPointExtension>
            <gpxtpx:hr>160</gpxtpx:hr>
          </gpxtpx:TrackPointExtension>
        </extensions>
      </trkpt>
      <trkpt lat="28.810905880540485" lon="115.87726769887554">
        <ele>38.79072762746364</ele>
        <time>1970-01-01T00:11:16.700000Z</time>
        <extensions>
          <gpxtpx:TrackPointExtension>
            <gpxtpx:hr>160</gpxtpx:hr>
          </gpxtpx:TrackPointExtension>
        </extensions>
      </trkpt>
      <trkpt lat="28.810929305245278" lon="115.87727824029407">
        <ele>38.77378078456968</ele>
        <time>1970-01-01T00:11:17.700000Z</time>
        <extensions>
          <gpxtpx:TrackPointExtension>
            <gpxtpx:hr>160</gpxtpx:hr>
          </gpxtpx:TrackPointExtension>
        </extensions>
      </trkpt>
      <trkpt lat="28.81095194955468" lon="115.87728745648738">
        <ele>38.757783913984895</ele>
        <time>1970-01-01T00:11:18.700000Z</time>
        <extensions>
          <gpxtpx:TrackPointExtension>
            <gpxtpx:hr>160</gpxtpx:hr>
          </gpxtpx:TrackPointExtension>
        </extensions>
      </trkpt>
      <trkpt lat="28.810972834767334" lon="115.87729559827432">
        <ele>38.74307273328304</ele>
        <time>1970-01-01T00:11:19.700000Z</time>
        <extensions>
          <gpxtpx:TrackPointExtension>
            <gpxtpx:hr>160</gpxtpx:hr>
          </gpxtpx:TrackPointExtension>
        </extensions>
      </trkpt>
      <trkpt lat="28.810992150314426" lon="115.87730348707653">
        <ele>38.73030796833336</ele>
        <time>1970-01-01T00:11:20.700000Z</time>
        <extensions>
          <gpxtpx:TrackPointExtension>
            <gpxtpx:hr>160</gpxtpx:hr>
          </gpxtpx:TrackPointExtension>
        </extensions>
      </trkpt>
      <trkpt lat="28.811011362714517" lon="115.87731197411232">
        <ele>38.72040792554617</ele>
        <time>1970-01-01T00:11:21.700000Z</time>
        <extensions>
          <gpxtpx:TrackPointExtension>
            <gpxtpx:hr>162</gpxtpx:hr>
          </gpxtpx:TrackPointExtension>
        </extensions>
      </trkpt>
      <trkpt lat="28.811031584408575" lon="115.87732187361455">
        <ele>38.713743625208735</ele>
        <time>1970-01-01T00:11:22.700000Z</time>
        <extensions>
          <gpxtpx:TrackPointExtension>
            <gpxtpx:hr>162</gpxtpx:hr>
          </gpxtpx:TrackPointExtension>
        </extensions>
      </trkpt>
      <trkpt lat="28.811052935568675" lon="115.87733370783215">
        <ele>38.71051340457052</ele>
        <time>1970-01-01T00:11:23.700000Z</time>
        <extensions>
          <gpxtpx:TrackPointExtension>
            <gpxtpx:hr>162</gpxtpx:hr>
          </gpxtpx:TrackPointExtension>
        </extensions>
      </trkpt>
      <trkpt lat="28.81107535588661" lon="115.87734698161893">
        <ele>38.71041102986783</ele>
        <time>1970-01-01T00:11:24.700000Z</time>
        <extensions>
          <gpxtpx:TrackPointExtension>
            <gpxtpx:hr>162</gpxtpx:hr>
          </gpxtpx:TrackPointExtension>
        </extensions>
      </trkpt>
      <trkpt lat="28.811098862328315" lon="115.87736012140515">
        <ele>38.71254219021648</ele>
        <time>1970-01-01T00:11:25.700000Z</time>
        <extensions>
          <gpxtpx:TrackPointExtension>
            <gpxtpx:hr>162</gpxtpx:hr>
          </gpxtpx:TrackPointExtension>
        </extensions>
      </trkpt>
      <trkpt lat="28.811123458876928" lon="115.87737212562773">
        <ele>38.71564008016139</ele>
        <time>1970-01-01T00:11:26.700000Z</time>
        <extensions>
          <gpxtpx:TrackPointExtension>
            <gpxtpx:hr>162</gpxtpx:hr>
          </gpxtpx:TrackPointExtension>
        </extensions>
      </trkpt>
      <trkpt lat="28.8111485807776" lon="115.87738336773907">
        <ele>38.71829835418612</ele>
        <time>1970-01-01T00:11:27.700000Z</time>
        <extensions>
          <gpxtpx:TrackPointExtension>
            <gpxtpx:hr>162</gpxtpx:hr>
          </gpxtpx:TrackPointExtension>
        </extensions>
      </trkpt>
      <trkpt lat="28.811173978931958" lon="115.87739454261518">
        <ele>38.71885210182518</ele>
        <time>1970-01-01T00:11:28.700000Z</time>
        <extensions>
          <gpxtpx:TrackPointExtension>
            <gpxtpx:hr>162</gpxtpx:hr>
          </gpxtpx:TrackPointExtension>
        </extensions>
      </trkpt>
      <trkpt lat="28.81119939195875" lon="115.87740611768675">
        <ele>38.71557546034455</ele>
        <time>1970-01-01T00:11:29.700000Z</time>
        <extensions>
          <gpxtpx:TrackPointExtension>
            <gpxtpx:hr>162</gpxtpx:hr>
          </gpxtpx:TrackPointExtension>
        </extensions>
      </trkpt>
      <trkpt lat="28.811224243989855" lon="115.87741823274962">
        <ele>38.70703586842865</ele>
        <time>1970-01-01T00:11:30.700000Z</time>
        <extensions>
          <gpxtpx:TrackPointExtension>
            <gpxtpx:hr>162</gpxtpx:hr>
          </gpxtpx:TrackPointExtension>
        </extensions>
      </trkpt>
      <trkpt lat="28.81124817501821" lon="115.87743030171262">
        <ele>38.6922235712409</ele>
        <time>1970-01-01T00:11:31.700000Z</time>
        <extensions>
          <gpxtpx:TrackPointExtension>
            <gpxtpx:hr>162</gpxtpx:hr>
          </gpxtpx:TrackPointExtension>
        </extensions>
      </trkpt>
      <trkpt lat="28.811271379219225" lon="115.8774419968324">
        <ele>38.67098129540682</ele>
        <time>1970-01-01T00:11:32.700000Z</time>
        <extensions>
          <gpxtpx:TrackPointExtension>
            <gpxtpx:hr>162</gpxtpx:hr>
          </gpxtpx:TrackPointExtension>
        </extensions>
      </trkpt>
      <trkpt lat="28.81129381671368" lon="115.87745349200016">
        <ele>38.64392613153905</ele>
        <time>1970-01-01T00:11:33.700000Z</time>
        <extensions>
          <gpxtpx:TrackPointExtension>
            <gpxtpx:hr>162</gpxtpx:hr>
          </gpxtpx:TrackPointExtension>
        </extensions>
      </trkpt>
      <trkpt lat="28.811315340043276" lon="115.87746493644624">
        <ele>38.61238532792777</ele>
        <time>1970-01-01T00:11:34.700000Z</time>
        <extensions>
          <gpxtpx:TrackPointExtension>
            <gpxtpx:hr>162</gpxtpx:hr>
          </gpxtpx:TrackPointExtension>
        </extensions>
      </trkpt>
      <trkpt lat="28.81133587776346" lon="115.87747599258574">
        <ele>38.57834840286523</ele>
        <time>1970-01-01T00:11:35.700000Z</time>
        <extensions>
          <gpxtpx:TrackPointExtension>
            <gpxtpx:hr>162</gpxtpx:hr>
          </gpxtpx:TrackPointExtension>
        </extensions>
      </trkpt>
      <trkpt lat="28.81135590106216" lon="115.87748623406152">
        <ele>38.54413593187928</ele>
        <time>1970-01-01T00:11:36.700000Z</time>
        <extensions>
          <gpxtpx:TrackPointExtension>
            <gpxtpx:hr>162</gpxtpx:hr>
          </gpxtpx:TrackPointExtension>
        </extensions>
      </trkpt>
      <trkpt lat="28.811376074823848" lon="115.87749540317171">
        <ele>38.51158716157079</ele>
        <time>1970-01-01T00:11:37.700000Z</time>
        <extensions>
          <gpxtpx:TrackPointExtension>
            <gpxtpx:hr>163</gpxtpx:hr>
          </gpxtpx:TrackPointExtension>
        </extensions>
      </trkpt>
      <trkpt lat="28.811396848909936" lon="115.8775040340142">
        <ele>38.48201169911772</ele>
        <time>1970-01-01T00:11:38.700000Z</time>
        <extensions>
          <gpxtpx:TrackPointExtension>
            <gpxtpx:hr>163</gpxtpx:hr>
          </gpxtpx:TrackPointExtension>
        </extensions>
      </trkpt>
      <trkpt lat="28.811418372993003" lon="115.87751271354018">
        <ele>38.45612815208733</ele>
        <time>1970-01-01T00:11:39.700000Z</time>
        <extensions>
          <gpxtpx:TrackPointExtension>
            <gpxtpx:hr>163</gpxtpx:hr>
          </gpxtpx:TrackPointExtension>
        </extensions>
      </trkpt>
      <trkpt lat="28.81144099312504" lon="115.87752154228399">
        <ele>38.43429708946496</ele>
        <time>1970-01-01T00:11:40.700000Z</time>
        <extensions>
          <gpxtpx:TrackPointExtension>
            <gpxtpx:hr>163</gpxtpx:hr>
          </gpxtpx:TrackPointExtension>
        </extensions>
      </trkpt>
      <trkpt lat="28.81146519818532" lon="115.87753064105969">
        <ele>38.41638729907572</ele>
        <time>1970-01-01T00:11:41.700000Z</time>
        <extensions>
          <gpxtpx:TrackPointExtension>
            <gpxtpx:hr>163</gpxtpx:hr>
          </gpxtpx:TrackPointExtension>
        </extensions>
      </trkpt>
      <trkpt lat="28.811491158416654" lon="115.87754019954545">
        <ele>38.40127217583358</ele>
        <time>1970-01-01T00:11:42.700000Z</time>
        <extensions>
          <gpxtpx:TrackPointExtension>
            <gpxtpx:hr>163</gpxtpx:hr>
          </gpxtpx:TrackPointExtension>
        </extensions>
      </trkpt>
      <trkpt lat="28.811518445151293" lon="115.87755007795928">
        <ele>38.389376000501215</ele>
        <time>1970-01-01T00:11:43.700000Z</time>
        <extensions>
          <gpxtpx:TrackPointExtension>
            <gpxtpx:hr>163</gpxtpx:hr>
          </gpxtpx:TrackPointExtension>
        </extensions>
      </trkpt>
      <trkpt lat="28.811545468837274" lon="115.87755953721368">
        <ele>38.379119652323425</ele>
        <time>1970-01-01T00:11:44.700000Z</time>
        <extensions>
          <gpxtpx:TrackPointExtension>
            <gpxtpx:hr>163</gpxtpx:hr>
          </gpxtpx:TrackPointExtension>
        </extensions>
      </trkpt>
      <trkpt lat="28.811572231325886" lon="115.87756871400374">
        <ele>38.36955140158534</ele>
        <time>1970-01-01T00:11:45.700000Z</time>
        <extensions>
          <gpxtpx:TrackPointExtension>
            <gpxtpx:hr>163</gpxtpx:hr>
          </gpxtpx:TrackPointExtension>
        </extensions>
      </trkpt>
      <trkpt lat="28.811599069799247" lon="115.87757805683869">
        <ele>38.35992678347975</ele>
        <time>1970-01-01T00:11:46.700000Z</time>
        <extensions>
          <gpxtpx:TrackPointExtension>
            <gpxtpx:hr>163</gpxtpx:hr>
          </gpxtpx:TrackPointExtension>
        </extensions>
      </trkpt>
      <trkpt lat="28.811625532520285" lon="115.87758766386963">
        <ele>38.350303549319506</ele>
        <time>1970-01-01T00:11:47.700000Z</time>
        <extensions>
          <gpxtpx:TrackPointExtension>
            <gpxtpx:hr>162</gpxtpx:hr>
          </gpxtpx:TrackPointExtension>
        </extensions>
      </trkpt>
      <trkpt lat="28.8116516996635" lon="115.8775975660488">
        <ele>38.34144309069961</ele>
        <time>1970-01-01T00:11:48.700000Z</time>
        <extensions>
          <gpxtpx:TrackPointExtension>
            <gpxtpx:hr>162</gpxtpx:hr>
          </gpxtpx:TrackPointExtension>
        </extensions>
      </trkpt>
      <trkpt lat="28.811677792289384" lon="115.87760784315883">
        <ele>38.33438578527421</ele>
        <time>1970-01-01T00:11:49.700000Z</time>
        <extensions>
          <gpxtpx:TrackPointExtension>
            <gpxtpx:hr>162</gpxtpx:hr>
          </gpxtpx:TrackPointExtension>
        </extensions>
      </trkpt>
      <trkpt lat="28.811704147659558" lon="115.87761869631873">
        <ele>38.329819114878774</ele>
        <time>1970-01-01T00:11:50.700000Z</time>
        <extensions>
          <gpxtpx:TrackPointExtension>
            <gpxtpx:hr>162</gpxtpx:hr>
          </gpxtpx:TrackPointExtension>
        </extensions>
      </trkpt>
      <trkpt lat="28.811730802149203" lon="115.87763001929906">
        <ele>38.32854437083006</ele>
        <time>1970-01-01T00:11:51.700000Z</time>
        <extensions>
          <gpxtpx:TrackPointExtension>
            <gpxtpx:hr>162</gpxtpx:hr>
          </gpxtpx:TrackPointExtension>
        </extensions>
      </trkpt>
      <trkpt lat="28.81175880193257" lon="115.87764189210668">
        <ele>38.329968091100454</ele>
        <time>1970-01-01T00:11:52.800000Z</time>
        <extensions>
          <gpxtpx:TrackPointExtension>
            <gpxtpx:hr>162</gpxtpx:hr>
          </gpxtpx:TrackPointExtension>
        </extensions>
      </trkpt>
      <trkpt lat="28.811784506213623" lon="115.87765237081803">
        <ele>38.3335406081751</ele>
        <time>1970-01-01T00:11:53.700000Z</time>
        <extensions>
          <gpxtpx:TrackPointExtension>
            <gpxtpx:hr>162</gpxtpx:hr>
          </gpxtpx:TrackPointExtension>
        </extensions>
      </trkpt>
      <trkpt lat="28.811812070390133" lon="115.87766290850442">
        <ele>38.33976868353784</ele>
        <time>1970-01-01T00:11:54.700000Z</time>
        <extensions>
          <gpxtpx:TrackPointExtension>
            <gpxtpx:hr>162</gpxtpx:hr>
          </gpxtpx:TrackPointExtension>
        </extensions>
      </trkpt>
      <trkpt lat="28.811839625529135" lon="115.87767268171756">
        <ele>38.34924964234233</ele>
        <time>1970-01-01T00:11:55.700000Z</time>
        <extensions>
          <gpxtpx:TrackPointExtension>
            <gpxtpx:hr>162</gpxtpx:hr>
          </gpxtpx:TrackPointExtension>
        </extensions>
      </trkpt>
      <trkpt lat="28.811866779488405" lon="115.87768197402558">
        <ele>38.361108985729516</ele>
        <time>1970-01-01T00:11:56.700000Z</time>
        <extensions>
          <gpxtpx:TrackPointExtension>
            <gpxtpx:hr>162</gpxtpx:hr>
          </gpxtpx:TrackPointExtension>
        </extensions>
      </trkpt>
      <trkpt lat="28.81189349099118" lon="115.87769153601457">
        <ele>38.37377398647368</ele>
        <time>1970-01-01T00:11:57.700000Z</time>
        <extensions>
          <gpxtpx:TrackPointExtension>
            <gpxtpx:hr>164</gpxtpx:hr>
          </gpxtpx:TrackPointExtension>
        </extensions>
      </trkpt>
      <trkpt lat="28.81191935273825" lon="115.87770148794371">
        <ele>38.38500894792378</ele>
        <time>1970-01-01T00:11:58.700000Z</time>
        <extensions>
          <gpxtpx:TrackPointExtension>
            <gpxtpx:hr>164</gpxtpx:hr>
          </gpxtpx:TrackPointExtension>
        </extensions>
      </trkpt>
      <trkpt lat="28.811944612359138" lon="115.87771092059396">
        <ele>38.39246743731201</ele>
        <time>1970-01-01T00:11:59.700000Z</time>
        <extensions>
          <gpxtpx:TrackPointExtension>
            <gpxtpx:hr>164</gpxtpx:hr>
          </gpxtpx:TrackPointExtension>
        </extensions>
      </trkpt>
      <trkpt lat="28.81196980175699" lon="115.87771899835496">
        <ele>38.39452967885882</ele>
        <time>1970-01-01T00:12:00.700000Z</time>
        <extensions>
          <gpxtpx:TrackPointExtension>
            <gpxtpx:hr>164</gpxtpx:hr>
          </gpxtpx:TrackPointExtension>
        </extensions>
      </trkpt>
      <trkpt lat="28.811995051051724" lon="115.87772546355849">
        <ele>38.3904084879905</ele>
        <time>1970-01-01T00:12:01.700000Z</time>
        <extensions>
          <gpxtpx:TrackPointExtension>
            <gpxtpx:hr>164</gpxtpx:hr>
          </gpxtpx:TrackPointExtension>
        </extensions>
      </trkpt>
      <trkpt lat="28.812020853054992" lon="115.87773064800604">
        <ele>38.38024681713432</ele>
        <time>1970-01-01T00:12:02.700000Z</time>
        <extensions>
          <gpxtpx:TrackPointExtension>
            <gpxtpx:hr>164</gpxtpx:hr>
          </gpxtpx:TrackPointExtension>
        </extensions>
      </trkpt>
      <trkpt lat="28.81204739085005" lon="115.8777358017202">
        <ele>38.36489902343601</ele>
        <time>1970-01-01T00:12:03.700000Z</time>
        <extensions>
          <gpxtpx:TrackPointExtension>
            <gpxtpx:hr>165</gpxtpx:hr>
          </gpxtpx:TrackPointExtension>
        </extensions>
      </trkpt>
      <trkpt lat="28.812073872710364" lon="115.87774210066904">
        <ele>38.34567518159747</ele>
        <time>1970-01-01T00:12:04.700000Z</time>
        <extensions>
          <gpxtpx:TrackPointExtension>
            <gpxtpx:hr>165</gpxtpx:hr>
          </gpxtpx:TrackPointExtension>
        </extensions>
      </trkpt>
      <trkpt lat="28.812099757753625" lon="115.87774985149767">
        <ele>38.32340125180781</ele>
        <time>1970-01-01T00:12:05.700000Z</time>
        <extensions>
          <gpxtpx:TrackPointExtension>
            <gpxtpx:hr>165</gpxtpx:hr>
          </gpxtpx:TrackPointExtension>
        </extensions>
      </trkpt>
      <trkpt lat="28.812124989776088" lon="115.87775841784368">
        <ele>38.298535947687924</ele>
        <time>1970-01-01T00:12:06.700000Z</time>
        <extensions>
          <gpxtpx:TrackPointExtension>
            <gpxtpx:hr>165</gpxtpx:hr>
          </gpxtpx:TrackPointExtension>
        </extensions>
      </trkpt>
      <trkpt lat="28.81214946640468" lon="115.87776754673419">
        <ele>38.27139397803694</ele>
        <time>1970-01-01T00:12:07.700000Z</time>
        <extensions>
          <gpxtpx:TrackPointExtension>
            <gpxtpx:hr>165</gpxtpx:hr>
          </gpxtpx:TrackPointExtension>
        </extensions>
      </trkpt>
      <trkpt lat="28.812173847924914" lon="115.87777758328762">
        <ele>38.242803392000496</ele>
        <time>1970-01-01T00:12:08.700000Z</time>
        <extensions>
          <gpxtpx:TrackPointExtension>
            <gpxtpx:hr>165</gpxtpx:hr>
          </gpxtpx:TrackPointExtension>
        </extensions>
      </trkpt>
      <trkpt lat="28.81219852027557" lon="115.87778852071563">
        <ele>38.213313560932875</ele>
        <time>1970-01-01T00:12:09.700000Z</time>
        <extensions>
          <gpxtpx:TrackPointExtension>
            <gpxtpx:hr>165</gpxtpx:hr>
          </gpxtpx:TrackPointExtension>
        </extensions>
      </trkpt>
      <trkpt lat="28.812223160975265" lon="115.87779936951186">
        <ele>38.18310758564621</ele>
        <time>1970-01-01T00:12:10.700000Z</time>
        <extensions>
          <gpxtpx:TrackPointExtension>
            <gpxtpx:hr>165</gpxtpx:hr>
          </gpxtpx:TrackPointExtension>
        </extensions>
      </trkpt>
      <trkpt lat="28.812247733348467" lon="115.87780933250077">
        <ele>38.15212405845523</ele>
        <time>1970-01-01T00:12:11.700000Z</time>
        <extensions>
          <gpxtpx:TrackPointExtension>
            <gpxtpx:hr>165</gpxtpx:hr>
          </gpxtpx:TrackPointExtension>
        </extensions>
      </trkpt>
      <trkpt lat="28.81227221364946" lon="115.87781864812578">
        <ele>38.12035768572241</ele>
        <time>1970-01-01T00:12:12.700000Z</time>
        <extensions>
          <gpxtpx:TrackPointExtension>
            <gpxtpx:hr>165</gpxtpx:hr>
          </gpxtpx:TrackPointExtension>
        </extensions>
      </trkpt>
      <trkpt lat="28.812296334646625" lon="115.87782756123494">
        <ele>38.08792848326266</ele>
        <time>1970-01-01T00:12:13.700000Z</time>
        <extensions>
          <gpxtpx:TrackPointExtension>
            <gpxtpx:hr>165</gpxtpx:hr>
          </gpxtpx:TrackPointExtension>
        </extensions>
      </trkpt>
      <trkpt lat="28.812320462027092" lon="115.87783651847923">
        <ele>38.0555309811607</ele>
        <time>1970-01-01T00:12:14.700000Z</time>
        <extensions>
          <gpxtpx:TrackPointExtension>
            <gpxtpx:hr>167</gpxtpx:hr>
          </gpxtpx:TrackPointExtension>
        </extensions>
      </trkpt>
      <trkpt lat="28.812344722981518" lon="115.87784610757404">
        <ele>38.02435527276248</ele>
        <time>1970-01-01T00:12:15.700000Z</time>
        <extensions>
          <gpxtpx:TrackPointExtension>
            <gpxtpx:hr>167</gpxtpx:hr>
          </gpxtpx:TrackPointExtension>
        </extensions>
      </trkpt>
      <trkpt lat="28.81236860503268" lon="115.87785617710368">
        <ele>37.99569331109524</ele>
        <time>1970-01-01T00:12:16.700000Z</time>
        <extensions>
          <gpxtpx:TrackPointExtension>
            <gpxtpx:hr>167</gpxtpx:hr>
          </gpxtpx:TrackPointExtension>
        </extensions>
      </trkpt>
      <trkpt lat="28.812392117997703" lon="115.87786605788601">
        <ele>37.97036069817841</ele>
        <time>1970-01-01T00:12:17.700000Z</time>
        <extensions>
          <gpxtpx:TrackPointExtension>
            <gpxtpx:hr>167</gpxtpx:hr>
          </gpxtpx:TrackPointExtension>
        </extensions>
      </trkpt>
      <trkpt lat="28.812415466318573" lon="115.87787540141221">
        <ele>37.94836567901075</ele>
        <time>1970-01-01T00:12:18.700000Z</time>
        <extensions>
          <gpxtpx:TrackPointExtension>
            <gpxtpx:hr>167</gpxtpx:hr>
          </gpxtpx:TrackPointExtension>
        </extensions>
      </trkpt>
      <trkpt lat="28.812439211524925" lon="115.87788388549154">
        <ele>37.92909008823335</ele>
        <time>1970-01-01T00:12:19.700000Z</time>
        <extensions>
          <gpxtpx:TrackPointExtension>
            <gpxtpx:hr>167</gpxtpx:hr>
          </gpxtpx:TrackPointExtension>
        </extensions>
      </trkpt>
      <trkpt lat="28.812463789318134" lon="115.87789130633318">
        <ele>37.91138982772827</ele>
        <time>1970-01-01T00:12:20.700000Z</time>
        <extensions>
          <gpxtpx:TrackPointExtension>
            <gpxtpx:hr>166</gpxtpx:hr>
          </gpxtpx:TrackPointExtension>
        </extensions>
      </trkpt>
      <trkpt lat="28.812488689102185" lon="115.87789784014814">
        <ele>37.893724001944065</ele>
        <time>1970-01-01T00:12:21.700000Z</time>
        <extensions>
          <gpxtpx:TrackPointExtension>
            <gpxtpx:hr>166</gpxtpx:hr>
          </gpxtpx:TrackPointExtension>
        </extensions>
      </trkpt>
      <trkpt lat="28.81251352505231" lon="115.87790365749379">
        <ele>37.874273027293384</ele>
        <time>1970-01-01T00:12:22.700000Z</time>
        <extensions>
          <gpxtpx:TrackPointExtension>
            <gpxtpx:hr>166</gpxtpx:hr>
          </gpxtpx:TrackPointExtension>
        </extensions>
      </trkpt>
      <trkpt lat="28.812538039942982" lon="115.87790892873933">
        <ele>37.852214803919196</ele>
        <time>1970-01-01T00:12:23.700000Z</time>
        <extensions>
          <gpxtpx:TrackPointExtension>
            <gpxtpx:hr>166</gpxtpx:hr>
          </gpxtpx:TrackPointExtension>
        </extensions>
      </trkpt>
      <trkpt lat="28.8125621148399" lon="115.8779137142643">
        <ele>37.8271342869848</ele>
        <time>1970-01-01T00:12:24.700000Z</time>
        <extensions>
          <gpxtpx:TrackPointExtension>
            <gpxtpx:hr>166</gpxtpx:hr>
          </gpxtpx:TrackPointExtension>
        </extensions>
      </trkpt>
      <trkpt lat="28.81258592777355" lon="115.87791807672659">
        <ele>37.799024009145796</ele>
        <time>1970-01-01T00:12:25.700000Z</time>
        <extensions>
          <gpxtpx:TrackPointExtension>
            <gpxtpx:hr>166</gpxtpx:hr>
          </gpxtpx:TrackPointExtension>
        </extensions>
      </trkpt>
      <trkpt lat="28.812609990475853" lon="115.87792196460816">
        <ele>37.76827352307737</ele>
        <time>1970-01-01T00:12:26.700000Z</time>
        <extensions>
          <gpxtpx:TrackPointExtension>
            <gpxtpx:hr>166</gpxtpx:hr>
          </gpxtpx:TrackPointExtension>
        </extensions>
      </trkpt>
      <trkpt lat="28.81263435574411" lon="115.87792539771782">
        <ele>37.73581692762673</ele>
        <time>1970-01-01T00:12:27.700000Z</time>
        <extensions>
          <gpxtpx:TrackPointExtension>
            <gpxtpx:hr>166</gpxtpx:hr>
          </gpxtpx:TrackPointExtension>
        </extensions>
      </trkpt>
      <trkpt lat="28.812658794681283" lon="115.87792847240082">
        <ele>37.702370626851916</ele>
        <time>1970-01-01T00:12:28.700000Z</time>
        <extensions>
          <gpxtpx:TrackPointExtension>
            <gpxtpx:hr>166</gpxtpx:hr>
          </gpxtpx:TrackPointExtension>
        </extensions>
      </trkpt>
      <trkpt lat="28.812683808183483" lon="115.8779314443243">
        <ele>37.66885278001428</ele>
        <time>1970-01-01T00:12:29.700000Z</time>
        <extensions>
          <gpxtpx:TrackPointExtension>
            <gpxtpx:hr>166</gpxtpx:hr>
          </gpxtpx:TrackPointExtension>
        </extensions>
      </trkpt>
      <trkpt lat="28.812709548342166" lon="115.87793476478353">
        <ele>37.636492162011564</ele>
        <time>1970-01-01T00:12:30.700000Z</time>
        <extensions>
          <gpxtpx:TrackPointExtension>
            <gpxtpx:hr>166</gpxtpx:hr>
          </gpxtpx:TrackPointExtension>
        </extensions>
      </trkpt>
      <trkpt lat="28.8127352270733" lon="115.87793890727411">
        <ele>37.60654065199196</ele>
        <time>1970-01-01T00:12:31.700000Z</time>
        <extensions>
          <gpxtpx:TrackPointExtension>
            <gpxtpx:hr>166</gpxtpx:hr>
          </gpxtpx:TrackPointExtension>
        </extensions>
      </trkpt>
      <trkpt lat="28.812760773071048" lon="115.87794476505053">
        <ele>37.5795773267746</ele>
        <time>1970-01-01T00:12:32.700000Z</time>
        <extensions>
          <gpxtpx:TrackPointExtension>
            <gpxtpx:hr>166</gpxtpx:hr>
          </gpxtpx:TrackPointExtension>
        </extensions>
      </trkpt>
      <trkpt lat="28.812785934926037" lon="115.87795308203806">
        <ele>37.55518226325512</ele>
        <time>1970-01-01T00:12:33.700000Z</time>
        <extensions>
          <gpxtpx:TrackPointExtension>
            <gpxtpx:hr>166</gpxtpx:hr>
          </gpxtpx:TrackPointExtension>
        </extensions>
      </trkpt>
      <trkpt lat="28.812809779716257" lon="115.87796342514743">
        <ele>37.53199313301593</ele>
        <time>1970-01-01T00:12:34.700000Z</time>
        <extensions>
          <gpxtpx:TrackPointExtension>
            <gpxtpx:hr>166</gpxtpx:hr>
          </gpxtpx:TrackPointExtension>
        </extensions>
      </trkpt>
      <trkpt lat="28.81283258499586" lon="115.87797455274574">
        <ele>37.508104553446174</ele>
        <time>1970-01-01T00:12:35.700000Z</time>
        <extensions>
          <gpxtpx:TrackPointExtension>
            <gpxtpx:hr>166</gpxtpx:hr>
          </gpxtpx:TrackPointExtension>
        </extensions>
      </trkpt>
      <trkpt lat="28.812855286372038" lon="115.8779854818168">
        <ele>37.48218409810215</ele>
        <time>1970-01-01T00:12:36.700000Z</time>
        <extensions>
          <gpxtpx:TrackPointExtension>
            <gpxtpx:hr>166</gpxtpx:hr>
          </gpxtpx:TrackPointExtension>
        </extensions>
      </trkpt>
      <trkpt lat="28.812878589006758" lon="115.87799550948081">
        <ele>37.453490934334695</ele>
        <time>1970-01-01T00:12:37.700000Z</time>
        <extensions>
          <gpxtpx:TrackPointExtension>
            <gpxtpx:hr>166</gpxtpx:hr>
          </gpxtpx:TrackPointExtension>
        </extensions>
      </trkpt>
      <trkpt lat="28.812903030368073" lon="115.87800441107991">
        <ele>37.42223548144102</ele>
        <time>1970-01-01T00:12:38.700000Z</time>
        <extensions>
          <gpxtpx:TrackPointExtension>
            <gpxtpx:hr>166</gpxtpx:hr>
          </gpxtpx:TrackPointExtension>
        </extensions>
      </trkpt>
      <trkpt lat="28.81292826775438" lon="115.87801242590834">
        <ele>37.38952259160578</ele>
        <time>1970-01-01T00:12:39.700000Z</time>
        <extensions>
          <gpxtpx:TrackPointExtension>
            <gpxtpx:hr>166</gpxtpx:hr>
          </gpxtpx:TrackPointExtension>
        </extensions>
      </trkpt>
      <trkpt lat="28.812953672579162" lon="115.87801960485717">
        <ele>37.357144460082054</ele>
        <time>1970-01-01T00:12:40.700000Z</time>
        <extensions>
          <gpxtpx:TrackPointExtension>
            <gpxtpx:hr>166</gpxtpx:hr>
          </gpxtpx:TrackPointExtension>
        </extensions>
      </trkpt>
      <trkpt lat="28.812978976762302" lon="115.87802629019336">
        <ele>37.32677555363625</ele>
        <time>1970-01-01T00:12:41.700000Z</time>
        <extensions>
          <gpxtpx:TrackPointExtension>
            <gpxtpx:hr>166</gpxtpx:hr>
          </gpxtpx:TrackPointExtension>
        </extensions>
      </trkpt>
      <trkpt lat="28.813004351156255" lon="115.87803303732741">
        <ele>37.299987643025815</ele>
        <time>1970-01-01T00:12:42.700000Z</time>
        <extensions>
          <gpxtpx:TrackPointExtension>
            <gpxtpx:hr>166</gpxtpx:hr>
          </gpxtpx:TrackPointExtension>
        </extensions>
      </trkpt>
      <trkpt lat="28.813030212596342" lon="115.87803970357427">
        <ele>37.278109391219914</ele>
        <time>1970-01-01T00:12:43.700000Z</time>
        <extensions>
          <gpxtpx:TrackPointExtension>
            <gpxtpx:hr>166</gpxtpx:hr>
          </gpxtpx:TrackPointExtension>
        </extensions>
      </trkpt>
      <trkpt lat="28.81305660511679" lon="115.87804588431493">
        <ele>37.261992922984064</ele>
        <time>1970-01-01T00:12:44.700000Z</time>
        <extensions>
          <gpxtpx:TrackPointExtension>
            <gpxtpx:hr>166</gpxtpx:hr>
          </gpxtpx:TrackPointExtension>
        </extensions>
      </trkpt>
      <trkpt lat="28.813083769940107" lon="115.87805120201543">
        <ele>37.25154221430421</ele>
        <time>1970-01-01T00:12:45.700000Z</time>
        <extensions>
          <gpxtpx:TrackPointExtension>
            <gpxtpx:hr>166</gpxtpx:hr>
          </gpxtpx:TrackPointExtension>
        </extensions>
      </trkpt>
      <trkpt lat="28.813111641547742" lon="115.87805566665328">
        <ele>37.246020833961666</ele>
        <time>1970-01-01T00:12:46.700000Z</time>
        <extensions>
          <gpxtpx:TrackPointExtension>
            <gpxtpx:hr>166</gpxtpx:hr>
          </gpxtpx:TrackPointExtension>
        </extensions>
      </trkpt>
      <trkpt lat="28.813139541072587" lon="115.87805996461448">
        <ele>37.24436399620026</ele>
        <time>1970-01-01T00:12:47.700000Z</time>
        <extensions>
          <gpxtpx:TrackPointExtension>
            <gpxtpx:hr>166</gpxtpx:hr>
          </gpxtpx:TrackPointExtension>
        </extensions>
      </trkpt>
      <trkpt lat="28.813167123020907" lon="115.87806474406527">
        <ele>37.24522746447474</ele>
        <time>1970-01-01T00:12:48.700000Z</time>
        <extensions>
          <gpxtpx:TrackPointExtension>
            <gpxtpx:hr>166</gpxtpx:hr>
          </gpxtpx:TrackPointExtension>
        </extensions>
      </trkpt>
      <trkpt lat="28.813193888527305" lon="115.87807025619368">
        <ele>37.246996361762285</ele>
        <time>1970-01-01T00:12:49.700000Z</time>
        <extensions>
          <gpxtpx:TrackPointExtension>
            <gpxtpx:hr>166</gpxtpx:hr>
          </gpxtpx:TrackPointExtension>
        </extensions>
      </trkpt>
      <trkpt lat="28.813220283750844" lon="115.8780769537061">
        <ele>37.248478037305176</ele>
        <time>1970-01-01T00:12:50.700000Z</time>
        <extensions>
          <gpxtpx:TrackPointExtension>
            <gpxtpx:hr>165</gpxtpx:hr>
          </gpxtpx:TrackPointExtension>
        </extensions>
      </trkpt>
      <trkpt lat="28.81324680937751" lon="115.87808483431238">
        <ele>37.24913141783327</ele>
        <time>1970-01-01T00:12:51.700000Z</time>
        <extensions>
          <gpxtpx:TrackPointExtension>
            <gpxtpx:hr>165</gpxtpx:hr>
          </gpxtpx:TrackPointExtension>
        </extensions>
      </trkpt>
      <trkpt lat="28.81327309032708" lon="115.87809332773045">
        <ele>37.248423227109015</ele>
        <time>1970-01-01T00:12:52.700000Z</time>
        <extensions>
          <gpxtpx:TrackPointExtension>
            <gpxtpx:hr>165</gpxtpx:hr>
          </gpxtpx:TrackPointExtension>
        </extensions>
      </trkpt>
      <trkpt lat="28.813299198779543" lon="115.87810203720622">
        <ele>37.245745746418834</ele>
        <time>1970-01-01T00:12:53.700000Z</time>
        <extensions>
          <gpxtpx:TrackPointExtension>
            <gpxtpx:hr>165</gpxtpx:hr>
          </gpxtpx:TrackPointExtension>
        </extensions>
      </trkpt>
      <trkpt lat="28.813325228383803" lon="115.87811034186045">
        <ele>37.24100444838405</ele>
        <time>1970-01-01T00:12:54.700000Z</time>
        <extensions>
          <gpxtpx:TrackPointExtension>
            <gpxtpx:hr>165</gpxtpx:hr>
          </gpxtpx:TrackPointExtension>
        </extensions>
      </trkpt>
      <trkpt lat="28.813350821024446" lon="115.87811754796813">
        <ele>37.23415339179337</ele>
        <time>1970-01-01T00:12:55.700000Z</time>
        <extensions>
          <gpxtpx:TrackPointExtension>
            <gpxtpx:hr>165</gpxtpx:hr>
          </gpxtpx:TrackPointExtension>
        </extensions>
      </trkpt>
      <trkpt lat="28.813375886665014" lon="115.87812359618059">
        <ele>37.22458591405302</ele>
        <time>1970-01-01T00:12:56.700000Z</time>
        <extensions>
          <gpxtpx:TrackPointExtension>
            <gpxtpx:hr>165</gpxtpx:hr>
          </gpxtpx:TrackPointExtension>
        </extensions>
      </trkpt>
      <trkpt lat="28.813400961254406" lon="115.87812870721996">
        <ele>37.212186282500625</ele>
        <time>1970-01-01T00:12:57.700000Z</time>
        <extensions>
          <gpxtpx:TrackPointExtension>
            <gpxtpx:hr>165</gpxtpx:hr>
          </gpxtpx:TrackPointExtension>
        </extensions>
      </trkpt>
      <trkpt lat="28.81342605358886" lon="115.87813289639394">
        <ele>37.197959784418344</ele>
        <time>1970-01-01T00:12:58.700000Z</time>
        <extensions>
          <gpxtpx:TrackPointExtension>
            <gpxtpx:hr>165</gpxtpx:hr>
          </gpxtpx:TrackPointExtension>
        </extensions>
      </trkpt>
      <trkpt lat="28.81345064882788" lon="115.87813682946883">
        <ele>37.18342321738601</ele>
        <time>1970-01-01T00:12:59.700000Z</time>
        <extensions>
          <gpxtpx:TrackPointExtension>
            <gpxtpx:hr>165</gpxtpx:hr>
          </gpxtpx:TrackPointExtension>
        </extensions>
      </trkpt>
      <trkpt lat="28.813474411017907" lon="115.87814126402444">
        <ele>37.17009314522147</ele>
        <time>1970-01-01T00:13:00.700000Z</time>
        <extensions>
          <gpxtpx:TrackPointExtension>
            <gpxtpx:hr>165</gpxtpx:hr>
          </gpxtpx:TrackPointExtension>
        </extensions>
      </trkpt>
      <trkpt lat="28.81349734040055" lon="115.8781464914509">
        <ele>37.159830891527236</ele>
        <time>1970-01-01T00:13:01.700000Z</time>
        <extensions>
          <gpxtpx:TrackPointExtension>
            <gpxtpx:hr>163</gpxtpx:hr>
          </gpxtpx:TrackPointExtension>
        </extensions>
      </trkpt>
      <trkpt lat="28.8135194743414" lon="115.87815236603463">
        <ele>37.15378412324935</ele>
        <time>1970-01-01T00:13:02.700000Z</time>
        <extensions>
          <gpxtpx:TrackPointExtension>
            <gpxtpx:hr>163</gpxtpx:hr>
          </gpxtpx:TrackPointExtension>
        </extensions>
      </trkpt>
      <trkpt lat="28.813541321472304" lon="115.87815838699069">
        <ele>37.1515412312001</ele>
        <time>1970-01-01T00:13:03.700000Z</time>
        <extensions>
          <gpxtpx:TrackPointExtension>
            <gpxtpx:hr>163</gpxtpx:hr>
          </gpxtpx:TrackPointExtension>
        </extensions>
      </trkpt>
      <trkpt lat="28.813563730910122" lon="115.87816399277642">
        <ele>37.15153348725289</ele>
        <time>1970-01-01T00:13:04.700000Z</time>
        <extensions>
          <gpxtpx:TrackPointExtension>
            <gpxtpx:hr>163</gpxtpx:hr>
          </gpxtpx:TrackPointExtension>
        </extensions>
      </trkpt>
      <trkpt lat="28.81358724259707" lon="115.87816875398248">
        <ele>37.152255709283054</ele>
        <time>1970-01-01T00:13:05.700000Z</time>
        <extensions>
          <gpxtpx:TrackPointExtension>
            <gpxtpx:hr>163</gpxtpx:hr>
          </gpxtpx:TrackPointExtension>
        </extensions>
      </trkpt>
      <trkpt lat="28.813611438088703" lon="115.87817278495635">
        <ele>37.1525905970484</ele>
        <time>1970-01-01T00:13:06.700000Z</time>
        <extensions>
          <gpxtpx:TrackPointExtension>
            <gpxtpx:hr>163</gpxtpx:hr>
          </gpxtpx:TrackPointExtension>
        </extensions>
      </trkpt>
      <trkpt lat="28.81363579835287" lon="115.87817668696154">
        <ele>37.152290768921375</ele>
        <time>1970-01-01T00:13:07.700000Z</time>
        <extensions>
          <gpxtpx:TrackPointExtension>
            <gpxtpx:hr>162</gpxtpx:hr>
          </gpxtpx:TrackPointExtension>
        </extensions>
      </trkpt>
      <trkpt lat="28.813660550113873" lon="115.87818112418731">
        <ele>37.152143996208906</ele>
        <time>1970-01-01T00:13:08.700000Z</time>
        <extensions>
          <gpxtpx:TrackPointExtension>
            <gpxtpx:hr>162</gpxtpx:hr>
          </gpxtpx:TrackPointExtension>
        </extensions>
      </trkpt>
      <trkpt lat="28.81368556928211" lon="115.87818660048508">
        <ele>37.15416541043669</ele>
        <time>1970-01-01T00:13:09.700000Z</time>
        <extensions>
          <gpxtpx:TrackPointExtension>
            <gpxtpx:hr>162</gpxtpx:hr>
          </gpxtpx:TrackPointExtension>
        </extensions>
      </trkpt>
      <trkpt lat="28.81371058645893" lon="115.87819273084853">
        <ele>37.16006250400096</ele>
        <time>1970-01-01T00:13:10.700000Z</time>
        <extensions>
          <gpxtpx:TrackPointExtension>
            <gpxtpx:hr>162</gpxtpx:hr>
          </gpxtpx:TrackPointExtension>
        </extensions>
      </trkpt>
      <trkpt lat="28.81373525868125" lon="115.8781987398343">
        <ele>37.170291025191545</ele>
        <time>1970-01-01T00:13:11.700000Z</time>
        <extensions>
          <gpxtpx:TrackPointExtension>
            <gpxtpx:hr>162</gpxtpx:hr>
          </gpxtpx:TrackPointExtension>
        </extensions>
      </trkpt>
      <trkpt lat="28.81375963935452" lon="115.87820425931352">
        <ele>37.17454344499856</ele>
        <time>1970-01-01T00:13:12.700000Z</time>
        <extensions>
          <gpxtpx:TrackPointExtension>
            <gpxtpx:hr>162</gpxtpx:hr>
          </gpxtpx:TrackPointExtension>
        </extensions>
      </trkpt>
      <trkpt lat="28.81378397696182" lon="115.87820897071288">
        <ele>37.17789638508111</ele>
        <time>1970-01-01T00:13:13.700000Z</time>
        <extensions>
          <gpxtpx:TrackPointExtension>
            <gpxtpx:hr>162</gpxtpx:hr>
          </gpxtpx:TrackPointExtension>
        </extensions>
      </trkpt>
      <trkpt lat="28.813808274165417" lon="115.87821259499685">
        <ele>37.17561424151063</ele>
        <time>1970-01-01T00:13:14.700000Z</time>
        <extensions>
          <gpxtpx:TrackPointExtension>
            <gpxtpx:hr>162</gpxtpx:hr>
          </gpxtpx:TrackPointExtension>
        </extensions>
      </trkpt>
      <trkpt lat="28.813832425529522" lon="115.87821512281289">
        <ele>37.109959374181926</ele>
        <time>1970-01-01T00:13:15.700000Z</time>
        <extensions>
          <gpxtpx:TrackPointExtension>
            <gpxtpx:hr>162</gpxtpx:hr>
          </gpxtpx:TrackPointExtension>
        </extensions>
      </trkpt>
      <trkpt lat="28.813856499075555" lon="115.87821715378317">
        <ele>37.0796217713505</ele>
        <time>1970-01-01T00:13:16.700000Z</time>
        <extensions>
          <gpxtpx:TrackPointExtension>
            <gpxtpx:hr>162</gpxtpx:hr>
          </gpxtpx:TrackPointExtension>
        </extensions>
      </trkpt>
      <trkpt lat="28.813880844773752" lon="115.87821917295358">
        <ele>37.05388115439564</ele>
        <time>1970-01-01T00:13:17.700000Z</time>
        <extensions>
          <gpxtpx:TrackPointExtension>
            <gpxtpx:hr>162</gpxtpx:hr>
          </gpxtpx:TrackPointExtension>
        </extensions>
      </trkpt>
      <trkpt lat="28.813905535835683" lon="115.878221574438">
        <ele>37.038740020245314</ele>
        <time>1970-01-01T00:13:18.700000Z</time>
        <extensions>
          <gpxtpx:TrackPointExtension>
            <gpxtpx:hr>162</gpxtpx:hr>
          </gpxtpx:TrackPointExtension>
        </extensions>
      </trkpt>
      <trkpt lat="28.81393075728724" lon="115.87822446648845">
        <ele>37.042209967039526</ele>
        <time>1970-01-01T00:13:19.700000Z</time>
        <extensions>
          <gpxtpx:TrackPointExtension>
            <gpxtpx:hr>162</gpxtpx:hr>
          </gpxtpx:TrackPointExtension>
        </extensions>
      </trkpt>
      <trkpt lat="28.813956765431328" lon="115.87822762603665">
        <ele>37.07564492151141</ele>
        <time>1970-01-01T00:13:20.700000Z</time>
        <extensions>
          <gpxtpx:TrackPointExtension>
            <gpxtpx:hr>162</gpxtpx:hr>
          </gpxtpx:TrackPointExtension>
        </extensions>
      </trkpt>
      <trkpt lat="28.813984139421915" lon="115.87823078332802">
        <ele>37.15657114516944</ele>
        <time>1970-01-01T00:13:21.700000Z</time>
        <extensions>
          <gpxtpx:TrackPointExtension>
            <gpxtpx:hr>163</gpxtpx:hr>
          </gpxtpx:TrackPointExtension>
        </extensions>
      </trkpt>
      <trkpt lat="28.814022893384866" lon="115.87823528027059">
        <ele>37.36708325985819</ele>
        <time>1970-01-01T00:13:23Z</time>
        <extensions>
          <gpxtpx:TrackPointExtension>
            <gpxtpx:hr>163</gpxtpx:hr>
          </gpxtpx:TrackPointExtension>
        </extensions>
      </trkpt>
      <trkpt lat="28.8144130682763" lon="115.8782837733011">
        <ele>38.504911734722555</ele>
        <time>1970-01-01T00:13:36.800000Z</time>
        <extensions>
          <gpxtpx:TrackPointExtension>
            <gpxtpx:hr>161</gpxtpx:hr>
          </gpxtpx:TrackPointExtension>
        </extensions>
      </trkpt>
      <trkpt lat="28.814429227209317" lon="115.87828624624564">
        <ele>38.37112513091415</ele>
        <time>1970-01-01T00:13:37.800000Z</time>
        <extensions>
          <gpxtpx:TrackPointExtension>
            <gpxtpx:hr>161</gpxtpx:hr>
          </gpxtpx:TrackPointExtension>
        </extensions>
      </trkpt>
      <trkpt lat="28.814440174849818" lon="115.87828858923716">
        <ele>38.177750781178474</ele>
        <time>1970-01-01T00:13:38.800000Z</time>
        <extensions>
          <gpxtpx:TrackPointExtension>
            <gpxtpx:hr>161</gpxtpx:hr>
          </gpxtpx:TrackPointExtension>
        </extensions>
      </trkpt>
      <trkpt lat="28.814449559065416" lon="115.8782912727517">
        <ele>37.97378690075129</ele>
        <time>1970-01-01T00:13:39.800000Z</time>
        <extensions>
          <gpxtpx:TrackPointExtension>
            <gpxtpx:hr>161</gpxtpx:hr>
          </gpxtpx:TrackPointExtension>
        </extensions>
      </trkpt>
      <trkpt lat="28.814461151195488" lon="115.8782951308263">
        <ele>37.7889373106882</ele>
        <time>1970-01-01T00:13:40.800000Z</time>
        <extensions>
          <gpxtpx:TrackPointExtension>
            <gpxtpx:hr>161</gpxtpx:hr>
          </gpxtpx:TrackPointExtension>
        </extensions>
      </trkpt>
      <trkpt lat="28.814477679572335" lon="115.87830052269602">
        <ele>37.63516827765852</ele>
        <time>1970-01-01T00:13:41.800000Z</time>
        <extensions>
          <gpxtpx:TrackPointExtension>
            <gpxtpx:hr>161</gpxtpx:hr>
          </gpxtpx:TrackPointExtension>
        </extensions>
      </trkpt>
      <trkpt lat="28.814498207402742" lon="115.87830639285056">
        <ele>37.51986490096897</ele>
        <time>1970-01-01T00:13:42.700000Z</time>
        <extensions>
          <gpxtpx:TrackPointExtension>
            <gpxtpx:hr>162</gpxtpx:hr>
          </gpxtpx:TrackPointExtension>
        </extensions>
      </trkpt>
      <trkpt lat="28.81452358303261" lon="115.87831220954628">
        <ele>37.42762276344001</ele>
        <time>1970-01-01T00:13:43.700000Z</time>
        <extensions>
          <gpxtpx:TrackPointExtension>
            <gpxtpx:hr>162</gpxtpx:hr>
          </gpxtpx:TrackPointExtension>
        </extensions>
      </trkpt>
      <trkpt lat="28.814550189616224" lon="115.87831646271147">
        <ele>37.3604582529515</ele>
        <time>1970-01-01T00:13:44.700000Z</time>
        <extensions>
          <gpxtpx:TrackPointExtension>
            <gpxtpx:hr>162</gpxtpx:hr>
          </gpxtpx:TrackPointExtension>
        </extensions>
      </trkpt>
      <trkpt lat="28.81457680199497" lon="115.87831921959807">
        <ele>37.31194543931633</ele>
        <time>1970-01-01T00:13:45.700000Z</time>
        <extensions>
          <gpxtpx:TrackPointExtension>
            <gpxtpx:hr>162</gpxtpx:hr>
          </gpxtpx:TrackPointExtension>
        </extensions>
      </trkpt>
      <trkpt lat="28.81460216313359" lon="115.87832139591303">
        <ele>37.27662154473364</ele>
        <time>1970-01-01T00:13:46.700000Z</time>
        <extensions>
          <gpxtpx:TrackPointExtension>
            <gpxtpx:hr>162</gpxtpx:hr>
          </gpxtpx:TrackPointExtension>
        </extensions>
      </trkpt>
      <trkpt lat="28.814625561109985" lon="115.87832350835129">
        <ele>37.25015233550221</ele>
        <time>1970-01-01T00:13:47.700000Z</time>
        <extensions>
          <gpxtpx:TrackPointExtension>
            <gpxtpx:hr>162</gpxtpx:hr>
          </gpxtpx:TrackPointExtension>
        </extensions>
      </trkpt>
      <trkpt lat="28.814647560033556" lon="115.87832575727329">
        <ele>37.229933771304786</ele>
        <time>1970-01-01T00:13:48.700000Z</time>
        <extensions>
          <gpxtpx:TrackPointExtension>
            <gpxtpx:hr>162</gpxtpx:hr>
          </gpxtpx:TrackPointExtension>
        </extensions>
      </trkpt>
      <trkpt lat="28.814668889398916" lon="115.87832795379245">
        <ele>37.21505166310817</ele>
        <time>1970-01-01T00:13:49.700000Z</time>
        <extensions>
          <gpxtpx:TrackPointExtension>
            <gpxtpx:hr>162</gpxtpx:hr>
          </gpxtpx:TrackPointExtension>
        </extensions>
      </trkpt>
      <trkpt lat="28.814690690647094" lon="115.87832940892689">
        <ele>37.205359453335404</ele>
        <time>1970-01-01T00:13:50.700000Z</time>
        <extensions>
          <gpxtpx:TrackPointExtension>
            <gpxtpx:hr>162</gpxtpx:hr>
          </gpxtpx:TrackPointExtension>
        </extensions>
      </trkpt>
      <trkpt lat="28.814713905653935" lon="115.87832977478597">
        <ele>37.20109314285219</ele>
        <time>1970-01-01T00:13:51.700000Z</time>
        <extensions>
          <gpxtpx:TrackPointExtension>
            <gpxtpx:hr>163</gpxtpx:hr>
          </gpxtpx:TrackPointExtension>
        </extensions>
      </trkpt>
      <trkpt lat="28.814738584629072" lon="115.87832950196515">
        <ele>37.20265290234238</ele>
        <time>1970-01-01T00:13:52.700000Z</time>
        <extensions>
          <gpxtpx:TrackPointExtension>
            <gpxtpx:hr>163</gpxtpx:hr>
          </gpxtpx:TrackPointExtension>
        </extensions>
      </trkpt>
      <trkpt lat="28.814764593644906" lon="115.87832904751038">
        <ele>37.20984499901533</ele>
        <time>1970-01-01T00:13:53.700000Z</time>
        <extensions>
          <gpxtpx:TrackPointExtension>
            <gpxtpx:hr>163</gpxtpx:hr>
          </gpxtpx:TrackPointExtension>
        </extensions>
      </trkpt>
      <trkpt lat="28.814791546114" lon="115.8783284744835">
        <ele>37.22144519444555</ele>
        <time>1970-01-01T00:13:54.700000Z</time>
        <extensions>
          <gpxtpx:TrackPointExtension>
            <gpxtpx:hr>163</gpxtpx:hr>
          </gpxtpx:TrackPointExtension>
        </extensions>
      </trkpt>
      <trkpt lat="28.814819028606923" lon="115.87832808172625">
        <ele>37.23518268018961</ele>
        <time>1970-01-01T00:13:55.700000Z</time>
        <extensions>
          <gpxtpx:TrackPointExtension>
            <gpxtpx:hr>162</gpxtpx:hr>
          </gpxtpx:TrackPointExtension>
        </extensions>
      </trkpt>
      <trkpt lat="28.814846600985376" lon="115.87832855428591">
        <ele>37.24834448378533</ele>
        <time>1970-01-01T00:13:56.700000Z</time>
        <extensions>
          <gpxtpx:TrackPointExtension>
            <gpxtpx:hr>162</gpxtpx:hr>
          </gpxtpx:TrackPointExtension>
        </extensions>
      </trkpt>
      <trkpt lat="28.814873586831933" lon="115.87833042771003">
        <ele>37.25879944302142</ele>
        <time>1970-01-01T00:13:57.700000Z</time>
        <extensions>
          <gpxtpx:TrackPointExtension>
            <gpxtpx:hr>162</gpxtpx:hr>
          </gpxtpx:TrackPointExtension>
        </extensions>
      </trkpt>
      <trkpt lat="28.814899618156115" lon="115.87833320060282">
        <ele>37.26539778057486</ele>
        <time>1970-01-01T00:13:58.700000Z</time>
        <extensions>
          <gpxtpx:TrackPointExtension>
            <gpxtpx:hr>162</gpxtpx:hr>
          </gpxtpx:TrackPointExtension>
        </extensions>
      </trkpt>
      <trkpt lat="28.81492520417132" lon="115.87833629283493">
        <ele>37.26816946268082</ele>
        <time>1970-01-01T00:13:59.700000Z</time>
        <extensions>
          <gpxtpx:TrackPointExtension>
            <gpxtpx:hr>162</gpxtpx:hr>
          </gpxtpx:TrackPointExtension>
        </extensions>
      </trkpt>
      <trkpt lat="28.81495099575321" lon="115.87833966138474">
        <ele>37.26834053918719</ele>
        <time>1970-01-01T00:14:00.700000Z</time>
        <extensions>
          <gpxtpx:TrackPointExtension>
            <gpxtpx:hr>162</gpxtpx:hr>
          </gpxtpx:TrackPointExtension>
        </extensions>
      </trkpt>
      <trkpt lat="28.814977231784546" lon="115.87834348392083">
        <ele>37.26766396779567</ele>
        <time>1970-01-01T00:14:01.700000Z</time>
        <extensions>
          <gpxtpx:TrackPointExtension>
            <gpxtpx:hr>161</gpxtpx:hr>
          </gpxtpx:TrackPointExtension>
        </extensions>
      </trkpt>
      <trkpt lat="28.815003383226596" lon="115.87834714711671">
        <ele>37.267630408518016</ele>
        <time>1970-01-01T00:14:02.700000Z</time>
        <extensions>
          <gpxtpx:TrackPointExtension>
            <gpxtpx:hr>161</gpxtpx:hr>
          </gpxtpx:TrackPointExtension>
        </extensions>
      </trkpt>
      <trkpt lat="28.81502909248763" lon="115.87834958932272">
        <ele>37.26931624300778</ele>
        <time>1970-01-01T00:14:03.700000Z</time>
        <extensions>
          <gpxtpx:TrackPointExtension>
            <gpxtpx:hr>161</gpxtpx:hr>
          </gpxtpx:TrackPointExtension>
        </extensions>
      </trkpt>
      <trkpt lat="28.815054564044495" lon="115.87835087019376">
        <ele>37.27359254658222</ele>
        <time>1970-01-01T00:14:04.700000Z</time>
        <extensions>
          <gpxtpx:TrackPointExtension>
            <gpxtpx:hr>161</gpxtpx:hr>
          </gpxtpx:TrackPointExtension>
        </extensions>
      </trkpt>
      <trkpt lat="28.815079743096305" lon="115.87835170946607">
        <ele>37.281162711791694</ele>
        <time>1970-01-01T00:14:05.700000Z</time>
        <extensions>
          <gpxtpx:TrackPointExtension>
            <gpxtpx:hr>161</gpxtpx:hr>
          </gpxtpx:TrackPointExtension>
        </extensions>
      </trkpt>
      <trkpt lat="28.815104719888875" lon="115.87835317581987">
        <ele>37.29240526724607</ele>
        <time>1970-01-01T00:14:06.700000Z</time>
        <extensions>
          <gpxtpx:TrackPointExtension>
            <gpxtpx:hr>162</gpxtpx:hr>
          </gpxtpx:TrackPointExtension>
        </extensions>
      </trkpt>
      <trkpt lat="28.81512950935712" lon="115.87835599072052">
        <ele>37.30719652492553</ele>
        <time>1970-01-01T00:14:07.700000Z</time>
        <extensions>
          <gpxtpx:TrackPointExtension>
            <gpxtpx:hr>162</gpxtpx:hr>
          </gpxtpx:TrackPointExtension>
        </extensions>
      </trkpt>
      <trkpt lat="28.815153491885106" lon="115.87835979072263">
        <ele>37.32493768259883</ele>
        <time>1970-01-01T00:14:08.700000Z</time>
        <extensions>
          <gpxtpx:TrackPointExtension>
            <gpxtpx:hr>162</gpxtpx:hr>
          </gpxtpx:TrackPointExtension>
        </extensions>
      </trkpt>
      <trkpt lat="28.815176628694157" lon="115.87836364442269">
        <ele>37.344759395346045</ele>
        <time>1970-01-01T00:14:09.700000Z</time>
        <extensions>
          <gpxtpx:TrackPointExtension>
            <gpxtpx:hr>162</gpxtpx:hr>
          </gpxtpx:TrackPointExtension>
        </extensions>
      </trkpt>
      <trkpt lat="28.81519940987183" lon="115.87836716044373">
        <ele>37.36560130491853</ele>
        <time>1970-01-01T00:14:10.700000Z</time>
        <extensions>
          <gpxtpx:TrackPointExtension>
            <gpxtpx:hr>162</gpxtpx:hr>
          </gpxtpx:TrackPointExtension>
        </extensions>
      </trkpt>
      <trkpt lat="28.81522250870652" lon="115.87837006184485">
        <ele>37.38648565020412</ele>
        <time>1970-01-01T00:14:11.700000Z</time>
        <extensions>
          <gpxtpx:TrackPointExtension>
            <gpxtpx:hr>162</gpxtpx:hr>
          </gpxtpx:TrackPointExtension>
        </extensions>
      </trkpt>
      <trkpt lat="28.815246445641286" lon="115.87837215585554">
        <ele>37.40672549419105</ele>
        <time>1970-01-01T00:14:12.700000Z</time>
        <extensions>
          <gpxtpx:TrackPointExtension>
            <gpxtpx:hr>165</gpxtpx:hr>
          </gpxtpx:TrackPointExtension>
        </extensions>
      </trkpt>
      <trkpt lat="28.815270931549716" lon="115.87837367370734">
        <ele>37.425987081602216</ele>
        <time>1970-01-01T00:14:13.700000Z</time>
        <extensions>
          <gpxtpx:TrackPointExtension>
            <gpxtpx:hr>165</gpxtpx:hr>
          </gpxtpx:TrackPointExtension>
        </extensions>
      </trkpt>
      <trkpt lat="28.8152957941962" lon="115.87837497519406">
        <ele>37.44398149009794</ele>
        <time>1970-01-01T00:14:14.700000Z</time>
        <extensions>
          <gpxtpx:TrackPointExtension>
            <gpxtpx:hr>165</gpxtpx:hr>
          </gpxtpx:TrackPointExtension>
        </extensions>
      </trkpt>
      <trkpt lat="28.815320726275978" lon="115.87837659219369">
        <ele>37.460901726037264</ele>
        <time>1970-01-01T00:14:15.700000Z</time>
        <extensions>
          <gpxtpx:TrackPointExtension>
            <gpxtpx:hr>165</gpxtpx:hr>
          </gpxtpx:TrackPointExtension>
        </extensions>
      </trkpt>
      <trkpt lat="28.815345485393724" lon="115.87837904355558">
        <ele>37.47722380794585</ele>
        <time>1970-01-01T00:14:16.700000Z</time>
        <extensions>
          <gpxtpx:TrackPointExtension>
            <gpxtpx:hr>165</gpxtpx:hr>
          </gpxtpx:TrackPointExtension>
        </extensions>
      </trkpt>
      <trkpt lat="28.815370037755205" lon="115.87838261452421">
        <ele>37.49351366609335</ele>
        <time>1970-01-01T00:14:17.700000Z</time>
        <extensions>
          <gpxtpx:TrackPointExtension>
            <gpxtpx:hr>165</gpxtpx:hr>
          </gpxtpx:TrackPointExtension>
        </extensions>
      </trkpt>
      <trkpt lat="28.81539439278526" lon="115.87838706579392">
        <ele>37.50985664688051</ele>
        <time>1970-01-01T00:14:18.700000Z</time>
        <extensions>
          <gpxtpx:TrackPointExtension>
            <gpxtpx:hr>165</gpxtpx:hr>
          </gpxtpx:TrackPointExtension>
        </extensions>
      </trkpt>
      <trkpt lat="28.815418763380933" lon="115.87839190588288">
        <ele>37.52644333615899</ele>
        <time>1970-01-01T00:14:19.700000Z</time>
        <extensions>
          <gpxtpx:TrackPointExtension>
            <gpxtpx:hr>165</gpxtpx:hr>
          </gpxtpx:TrackPointExtension>
        </extensions>
      </trkpt>
      <trkpt lat="28.815442773575874" lon="115.87839674048448">
        <ele>37.54344262462109</ele>
        <time>1970-01-01T00:14:20.700000Z</time>
        <extensions>
          <gpxtpx:TrackPointExtension>
            <gpxtpx:hr>165</gpxtpx:hr>
          </gpxtpx:TrackPointExtension>
        </extensions>
      </trkpt>
      <trkpt lat="28.815466374681773" lon="115.87840124746158">
        <ele>37.560872125439346</ele>
        <time>1970-01-01T00:14:21.700000Z</time>
        <extensions>
          <gpxtpx:TrackPointExtension>
            <gpxtpx:hr>166</gpxtpx:hr>
          </gpxtpx:TrackPointExtension>
        </extensions>
      </trkpt>
      <trkpt lat="28.815489655960633" lon="115.87840541054251">
        <ele>37.578436265699565</ele>
        <time>1970-01-01T00:14:22.700000Z</time>
        <extensions>
          <gpxtpx:TrackPointExtension>
            <gpxtpx:hr>166</gpxtpx:hr>
          </gpxtpx:TrackPointExtension>
        </extensions>
      </trkpt>
      <trkpt lat="28.81551269703732" lon="115.87840955253672">
        <ele>37.59570207260549</ele>
        <time>1970-01-01T00:14:23.700000Z</time>
        <extensions>
          <gpxtpx:TrackPointExtension>
            <gpxtpx:hr>166</gpxtpx:hr>
          </gpxtpx:TrackPointExtension>
        </extensions>
      </trkpt>
      <trkpt lat="28.81553579311324" lon="115.87841408923278">
        <ele>37.611806019209325</ele>
        <time>1970-01-01T00:14:24.700000Z</time>
        <extensions>
          <gpxtpx:TrackPointExtension>
            <gpxtpx:hr>166</gpxtpx:hr>
          </gpxtpx:TrackPointExtension>
        </extensions>
      </trkpt>
      <trkpt lat="28.815559119188062" lon="115.87841925192745">
        <ele>37.625302616506815</ele>
        <time>1970-01-01T00:14:25.700000Z</time>
        <extensions>
          <gpxtpx:TrackPointExtension>
            <gpxtpx:hr>166</gpxtpx:hr>
          </gpxtpx:TrackPointExtension>
        </extensions>
      </trkpt>
      <trkpt lat="28.81558291356014" lon="115.87842499121432">
        <ele>37.63466216344386</ele>
        <time>1970-01-01T00:14:26.700000Z</time>
        <extensions>
          <gpxtpx:TrackPointExtension>
            <gpxtpx:hr>166</gpxtpx:hr>
          </gpxtpx:TrackPointExtension>
        </extensions>
      </trkpt>
      <trkpt lat="28.81560677294564" lon="115.87843115162181">
        <ele>37.63893636409193</ele>
        <time>1970-01-01T00:14:27.700000Z</time>
        <extensions>
          <gpxtpx:TrackPointExtension>
            <gpxtpx:hr>166</gpxtpx:hr>
          </gpxtpx:TrackPointExtension>
        </extensions>
      </trkpt>
      <trkpt lat="28.815630852409654" lon="115.87843722042255">
        <ele>37.638382346369326</ele>
        <time>1970-01-01T00:14:28.700000Z</time>
        <extensions>
          <gpxtpx:TrackPointExtension>
            <gpxtpx:hr>166</gpxtpx:hr>
          </gpxtpx:TrackPointExtension>
        </extensions>
      </trkpt>
      <trkpt lat="28.815655441646257" lon="115.8784426631791">
        <ele>37.63390280865133</ele>
        <time>1970-01-01T00:14:29.700000Z</time>
        <extensions>
          <gpxtpx:TrackPointExtension>
            <gpxtpx:hr>168</gpxtpx:hr>
          </gpxtpx:TrackPointExtension>
        </extensions>
      </trkpt>
      <trkpt lat="28.81568010460713" lon="115.87844719087559">
        <ele>37.62683989852667</ele>
        <time>1970-01-01T00:14:30.700000Z</time>
        <extensions>
          <gpxtpx:TrackPointExtension>
            <gpxtpx:hr>168</gpxtpx:hr>
          </gpxtpx:TrackPointExtension>
        </extensions>
      </trkpt>
      <trkpt lat="28.81570505543161" lon="115.87845113793563">
        <ele>37.61867326684296</ele>
        <time>1970-01-01T00:14:31.700000Z</time>
        <extensions>
          <gpxtpx:TrackPointExtension>
            <gpxtpx:hr>168</gpxtpx:hr>
          </gpxtpx:TrackPointExtension>
        </extensions>
      </trkpt>
      <trkpt lat="28.81573037161888" lon="115.87845508157662">
        <ele>37.61099423374981</ele>
        <time>1970-01-01T00:14:32.700000Z</time>
        <extensions>
          <gpxtpx:TrackPointExtension>
            <gpxtpx:hr>168</gpxtpx:hr>
          </gpxtpx:TrackPointExtension>
        </extensions>
      </trkpt>
      <trkpt lat="28.81575582972028" lon="115.87845907824772">
        <ele>37.60415472276509</ele>
        <time>1970-01-01T00:14:33.700000Z</time>
        <extensions>
          <gpxtpx:TrackPointExtension>
            <gpxtpx:hr>168</gpxtpx:hr>
          </gpxtpx:TrackPointExtension>
        </extensions>
      </trkpt>
      <trkpt lat="28.81578135692454" lon="115.87846322046066">
        <ele>37.59818276390433</ele>
        <time>1970-01-01T00:14:34.700000Z</time>
        <extensions>
          <gpxtpx:TrackPointExtension>
            <gpxtpx:hr>168</gpxtpx:hr>
          </gpxtpx:TrackPointExtension>
        </extensions>
      </trkpt>
      <trkpt lat="28.815806556631486" lon="115.8784672904214">
        <ele>37.59322144463658</ele>
        <time>1970-01-01T00:14:35.700000Z</time>
        <extensions>
          <gpxtpx:TrackPointExtension>
            <gpxtpx:hr>168</gpxtpx:hr>
          </gpxtpx:TrackPointExtension>
        </extensions>
      </trkpt>
      <trkpt lat="28.815831726699493" lon="115.8784712277872">
        <ele>37.58962798397988</ele>
        <time>1970-01-01T00:14:36.700000Z</time>
        <extensions>
          <gpxtpx:TrackPointExtension>
            <gpxtpx:hr>168</gpxtpx:hr>
          </gpxtpx:TrackPointExtension>
        </extensions>
      </trkpt>
      <trkpt lat="28.815857154648793" lon="115.87847539560653">
        <ele>37.587275189347565</ele>
        <time>1970-01-01T00:14:37.700000Z</time>
        <extensions>
          <gpxtpx:TrackPointExtension>
            <gpxtpx:hr>168</gpxtpx:hr>
          </gpxtpx:TrackPointExtension>
        </extensions>
      </trkpt>
      <trkpt lat="28.815882599312868" lon="115.87848002168255">
        <ele>37.585912766866386</ele>
        <time>1970-01-01T00:14:38.700000Z</time>
        <extensions>
          <gpxtpx:TrackPointExtension>
            <gpxtpx:hr>168</gpxtpx:hr>
          </gpxtpx:TrackPointExtension>
        </extensions>
      </trkpt>
      <trkpt lat="28.815908186778763" lon="115.87848510112715">
        <ele>37.58502621948719</ele>
        <time>1970-01-01T00:14:39.700000Z</time>
        <extensions>
          <gpxtpx:TrackPointExtension>
            <gpxtpx:hr>168</gpxtpx:hr>
          </gpxtpx:TrackPointExtension>
        </extensions>
      </trkpt>
      <trkpt lat="28.815933979602015" lon="115.87849052798292">
        <ele>37.58382332511246</ele>
        <time>1970-01-01T00:14:40.700000Z</time>
        <extensions>
          <gpxtpx:TrackPointExtension>
            <gpxtpx:hr>168</gpxtpx:hr>
          </gpxtpx:TrackPointExtension>
        </extensions>
      </trkpt>
      <trkpt lat="28.815959156398183" lon="115.87849641728948">
        <ele>37.58126792218536</ele>
        <time>1970-01-01T00:14:41.700000Z</time>
        <extensions>
          <gpxtpx:TrackPointExtension>
            <gpxtpx:hr>166</gpxtpx:hr>
          </gpxtpx:TrackPointExtension>
        </extensions>
      </trkpt>
      <trkpt lat="28.815983404549552" lon="115.87850241950375">
        <ele>37.57693591993302</ele>
        <time>1970-01-01T00:14:42.700000Z</time>
        <extensions>
          <gpxtpx:TrackPointExtension>
            <gpxtpx:hr>166</gpxtpx:hr>
          </gpxtpx:TrackPointExtension>
        </extensions>
      </trkpt>
      <trkpt lat="28.816007327515702" lon="115.87850824843656">
        <ele>37.57166525069624</ele>
        <time>1970-01-01T00:14:43.700000Z</time>
        <extensions>
          <gpxtpx:TrackPointExtension>
            <gpxtpx:hr>166</gpxtpx:hr>
          </gpxtpx:TrackPointExtension>
        </extensions>
      </trkpt>
      <trkpt lat="28.81603121757566" lon="115.87851421444209">
        <ele>37.56681081093848</ele>
        <time>1970-01-01T00:14:44.700000Z</time>
        <extensions>
          <gpxtpx:TrackPointExtension>
            <gpxtpx:hr>166</gpxtpx:hr>
          </gpxtpx:TrackPointExtension>
        </extensions>
      </trkpt>
      <trkpt lat="28.81605543923405" lon="115.87852050772577">
        <ele>37.56342705339193</ele>
        <time>1970-01-01T00:14:45.700000Z</time>
        <extensions>
          <gpxtpx:TrackPointExtension>
            <gpxtpx:hr>166</gpxtpx:hr>
          </gpxtpx:TrackPointExtension>
        </extensions>
      </trkpt>
      <trkpt lat="28.816079939836552" lon="115.87852680130057">
        <ele>37.56194744352251</ele>
        <time>1970-01-01T00:14:46.700000Z</time>
        <extensions>
          <gpxtpx:TrackPointExtension>
            <gpxtpx:hr>166</gpxtpx:hr>
          </gpxtpx:TrackPointExtension>
        </extensions>
      </trkpt>
      <trkpt lat="28.816104138048036" lon="115.87853244379987">
        <ele>37.56217894423753</ele>
        <time>1970-01-01T00:14:47.700000Z</time>
        <extensions>
          <gpxtpx:TrackPointExtension>
            <gpxtpx:hr>166</gpxtpx:hr>
          </gpxtpx:TrackPointExtension>
        </extensions>
      </trkpt>
      <trkpt lat="28.816128120377336" lon="115.87853687234825">
        <ele>37.563245452940464</ele>
        <time>1970-01-01T00:14:48.700000Z</time>
        <extensions>
          <gpxtpx:TrackPointExtension>
            <gpxtpx:hr>166</gpxtpx:hr>
          </gpxtpx:TrackPointExtension>
        </extensions>
      </trkpt>
      <trkpt lat="28.816151863364812" lon="115.87854035011544">
        <ele>37.56417626328766</ele>
        <time>1970-01-01T00:14:49.700000Z</time>
        <extensions>
          <gpxtpx:TrackPointExtension>
            <gpxtpx:hr>166</gpxtpx:hr>
          </gpxtpx:TrackPointExtension>
        </extensions>
      </trkpt>
      <trkpt lat="28.8161752935485" lon="115.87854411428219">
        <ele>37.56451191753149</ele>
        <time>1970-01-01T00:14:50.700000Z</time>
        <extensions>
          <gpxtpx:TrackPointExtension>
            <gpxtpx:hr>166</gpxtpx:hr>
          </gpxtpx:TrackPointExtension>
        </extensions>
      </trkpt>
      <trkpt lat="28.816198511847443" lon="115.87854895755598">
        <ele>37.56435714755207</ele>
        <time>1970-01-01T00:14:51.700000Z</time>
        <extensions>
          <gpxtpx:TrackPointExtension>
            <gpxtpx:hr>167</gpxtpx:hr>
          </gpxtpx:TrackPointExtension>
        </extensions>
      </trkpt>
      <trkpt lat="28.816221074459445" lon="115.87855503439957">
        <ele>37.56393880862743</ele>
        <time>1970-01-01T00:14:52.700000Z</time>
        <extensions>
          <gpxtpx:TrackPointExtension>
            <gpxtpx:hr>167</gpxtpx:hr>
          </gpxtpx:TrackPointExtension>
        </extensions>
      </trkpt>
      <trkpt lat="28.81624290283697" lon="115.87856170472536">
        <ele>37.563437514938414</ele>
        <time>1970-01-01T00:14:53.700000Z</time>
        <extensions>
          <gpxtpx:TrackPointExtension>
            <gpxtpx:hr>167</gpxtpx:hr>
          </gpxtpx:TrackPointExtension>
        </extensions>
      </trkpt>
      <trkpt lat="28.816264424650658" lon="115.8785681177079">
        <ele>37.56281538773328</ele>
        <time>1970-01-01T00:14:54.700000Z</time>
        <extensions>
          <gpxtpx:TrackPointExtension>
            <gpxtpx:hr>167</gpxtpx:hr>
          </gpxtpx:TrackPointExtension>
        </extensions>
      </trkpt>
      <trkpt lat="28.81628581207643" lon="115.87857354350845">
        <ele>37.56168518960476</ele>
        <time>1970-01-01T00:14:55.700000Z</time>
        <extensions>
          <gpxtpx:TrackPointExtension>
            <gpxtpx:hr>167</gpxtpx:hr>
          </gpxtpx:TrackPointExtension>
        </extensions>
      </trkpt>
      <trkpt lat="28.816307291870928" lon="115.87857736545365">
        <ele>37.55998238455504</ele>
        <time>1970-01-01T00:14:56.700000Z</time>
        <extensions>
          <gpxtpx:TrackPointExtension>
            <gpxtpx:hr>167</gpxtpx:hr>
          </gpxtpx:TrackPointExtension>
        </extensions>
      </trkpt>
      <trkpt lat="28.816328637685707" lon="115.87858001515467">
        <ele>37.55804627109319</ele>
        <time>1970-01-01T00:14:57.700000Z</time>
        <extensions>
          <gpxtpx:TrackPointExtension>
            <gpxtpx:hr>167</gpxtpx:hr>
          </gpxtpx:TrackPointExtension>
        </extensions>
      </trkpt>
      <trkpt lat="28.816349372824988" lon="115.87858165880179">
        <ele>37.55630952306092</ele>
        <time>1970-01-01T00:14:58.700000Z</time>
        <extensions>
          <gpxtpx:TrackPointExtension>
            <gpxtpx:hr>168</gpxtpx:hr>
          </gpxtpx:TrackPointExtension>
        </extensions>
      </trkpt>
      <trkpt lat="28.816370401355424" lon="115.87858248769453">
        <ele>37.55522180348635</ele>
        <time>1970-01-01T00:14:59.700000Z</time>
        <extensions>
          <gpxtpx:TrackPointExtension>
            <gpxtpx:hr>168</gpxtpx:hr>
          </gpxtpx:TrackPointExtension>
        </extensions>
      </trkpt>
      <trkpt lat="28.816392338180176" lon="115.87858330407235">
        <ele>37.55549648590386</ele>
        <time>1970-01-01T00:15:00.700000Z</time>
        <extensions>
          <gpxtpx:TrackPointExtension>
            <gpxtpx:hr>168</gpxtpx:hr>
          </gpxtpx:TrackPointExtension>
        </extensions>
      </trkpt>
      <trkpt lat="28.816415040261827" lon="115.87858466284659">
        <ele>37.55777741409838</ele>
        <time>1970-01-01T00:15:01.700000Z</time>
        <extensions>
          <gpxtpx:TrackPointExtension>
            <gpxtpx:hr>168</gpxtpx:hr>
          </gpxtpx:TrackPointExtension>
        </extensions>
      </trkpt>
      <trkpt lat="28.816438632703044" lon="115.87858630902375">
        <ele>37.56235319562256</ele>
        <time>1970-01-01T00:15:02.700000Z</time>
        <extensions>
          <gpxtpx:TrackPointExtension>
            <gpxtpx:hr>168</gpxtpx:hr>
          </gpxtpx:TrackPointExtension>
        </extensions>
      </trkpt>
      <trkpt lat="28.816462561000492" lon="115.87858812104515">
        <ele>37.56900089699775</ele>
        <time>1970-01-01T00:15:03.700000Z</time>
        <extensions>
          <gpxtpx:TrackPointExtension>
            <gpxtpx:hr>168</gpxtpx:hr>
          </gpxtpx:TrackPointExtension>
        </extensions>
      </trkpt>
      <trkpt lat="28.816486263880247" lon="115.87859042502787">
        <ele>37.57697335258126</ele>
        <time>1970-01-01T00:15:04.700000Z</time>
        <extensions>
          <gpxtpx:TrackPointExtension>
            <gpxtpx:hr>168</gpxtpx:hr>
          </gpxtpx:TrackPointExtension>
        </extensions>
      </trkpt>
      <trkpt lat="28.8165098096625" lon="115.87859300008876">
        <ele>37.584780919365585</ele>
        <time>1970-01-01T00:15:05.700000Z</time>
        <extensions>
          <gpxtpx:TrackPointExtension>
            <gpxtpx:hr>168</gpxtpx:hr>
          </gpxtpx:TrackPointExtension>
        </extensions>
      </trkpt>
      <trkpt lat="28.816533233289743" lon="115.87859557193079">
        <ele>37.59072666615248</ele>
        <time>1970-01-01T00:15:06.700000Z</time>
        <extensions>
          <gpxtpx:TrackPointExtension>
            <gpxtpx:hr>168</gpxtpx:hr>
          </gpxtpx:TrackPointExtension>
        </extensions>
      </trkpt>
      <trkpt lat="28.816556150602388" lon="115.87859779259674">
        <ele>37.593349277973175</ele>
        <time>1970-01-01T00:15:07.700000Z</time>
        <extensions>
          <gpxtpx:TrackPointExtension>
            <gpxtpx:hr>168</gpxtpx:hr>
          </gpxtpx:TrackPointExtension>
        </extensions>
      </trkpt>
      <trkpt lat="28.81657870900534" lon="115.87859957033793">
        <ele>37.59208177216351</ele>
        <time>1970-01-01T00:15:08.700000Z</time>
        <extensions>
          <gpxtpx:TrackPointExtension>
            <gpxtpx:hr>168</gpxtpx:hr>
          </gpxtpx:TrackPointExtension>
        </extensions>
      </trkpt>
      <trkpt lat="28.816600644564556" lon="115.8786012304067">
        <ele>37.58745179511607</ele>
        <time>1970-01-01T00:15:09.700000Z</time>
        <extensions>
          <gpxtpx:TrackPointExtension>
            <gpxtpx:hr>168</gpxtpx:hr>
          </gpxtpx:TrackPointExtension>
        </extensions>
      </trkpt>
      <trkpt lat="28.81662217611442" lon="115.87860363004103">
        <ele>37.58079681824893</ele>
        <time>1970-01-01T00:15:10.700000Z</time>
        <extensions>
          <gpxtpx:TrackPointExtension>
            <gpxtpx:hr>168</gpxtpx:hr>
          </gpxtpx:TrackPointExtension>
        </extensions>
      </trkpt>
      <trkpt lat="28.816644144039284" lon="115.87860680518716">
        <ele>37.573742168955505</ele>
        <time>1970-01-01T00:15:11.700000Z</time>
        <extensions>
          <gpxtpx:TrackPointExtension>
            <gpxtpx:hr>168</gpxtpx:hr>
          </gpxtpx:TrackPointExtension>
        </extensions>
      </trkpt>
      <trkpt lat="28.81666621539484" lon="115.87860999121806">
        <ele>37.567902012728155</ele>
        <time>1970-01-01T00:15:12.700000Z</time>
        <extensions>
          <gpxtpx:TrackPointExtension>
            <gpxtpx:hr>167</gpxtpx:hr>
          </gpxtpx:TrackPointExtension>
        </extensions>
      </trkpt>
      <trkpt lat="28.816688137457312" lon="115.87861323418612">
        <ele>37.5645702527836</ele>
        <time>1970-01-01T00:15:13.700000Z</time>
        <extensions>
          <gpxtpx:TrackPointExtension>
            <gpxtpx:hr>167</gpxtpx:hr>
          </gpxtpx:TrackPointExtension>
        </extensions>
      </trkpt>
      <trkpt lat="28.816709609560405" lon="115.87861650769837">
        <ele>37.56456275470555</ele>
        <time>1970-01-01T00:15:14.700000Z</time>
        <extensions>
          <gpxtpx:TrackPointExtension>
            <gpxtpx:hr>167</gpxtpx:hr>
          </gpxtpx:TrackPointExtension>
        </extensions>
      </trkpt>
      <trkpt lat="28.816730930349262" lon="115.87861993601214">
        <ele>37.56806642189622</ele>
        <time>1970-01-01T00:15:15.700000Z</time>
        <extensions>
          <gpxtpx:TrackPointExtension>
            <gpxtpx:hr>167</gpxtpx:hr>
          </gpxtpx:TrackPointExtension>
        </extensions>
      </trkpt>
      <trkpt lat="28.816752544692623" lon="115.87862436844495">
        <ele>37.574993344955146</ele>
        <time>1970-01-01T00:15:16.700000Z</time>
        <extensions>
          <gpxtpx:TrackPointExtension>
            <gpxtpx:hr>165</gpxtpx:hr>
          </gpxtpx:TrackPointExtension>
        </extensions>
      </trkpt>
      <trkpt lat="28.816773992755817" lon="115.87863044569028">
        <ele>37.585030352696776</ele>
        <time>1970-01-01T00:15:17.700000Z</time>
        <extensions>
          <gpxtpx:TrackPointExtension>
            <gpxtpx:hr>165</gpxtpx:hr>
          </gpxtpx:TrackPointExtension>
        </extensions>
      </trkpt>
      <trkpt lat="28.816795230929486" lon="115.87863768166945">
        <ele>37.59774994663894</ele>
        <time>1970-01-01T00:15:18.700000Z</time>
        <extensions>
          <gpxtpx:TrackPointExtension>
            <gpxtpx:hr>165</gpxtpx:hr>
          </gpxtpx:TrackPointExtension>
        </extensions>
      </trkpt>
      <trkpt lat="28.816816672147905" lon="115.87864520716988">
        <ele>37.612510551698506</ele>
        <time>1970-01-01T00:15:19.700000Z</time>
        <extensions>
          <gpxtpx:TrackPointExtension>
            <gpxtpx:hr>165</gpxtpx:hr>
          </gpxtpx:TrackPointExtension>
        </extensions>
      </trkpt>
      <trkpt lat="28.81683824152458" lon="115.87865236449693">
        <ele>37.62894357647747</ele>
        <time>1970-01-01T00:15:20.700000Z</time>
        <extensions>
          <gpxtpx:TrackPointExtension>
            <gpxtpx:hr>165</gpxtpx:hr>
          </gpxtpx:TrackPointExtension>
        </extensions>
      </trkpt>
      <trkpt lat="28.816860139272656" lon="115.87865851988869">
        <ele>37.64675660338253</ele>
        <time>1970-01-01T00:15:21.700000Z</time>
        <extensions>
          <gpxtpx:TrackPointExtension>
            <gpxtpx:hr>164</gpxtpx:hr>
          </gpxtpx:TrackPointExtension>
        </extensions>
      </trkpt>
      <trkpt lat="28.816883053065947" lon="115.87866346242863">
        <ele>37.665715381503105</ele>
        <time>1970-01-01T00:15:22.700000Z</time>
        <extensions>
          <gpxtpx:TrackPointExtension>
            <gpxtpx:hr>164</gpxtpx:hr>
          </gpxtpx:TrackPointExtension>
        </extensions>
      </trkpt>
      <trkpt lat="28.816907102163093" lon="115.87866755425074">
        <ele>37.68560169264674</ele>
        <time>1970-01-01T00:15:23.700000Z</time>
        <extensions>
          <gpxtpx:TrackPointExtension>
            <gpxtpx:hr>164</gpxtpx:hr>
          </gpxtpx:TrackPointExtension>
        </extensions>
      </trkpt>
      <trkpt lat="28.816931587841026" lon="115.87867111585435">
        <ele>37.70619898289442</ele>
        <time>1970-01-01T00:15:24.700000Z</time>
        <extensions>
          <gpxtpx:TrackPointExtension>
            <gpxtpx:hr>164</gpxtpx:hr>
          </gpxtpx:TrackPointExtension>
        </extensions>
      </trkpt>
      <trkpt lat="28.816955266049774" lon="115.87867428853573">
        <ele>37.726941398344934</ele>
        <time>1970-01-01T00:15:25.700000Z</time>
        <extensions>
          <gpxtpx:TrackPointExtension>
            <gpxtpx:hr>164</gpxtpx:hr>
          </gpxtpx:TrackPointExtension>
        </extensions>
      </trkpt>
      <trkpt lat="28.816978077195035" lon="115.8786773146227">
        <ele>37.74691944941878</ele>
        <time>1970-01-01T00:15:26.700000Z</time>
        <extensions>
          <gpxtpx:TrackPointExtension>
            <gpxtpx:hr>164</gpxtpx:hr>
          </gpxtpx:TrackPointExtension>
        </extensions>
      </trkpt>
      <trkpt lat="28.81700119423534" lon="115.87868039773339">
        <ele>37.76506228838116</ele>
        <time>1970-01-01T00:15:27.700000Z</time>
        <extensions>
          <gpxtpx:TrackPointExtension>
            <gpxtpx:hr>164</gpxtpx:hr>
          </gpxtpx:TrackPointExtension>
        </extensions>
      </trkpt>
      <trkpt lat="28.817025122786884" lon="115.87868342667379">
        <ele>37.78034329973161</ele>
        <time>1970-01-01T00:15:28.700000Z</time>
        <extensions>
          <gpxtpx:TrackPointExtension>
            <gpxtpx:hr>164</gpxtpx:hr>
          </gpxtpx:TrackPointExtension>
        </extensions>
      </trkpt>
      <trkpt lat="28.817049792064328" lon="115.87868561342998">
        <ele>37.7922577066347</ele>
        <time>1970-01-01T00:15:29.700000Z</time>
        <extensions>
          <gpxtpx:TrackPointExtension>
            <gpxtpx:hr>164</gpxtpx:hr>
          </gpxtpx:TrackPointExtension>
        </extensions>
      </trkpt>
      <trkpt lat="28.817075626650627" lon="115.87868688646005">
        <ele>37.800852925516665</ele>
        <time>1970-01-01T00:15:30.700000Z</time>
        <extensions>
          <gpxtpx:TrackPointExtension>
            <gpxtpx:hr>164</gpxtpx:hr>
          </gpxtpx:TrackPointExtension>
        </extensions>
      </trkpt>
      <trkpt lat="28.81710215465081" lon="115.87868776966097">
        <ele>37.80679607577622</ele>
        <time>1970-01-01T00:15:31.700000Z</time>
        <extensions>
          <gpxtpx:TrackPointExtension>
            <gpxtpx:hr>164</gpxtpx:hr>
          </gpxtpx:TrackPointExtension>
        </extensions>
      </trkpt>
      <trkpt lat="28.81712824288918" lon="115.87868895449436">
        <ele>37.81124402396381</ele>
        <time>1970-01-01T00:15:32.700000Z</time>
        <extensions>
          <gpxtpx:TrackPointExtension>
            <gpxtpx:hr>164</gpxtpx:hr>
          </gpxtpx:TrackPointExtension>
        </extensions>
      </trkpt>
      <trkpt lat="28.817153647141858" lon="115.87869109626754">
        <ele>37.81576285418123</ele>
        <time>1970-01-01T00:15:33.700000Z</time>
        <extensions>
          <gpxtpx:TrackPointExtension>
            <gpxtpx:hr>164</gpxtpx:hr>
          </gpxtpx:TrackPointExtension>
        </extensions>
      </trkpt>
      <trkpt lat="28.817178921756092" lon="115.87869440304588">
        <ele>37.82129229512066</ele>
        <time>1970-01-01T00:15:34.700000Z</time>
        <extensions>
          <gpxtpx:TrackPointExtension>
            <gpxtpx:hr>164</gpxtpx:hr>
          </gpxtpx:TrackPointExtension>
        </extensions>
      </trkpt>
      <trkpt lat="28.817204770298066" lon="115.8786984938413">
        <ele>37.8284125784412</ele>
        <time>1970-01-01T00:15:35.700000Z</time>
        <extensions>
          <gpxtpx:TrackPointExtension>
            <gpxtpx:hr>162</gpxtpx:hr>
          </gpxtpx:TrackPointExtension>
        </extensions>
      </trkpt>
      <trkpt lat="28.817231040735436" lon="115.87870252152179">
        <ele>37.83729459531605</ele>
        <time>1970-01-01T00:15:36.700000Z</time>
        <extensions>
          <gpxtpx:TrackPointExtension>
            <gpxtpx:hr>162</gpxtpx:hr>
          </gpxtpx:TrackPointExtension>
        </extensions>
      </trkpt>
      <trkpt lat="28.817256867939737" lon="115.8787059004062">
        <ele>37.84767703898251</ele>
        <time>1970-01-01T00:15:37.700000Z</time>
        <extensions>
          <gpxtpx:TrackPointExtension>
            <gpxtpx:hr>162</gpxtpx:hr>
          </gpxtpx:TrackPointExtension>
        </extensions>
      </trkpt>
      <trkpt lat="28.81728209749919" lon="115.87870865955972">
        <ele>37.85871506296098</ele>
        <time>1970-01-01T00:15:38.700000Z</time>
        <extensions>
          <gpxtpx:TrackPointExtension>
            <gpxtpx:hr>162</gpxtpx:hr>
          </gpxtpx:TrackPointExtension>
        </extensions>
      </trkpt>
      <trkpt lat="28.81730744282974" lon="115.87871168584003">
        <ele>37.86946372874081</ele>
        <time>1970-01-01T00:15:39.700000Z</time>
        <extensions>
          <gpxtpx:TrackPointExtension>
            <gpxtpx:hr>162</gpxtpx:hr>
          </gpxtpx:TrackPointExtension>
        </extensions>
      </trkpt>
      <trkpt lat="28.81733304792207" lon="115.87871562366192">
        <ele>37.878821996971965</ele>
        <time>1970-01-01T00:15:40.700000Z</time>
        <extensions>
          <gpxtpx:TrackPointExtension>
            <gpxtpx:hr>162</gpxtpx:hr>
          </gpxtpx:TrackPointExtension>
        </extensions>
      </trkpt>
      <trkpt lat="28.81735871218705" lon="115.87872014991699">
        <ele>37.88566611427814</ele>
        <time>1970-01-01T00:15:41.700000Z</time>
        <extensions>
          <gpxtpx:TrackPointExtension>
            <gpxtpx:hr>160</gpxtpx:hr>
          </gpxtpx:TrackPointExtension>
        </extensions>
      </trkpt>
      <trkpt lat="28.81738404314771" lon="115.8787245398681">
        <ele>37.88912430778146</ele>
        <time>1970-01-01T00:15:42.700000Z</time>
        <extensions>
          <gpxtpx:TrackPointExtension>
            <gpxtpx:hr>160</gpxtpx:hr>
          </gpxtpx:TrackPointExtension>
        </extensions>
      </trkpt>
      <trkpt lat="28.817409129106" lon="115.87872865745518">
        <ele>37.88906944915652</ele>
        <time>1970-01-01T00:15:43.700000Z</time>
        <extensions>
          <gpxtpx:TrackPointExtension>
            <gpxtpx:hr>160</gpxtpx:hr>
          </gpxtpx:TrackPointExtension>
        </extensions>
      </trkpt>
      <trkpt lat="28.81743412846772" lon="115.87873264242204">
        <ele>37.8859810391441</ele>
        <time>1970-01-01T00:15:44.700000Z</time>
        <extensions>
          <gpxtpx:TrackPointExtension>
            <gpxtpx:hr>160</gpxtpx:hr>
          </gpxtpx:TrackPointExtension>
        </extensions>
      </trkpt>
      <trkpt lat="28.817458868805723" lon="115.87873693854058">
        <ele>37.88084479793906</ele>
        <time>1970-01-01T00:15:45.700000Z</time>
        <extensions>
          <gpxtpx:TrackPointExtension>
            <gpxtpx:hr>160</gpxtpx:hr>
          </gpxtpx:TrackPointExtension>
        </extensions>
      </trkpt>
      <trkpt lat="28.817483552142168" lon="115.87874180882423">
        <ele>37.874833854846656</ele>
        <time>1970-01-01T00:15:46.700000Z</time>
        <extensions>
          <gpxtpx:TrackPointExtension>
            <gpxtpx:hr>160</gpxtpx:hr>
          </gpxtpx:TrackPointExtension>
        </extensions>
      </trkpt>
      <trkpt lat="28.817508427621718" lon="115.87874677802378">
        <ele>37.86908685229719</ele>
        <time>1970-01-01T00:15:47.700000Z</time>
        <extensions>
          <gpxtpx:TrackPointExtension>
            <gpxtpx:hr>160</gpxtpx:hr>
          </gpxtpx:TrackPointExtension>
        </extensions>
      </trkpt>
      <trkpt lat="28.817533004915212" lon="115.87875113907468">
        <ele>37.86423367168754</ele>
        <time>1970-01-01T00:15:48.700000Z</time>
        <extensions>
          <gpxtpx:TrackPointExtension>
            <gpxtpx:hr>160</gpxtpx:hr>
          </gpxtpx:TrackPointExtension>
        </extensions>
      </trkpt>
      <trkpt lat="28.817557314566812" lon="115.87875508572466">
        <ele>37.860340976156294</ele>
        <time>1970-01-01T00:15:49.700000Z</time>
        <extensions>
          <gpxtpx:TrackPointExtension>
            <gpxtpx:hr>160</gpxtpx:hr>
          </gpxtpx:TrackPointExtension>
        </extensions>
      </trkpt>
      <trkpt lat="28.817581769714632" lon="115.87875924162886">
        <ele>37.85700284782797</ele>
        <time>1970-01-01T00:15:50.700000Z</time>
        <extensions>
          <gpxtpx:TrackPointExtension>
            <gpxtpx:hr>160</gpxtpx:hr>
          </gpxtpx:TrackPointExtension>
        </extensions>
      </trkpt>
      <trkpt lat="28.817606430335346" lon="115.87876342000892">
        <ele>37.853542789816856</ele>
        <time>1970-01-01T00:15:51.700000Z</time>
        <extensions>
          <gpxtpx:TrackPointExtension>
            <gpxtpx:hr>160</gpxtpx:hr>
          </gpxtpx:TrackPointExtension>
        </extensions>
      </trkpt>
      <trkpt lat="28.81763145889638" lon="115.87876791412793">
        <ele>37.84929742384702</ele>
        <time>1970-01-01T00:15:52.700000Z</time>
        <extensions>
          <gpxtpx:TrackPointExtension>
            <gpxtpx:hr>159</gpxtpx:hr>
          </gpxtpx:TrackPointExtension>
        </extensions>
      </trkpt>
      <trkpt lat="28.817656719257634" lon="115.87877285101699">
        <ele>37.8438951773569</ele>
        <time>1970-01-01T00:15:53.700000Z</time>
        <extensions>
          <gpxtpx:TrackPointExtension>
            <gpxtpx:hr>159</gpxtpx:hr>
          </gpxtpx:TrackPointExtension>
        </extensions>
      </trkpt>
      <trkpt lat="28.81768080842801" lon="115.87877753201654">
        <ele>37.83750133123249</ele>
        <time>1970-01-01T00:15:54.700000Z</time>
        <extensions>
          <gpxtpx:TrackPointExtension>
            <gpxtpx:hr>159</gpxtpx:hr>
          </gpxtpx:TrackPointExtension>
        </extensions>
      </trkpt>
      <trkpt lat="28.817703886907694" lon="115.87878212492717">
        <ele>37.830754979513586</ele>
        <time>1970-01-01T00:15:55.700000Z</time>
        <extensions>
          <gpxtpx:TrackPointExtension>
            <gpxtpx:hr>159</gpxtpx:hr>
          </gpxtpx:TrackPointExtension>
        </extensions>
      </trkpt>
      <trkpt lat="28.81772737762407" lon="115.8787872414036">
        <ele>37.82469067629427</ele>
        <time>1970-01-01T00:15:56.700000Z</time>
        <extensions>
          <gpxtpx:TrackPointExtension>
            <gpxtpx:hr>159</gpxtpx:hr>
          </gpxtpx:TrackPointExtension>
        </extensions>
      </trkpt>
      <trkpt lat="28.817751369952454" lon="115.87879249453356">
        <ele>37.81977433338761</ele>
        <time>1970-01-01T00:15:57.700000Z</time>
        <extensions>
          <gpxtpx:TrackPointExtension>
            <gpxtpx:hr>159</gpxtpx:hr>
          </gpxtpx:TrackPointExtension>
        </extensions>
      </trkpt>
      <trkpt lat="28.81777549890789" lon="115.87879718565453">
        <ele>37.81622951198369</ele>
        <time>1970-01-01T00:15:58.700000Z</time>
        <extensions>
          <gpxtpx:TrackPointExtension>
            <gpxtpx:hr>159</gpxtpx:hr>
          </gpxtpx:TrackPointExtension>
        </extensions>
      </trkpt>
      <trkpt lat="28.817799715295006" lon="115.87880144165118">
        <ele>37.813933653756976</ele>
        <time>1970-01-01T00:15:59.700000Z</time>
        <extensions>
          <gpxtpx:TrackPointExtension>
            <gpxtpx:hr>159</gpxtpx:hr>
          </gpxtpx:TrackPointExtension>
        </extensions>
      </trkpt>
      <trkpt lat="28.817824251886055" lon="115.87880588299075">
        <ele>37.81238100491464</ele>
        <time>1970-01-01T00:16:00.700000Z</time>
        <extensions>
          <gpxtpx:TrackPointExtension>
            <gpxtpx:hr>159</gpxtpx:hr>
          </gpxtpx:TrackPointExtension>
        </extensions>
      </trkpt>
      <trkpt lat="28.81784876976023" lon="115.87881056073597">
        <ele>37.810691616497934</ele>
        <time>1970-01-01T00:16:01.700000Z</time>
        <extensions>
          <gpxtpx:TrackPointExtension>
            <gpxtpx:hr>159</gpxtpx:hr>
          </gpxtpx:TrackPointExtension>
        </extensions>
      </trkpt>
      <trkpt lat="28.817873463969228" lon="115.87881538156967">
        <ele>37.80799182318151</ele>
        <time>1970-01-01T00:16:02.700000Z</time>
        <extensions>
          <gpxtpx:TrackPointExtension>
            <gpxtpx:hr>159</gpxtpx:hr>
          </gpxtpx:TrackPointExtension>
        </extensions>
      </trkpt>
      <trkpt lat="28.81789879055371" lon="115.87882057735568">
        <ele>37.80324875563383</ele>
        <time>1970-01-01T00:16:03.700000Z</time>
        <extensions>
          <gpxtpx:TrackPointExtension>
            <gpxtpx:hr>159</gpxtpx:hr>
          </gpxtpx:TrackPointExtension>
        </extensions>
      </trkpt>
      <trkpt lat="28.817924232943476" lon="115.87882594702866">
        <ele>37.795389405451715</ele>
        <time>1970-01-01T00:16:04.700000Z</time>
        <extensions>
          <gpxtpx:TrackPointExtension>
            <gpxtpx:hr>159</gpxtpx:hr>
          </gpxtpx:TrackPointExtension>
        </extensions>
      </trkpt>
      <trkpt lat="28.817949015049535" lon="115.87883052209344">
        <ele>37.78369650430977</ele>
        <time>1970-01-01T00:16:05.700000Z</time>
        <extensions>
          <gpxtpx:TrackPointExtension>
            <gpxtpx:hr>159</gpxtpx:hr>
          </gpxtpx:TrackPointExtension>
        </extensions>
      </trkpt>
      <trkpt lat="28.817973644870627" lon="115.87883391503578">
        <ele>37.76808288972825</ele>
        <time>1970-01-01T00:16:06.700000Z</time>
        <extensions>
          <gpxtpx:TrackPointExtension>
            <gpxtpx:hr>159</gpxtpx:hr>
          </gpxtpx:TrackPointExtension>
        </extensions>
      </trkpt>
      <trkpt lat="28.817999114548954" lon="115.87883691077946">
        <ele>37.748978992924094</ele>
        <time>1970-01-01T00:16:07.700000Z</time>
        <extensions>
          <gpxtpx:TrackPointExtension>
            <gpxtpx:hr>159</gpxtpx:hr>
          </gpxtpx:TrackPointExtension>
        </extensions>
      </trkpt>
      <trkpt lat="28.8180253045382" lon="115.87884005075982">
        <ele>37.72736068069935</ele>
        <time>1970-01-01T00:16:08.700000Z</time>
        <extensions>
          <gpxtpx:TrackPointExtension>
            <gpxtpx:hr>159</gpxtpx:hr>
          </gpxtpx:TrackPointExtension>
        </extensions>
      </trkpt>
      <trkpt lat="28.818051530844027" lon="115.8788437965163">
        <ele>37.70452633686364</ele>
        <time>1970-01-01T00:16:09.700000Z</time>
        <extensions>
          <gpxtpx:TrackPointExtension>
            <gpxtpx:hr>159</gpxtpx:hr>
          </gpxtpx:TrackPointExtension>
        </extensions>
      </trkpt>
      <trkpt lat="28.81807767488129" lon="115.87884919403773">
        <ele>37.681852113455534</ele>
        <time>1970-01-01T00:16:10.700000Z</time>
        <extensions>
          <gpxtpx:TrackPointExtension>
            <gpxtpx:hr>159</gpxtpx:hr>
          </gpxtpx:TrackPointExtension>
        </extensions>
      </trkpt>
      <trkpt lat="28.818103718177213" lon="115.87885494445683">
        <ele>37.660322797484696</ele>
        <time>1970-01-01T00:16:11.700000Z</time>
        <extensions>
          <gpxtpx:TrackPointExtension>
            <gpxtpx:hr>159</gpxtpx:hr>
          </gpxtpx:TrackPointExtension>
        </extensions>
      </trkpt>
      <trkpt lat="28.81812908464897" lon="115.87885900803623">
        <ele>37.64068140555173</ele>
        <time>1970-01-01T00:16:12.700000Z</time>
        <extensions>
          <gpxtpx:TrackPointExtension>
            <gpxtpx:hr>161</gpxtpx:hr>
          </gpxtpx:TrackPointExtension>
        </extensions>
      </trkpt>
      <trkpt lat="28.81815412802536" lon="115.87886229840133">
        <ele>37.623281423933804</ele>
        <time>1970-01-01T00:16:13.700000Z</time>
        <extensions>
          <gpxtpx:TrackPointExtension>
            <gpxtpx:hr>161</gpxtpx:hr>
          </gpxtpx:TrackPointExtension>
        </extensions>
      </trkpt>
      <trkpt lat="28.81817982782718" lon="115.87886560811086">
        <ele>37.608032441698015</ele>
        <time>1970-01-01T00:16:14.700000Z</time>
        <extensions>
          <gpxtpx:TrackPointExtension>
            <gpxtpx:hr>161</gpxtpx:hr>
          </gpxtpx:TrackPointExtension>
        </extensions>
      </trkpt>
      <trkpt lat="28.818205598318947" lon="115.87886914147828">
        <ele>37.59448731970042</ele>
        <time>1970-01-01T00:16:15.700000Z</time>
        <extensions>
          <gpxtpx:TrackPointExtension>
            <gpxtpx:hr>161</gpxtpx:hr>
          </gpxtpx:TrackPointExtension>
        </extensions>
      </trkpt>
      <trkpt lat="28.818230618233265" lon="115.87887355631001">
        <ele>37.58243079390377</ele>
        <time>1970-01-01T00:16:16.700000Z</time>
        <extensions>
          <gpxtpx:TrackPointExtension>
            <gpxtpx:hr>161</gpxtpx:hr>
          </gpxtpx:TrackPointExtension>
        </extensions>
      </trkpt>
      <trkpt lat="28.818254715106765" lon="115.87887867826527">
        <ele>37.57181916758418</ele>
        <time>1970-01-01T00:16:17.700000Z</time>
        <extensions>
          <gpxtpx:TrackPointExtension>
            <gpxtpx:hr>161</gpxtpx:hr>
          </gpxtpx:TrackPointExtension>
        </extensions>
      </trkpt>
      <trkpt lat="28.8182775512388" lon="115.87888376849132">
        <ele>37.562757370993495</ele>
        <time>1970-01-01T00:16:18.700000Z</time>
        <extensions>
          <gpxtpx:TrackPointExtension>
            <gpxtpx:hr>161</gpxtpx:hr>
          </gpxtpx:TrackPointExtension>
        </extensions>
      </trkpt>
      <trkpt lat="28.818299188271062" lon="115.87888809123871">
        <ele>37.55532559938729</ele>
        <time>1970-01-01T00:16:19.700000Z</time>
        <extensions>
          <gpxtpx:TrackPointExtension>
            <gpxtpx:hr>161</gpxtpx:hr>
          </gpxtpx:TrackPointExtension>
        </extensions>
      </trkpt>
      <trkpt lat="28.818320574242133" lon="115.8788917426801">
        <ele>37.54991232138127</ele>
        <time>1970-01-01T00:16:20.700000Z</time>
        <extensions>
          <gpxtpx:TrackPointExtension>
            <gpxtpx:hr>161</gpxtpx:hr>
          </gpxtpx:TrackPointExtension>
        </extensions>
      </trkpt>
      <trkpt lat="28.818342684567135" lon="115.8788957049987">
        <ele>37.54658565390855</ele>
        <time>1970-01-01T00:16:21.700000Z</time>
        <extensions>
          <gpxtpx:TrackPointExtension>
            <gpxtpx:hr>161</gpxtpx:hr>
          </gpxtpx:TrackPointExtension>
        </extensions>
      </trkpt>
      <trkpt lat="28.81836562868968" lon="115.87890040482951">
        <ele>37.5448312824592</ele>
        <time>1970-01-01T00:16:22.700000Z</time>
        <extensions>
          <gpxtpx:TrackPointExtension>
            <gpxtpx:hr>161</gpxtpx:hr>
          </gpxtpx:TrackPointExtension>
        </extensions>
      </trkpt>
      <trkpt lat="28.818389193297616" lon="115.87890537038092">
        <ele>37.543623371981084</ele>
        <time>1970-01-01T00:16:23.700000Z</time>
        <extensions>
          <gpxtpx:TrackPointExtension>
            <gpxtpx:hr>161</gpxtpx:hr>
          </gpxtpx:TrackPointExtension>
        </extensions>
      </trkpt>
      <trkpt lat="28.81841354510106" lon="115.87891017858263">
        <ele>37.541776755824685</ele>
        <time>1970-01-01T00:16:24.700000Z</time>
        <extensions>
          <gpxtpx:TrackPointExtension>
            <gpxtpx:hr>161</gpxtpx:hr>
          </gpxtpx:TrackPointExtension>
        </extensions>
      </trkpt>
      <trkpt lat="28.818438750335197" lon="115.87891490846108">
        <ele>37.538454990834</ele>
        <time>1970-01-01T00:16:25.700000Z</time>
        <extensions>
          <gpxtpx:TrackPointExtension>
            <gpxtpx:hr>162</gpxtpx:hr>
          </gpxtpx:TrackPointExtension>
        </extensions>
      </trkpt>
      <trkpt lat="28.818464744366054" lon="115.87891981501723">
        <ele>37.533315879292786</ele>
        <time>1970-01-01T00:16:26.700000Z</time>
        <extensions>
          <gpxtpx:TrackPointExtension>
            <gpxtpx:hr>162</gpxtpx:hr>
          </gpxtpx:TrackPointExtension>
        </extensions>
      </trkpt>
      <trkpt lat="28.81849139312897" lon="115.87892516281167">
        <ele>37.526650765910745</ele>
        <time>1970-01-01T00:16:27.700000Z</time>
        <extensions>
          <gpxtpx:TrackPointExtension>
            <gpxtpx:hr>162</gpxtpx:hr>
          </gpxtpx:TrackPointExtension>
        </extensions>
      </trkpt>
      <trkpt lat="28.818518054842578" lon="115.87893089399994">
        <ele>37.51920438185334</ele>
        <time>1970-01-01T00:16:28.700000Z</time>
        <extensions>
          <gpxtpx:TrackPointExtension>
            <gpxtpx:hr>162</gpxtpx:hr>
          </gpxtpx:TrackPointExtension>
        </extensions>
      </trkpt>
      <trkpt lat="28.818544024142863" lon="115.87893640679412">
        <ele>37.51160623971373</ele>
        <time>1970-01-01T00:16:29.700000Z</time>
        <extensions>
          <gpxtpx:TrackPointExtension>
            <gpxtpx:hr>162</gpxtpx:hr>
          </gpxtpx:TrackPointExtension>
        </extensions>
      </trkpt>
      <trkpt lat="28.818569469499334" lon="115.87894144676454">
        <ele>37.504373327828944</ele>
        <time>1970-01-01T00:16:30.700000Z</time>
        <extensions>
          <gpxtpx:TrackPointExtension>
            <gpxtpx:hr>162</gpxtpx:hr>
          </gpxtpx:TrackPointExtension>
        </extensions>
      </trkpt>
      <trkpt lat="28.8185949683364" lon="115.87894650795226">
        <ele>37.497828361578286</ele>
        <time>1970-01-01T00:16:31.700000Z</time>
        <extensions>
          <gpxtpx:TrackPointExtension>
            <gpxtpx:hr>162</gpxtpx:hr>
          </gpxtpx:TrackPointExtension>
        </extensions>
      </trkpt>
      <trkpt lat="28.818620687717967" lon="115.87895186234108">
        <ele>37.49230749346316</ele>
        <time>1970-01-01T00:16:32.700000Z</time>
        <extensions>
          <gpxtpx:TrackPointExtension>
            <gpxtpx:hr>162</gpxtpx:hr>
          </gpxtpx:TrackPointExtension>
        </extensions>
      </trkpt>
      <trkpt lat="28.818646450166078" lon="115.87895708836764">
        <ele>37.488275931216776</ele>
        <time>1970-01-01T00:16:33.700000Z</time>
        <extensions>
          <gpxtpx:TrackPointExtension>
            <gpxtpx:hr>162</gpxtpx:hr>
          </gpxtpx:TrackPointExtension>
        </extensions>
      </trkpt>
      <trkpt lat="28.818672181212477" lon="115.87896184652939">
        <ele>37.48642951529473</ele>
        <time>1970-01-01T00:16:34.700000Z</time>
        <extensions>
          <gpxtpx:TrackPointExtension>
            <gpxtpx:hr>162</gpxtpx:hr>
          </gpxtpx:TrackPointExtension>
        </extensions>
      </trkpt>
      <trkpt lat="28.818698139808998" lon="115.87896648138636">
        <ele>37.487013675272465</ele>
        <time>1970-01-01T00:16:35.700000Z</time>
        <extensions>
          <gpxtpx:TrackPointExtension>
            <gpxtpx:hr>162</gpxtpx:hr>
          </gpxtpx:TrackPointExtension>
        </extensions>
      </trkpt>
      <trkpt lat="28.81872422431666" lon="115.87897132697297">
        <ele>37.49006795603782</ele>
        <time>1970-01-01T00:16:36.700000Z</time>
        <extensions>
          <gpxtpx:TrackPointExtension>
            <gpxtpx:hr>162</gpxtpx:hr>
          </gpxtpx:TrackPointExtension>
        </extensions>
      </trkpt>
      <trkpt lat="28.818750062538175" lon="115.87897629201208">
        <ele>37.49554615467787</ele>
        <time>1970-01-01T00:16:37.700000Z</time>
        <extensions>
          <gpxtpx:TrackPointExtension>
            <gpxtpx:hr>161</gpxtpx:hr>
          </gpxtpx:TrackPointExtension>
        </extensions>
      </trkpt>
      <trkpt lat="28.818775516220207" lon="115.87898117656964">
        <ele>37.50312005635351</ele>
        <time>1970-01-01T00:16:38.700000Z</time>
        <extensions>
          <gpxtpx:TrackPointExtension>
            <gpxtpx:hr>161</gpxtpx:hr>
          </gpxtpx:TrackPointExtension>
        </extensions>
      </trkpt>
      <trkpt lat="28.81880060844629" lon="115.87898594614828">
        <ele>37.51195358391851</ele>
        <time>1970-01-01T00:16:39.700000Z</time>
        <extensions>
          <gpxtpx:TrackPointExtension>
            <gpxtpx:hr>161</gpxtpx:hr>
          </gpxtpx:TrackPointExtension>
        </extensions>
      </trkpt>
      <trkpt lat="28.818825145517252" lon="115.87899054029205">
        <ele>37.52107285242528</ele>
        <time>1970-01-01T00:16:40.700000Z</time>
        <extensions>
          <gpxtpx:TrackPointExtension>
            <gpxtpx:hr>161</gpxtpx:hr>
          </gpxtpx:TrackPointExtension>
        </extensions>
      </trkpt>
      <trkpt lat="28.818849137747506" lon="115.87899473714494">
        <ele>37.5293507380411</ele>
        <time>1970-01-01T00:16:41.700000Z</time>
        <extensions>
          <gpxtpx:TrackPointExtension>
            <gpxtpx:hr>161</gpxtpx:hr>
          </gpxtpx:TrackPointExtension>
        </extensions>
      </trkpt>
      <trkpt lat="28.818873384377337" lon="115.87899878689102">
        <ele>37.5355488685891</ele>
        <time>1970-01-01T00:16:42.700000Z</time>
        <extensions>
          <gpxtpx:TrackPointExtension>
            <gpxtpx:hr>161</gpxtpx:hr>
          </gpxtpx:TrackPointExtension>
        </extensions>
      </trkpt>
      <trkpt lat="28.81889832474152" lon="115.87900327158948">
        <ele>37.538602099753916</ele>
        <time>1970-01-01T00:16:43.700000Z</time>
        <extensions>
          <gpxtpx:TrackPointExtension>
            <gpxtpx:hr>161</gpxtpx:hr>
          </gpxtpx:TrackPointExtension>
        </extensions>
      </trkpt>
      <trkpt lat="28.818923535357328" lon="115.87900824781897">
        <ele>37.53811951074749</ele>
        <time>1970-01-01T00:16:44.700000Z</time>
        <extensions>
          <gpxtpx:TrackPointExtension>
            <gpxtpx:hr>161</gpxtpx:hr>
          </gpxtpx:TrackPointExtension>
        </extensions>
      </trkpt>
      <trkpt lat="28.818948531551904" lon="115.87901306364316">
        <ele>37.53438879083842</ele>
        <time>1970-01-01T00:16:45.700000Z</time>
        <extensions>
          <gpxtpx:TrackPointExtension>
            <gpxtpx:hr>161</gpxtpx:hr>
          </gpxtpx:TrackPointExtension>
        </extensions>
      </trkpt>
      <trkpt lat="28.818973322262835" lon="115.87901765489198">
        <ele>37.528277890756726</ele>
        <time>1970-01-01T00:16:46.700000Z</time>
        <extensions>
          <gpxtpx:TrackPointExtension>
            <gpxtpx:hr>161</gpxtpx:hr>
          </gpxtpx:TrackPointExtension>
        </extensions>
      </trkpt>
      <trkpt lat="28.818998442112846" lon="115.87902230041853">
        <ele>37.52122839540243</ele>
        <time>1970-01-01T00:16:47.700000Z</time>
        <extensions>
          <gpxtpx:TrackPointExtension>
            <gpxtpx:hr>162</gpxtpx:hr>
          </gpxtpx:TrackPointExtension>
        </extensions>
      </trkpt>
      <trkpt lat="28.81902416187664" lon="115.87902685565618">
        <ele>37.51438845600933</ele>
        <time>1970-01-01T00:16:48.700000Z</time>
        <extensions>
          <gpxtpx:TrackPointExtension>
            <gpxtpx:hr>162</gpxtpx:hr>
          </gpxtpx:TrackPointExtension>
        </extensions>
      </trkpt>
      <trkpt lat="28.819050008521476" lon="115.87903132151835">
        <ele>37.50840926729143</ele>
        <time>1970-01-01T00:16:49.700000Z</time>
        <extensions>
          <gpxtpx:TrackPointExtension>
            <gpxtpx:hr>162</gpxtpx:hr>
          </gpxtpx:TrackPointExtension>
        </extensions>
      </trkpt>
      <trkpt lat="28.81907541180398" lon="115.8790353577916">
        <ele>37.50316365249455</ele>
        <time>1970-01-01T00:16:50.700000Z</time>
        <extensions>
          <gpxtpx:TrackPointExtension>
            <gpxtpx:hr>162</gpxtpx:hr>
          </gpxtpx:TrackPointExtension>
        </extensions>
      </trkpt>
      <trkpt lat="28.81910033550498" lon="115.87903922821948">
        <ele>37.49781170580536</ele>
        <time>1970-01-01T00:16:51.700000Z</time>
        <extensions>
          <gpxtpx:TrackPointExtension>
            <gpxtpx:hr>162</gpxtpx:hr>
          </gpxtpx:TrackPointExtension>
        </extensions>
      </trkpt>
      <trkpt lat="28.819125099801372" lon="115.87904343038888">
        <ele>37.49080387223512</ele>
        <time>1970-01-01T00:16:52.700000Z</time>
        <extensions>
          <gpxtpx:TrackPointExtension>
            <gpxtpx:hr>162</gpxtpx:hr>
          </gpxtpx:TrackPointExtension>
        </extensions>
      </trkpt>
      <trkpt lat="28.8191498664298" lon="115.87904818869389">
        <ele>37.48083890043199</ele>
        <time>1970-01-01T00:16:53.700000Z</time>
        <extensions>
          <gpxtpx:TrackPointExtension>
            <gpxtpx:hr>162</gpxtpx:hr>
          </gpxtpx:TrackPointExtension>
        </extensions>
      </trkpt>
      <trkpt lat="28.819174670358954" lon="115.87905351068632">
        <ele>37.46690262295306</ele>
        <time>1970-01-01T00:16:54.700000Z</time>
        <extensions>
          <gpxtpx:TrackPointExtension>
            <gpxtpx:hr>162</gpxtpx:hr>
          </gpxtpx:TrackPointExtension>
        </extensions>
      </trkpt>
      <trkpt lat="28.819199437547272" lon="115.87905928135032">
        <ele>37.448574248701334</ele>
        <time>1970-01-01T00:16:55.700000Z</time>
        <extensions>
          <gpxtpx:TrackPointExtension>
            <gpxtpx:hr>162</gpxtpx:hr>
          </gpxtpx:TrackPointExtension>
        </extensions>
      </trkpt>
      <trkpt lat="28.81922418900585" lon="115.8790657072648">
        <ele>37.426126500591636</ele>
        <time>1970-01-01T00:16:56.700000Z</time>
        <extensions>
          <gpxtpx:TrackPointExtension>
            <gpxtpx:hr>162</gpxtpx:hr>
          </gpxtpx:TrackPointExtension>
        </extensions>
      </trkpt>
      <trkpt lat="28.819248654224133" lon="115.87907229106739">
        <ele>37.40054941177368</ele>
        <time>1970-01-01T00:16:57.700000Z</time>
        <extensions>
          <gpxtpx:TrackPointExtension>
            <gpxtpx:hr>161</gpxtpx:hr>
          </gpxtpx:TrackPointExtension>
        </extensions>
      </trkpt>
      <trkpt lat="28.819273023884104" lon="115.87907854006458">
        <ele>37.3734709629789</ele>
        <time>1970-01-01T00:16:58.700000Z</time>
        <extensions>
          <gpxtpx:TrackPointExtension>
            <gpxtpx:hr>161</gpxtpx:hr>
          </gpxtpx:TrackPointExtension>
        </extensions>
      </trkpt>
      <trkpt lat="28.819297337363068" lon="115.87908425434513">
        <ele>37.34679714310914</ele>
        <time>1970-01-01T00:16:59.700000Z</time>
        <extensions>
          <gpxtpx:TrackPointExtension>
            <gpxtpx:hr>161</gpxtpx:hr>
          </gpxtpx:TrackPointExtension>
        </extensions>
      </trkpt>
      <trkpt lat="28.819320882339188" lon="115.8790888000748">
        <ele>37.322268353775144</ele>
        <time>1970-01-01T00:17:00.700000Z</time>
        <extensions>
          <gpxtpx:TrackPointExtension>
            <gpxtpx:hr>161</gpxtpx:hr>
          </gpxtpx:TrackPointExtension>
        </extensions>
      </trkpt>
      <trkpt lat="28.81934373472557" lon="115.87909208404878">
        <ele>37.301053958944976</ele>
        <time>1970-01-01T00:17:01.700000Z</time>
        <extensions>
          <gpxtpx:TrackPointExtension>
            <gpxtpx:hr>161</gpxtpx:hr>
          </gpxtpx:TrackPointExtension>
        </extensions>
      </trkpt>
      <trkpt lat="28.81936666529503" lon="115.87909490469418">
        <ele>37.28352153953165</ele>
        <time>1970-01-01T00:17:02.700000Z</time>
        <extensions>
          <gpxtpx:TrackPointExtension>
            <gpxtpx:hr>161</gpxtpx:hr>
          </gpxtpx:TrackPointExtension>
        </extensions>
      </trkpt>
      <trkpt lat="28.819390289893953" lon="115.87909817657942">
        <ele>37.26961332373321</ele>
        <time>1970-01-01T00:17:03.700000Z</time>
        <extensions>
          <gpxtpx:TrackPointExtension>
            <gpxtpx:hr>160</gpxtpx:hr>
          </gpxtpx:TrackPointExtension>
        </extensions>
      </trkpt>
      <trkpt lat="28.819414899309006" lon="115.87910265054616">
        <ele>37.258960796520114</ele>
        <time>1970-01-01T00:17:04.700000Z</time>
        <extensions>
          <gpxtpx:TrackPointExtension>
            <gpxtpx:hr>160</gpxtpx:hr>
          </gpxtpx:TrackPointExtension>
        </extensions>
      </trkpt>
      <trkpt lat="28.819440613343605" lon="115.87910849722772">
        <ele>37.251149450428784</ele>
        <time>1970-01-01T00:17:05.700000Z</time>
        <extensions>
          <gpxtpx:TrackPointExtension>
            <gpxtpx:hr>160</gpxtpx:hr>
          </gpxtpx:TrackPointExtension>
        </extensions>
      </trkpt>
      <trkpt lat="28.81946674860549" lon="115.8791148081621">
        <ele>37.24544445052743</ele>
        <time>1970-01-01T00:17:06.700000Z</time>
        <extensions>
          <gpxtpx:TrackPointExtension>
            <gpxtpx:hr>160</gpxtpx:hr>
          </gpxtpx:TrackPointExtension>
        </extensions>
      </trkpt>
      <trkpt lat="28.819492378799815" lon="115.87912067739506">
        <ele>37.241328046657145</ele>
        <time>1970-01-01T00:17:07.700000Z</time>
        <extensions>
          <gpxtpx:TrackPointExtension>
            <gpxtpx:hr>160</gpxtpx:hr>
          </gpxtpx:TrackPointExtension>
        </extensions>
      </trkpt>
      <trkpt lat="28.819517480754502" lon="115.87912653955082">
        <ele>37.238219970837235</ele>
        <time>1970-01-01T00:17:08.700000Z</time>
        <extensions>
          <gpxtpx:TrackPointExtension>
            <gpxtpx:hr>161</gpxtpx:hr>
          </gpxtpx:TrackPointExtension>
        </extensions>
      </trkpt>
      <trkpt lat="28.819542823739532" lon="115.8791332241659">
        <ele>37.23552088625729</ele>
        <time>1970-01-01T00:17:09.700000Z</time>
        <extensions>
          <gpxtpx:TrackPointExtension>
            <gpxtpx:hr>161</gpxtpx:hr>
          </gpxtpx:TrackPointExtension>
        </extensions>
      </trkpt>
      <trkpt lat="28.819568937059422" lon="115.87914063904216">
        <ele>37.232648745179176</ele>
        <time>1970-01-01T00:17:10.700000Z</time>
        <extensions>
          <gpxtpx:TrackPointExtension>
            <gpxtpx:hr>161</gpxtpx:hr>
          </gpxtpx:TrackPointExtension>
        </extensions>
      </trkpt>
      <trkpt lat="28.81959576976321" lon="115.87914850567087">
        <ele>37.22928382270038</ele>
        <time>1970-01-01T00:17:11.700000Z</time>
        <extensions>
          <gpxtpx:TrackPointExtension>
            <gpxtpx:hr>161</gpxtpx:hr>
          </gpxtpx:TrackPointExtension>
        </extensions>
      </trkpt>
      <trkpt lat="28.81962295935252" lon="115.87915676422729">
        <ele>37.22366024926305</ele>
        <time>1970-01-01T00:17:12.700000Z</time>
        <extensions>
          <gpxtpx:TrackPointExtension>
            <gpxtpx:hr>161</gpxtpx:hr>
          </gpxtpx:TrackPointExtension>
        </extensions>
      </trkpt>
      <trkpt lat="28.81965001665333" lon="115.87916495240695">
        <ele>37.216942249797285</ele>
        <time>1970-01-01T00:17:13.700000Z</time>
        <extensions>
          <gpxtpx:TrackPointExtension>
            <gpxtpx:hr>163</gpxtpx:hr>
          </gpxtpx:TrackPointExtension>
        </extensions>
      </trkpt>
      <trkpt lat="28.819676796623646" lon="115.87917257391221">
        <ele>37.207312173210084</ele>
        <time>1970-01-01T00:17:14.700000Z</time>
        <extensions>
          <gpxtpx:TrackPointExtension>
            <gpxtpx:hr>163</gpxtpx:hr>
          </gpxtpx:TrackPointExtension>
        </extensions>
      </trkpt>
      <trkpt lat="28.819703434495015" lon="115.87917973058572">
        <ele>37.194363941438496</ele>
        <time>1970-01-01T00:17:15.700000Z</time>
        <extensions>
          <gpxtpx:TrackPointExtension>
            <gpxtpx:hr>163</gpxtpx:hr>
          </gpxtpx:TrackPointExtension>
        </extensions>
      </trkpt>
      <trkpt lat="28.81972977337326" lon="115.87918666331242">
        <ele>37.178369004279375</ele>
        <time>1970-01-01T00:17:16.700000Z</time>
        <extensions>
          <gpxtpx:TrackPointExtension>
            <gpxtpx:hr>163</gpxtpx:hr>
          </gpxtpx:TrackPointExtension>
        </extensions>
      </trkpt>
      <trkpt lat="28.81975560715094" lon="115.87919313241852">
        <ele>37.160550739616156</ele>
        <time>1970-01-01T00:17:17.700000Z</time>
        <extensions>
          <gpxtpx:TrackPointExtension>
            <gpxtpx:hr>163</gpxtpx:hr>
          </gpxtpx:TrackPointExtension>
        </extensions>
      </trkpt>
      <trkpt lat="28.81978062999666" lon="115.87919905938746">
        <ele>37.14270957838744</ele>
        <time>1970-01-01T00:17:18.700000Z</time>
        <extensions>
          <gpxtpx:TrackPointExtension>
            <gpxtpx:hr>163</gpxtpx:hr>
          </gpxtpx:TrackPointExtension>
        </extensions>
      </trkpt>
      <trkpt lat="28.81980489501275" lon="115.8792047692336">
        <ele>37.126724624074996</ele>
        <time>1970-01-01T00:17:19.700000Z</time>
        <extensions>
          <gpxtpx:TrackPointExtension>
            <gpxtpx:hr>163</gpxtpx:hr>
          </gpxtpx:TrackPointExtension>
        </extensions>
      </trkpt>
      <trkpt lat="28.81982885582351" lon="115.87921023179233">
        <ele>37.11430359259248</ele>
        <time>1970-01-01T00:17:20.700000Z</time>
        <extensions>
          <gpxtpx:TrackPointExtension>
            <gpxtpx:hr>163</gpxtpx:hr>
          </gpxtpx:TrackPointExtension>
        </extensions>
      </trkpt>
      <trkpt lat="28.819853433223308" lon="115.87921555767444">
        <ele>37.10677192732692</ele>
        <time>1970-01-01T00:17:21.700000Z</time>
        <extensions>
          <gpxtpx:TrackPointExtension>
            <gpxtpx:hr>163</gpxtpx:hr>
          </gpxtpx:TrackPointExtension>
        </extensions>
      </trkpt>
      <trkpt lat="28.81988142902259" lon="115.87922153529851">
        <ele>37.102177143096924</ele>
        <time>1970-01-01T00:17:22.800000Z</time>
        <extensions>
          <gpxtpx:TrackPointExtension>
            <gpxtpx:hr>164</gpxtpx:hr>
          </gpxtpx:TrackPointExtension>
        </extensions>
      </trkpt>
      <trkpt lat="28.819905857686553" lon="115.87922643952842">
        <ele>37.10017554555088</ele>
        <time>1970-01-01T00:17:23.700000Z</time>
        <extensions>
          <gpxtpx:TrackPointExtension>
            <gpxtpx:hr>164</gpxtpx:hr>
          </gpxtpx:TrackPointExtension>
        </extensions>
      </trkpt>
      <trkpt lat="28.81993192223897" lon="115.87923117865748">
        <ele>37.099305857904255</ele>
        <time>1970-01-01T00:17:24.700000Z</time>
        <extensions>
          <gpxtpx:TrackPointExtension>
            <gpxtpx:hr>164</gpxtpx:hr>
          </gpxtpx:TrackPointExtension>
        </extensions>
      </trkpt>
      <trkpt lat="28.819956376419736" lon="115.87923551998095">
        <ele>37.09973610751331</ele>
        <time>1970-01-01T00:17:25.700000Z</time>
        <extensions>
          <gpxtpx:TrackPointExtension>
            <gpxtpx:hr>164</gpxtpx:hr>
          </gpxtpx:TrackPointExtension>
        </extensions>
      </trkpt>
      <trkpt lat="28.819980612597472" lon="115.87923974822594">
        <ele>37.099552067928016</ele>
        <time>1970-01-01T00:17:26.700000Z</time>
        <extensions>
          <gpxtpx:TrackPointExtension>
            <gpxtpx:hr>164</gpxtpx:hr>
          </gpxtpx:TrackPointExtension>
        </extensions>
      </trkpt>
      <trkpt lat="28.820006219660524" lon="115.87924424598903">
        <ele>37.09739018604159</ele>
        <time>1970-01-01T00:17:27.700000Z</time>
        <extensions>
          <gpxtpx:TrackPointExtension>
            <gpxtpx:hr>164</gpxtpx:hr>
          </gpxtpx:TrackPointExtension>
        </extensions>
      </trkpt>
      <trkpt lat="28.820032677767763" lon="115.87924938114477">
        <ele>37.09274614509195</ele>
        <time>1970-01-01T00:17:28.700000Z</time>
        <extensions>
          <gpxtpx:TrackPointExtension>
            <gpxtpx:hr>164</gpxtpx:hr>
          </gpxtpx:TrackPointExtension>
        </extensions>
      </trkpt>
      <trkpt lat="28.82005938808185" lon="115.87925478556598">
        <ele>37.08572746254504</ele>
        <time>1970-01-01T00:17:29.700000Z</time>
        <extensions>
          <gpxtpx:TrackPointExtension>
            <gpxtpx:hr>164</gpxtpx:hr>
          </gpxtpx:TrackPointExtension>
        </extensions>
      </trkpt>
      <trkpt lat="28.820085900600763" lon="115.87925992843431">
        <ele>37.07678430713713</ele>
        <time>1970-01-01T00:17:30.700000Z</time>
        <extensions>
          <gpxtpx:TrackPointExtension>
            <gpxtpx:hr>164</gpxtpx:hr>
          </gpxtpx:TrackPointExtension>
        </extensions>
      </trkpt>
      <trkpt lat="28.820112096322767" lon="115.87926508448318">
        <ele>37.0663552666083</ele>
        <time>1970-01-01T00:17:31.700000Z</time>
        <extensions>
          <gpxtpx:TrackPointExtension>
            <gpxtpx:hr>164</gpxtpx:hr>
          </gpxtpx:TrackPointExtension>
        </extensions>
      </trkpt>
      <trkpt lat="28.820137469794403" lon="115.87927028355604">
        <ele>37.05459773354232</ele>
        <time>1970-01-01T00:17:32.700000Z</time>
        <extensions>
          <gpxtpx:TrackPointExtension>
            <gpxtpx:hr>164</gpxtpx:hr>
          </gpxtpx:TrackPointExtension>
        </extensions>
      </trkpt>
      <trkpt lat="28.820161424017442" lon="115.87927508413128">
        <ele>37.04125549364835</ele>
        <time>1970-01-01T00:17:33.700000Z</time>
        <extensions>
          <gpxtpx:TrackPointExtension>
            <gpxtpx:hr>164</gpxtpx:hr>
          </gpxtpx:TrackPointExtension>
        </extensions>
      </trkpt>
      <trkpt lat="28.82018436023501" lon="115.87927967799665">
        <ele>37.0261301798746</ele>
        <time>1970-01-01T00:17:34.700000Z</time>
        <extensions>
          <gpxtpx:TrackPointExtension>
            <gpxtpx:hr>164</gpxtpx:hr>
          </gpxtpx:TrackPointExtension>
        </extensions>
      </trkpt>
      <trkpt lat="28.820207111892923" lon="115.87928438550676">
        <ele>37.00930165499449</ele>
        <time>1970-01-01T00:17:35.700000Z</time>
        <extensions>
          <gpxtpx:TrackPointExtension>
            <gpxtpx:hr>164</gpxtpx:hr>
          </gpxtpx:TrackPointExtension>
        </extensions>
      </trkpt>
      <trkpt lat="28.820230370860173" lon="115.87928905750645">
        <ele>36.990516542457044</ele>
        <time>1970-01-01T00:17:36.700000Z</time>
        <extensions>
          <gpxtpx:TrackPointExtension>
            <gpxtpx:hr>164</gpxtpx:hr>
          </gpxtpx:TrackPointExtension>
        </extensions>
      </trkpt>
      <trkpt lat="28.820254581062184" lon="115.87929363232278">
        <ele>36.96938301343471</ele>
        <time>1970-01-01T00:17:37.700000Z</time>
        <extensions>
          <gpxtpx:TrackPointExtension>
            <gpxtpx:hr>165</gpxtpx:hr>
          </gpxtpx:TrackPointExtension>
        </extensions>
      </trkpt>
      <trkpt lat="28.82027964286378" lon="115.87929873478019">
        <ele>36.94570380076766</ele>
        <time>1970-01-01T00:17:38.700000Z</time>
        <extensions>
          <gpxtpx:TrackPointExtension>
            <gpxtpx:hr>165</gpxtpx:hr>
          </gpxtpx:TrackPointExtension>
        </extensions>
      </trkpt>
      <trkpt lat="28.820304871081913" lon="115.87930446344356">
        <ele>36.91965467389673</ele>
        <time>1970-01-01T00:17:39.700000Z</time>
        <extensions>
          <gpxtpx:TrackPointExtension>
            <gpxtpx:hr>165</gpxtpx:hr>
          </gpxtpx:TrackPointExtension>
        </extensions>
      </trkpt>
      <trkpt lat="28.820329793487293" lon="115.87930990561719">
        <ele>36.891400288790464</ele>
        <time>1970-01-01T00:17:40.700000Z</time>
        <extensions>
          <gpxtpx:TrackPointExtension>
            <gpxtpx:hr>165</gpxtpx:hr>
          </gpxtpx:TrackPointExtension>
        </extensions>
      </trkpt>
      <trkpt lat="28.820354775175392" lon="115.87931487913325">
        <ele>36.86074863281101</ele>
        <time>1970-01-01T00:17:41.700000Z</time>
        <extensions>
          <gpxtpx:TrackPointExtension>
            <gpxtpx:hr>165</gpxtpx:hr>
          </gpxtpx:TrackPointExtension>
        </extensions>
      </trkpt>
      <trkpt lat="28.820380816919652" lon="115.87932003767334">
        <ele>36.8269660519436</ele>
        <time>1970-01-01T00:17:42.700000Z</time>
        <extensions>
          <gpxtpx:TrackPointExtension>
            <gpxtpx:hr>166</gpxtpx:hr>
          </gpxtpx:TrackPointExtension>
        </extensions>
      </trkpt>
      <trkpt lat="28.82040774101162" lon="115.87932509246359">
        <ele>36.78869468532503</ele>
        <time>1970-01-01T00:17:43.700000Z</time>
        <extensions>
          <gpxtpx:TrackPointExtension>
            <gpxtpx:hr>166</gpxtpx:hr>
          </gpxtpx:TrackPointExtension>
        </extensions>
      </trkpt>
      <trkpt lat="28.820434305390226" lon="115.87932970059693">
        <ele>36.744469525292516</ele>
        <time>1970-01-01T00:17:44.700000Z</time>
        <extensions>
          <gpxtpx:TrackPointExtension>
            <gpxtpx:hr>166</gpxtpx:hr>
          </gpxtpx:TrackPointExtension>
        </extensions>
      </trkpt>
      <trkpt lat="28.820460089892485" lon="115.87933412102501">
        <ele>36.693129094317555</ele>
        <time>1970-01-01T00:17:45.700000Z</time>
        <extensions>
          <gpxtpx:TrackPointExtension>
            <gpxtpx:hr>166</gpxtpx:hr>
          </gpxtpx:TrackPointExtension>
        </extensions>
      </trkpt>
      <trkpt lat="28.820485296017292" lon="115.87933815964016">
        <ele>36.634551575407386</ele>
        <time>1970-01-01T00:17:46.700000Z</time>
        <extensions>
          <gpxtpx:TrackPointExtension>
            <gpxtpx:hr>166</gpxtpx:hr>
          </gpxtpx:TrackPointExtension>
        </extensions>
      </trkpt>
      <trkpt lat="28.820510548318726" lon="115.87934166724001">
        <ele>36.56971938163042</ele>
        <time>1970-01-01T00:17:47.700000Z</time>
        <extensions>
          <gpxtpx:TrackPointExtension>
            <gpxtpx:hr>165</gpxtpx:hr>
          </gpxtpx:TrackPointExtension>
        </extensions>
      </trkpt>
      <trkpt lat="28.82053663416397" lon="115.87934527198092">
        <ele>36.500331851653755</ele>
        <time>1970-01-01T00:17:48.700000Z</time>
        <extensions>
          <gpxtpx:TrackPointExtension>
            <gpxtpx:hr>165</gpxtpx:hr>
          </gpxtpx:TrackPointExtension>
        </extensions>
      </trkpt>
      <trkpt lat="28.82056361256253" lon="115.87934951984975">
        <ele>36.427603140473366</ele>
        <time>1970-01-01T00:17:49.700000Z</time>
        <extensions>
          <gpxtpx:TrackPointExtension>
            <gpxtpx:hr>165</gpxtpx:hr>
          </gpxtpx:TrackPointExtension>
        </extensions>
      </trkpt>
      <trkpt lat="28.820591033198525" lon="115.87935428986718">
        <ele>36.35257554333657</ele>
        <time>1970-01-01T00:17:50.700000Z</time>
        <extensions>
          <gpxtpx:TrackPointExtension>
            <gpxtpx:hr>165</gpxtpx:hr>
          </gpxtpx:TrackPointExtension>
        </extensions>
      </trkpt>
      <trkpt lat="28.820618195812283" lon="115.87935993393906">
        <ele>36.276225144043565</ele>
        <time>1970-01-01T00:17:51.700000Z</time>
        <extensions>
          <gpxtpx:TrackPointExtension>
            <gpxtpx:hr>165</gpxtpx:hr>
          </gpxtpx:TrackPointExtension>
        </extensions>
      </trkpt>
      <trkpt lat="28.820644491568103" lon="115.87936605183229">
        <ele>36.1995037868619</ele>
        <time>1970-01-01T00:17:52.700000Z</time>
        <extensions>
          <gpxtpx:TrackPointExtension>
            <gpxtpx:hr>165</gpxtpx:hr>
          </gpxtpx:TrackPointExtension>
        </extensions>
      </trkpt>
      <trkpt lat="28.820669733942157" lon="115.87937145895741">
        <ele>36.122879358008504</ele>
        <time>1970-01-01T00:17:53.700000Z</time>
        <extensions>
          <gpxtpx:TrackPointExtension>
            <gpxtpx:hr>165</gpxtpx:hr>
          </gpxtpx:TrackPointExtension>
        </extensions>
      </trkpt>
      <trkpt lat="28.82069440870461" lon="115.87937615152002">
        <ele>36.046570111997426</ele>
        <time>1970-01-01T00:17:54.700000Z</time>
        <extensions>
          <gpxtpx:TrackPointExtension>
            <gpxtpx:hr>165</gpxtpx:hr>
          </gpxtpx:TrackPointExtension>
        </extensions>
      </trkpt>
      <trkpt lat="28.82071935022386" lon="115.87938111696297">
        <ele>35.970402211882174</ele>
        <time>1970-01-01T00:17:55.700000Z</time>
        <extensions>
          <gpxtpx:TrackPointExtension>
            <gpxtpx:hr>165</gpxtpx:hr>
          </gpxtpx:TrackPointExtension>
        </extensions>
      </trkpt>
      <trkpt lat="28.820745237640388" lon="115.87938732963882">
        <ele>35.89388119895011</ele>
        <time>1970-01-01T00:17:56.700000Z</time>
        <extensions>
          <gpxtpx:TrackPointExtension>
            <gpxtpx:hr>165</gpxtpx:hr>
          </gpxtpx:TrackPointExtension>
        </extensions>
      </trkpt>
      <trkpt lat="28.820772014098033" lon="115.87939442634215">
        <ele>35.816394781693816</ele>
        <time>1970-01-01T00:17:57.700000Z</time>
        <extensions>
          <gpxtpx:TrackPointExtension>
            <gpxtpx:hr>165</gpxtpx:hr>
          </gpxtpx:TrackPointExtension>
        </extensions>
      </trkpt>
      <trkpt lat="28.820798972094934" lon="115.87940138619696">
        <ele>35.73768019117415</ele>
        <time>1970-01-01T00:17:58.700000Z</time>
        <extensions>
          <gpxtpx:TrackPointExtension>
            <gpxtpx:hr>163</gpxtpx:hr>
          </gpxtpx:TrackPointExtension>
        </extensions>
      </trkpt>
      <trkpt lat="28.820825733048913" lon="115.87940796008037">
        <ele>35.65829736273736</ele>
        <time>1970-01-01T00:17:59.700000Z</time>
        <extensions>
          <gpxtpx:TrackPointExtension>
            <gpxtpx:hr>163</gpxtpx:hr>
          </gpxtpx:TrackPointExtension>
        </extensions>
      </trkpt>
      <trkpt lat="28.82085217151234" lon="115.87941435037979">
        <ele>35.579455409199</ele>
        <time>1970-01-01T00:18:00.700000Z</time>
        <extensions>
          <gpxtpx:TrackPointExtension>
            <gpxtpx:hr>163</gpxtpx:hr>
          </gpxtpx:TrackPointExtension>
        </extensions>
      </trkpt>
      <trkpt lat="28.82087817524177" lon="115.87942033428791">
        <ele>35.50266187265515</ele>
        <time>1970-01-01T00:18:01.700000Z</time>
        <extensions>
          <gpxtpx:TrackPointExtension>
            <gpxtpx:hr>163</gpxtpx:hr>
          </gpxtpx:TrackPointExtension>
        </extensions>
      </trkpt>
      <trkpt lat="28.820903378054712" lon="115.87942516619506">
        <ele>35.428415830247104</ele>
        <time>1970-01-01T00:18:02.700000Z</time>
        <extensions>
          <gpxtpx:TrackPointExtension>
            <gpxtpx:hr>163</gpxtpx:hr>
          </gpxtpx:TrackPointExtension>
        </extensions>
      </trkpt>
      <trkpt lat="28.820927681980535" lon="115.87942843839434">
        <ele>35.35659339930862</ele>
        <time>1970-01-01T00:18:03.700000Z</time>
        <extensions>
          <gpxtpx:TrackPointExtension>
            <gpxtpx:hr>164</gpxtpx:hr>
          </gpxtpx:TrackPointExtension>
        </extensions>
      </trkpt>
      <trkpt lat="28.82095160319277" lon="115.87943096590303">
        <ele>35.28670043684542</ele>
        <time>1970-01-01T00:18:04.700000Z</time>
        <extensions>
          <gpxtpx:TrackPointExtension>
            <gpxtpx:hr>164</gpxtpx:hr>
          </gpxtpx:TrackPointExtension>
        </extensions>
      </trkpt>
      <trkpt lat="28.820975388980738" lon="115.87943416092206">
        <ele>35.217935310676694</ele>
        <time>1970-01-01T00:18:05.700000Z</time>
        <extensions>
          <gpxtpx:TrackPointExtension>
            <gpxtpx:hr>164</gpxtpx:hr>
          </gpxtpx:TrackPointExtension>
        </extensions>
      </trkpt>
      <trkpt lat="28.82099899151108" lon="115.87943836986732">
        <ele>35.149103097617626</ele>
        <time>1970-01-01T00:18:06.700000Z</time>
        <extensions>
          <gpxtpx:TrackPointExtension>
            <gpxtpx:hr>164</gpxtpx:hr>
          </gpxtpx:TrackPointExtension>
        </extensions>
      </trkpt>
      <trkpt lat="28.821022684246348" lon="115.87944298974575">
        <ele>35.079248196445405</ele>
        <time>1970-01-01T00:18:07.700000Z</time>
        <extensions>
          <gpxtpx:TrackPointExtension>
            <gpxtpx:hr>164</gpxtpx:hr>
          </gpxtpx:TrackPointExtension>
        </extensions>
      </trkpt>
      <trkpt lat="28.8210463025777" lon="115.87944755888238">
        <ele>35.00744022987783</ele>
        <time>1970-01-01T00:18:08.700000Z</time>
        <extensions>
          <gpxtpx:TrackPointExtension>
            <gpxtpx:hr>164</gpxtpx:hr>
          </gpxtpx:TrackPointExtension>
        </extensions>
      </trkpt>
      <trkpt lat="28.821069490752972" lon="115.87945239920785">
        <ele>34.93279221840203</ele>
        <time>1970-01-01T00:18:09.700000Z</time>
        <extensions>
          <gpxtpx:TrackPointExtension>
            <gpxtpx:hr>162</gpxtpx:hr>
          </gpxtpx:TrackPointExtension>
        </extensions>
      </trkpt>
      <trkpt lat="28.821092548844394" lon="115.87945776023807">
        <ele>34.85476422775537</ele>
        <time>1970-01-01T00:18:10.700000Z</time>
        <extensions>
          <gpxtpx:TrackPointExtension>
            <gpxtpx:hr>162</gpxtpx:hr>
          </gpxtpx:TrackPointExtension>
        </extensions>
      </trkpt>
      <trkpt lat="28.821116368143237" lon="115.87946330388775">
        <ele>34.77371849305928</ele>
        <time>1970-01-01T00:18:11.700000Z</time>
        <extensions>
          <gpxtpx:TrackPointExtension>
            <gpxtpx:hr>162</gpxtpx:hr>
          </gpxtpx:TrackPointExtension>
        </extensions>
      </trkpt>
      <trkpt lat="28.821141413884643" lon="115.87946933794198">
        <ele>34.69110563211143</ele>
        <time>1970-01-01T00:18:12.700000Z</time>
        <extensions>
          <gpxtpx:TrackPointExtension>
            <gpxtpx:hr>162</gpxtpx:hr>
          </gpxtpx:TrackPointExtension>
        </extensions>
      </trkpt>
      <trkpt lat="28.821167222760806" lon="115.87947622133002">
        <ele>34.6144346781075</ele>
        <time>1970-01-01T00:18:13.700000Z</time>
        <extensions>
          <gpxtpx:TrackPointExtension>
            <gpxtpx:hr>162</gpxtpx:hr>
          </gpxtpx:TrackPointExtension>
        </extensions>
      </trkpt>
      <trkpt lat="28.821193220647817" lon="115.87948323741125">
        <ele>34.54590022750199</ele>
        <time>1970-01-01T00:18:14.700000Z</time>
        <extensions>
          <gpxtpx:TrackPointExtension>
            <gpxtpx:hr>162</gpxtpx:hr>
          </gpxtpx:TrackPointExtension>
        </extensions>
      </trkpt>
      <trkpt lat="28.821218605211048" lon="115.8794895374606">
        <ele>34.48082129936665</ele>
        <time>1970-01-01T00:18:15.700000Z</time>
        <extensions>
          <gpxtpx:TrackPointExtension>
            <gpxtpx:hr>161</gpxtpx:hr>
          </gpxtpx:TrackPointExtension>
        </extensions>
      </trkpt>
      <trkpt lat="28.821242774841075" lon="115.87949481254536">
        <ele>34.41845433972776</ele>
        <time>1970-01-01T00:18:16.700000Z</time>
        <extensions>
          <gpxtpx:TrackPointExtension>
            <gpxtpx:hr>161</gpxtpx:hr>
          </gpxtpx:TrackPointExtension>
        </extensions>
      </trkpt>
      <trkpt lat="28.821265426679044" lon="115.87949846137442">
        <ele>34.358145320788026</ele>
        <time>1970-01-01T00:18:17.700000Z</time>
        <extensions>
          <gpxtpx:TrackPointExtension>
            <gpxtpx:hr>161</gpxtpx:hr>
          </gpxtpx:TrackPointExtension>
        </extensions>
      </trkpt>
      <trkpt lat="28.82128710514963" lon="115.87950064806766">
        <ele>34.29843360930681</ele>
        <time>1970-01-01T00:18:18.700000Z</time>
        <extensions>
          <gpxtpx:TrackPointExtension>
            <gpxtpx:hr>161</gpxtpx:hr>
          </gpxtpx:TrackPointExtension>
        </extensions>
      </trkpt>
      <trkpt lat="28.82130849739848" lon="115.87950235701813">
        <ele>34.236882287077606</ele>
        <time>1970-01-01T00:18:19.700000Z</time>
        <extensions>
          <gpxtpx:TrackPointExtension>
            <gpxtpx:hr>161</gpxtpx:hr>
          </gpxtpx:TrackPointExtension>
        </extensions>
      </trkpt>
      <trkpt lat="28.821330455180824" lon="115.87950402285811">
        <ele>34.16972406208515</ele>
        <time>1970-01-01T00:18:20.700000Z</time>
        <extensions>
          <gpxtpx:TrackPointExtension>
            <gpxtpx:hr>161</gpxtpx:hr>
          </gpxtpx:TrackPointExtension>
        </extensions>
      </trkpt>
      <trkpt lat="28.821353702682856" lon="115.87950628308106">
        <ele>34.091312784701586</ele>
        <time>1970-01-01T00:18:21.700000Z</time>
        <extensions>
          <gpxtpx:TrackPointExtension>
            <gpxtpx:hr>163</gpxtpx:hr>
          </gpxtpx:TrackPointExtension>
        </extensions>
      </trkpt>
      <trkpt lat="28.821378138801155" lon="115.87950973110712">
        <ele>33.99331009294838</ele>
        <time>1970-01-01T00:18:22.700000Z</time>
        <extensions>
          <gpxtpx:TrackPointExtension>
            <gpxtpx:hr>163</gpxtpx:hr>
          </gpxtpx:TrackPointExtension>
        </extensions>
      </trkpt>
      <trkpt lat="28.821390770330083" lon="115.87951177341664">
        <ele>33.94211866427213</ele>
        <time>1970-01-01T00:18:23.300000Z</time>
        <extensions>
          <gpxtpx:TrackPointExtension>
            <gpxtpx:hr>163</gpxtpx:hr>
          </gpxtpx:TrackPointExtension>
        </extensions>
      </trkpt>
      <trkpt lat="28.821403464944677" lon="115.87951379800022">
        <ele>33.89030403736979</ele>
        <time>1970-01-01T00:18:23.700000Z</time>
        <extensions>
          <gpxtpx:TrackPointExtension>
            <gpxtpx:hr>163</gpxtpx:hr>
          </gpxtpx:TrackPointExtension>
        </extensions>
      </trkpt>
      <trkpt lat="28.8214288849762" lon="115.87951831580362">
        <ele>33.79641011543572</ele>
        <time>1970-01-01T00:18:24.700000Z</time>
        <extensions>
          <gpxtpx:TrackPointExtension>
            <gpxtpx:hr>163</gpxtpx:hr>
          </gpxtpx:TrackPointExtension>
        </extensions>
      </trkpt>
      <trkpt lat="28.8214536591531" lon="115.87952348164781">
        <ele>33.722842999733984</ele>
        <time>1970-01-01T00:18:25.700000Z</time>
        <extensions>
          <gpxtpx:TrackPointExtension>
            <gpxtpx:hr>163</gpxtpx:hr>
          </gpxtpx:TrackPointExtension>
        </extensions>
      </trkpt>
      <trkpt lat="28.821477602167295" lon="115.87952845529416">
        <ele>33.66050168406218</ele>
        <time>1970-01-01T00:18:26.700000Z</time>
        <extensions>
          <gpxtpx:TrackPointExtension>
            <gpxtpx:hr>162</gpxtpx:hr>
          </gpxtpx:TrackPointExtension>
        </extensions>
      </trkpt>
      <trkpt lat="28.821501121939676" lon="115.87953295684272">
        <ele>33.603187560103834</ele>
        <time>1970-01-01T00:18:27.700000Z</time>
        <extensions>
          <gpxtpx:TrackPointExtension>
            <gpxtpx:hr>162</gpxtpx:hr>
          </gpxtpx:TrackPointExtension>
        </extensions>
      </trkpt>
      <trkpt lat="28.8215249030521" lon="115.87953717738554">
        <ele>33.54713703971356</ele>
        <time>1970-01-01T00:18:28.700000Z</time>
        <extensions>
          <gpxtpx:TrackPointExtension>
            <gpxtpx:hr>162</gpxtpx:hr>
          </gpxtpx:TrackPointExtension>
        </extensions>
      </trkpt>
      <trkpt lat="28.82154939319899" lon="115.87954105567631">
        <ele>33.49025346059352</ele>
        <time>1970-01-01T00:18:29.700000Z</time>
        <extensions>
          <gpxtpx:TrackPointExtension>
            <gpxtpx:hr>162</gpxtpx:hr>
          </gpxtpx:TrackPointExtension>
        </extensions>
      </trkpt>
      <trkpt lat="28.821574542977892" lon="115.879544898925">
        <ele>33.43139469344169</ele>
        <time>1970-01-01T00:18:30.700000Z</time>
        <extensions>
          <gpxtpx:TrackPointExtension>
            <gpxtpx:hr>163</gpxtpx:hr>
          </gpxtpx:TrackPointExtension>
        </extensions>
      </trkpt>
      <trkpt lat="28.821599752450247" lon="115.87954886445853">
        <ele>33.37019534222782</ele>
        <time>1970-01-01T00:18:31.700000Z</time>
        <extensions>
          <gpxtpx:TrackPointExtension>
            <gpxtpx:hr>163</gpxtpx:hr>
          </gpxtpx:TrackPointExtension>
        </extensions>
      </trkpt>
      <trkpt lat="28.821624728594998" lon="115.87955345259941">
        <ele>33.30661952588707</ele>
        <time>1970-01-01T00:18:32.700000Z</time>
        <extensions>
          <gpxtpx:TrackPointExtension>
            <gpxtpx:hr>163</gpxtpx:hr>
          </gpxtpx:TrackPointExtension>
        </extensions>
      </trkpt>
      <trkpt lat="28.821649433300703" lon="115.87955880467334">
        <ele>33.2408182611689</ele>
        <time>1970-01-01T00:18:33.700000Z</time>
        <extensions>
          <gpxtpx:TrackPointExtension>
            <gpxtpx:hr>163</gpxtpx:hr>
          </gpxtpx:TrackPointExtension>
        </extensions>
      </trkpt>
      <trkpt lat="28.82167425656658" lon="115.87956490338307">
        <ele>33.17297918535769</ele>
        <time>1970-01-01T00:18:34.700000Z</time>
        <extensions>
          <gpxtpx:TrackPointExtension>
            <gpxtpx:hr>163</gpxtpx:hr>
          </gpxtpx:TrackPointExtension>
        </extensions>
      </trkpt>
      <trkpt lat="28.821700191452848" lon="115.87957269126905">
        <ele>33.103969558142126</ele>
        <time>1970-01-01T00:18:35.700000Z</time>
        <extensions>
          <gpxtpx:TrackPointExtension>
            <gpxtpx:hr>163</gpxtpx:hr>
          </gpxtpx:TrackPointExtension>
        </extensions>
      </trkpt>
      <trkpt lat="28.821727013679634" lon="115.87958166097475">
        <ele>33.03459526412189</ele>
        <time>1970-01-01T00:18:36.700000Z</time>
        <extensions>
          <gpxtpx:TrackPointExtension>
            <gpxtpx:hr>163</gpxtpx:hr>
          </gpxtpx:TrackPointExtension>
        </extensions>
      </trkpt>
      <trkpt lat="28.821753862719653" lon="115.87959084663007">
        <ele>32.96519339829683</ele>
        <time>1970-01-01T00:18:37.700000Z</time>
        <extensions>
          <gpxtpx:TrackPointExtension>
            <gpxtpx:hr>162</gpxtpx:hr>
          </gpxtpx:TrackPointExtension>
        </extensions>
      </trkpt>
      <trkpt lat="28.82178005842614" lon="115.87960013876568">
        <ele>32.895606292411685</ele>
        <time>1970-01-01T00:18:38.700000Z</time>
        <extensions>
          <gpxtpx:TrackPointExtension>
            <gpxtpx:hr>162</gpxtpx:hr>
          </gpxtpx:TrackPointExtension>
        </extensions>
      </trkpt>
      <trkpt lat="28.82180535127921" lon="115.87960934990784">
        <ele>32.825279963202775</ele>
        <time>1970-01-01T00:18:39.700000Z</time>
        <extensions>
          <gpxtpx:TrackPointExtension>
            <gpxtpx:hr>162</gpxtpx:hr>
          </gpxtpx:TrackPointExtension>
        </extensions>
      </trkpt>
      <trkpt lat="28.82182999512905" lon="115.87961824401673">
        <ele>32.75451800040901</ele>
        <time>1970-01-01T00:18:40.700000Z</time>
        <extensions>
          <gpxtpx:TrackPointExtension>
            <gpxtpx:hr>162</gpxtpx:hr>
          </gpxtpx:TrackPointExtension>
        </extensions>
      </trkpt>
      <trkpt lat="28.82185379972164" lon="115.87962656971904">
        <ele>32.68399024754763</ele>
        <time>1970-01-01T00:18:41.700000Z</time>
        <extensions>
          <gpxtpx:TrackPointExtension>
            <gpxtpx:hr>162</gpxtpx:hr>
          </gpxtpx:TrackPointExtension>
        </extensions>
      </trkpt>
      <trkpt lat="28.82187630660072" lon="115.87963371221355">
        <ele>32.61477174051106</ele>
        <time>1970-01-01T00:18:42.700000Z</time>
        <extensions>
          <gpxtpx:TrackPointExtension>
            <gpxtpx:hr>162</gpxtpx:hr>
          </gpxtpx:TrackPointExtension>
        </extensions>
      </trkpt>
      <trkpt lat="28.8218976362938" lon="115.87963982352636">
        <ele>32.54818811733276</ele>
        <time>1970-01-01T00:18:43.700000Z</time>
        <extensions>
          <gpxtpx:TrackPointExtension>
            <gpxtpx:hr>162</gpxtpx:hr>
          </gpxtpx:TrackPointExtension>
        </extensions>
      </trkpt>
      <trkpt lat="28.821917916466017" lon="115.87964545864223">
        <ele>32.485334255732596</ele>
        <time>1970-01-01T00:18:44.700000Z</time>
        <extensions>
          <gpxtpx:TrackPointExtension>
            <gpxtpx:hr>162</gpxtpx:hr>
          </gpxtpx:TrackPointExtension>
        </extensions>
      </trkpt>
      <trkpt lat="28.82193770454967" lon="115.8796510786188">
        <ele>32.427021224051714</ele>
        <time>1970-01-01T00:18:45.700000Z</time>
        <extensions>
          <gpxtpx:TrackPointExtension>
            <gpxtpx:hr>162</gpxtpx:hr>
          </gpxtpx:TrackPointExtension>
        </extensions>
      </trkpt>
      <trkpt lat="28.821957481304224" lon="115.8796576325701">
        <ele>32.37390160188079</ele>
        <time>1970-01-01T00:18:46.700000Z</time>
        <extensions>
          <gpxtpx:TrackPointExtension>
            <gpxtpx:hr>162</gpxtpx:hr>
          </gpxtpx:TrackPointExtension>
        </extensions>
      </trkpt>
      <trkpt lat="28.82197742926364" lon="115.87966565788288">
        <ele>32.32680578622967</ele>
        <time>1970-01-01T00:18:47.700000Z</time>
        <extensions>
          <gpxtpx:TrackPointExtension>
            <gpxtpx:hr>162</gpxtpx:hr>
          </gpxtpx:TrackPointExtension>
        </extensions>
      </trkpt>
      <trkpt lat="28.821998014981585" lon="115.87967501975895">
        <ele>32.286839405074716</ele>
        <time>1970-01-01T00:18:48.700000Z</time>
        <extensions>
          <gpxtpx:TrackPointExtension>
            <gpxtpx:hr>162</gpxtpx:hr>
          </gpxtpx:TrackPointExtension>
        </extensions>
      </trkpt>
      <trkpt lat="28.82201939525792" lon="115.87968509026524">
        <ele>32.25492317881435</ele>
        <time>1970-01-01T00:18:49.700000Z</time>
        <extensions>
          <gpxtpx:TrackPointExtension>
            <gpxtpx:hr>162</gpxtpx:hr>
          </gpxtpx:TrackPointExtension>
        </extensions>
      </trkpt>
      <trkpt lat="28.822041552080094" lon="115.87969529845202">
        <ele>32.23108833655715</ele>
        <time>1970-01-01T00:18:50.800000Z</time>
        <extensions>
          <gpxtpx:TrackPointExtension>
            <gpxtpx:hr>162</gpxtpx:hr>
          </gpxtpx:TrackPointExtension>
        </extensions>
      </trkpt>
      <trkpt lat="28.822063885857578" lon="115.8797054813753">
        <ele>32.21470362134278</ele>
        <time>1970-01-01T00:18:51.800000Z</time>
        <extensions>
          <gpxtpx:TrackPointExtension>
            <gpxtpx:hr>163</gpxtpx:hr>
          </gpxtpx:TrackPointExtension>
        </extensions>
      </trkpt>
      <trkpt lat="28.822085059390137" lon="115.87971563418576">
        <ele>32.20482834428549</ele>
        <time>1970-01-01T00:18:52.800000Z</time>
        <extensions>
          <gpxtpx:TrackPointExtension>
            <gpxtpx:hr>163</gpxtpx:hr>
          </gpxtpx:TrackPointExtension>
        </extensions>
      </trkpt>
      <trkpt lat="28.822104816246306" lon="115.87972525984816">
        <ele>32.20080371107906</ele>
        <time>1970-01-01T00:18:53.800000Z</time>
        <extensions>
          <gpxtpx:TrackPointExtension>
            <gpxtpx:hr>163</gpxtpx:hr>
          </gpxtpx:TrackPointExtension>
        </extensions>
      </trkpt>
      <trkpt lat="28.82212413815129" lon="115.87973366984376">
        <ele>32.202003228478134</ele>
        <time>1970-01-01T00:18:54.800000Z</time>
        <extensions>
          <gpxtpx:TrackPointExtension>
            <gpxtpx:hr>163</gpxtpx:hr>
          </gpxtpx:TrackPointExtension>
        </extensions>
      </trkpt>
      <trkpt lat="28.82214342659433" lon="115.87974082872208">
        <ele>32.20769633259624</ele>
        <time>1970-01-01T00:18:55.800000Z</time>
        <extensions>
          <gpxtpx:TrackPointExtension>
            <gpxtpx:hr>163</gpxtpx:hr>
          </gpxtpx:TrackPointExtension>
        </extensions>
      </trkpt>
      <trkpt lat="28.822163184813864" lon="115.87974738449817">
        <ele>32.21711267903447</ele>
        <time>1970-01-01T00:18:56.800000Z</time>
        <extensions>
          <gpxtpx:TrackPointExtension>
            <gpxtpx:hr>162</gpxtpx:hr>
          </gpxtpx:TrackPointExtension>
        </extensions>
      </trkpt>
      <trkpt lat="28.822183937421755" lon="115.8797541554838">
        <ele>32.229598364792764</ele>
        <time>1970-01-01T00:18:57.800000Z</time>
        <extensions>
          <gpxtpx:TrackPointExtension>
            <gpxtpx:hr>162</gpxtpx:hr>
          </gpxtpx:TrackPointExtension>
        </extensions>
      </trkpt>
      <trkpt lat="28.822205308119493" lon="115.87976195185476">
        <ele>32.244185449555516</ele>
        <time>1970-01-01T00:18:58.800000Z</time>
        <extensions>
          <gpxtpx:TrackPointExtension>
            <gpxtpx:hr>162</gpxtpx:hr>
          </gpxtpx:TrackPointExtension>
        </extensions>
      </trkpt>
      <trkpt lat="28.822226661917203" lon="115.87977128875464">
        <ele>32.26021556928754</ele>
        <time>1970-01-01T00:18:59.800000Z</time>
        <extensions>
          <gpxtpx:TrackPointExtension>
            <gpxtpx:hr>162</gpxtpx:hr>
          </gpxtpx:TrackPointExtension>
        </extensions>
      </trkpt>
      <trkpt lat="28.82224764609998" lon="115.87978265447609">
        <ele>32.277248431928456</ele>
        <time>1970-01-01T00:19:00.800000Z</time>
        <extensions>
          <gpxtpx:TrackPointExtension>
            <gpxtpx:hr>162</gpxtpx:hr>
          </gpxtpx:TrackPointExtension>
        </extensions>
      </trkpt>
      <trkpt lat="28.82226850824973" lon="115.87979658620752">
        <ele>32.294829942286015</ele>
        <time>1970-01-01T00:19:01.800000Z</time>
        <extensions>
          <gpxtpx:TrackPointExtension>
            <gpxtpx:hr>162</gpxtpx:hr>
          </gpxtpx:TrackPointExtension>
        </extensions>
      </trkpt>
      <trkpt lat="28.82228975999816" lon="115.8798132811394">
        <ele>32.31226891465485</ele>
        <time>1970-01-01T00:19:02.700000Z</time>
        <extensions>
          <gpxtpx:TrackPointExtension>
            <gpxtpx:hr>162</gpxtpx:hr>
          </gpxtpx:TrackPointExtension>
        </extensions>
      </trkpt>
      <trkpt lat="28.822310790085123" lon="115.87983227608845">
        <ele>32.32820234261453</ele>
        <time>1970-01-01T00:19:03.800000Z</time>
        <extensions>
          <gpxtpx:TrackPointExtension>
            <gpxtpx:hr>162</gpxtpx:hr>
          </gpxtpx:TrackPointExtension>
        </extensions>
      </trkpt>
      <trkpt lat="28.822330211836444" lon="115.87985234120464">
        <ele>32.34091588575393</ele>
        <time>1970-01-01T00:19:04.800000Z</time>
        <extensions>
          <gpxtpx:TrackPointExtension>
            <gpxtpx:hr>162</gpxtpx:hr>
          </gpxtpx:TrackPointExtension>
        </extensions>
      </trkpt>
      <trkpt lat="28.822347150226378" lon="115.8798730965242">
        <ele>32.34869658667594</ele>
        <time>1970-01-01T00:19:05.800000Z</time>
        <extensions>
          <gpxtpx:TrackPointExtension>
            <gpxtpx:hr>162</gpxtpx:hr>
          </gpxtpx:TrackPointExtension>
        </extensions>
      </trkpt>
      <trkpt lat="28.822361007531743" lon="115.87989452960088">
        <ele>32.35010089632124</ele>
        <time>1970-01-01T00:19:06.800000Z</time>
        <extensions>
          <gpxtpx:TrackPointExtension>
            <gpxtpx:hr>162</gpxtpx:hr>
          </gpxtpx:TrackPointExtension>
        </extensions>
      </trkpt>
      <trkpt lat="28.8223713130332" lon="115.87991611091958">
        <ele>32.343996348790824</ele>
        <time>1970-01-01T00:19:07.800000Z</time>
        <extensions>
          <gpxtpx:TrackPointExtension>
            <gpxtpx:hr>162</gpxtpx:hr>
          </gpxtpx:TrackPointExtension>
        </extensions>
      </trkpt>
      <trkpt lat="28.82237875342404" lon="115.87993790437106">
        <ele>32.33017743751407</ele>
        <time>1970-01-01T00:19:08.800000Z</time>
        <extensions>
          <gpxtpx:TrackPointExtension>
            <gpxtpx:hr>161</gpxtpx:hr>
          </gpxtpx:TrackPointExtension>
        </extensions>
      </trkpt>
      <trkpt lat="28.822384529351933" lon="115.87996038203003">
        <ele>32.309003309346735</ele>
        <time>1970-01-01T00:19:09.800000Z</time>
        <extensions>
          <gpxtpx:TrackPointExtension>
            <gpxtpx:hr>161</gpxtpx:hr>
          </gpxtpx:TrackPointExtension>
        </extensions>
      </trkpt>
      <trkpt lat="28.822388572827702" lon="115.87998325039253">
        <ele>32.28134635556489</ele>
        <time>1970-01-01T00:19:10.800000Z</time>
        <extensions>
          <gpxtpx:TrackPointExtension>
            <gpxtpx:hr>161</gpxtpx:hr>
          </gpxtpx:TrackPointExtension>
        </extensions>
      </trkpt>
      <trkpt lat="28.822390376576973" lon="115.88000628593491">
        <ele>32.24859266728163</ele>
        <time>1970-01-01T00:19:11.800000Z</time>
        <extensions>
          <gpxtpx:TrackPointExtension>
            <gpxtpx:hr>161</gpxtpx:hr>
          </gpxtpx:TrackPointExtension>
        </extensions>
      </trkpt>
      <trkpt lat="28.822390455666344" lon="115.8800298291861">
        <ele>32.21251478884369</ele>
        <time>1970-01-01T00:19:12.800000Z</time>
        <extensions>
          <gpxtpx:TrackPointExtension>
            <gpxtpx:hr>160</gpxtpx:hr>
          </gpxtpx:TrackPointExtension>
        </extensions>
      </trkpt>
      <trkpt lat="28.822389993386274" lon="115.88005407380481">
        <ele>32.17495253961533</ele>
        <time>1970-01-01T00:19:13.800000Z</time>
        <extensions>
          <gpxtpx:TrackPointExtension>
            <gpxtpx:hr>160</gpxtpx:hr>
          </gpxtpx:TrackPointExtension>
        </extensions>
      </trkpt>
      <trkpt lat="28.822389787254814" lon="115.88007901583764">
        <ele>32.13777992594987</ele>
        <time>1970-01-01T00:19:14.800000Z</time>
        <extensions>
          <gpxtpx:TrackPointExtension>
            <gpxtpx:hr>160</gpxtpx:hr>
          </gpxtpx:TrackPointExtension>
        </extensions>
      </trkpt>
      <trkpt lat="28.8223901271359" lon="115.8801045508258">
        <ele>32.102681897580624</ele>
        <time>1970-01-01T00:19:15.800000Z</time>
        <extensions>
          <gpxtpx:TrackPointExtension>
            <gpxtpx:hr>160</gpxtpx:hr>
          </gpxtpx:TrackPointExtension>
        </extensions>
      </trkpt>
      <trkpt lat="28.82239088349372" lon="115.88013028573455">
        <ele>32.07076830137521</ele>
        <time>1970-01-01T00:19:16.800000Z</time>
        <extensions>
          <gpxtpx:TrackPointExtension>
            <gpxtpx:hr>161</gpxtpx:hr>
          </gpxtpx:TrackPointExtension>
        </extensions>
      </trkpt>
      <trkpt lat="28.82239187990656" lon="115.88015557194274">
        <ele>32.04261612333357</ele>
        <time>1970-01-01T00:19:17.800000Z</time>
        <extensions>
          <gpxtpx:TrackPointExtension>
            <gpxtpx:hr>161</gpxtpx:hr>
          </gpxtpx:TrackPointExtension>
        </extensions>
      </trkpt>
      <trkpt lat="28.822392852821714" lon="115.88018078489104">
        <ele>32.018055082298815</ele>
        <time>1970-01-01T00:19:18.800000Z</time>
        <extensions>
          <gpxtpx:TrackPointExtension>
            <gpxtpx:hr>161</gpxtpx:hr>
          </gpxtpx:TrackPointExtension>
        </extensions>
      </trkpt>
      <trkpt lat="28.822393265476705" lon="115.88020626461174">
        <ele>31.996284696273506</ele>
        <time>1970-01-01T00:19:19.800000Z</time>
        <extensions>
          <gpxtpx:TrackPointExtension>
            <gpxtpx:hr>161</gpxtpx:hr>
          </gpxtpx:TrackPointExtension>
        </extensions>
      </trkpt>
      <trkpt lat="28.822392662030808" lon="115.88023158710537">
        <ele>31.976060137152672</ele>
        <time>1970-01-01T00:19:20.800000Z</time>
        <extensions>
          <gpxtpx:TrackPointExtension>
            <gpxtpx:hr>161</gpxtpx:hr>
          </gpxtpx:TrackPointExtension>
        </extensions>
      </trkpt>
      <trkpt lat="28.82239073880669" lon="115.88025689882534">
        <ele>31.955795048736036</ele>
        <time>1970-01-01T00:19:21.800000Z</time>
        <extensions>
          <gpxtpx:TrackPointExtension>
            <gpxtpx:hr>161</gpxtpx:hr>
          </gpxtpx:TrackPointExtension>
        </extensions>
      </trkpt>
      <trkpt lat="28.82238759023509" lon="115.8802828432074">
        <ele>31.933740838430822</ele>
        <time>1970-01-01T00:19:22.800000Z</time>
        <extensions>
          <gpxtpx:TrackPointExtension>
            <gpxtpx:hr>161</gpxtpx:hr>
          </gpxtpx:TrackPointExtension>
        </extensions>
      </trkpt>
      <trkpt lat="28.822383284299505" lon="115.88031011397933">
        <ele>31.908662381581962</ele>
        <time>1970-01-01T00:19:23.800000Z</time>
        <extensions>
          <gpxtpx:TrackPointExtension>
            <gpxtpx:hr>161</gpxtpx:hr>
          </gpxtpx:TrackPointExtension>
        </extensions>
      </trkpt>
      <trkpt lat="28.822377818701106" lon="115.88033889640029">
        <ele>31.879915725439787</ele>
        <time>1970-01-01T00:19:24.800000Z</time>
        <extensions>
          <gpxtpx:TrackPointExtension>
            <gpxtpx:hr>161</gpxtpx:hr>
          </gpxtpx:TrackPointExtension>
        </extensions>
      </trkpt>
      <trkpt lat="28.822371025233164" lon="115.88036840885205">
        <ele>31.84741749521345</ele>
        <time>1970-01-01T00:19:25.800000Z</time>
        <extensions>
          <gpxtpx:TrackPointExtension>
            <gpxtpx:hr>161</gpxtpx:hr>
          </gpxtpx:TrackPointExtension>
        </extensions>
      </trkpt>
      <trkpt lat="28.82236268805331" lon="115.88039779153205">
        <ele>31.81145029515028</ele>
        <time>1970-01-01T00:19:26.800000Z</time>
        <extensions>
          <gpxtpx:TrackPointExtension>
            <gpxtpx:hr>161</gpxtpx:hr>
          </gpxtpx:TrackPointExtension>
        </extensions>
      </trkpt>
      <trkpt lat="28.822352851072136" lon="115.88042682816068">
        <ele>31.772770199924707</ele>
        <time>1970-01-01T00:19:27.800000Z</time>
        <extensions>
          <gpxtpx:TrackPointExtension>
            <gpxtpx:hr>161</gpxtpx:hr>
          </gpxtpx:TrackPointExtension>
        </extensions>
      </trkpt>
      <trkpt lat="28.8223414316656" lon="115.88045553104278">
        <ele>31.73237368836999</ele>
        <time>1970-01-01T00:19:28.800000Z</time>
        <extensions>
          <gpxtpx:TrackPointExtension>
            <gpxtpx:hr>161</gpxtpx:hr>
          </gpxtpx:TrackPointExtension>
        </extensions>
      </trkpt>
      <trkpt lat="28.82232849240573" lon="115.8804832831954">
        <ele>31.691359447315335</ele>
        <time>1970-01-01T00:19:29.800000Z</time>
        <extensions>
          <gpxtpx:TrackPointExtension>
            <gpxtpx:hr>160</gpxtpx:hr>
          </gpxtpx:TrackPointExtension>
        </extensions>
      </trkpt>
      <trkpt lat="28.822314058368477" lon="115.88050882004855">
        <ele>31.650856531225145</ele>
        <time>1970-01-01T00:19:30.800000Z</time>
        <extensions>
          <gpxtpx:TrackPointExtension>
            <gpxtpx:hr>160</gpxtpx:hr>
          </gpxtpx:TrackPointExtension>
        </extensions>
      </trkpt>
      <trkpt lat="28.822297676068228" lon="115.88053149565386">
        <ele>31.61184767074883</ele>
        <time>1970-01-01T00:19:31.800000Z</time>
        <extensions>
          <gpxtpx:TrackPointExtension>
            <gpxtpx:hr>160</gpxtpx:hr>
          </gpxtpx:TrackPointExtension>
        </extensions>
      </trkpt>
      <trkpt lat="28.82227877875571" lon="115.88055107286742">
        <ele>31.57489131297916</ele>
        <time>1970-01-01T00:19:32.800000Z</time>
        <extensions>
          <gpxtpx:TrackPointExtension>
            <gpxtpx:hr>160</gpxtpx:hr>
          </gpxtpx:TrackPointExtension>
        </extensions>
      </trkpt>
      <trkpt lat="28.822257486855158" lon="115.88056778356989">
        <ele>31.539829938672483</ele>
        <time>1970-01-01T00:19:33.800000Z</time>
        <extensions>
          <gpxtpx:TrackPointExtension>
            <gpxtpx:hr>160</gpxtpx:hr>
          </gpxtpx:TrackPointExtension>
        </extensions>
      </trkpt>
      <trkpt lat="28.82223461662691" lon="115.88058196822898">
        <ele>31.505854732356966</ele>
        <time>1970-01-01T00:19:34.800000Z</time>
        <extensions>
          <gpxtpx:TrackPointExtension>
            <gpxtpx:hr>158</gpxtpx:hr>
          </gpxtpx:TrackPointExtension>
        </extensions>
      </trkpt>
      <trkpt lat="28.822211009904798" lon="115.88059369231166">
        <ele>31.471554483287036</ele>
        <time>1970-01-01T00:19:35.800000Z</time>
        <extensions>
          <gpxtpx:TrackPointExtension>
            <gpxtpx:hr>158</gpxtpx:hr>
          </gpxtpx:TrackPointExtension>
        </extensions>
      </trkpt>
      <trkpt lat="28.822186580622486" lon="115.88060315227945">
        <ele>31.436437528580427</ele>
        <time>1970-01-01T00:19:36.800000Z</time>
        <extensions>
          <gpxtpx:TrackPointExtension>
            <gpxtpx:hr>158</gpxtpx:hr>
          </gpxtpx:TrackPointExtension>
        </extensions>
      </trkpt>
      <trkpt lat="28.822160174282292" lon="115.88060994543525">
        <ele>31.400379728525877</ele>
        <time>1970-01-01T00:19:37.800000Z</time>
        <extensions>
          <gpxtpx:TrackPointExtension>
            <gpxtpx:hr>158</gpxtpx:hr>
          </gpxtpx:TrackPointExtension>
        </extensions>
      </trkpt>
      <trkpt lat="28.8221316073208" lon="115.88061330342794">
        <ele>31.363658358342946</ele>
        <time>1970-01-01T00:19:38.800000Z</time>
        <extensions>
          <gpxtpx:TrackPointExtension>
            <gpxtpx:hr>158</gpxtpx:hr>
          </gpxtpx:TrackPointExtension>
        </extensions>
      </trkpt>
      <trkpt lat="28.822102252690446" lon="115.88061261397021">
        <ele>31.32697608601302</ele>
        <time>1970-01-01T00:19:39.800000Z</time>
        <extensions>
          <gpxtpx:TrackPointExtension>
            <gpxtpx:hr>158</gpxtpx:hr>
          </gpxtpx:TrackPointExtension>
        </extensions>
      </trkpt>
      <trkpt lat="28.822073708923135" lon="115.88060735428799">
        <ele>31.291498824954033</ele>
        <time>1970-01-01T00:19:40.800000Z</time>
        <extensions>
          <gpxtpx:TrackPointExtension>
            <gpxtpx:hr>158</gpxtpx:hr>
          </gpxtpx:TrackPointExtension>
        </extensions>
      </trkpt>
      <trkpt lat="28.82204651235137" lon="115.88059772062888">
        <ele>31.258495645597577</ele>
        <time>1970-01-01T00:19:41.800000Z</time>
        <extensions>
          <gpxtpx:TrackPointExtension>
            <gpxtpx:hr>158</gpxtpx:hr>
          </gpxtpx:TrackPointExtension>
        </extensions>
      </trkpt>
      <trkpt lat="28.82202069492578" lon="115.88058448111897">
        <ele>31.229366594925523</ele>
        <time>1970-01-01T00:19:42.800000Z</time>
        <extensions>
          <gpxtpx:TrackPointExtension>
            <gpxtpx:hr>158</gpxtpx:hr>
          </gpxtpx:TrackPointExtension>
        </extensions>
      </trkpt>
      <trkpt lat="28.821995949774422" lon="115.88056890435146">
        <ele>31.205606144852936</ele>
        <time>1970-01-01T00:19:43.800000Z</time>
        <extensions>
          <gpxtpx:TrackPointExtension>
            <gpxtpx:hr>158</gpxtpx:hr>
          </gpxtpx:TrackPointExtension>
        </extensions>
      </trkpt>
      <trkpt lat="28.82197180993454" lon="115.8805525723631">
        <ele>31.18887364678085</ele>
        <time>1970-01-01T00:19:44.800000Z</time>
        <extensions>
          <gpxtpx:TrackPointExtension>
            <gpxtpx:hr>158</gpxtpx:hr>
          </gpxtpx:TrackPointExtension>
        </extensions>
      </trkpt>
      <trkpt lat="28.821947918321282" lon="115.88053668582694">
        <ele>31.180230487138033</ele>
        <time>1970-01-01T00:19:45.800000Z</time>
        <extensions>
          <gpxtpx:TrackPointExtension>
            <gpxtpx:hr>158</gpxtpx:hr>
          </gpxtpx:TrackPointExtension>
        </extensions>
      </trkpt>
      <trkpt lat="28.821923906650685" lon="115.88052175551526">
        <ele>31.17949740216136</ele>
        <time>1970-01-01T00:19:46.700000Z</time>
        <extensions>
          <gpxtpx:TrackPointExtension>
            <gpxtpx:hr>158</gpxtpx:hr>
          </gpxtpx:TrackPointExtension>
        </extensions>
      </trkpt>
      <trkpt lat="28.821899750520277" lon="115.88050803949923">
        <ele>31.18559369817376</ele>
        <time>1970-01-01T00:19:47.700000Z</time>
        <extensions>
          <gpxtpx:TrackPointExtension>
            <gpxtpx:hr>158</gpxtpx:hr>
          </gpxtpx:TrackPointExtension>
        </extensions>
      </trkpt>
      <trkpt lat="28.821875427263386" lon="115.88049577865732">
        <ele>31.19710204284638</ele>
        <time>1970-01-01T00:19:48.700000Z</time>
        <extensions>
          <gpxtpx:TrackPointExtension>
            <gpxtpx:hr>160</gpxtpx:hr>
          </gpxtpx:TrackPointExtension>
        </extensions>
      </trkpt>
      <trkpt lat="28.82185147295705" lon="115.88048522374024">
        <ele>31.212809078395367</ele>
        <time>1970-01-01T00:19:49.700000Z</time>
        <extensions>
          <gpxtpx:TrackPointExtension>
            <gpxtpx:hr>160</gpxtpx:hr>
          </gpxtpx:TrackPointExtension>
        </extensions>
      </trkpt>
      <trkpt lat="28.82182907410375" lon="115.88047649021907">
        <ele>31.231687605381012</ele>
        <time>1970-01-01T00:19:50.700000Z</time>
        <extensions>
          <gpxtpx:TrackPointExtension>
            <gpxtpx:hr>160</gpxtpx:hr>
          </gpxtpx:TrackPointExtension>
        </extensions>
      </trkpt>
      <trkpt lat="28.82180880012254" lon="115.8804688589482">
        <ele>31.253364735282958</ele>
        <time>1970-01-01T00:19:51.700000Z</time>
        <extensions>
          <gpxtpx:TrackPointExtension>
            <gpxtpx:hr>160</gpxtpx:hr>
          </gpxtpx:TrackPointExtension>
        </extensions>
      </trkpt>
      <trkpt lat="28.821789999841542" lon="115.88046134963079">
        <ele>31.27792887482792</ele>
        <time>1970-01-01T00:19:52.700000Z</time>
        <extensions>
          <gpxtpx:TrackPointExtension>
            <gpxtpx:hr>160</gpxtpx:hr>
          </gpxtpx:TrackPointExtension>
        </extensions>
      </trkpt>
      <trkpt lat="28.821771593831013" lon="115.88045375559527">
        <ele>31.305664898827672</ele>
        <time>1970-01-01T00:19:53.700000Z</time>
        <extensions>
          <gpxtpx:TrackPointExtension>
            <gpxtpx:hr>160</gpxtpx:hr>
          </gpxtpx:TrackPointExtension>
        </extensions>
      </trkpt>
      <trkpt lat="28.821752265393663" lon="115.88044638135817">
        <ele>31.336027867160738</ele>
        <time>1970-01-01T00:19:54.700000Z</time>
        <extensions>
          <gpxtpx:TrackPointExtension>
            <gpxtpx:hr>160</gpxtpx:hr>
          </gpxtpx:TrackPointExtension>
        </extensions>
      </trkpt>
      <trkpt lat="28.821731316811366" lon="115.88043974042878">
        <ele>31.368518384173512</ele>
        <time>1970-01-01T00:19:55.700000Z</time>
        <extensions>
          <gpxtpx:TrackPointExtension>
            <gpxtpx:hr>161</gpxtpx:hr>
          </gpxtpx:TrackPointExtension>
        </extensions>
      </trkpt>
      <trkpt lat="28.821709051254185" lon="115.8804338756958">
        <ele>31.402924564667046</ele>
        <time>1970-01-01T00:19:56.700000Z</time>
        <extensions>
          <gpxtpx:TrackPointExtension>
            <gpxtpx:hr>161</gpxtpx:hr>
          </gpxtpx:TrackPointExtension>
        </extensions>
      </trkpt>
      <trkpt lat="28.821686213257784" lon="115.8804283045591">
        <ele>31.43925551045686</ele>
        <time>1970-01-01T00:19:57.700000Z</time>
        <extensions>
          <gpxtpx:TrackPointExtension>
            <gpxtpx:hr>161</gpxtpx:hr>
          </gpxtpx:TrackPointExtension>
        </extensions>
      </trkpt>
      <trkpt lat="28.82166379817195" lon="115.88042286782917">
        <ele>31.47700479719788</ele>
        <time>1970-01-01T00:19:58.700000Z</time>
        <extensions>
          <gpxtpx:TrackPointExtension>
            <gpxtpx:hr>161</gpxtpx:hr>
          </gpxtpx:TrackPointExtension>
        </extensions>
      </trkpt>
      <trkpt lat="28.821642539645882" lon="115.88041752965418">
        <ele>31.516323623247445</ele>
        <time>1970-01-01T00:19:59.700000Z</time>
        <extensions>
          <gpxtpx:TrackPointExtension>
            <gpxtpx:hr>161</gpxtpx:hr>
          </gpxtpx:TrackPointExtension>
        </extensions>
      </trkpt>
      <trkpt lat="28.82162217038421" lon="115.88041200343301">
        <ele>31.556975077837706</ele>
        <time>1970-01-01T00:20:00.700000Z</time>
        <extensions>
          <gpxtpx:TrackPointExtension>
            <gpxtpx:hr>161</gpxtpx:hr>
          </gpxtpx:TrackPointExtension>
        </extensions>
      </trkpt>
      <trkpt lat="28.82160171304955" lon="115.88040614915406">
        <ele>31.598314587958157</ele>
        <time>1970-01-01T00:20:01.700000Z</time>
        <extensions>
          <gpxtpx:TrackPointExtension>
            <gpxtpx:hr>160</gpxtpx:hr>
          </gpxtpx:TrackPointExtension>
        </extensions>
      </trkpt>
      <trkpt lat="28.821580147540857" lon="115.88040013913029">
        <ele>31.63961924985051</ele>
        <time>1970-01-01T00:20:02.700000Z</time>
        <extensions>
          <gpxtpx:TrackPointExtension>
            <gpxtpx:hr>160</gpxtpx:hr>
          </gpxtpx:TrackPointExtension>
        </extensions>
      </trkpt>
      <trkpt lat="28.821557747074948" lon="115.88039383309811">
        <ele>31.68093381077051</ele>
        <time>1970-01-01T00:20:03.700000Z</time>
        <extensions>
          <gpxtpx:TrackPointExtension>
            <gpxtpx:hr>160</gpxtpx:hr>
          </gpxtpx:TrackPointExtension>
        </extensions>
      </trkpt>
      <trkpt lat="28.82153546793773" lon="115.88038676405742">
        <ele>31.723117004148662</ele>
        <time>1970-01-01T00:20:04.700000Z</time>
        <extensions>
          <gpxtpx:TrackPointExtension>
            <gpxtpx:hr>160</gpxtpx:hr>
          </gpxtpx:TrackPointExtension>
        </extensions>
      </trkpt>
      <trkpt lat="28.821513185471403" lon="115.88037884907781">
        <ele>31.76778649445623</ele>
        <time>1970-01-01T00:20:05.700000Z</time>
        <extensions>
          <gpxtpx:TrackPointExtension>
            <gpxtpx:hr>160</gpxtpx:hr>
          </gpxtpx:TrackPointExtension>
        </extensions>
      </trkpt>
      <trkpt lat="28.82149120465487" lon="115.88037021224352">
        <ele>31.816800884902477</ele>
        <time>1970-01-01T00:20:06.700000Z</time>
        <extensions>
          <gpxtpx:TrackPointExtension>
            <gpxtpx:hr>159</gpxtpx:hr>
          </gpxtpx:TrackPointExtension>
        </extensions>
      </trkpt>
      <trkpt lat="28.821469771230376" lon="115.88036110234552">
        <ele>31.87171747442335</ele>
        <time>1970-01-01T00:20:07.700000Z</time>
        <extensions>
          <gpxtpx:TrackPointExtension>
            <gpxtpx:hr>159</gpxtpx:hr>
          </gpxtpx:TrackPointExtension>
        </extensions>
      </trkpt>
      <trkpt lat="28.821448406806354" lon="115.88035150499398">
        <ele>31.933267034590244</ele>
        <time>1970-01-01T00:20:08.700000Z</time>
        <extensions>
          <gpxtpx:TrackPointExtension>
            <gpxtpx:hr>159</gpxtpx:hr>
          </gpxtpx:TrackPointExtension>
        </extensions>
      </trkpt>
      <trkpt lat="28.821427118198894" lon="115.8803417307895">
        <ele>32.00068676844239</ele>
        <time>1970-01-01T00:20:09.700000Z</time>
        <extensions>
          <gpxtpx:TrackPointExtension>
            <gpxtpx:hr>159</gpxtpx:hr>
          </gpxtpx:TrackPointExtension>
        </extensions>
      </trkpt>
      <trkpt lat="28.82140621555262" lon="115.88033258523366">
        <ele>32.072209594771266</ele>
        <time>1970-01-01T00:20:10.700000Z</time>
        <extensions>
          <gpxtpx:TrackPointExtension>
            <gpxtpx:hr>159</gpxtpx:hr>
          </gpxtpx:TrackPointExtension>
        </extensions>
      </trkpt>
      <trkpt lat="28.821385588823855" lon="115.88032420695757">
        <ele>32.14575014542788</ele>
        <time>1970-01-01T00:20:11.700000Z</time>
        <extensions>
          <gpxtpx:TrackPointExtension>
            <gpxtpx:hr>159</gpxtpx:hr>
          </gpxtpx:TrackPointExtension>
        </extensions>
      </trkpt>
      <trkpt lat="28.821364648970317" lon="115.88031626654205">
        <ele>32.2195352865383</ele>
        <time>1970-01-01T00:20:12.700000Z</time>
        <extensions>
          <gpxtpx:TrackPointExtension>
            <gpxtpx:hr>160</gpxtpx:hr>
          </gpxtpx:TrackPointExtension>
        </extensions>
      </trkpt>
      <trkpt lat="28.821343332801195" lon="115.8803084799253">
        <ele>32.29208185710013</ele>
        <time>1970-01-01T00:20:13.700000Z</time>
        <extensions>
          <gpxtpx:TrackPointExtension>
            <gpxtpx:hr>160</gpxtpx:hr>
          </gpxtpx:TrackPointExtension>
        </extensions>
      </trkpt>
      <trkpt lat="28.821322059806153" lon="115.88030070686929">
        <ele>32.36256343405694</ele>
        <time>1970-01-01T00:20:14.700000Z</time>
        <extensions>
          <gpxtpx:TrackPointExtension>
            <gpxtpx:hr>160</gpxtpx:hr>
          </gpxtpx:TrackPointExtension>
        </extensions>
      </trkpt>
      <trkpt lat="28.82130106868211" lon="115.8802932065097">
        <ele>32.43070886656642</ele>
        <time>1970-01-01T00:20:15.700000Z</time>
        <extensions>
          <gpxtpx:TrackPointExtension>
            <gpxtpx:hr>160</gpxtpx:hr>
          </gpxtpx:TrackPointExtension>
        </extensions>
      </trkpt>
      <trkpt lat="28.821280385906356" lon="115.88028621478122">
        <ele>32.496657103300095</ele>
        <time>1970-01-01T00:20:16.700000Z</time>
        <extensions>
          <gpxtpx:TrackPointExtension>
            <gpxtpx:hr>160</gpxtpx:hr>
          </gpxtpx:TrackPointExtension>
        </extensions>
      </trkpt>
      <trkpt lat="28.82125941663795" lon="115.88027967907932">
        <ele>32.560664935968816</ele>
        <time>1970-01-01T00:20:17.700000Z</time>
        <extensions>
          <gpxtpx:TrackPointExtension>
            <gpxtpx:hr>160</gpxtpx:hr>
          </gpxtpx:TrackPointExtension>
        </extensions>
      </trkpt>
      <trkpt lat="28.821238038893387" lon="115.88027289868464">
        <ele>32.62348766811192</ele>
        <time>1970-01-01T00:20:18.700000Z</time>
        <extensions>
          <gpxtpx:TrackPointExtension>
            <gpxtpx:hr>160</gpxtpx:hr>
          </gpxtpx:TrackPointExtension>
        </extensions>
      </trkpt>
      <trkpt lat="28.82121648230599" lon="115.88026486706582">
        <ele>32.68598044849932</ele>
        <time>1970-01-01T00:20:19.700000Z</time>
        <extensions>
          <gpxtpx:TrackPointExtension>
            <gpxtpx:hr>160</gpxtpx:hr>
          </gpxtpx:TrackPointExtension>
        </extensions>
      </trkpt>
      <trkpt lat="28.821194932676985" lon="115.88025581725702">
        <ele>32.748878735117614</ele>
        <time>1970-01-01T00:20:20.700000Z</time>
        <extensions>
          <gpxtpx:TrackPointExtension>
            <gpxtpx:hr>160</gpxtpx:hr>
          </gpxtpx:TrackPointExtension>
        </extensions>
      </trkpt>
      <trkpt lat="28.821173859383244" lon="115.88024654135228">
        <ele>32.812531519681215</ele>
        <time>1970-01-01T00:20:21.700000Z</time>
        <extensions>
          <gpxtpx:TrackPointExtension>
            <gpxtpx:hr>160</gpxtpx:hr>
          </gpxtpx:TrackPointExtension>
        </extensions>
      </trkpt>
      <trkpt lat="28.82115208743803" lon="115.88023797347427">
        <ele>32.87703849654645</ele>
        <time>1970-01-01T00:20:22.700000Z</time>
        <extensions>
          <gpxtpx:TrackPointExtension>
            <gpxtpx:hr>160</gpxtpx:hr>
          </gpxtpx:TrackPointExtension>
        </extensions>
      </trkpt>
      <trkpt lat="28.821128364218392" lon="115.88023078739712">
        <ele>32.94177882373333</ele>
        <time>1970-01-01T00:20:23.700000Z</time>
        <extensions>
          <gpxtpx:TrackPointExtension>
            <gpxtpx:hr>160</gpxtpx:hr>
          </gpxtpx:TrackPointExtension>
        </extensions>
      </trkpt>
      <trkpt lat="28.82110373797151" lon="115.88022477611592">
        <ele>33.00580601487309</ele>
        <time>1970-01-01T00:20:24.700000Z</time>
        <extensions>
          <gpxtpx:TrackPointExtension>
            <gpxtpx:hr>161</gpxtpx:hr>
          </gpxtpx:TrackPointExtension>
        </extensions>
      </trkpt>
      <trkpt lat="28.821079181229226" lon="115.8802195279735">
        <ele>33.06820265669376</ele>
        <time>1970-01-01T00:20:25.700000Z</time>
        <extensions>
          <gpxtpx:TrackPointExtension>
            <gpxtpx:hr>161</gpxtpx:hr>
          </gpxtpx:TrackPointExtension>
        </extensions>
      </trkpt>
      <trkpt lat="28.821054090630014" lon="115.88021510135508">
        <ele>33.12847388442606</ele>
        <time>1970-01-01T00:20:26.700000Z</time>
        <extensions>
          <gpxtpx:TrackPointExtension>
            <gpxtpx:hr>161</gpxtpx:hr>
          </gpxtpx:TrackPointExtension>
        </extensions>
      </trkpt>
      <trkpt lat="28.821027261479017" lon="115.88021157282438">
        <ele>33.18609245214611</ele>
        <time>1970-01-01T00:20:27.700000Z</time>
        <extensions>
          <gpxtpx:TrackPointExtension>
            <gpxtpx:hr>161</gpxtpx:hr>
          </gpxtpx:TrackPointExtension>
        </extensions>
      </trkpt>
      <trkpt lat="28.821000107780165" lon="115.8802077679394">
        <ele>33.24115264695138</ele>
        <time>1970-01-01T00:20:28.700000Z</time>
        <extensions>
          <gpxtpx:TrackPointExtension>
            <gpxtpx:hr>161</gpxtpx:hr>
          </gpxtpx:TrackPointExtension>
        </extensions>
      </trkpt>
      <trkpt lat="28.820975170924186" lon="115.88020273942928">
        <ele>33.29455223772675</ele>
        <time>1970-01-01T00:20:29.700000Z</time>
        <extensions>
          <gpxtpx:TrackPointExtension>
            <gpxtpx:hr>161</gpxtpx:hr>
          </gpxtpx:TrackPointExtension>
        </extensions>
      </trkpt>
      <trkpt lat="28.82095286664007" lon="115.88019694040513">
        <ele>33.34786667954177</ele>
        <time>1970-01-01T00:20:30.700000Z</time>
        <extensions>
          <gpxtpx:TrackPointExtension>
            <gpxtpx:hr>161</gpxtpx:hr>
          </gpxtpx:TrackPointExtension>
        </extensions>
      </trkpt>
      <trkpt lat="28.820932975209153" lon="115.88019104797111">
        <ele>33.40258620493114</ele>
        <time>1970-01-01T00:20:31.700000Z</time>
        <extensions>
          <gpxtpx:TrackPointExtension>
            <gpxtpx:hr>161</gpxtpx:hr>
          </gpxtpx:TrackPointExtension>
        </extensions>
      </trkpt>
      <trkpt lat="28.820914302645683" lon="115.88018582186787">
        <ele>33.459898088127375</ele>
        <time>1970-01-01T00:20:32.700000Z</time>
        <extensions>
          <gpxtpx:TrackPointExtension>
            <gpxtpx:hr>161</gpxtpx:hr>
          </gpxtpx:TrackPointExtension>
        </extensions>
      </trkpt>
      <trkpt lat="28.820895111622036" lon="115.88018205447338">
        <ele>33.52047957945615</ele>
        <time>1970-01-01T00:20:33.700000Z</time>
        <extensions>
          <gpxtpx:TrackPointExtension>
            <gpxtpx:hr>161</gpxtpx:hr>
          </gpxtpx:TrackPointExtension>
        </extensions>
      </trkpt>
      <trkpt lat="28.820874280479053" lon="115.88017967050452">
        <ele>33.58425077050924</ele>
        <time>1970-01-01T00:20:34.700000Z</time>
        <extensions>
          <gpxtpx:TrackPointExtension>
            <gpxtpx:hr>161</gpxtpx:hr>
          </gpxtpx:TrackPointExtension>
        </extensions>
      </trkpt>
      <trkpt lat="28.8208512596072" lon="115.88017780418066">
        <ele>33.65002616215497</ele>
        <time>1970-01-01T00:20:35.700000Z</time>
        <extensions>
          <gpxtpx:TrackPointExtension>
            <gpxtpx:hr>161</gpxtpx:hr>
          </gpxtpx:TrackPointExtension>
        </extensions>
      </trkpt>
      <trkpt lat="28.82082611369975" lon="115.88017597651636">
        <ele>33.71624737698585</ele>
        <time>1970-01-01T00:20:36.700000Z</time>
        <extensions>
          <gpxtpx:TrackPointExtension>
            <gpxtpx:hr>161</gpxtpx:hr>
          </gpxtpx:TrackPointExtension>
        </extensions>
      </trkpt>
      <trkpt lat="28.820799620861163" lon="115.88017395879406">
        <ele>33.782578121870756</ele>
        <time>1970-01-01T00:20:37.700000Z</time>
        <extensions>
          <gpxtpx:TrackPointExtension>
            <gpxtpx:hr>163</gpxtpx:hr>
          </gpxtpx:TrackPointExtension>
        </extensions>
      </trkpt>
      <trkpt lat="28.820773041523296" lon="115.88017161473817">
        <ele>33.849271988496184</ele>
        <time>1970-01-01T00:20:38.700000Z</time>
        <extensions>
          <gpxtpx:TrackPointExtension>
            <gpxtpx:hr>163</gpxtpx:hr>
          </gpxtpx:TrackPointExtension>
        </extensions>
      </trkpt>
      <trkpt lat="28.820747320691584" lon="115.88016874495393">
        <ele>33.916577184572816</ele>
        <time>1970-01-01T00:20:39.700000Z</time>
        <extensions>
          <gpxtpx:TrackPointExtension>
            <gpxtpx:hr>163</gpxtpx:hr>
          </gpxtpx:TrackPointExtension>
        </extensions>
      </trkpt>
      <trkpt lat="28.82072256730715" lon="115.88016554792598">
        <ele>33.98403170425445</ele>
        <time>1970-01-01T00:20:40.700000Z</time>
        <extensions>
          <gpxtpx:TrackPointExtension>
            <gpxtpx:hr>163</gpxtpx:hr>
          </gpxtpx:TrackPointExtension>
        </extensions>
      </trkpt>
      <trkpt lat="28.820698173004068" lon="115.88016267372106">
        <ele>34.0511129219085</ele>
        <time>1970-01-01T00:20:41.700000Z</time>
        <extensions>
          <gpxtpx:TrackPointExtension>
            <gpxtpx:hr>163</gpxtpx:hr>
          </gpxtpx:TrackPointExtension>
        </extensions>
      </trkpt>
      <trkpt lat="28.82067409976086" lon="115.88016050995112">
        <ele>34.11558571178466</ele>
        <time>1970-01-01T00:20:42.700000Z</time>
        <extensions>
          <gpxtpx:TrackPointExtension>
            <gpxtpx:hr>163</gpxtpx:hr>
          </gpxtpx:TrackPointExtension>
        </extensions>
      </trkpt>
      <trkpt lat="28.82065079921755" lon="115.88015884508704">
        <ele>34.17970617860556</ele>
        <time>1970-01-01T00:20:43.700000Z</time>
        <extensions>
          <gpxtpx:TrackPointExtension>
            <gpxtpx:hr>163</gpxtpx:hr>
          </gpxtpx:TrackPointExtension>
        </extensions>
      </trkpt>
      <trkpt lat="28.82062853344312" lon="115.88015701170607">
        <ele>34.24210933968425</ele>
        <time>1970-01-01T00:20:44.700000Z</time>
        <extensions>
          <gpxtpx:TrackPointExtension>
            <gpxtpx:hr>163</gpxtpx:hr>
          </gpxtpx:TrackPointExtension>
        </extensions>
      </trkpt>
      <trkpt lat="28.820607286165636" lon="115.88015478076285">
        <ele>34.30384526029229</ele>
        <time>1970-01-01T00:20:45.700000Z</time>
        <extensions>
          <gpxtpx:TrackPointExtension>
            <gpxtpx:hr>163</gpxtpx:hr>
          </gpxtpx:TrackPointExtension>
        </extensions>
      </trkpt>
      <trkpt lat="28.820586553502505" lon="115.88015192445695">
        <ele>34.36587567999959</ele>
        <time>1970-01-01T00:20:46.700000Z</time>
        <extensions>
          <gpxtpx:TrackPointExtension>
            <gpxtpx:hr>163</gpxtpx:hr>
          </gpxtpx:TrackPointExtension>
        </extensions>
      </trkpt>
      <trkpt lat="28.820566034321594" lon="115.88014852871383">
        <ele>34.42795256525278</ele>
        <time>1970-01-01T00:20:47.700000Z</time>
        <extensions>
          <gpxtpx:TrackPointExtension>
            <gpxtpx:hr>163</gpxtpx:hr>
          </gpxtpx:TrackPointExtension>
        </extensions>
      </trkpt>
      <trkpt lat="28.82054536065226" lon="115.88014501020436">
        <ele>34.488850991241634</ele>
        <time>1970-01-01T00:20:48.700000Z</time>
        <extensions>
          <gpxtpx:TrackPointExtension>
            <gpxtpx:hr>164</gpxtpx:hr>
          </gpxtpx:TrackPointExtension>
        </extensions>
      </trkpt>
      <trkpt lat="28.820524030682762" lon="115.88014176495632">
        <ele>34.54717394616455</ele>
        <time>1970-01-01T00:20:49.700000Z</time>
        <extensions>
          <gpxtpx:TrackPointExtension>
            <gpxtpx:hr>164</gpxtpx:hr>
          </gpxtpx:TrackPointExtension>
        </extensions>
      </trkpt>
      <trkpt lat="28.820501945083844" lon="115.88013909732267">
        <ele>34.60286455322057</ele>
        <time>1970-01-01T00:20:50.700000Z</time>
        <extensions>
          <gpxtpx:TrackPointExtension>
            <gpxtpx:hr>164</gpxtpx:hr>
          </gpxtpx:TrackPointExtension>
        </extensions>
      </trkpt>
      <trkpt lat="28.82047894863944" lon="115.88013690452395">
        <ele>34.65682593360543</ele>
        <time>1970-01-01T00:20:51.700000Z</time>
        <extensions>
          <gpxtpx:TrackPointExtension>
            <gpxtpx:hr>164</gpxtpx:hr>
          </gpxtpx:TrackPointExtension>
        </extensions>
      </trkpt>
      <trkpt lat="28.820452244645942" lon="115.88013431102578">
        <ele>34.712289014831185</ele>
        <time>1970-01-01T00:20:52.900000Z</time>
        <extensions>
          <gpxtpx:TrackPointExtension>
            <gpxtpx:hr>164</gpxtpx:hr>
          </gpxtpx:TrackPointExtension>
        </extensions>
      </trkpt>
      <trkpt lat="28.820430420700337" lon="115.88013199842194">
        <ele>34.75363366585225</ele>
        <time>1970-01-01T00:20:53.700000Z</time>
        <extensions>
          <gpxtpx:TrackPointExtension>
            <gpxtpx:hr>164</gpxtpx:hr>
          </gpxtpx:TrackPointExtension>
        </extensions>
      </trkpt>
      <trkpt lat="28.820406130499354" lon="115.88012977740465">
        <ele>34.79901882633567</ele>
        <time>1970-01-01T00:20:54.700000Z</time>
        <extensions>
          <gpxtpx:TrackPointExtension>
            <gpxtpx:hr>164</gpxtpx:hr>
          </gpxtpx:TrackPointExtension>
        </extensions>
      </trkpt>
      <trkpt lat="28.820382856029685" lon="115.88012812237777">
        <ele>34.84554379526526</ele>
        <time>1970-01-01T00:20:55.700000Z</time>
        <extensions>
          <gpxtpx:TrackPointExtension>
            <gpxtpx:hr>164</gpxtpx:hr>
          </gpxtpx:TrackPointExtension>
        </extensions>
      </trkpt>
      <trkpt lat="28.820360313013012" lon="115.88012679969084">
        <ele>34.8932412462309</ele>
        <time>1970-01-01T00:20:56.800000Z</time>
        <extensions>
          <gpxtpx:TrackPointExtension>
            <gpxtpx:hr>164</gpxtpx:hr>
          </gpxtpx:TrackPointExtension>
        </extensions>
      </trkpt>
      <trkpt lat="28.820337675853395" lon="115.88012560456112">
        <ele>34.942391709424555</ele>
        <time>1970-01-01T00:20:57.800000Z</time>
        <extensions>
          <gpxtpx:TrackPointExtension>
            <gpxtpx:hr>164</gpxtpx:hr>
          </gpxtpx:TrackPointExtension>
        </extensions>
      </trkpt>
      <trkpt lat="28.820314284831476" lon="115.88012478387574">
        <ele>34.993322669528425</ele>
        <time>1970-01-01T00:20:58.800000Z</time>
        <extensions>
          <gpxtpx:TrackPointExtension>
            <gpxtpx:hr>164</gpxtpx:hr>
          </gpxtpx:TrackPointExtension>
        </extensions>
      </trkpt>
      <trkpt lat="28.82029042718034" lon="115.88012417016462">
        <ele>35.04594160337001</ele>
        <time>1970-01-01T00:20:59.800000Z</time>
        <extensions>
          <gpxtpx:TrackPointExtension>
            <gpxtpx:hr>164</gpxtpx:hr>
          </gpxtpx:TrackPointExtension>
        </extensions>
      </trkpt>
      <trkpt lat="28.820267059478667" lon="115.88012327606245">
        <ele>35.10007193032652</ele>
        <time>1970-01-01T00:21:00.800000Z</time>
        <extensions>
          <gpxtpx:TrackPointExtension>
            <gpxtpx:hr>164</gpxtpx:hr>
          </gpxtpx:TrackPointExtension>
        </extensions>
      </trkpt>
      <trkpt lat="28.820244892907017" lon="115.88012154070458">
        <ele>35.155577330850065</ele>
        <time>1970-01-01T00:21:01.800000Z</time>
        <extensions>
          <gpxtpx:TrackPointExtension>
            <gpxtpx:hr>164</gpxtpx:hr>
          </gpxtpx:TrackPointExtension>
        </extensions>
      </trkpt>
      <trkpt lat="28.820223255742732" lon="115.88011848518184">
        <ele>35.21259258966893</ele>
        <time>1970-01-01T00:21:02.800000Z</time>
        <extensions>
          <gpxtpx:TrackPointExtension>
            <gpxtpx:hr>164</gpxtpx:hr>
          </gpxtpx:TrackPointExtension>
        </extensions>
      </trkpt>
      <trkpt lat="28.820200894183785" lon="115.88011466533989">
        <ele>35.270847734995186</ele>
        <time>1970-01-01T00:21:03.800000Z</time>
        <extensions>
          <gpxtpx:TrackPointExtension>
            <gpxtpx:hr>164</gpxtpx:hr>
          </gpxtpx:TrackPointExtension>
        </extensions>
      </trkpt>
      <trkpt lat="28.820177832907664" lon="115.88011061132434">
        <ele>35.32993254251778</ele>
        <time>1970-01-01T00:21:04.800000Z</time>
        <extensions>
          <gpxtpx:TrackPointExtension>
            <gpxtpx:hr>164</gpxtpx:hr>
          </gpxtpx:TrackPointExtension>
        </extensions>
      </trkpt>
      <trkpt lat="28.820155371128568" lon="115.88010658409796">
        <ele>35.389163464307785</ele>
        <time>1970-01-01T00:21:05.800000Z</time>
        <extensions>
          <gpxtpx:TrackPointExtension>
            <gpxtpx:hr>164</gpxtpx:hr>
          </gpxtpx:TrackPointExtension>
        </extensions>
      </trkpt>
      <trkpt lat="28.820133594720513" lon="115.88010273550147">
        <ele>35.44756501633674</ele>
        <time>1970-01-01T00:21:06.800000Z</time>
        <extensions>
          <gpxtpx:TrackPointExtension>
            <gpxtpx:hr>164</gpxtpx:hr>
          </gpxtpx:TrackPointExtension>
        </extensions>
      </trkpt>
      <trkpt lat="28.82011174736784" lon="115.8800990648277">
        <ele>35.504092056304216</ele>
        <time>1970-01-01T00:21:07.800000Z</time>
        <extensions>
          <gpxtpx:TrackPointExtension>
            <gpxtpx:hr>164</gpxtpx:hr>
          </gpxtpx:TrackPointExtension>
        </extensions>
      </trkpt>
      <trkpt lat="28.82008929001062" lon="115.880095532862">
        <ele>35.558267964981496</ele>
        <time>1970-01-01T00:21:08.800000Z</time>
        <extensions>
          <gpxtpx:TrackPointExtension>
            <gpxtpx:hr>164</gpxtpx:hr>
          </gpxtpx:TrackPointExtension>
        </extensions>
      </trkpt>
      <trkpt lat="28.820065581673536" lon="115.88009202432004">
        <ele>35.60952609311789</ele>
        <time>1970-01-01T00:21:09.800000Z</time>
        <extensions>
          <gpxtpx:TrackPointExtension>
            <gpxtpx:hr>164</gpxtpx:hr>
          </gpxtpx:TrackPointExtension>
        </extensions>
      </trkpt>
      <trkpt lat="28.820041193218508" lon="115.88008925182295">
        <ele>35.65696723014116</ele>
        <time>1970-01-01T00:21:10.800000Z</time>
        <extensions>
          <gpxtpx:TrackPointExtension>
            <gpxtpx:hr>164</gpxtpx:hr>
          </gpxtpx:TrackPointExtension>
        </extensions>
      </trkpt>
      <trkpt lat="28.82001634966705" lon="115.88008716322473">
        <ele>35.69990602694452</ele>
        <time>1970-01-01T00:21:11.800000Z</time>
        <extensions>
          <gpxtpx:TrackPointExtension>
            <gpxtpx:hr>164</gpxtpx:hr>
          </gpxtpx:TrackPointExtension>
        </extensions>
      </trkpt>
      <trkpt lat="28.819990541019514" lon="115.88008500385747">
        <ele>35.738758405670524</ele>
        <time>1970-01-01T00:21:12.800000Z</time>
        <extensions>
          <gpxtpx:TrackPointExtension>
            <gpxtpx:hr>164</gpxtpx:hr>
          </gpxtpx:TrackPointExtension>
        </extensions>
      </trkpt>
      <trkpt lat="28.819963710601208" lon="115.8800829848195">
        <ele>35.77453140262514</ele>
        <time>1970-01-01T00:21:13.700000Z</time>
        <extensions>
          <gpxtpx:TrackPointExtension>
            <gpxtpx:hr>164</gpxtpx:hr>
          </gpxtpx:TrackPointExtension>
        </extensions>
      </trkpt>
      <trkpt lat="28.81993618208941" lon="115.88008143618593">
        <ele>35.80886123608798</ele>
        <time>1970-01-01T00:21:14.700000Z</time>
        <extensions>
          <gpxtpx:TrackPointExtension>
            <gpxtpx:hr>164</gpxtpx:hr>
          </gpxtpx:TrackPointExtension>
        </extensions>
      </trkpt>
      <trkpt lat="28.819908962434685" lon="115.8800800014605">
        <ele>35.84326443914324</ele>
        <time>1970-01-01T00:21:15.700000Z</time>
        <extensions>
          <gpxtpx:TrackPointExtension>
            <gpxtpx:hr>165</gpxtpx:hr>
          </gpxtpx:TrackPointExtension>
        </extensions>
      </trkpt>
      <trkpt lat="28.819882890821855" lon="115.8800779505779">
        <ele>35.87860946729779</ele>
        <time>1970-01-01T00:21:16.700000Z</time>
        <extensions>
          <gpxtpx:TrackPointExtension>
            <gpxtpx:hr>165</gpxtpx:hr>
          </gpxtpx:TrackPointExtension>
        </extensions>
      </trkpt>
      <trkpt lat="28.819857963629595" lon="115.88007552835903">
        <ele>35.91456336528063</ele>
        <time>1970-01-01T00:21:17.700000Z</time>
        <extensions>
          <gpxtpx:TrackPointExtension>
            <gpxtpx:hr>165</gpxtpx:hr>
          </gpxtpx:TrackPointExtension>
        </extensions>
      </trkpt>
      <trkpt lat="28.819833860401967" lon="115.8800732666005">
        <ele>35.95024658832699</ele>
        <time>1970-01-01T00:21:18.700000Z</time>
        <extensions>
          <gpxtpx:TrackPointExtension>
            <gpxtpx:hr>165</gpxtpx:hr>
          </gpxtpx:TrackPointExtension>
        </extensions>
      </trkpt>
      <trkpt lat="28.81981003149981" lon="115.8800711130358">
        <ele>35.98432035371661</ele>
        <time>1970-01-01T00:21:19.700000Z</time>
        <extensions>
          <gpxtpx:TrackPointExtension>
            <gpxtpx:hr>165</gpxtpx:hr>
          </gpxtpx:TrackPointExtension>
        </extensions>
      </trkpt>
      <trkpt lat="28.81978615682879" lon="115.88006917465071">
        <ele>36.015271440148354</ele>
        <time>1970-01-01T00:21:20.700000Z</time>
        <extensions>
          <gpxtpx:TrackPointExtension>
            <gpxtpx:hr>165</gpxtpx:hr>
          </gpxtpx:TrackPointExtension>
        </extensions>
      </trkpt>
      <trkpt lat="28.81976249299339" lon="115.88006755675829">
        <ele>36.04168666061014</ele>
        <time>1970-01-01T00:21:21.700000Z</time>
        <extensions>
          <gpxtpx:TrackPointExtension>
            <gpxtpx:hr>166</gpxtpx:hr>
          </gpxtpx:TrackPointExtension>
        </extensions>
      </trkpt>
      <trkpt lat="28.819739630627573" lon="115.88006585091746">
        <ele>36.06279603485018</ele>
        <time>1970-01-01T00:21:22.700000Z</time>
        <extensions>
          <gpxtpx:TrackPointExtension>
            <gpxtpx:hr>166</gpxtpx:hr>
          </gpxtpx:TrackPointExtension>
        </extensions>
      </trkpt>
      <trkpt lat="28.81971765719362" lon="115.88006350902033">
        <ele>36.07893885113299</ele>
        <time>1970-01-01T00:21:23.700000Z</time>
        <extensions>
          <gpxtpx:TrackPointExtension>
            <gpxtpx:hr>166</gpxtpx:hr>
          </gpxtpx:TrackPointExtension>
        </extensions>
      </trkpt>
      <trkpt lat="28.81969609233761" lon="115.88006042226264">
        <ele>36.09102011658251</ele>
        <time>1970-01-01T00:21:24.700000Z</time>
        <extensions>
          <gpxtpx:TrackPointExtension>
            <gpxtpx:hr>166</gpxtpx:hr>
          </gpxtpx:TrackPointExtension>
        </extensions>
      </trkpt>
      <trkpt lat="28.819674310828002" lon="115.880056968485">
        <ele>36.10020136553794</ele>
        <time>1970-01-01T00:21:25.700000Z</time>
        <extensions>
          <gpxtpx:TrackPointExtension>
            <gpxtpx:hr>166</gpxtpx:hr>
          </gpxtpx:TrackPointExtension>
        </extensions>
      </trkpt>
      <trkpt lat="28.819652294687277" lon="115.8800536717746">
        <ele>36.107719774357975</ele>
        <time>1970-01-01T00:21:26.700000Z</time>
        <extensions>
          <gpxtpx:TrackPointExtension>
            <gpxtpx:hr>166</gpxtpx:hr>
          </gpxtpx:TrackPointExtension>
        </extensions>
      </trkpt>
      <trkpt lat="28.81963020627292" lon="115.88005105709857">
        <ele>36.11432740930468</ele>
        <time>1970-01-01T00:21:27.700000Z</time>
        <extensions>
          <gpxtpx:TrackPointExtension>
            <gpxtpx:hr>166</gpxtpx:hr>
          </gpxtpx:TrackPointExtension>
        </extensions>
      </trkpt>
      <trkpt lat="28.819607560616873" lon="115.88004942519198">
        <ele>36.12029731273651</ele>
        <time>1970-01-01T00:21:28.700000Z</time>
        <extensions>
          <gpxtpx:TrackPointExtension>
            <gpxtpx:hr>166</gpxtpx:hr>
          </gpxtpx:TrackPointExtension>
        </extensions>
      </trkpt>
      <trkpt lat="28.819583758857952" lon="115.88004804160482">
        <ele>36.125760328024626</ele>
        <time>1970-01-01T00:21:29.700000Z</time>
        <extensions>
          <gpxtpx:TrackPointExtension>
            <gpxtpx:hr>166</gpxtpx:hr>
          </gpxtpx:TrackPointExtension>
        </extensions>
      </trkpt>
      <trkpt lat="28.81955897798233" lon="115.88004634357658">
        <ele>36.13125160802156</ele>
        <time>1970-01-01T00:21:30.700000Z</time>
        <extensions>
          <gpxtpx:TrackPointExtension>
            <gpxtpx:hr>166</gpxtpx:hr>
          </gpxtpx:TrackPointExtension>
        </extensions>
      </trkpt>
      <trkpt lat="28.8195336244367" lon="115.88004444654095">
        <ele>36.13799843657762</ele>
        <time>1970-01-01T00:21:31.700000Z</time>
        <extensions>
          <gpxtpx:TrackPointExtension>
            <gpxtpx:hr>166</gpxtpx:hr>
          </gpxtpx:TrackPointExtension>
        </extensions>
      </trkpt>
      <trkpt lat="28.819508065547765" lon="115.88004231788742">
        <ele>36.14772313926369</ele>
        <time>1970-01-01T00:21:32.700000Z</time>
        <extensions>
          <gpxtpx:TrackPointExtension>
            <gpxtpx:hr>166</gpxtpx:hr>
          </gpxtpx:TrackPointExtension>
        </extensions>
      </trkpt>
      <trkpt lat="28.819482891054992" lon="115.88003973582848">
        <ele>36.16147119458765</ele>
        <time>1970-01-01T00:21:33.700000Z</time>
        <extensions>
          <gpxtpx:TrackPointExtension>
            <gpxtpx:hr>166</gpxtpx:hr>
          </gpxtpx:TrackPointExtension>
        </extensions>
      </trkpt>
      <trkpt lat="28.819458374249848" lon="115.8800367714946">
        <ele>36.179783524014056</ele>
        <time>1970-01-01T00:21:34.700000Z</time>
        <extensions>
          <gpxtpx:TrackPointExtension>
            <gpxtpx:hr>166</gpxtpx:hr>
          </gpxtpx:TrackPointExtension>
        </extensions>
      </trkpt>
      <trkpt lat="28.819434362519658" lon="115.88003388256796">
        <ele>36.20279576163739</ele>
        <time>1970-01-01T00:21:35.700000Z</time>
        <extensions>
          <gpxtpx:TrackPointExtension>
            <gpxtpx:hr>166</gpxtpx:hr>
          </gpxtpx:TrackPointExtension>
        </extensions>
      </trkpt>
      <trkpt lat="28.819410668813436" lon="115.88003126189301">
        <ele>36.22949972562492</ele>
        <time>1970-01-01T00:21:36.700000Z</time>
        <extensions>
          <gpxtpx:TrackPointExtension>
            <gpxtpx:hr>166</gpxtpx:hr>
          </gpxtpx:TrackPointExtension>
        </extensions>
      </trkpt>
      <trkpt lat="28.81938735232564" lon="115.88002893593645">
        <ele>36.258012015372515</ele>
        <time>1970-01-01T00:21:37.700000Z</time>
        <extensions>
          <gpxtpx:TrackPointExtension>
            <gpxtpx:hr>166</gpxtpx:hr>
          </gpxtpx:TrackPointExtension>
        </extensions>
      </trkpt>
      <trkpt lat="28.819364639777515" lon="115.88002645142849">
        <ele>36.28654269129038</ele>
        <time>1970-01-01T00:21:38.700000Z</time>
        <extensions>
          <gpxtpx:TrackPointExtension>
            <gpxtpx:hr>166</gpxtpx:hr>
          </gpxtpx:TrackPointExtension>
        </extensions>
      </trkpt>
      <trkpt lat="28.819342552093655" lon="115.88002359645427">
        <ele>36.31329504400492</ele>
        <time>1970-01-01T00:21:39.700000Z</time>
        <extensions>
          <gpxtpx:TrackPointExtension>
            <gpxtpx:hr>166</gpxtpx:hr>
          </gpxtpx:TrackPointExtension>
        </extensions>
      </trkpt>
      <trkpt lat="28.819320735302995" lon="115.8800202740885">
        <ele>36.33626366406679</ele>
        <time>1970-01-01T00:21:40.700000Z</time>
        <extensions>
          <gpxtpx:TrackPointExtension>
            <gpxtpx:hr>166</gpxtpx:hr>
          </gpxtpx:TrackPointExtension>
        </extensions>
      </trkpt>
      <trkpt lat="28.8192986430121" lon="115.88001667223993">
        <ele>36.35330300126225</ele>
        <time>1970-01-01T00:21:41.700000Z</time>
        <extensions>
          <gpxtpx:TrackPointExtension>
            <gpxtpx:hr>167</gpxtpx:hr>
          </gpxtpx:TrackPointExtension>
        </extensions>
      </trkpt>
      <trkpt lat="28.819275184678013" lon="115.88001328552548">
        <ele>36.36279818788171</ele>
        <time>1970-01-01T00:21:42.700000Z</time>
        <extensions>
          <gpxtpx:TrackPointExtension>
            <gpxtpx:hr>167</gpxtpx:hr>
          </gpxtpx:TrackPointExtension>
        </extensions>
      </trkpt>
      <trkpt lat="28.81924937423733" lon="115.88001001255246">
        <ele>36.364542830735445</ele>
        <time>1970-01-01T00:21:43.700000Z</time>
        <extensions>
          <gpxtpx:TrackPointExtension>
            <gpxtpx:hr>167</gpxtpx:hr>
          </gpxtpx:TrackPointExtension>
        </extensions>
      </trkpt>
      <trkpt lat="28.819221906347227" lon="115.88000687775757">
        <ele>36.35991510935128</ele>
        <time>1970-01-01T00:21:44.800000Z</time>
        <extensions>
          <gpxtpx:TrackPointExtension>
            <gpxtpx:hr>167</gpxtpx:hr>
          </gpxtpx:TrackPointExtension>
        </extensions>
      </trkpt>
      <trkpt lat="28.8191946460171" lon="115.88000387942222">
        <ele>36.35169606562704</ele>
        <time>1970-01-01T00:21:45.700000Z</time>
        <extensions>
          <gpxtpx:TrackPointExtension>
            <gpxtpx:hr>167</gpxtpx:hr>
          </gpxtpx:TrackPointExtension>
        </extensions>
      </trkpt>
      <trkpt lat="28.81916846161794" lon="115.88000111209732">
        <ele>36.343024727888405</ele>
        <time>1970-01-01T00:21:46.700000Z</time>
        <extensions>
          <gpxtpx:TrackPointExtension>
            <gpxtpx:hr>167</gpxtpx:hr>
          </gpxtpx:TrackPointExtension>
        </extensions>
      </trkpt>
      <trkpt lat="28.819143004819207" lon="115.87999822186654">
        <ele>36.33693358115852</ele>
        <time>1970-01-01T00:21:47.700000Z</time>
        <extensions>
          <gpxtpx:TrackPointExtension>
            <gpxtpx:hr>167</gpxtpx:hr>
          </gpxtpx:TrackPointExtension>
        </extensions>
      </trkpt>
      <trkpt lat="28.81911813099785" lon="115.87999467817373">
        <ele>36.33525876887143</ele>
        <time>1970-01-01T00:21:48.700000Z</time>
        <extensions>
          <gpxtpx:TrackPointExtension>
            <gpxtpx:hr>167</gpxtpx:hr>
          </gpxtpx:TrackPointExtension>
        </extensions>
      </trkpt>
      <trkpt lat="28.819093307752485" lon="115.8799904052926">
        <ele>36.33840093109757</ele>
        <time>1970-01-01T00:21:49.700000Z</time>
        <extensions>
          <gpxtpx:TrackPointExtension>
            <gpxtpx:hr>167</gpxtpx:hr>
          </gpxtpx:TrackPointExtension>
        </extensions>
      </trkpt>
      <trkpt lat="28.819068048992744" lon="115.8799860121509">
        <ele>36.345720316283405</ele>
        <time>1970-01-01T00:21:50.700000Z</time>
        <extensions>
          <gpxtpx:TrackPointExtension>
            <gpxtpx:hr>167</gpxtpx:hr>
          </gpxtpx:TrackPointExtension>
        </extensions>
      </trkpt>
      <trkpt lat="28.819042335566433" lon="115.87998202713555">
        <ele>36.35669639520347</ele>
        <time>1970-01-01T00:21:51.700000Z</time>
        <extensions>
          <gpxtpx:TrackPointExtension>
            <gpxtpx:hr>167</gpxtpx:hr>
          </gpxtpx:TrackPointExtension>
        </extensions>
      </trkpt>
      <trkpt lat="28.819016214607622" lon="115.87997849142313">
        <ele>36.37051862664521</ele>
        <time>1970-01-01T00:21:52.700000Z</time>
        <extensions>
          <gpxtpx:TrackPointExtension>
            <gpxtpx:hr>167</gpxtpx:hr>
          </gpxtpx:TrackPointExtension>
        </extensions>
      </trkpt>
      <trkpt lat="28.818990055979764" lon="115.87997538698201">
        <ele>36.385884118266404</ele>
        <time>1970-01-01T00:21:53.700000Z</time>
        <extensions>
          <gpxtpx:TrackPointExtension>
            <gpxtpx:hr>168</gpxtpx:hr>
          </gpxtpx:TrackPointExtension>
        </extensions>
      </trkpt>
      <trkpt lat="28.818964464212566" lon="115.87997253754952">
        <ele>36.40099535789341</ele>
        <time>1970-01-01T00:21:54.700000Z</time>
        <extensions>
          <gpxtpx:TrackPointExtension>
            <gpxtpx:hr>168</gpxtpx:hr>
          </gpxtpx:TrackPointExtension>
        </extensions>
      </trkpt>
      <trkpt lat="28.818939553541263" lon="115.87996972657227">
        <ele>36.41440021712333</ele>
        <time>1970-01-01T00:21:55.700000Z</time>
        <extensions>
          <gpxtpx:TrackPointExtension>
            <gpxtpx:hr>168</gpxtpx:hr>
          </gpxtpx:TrackPointExtension>
        </extensions>
      </trkpt>
      <trkpt lat="28.81891525848771" lon="115.87996697054012">
        <ele>36.425106186419725</ele>
        <time>1970-01-01T00:21:56.700000Z</time>
        <extensions>
          <gpxtpx:TrackPointExtension>
            <gpxtpx:hr>168</gpxtpx:hr>
          </gpxtpx:TrackPointExtension>
        </extensions>
      </trkpt>
      <trkpt lat="28.818891641201795" lon="115.87996391332776">
        <ele>36.43276402540505</ele>
        <time>1970-01-01T00:21:57.700000Z</time>
        <extensions>
          <gpxtpx:TrackPointExtension>
            <gpxtpx:hr>168</gpxtpx:hr>
          </gpxtpx:TrackPointExtension>
        </extensions>
      </trkpt>
      <trkpt lat="28.818868586262347" lon="115.87996020629485">
        <ele>36.4376271488145</ele>
        <time>1970-01-01T00:21:58.700000Z</time>
        <extensions>
          <gpxtpx:TrackPointExtension>
            <gpxtpx:hr>165</gpxtpx:hr>
          </gpxtpx:TrackPointExtension>
        </extensions>
      </trkpt>
      <trkpt lat="28.818845998352007" lon="115.8799556390857">
        <ele>36.440463156439364</ele>
        <time>1970-01-01T00:21:59.700000Z</time>
        <extensions>
          <gpxtpx:TrackPointExtension>
            <gpxtpx:hr>165</gpxtpx:hr>
          </gpxtpx:TrackPointExtension>
        </extensions>
      </trkpt>
      <trkpt lat="28.818823793978936" lon="115.87995040902777">
        <ele>36.44158931542188</ele>
        <time>1970-01-01T00:22:00.700000Z</time>
        <extensions>
          <gpxtpx:TrackPointExtension>
            <gpxtpx:hr>165</gpxtpx:hr>
          </gpxtpx:TrackPointExtension>
        </extensions>
      </trkpt>
      <trkpt lat="28.818801568365426" lon="115.87994513992471">
        <ele>36.44107199925929</ele>
        <time>1970-01-01T00:22:01.700000Z</time>
        <extensions>
          <gpxtpx:TrackPointExtension>
            <gpxtpx:hr>165</gpxtpx:hr>
          </gpxtpx:TrackPointExtension>
        </extensions>
      </trkpt>
      <trkpt lat="28.81877853624305" lon="115.87994027954026">
        <ele>36.43880771379918</ele>
        <time>1970-01-01T00:22:02.700000Z</time>
        <extensions>
          <gpxtpx:TrackPointExtension>
            <gpxtpx:hr>165</gpxtpx:hr>
          </gpxtpx:TrackPointExtension>
        </extensions>
      </trkpt>
      <trkpt lat="28.818754501208193" lon="115.87993635997057">
        <ele>36.43492534197867</ele>
        <time>1970-01-01T00:22:03.700000Z</time>
        <extensions>
          <gpxtpx:TrackPointExtension>
            <gpxtpx:hr>165</gpxtpx:hr>
          </gpxtpx:TrackPointExtension>
        </extensions>
      </trkpt>
      <trkpt lat="28.818729902611942" lon="115.87993337651601">
        <ele>36.429831431247294</ele>
        <time>1970-01-01T00:22:04.700000Z</time>
        <extensions>
          <gpxtpx:TrackPointExtension>
            <gpxtpx:hr>165</gpxtpx:hr>
          </gpxtpx:TrackPointExtension>
        </extensions>
      </trkpt>
      <trkpt lat="28.818705093448354" lon="115.87993088678196">
        <ele>36.424557039514184</ele>
        <time>1970-01-01T00:22:05.700000Z</time>
        <extensions>
          <gpxtpx:TrackPointExtension>
            <gpxtpx:hr>165</gpxtpx:hr>
          </gpxtpx:TrackPointExtension>
        </extensions>
      </trkpt>
      <trkpt lat="28.818680140266807" lon="115.8799284397857">
        <ele>36.420496731996536</ele>
        <time>1970-01-01T00:22:06.700000Z</time>
        <extensions>
          <gpxtpx:TrackPointExtension>
            <gpxtpx:hr>165</gpxtpx:hr>
          </gpxtpx:TrackPointExtension>
        </extensions>
      </trkpt>
      <trkpt lat="28.81865520511303" lon="115.8799257412617">
        <ele>36.41913114208728</ele>
        <time>1970-01-01T00:22:07.700000Z</time>
        <extensions>
          <gpxtpx:TrackPointExtension>
            <gpxtpx:hr>165</gpxtpx:hr>
          </gpxtpx:TrackPointExtension>
        </extensions>
      </trkpt>
      <trkpt lat="28.818630243252475" lon="115.8799223904173">
        <ele>36.42165627889335</ele>
        <time>1970-01-01T00:22:08.700000Z</time>
        <extensions>
          <gpxtpx:TrackPointExtension>
            <gpxtpx:hr>165</gpxtpx:hr>
          </gpxtpx:TrackPointExtension>
        </extensions>
      </trkpt>
      <trkpt lat="28.818605449983224" lon="115.87991841926635">
        <ele>36.42877251468599</ele>
        <time>1970-01-01T00:22:09.700000Z</time>
        <extensions>
          <gpxtpx:TrackPointExtension>
            <gpxtpx:hr>165</gpxtpx:hr>
          </gpxtpx:TrackPointExtension>
        </extensions>
      </trkpt>
      <trkpt lat="28.818581320074955" lon="115.8799145368305">
        <ele>36.44050377514213</ele>
        <time>1970-01-01T00:22:10.700000Z</time>
        <extensions>
          <gpxtpx:TrackPointExtension>
            <gpxtpx:hr>165</gpxtpx:hr>
          </gpxtpx:TrackPointExtension>
        </extensions>
      </trkpt>
      <trkpt lat="28.81855801869119" lon="115.87991145903226">
        <ele>36.455907609313726</ele>
        <time>1970-01-01T00:22:11.700000Z</time>
        <extensions>
          <gpxtpx:TrackPointExtension>
            <gpxtpx:hr>165</gpxtpx:hr>
          </gpxtpx:TrackPointExtension>
        </extensions>
      </trkpt>
      <trkpt lat="28.818535247415017" lon="115.87990910668073">
        <ele>36.471510196104646</ele>
        <time>1970-01-01T00:22:12.700000Z</time>
        <extensions>
          <gpxtpx:TrackPointExtension>
            <gpxtpx:hr>164</gpxtpx:hr>
          </gpxtpx:TrackPointExtension>
        </extensions>
      </trkpt>
      <trkpt lat="28.818512524364863" lon="115.87990705420225">
        <ele>36.48892099969089</ele>
        <time>1970-01-01T00:22:13.700000Z</time>
        <extensions>
          <gpxtpx:TrackPointExtension>
            <gpxtpx:hr>164</gpxtpx:hr>
          </gpxtpx:TrackPointExtension>
        </extensions>
      </trkpt>
      <trkpt lat="28.81848963854244" lon="115.87990475872775">
        <ele>36.50517098326236</ele>
        <time>1970-01-01T00:22:14.700000Z</time>
        <extensions>
          <gpxtpx:TrackPointExtension>
            <gpxtpx:hr>164</gpxtpx:hr>
          </gpxtpx:TrackPointExtension>
        </extensions>
      </trkpt>
      <trkpt lat="28.81846636337533" lon="115.87990201675578">
        <ele>36.51934839878231</ele>
        <time>1970-01-01T00:22:15.700000Z</time>
        <extensions>
          <gpxtpx:TrackPointExtension>
            <gpxtpx:hr>164</gpxtpx:hr>
          </gpxtpx:TrackPointExtension>
        </extensions>
      </trkpt>
      <trkpt lat="28.818442461263707" lon="115.8798988501865">
        <ele>36.53099733032286</ele>
        <time>1970-01-01T00:22:16.700000Z</time>
        <extensions>
          <gpxtpx:TrackPointExtension>
            <gpxtpx:hr>165</gpxtpx:hr>
          </gpxtpx:TrackPointExtension>
        </extensions>
      </trkpt>
      <trkpt lat="28.818418231105856" lon="115.87989516232685">
        <ele>36.54006114602089</ele>
        <time>1970-01-01T00:22:17.700000Z</time>
        <extensions>
          <gpxtpx:TrackPointExtension>
            <gpxtpx:hr>165</gpxtpx:hr>
          </gpxtpx:TrackPointExtension>
        </extensions>
      </trkpt>
      <trkpt lat="28.81839383247302" lon="115.87989108049413">
        <ele>36.546718096360564</ele>
        <time>1970-01-01T00:22:18.700000Z</time>
        <extensions>
          <gpxtpx:TrackPointExtension>
            <gpxtpx:hr>165</gpxtpx:hr>
          </gpxtpx:TrackPointExtension>
        </extensions>
      </trkpt>
      <trkpt lat="28.818369108836432" lon="115.87988675619854">
        <ele>36.55135979037732</ele>
        <time>1970-01-01T00:22:19.700000Z</time>
        <extensions>
          <gpxtpx:TrackPointExtension>
            <gpxtpx:hr>165</gpxtpx:hr>
          </gpxtpx:TrackPointExtension>
        </extensions>
      </trkpt>
      <trkpt lat="28.818344440954657" lon="115.87988239090778">
        <ele>36.55484070442617</ele>
        <time>1970-01-01T00:22:20.700000Z</time>
        <extensions>
          <gpxtpx:TrackPointExtension>
            <gpxtpx:hr>165</gpxtpx:hr>
          </gpxtpx:TrackPointExtension>
        </extensions>
      </trkpt>
      <trkpt lat="28.818320195657012" lon="115.87987804762201">
        <ele>36.55846090614796</ele>
        <time>1970-01-01T00:22:21.700000Z</time>
        <extensions>
          <gpxtpx:TrackPointExtension>
            <gpxtpx:hr>166</gpxtpx:hr>
          </gpxtpx:TrackPointExtension>
        </extensions>
      </trkpt>
      <trkpt lat="28.81829334087136" lon="115.87987343882575">
        <ele>36.55885244067758</ele>
        <time>1970-01-01T00:22:22.900000Z</time>
        <extensions>
          <gpxtpx:TrackPointExtension>
            <gpxtpx:hr>166</gpxtpx:hr>
          </gpxtpx:TrackPointExtension>
        </extensions>
      </trkpt>
      <trkpt lat="28.81827358281786" lon="115.87987015230937">
        <ele>36.55666904710233</ele>
        <time>1970-01-01T00:22:23.700000Z</time>
        <extensions>
          <gpxtpx:TrackPointExtension>
            <gpxtpx:hr>166</gpxtpx:hr>
          </gpxtpx:TrackPointExtension>
        </extensions>
      </trkpt>
      <trkpt lat="28.81825056156176" lon="115.87986609921744">
        <ele>36.55326384212822</ele>
        <time>1970-01-01T00:22:24.700000Z</time>
        <extensions>
          <gpxtpx:TrackPointExtension>
            <gpxtpx:hr>166</gpxtpx:hr>
          </gpxtpx:TrackPointExtension>
        </extensions>
      </trkpt>
      <trkpt lat="28.818227356106764" lon="115.87986181138398">
        <ele>36.55117018986493</ele>
        <time>1970-01-01T00:22:25.700000Z</time>
        <extensions>
          <gpxtpx:TrackPointExtension>
            <gpxtpx:hr>166</gpxtpx:hr>
          </gpxtpx:TrackPointExtension>
        </extensions>
      </trkpt>
      <trkpt lat="28.818203796707024" lon="115.87985727651255">
        <ele>36.549336104653776</ele>
        <time>1970-01-01T00:22:26.700000Z</time>
        <extensions>
          <gpxtpx:TrackPointExtension>
            <gpxtpx:hr>166</gpxtpx:hr>
          </gpxtpx:TrackPointExtension>
        </extensions>
      </trkpt>
      <trkpt lat="28.818180195222638" lon="115.87985288813303">
        <ele>36.54706173762679</ele>
        <time>1970-01-01T00:22:27.700000Z</time>
        <extensions>
          <gpxtpx:TrackPointExtension>
            <gpxtpx:hr>166</gpxtpx:hr>
          </gpxtpx:TrackPointExtension>
        </extensions>
      </trkpt>
      <trkpt lat="28.81815687753151" lon="115.87984864159249">
        <ele>36.5439558904618</ele>
        <time>1970-01-01T00:22:28.700000Z</time>
        <extensions>
          <gpxtpx:TrackPointExtension>
            <gpxtpx:hr>166</gpxtpx:hr>
          </gpxtpx:TrackPointExtension>
        </extensions>
      </trkpt>
      <trkpt lat="28.818133637365527" lon="115.87984441786725">
        <ele>36.53950343094766</ele>
        <time>1970-01-01T00:22:29.700000Z</time>
        <extensions>
          <gpxtpx:TrackPointExtension>
            <gpxtpx:hr>166</gpxtpx:hr>
          </gpxtpx:TrackPointExtension>
        </extensions>
      </trkpt>
      <trkpt lat="28.818110519770794" lon="115.87984043456103">
        <ele>36.533548965118825</ele>
        <time>1970-01-01T00:22:30.700000Z</time>
        <extensions>
          <gpxtpx:TrackPointExtension>
            <gpxtpx:hr>166</gpxtpx:hr>
          </gpxtpx:TrackPointExtension>
        </extensions>
      </trkpt>
      <trkpt lat="28.818087871574132" lon="115.87983699983766">
        <ele>36.526712195016444</ele>
        <time>1970-01-01T00:22:31.700000Z</time>
        <extensions>
          <gpxtpx:TrackPointExtension>
            <gpxtpx:hr>165</gpxtpx:hr>
          </gpxtpx:TrackPointExtension>
        </extensions>
      </trkpt>
      <trkpt lat="28.818065368078486" lon="115.87983422684201">
        <ele>36.520468584261835</ele>
        <time>1970-01-01T00:22:32.700000Z</time>
        <extensions>
          <gpxtpx:TrackPointExtension>
            <gpxtpx:hr>165</gpxtpx:hr>
          </gpxtpx:TrackPointExtension>
        </extensions>
      </trkpt>
      <trkpt lat="28.818042773007637" lon="115.87983200936834">
        <ele>36.51647210866213</ele>
        <time>1970-01-01T00:22:33.700000Z</time>
        <extensions>
          <gpxtpx:TrackPointExtension>
            <gpxtpx:hr>165</gpxtpx:hr>
          </gpxtpx:TrackPointExtension>
        </extensions>
      </trkpt>
      <trkpt lat="28.81801978593362" lon="115.87983020288634">
        <ele>36.515838026069105</ele>
        <time>1970-01-01T00:22:34.700000Z</time>
        <extensions>
          <gpxtpx:TrackPointExtension>
            <gpxtpx:hr>165</gpxtpx:hr>
          </gpxtpx:TrackPointExtension>
        </extensions>
      </trkpt>
      <trkpt lat="28.817995768508947" lon="115.87982846959136">
        <ele>36.51881109829992</ele>
        <time>1970-01-01T00:22:35.700000Z</time>
        <extensions>
          <gpxtpx:TrackPointExtension>
            <gpxtpx:hr>165</gpxtpx:hr>
          </gpxtpx:TrackPointExtension>
        </extensions>
      </trkpt>
      <trkpt lat="28.817970606509814" lon="115.87982668266893">
        <ele>36.52470984496176</ele>
        <time>1970-01-01T00:22:36.700000Z</time>
        <extensions>
          <gpxtpx:TrackPointExtension>
            <gpxtpx:hr>165</gpxtpx:hr>
          </gpxtpx:TrackPointExtension>
        </extensions>
      </trkpt>
      <trkpt lat="28.817944479068615" lon="115.87982455263666">
        <ele>36.53190556354821</ele>
        <time>1970-01-01T00:22:37.700000Z</time>
        <extensions>
          <gpxtpx:TrackPointExtension>
            <gpxtpx:hr>165</gpxtpx:hr>
          </gpxtpx:TrackPointExtension>
        </extensions>
      </trkpt>
      <trkpt lat="28.817917797045318" lon="115.8798220077053">
        <ele>36.538581972941756</ele>
        <time>1970-01-01T00:22:38.700000Z</time>
        <extensions>
          <gpxtpx:TrackPointExtension>
            <gpxtpx:hr>166</gpxtpx:hr>
          </gpxtpx:TrackPointExtension>
        </extensions>
      </trkpt>
      <trkpt lat="28.817890964956593" lon="115.8798191698861">
        <ele>36.54358007200062</ele>
        <time>1970-01-01T00:22:39.700000Z</time>
        <extensions>
          <gpxtpx:TrackPointExtension>
            <gpxtpx:hr>166</gpxtpx:hr>
          </gpxtpx:TrackPointExtension>
        </extensions>
      </trkpt>
      <trkpt lat="28.81786429956918" lon="115.87981647069093">
        <ele>36.5465241773054</ele>
        <time>1970-01-01T00:22:40.700000Z</time>
        <extensions>
          <gpxtpx:TrackPointExtension>
            <gpxtpx:hr>166</gpxtpx:hr>
          </gpxtpx:TrackPointExtension>
        </extensions>
      </trkpt>
      <trkpt lat="28.81783858333249" lon="115.87981364146121">
        <ele>36.54743621777743</ele>
        <time>1970-01-01T00:22:41.700000Z</time>
        <extensions>
          <gpxtpx:TrackPointExtension>
            <gpxtpx:hr>166</gpxtpx:hr>
          </gpxtpx:TrackPointExtension>
        </extensions>
      </trkpt>
      <trkpt lat="28.81781458234971" lon="115.87980970592531">
        <ele>36.54627829231322</ele>
        <time>1970-01-01T00:22:42.700000Z</time>
        <extensions>
          <gpxtpx:TrackPointExtension>
            <gpxtpx:hr>166</gpxtpx:hr>
          </gpxtpx:TrackPointExtension>
        </extensions>
      </trkpt>
      <trkpt lat="28.817792182730738" lon="115.87980461308656">
        <ele>36.54309909418225</ele>
        <time>1970-01-01T00:22:43.700000Z</time>
        <extensions>
          <gpxtpx:TrackPointExtension>
            <gpxtpx:hr>166</gpxtpx:hr>
          </gpxtpx:TrackPointExtension>
        </extensions>
      </trkpt>
      <trkpt lat="28.81777061029502" lon="115.87979891166498">
        <ele>36.53811293374747</ele>
        <time>1970-01-01T00:22:44.700000Z</time>
        <extensions>
          <gpxtpx:TrackPointExtension>
            <gpxtpx:hr>166</gpxtpx:hr>
          </gpxtpx:TrackPointExtension>
        </extensions>
      </trkpt>
      <trkpt lat="28.81774873105934" lon="115.87979357894258">
        <ele>36.53172077797353</ele>
        <time>1970-01-01T00:22:45.700000Z</time>
        <extensions>
          <gpxtpx:TrackPointExtension>
            <gpxtpx:hr>166</gpxtpx:hr>
          </gpxtpx:TrackPointExtension>
        </extensions>
      </trkpt>
      <trkpt lat="28.81772595637979" lon="115.87978915931254">
        <ele>36.5243318900466</ele>
        <time>1970-01-01T00:22:46.700000Z</time>
        <extensions>
          <gpxtpx:TrackPointExtension>
            <gpxtpx:hr>166</gpxtpx:hr>
          </gpxtpx:TrackPointExtension>
        </extensions>
      </trkpt>
      <trkpt lat="28.817702441896184" lon="115.87978569567107">
        <ele>36.516785309650004</ele>
        <time>1970-01-01T00:22:47.700000Z</time>
        <extensions>
          <gpxtpx:TrackPointExtension>
            <gpxtpx:hr>166</gpxtpx:hr>
          </gpxtpx:TrackPointExtension>
        </extensions>
      </trkpt>
      <trkpt lat="28.817678745617282" lon="115.87978290360743">
        <ele>36.50987417064607</ele>
        <time>1970-01-01T00:22:48.700000Z</time>
        <extensions>
          <gpxtpx:TrackPointExtension>
            <gpxtpx:hr>165</gpxtpx:hr>
          </gpxtpx:TrackPointExtension>
        </extensions>
      </trkpt>
      <trkpt lat="28.817654987918697" lon="115.87978054030924">
        <ele>36.50409360136837</ele>
        <time>1970-01-01T00:22:49.700000Z</time>
        <extensions>
          <gpxtpx:TrackPointExtension>
            <gpxtpx:hr>165</gpxtpx:hr>
          </gpxtpx:TrackPointExtension>
        </extensions>
      </trkpt>
      <trkpt lat="28.817630933286935" lon="115.87977860510681">
        <ele>36.49961173441261</ele>
        <time>1970-01-01T00:22:50.700000Z</time>
        <extensions>
          <gpxtpx:TrackPointExtension>
            <gpxtpx:hr>165</gpxtpx:hr>
          </gpxtpx:TrackPointExtension>
        </extensions>
      </trkpt>
      <trkpt lat="28.817607179130075" lon="115.87977674145809">
        <ele>36.49651178624481</ele>
        <time>1970-01-01T00:22:51.700000Z</time>
        <extensions>
          <gpxtpx:TrackPointExtension>
            <gpxtpx:hr>165</gpxtpx:hr>
          </gpxtpx:TrackPointExtension>
        </extensions>
      </trkpt>
      <trkpt lat="28.81758391294098" lon="115.87977454146613">
        <ele>36.49512433540076</ele>
        <time>1970-01-01T00:22:52.700000Z</time>
        <extensions>
          <gpxtpx:TrackPointExtension>
            <gpxtpx:hr>165</gpxtpx:hr>
          </gpxtpx:TrackPointExtension>
        </extensions>
      </trkpt>
      <trkpt lat="28.817560755453442" lon="115.87977130912878">
        <ele>36.496057824231684</ele>
        <time>1970-01-01T00:22:53.700000Z</time>
        <extensions>
          <gpxtpx:TrackPointExtension>
            <gpxtpx:hr>165</gpxtpx:hr>
          </gpxtpx:TrackPointExtension>
        </extensions>
      </trkpt>
      <trkpt lat="28.81753764267821" lon="115.87976718380422">
        <ele>36.50006289128214</ele>
        <time>1970-01-01T00:22:54.700000Z</time>
        <extensions>
          <gpxtpx:TrackPointExtension>
            <gpxtpx:hr>165</gpxtpx:hr>
          </gpxtpx:TrackPointExtension>
        </extensions>
      </trkpt>
      <trkpt lat="28.81751500564214" lon="115.87976290683746">
        <ele>36.50735987443477</ele>
        <time>1970-01-01T00:22:55.700000Z</time>
        <extensions>
          <gpxtpx:TrackPointExtension>
            <gpxtpx:hr>165</gpxtpx:hr>
          </gpxtpx:TrackPointExtension>
        </extensions>
      </trkpt>
      <trkpt lat="28.817492908057925" lon="115.8797589796401">
        <ele>36.51757479645312</ele>
        <time>1970-01-01T00:22:56.700000Z</time>
        <extensions>
          <gpxtpx:TrackPointExtension>
            <gpxtpx:hr>165</gpxtpx:hr>
          </gpxtpx:TrackPointExtension>
        </extensions>
      </trkpt>
      <trkpt lat="28.817470974651325" lon="115.87975550329993">
        <ele>36.530304118059576</ele>
        <time>1970-01-01T00:22:57.700000Z</time>
        <extensions>
          <gpxtpx:TrackPointExtension>
            <gpxtpx:hr>165</gpxtpx:hr>
          </gpxtpx:TrackPointExtension>
        </extensions>
      </trkpt>
      <trkpt lat="28.817448821925634" lon="115.87975216580443">
        <ele>36.5450872881338</ele>
        <time>1970-01-01T00:22:58.700000Z</time>
        <extensions>
          <gpxtpx:TrackPointExtension>
            <gpxtpx:hr>165</gpxtpx:hr>
          </gpxtpx:TrackPointExtension>
        </extensions>
      </trkpt>
      <trkpt lat="28.817425824897327" lon="115.87974847637781">
        <ele>36.56153648905456</ele>
        <time>1970-01-01T00:22:59.700000Z</time>
        <extensions>
          <gpxtpx:TrackPointExtension>
            <gpxtpx:hr>165</gpxtpx:hr>
          </gpxtpx:TrackPointExtension>
        </extensions>
      </trkpt>
      <trkpt lat="28.817401609546216" lon="115.87974423021399">
        <ele>36.57868535537273</ele>
        <time>1970-01-01T00:23:00.700000Z</time>
        <extensions>
          <gpxtpx:TrackPointExtension>
            <gpxtpx:hr>165</gpxtpx:hr>
          </gpxtpx:TrackPointExtension>
        </extensions>
      </trkpt>
      <trkpt lat="28.817376710832473" lon="115.87974011097337">
        <ele>36.59559974074364</ele>
        <time>1970-01-01T00:23:01.700000Z</time>
        <extensions>
          <gpxtpx:TrackPointExtension>
            <gpxtpx:hr>166</gpxtpx:hr>
          </gpxtpx:TrackPointExtension>
        </extensions>
      </trkpt>
      <trkpt lat="28.81735172885163" lon="115.87973635767246">
        <ele>36.61150124203414</ele>
        <time>1970-01-01T00:23:02.700000Z</time>
        <extensions>
          <gpxtpx:TrackPointExtension>
            <gpxtpx:hr>166</gpxtpx:hr>
          </gpxtpx:TrackPointExtension>
        </extensions>
      </trkpt>
      <trkpt lat="28.81732696835683" lon="115.87973269412674">
        <ele>36.62593677919358</ele>
        <time>1970-01-01T00:23:03.700000Z</time>
        <extensions>
          <gpxtpx:TrackPointExtension>
            <gpxtpx:hr>166</gpxtpx:hr>
          </gpxtpx:TrackPointExtension>
        </extensions>
      </trkpt>
      <trkpt lat="28.817302232752446" lon="115.87972909238341">
        <ele>36.63905232492834</ele>
        <time>1970-01-01T00:23:04.700000Z</time>
        <extensions>
          <gpxtpx:TrackPointExtension>
            <gpxtpx:hr>166</gpxtpx:hr>
          </gpxtpx:TrackPointExtension>
        </extensions>
      </trkpt>
      <trkpt lat="28.81727707080288" lon="115.87972558225768">
        <ele>36.651100577786565</ele>
        <time>1970-01-01T00:23:05.700000Z</time>
        <extensions>
          <gpxtpx:TrackPointExtension>
            <gpxtpx:hr>164</gpxtpx:hr>
          </gpxtpx:TrackPointExtension>
        </extensions>
      </trkpt>
      <trkpt lat="28.817251368609483" lon="115.87972203589494">
        <ele>36.662053615786135</ele>
        <time>1970-01-01T00:23:06.700000Z</time>
        <extensions>
          <gpxtpx:TrackPointExtension>
            <gpxtpx:hr>164</gpxtpx:hr>
          </gpxtpx:TrackPointExtension>
        </extensions>
      </trkpt>
      <trkpt lat="28.81722513721746" lon="115.87971860456268">
        <ele>36.671304911375046</ele>
        <time>1970-01-01T00:23:07.700000Z</time>
        <extensions>
          <gpxtpx:TrackPointExtension>
            <gpxtpx:hr>164</gpxtpx:hr>
          </gpxtpx:TrackPointExtension>
        </extensions>
      </trkpt>
      <trkpt lat="28.817198303769402" lon="115.87971535365531">
        <ele>36.67793338280171</ele>
        <time>1970-01-01T00:23:08.700000Z</time>
        <extensions>
          <gpxtpx:TrackPointExtension>
            <gpxtpx:hr>164</gpxtpx:hr>
          </gpxtpx:TrackPointExtension>
        </extensions>
      </trkpt>
      <trkpt lat="28.817171653626684" lon="115.8797122700123">
        <ele>36.681090836413205</ele>
        <time>1970-01-01T00:23:09.700000Z</time>
        <extensions>
          <gpxtpx:TrackPointExtension>
            <gpxtpx:hr>163</gpxtpx:hr>
          </gpxtpx:TrackPointExtension>
        </extensions>
      </trkpt>
      <trkpt lat="28.81714600318644" lon="115.87970923150574">
        <ele>36.680753622204065</ele>
        <time>1970-01-01T00:23:10.700000Z</time>
        <extensions>
          <gpxtpx:TrackPointExtension>
            <gpxtpx:hr>163</gpxtpx:hr>
          </gpxtpx:TrackPointExtension>
        </extensions>
      </trkpt>
      <trkpt lat="28.817121364218366" lon="115.87970609934511">
        <ele>36.677470898255706</ele>
        <time>1970-01-01T00:23:11.700000Z</time>
        <extensions>
          <gpxtpx:TrackPointExtension>
            <gpxtpx:hr>163</gpxtpx:hr>
          </gpxtpx:TrackPointExtension>
        </extensions>
      </trkpt>
      <trkpt lat="28.81709723449876" lon="115.8797028460765">
        <ele>36.672000689432025</ele>
        <time>1970-01-01T00:23:12.700000Z</time>
        <extensions>
          <gpxtpx:TrackPointExtension>
            <gpxtpx:hr>163</gpxtpx:hr>
          </gpxtpx:TrackPointExtension>
        </extensions>
      </trkpt>
      <trkpt lat="28.817073142887388" lon="115.87969910902136">
        <ele>36.66511453408748</ele>
        <time>1970-01-01T00:23:13.700000Z</time>
        <extensions>
          <gpxtpx:TrackPointExtension>
            <gpxtpx:hr>163</gpxtpx:hr>
          </gpxtpx:TrackPointExtension>
        </extensions>
      </trkpt>
      <trkpt lat="28.817049103885097" lon="115.87969482604454">
        <ele>36.657762572169304</ele>
        <time>1970-01-01T00:23:14.700000Z</time>
        <extensions>
          <gpxtpx:TrackPointExtension>
            <gpxtpx:hr>163</gpxtpx:hr>
          </gpxtpx:TrackPointExtension>
        </extensions>
      </trkpt>
      <trkpt lat="28.817025170633485" lon="115.87969041304089">
        <ele>36.6512066423893</ele>
        <time>1970-01-01T00:23:15.700000Z</time>
        <extensions>
          <gpxtpx:TrackPointExtension>
            <gpxtpx:hr>162</gpxtpx:hr>
          </gpxtpx:TrackPointExtension>
        </extensions>
      </trkpt>
      <trkpt lat="28.817001817485412" lon="115.87968630664679">
        <ele>36.646732366643846</ele>
        <time>1970-01-01T00:23:16.700000Z</time>
        <extensions>
          <gpxtpx:TrackPointExtension>
            <gpxtpx:hr>162</gpxtpx:hr>
          </gpxtpx:TrackPointExtension>
        </extensions>
      </trkpt>
      <trkpt lat="28.816977849627545" lon="115.87968202766862">
        <ele>36.64519012533128</ele>
        <time>1970-01-01T00:23:17.700000Z</time>
        <extensions>
          <gpxtpx:TrackPointExtension>
            <gpxtpx:hr>162</gpxtpx:hr>
          </gpxtpx:TrackPointExtension>
        </extensions>
      </trkpt>
      <trkpt lat="28.81695231656574" lon="115.87967774642543">
        <ele>36.64646462444216</ele>
        <time>1970-01-01T00:23:18.700000Z</time>
        <extensions>
          <gpxtpx:TrackPointExtension>
            <gpxtpx:hr>162</gpxtpx:hr>
          </gpxtpx:TrackPointExtension>
        </extensions>
      </trkpt>
      <trkpt lat="28.816926140803492" lon="115.87967384041433">
        <ele>36.64960063621402</ele>
        <time>1970-01-01T00:23:19.700000Z</time>
        <extensions>
          <gpxtpx:TrackPointExtension>
            <gpxtpx:hr>162</gpxtpx:hr>
          </gpxtpx:TrackPointExtension>
        </extensions>
      </trkpt>
      <trkpt lat="28.816899651212932" lon="115.87966995551845">
        <ele>36.65373732428998</ele>
        <time>1970-01-01T00:23:20.700000Z</time>
        <extensions>
          <gpxtpx:TrackPointExtension>
            <gpxtpx:hr>162</gpxtpx:hr>
          </gpxtpx:TrackPointExtension>
        </extensions>
      </trkpt>
      <trkpt lat="28.8168726368834" lon="115.87966594151749">
        <ele>36.65810896642506</ele>
        <time>1970-01-01T00:23:21.700000Z</time>
        <extensions>
          <gpxtpx:TrackPointExtension>
            <gpxtpx:hr>162</gpxtpx:hr>
          </gpxtpx:TrackPointExtension>
        </extensions>
      </trkpt>
      <trkpt lat="28.816845154576495" lon="115.87966175620265">
        <ele>36.662185318768024</ele>
        <time>1970-01-01T00:23:22.700000Z</time>
        <extensions>
          <gpxtpx:TrackPointExtension>
            <gpxtpx:hr>162</gpxtpx:hr>
          </gpxtpx:TrackPointExtension>
        </extensions>
      </trkpt>
      <trkpt lat="28.81681750875267" lon="115.8796574747859">
        <ele>36.66526120901108</ele>
        <time>1970-01-01T00:23:23.700000Z</time>
        <extensions>
          <gpxtpx:TrackPointExtension>
            <gpxtpx:hr>162</gpxtpx:hr>
          </gpxtpx:TrackPointExtension>
        </extensions>
      </trkpt>
      <trkpt lat="28.816790344073386" lon="115.87965344526">
        <ele>36.666885330341756</ele>
        <time>1970-01-01T00:23:24.700000Z</time>
        <extensions>
          <gpxtpx:TrackPointExtension>
            <gpxtpx:hr>162</gpxtpx:hr>
          </gpxtpx:TrackPointExtension>
        </extensions>
      </trkpt>
      <trkpt lat="28.816764003288192" lon="115.87965007756662">
        <ele>36.6666852729395</ele>
        <time>1970-01-01T00:23:25.700000Z</time>
        <extensions>
          <gpxtpx:TrackPointExtension>
            <gpxtpx:hr>162</gpxtpx:hr>
          </gpxtpx:TrackPointExtension>
        </extensions>
      </trkpt>
      <trkpt lat="28.816738519768577" lon="115.87964714400513">
        <ele>36.66445168852806</ele>
        <time>1970-01-01T00:23:26.700000Z</time>
        <extensions>
          <gpxtpx:TrackPointExtension>
            <gpxtpx:hr>162</gpxtpx:hr>
          </gpxtpx:TrackPointExtension>
        </extensions>
      </trkpt>
      <trkpt lat="28.81671403661026" lon="115.87964404642028">
        <ele>36.66016788035631</ele>
        <time>1970-01-01T00:23:27.700000Z</time>
        <extensions>
          <gpxtpx:TrackPointExtension>
            <gpxtpx:hr>162</gpxtpx:hr>
          </gpxtpx:TrackPointExtension>
        </extensions>
      </trkpt>
      <trkpt lat="28.816690926395445" lon="115.8796409106419">
        <ele>36.65481568593532</ele>
        <time>1970-01-01T00:23:28.700000Z</time>
        <extensions>
          <gpxtpx:TrackPointExtension>
            <gpxtpx:hr>162</gpxtpx:hr>
          </gpxtpx:TrackPointExtension>
        </extensions>
      </trkpt>
      <trkpt lat="28.816668948233236" lon="115.87963795337873">
        <ele>36.649256236851215</ele>
        <time>1970-01-01T00:23:29.700000Z</time>
        <extensions>
          <gpxtpx:TrackPointExtension>
            <gpxtpx:hr>162</gpxtpx:hr>
          </gpxtpx:TrackPointExtension>
        </extensions>
      </trkpt>
      <trkpt lat="28.816647372014792" lon="115.879634893531">
        <ele>36.643575344234705</ele>
        <time>1970-01-01T00:23:30.700000Z</time>
        <extensions>
          <gpxtpx:TrackPointExtension>
            <gpxtpx:hr>162</gpxtpx:hr>
          </gpxtpx:TrackPointExtension>
        </extensions>
      </trkpt>
      <trkpt lat="28.816625995672332" lon="115.87963130499944">
        <ele>36.63732637092471</ele>
        <time>1970-01-01T00:23:31.700000Z</time>
        <extensions>
          <gpxtpx:TrackPointExtension>
            <gpxtpx:hr>162</gpxtpx:hr>
          </gpxtpx:TrackPointExtension>
        </extensions>
      </trkpt>
      <trkpt lat="28.81660469929989" lon="115.87962741171538">
        <ele>36.630336191505194</ele>
        <time>1970-01-01T00:23:32.700000Z</time>
        <extensions>
          <gpxtpx:TrackPointExtension>
            <gpxtpx:hr>162</gpxtpx:hr>
          </gpxtpx:TrackPointExtension>
        </extensions>
      </trkpt>
      <trkpt lat="28.816583557493836" lon="115.87962373112391">
        <ele>36.62302186246961</ele>
        <time>1970-01-01T00:23:33.700000Z</time>
        <extensions>
          <gpxtpx:TrackPointExtension>
            <gpxtpx:hr>162</gpxtpx:hr>
          </gpxtpx:TrackPointExtension>
        </extensions>
      </trkpt>
      <trkpt lat="28.816562293716594" lon="115.87962037185423">
        <ele>36.61636608093977</ele>
        <time>1970-01-01T00:23:34.700000Z</time>
        <extensions>
          <gpxtpx:TrackPointExtension>
            <gpxtpx:hr>162</gpxtpx:hr>
          </gpxtpx:TrackPointExtension>
        </extensions>
      </trkpt>
      <trkpt lat="28.81654048938545" lon="115.87961730326211">
        <ele>36.61156301014125</ele>
        <time>1970-01-01T00:23:35.700000Z</time>
        <extensions>
          <gpxtpx:TrackPointExtension>
            <gpxtpx:hr>162</gpxtpx:hr>
          </gpxtpx:TrackPointExtension>
        </extensions>
      </trkpt>
      <trkpt lat="28.816518285193524" lon="115.87961397023498">
        <ele>36.609567939303815</ele>
        <time>1970-01-01T00:23:36.700000Z</time>
        <extensions>
          <gpxtpx:TrackPointExtension>
            <gpxtpx:hr>162</gpxtpx:hr>
          </gpxtpx:TrackPointExtension>
        </extensions>
      </trkpt>
      <trkpt lat="28.816495610666568" lon="115.87961018442626">
        <ele>36.61093479953706</ele>
        <time>1970-01-01T00:23:37.700000Z</time>
        <extensions>
          <gpxtpx:TrackPointExtension>
            <gpxtpx:hr>162</gpxtpx:hr>
          </gpxtpx:TrackPointExtension>
        </extensions>
      </trkpt>
      <trkpt lat="28.81647249766059" lon="115.87960658035841">
        <ele>36.614580924622715</ele>
        <time>1970-01-01T00:23:38.700000Z</time>
        <extensions>
          <gpxtpx:TrackPointExtension>
            <gpxtpx:hr>162</gpxtpx:hr>
          </gpxtpx:TrackPointExtension>
        </extensions>
      </trkpt>
      <trkpt lat="28.816449566034514" lon="115.8796035116581">
        <ele>36.6186790894717</ele>
        <time>1970-01-01T00:23:39.700000Z</time>
        <extensions>
          <gpxtpx:TrackPointExtension>
            <gpxtpx:hr>162</gpxtpx:hr>
          </gpxtpx:TrackPointExtension>
        </extensions>
      </trkpt>
      <trkpt lat="28.816426853277658" lon="115.87960045061007">
        <ele>36.621456666849554</ele>
        <time>1970-01-01T00:23:40.700000Z</time>
        <extensions>
          <gpxtpx:TrackPointExtension>
            <gpxtpx:hr>162</gpxtpx:hr>
          </gpxtpx:TrackPointExtension>
        </extensions>
      </trkpt>
      <trkpt lat="28.81640357043054" lon="115.87959729206449">
        <ele>36.6217810343951</ele>
        <time>1970-01-01T00:23:41.700000Z</time>
        <extensions>
          <gpxtpx:TrackPointExtension>
            <gpxtpx:hr>163</gpxtpx:hr>
          </gpxtpx:TrackPointExtension>
        </extensions>
      </trkpt>
      <trkpt lat="28.816379204504603" lon="115.8795942353494">
        <ele>36.61883375234902</ele>
        <time>1970-01-01T00:23:42.700000Z</time>
        <extensions>
          <gpxtpx:TrackPointExtension>
            <gpxtpx:hr>163</gpxtpx:hr>
          </gpxtpx:TrackPointExtension>
        </extensions>
      </trkpt>
      <trkpt lat="28.81635400945752" lon="115.87959137644734">
        <ele>36.61177738849074</ele>
        <time>1970-01-01T00:23:43.700000Z</time>
        <extensions>
          <gpxtpx:TrackPointExtension>
            <gpxtpx:hr>163</gpxtpx:hr>
          </gpxtpx:TrackPointExtension>
        </extensions>
      </trkpt>
      <trkpt lat="28.81632879587039" lon="115.87958844332694">
        <ele>36.599962428212166</ele>
        <time>1970-01-01T00:23:44.700000Z</time>
        <extensions>
          <gpxtpx:TrackPointExtension>
            <gpxtpx:hr>163</gpxtpx:hr>
          </gpxtpx:TrackPointExtension>
        </extensions>
      </trkpt>
      <trkpt lat="28.81630411926683" lon="115.87958545193928">
        <ele>36.58302569016814</ele>
        <time>1970-01-01T00:23:45.700000Z</time>
        <extensions>
          <gpxtpx:TrackPointExtension>
            <gpxtpx:hr>164</gpxtpx:hr>
          </gpxtpx:TrackPointExtension>
        </extensions>
      </trkpt>
      <trkpt lat="28.81627960636366" lon="115.87958234504583">
        <ele>36.56091413460672</ele>
        <time>1970-01-01T00:23:46.700000Z</time>
        <extensions>
          <gpxtpx:TrackPointExtension>
            <gpxtpx:hr>164</gpxtpx:hr>
          </gpxtpx:TrackPointExtension>
        </extensions>
      </trkpt>
      <trkpt lat="28.816254860064905" lon="115.8795791963643">
        <ele>36.53391132038087</ele>
        <time>1970-01-01T00:23:47.700000Z</time>
        <extensions>
          <gpxtpx:TrackPointExtension>
            <gpxtpx:hr>164</gpxtpx:hr>
          </gpxtpx:TrackPointExtension>
        </extensions>
      </trkpt>
      <trkpt lat="28.81623007534223" lon="115.87957586356579">
        <ele>36.5036197938025</ele>
        <time>1970-01-01T00:23:48.700000Z</time>
        <extensions>
          <gpxtpx:TrackPointExtension>
            <gpxtpx:hr>164</gpxtpx:hr>
          </gpxtpx:TrackPointExtension>
        </extensions>
      </trkpt>
      <trkpt lat="28.816205718247932" lon="115.8795721308815">
        <ele>36.47214097902179</ele>
        <time>1970-01-01T00:23:49.700000Z</time>
        <extensions>
          <gpxtpx:TrackPointExtension>
            <gpxtpx:hr>164</gpxtpx:hr>
          </gpxtpx:TrackPointExtension>
        </extensions>
      </trkpt>
      <trkpt lat="28.816181875757795" lon="115.87956817036547">
        <ele>36.44121999386698</ele>
        <time>1970-01-01T00:23:50.700000Z</time>
        <extensions>
          <gpxtpx:TrackPointExtension>
            <gpxtpx:hr>164</gpxtpx:hr>
          </gpxtpx:TrackPointExtension>
        </extensions>
      </trkpt>
      <trkpt lat="28.816157882784257" lon="115.87956416822881">
        <ele>36.41146320197731</ele>
        <time>1970-01-01T00:23:51.700000Z</time>
        <extensions>
          <gpxtpx:TrackPointExtension>
            <gpxtpx:hr>164</gpxtpx:hr>
          </gpxtpx:TrackPointExtension>
        </extensions>
      </trkpt>
      <trkpt lat="28.816133166439876" lon="115.87956031960204">
        <ele>36.38301978446543</ele>
        <time>1970-01-01T00:23:52.700000Z</time>
        <extensions>
          <gpxtpx:TrackPointExtension>
            <gpxtpx:hr>164</gpxtpx:hr>
          </gpxtpx:TrackPointExtension>
        </extensions>
      </trkpt>
      <trkpt lat="28.81610790144582" lon="115.87955628760983">
        <ele>36.3563933679834</ele>
        <time>1970-01-01T00:23:53.700000Z</time>
        <extensions>
          <gpxtpx:TrackPointExtension>
            <gpxtpx:hr>164</gpxtpx:hr>
          </gpxtpx:TrackPointExtension>
        </extensions>
      </trkpt>
      <trkpt lat="28.81608307265645" lon="115.8795521833911">
        <ele>36.33252641186118</ele>
        <time>1970-01-01T00:23:54.700000Z</time>
        <extensions>
          <gpxtpx:TrackPointExtension>
            <gpxtpx:hr>164</gpxtpx:hr>
          </gpxtpx:TrackPointExtension>
        </extensions>
      </trkpt>
      <trkpt lat="28.816059680074517" lon="115.87954832825507">
        <ele>36.312680408358574</ele>
        <time>1970-01-01T00:23:55.700000Z</time>
        <extensions>
          <gpxtpx:TrackPointExtension>
            <gpxtpx:hr>165</gpxtpx:hr>
          </gpxtpx:TrackPointExtension>
        </extensions>
      </trkpt>
      <trkpt lat="28.816037918471107" lon="115.87954498497817">
        <ele>36.297661093994975</ele>
        <time>1970-01-01T00:23:56.700000Z</time>
        <extensions>
          <gpxtpx:TrackPointExtension>
            <gpxtpx:hr>165</gpxtpx:hr>
          </gpxtpx:TrackPointExtension>
        </extensions>
      </trkpt>
      <trkpt lat="28.816017075279902" lon="115.87954199587892">
        <ele>36.28782564308494</ele>
        <time>1970-01-01T00:23:57.700000Z</time>
        <extensions>
          <gpxtpx:TrackPointExtension>
            <gpxtpx:hr>165</gpxtpx:hr>
          </gpxtpx:TrackPointExtension>
        </extensions>
      </trkpt>
      <trkpt lat="28.815996032888304" lon="115.87953915850694">
        <ele>36.282461781054735</ele>
        <time>1970-01-01T00:23:58.700000Z</time>
        <extensions>
          <gpxtpx:TrackPointExtension>
            <gpxtpx:hr>165</gpxtpx:hr>
          </gpxtpx:TrackPointExtension>
        </extensions>
      </trkpt>
      <trkpt lat="28.815973966826412" lon="115.87953622080587">
        <ele>36.28003344964236</ele>
        <time>1970-01-01T00:23:59.700000Z</time>
        <extensions>
          <gpxtpx:TrackPointExtension>
            <gpxtpx:hr>165</gpxtpx:hr>
          </gpxtpx:TrackPointExtension>
        </extensions>
      </trkpt>
      <trkpt lat="28.815950750744953" lon="115.87953291957811">
        <ele>36.2787153813988</ele>
        <time>1970-01-01T00:24:00.700000Z</time>
        <extensions>
          <gpxtpx:TrackPointExtension>
            <gpxtpx:hr>165</gpxtpx:hr>
          </gpxtpx:TrackPointExtension>
        </extensions>
      </trkpt>
      <trkpt lat="28.815926928853184" lon="115.87952908316956">
        <ele>36.27772052958608</ele>
        <time>1970-01-01T00:24:01.700000Z</time>
        <extensions>
          <gpxtpx:TrackPointExtension>
            <gpxtpx:hr>164</gpxtpx:hr>
          </gpxtpx:TrackPointExtension>
        </extensions>
      </trkpt>
      <trkpt lat="28.815903325546742" lon="115.8795248966361">
        <ele>36.27648531552404</ele>
        <time>1970-01-01T00:24:02.700000Z</time>
        <extensions>
          <gpxtpx:TrackPointExtension>
            <gpxtpx:hr>164</gpxtpx:hr>
          </gpxtpx:TrackPointExtension>
        </extensions>
      </trkpt>
      <trkpt lat="28.81588015905532" lon="115.87952099258862">
        <ele>36.27413460705429</ele>
        <time>1970-01-01T00:24:03.700000Z</time>
        <extensions>
          <gpxtpx:TrackPointExtension>
            <gpxtpx:hr>164</gpxtpx:hr>
          </gpxtpx:TrackPointExtension>
        </extensions>
      </trkpt>
      <trkpt lat="28.815857409232322" lon="115.87951771715278">
        <ele>36.269424591213465</ele>
        <time>1970-01-01T00:24:04.700000Z</time>
        <extensions>
          <gpxtpx:TrackPointExtension>
            <gpxtpx:hr>164</gpxtpx:hr>
          </gpxtpx:TrackPointExtension>
        </extensions>
      </trkpt>
      <trkpt lat="28.815835137371028" lon="115.87951450831044">
        <ele>36.26113831438124</ele>
        <time>1970-01-01T00:24:05.700000Z</time>
        <extensions>
          <gpxtpx:TrackPointExtension>
            <gpxtpx:hr>164</gpxtpx:hr>
          </gpxtpx:TrackPointExtension>
        </extensions>
      </trkpt>
      <trkpt lat="28.81581354459311" lon="115.87951094546962">
        <ele>36.249313433654606</ele>
        <time>1970-01-01T00:24:06.700000Z</time>
        <extensions>
          <gpxtpx:TrackPointExtension>
            <gpxtpx:hr>164</gpxtpx:hr>
          </gpxtpx:TrackPointExtension>
        </extensions>
      </trkpt>
      <trkpt lat="28.815793100564612" lon="115.87950718021031">
        <ele>36.23488582111895</ele>
        <time>1970-01-01T00:24:07.700000Z</time>
        <extensions>
          <gpxtpx:TrackPointExtension>
            <gpxtpx:hr>164</gpxtpx:hr>
          </gpxtpx:TrackPointExtension>
        </extensions>
      </trkpt>
      <trkpt lat="28.815773463751093" lon="115.8795032371835">
        <ele>36.21933110244572</ele>
        <time>1970-01-01T00:24:08.700000Z</time>
        <extensions>
          <gpxtpx:TrackPointExtension>
            <gpxtpx:hr>164</gpxtpx:hr>
          </gpxtpx:TrackPointExtension>
        </extensions>
      </trkpt>
      <trkpt lat="28.815753365750115" lon="115.87949923502667">
        <ele>36.20393179822713</ele>
        <time>1970-01-01T00:24:09.700000Z</time>
        <extensions>
          <gpxtpx:TrackPointExtension>
            <gpxtpx:hr>164</gpxtpx:hr>
          </gpxtpx:TrackPointExtension>
        </extensions>
      </trkpt>
      <trkpt lat="28.81573168523027" lon="115.87949537683261">
        <ele>36.18955268710852</ele>
        <time>1970-01-01T00:24:10.700000Z</time>
        <extensions>
          <gpxtpx:TrackPointExtension>
            <gpxtpx:hr>164</gpxtpx:hr>
          </gpxtpx:TrackPointExtension>
        </extensions>
      </trkpt>
      <trkpt lat="28.815708461722895" lon="115.87949184520097">
        <ele>36.17644994612783</ele>
        <time>1970-01-01T00:24:11.700000Z</time>
        <extensions>
          <gpxtpx:TrackPointExtension>
            <gpxtpx:hr>164</gpxtpx:hr>
          </gpxtpx:TrackPointExtension>
        </extensions>
      </trkpt>
      <trkpt lat="28.815684623839584" lon="115.8794887547047">
        <ele>36.164419177919626</ele>
        <time>1970-01-01T00:24:12.700000Z</time>
        <extensions>
          <gpxtpx:TrackPointExtension>
            <gpxtpx:hr>163</gpxtpx:hr>
          </gpxtpx:TrackPointExtension>
        </extensions>
      </trkpt>
      <trkpt lat="28.815660526179876" lon="115.87948571493196">
        <ele>36.153238902799785</ele>
        <time>1970-01-01T00:24:13.700000Z</time>
        <extensions>
          <gpxtpx:TrackPointExtension>
            <gpxtpx:hr>163</gpxtpx:hr>
          </gpxtpx:TrackPointExtension>
        </extensions>
      </trkpt>
      <trkpt lat="28.815636022484053" lon="115.87948204618337">
        <ele>36.142946088686585</ele>
        <time>1970-01-01T00:24:14.700000Z</time>
        <extensions>
          <gpxtpx:TrackPointExtension>
            <gpxtpx:hr>163</gpxtpx:hr>
          </gpxtpx:TrackPointExtension>
        </extensions>
      </trkpt>
      <trkpt lat="28.815611755107835" lon="115.87947784995774">
        <ele>36.133390692994</ele>
        <time>1970-01-01T00:24:15.700000Z</time>
        <extensions>
          <gpxtpx:TrackPointExtension>
            <gpxtpx:hr>163</gpxtpx:hr>
          </gpxtpx:TrackPointExtension>
        </extensions>
      </trkpt>
      <trkpt lat="28.8155880038859" lon="115.87947333589698">
        <ele>36.12375546246767</ele>
        <time>1970-01-01T00:24:16.700000Z</time>
        <extensions>
          <gpxtpx:TrackPointExtension>
            <gpxtpx:hr>163</gpxtpx:hr>
          </gpxtpx:TrackPointExtension>
        </extensions>
      </trkpt>
      <trkpt lat="28.81556461328014" lon="115.87946855234928">
        <ele>36.11300784908235</ele>
        <time>1970-01-01T00:24:17.700000Z</time>
        <extensions>
          <gpxtpx:TrackPointExtension>
            <gpxtpx:hr>165</gpxtpx:hr>
          </gpxtpx:TrackPointExtension>
        </extensions>
      </trkpt>
      <trkpt lat="28.81554138269758" lon="115.87946347567406">
        <ele>36.10054398979992</ele>
        <time>1970-01-01T00:24:18.700000Z</time>
        <extensions>
          <gpxtpx:TrackPointExtension>
            <gpxtpx:hr>165</gpxtpx:hr>
          </gpxtpx:TrackPointExtension>
        </extensions>
      </trkpt>
      <trkpt lat="28.815517912750057" lon="115.87945803450529">
        <ele>36.08676794730127</ele>
        <time>1970-01-01T00:24:19.700000Z</time>
        <extensions>
          <gpxtpx:TrackPointExtension>
            <gpxtpx:hr>165</gpxtpx:hr>
          </gpxtpx:TrackPointExtension>
        </extensions>
      </trkpt>
      <trkpt lat="28.815493800851975" lon="115.87945249658522">
        <ele>36.07280143909156</ele>
        <time>1970-01-01T00:24:20.700000Z</time>
        <extensions>
          <gpxtpx:TrackPointExtension>
            <gpxtpx:hr>165</gpxtpx:hr>
          </gpxtpx:TrackPointExtension>
        </extensions>
      </trkpt>
      <trkpt lat="28.815468973612244" lon="115.87944733774404">
        <ele>36.05932284053415</ele>
        <time>1970-01-01T00:24:21.700000Z</time>
        <extensions>
          <gpxtpx:TrackPointExtension>
            <gpxtpx:hr>165</gpxtpx:hr>
          </gpxtpx:TrackPointExtension>
        </extensions>
      </trkpt>
      <trkpt lat="28.81544440984377" lon="115.87944228351272">
        <ele>36.0463804891333</ele>
        <time>1970-01-01T00:24:22.700000Z</time>
        <extensions>
          <gpxtpx:TrackPointExtension>
            <gpxtpx:hr>164</gpxtpx:hr>
          </gpxtpx:TrackPointExtension>
        </extensions>
      </trkpt>
      <trkpt lat="28.815421251038487" lon="115.87943667006861">
        <ele>36.03336231876165</ele>
        <time>1970-01-01T00:24:23.700000Z</time>
        <extensions>
          <gpxtpx:TrackPointExtension>
            <gpxtpx:hr>164</gpxtpx:hr>
          </gpxtpx:TrackPointExtension>
        </extensions>
      </trkpt>
      <trkpt lat="28.815399369028096" lon="115.87943021758937">
        <ele>35.99576540105045</ele>
        <time>1970-01-01T00:24:24.700000Z</time>
        <extensions>
          <gpxtpx:TrackPointExtension>
            <gpxtpx:hr>164</gpxtpx:hr>
          </gpxtpx:TrackPointExtension>
        </extensions>
      </trkpt>
      <trkpt lat="28.81537756296878" lon="115.87942332545967">
        <ele>35.961826051585376</ele>
        <time>1970-01-01T00:24:25.700000Z</time>
        <extensions>
          <gpxtpx:TrackPointExtension>
            <gpxtpx:hr>164</gpxtpx:hr>
          </gpxtpx:TrackPointExtension>
        </extensions>
      </trkpt>
      <trkpt lat="28.81535482506976" lon="115.87941665450342">
        <ele>35.92686742544174</ele>
        <time>1970-01-01T00:24:26.700000Z</time>
        <extensions>
          <gpxtpx:TrackPointExtension>
            <gpxtpx:hr>164</gpxtpx:hr>
          </gpxtpx:TrackPointExtension>
        </extensions>
      </trkpt>
      <trkpt lat="28.815331072157008" lon="115.87941046903367">
        <ele>35.89039969909936</ele>
        <time>1970-01-01T00:24:27.700000Z</time>
        <extensions>
          <gpxtpx:TrackPointExtension>
            <gpxtpx:hr>165</gpxtpx:hr>
          </gpxtpx:TrackPointExtension>
        </extensions>
      </trkpt>
      <trkpt lat="28.815306908856844" lon="115.87940490742648">
        <ele>35.852810241281986</ele>
        <time>1970-01-01T00:24:28.700000Z</time>
        <extensions>
          <gpxtpx:TrackPointExtension>
            <gpxtpx:hr>165</gpxtpx:hr>
          </gpxtpx:TrackPointExtension>
        </extensions>
      </trkpt>
      <trkpt lat="28.81528278642883" lon="115.87939977837557">
        <ele>35.8152823690325</ele>
        <time>1970-01-01T00:24:29.700000Z</time>
        <extensions>
          <gpxtpx:TrackPointExtension>
            <gpxtpx:hr>165</gpxtpx:hr>
          </gpxtpx:TrackPointExtension>
        </extensions>
      </trkpt>
      <trkpt lat="28.81525903756697" lon="115.87939482119457">
        <ele>35.78079782333225</ele>
        <time>1970-01-01T00:24:30.700000Z</time>
        <extensions>
          <gpxtpx:TrackPointExtension>
            <gpxtpx:hr>165</gpxtpx:hr>
          </gpxtpx:TrackPointExtension>
        </extensions>
      </trkpt>
      <trkpt lat="28.81523537166847" lon="115.87938967692679">
        <ele>35.75550622586161</ele>
        <time>1970-01-01T00:24:31.700000Z</time>
        <extensions>
          <gpxtpx:TrackPointExtension>
            <gpxtpx:hr>165</gpxtpx:hr>
          </gpxtpx:TrackPointExtension>
        </extensions>
      </trkpt>
      <trkpt lat="28.81521106336769" lon="115.8793837426446">
        <ele>35.749925423413515</ele>
        <time>1970-01-01T00:24:32.700000Z</time>
        <extensions>
          <gpxtpx:TrackPointExtension>
            <gpxtpx:hr>165</gpxtpx:hr>
          </gpxtpx:TrackPointExtension>
        </extensions>
      </trkpt>
      <trkpt lat="28.815185684213578" lon="115.87937739474683">
        <ele>35.779269627295434</ele>
        <time>1970-01-01T00:24:33.700000Z</time>
        <extensions>
          <gpxtpx:TrackPointExtension>
            <gpxtpx:hr>165</gpxtpx:hr>
          </gpxtpx:TrackPointExtension>
        </extensions>
      </trkpt>
      <trkpt lat="28.815103995521195" lon="115.87936210417136">
        <ele>35.94149849470705</ele>
        <time>1970-01-01T00:24:36.700000Z</time>
        <extensions>
          <gpxtpx:TrackPointExtension>
            <gpxtpx:hr>165</gpxtpx:hr>
          </gpxtpx:TrackPointExtension>
        </extensions>
      </trkpt>
      <trkpt lat="28.815076571919487" lon="115.87935782797474">
        <ele>35.97515961993486</ele>
        <time>1970-01-01T00:24:37.700000Z</time>
        <extensions>
          <gpxtpx:TrackPointExtension>
            <gpxtpx:hr>165</gpxtpx:hr>
          </gpxtpx:TrackPointExtension>
        </extensions>
      </trkpt>
      <trkpt lat="28.815051076698833" lon="115.87935307854328">
        <ele>35.97617203835398</ele>
        <time>1970-01-01T00:24:38.700000Z</time>
        <extensions>
          <gpxtpx:TrackPointExtension>
            <gpxtpx:hr>166</gpxtpx:hr>
          </gpxtpx:TrackPointExtension>
        </extensions>
      </trkpt>
      <trkpt lat="28.815026923804357" lon="115.87934811833938">
        <ele>35.95820257905871</ele>
        <time>1970-01-01T00:24:39.700000Z</time>
        <extensions>
          <gpxtpx:TrackPointExtension>
            <gpxtpx:hr>166</gpxtpx:hr>
          </gpxtpx:TrackPointExtension>
        </extensions>
      </trkpt>
      <trkpt lat="28.815003359232175" lon="115.87934327162462">
        <ele>35.93101829197258</ele>
        <time>1970-01-01T00:24:40.700000Z</time>
        <extensions>
          <gpxtpx:TrackPointExtension>
            <gpxtpx:hr>166</gpxtpx:hr>
          </gpxtpx:TrackPointExtension>
        </extensions>
      </trkpt>
      <trkpt lat="28.814979276338747" lon="115.87933869359927">
        <ele>35.90134943462908</ele>
        <time>1970-01-01T00:24:41.700000Z</time>
        <extensions>
          <gpxtpx:TrackPointExtension>
            <gpxtpx:hr>166</gpxtpx:hr>
          </gpxtpx:TrackPointExtension>
        </extensions>
      </trkpt>
      <trkpt lat="28.814953934712793" lon="115.87933444238975">
        <ele>35.873331347480416</ele>
        <time>1970-01-01T00:24:42.700000Z</time>
        <extensions>
          <gpxtpx:TrackPointExtension>
            <gpxtpx:hr>166</gpxtpx:hr>
          </gpxtpx:TrackPointExtension>
        </extensions>
      </trkpt>
      <trkpt lat="28.814928492875563" lon="115.87933025908627">
        <ele>35.854890243150294</ele>
        <time>1970-01-01T00:24:43.700000Z</time>
        <extensions>
          <gpxtpx:TrackPointExtension>
            <gpxtpx:hr>165</gpxtpx:hr>
          </gpxtpx:TrackPointExtension>
        </extensions>
      </trkpt>
      <trkpt lat="28.814904143832557" lon="115.87932585756673">
        <ele>35.847595216706395</ele>
        <time>1970-01-01T00:24:44.700000Z</time>
        <extensions>
          <gpxtpx:TrackPointExtension>
            <gpxtpx:hr>165</gpxtpx:hr>
          </gpxtpx:TrackPointExtension>
        </extensions>
      </trkpt>
      <trkpt lat="28.81488088651915" lon="115.87932152634083">
        <ele>35.84517543576658</ele>
        <time>1970-01-01T00:24:45.700000Z</time>
        <extensions>
          <gpxtpx:TrackPointExtension>
            <gpxtpx:hr>165</gpxtpx:hr>
          </gpxtpx:TrackPointExtension>
        </extensions>
      </trkpt>
      <trkpt lat="28.814858354765317" lon="115.87931721951477">
        <ele>35.84539605025202</ele>
        <time>1970-01-01T00:24:46.700000Z</time>
        <extensions>
          <gpxtpx:TrackPointExtension>
            <gpxtpx:hr>164</gpxtpx:hr>
          </gpxtpx:TrackPointExtension>
        </extensions>
      </trkpt>
      <trkpt lat="28.81483595961386" lon="115.87931247562577">
        <ele>35.846250619739294</ele>
        <time>1970-01-01T00:24:47.700000Z</time>
        <extensions>
          <gpxtpx:TrackPointExtension>
            <gpxtpx:hr>164</gpxtpx:hr>
          </gpxtpx:TrackPointExtension>
        </extensions>
      </trkpt>
      <trkpt lat="28.814813231705195" lon="115.87930717913721">
        <ele>35.845308650285006</ele>
        <time>1970-01-01T00:24:48.700000Z</time>
        <extensions>
          <gpxtpx:TrackPointExtension>
            <gpxtpx:hr>164</gpxtpx:hr>
          </gpxtpx:TrackPointExtension>
        </extensions>
      </trkpt>
      <trkpt lat="28.81479021828342" lon="115.87930191558746">
        <ele>35.83980824239552</ele>
        <time>1970-01-01T00:24:49.700000Z</time>
        <extensions>
          <gpxtpx:TrackPointExtension>
            <gpxtpx:hr>164</gpxtpx:hr>
          </gpxtpx:TrackPointExtension>
        </extensions>
      </trkpt>
      <trkpt lat="28.81476704046595" lon="115.87929738920197">
        <ele>35.826122561469674</ele>
        <time>1970-01-01T00:24:50.700000Z</time>
        <extensions>
          <gpxtpx:TrackPointExtension>
            <gpxtpx:hr>164</gpxtpx:hr>
          </gpxtpx:TrackPointExtension>
        </extensions>
      </trkpt>
      <trkpt lat="28.814743569691014" lon="115.87929367218136">
        <ele>35.79910474084318</ele>
        <time>1970-01-01T00:24:51.700000Z</time>
        <extensions>
          <gpxtpx:TrackPointExtension>
            <gpxtpx:hr>164</gpxtpx:hr>
          </gpxtpx:TrackPointExtension>
        </extensions>
      </trkpt>
      <trkpt lat="28.814719936492125" lon="115.87929016420301">
        <ele>35.751216273754835</ele>
        <time>1970-01-01T00:24:52.700000Z</time>
        <extensions>
          <gpxtpx:TrackPointExtension>
            <gpxtpx:hr>164</gpxtpx:hr>
          </gpxtpx:TrackPointExtension>
        </extensions>
      </trkpt>
      <trkpt lat="28.8147080228966" lon="115.87928833084818">
        <ele>35.725114399567246</ele>
        <time>1970-01-01T00:24:53.300000Z</time>
        <extensions>
          <gpxtpx:TrackPointExtension>
            <gpxtpx:hr>164</gpxtpx:hr>
          </gpxtpx:TrackPointExtension>
        </extensions>
      </trkpt>
      <trkpt lat="28.814696229037228" lon="115.87928648769528">
        <ele>35.69879543874413</ele>
        <time>1970-01-01T00:24:53.700000Z</time>
        <extensions>
          <gpxtpx:TrackPointExtension>
            <gpxtpx:hr>164</gpxtpx:hr>
          </gpxtpx:TrackPointExtension>
        </extensions>
      </trkpt>
      <trkpt lat="28.814672186606035" lon="115.87928261133028">
        <ele>35.657467980869114</ele>
        <time>1970-01-01T00:24:54.700000Z</time>
        <extensions>
          <gpxtpx:TrackPointExtension>
            <gpxtpx:hr>164</gpxtpx:hr>
          </gpxtpx:TrackPointExtension>
        </extensions>
      </trkpt>
      <trkpt lat="28.81464828269627" lon="115.87927848965742">
        <ele>35.63930084835738</ele>
        <time>1970-01-01T00:24:55.700000Z</time>
        <extensions>
          <gpxtpx:TrackPointExtension>
            <gpxtpx:hr>164</gpxtpx:hr>
          </gpxtpx:TrackPointExtension>
        </extensions>
      </trkpt>
      <trkpt lat="28.814625173204735" lon="115.87927410990909">
        <ele>35.63414982613176</ele>
        <time>1970-01-01T00:24:56.700000Z</time>
        <extensions>
          <gpxtpx:TrackPointExtension>
            <gpxtpx:hr>164</gpxtpx:hr>
          </gpxtpx:TrackPointExtension>
        </extensions>
      </trkpt>
      <trkpt lat="28.81460265833416" lon="115.87926967231668">
        <ele>35.63514990918338</ele>
        <time>1970-01-01T00:24:57.700000Z</time>
        <extensions>
          <gpxtpx:TrackPointExtension>
            <gpxtpx:hr>164</gpxtpx:hr>
          </gpxtpx:TrackPointExtension>
        </extensions>
      </trkpt>
      <trkpt lat="28.814580461258938" lon="115.87926522989775">
        <ele>35.638050311245024</ele>
        <time>1970-01-01T00:24:58.700000Z</time>
        <extensions>
          <gpxtpx:TrackPointExtension>
            <gpxtpx:hr>164</gpxtpx:hr>
          </gpxtpx:TrackPointExtension>
        </extensions>
      </trkpt>
      <trkpt lat="28.814558331995208" lon="115.87926086366815">
        <ele>35.64056991785765</ele>
        <time>1970-01-01T00:24:59.700000Z</time>
        <extensions>
          <gpxtpx:TrackPointExtension>
            <gpxtpx:hr>164</gpxtpx:hr>
          </gpxtpx:TrackPointExtension>
        </extensions>
      </trkpt>
      <trkpt lat="28.81453649416361" lon="115.87925695465097">
        <ele>35.6417120564729</ele>
        <time>1970-01-01T00:25:00.700000Z</time>
        <extensions>
          <gpxtpx:TrackPointExtension>
            <gpxtpx:hr>164</gpxtpx:hr>
          </gpxtpx:TrackPointExtension>
        </extensions>
      </trkpt>
      <trkpt lat="28.814515633000124" lon="115.87925368721805">
        <ele>35.64116925839335</ele>
        <time>1970-01-01T00:25:01.700000Z</time>
        <extensions>
          <gpxtpx:TrackPointExtension>
            <gpxtpx:hr>163</gpxtpx:hr>
          </gpxtpx:TrackPointExtension>
        </extensions>
      </trkpt>
      <trkpt lat="28.8144953075932" lon="115.87925058461883">
        <ele>35.63888366520405</ele>
        <time>1970-01-01T00:25:02.700000Z</time>
        <extensions>
          <gpxtpx:TrackPointExtension>
            <gpxtpx:hr>163</gpxtpx:hr>
          </gpxtpx:TrackPointExtension>
        </extensions>
      </trkpt>
      <trkpt lat="28.814474660364088" lon="115.87924670359884">
        <ele>35.6351520344615</ele>
        <time>1970-01-01T00:25:03.700000Z</time>
        <extensions>
          <gpxtpx:TrackPointExtension>
            <gpxtpx:hr>163</gpxtpx:hr>
          </gpxtpx:TrackPointExtension>
        </extensions>
      </trkpt>
      <trkpt lat="28.814453036392685" lon="115.87924169352173">
        <ele>35.630670765414834</ele>
        <time>1970-01-01T00:25:04.700000Z</time>
        <extensions>
          <gpxtpx:TrackPointExtension>
            <gpxtpx:hr>163</gpxtpx:hr>
          </gpxtpx:TrackPointExtension>
        </extensions>
      </trkpt>
      <trkpt lat="28.81443032038978" lon="115.87923622942247">
        <ele>35.62613849248737</ele>
        <time>1970-01-01T00:25:05.700000Z</time>
        <extensions>
          <gpxtpx:TrackPointExtension>
            <gpxtpx:hr>163</gpxtpx:hr>
          </gpxtpx:TrackPointExtension>
        </extensions>
      </trkpt>
      <trkpt lat="28.814407134352496" lon="115.87923120604984">
        <ele>35.62204139959067</ele>
        <time>1970-01-01T00:25:06.700000Z</time>
        <extensions>
          <gpxtpx:TrackPointExtension>
            <gpxtpx:hr>163</gpxtpx:hr>
          </gpxtpx:TrackPointExtension>
        </extensions>
      </trkpt>
      <trkpt lat="28.814384099840822" lon="115.87922689673748">
        <ele>35.61841214355081</ele>
        <time>1970-01-01T00:25:07.700000Z</time>
        <extensions>
          <gpxtpx:TrackPointExtension>
            <gpxtpx:hr>163</gpxtpx:hr>
          </gpxtpx:TrackPointExtension>
        </extensions>
      </trkpt>
      <trkpt lat="28.814361065216076" lon="115.87922312709216">
        <ele>35.61475439928472</ele>
        <time>1970-01-01T00:25:08.700000Z</time>
        <extensions>
          <gpxtpx:TrackPointExtension>
            <gpxtpx:hr>163</gpxtpx:hr>
          </gpxtpx:TrackPointExtension>
        </extensions>
      </trkpt>
      <trkpt lat="28.81433791321158" lon="115.87921978233007">
        <ele>35.61023990251124</ele>
        <time>1970-01-01T00:25:09.700000Z</time>
        <extensions>
          <gpxtpx:TrackPointExtension>
            <gpxtpx:hr>163</gpxtpx:hr>
          </gpxtpx:TrackPointExtension>
        </extensions>
      </trkpt>
      <trkpt lat="28.814314798262824" lon="115.87921677862509">
        <ele>35.604387070052326</ele>
        <time>1970-01-01T00:25:10.700000Z</time>
        <extensions>
          <gpxtpx:TrackPointExtension>
            <gpxtpx:hr>163</gpxtpx:hr>
          </gpxtpx:TrackPointExtension>
        </extensions>
      </trkpt>
      <trkpt lat="28.81429150203247" lon="115.87921398273032">
        <ele>35.58061806950718</ele>
        <time>1970-01-01T00:25:11.700000Z</time>
        <extensions>
          <gpxtpx:TrackPointExtension>
            <gpxtpx:hr>162</gpxtpx:hr>
          </gpxtpx:TrackPointExtension>
        </extensions>
      </trkpt>
      <trkpt lat="28.814267711945014" lon="115.8792113763047">
        <ele>35.571577726863325</ele>
        <time>1970-01-01T00:25:12.700000Z</time>
        <extensions>
          <gpxtpx:TrackPointExtension>
            <gpxtpx:hr>162</gpxtpx:hr>
          </gpxtpx:TrackPointExtension>
        </extensions>
      </trkpt>
      <trkpt lat="28.814243310536327" lon="115.87920912400517">
        <ele>35.549798369407654</ele>
        <time>1970-01-01T00:25:13.700000Z</time>
        <extensions>
          <gpxtpx:TrackPointExtension>
            <gpxtpx:hr>162</gpxtpx:hr>
          </gpxtpx:TrackPointExtension>
        </extensions>
      </trkpt>
      <trkpt lat="28.814218444028306" lon="115.87920706718897">
        <ele>35.545563076622784</ele>
        <time>1970-01-01T00:25:14.700000Z</time>
        <extensions>
          <gpxtpx:TrackPointExtension>
            <gpxtpx:hr>162</gpxtpx:hr>
          </gpxtpx:TrackPointExtension>
        </extensions>
      </trkpt>
      <trkpt lat="28.81419321221323" lon="115.8792045713476">
        <ele>35.57087067887187</ele>
        <time>1970-01-01T00:25:15.700000Z</time>
        <extensions>
          <gpxtpx:TrackPointExtension>
            <gpxtpx:hr>163</gpxtpx:hr>
          </gpxtpx:TrackPointExtension>
        </extensions>
      </trkpt>
      <trkpt lat="28.814167834931084" lon="115.87920124978184">
        <ele>35.63688502740115</ele>
        <time>1970-01-01T00:25:16.700000Z</time>
        <extensions>
          <gpxtpx:TrackPointExtension>
            <gpxtpx:hr>163</gpxtpx:hr>
          </gpxtpx:TrackPointExtension>
        </extensions>
      </trkpt>
      <trkpt lat="28.814142497986936" lon="115.8791970166651">
        <ele>35.76433550566435</ele>
        <time>1970-01-01T00:25:17.700000Z</time>
        <extensions>
          <gpxtpx:TrackPointExtension>
            <gpxtpx:hr>163</gpxtpx:hr>
          </gpxtpx:TrackPointExtension>
        </extensions>
      </trkpt>
      <trkpt lat="28.814117538641774" lon="115.87919212600463">
        <ele>35.966160849668086</ele>
        <time>1970-01-01T00:25:18.700000Z</time>
        <extensions>
          <gpxtpx:TrackPointExtension>
            <gpxtpx:hr>163</gpxtpx:hr>
          </gpxtpx:TrackPointExtension>
        </extensions>
      </trkpt>
      <trkpt lat="28.81409354828456" lon="115.87918714930836">
        <ele>36.25113880448043</ele>
        <time>1970-01-01T00:25:19.700000Z</time>
        <extensions>
          <gpxtpx:TrackPointExtension>
            <gpxtpx:hr>163</gpxtpx:hr>
          </gpxtpx:TrackPointExtension>
        </extensions>
      </trkpt>
      <trkpt lat="28.814070717077506" lon="115.87918240082008">
        <ele>36.621744689531624</ele>
        <time>1970-01-01T00:25:20.700000Z</time>
        <extensions>
          <gpxtpx:TrackPointExtension>
            <gpxtpx:hr>162</gpxtpx:hr>
          </gpxtpx:TrackPointExtension>
        </extensions>
      </trkpt>
      <trkpt lat="28.814048316723238" lon="115.87917800533361">
        <ele>37.07076673209667</ele>
        <time>1970-01-01T00:25:21.700000Z</time>
        <extensions>
          <gpxtpx:TrackPointExtension>
            <gpxtpx:hr>162</gpxtpx:hr>
          </gpxtpx:TrackPointExtension>
        </extensions>
      </trkpt>
      <trkpt lat="28.814025522504465" lon="115.87917412670261">
        <ele>37.598387856036425</ele>
        <time>1970-01-01T00:25:22.700000Z</time>
        <extensions>
          <gpxtpx:TrackPointExtension>
            <gpxtpx:hr>162</gpxtpx:hr>
          </gpxtpx:TrackPointExtension>
        </extensions>
      </trkpt>
      <trkpt lat="28.81364600595388" lon="115.87910687252099">
        <ele>38.969140054658055</ele>
        <time>1970-01-01T00:25:39.100000Z</time>
        <extensions>
          <gpxtpx:TrackPointExtension>
            <gpxtpx:hr>160</gpxtpx:hr>
          </gpxtpx:TrackPointExtension>
        </extensions>
      </trkpt>
      <trkpt lat="28.813631735653228" lon="115.87910408005922">
        <ele>38.68940768390894</ele>
        <time>1970-01-01T00:25:39.700000Z</time>
        <extensions>
          <gpxtpx:TrackPointExtension>
            <gpxtpx:hr>160</gpxtpx:hr>
          </gpxtpx:TrackPointExtension>
        </extensions>
      </trkpt>
      <trkpt lat="28.813607151473445" lon="115.8790995363512">
        <ele>38.169410502538085</ele>
        <time>1970-01-01T00:25:40.700000Z</time>
        <extensions>
          <gpxtpx:TrackPointExtension>
            <gpxtpx:hr>160</gpxtpx:hr>
          </gpxtpx:TrackPointExtension>
        </extensions>
      </trkpt>
      <trkpt lat="28.81358154939957" lon="115.8790948656645">
        <ele>37.602913475595415</ele>
        <time>1970-01-01T00:25:41.700000Z</time>
        <extensions>
          <gpxtpx:TrackPointExtension>
            <gpxtpx:hr>162</gpxtpx:hr>
          </gpxtpx:TrackPointExtension>
        </extensions>
      </trkpt>
      <trkpt lat="28.813555802948592" lon="115.8790897095436">
        <ele>37.060636195354164</ele>
        <time>1970-01-01T00:25:42.700000Z</time>
        <extensions>
          <gpxtpx:TrackPointExtension>
            <gpxtpx:hr>162</gpxtpx:hr>
          </gpxtpx:TrackPointExtension>
        </extensions>
      </trkpt>
      <trkpt lat="28.813530619008343" lon="115.87908390092953">
        <ele>36.589487973600626</ele>
        <time>1970-01-01T00:25:43.700000Z</time>
        <extensions>
          <gpxtpx:TrackPointExtension>
            <gpxtpx:hr>162</gpxtpx:hr>
          </gpxtpx:TrackPointExtension>
        </extensions>
      </trkpt>
      <trkpt lat="28.813506336599122" lon="115.87907773832727">
        <ele>36.20734940469265</ele>
        <time>1970-01-01T00:25:44.700000Z</time>
        <extensions>
          <gpxtpx:TrackPointExtension>
            <gpxtpx:hr>162</gpxtpx:hr>
          </gpxtpx:TrackPointExtension>
        </extensions>
      </trkpt>
      <trkpt lat="28.813482096201934" lon="115.87907187179617">
        <ele>35.914574454538524</ele>
        <time>1970-01-01T00:25:45.700000Z</time>
        <extensions>
          <gpxtpx:TrackPointExtension>
            <gpxtpx:hr>162</gpxtpx:hr>
          </gpxtpx:TrackPointExtension>
        </extensions>
      </trkpt>
      <trkpt lat="28.813456841211288" lon="115.87906668648797">
        <ele>35.70183858461678</ele>
        <time>1970-01-01T00:25:46.700000Z</time>
        <extensions>
          <gpxtpx:TrackPointExtension>
            <gpxtpx:hr>162</gpxtpx:hr>
          </gpxtpx:TrackPointExtension>
        </extensions>
      </trkpt>
      <trkpt lat="28.813431048397753" lon="115.87906213902707">
        <ele>35.55513589177281</ele>
        <time>1970-01-01T00:25:47.700000Z</time>
        <extensions>
          <gpxtpx:TrackPointExtension>
            <gpxtpx:hr>162</gpxtpx:hr>
          </gpxtpx:TrackPointExtension>
        </extensions>
      </trkpt>
      <trkpt lat="28.81340513016198" lon="115.87905813697391">
        <ele>35.4592655794695</ele>
        <time>1970-01-01T00:25:48.700000Z</time>
        <extensions>
          <gpxtpx:TrackPointExtension>
            <gpxtpx:hr>162</gpxtpx:hr>
          </gpxtpx:TrackPointExtension>
        </extensions>
      </trkpt>
      <trkpt lat="28.813379349144427" lon="115.8790542522312">
        <ele>35.39996467996389</ele>
        <time>1970-01-01T00:25:49.700000Z</time>
        <extensions>
          <gpxtpx:TrackPointExtension>
            <gpxtpx:hr>162</gpxtpx:hr>
          </gpxtpx:TrackPointExtension>
        </extensions>
      </trkpt>
      <trkpt lat="28.813354356425787" lon="115.87904975881935">
        <ele>35.3652224149555</ele>
        <time>1970-01-01T00:25:50.700000Z</time>
        <extensions>
          <gpxtpx:TrackPointExtension>
            <gpxtpx:hr>162</gpxtpx:hr>
          </gpxtpx:TrackPointExtension>
        </extensions>
      </trkpt>
      <trkpt lat="28.813330363108424" lon="115.8790443557863">
        <ele>35.34577040653676</ele>
        <time>1970-01-01T00:25:51.700000Z</time>
        <extensions>
          <gpxtpx:TrackPointExtension>
            <gpxtpx:hr>164</gpxtpx:hr>
          </gpxtpx:TrackPointExtension>
        </extensions>
      </trkpt>
      <trkpt lat="28.81330729079471" lon="115.87903823693998">
        <ele>35.33486152719706</ele>
        <time>1970-01-01T00:25:52.700000Z</time>
        <extensions>
          <gpxtpx:TrackPointExtension>
            <gpxtpx:hr>164</gpxtpx:hr>
          </gpxtpx:TrackPointExtension>
        </extensions>
      </trkpt>
      <trkpt lat="28.81328488468031" lon="115.87903164228359">
        <ele>35.328706443309784</ele>
        <time>1970-01-01T00:25:53.700000Z</time>
        <extensions>
          <gpxtpx:TrackPointExtension>
            <gpxtpx:hr>164</gpxtpx:hr>
          </gpxtpx:TrackPointExtension>
        </extensions>
      </trkpt>
      <trkpt lat="28.813262437848298" lon="115.87902477690326">
        <ele>35.3254056321457</ele>
        <time>1970-01-01T00:25:54.700000Z</time>
        <extensions>
          <gpxtpx:TrackPointExtension>
            <gpxtpx:hr>164</gpxtpx:hr>
          </gpxtpx:TrackPointExtension>
        </extensions>
      </trkpt>
      <trkpt lat="28.813239245337954" lon="115.87901770716716">
        <ele>35.32418083772063</ele>
        <time>1970-01-01T00:25:55.700000Z</time>
        <extensions>
          <gpxtpx:TrackPointExtension>
            <gpxtpx:hr>164</gpxtpx:hr>
          </gpxtpx:TrackPointExtension>
        </extensions>
      </trkpt>
      <trkpt lat="28.813215176767812" lon="115.87901056370774">
        <ele>35.324793056584895</ele>
        <time>1970-01-01T00:25:56.700000Z</time>
        <extensions>
          <gpxtpx:TrackPointExtension>
            <gpxtpx:hr>164</gpxtpx:hr>
          </gpxtpx:TrackPointExtension>
        </extensions>
      </trkpt>
      <trkpt lat="28.813189795026585" lon="115.87900394747841">
        <ele>35.32746949605644</ele>
        <time>1970-01-01T00:25:57.700000Z</time>
        <extensions>
          <gpxtpx:TrackPointExtension>
            <gpxtpx:hr>164</gpxtpx:hr>
          </gpxtpx:TrackPointExtension>
        </extensions>
      </trkpt>
      <trkpt lat="28.813163347300446" lon="115.8789979048841">
        <ele>35.332508550956845</ele>
        <time>1970-01-01T00:25:58.700000Z</time>
        <extensions>
          <gpxtpx:TrackPointExtension>
            <gpxtpx:hr>164</gpxtpx:hr>
          </gpxtpx:TrackPointExtension>
        </extensions>
      </trkpt>
      <trkpt lat="28.81313644073127" lon="115.87899194950896">
        <ele>35.34023216366768</ele>
        <time>1970-01-01T00:25:59.700000Z</time>
        <extensions>
          <gpxtpx:TrackPointExtension>
            <gpxtpx:hr>164</gpxtpx:hr>
          </gpxtpx:TrackPointExtension>
        </extensions>
      </trkpt>
      <trkpt lat="28.813109200113775" lon="115.87898562447823">
        <ele>35.35097493696958</ele>
        <time>1970-01-01T00:26:00.700000Z</time>
        <extensions>
          <gpxtpx:TrackPointExtension>
            <gpxtpx:hr>164</gpxtpx:hr>
          </gpxtpx:TrackPointExtension>
        </extensions>
      </trkpt>
      <trkpt lat="28.81308212273536" lon="115.8789788862598">
        <ele>35.365214507095516</ele>
        <time>1970-01-01T00:26:01.700000Z</time>
        <extensions>
          <gpxtpx:TrackPointExtension>
            <gpxtpx:hr>164</gpxtpx:hr>
          </gpxtpx:TrackPointExtension>
        </extensions>
      </trkpt>
      <trkpt lat="28.81305535763179" lon="115.87897223862322">
        <ele>35.383232035674155</ele>
        <time>1970-01-01T00:26:02.700000Z</time>
        <extensions>
          <gpxtpx:TrackPointExtension>
            <gpxtpx:hr>164</gpxtpx:hr>
          </gpxtpx:TrackPointExtension>
        </extensions>
      </trkpt>
      <trkpt lat="28.813029024074975" lon="115.87896595961978">
        <ele>35.40427289903164</ele>
        <time>1970-01-01T00:26:03.700000Z</time>
        <extensions>
          <gpxtpx:TrackPointExtension>
            <gpxtpx:hr>164</gpxtpx:hr>
          </gpxtpx:TrackPointExtension>
        </extensions>
      </trkpt>
      <trkpt lat="28.813003258116048" lon="115.87896008257721">
        <ele>35.42714133579284</ele>
        <time>1970-01-01T00:26:04.700000Z</time>
        <extensions>
          <gpxtpx:TrackPointExtension>
            <gpxtpx:hr>164</gpxtpx:hr>
          </gpxtpx:TrackPointExtension>
        </extensions>
      </trkpt>
      <trkpt lat="28.812977807883605" lon="115.87895460581868">
        <ele>35.45080459583551</ele>
        <time>1970-01-01T00:26:05.700000Z</time>
        <extensions>
          <gpxtpx:TrackPointExtension>
            <gpxtpx:hr>164</gpxtpx:hr>
          </gpxtpx:TrackPointExtension>
        </extensions>
      </trkpt>
      <trkpt lat="28.81295273287436" lon="115.87894912764189">
        <ele>35.4739590017125</ele>
        <time>1970-01-01T00:26:06.700000Z</time>
        <extensions>
          <gpxtpx:TrackPointExtension>
            <gpxtpx:hr>164</gpxtpx:hr>
          </gpxtpx:TrackPointExtension>
        </extensions>
      </trkpt>
      <trkpt lat="28.812928313591797" lon="115.87894343362176">
        <ele>35.4951211726293</ele>
        <time>1970-01-01T00:26:07.700000Z</time>
        <extensions>
          <gpxtpx:TrackPointExtension>
            <gpxtpx:hr>164</gpxtpx:hr>
          </gpxtpx:TrackPointExtension>
        </extensions>
      </trkpt>
      <trkpt lat="28.812904655094194" lon="115.87893760854993">
        <ele>35.51356661878526</ele>
        <time>1970-01-01T00:26:08.700000Z</time>
        <extensions>
          <gpxtpx:TrackPointExtension>
            <gpxtpx:hr>164</gpxtpx:hr>
          </gpxtpx:TrackPointExtension>
        </extensions>
      </trkpt>
      <trkpt lat="28.81288151937666" lon="115.87893164173617">
        <ele>35.52892108261585</ele>
        <time>1970-01-01T00:26:09.700000Z</time>
        <extensions>
          <gpxtpx:TrackPointExtension>
            <gpxtpx:hr>164</gpxtpx:hr>
          </gpxtpx:TrackPointExtension>
        </extensions>
      </trkpt>
      <trkpt lat="28.812858591979666" lon="115.87892606567468">
        <ele>35.54064027033746</ele>
        <time>1970-01-01T00:26:10.700000Z</time>
        <extensions>
          <gpxtpx:TrackPointExtension>
            <gpxtpx:hr>164</gpxtpx:hr>
          </gpxtpx:TrackPointExtension>
        </extensions>
      </trkpt>
      <trkpt lat="28.812835889660377" lon="115.87892128562906">
        <ele>35.54759943857789</ele>
        <time>1970-01-01T00:26:11.700000Z</time>
        <extensions>
          <gpxtpx:TrackPointExtension>
            <gpxtpx:hr>165</gpxtpx:hr>
          </gpxtpx:TrackPointExtension>
        </extensions>
      </trkpt>
      <trkpt lat="28.812813357726174" lon="115.87891713688866">
        <ele>35.54897200502455</ele>
        <time>1970-01-01T00:26:12.700000Z</time>
        <extensions>
          <gpxtpx:TrackPointExtension>
            <gpxtpx:hr>165</gpxtpx:hr>
          </gpxtpx:TrackPointExtension>
        </extensions>
      </trkpt>
      <trkpt lat="28.81279036547636" lon="115.87891294592907">
        <ele>35.544940900057554</ele>
        <time>1970-01-01T00:26:13.700000Z</time>
        <extensions>
          <gpxtpx:TrackPointExtension>
            <gpxtpx:hr>165</gpxtpx:hr>
          </gpxtpx:TrackPointExtension>
        </extensions>
      </trkpt>
      <trkpt lat="28.812766621651463" lon="115.87890801388592">
        <ele>35.53687647264451</ele>
        <time>1970-01-01T00:26:14.700000Z</time>
        <extensions>
          <gpxtpx:TrackPointExtension>
            <gpxtpx:hr>165</gpxtpx:hr>
          </gpxtpx:TrackPointExtension>
        </extensions>
      </trkpt>
      <trkpt lat="28.812742732170943" lon="115.87890227475967">
        <ele>35.52712676860392</ele>
        <time>1970-01-01T00:26:15.700000Z</time>
        <extensions>
          <gpxtpx:TrackPointExtension>
            <gpxtpx:hr>165</gpxtpx:hr>
          </gpxtpx:TrackPointExtension>
        </extensions>
      </trkpt>
      <trkpt lat="28.812718841587575" lon="115.87889594579025">
        <ele>35.51850669551641</ele>
        <time>1970-01-01T00:26:16.700000Z</time>
        <extensions>
          <gpxtpx:TrackPointExtension>
            <gpxtpx:hr>165</gpxtpx:hr>
          </gpxtpx:TrackPointExtension>
        </extensions>
      </trkpt>
      <trkpt lat="28.812694682371156" lon="115.87888916863348">
        <ele>35.513402385637164</ele>
        <time>1970-01-01T00:26:17.700000Z</time>
        <extensions>
          <gpxtpx:TrackPointExtension>
            <gpxtpx:hr>165</gpxtpx:hr>
          </gpxtpx:TrackPointExtension>
        </extensions>
      </trkpt>
      <trkpt lat="28.8126702186709" lon="115.878882344662">
        <ele>35.51288262195885</ele>
        <time>1970-01-01T00:26:18.700000Z</time>
        <extensions>
          <gpxtpx:TrackPointExtension>
            <gpxtpx:hr>165</gpxtpx:hr>
          </gpxtpx:TrackPointExtension>
        </extensions>
      </trkpt>
      <trkpt lat="28.81264611345067" lon="115.87887568514817">
        <ele>35.51674020010978</ele>
        <time>1970-01-01T00:26:19.700000Z</time>
        <extensions>
          <gpxtpx:TrackPointExtension>
            <gpxtpx:hr>164</gpxtpx:hr>
          </gpxtpx:TrackPointExtension>
        </extensions>
      </trkpt>
      <trkpt lat="28.8126230595234" lon="115.87886884815954">
        <ele>35.524151703342795</ele>
        <time>1970-01-01T00:26:20.700000Z</time>
        <extensions>
          <gpxtpx:TrackPointExtension>
            <gpxtpx:hr>164</gpxtpx:hr>
          </gpxtpx:TrackPointExtension>
        </extensions>
      </trkpt>
      <trkpt lat="28.812600804147504" lon="115.87886174958058">
        <ele>35.53458634857088</ele>
        <time>1970-01-01T00:26:21.700000Z</time>
        <extensions>
          <gpxtpx:TrackPointExtension>
            <gpxtpx:hr>164</gpxtpx:hr>
          </gpxtpx:TrackPointExtension>
        </extensions>
      </trkpt>
      <trkpt lat="28.81257886270214" lon="115.87885430705795">
        <ele>35.54779131151736</ele>
        <time>1970-01-01T00:26:22.700000Z</time>
        <extensions>
          <gpxtpx:TrackPointExtension>
            <gpxtpx:hr>164</gpxtpx:hr>
          </gpxtpx:TrackPointExtension>
        </extensions>
      </trkpt>
      <trkpt lat="28.812556566067485" lon="115.87884628331177">
        <ele>35.56341386213899</ele>
        <time>1970-01-01T00:26:23.700000Z</time>
        <extensions>
          <gpxtpx:TrackPointExtension>
            <gpxtpx:hr>164</gpxtpx:hr>
          </gpxtpx:TrackPointExtension>
        </extensions>
      </trkpt>
      <trkpt lat="28.812533559567882" lon="115.87883794115113">
        <ele>35.58052937872708</ele>
        <time>1970-01-01T00:26:24.700000Z</time>
        <extensions>
          <gpxtpx:TrackPointExtension>
            <gpxtpx:hr>164</gpxtpx:hr>
          </gpxtpx:TrackPointExtension>
        </extensions>
      </trkpt>
      <trkpt lat="28.812510429705952" lon="115.87882967835012">
        <ele>35.59805974084884</ele>
        <time>1970-01-01T00:26:25.700000Z</time>
        <extensions>
          <gpxtpx:TrackPointExtension>
            <gpxtpx:hr>164</gpxtpx:hr>
          </gpxtpx:TrackPointExtension>
        </extensions>
      </trkpt>
      <trkpt lat="28.81248759915168" lon="115.87882167324277">
        <ele>35.61526362411678</ele>
        <time>1970-01-01T00:26:26.700000Z</time>
        <extensions>
          <gpxtpx:TrackPointExtension>
            <gpxtpx:hr>163</gpxtpx:hr>
          </gpxtpx:TrackPointExtension>
        </extensions>
      </trkpt>
      <trkpt lat="28.812465064283597" lon="115.8788138053156">
        <ele>35.631538258865476</ele>
        <time>1970-01-01T00:26:27.700000Z</time>
        <extensions>
          <gpxtpx:TrackPointExtension>
            <gpxtpx:hr>163</gpxtpx:hr>
          </gpxtpx:TrackPointExtension>
        </extensions>
      </trkpt>
      <trkpt lat="28.81244249509975" lon="115.87880602342092">
        <ele>35.646329822950065</ele>
        <time>1970-01-01T00:26:28.700000Z</time>
        <extensions>
          <gpxtpx:TrackPointExtension>
            <gpxtpx:hr>163</gpxtpx:hr>
          </gpxtpx:TrackPointExtension>
        </extensions>
      </trkpt>
      <trkpt lat="28.812419755057164" lon="115.87879871620714">
        <ele>35.658999116159976</ele>
        <time>1970-01-01T00:26:29.700000Z</time>
        <extensions>
          <gpxtpx:TrackPointExtension>
            <gpxtpx:hr>163</gpxtpx:hr>
          </gpxtpx:TrackPointExtension>
        </extensions>
      </trkpt>
      <trkpt lat="28.81239696984816" lon="115.87879225874379">
        <ele>35.668555008247495</ele>
        <time>1970-01-01T00:26:30.700000Z</time>
        <extensions>
          <gpxtpx:TrackPointExtension>
            <gpxtpx:hr>163</gpxtpx:hr>
          </gpxtpx:TrackPointExtension>
        </extensions>
      </trkpt>
      <trkpt lat="28.812374630404662" lon="115.87878679859388">
        <ele>35.67434299457818</ele>
        <time>1970-01-01T00:26:31.700000Z</time>
        <extensions>
          <gpxtpx:TrackPointExtension>
            <gpxtpx:hr>163</gpxtpx:hr>
          </gpxtpx:TrackPointExtension>
        </extensions>
      </trkpt>
      <trkpt lat="28.81235348536268" lon="115.87878193661531">
        <ele>35.67617363575846</ele>
        <time>1970-01-01T00:26:32.700000Z</time>
        <extensions>
          <gpxtpx:TrackPointExtension>
            <gpxtpx:hr>163</gpxtpx:hr>
          </gpxtpx:TrackPointExtension>
        </extensions>
      </trkpt>
      <trkpt lat="28.812333135713565" lon="115.87877747256609">
        <ele>35.67462496086955</ele>
        <time>1970-01-01T00:26:33.700000Z</time>
        <extensions>
          <gpxtpx:TrackPointExtension>
            <gpxtpx:hr>163</gpxtpx:hr>
          </gpxtpx:TrackPointExtension>
        </extensions>
      </trkpt>
      <trkpt lat="28.812312812161895" lon="115.87877336630713">
        <ele>35.67119969893247</ele>
        <time>1970-01-01T00:26:34.700000Z</time>
        <extensions>
          <gpxtpx:TrackPointExtension>
            <gpxtpx:hr>163</gpxtpx:hr>
          </gpxtpx:TrackPointExtension>
        </extensions>
      </trkpt>
      <trkpt lat="28.812291840735668" lon="115.878769425411">
        <ele>35.66816083993763</ele>
        <time>1970-01-01T00:26:35.700000Z</time>
        <extensions>
          <gpxtpx:TrackPointExtension>
            <gpxtpx:hr>163</gpxtpx:hr>
          </gpxtpx:TrackPointExtension>
        </extensions>
      </trkpt>
      <trkpt lat="28.812269892608132" lon="115.87876561677227">
        <ele>35.66713558323681</ele>
        <time>1970-01-01T00:26:36.700000Z</time>
        <extensions>
          <gpxtpx:TrackPointExtension>
            <gpxtpx:hr>163</gpxtpx:hr>
          </gpxtpx:TrackPointExtension>
        </extensions>
      </trkpt>
      <trkpt lat="28.812247205817247" lon="115.87876200417412">
        <ele>35.669034607708454</ele>
        <time>1970-01-01T00:26:37.700000Z</time>
        <extensions>
          <gpxtpx:TrackPointExtension>
            <gpxtpx:hr>163</gpxtpx:hr>
          </gpxtpx:TrackPointExtension>
        </extensions>
      </trkpt>
      <trkpt lat="28.812223723030815" lon="115.87875877290291">
        <ele>35.674095660448074</ele>
        <time>1970-01-01T00:26:38.700000Z</time>
        <extensions>
          <gpxtpx:TrackPointExtension>
            <gpxtpx:hr>163</gpxtpx:hr>
          </gpxtpx:TrackPointExtension>
        </extensions>
      </trkpt>
      <trkpt lat="28.812199297379095" lon="115.87875577133052">
        <ele>35.68329897057265</ele>
        <time>1970-01-01T00:26:39.700000Z</time>
        <extensions>
          <gpxtpx:TrackPointExtension>
            <gpxtpx:hr>163</gpxtpx:hr>
          </gpxtpx:TrackPointExtension>
        </extensions>
      </trkpt>
      <trkpt lat="28.812174314329432" lon="115.87875255618361">
        <ele>35.69718611612916</ele>
        <time>1970-01-01T00:26:40.700000Z</time>
        <extensions>
          <gpxtpx:TrackPointExtension>
            <gpxtpx:hr>163</gpxtpx:hr>
          </gpxtpx:TrackPointExtension>
        </extensions>
      </trkpt>
      <trkpt lat="28.81214941754565" lon="115.8787486913143">
        <ele>35.71509408019483</ele>
        <time>1970-01-01T00:26:41.700000Z</time>
        <extensions>
          <gpxtpx:TrackPointExtension>
            <gpxtpx:hr>163</gpxtpx:hr>
          </gpxtpx:TrackPointExtension>
        </extensions>
      </trkpt>
      <trkpt lat="28.8121257246331" lon="115.87874383775093">
        <ele>35.73522396199405</ele>
        <time>1970-01-01T00:26:42.700000Z</time>
        <extensions>
          <gpxtpx:TrackPointExtension>
            <gpxtpx:hr>165</gpxtpx:hr>
          </gpxtpx:TrackPointExtension>
        </extensions>
      </trkpt>
      <trkpt lat="28.812104245060784" lon="115.87873785023386">
        <ele>35.75534627493471</ele>
        <time>1970-01-01T00:26:43.700000Z</time>
        <extensions>
          <gpxtpx:TrackPointExtension>
            <gpxtpx:hr>165</gpxtpx:hr>
          </gpxtpx:TrackPointExtension>
        </extensions>
      </trkpt>
      <trkpt lat="28.812084737497045" lon="115.8787306958136">
        <ele>35.77376040443778</ele>
        <time>1970-01-01T00:26:44.700000Z</time>
        <extensions>
          <gpxtpx:TrackPointExtension>
            <gpxtpx:hr>165</gpxtpx:hr>
          </gpxtpx:TrackPointExtension>
        </extensions>
      </trkpt>
      <trkpt lat="28.81206575753173" lon="115.8787230694768">
        <ele>35.78958527650684</ele>
        <time>1970-01-01T00:26:45.700000Z</time>
        <extensions>
          <gpxtpx:TrackPointExtension>
            <gpxtpx:hr>165</gpxtpx:hr>
          </gpxtpx:TrackPointExtension>
        </extensions>
      </trkpt>
      <trkpt lat="28.812045865545624" lon="115.8787158587705">
        <ele>35.80313970986754</ele>
        <time>1970-01-01T00:26:46.700000Z</time>
        <extensions>
          <gpxtpx:TrackPointExtension>
            <gpxtpx:hr>165</gpxtpx:hr>
          </gpxtpx:TrackPointExtension>
        </extensions>
      </trkpt>
      <trkpt lat="28.812024412525723" lon="115.8787093228357">
        <ele>35.81550125591457</ele>
        <time>1970-01-01T00:26:47.700000Z</time>
        <extensions>
          <gpxtpx:TrackPointExtension>
            <gpxtpx:hr>165</gpxtpx:hr>
          </gpxtpx:TrackPointExtension>
        </extensions>
      </trkpt>
      <trkpt lat="28.81200156729738" lon="115.87870331482122">
        <ele>35.82743682898581</ele>
        <time>1970-01-01T00:26:48.700000Z</time>
        <extensions>
          <gpxtpx:TrackPointExtension>
            <gpxtpx:hr>165</gpxtpx:hr>
          </gpxtpx:TrackPointExtension>
        </extensions>
      </trkpt>
      <trkpt lat="28.81197785593724" lon="115.87869718111696">
        <ele>35.838696208782494</ele>
        <time>1970-01-01T00:26:49.700000Z</time>
        <extensions>
          <gpxtpx:TrackPointExtension>
            <gpxtpx:hr>165</gpxtpx:hr>
          </gpxtpx:TrackPointExtension>
        </extensions>
      </trkpt>
      <trkpt lat="28.811953814407193" lon="115.87869016297849">
        <ele>35.848597831092775</ele>
        <time>1970-01-01T00:26:50.700000Z</time>
        <extensions>
          <gpxtpx:TrackPointExtension>
            <gpxtpx:hr>165</gpxtpx:hr>
          </gpxtpx:TrackPointExtension>
        </extensions>
      </trkpt>
      <trkpt lat="28.811929873994355" lon="115.87868163080775">
        <ele>35.856892762705684</ele>
        <time>1970-01-01T00:26:51.700000Z</time>
        <extensions>
          <gpxtpx:TrackPointExtension>
            <gpxtpx:hr>165</gpxtpx:hr>
          </gpxtpx:TrackPointExtension>
        </extensions>
      </trkpt>
      <trkpt lat="28.811906205460946" lon="115.87867194167083">
        <ele>35.86400302313268</ele>
        <time>1970-01-01T00:26:52.700000Z</time>
        <extensions>
          <gpxtpx:TrackPointExtension>
            <gpxtpx:hr>165</gpxtpx:hr>
          </gpxtpx:TrackPointExtension>
        </extensions>
      </trkpt>
      <trkpt lat="28.81188316250266" lon="115.87866176987342">
        <ele>35.87060898449272</ele>
        <time>1970-01-01T00:26:53.700000Z</time>
        <extensions>
          <gpxtpx:TrackPointExtension>
            <gpxtpx:hr>165</gpxtpx:hr>
          </gpxtpx:TrackPointExtension>
        </extensions>
      </trkpt>
      <trkpt lat="28.81186098907983" lon="115.87865198957985">
        <ele>35.877181810326874</ele>
        <time>1970-01-01T00:26:54.700000Z</time>
        <extensions>
          <gpxtpx:TrackPointExtension>
            <gpxtpx:hr>165</gpxtpx:hr>
          </gpxtpx:TrackPointExtension>
        </extensions>
      </trkpt>
      <trkpt lat="28.811839349303764" lon="115.87864313093286">
        <ele>35.88393365126103</ele>
        <time>1970-01-01T00:26:55.700000Z</time>
        <extensions>
          <gpxtpx:TrackPointExtension>
            <gpxtpx:hr>165</gpxtpx:hr>
          </gpxtpx:TrackPointExtension>
        </extensions>
      </trkpt>
      <trkpt lat="28.811817699782495" lon="115.87863490248213">
        <ele>35.89089952223003</ele>
        <time>1970-01-01T00:26:56.700000Z</time>
        <extensions>
          <gpxtpx:TrackPointExtension>
            <gpxtpx:hr>165</gpxtpx:hr>
          </gpxtpx:TrackPointExtension>
        </extensions>
      </trkpt>
      <trkpt lat="28.811795779981285" lon="115.87862687692075">
        <ele>35.898057501763105</ele>
        <time>1970-01-01T00:26:57.700000Z</time>
        <extensions>
          <gpxtpx:TrackPointExtension>
            <gpxtpx:hr>169</gpxtpx:hr>
          </gpxtpx:TrackPointExtension>
        </extensions>
      </trkpt>
      <trkpt lat="28.81177399791859" lon="115.87861888894851">
        <ele>35.90532580576837</ele>
        <time>1970-01-01T00:26:58.700000Z</time>
        <extensions>
          <gpxtpx:TrackPointExtension>
            <gpxtpx:hr>169</gpxtpx:hr>
          </gpxtpx:TrackPointExtension>
        </extensions>
      </trkpt>
      <trkpt lat="28.811753307266333" lon="115.87861074247967">
        <ele>35.9127600537613</ele>
        <time>1970-01-01T00:26:59.700000Z</time>
        <extensions>
          <gpxtpx:TrackPointExtension>
            <gpxtpx:hr>169</gpxtpx:hr>
          </gpxtpx:TrackPointExtension>
        </extensions>
      </trkpt>
      <trkpt lat="28.811733506973578" lon="115.87860239537389">
        <ele>35.920486819930375</ele>
        <time>1970-01-01T00:27:00.700000Z</time>
        <extensions>
          <gpxtpx:TrackPointExtension>
            <gpxtpx:hr>169</gpxtpx:hr>
          </gpxtpx:TrackPointExtension>
        </extensions>
      </trkpt>
      <trkpt lat="28.811713345939708" lon="115.87859395793008">
        <ele>35.92861246690154</ele>
        <time>1970-01-01T00:27:01.700000Z</time>
        <extensions>
          <gpxtpx:TrackPointExtension>
            <gpxtpx:hr>169</gpxtpx:hr>
          </gpxtpx:TrackPointExtension>
        </extensions>
      </trkpt>
      <trkpt lat="28.811692441485885" lon="115.87858494483201">
        <ele>35.93727271351963</ele>
        <time>1970-01-01T00:27:02.700000Z</time>
        <extensions>
          <gpxtpx:TrackPointExtension>
            <gpxtpx:hr>169</gpxtpx:hr>
          </gpxtpx:TrackPointExtension>
        </extensions>
      </trkpt>
      <trkpt lat="28.81167136667529" lon="115.8785752672563">
        <ele>35.946755638346076</ele>
        <time>1970-01-01T00:27:03.700000Z</time>
        <extensions>
          <gpxtpx:TrackPointExtension>
            <gpxtpx:hr>169</gpxtpx:hr>
          </gpxtpx:TrackPointExtension>
        </extensions>
      </trkpt>
      <trkpt lat="28.811650347279706" lon="115.8785653590183">
        <ele>35.95728026703</ele>
        <time>1970-01-01T00:27:04.700000Z</time>
        <extensions>
          <gpxtpx:TrackPointExtension>
            <gpxtpx:hr>169</gpxtpx:hr>
          </gpxtpx:TrackPointExtension>
        </extensions>
      </trkpt>
      <trkpt lat="28.811629279189237" lon="115.87855601467592">
        <ele>35.96897316724062</ele>
        <time>1970-01-01T00:27:05.700000Z</time>
        <extensions>
          <gpxtpx:TrackPointExtension>
            <gpxtpx:hr>169</gpxtpx:hr>
          </gpxtpx:TrackPointExtension>
        </extensions>
      </trkpt>
      <trkpt lat="28.811608346956994" lon="115.87854726401447">
        <ele>35.981782738119364</ele>
        <time>1970-01-01T00:27:06.700000Z</time>
        <extensions>
          <gpxtpx:TrackPointExtension>
            <gpxtpx:hr>169</gpxtpx:hr>
          </gpxtpx:TrackPointExtension>
        </extensions>
      </trkpt>
      <trkpt lat="28.811587749250126" lon="115.87853878032854">
        <ele>35.99590870644897</ele>
        <time>1970-01-01T00:27:07.700000Z</time>
        <extensions>
          <gpxtpx:TrackPointExtension>
            <gpxtpx:hr>169</gpxtpx:hr>
          </gpxtpx:TrackPointExtension>
        </extensions>
      </trkpt>
      <trkpt lat="28.811566862952315" lon="115.87853059996105">
        <ele>36.01143084280193</ele>
        <time>1970-01-01T00:27:08.700000Z</time>
        <extensions>
          <gpxtpx:TrackPointExtension>
            <gpxtpx:hr>169</gpxtpx:hr>
          </gpxtpx:TrackPointExtension>
        </extensions>
      </trkpt>
      <trkpt lat="28.811545284446506" lon="115.8785226214357">
        <ele>36.02814216632396</ele>
        <time>1970-01-01T00:27:09.700000Z</time>
        <extensions>
          <gpxtpx:TrackPointExtension>
            <gpxtpx:hr>169</gpxtpx:hr>
          </gpxtpx:TrackPointExtension>
        </extensions>
      </trkpt>
      <trkpt lat="28.81152437236195" lon="115.87851468646947">
        <ele>36.045556970871985</ele>
        <time>1970-01-01T00:27:10.700000Z</time>
        <extensions>
          <gpxtpx:TrackPointExtension>
            <gpxtpx:hr>169</gpxtpx:hr>
          </gpxtpx:TrackPointExtension>
        </extensions>
      </trkpt>
      <trkpt lat="28.811505605010545" lon="115.87850630579584">
        <ele>36.06296007614583</ele>
        <time>1970-01-01T00:27:11.700000Z</time>
        <extensions>
          <gpxtpx:TrackPointExtension>
            <gpxtpx:hr>169</gpxtpx:hr>
          </gpxtpx:TrackPointExtension>
        </extensions>
      </trkpt>
      <trkpt lat="28.811488698461446" lon="115.87849788325354">
        <ele>36.07854824047536</ele>
        <time>1970-01-01T00:27:12.700000Z</time>
        <extensions>
          <gpxtpx:TrackPointExtension>
            <gpxtpx:hr>169</gpxtpx:hr>
          </gpxtpx:TrackPointExtension>
        </extensions>
      </trkpt>
      <trkpt lat="28.811470932663035" lon="115.87848991463152">
        <ele>36.09540356229991</ele>
        <time>1970-01-01T00:27:13.700000Z</time>
        <extensions>
          <gpxtpx:TrackPointExtension>
            <gpxtpx:hr>169</gpxtpx:hr>
          </gpxtpx:TrackPointExtension>
        </extensions>
      </trkpt>
      <trkpt lat="28.811449376536746" lon="115.87848245183758">
        <ele>36.11247760243714</ele>
        <time>1970-01-01T00:27:14.700000Z</time>
        <extensions>
          <gpxtpx:TrackPointExtension>
            <gpxtpx:hr>169</gpxtpx:hr>
          </gpxtpx:TrackPointExtension>
        </extensions>
      </trkpt>
      <trkpt lat="28.811424096518984" lon="115.87847535921976">
        <ele>36.13022639695555</ele>
        <time>1970-01-01T00:27:15.700000Z</time>
        <extensions>
          <gpxtpx:TrackPointExtension>
            <gpxtpx:hr>169</gpxtpx:hr>
          </gpxtpx:TrackPointExtension>
        </extensions>
      </trkpt>
      <trkpt lat="28.811397369533257" lon="115.8784681695314">
        <ele>36.1489921156317</ele>
        <time>1970-01-01T00:27:16.700000Z</time>
        <extensions>
          <gpxtpx:TrackPointExtension>
            <gpxtpx:hr>169</gpxtpx:hr>
          </gpxtpx:TrackPointExtension>
        </extensions>
      </trkpt>
      <trkpt lat="28.81137053394071" lon="115.87846054222426">
        <ele>36.16893562953919</ele>
        <time>1970-01-01T00:27:17.700000Z</time>
        <extensions>
          <gpxtpx:TrackPointExtension>
            <gpxtpx:hr>169</gpxtpx:hr>
          </gpxtpx:TrackPointExtension>
        </extensions>
      </trkpt>
      <trkpt lat="28.811343753858356" lon="115.8784521669022">
        <ele>36.19017798267305</ele>
        <time>1970-01-01T00:27:18.700000Z</time>
        <extensions>
          <gpxtpx:TrackPointExtension>
            <gpxtpx:hr>169</gpxtpx:hr>
          </gpxtpx:TrackPointExtension>
        </extensions>
      </trkpt>
      <trkpt lat="28.81131726883936" lon="115.8784428917828">
        <ele>36.212893401272595</ele>
        <time>1970-01-01T00:27:19.700000Z</time>
        <extensions>
          <gpxtpx:TrackPointExtension>
            <gpxtpx:hr>169</gpxtpx:hr>
          </gpxtpx:TrackPointExtension>
        </extensions>
      </trkpt>
      <trkpt lat="28.811291580777716" lon="115.87843269351454">
        <ele>36.23692620173097</ele>
        <time>1970-01-01T00:27:20.700000Z</time>
        <extensions>
          <gpxtpx:TrackPointExtension>
            <gpxtpx:hr>169</gpxtpx:hr>
          </gpxtpx:TrackPointExtension>
        </extensions>
      </trkpt>
      <trkpt lat="28.811267420215312" lon="115.8784216572308">
        <ele>36.26195600628853</ele>
        <time>1970-01-01T00:27:21.700000Z</time>
        <extensions>
          <gpxtpx:TrackPointExtension>
            <gpxtpx:hr>168</gpxtpx:hr>
          </gpxtpx:TrackPointExtension>
        </extensions>
      </trkpt>
      <trkpt lat="28.8112418255841" lon="115.8784086229789">
        <ele>36.28586501348764</ele>
        <time>1970-01-01T00:27:22.900000Z</time>
        <extensions>
          <gpxtpx:TrackPointExtension>
            <gpxtpx:hr>168</gpxtpx:hr>
          </gpxtpx:TrackPointExtension>
        </extensions>
      </trkpt>
      <trkpt lat="28.811221717620082" lon="115.87839839719922">
        <ele>36.30052399728447</ele>
        <time>1970-01-01T00:27:23.700000Z</time>
        <extensions>
          <gpxtpx:TrackPointExtension>
            <gpxtpx:hr>168</gpxtpx:hr>
          </gpxtpx:TrackPointExtension>
        </extensions>
      </trkpt>
      <trkpt lat="28.811199339570145" lon="115.878387685428">
        <ele>36.31248236447573</ele>
        <time>1970-01-01T00:27:24.700000Z</time>
        <extensions>
          <gpxtpx:TrackPointExtension>
            <gpxtpx:hr>168</gpxtpx:hr>
          </gpxtpx:TrackPointExtension>
        </extensions>
      </trkpt>
      <trkpt lat="28.811177765493305" lon="115.87837774128673">
        <ele>36.321515777148306</ele>
        <time>1970-01-01T00:27:25.700000Z</time>
        <extensions>
          <gpxtpx:TrackPointExtension>
            <gpxtpx:hr>168</gpxtpx:hr>
          </gpxtpx:TrackPointExtension>
        </extensions>
      </trkpt>
      <trkpt lat="28.811156943204917" lon="115.87836844702525">
        <ele>36.327813152223825</ele>
        <time>1970-01-01T00:27:26.700000Z</time>
        <extensions>
          <gpxtpx:TrackPointExtension>
            <gpxtpx:hr>168</gpxtpx:hr>
          </gpxtpx:TrackPointExtension>
        </extensions>
      </trkpt>
      <trkpt lat="28.811135235499773" lon="115.87835911269715">
        <ele>36.33137702662498</ele>
        <time>1970-01-01T00:27:27.700000Z</time>
        <extensions>
          <gpxtpx:TrackPointExtension>
            <gpxtpx:hr>168</gpxtpx:hr>
          </gpxtpx:TrackPointExtension>
        </extensions>
      </trkpt>
      <trkpt lat="28.81111095064044" lon="115.87834934000497">
        <ele>36.332461141981184</ele>
        <time>1970-01-01T00:27:28.700000Z</time>
        <extensions>
          <gpxtpx:TrackPointExtension>
            <gpxtpx:hr>168</gpxtpx:hr>
          </gpxtpx:TrackPointExtension>
        </extensions>
      </trkpt>
      <trkpt lat="28.81108383812523" lon="115.87833932001882">
        <ele>36.3320746133104</ele>
        <time>1970-01-01T00:27:29.700000Z</time>
        <extensions>
          <gpxtpx:TrackPointExtension>
            <gpxtpx:hr>168</gpxtpx:hr>
          </gpxtpx:TrackPointExtension>
        </extensions>
      </trkpt>
      <trkpt lat="28.81105503568246" lon="115.87832934660933">
        <ele>36.332188663072884</ele>
        <time>1970-01-01T00:27:30.700000Z</time>
        <extensions>
          <gpxtpx:TrackPointExtension>
            <gpxtpx:hr>168</gpxtpx:hr>
          </gpxtpx:TrackPointExtension>
        </extensions>
      </trkpt>
      <trkpt lat="28.81102654256107" lon="115.87832018128084">
        <ele>36.33532288018614</ele>
        <time>1970-01-01T00:27:31.700000Z</time>
        <extensions>
          <gpxtpx:TrackPointExtension>
            <gpxtpx:hr>168</gpxtpx:hr>
          </gpxtpx:TrackPointExtension>
        </extensions>
      </trkpt>
      <trkpt lat="28.810999288348988" lon="115.87831267055293">
        <ele>36.34361978713423</ele>
        <time>1970-01-01T00:27:32.700000Z</time>
        <extensions>
          <gpxtpx:TrackPointExtension>
            <gpxtpx:hr>168</gpxtpx:hr>
          </gpxtpx:TrackPointExtension>
        </extensions>
      </trkpt>
      <trkpt lat="28.81097324246202" lon="115.87830677114138">
        <ele>36.35818988084793</ele>
        <time>1970-01-01T00:27:33.700000Z</time>
        <extensions>
          <gpxtpx:TrackPointExtension>
            <gpxtpx:hr>168</gpxtpx:hr>
          </gpxtpx:TrackPointExtension>
        </extensions>
      </trkpt>
      <trkpt lat="28.810947965386028" lon="115.87830132937063">
        <ele>36.37845779210329</ele>
        <time>1970-01-01T00:27:34.700000Z</time>
        <extensions>
          <gpxtpx:TrackPointExtension>
            <gpxtpx:hr>168</gpxtpx:hr>
          </gpxtpx:TrackPointExtension>
        </extensions>
      </trkpt>
      <trkpt lat="28.810923133046373" lon="115.87829463921831">
        <ele>36.40281585790217</ele>
        <time>1970-01-01T00:27:35.700000Z</time>
        <extensions>
          <gpxtpx:TrackPointExtension>
            <gpxtpx:hr>168</gpxtpx:hr>
          </gpxtpx:TrackPointExtension>
        </extensions>
      </trkpt>
      <trkpt lat="28.810899945693212" lon="115.87828598560591">
        <ele>36.429110997356474</ele>
        <time>1970-01-01T00:27:36.700000Z</time>
        <extensions>
          <gpxtpx:TrackPointExtension>
            <gpxtpx:hr>168</gpxtpx:hr>
          </gpxtpx:TrackPointExtension>
        </extensions>
      </trkpt>
      <trkpt lat="28.810878465995604" lon="115.87827630878473">
        <ele>36.45555078331381</ele>
        <time>1970-01-01T00:27:37.700000Z</time>
        <extensions>
          <gpxtpx:TrackPointExtension>
            <gpxtpx:hr>168</gpxtpx:hr>
          </gpxtpx:TrackPointExtension>
        </extensions>
      </trkpt>
      <trkpt lat="28.81085697576754" lon="115.87826621055316">
        <ele>36.48094587959349</ele>
        <time>1970-01-01T00:27:38.700000Z</time>
        <extensions>
          <gpxtpx:TrackPointExtension>
            <gpxtpx:hr>168</gpxtpx:hr>
          </gpxtpx:TrackPointExtension>
        </extensions>
      </trkpt>
      <trkpt lat="28.810833851041675" lon="115.87825537599919">
        <ele>36.504535185173154</ele>
        <time>1970-01-01T00:27:39.700000Z</time>
        <extensions>
          <gpxtpx:TrackPointExtension>
            <gpxtpx:hr>168</gpxtpx:hr>
          </gpxtpx:TrackPointExtension>
        </extensions>
      </trkpt>
      <trkpt lat="28.810808590635318" lon="115.87824382557444">
        <ele>36.52605691365898</ele>
        <time>1970-01-01T00:27:40.700000Z</time>
        <extensions>
          <gpxtpx:TrackPointExtension>
            <gpxtpx:hr>168</gpxtpx:hr>
          </gpxtpx:TrackPointExtension>
        </extensions>
      </trkpt>
      <trkpt lat="28.81078237628997" lon="115.8782323036799">
        <ele>36.5457949899137</ele>
        <time>1970-01-01T00:27:41.700000Z</time>
        <extensions>
          <gpxtpx:TrackPointExtension>
            <gpxtpx:hr>168</gpxtpx:hr>
          </gpxtpx:TrackPointExtension>
        </extensions>
      </trkpt>
      <trkpt lat="28.810756422291654" lon="115.87822153349171">
        <ele>36.56449137348682</ele>
        <time>1970-01-01T00:27:42.700000Z</time>
        <extensions>
          <gpxtpx:TrackPointExtension>
            <gpxtpx:hr>168</gpxtpx:hr>
          </gpxtpx:TrackPointExtension>
        </extensions>
      </trkpt>
      <trkpt lat="28.81073146459627" lon="115.87821144749415">
        <ele>36.58288924023509</ele>
        <time>1970-01-01T00:27:43.700000Z</time>
        <extensions>
          <gpxtpx:TrackPointExtension>
            <gpxtpx:hr>168</gpxtpx:hr>
          </gpxtpx:TrackPointExtension>
        </extensions>
      </trkpt>
      <trkpt lat="28.810707814610982" lon="115.87820139902277">
        <ele>36.60142859257758</ele>
        <time>1970-01-01T00:27:44.700000Z</time>
        <extensions>
          <gpxtpx:TrackPointExtension>
            <gpxtpx:hr>168</gpxtpx:hr>
          </gpxtpx:TrackPointExtension>
        </extensions>
      </trkpt>
      <trkpt lat="28.810685293201907" lon="115.87819126567547">
        <ele>36.62015352677554</ele>
        <time>1970-01-01T00:27:45.700000Z</time>
        <extensions>
          <gpxtpx:TrackPointExtension>
            <gpxtpx:hr>168</gpxtpx:hr>
          </gpxtpx:TrackPointExtension>
        </extensions>
      </trkpt>
      <trkpt lat="28.810664023578884" lon="115.87818146731212">
        <ele>36.63869256339967</ele>
        <time>1970-01-01T00:27:46.700000Z</time>
        <extensions>
          <gpxtpx:TrackPointExtension>
            <gpxtpx:hr>168</gpxtpx:hr>
          </gpxtpx:TrackPointExtension>
        </extensions>
      </trkpt>
      <trkpt lat="28.810644219974765" lon="115.87817194686937">
        <ele>36.656530116684735</ele>
        <time>1970-01-01T00:27:47.700000Z</time>
        <extensions>
          <gpxtpx:TrackPointExtension>
            <gpxtpx:hr>168</gpxtpx:hr>
          </gpxtpx:TrackPointExtension>
        </extensions>
      </trkpt>
      <trkpt lat="28.810625131729765" lon="115.87816242463097">
        <ele>36.67316672485322</ele>
        <time>1970-01-01T00:27:48.700000Z</time>
        <extensions>
          <gpxtpx:TrackPointExtension>
            <gpxtpx:hr>168</gpxtpx:hr>
          </gpxtpx:TrackPointExtension>
        </extensions>
      </trkpt>
      <trkpt lat="28.810605829952106" lon="115.87815292047635">
        <ele>36.68793600331992</ele>
        <time>1970-01-01T00:27:49.700000Z</time>
        <extensions>
          <gpxtpx:TrackPointExtension>
            <gpxtpx:hr>168</gpxtpx:hr>
          </gpxtpx:TrackPointExtension>
        </extensions>
      </trkpt>
      <trkpt lat="28.81058623966395" lon="115.87814310237766">
        <ele>36.700397244654596</ele>
        <time>1970-01-01T00:27:50.700000Z</time>
        <extensions>
          <gpxtpx:TrackPointExtension>
            <gpxtpx:hr>168</gpxtpx:hr>
          </gpxtpx:TrackPointExtension>
        </extensions>
      </trkpt>
      <trkpt lat="28.81056667488539" lon="115.87813244204948">
        <ele>36.710446674376726</ele>
        <time>1970-01-01T00:27:51.700000Z</time>
        <extensions>
          <gpxtpx:TrackPointExtension>
            <gpxtpx:hr>167</gpxtpx:hr>
          </gpxtpx:TrackPointExtension>
        </extensions>
      </trkpt>
      <trkpt lat="28.810547065303098" lon="115.87812091992377">
        <ele>36.718540739268064</ele>
        <time>1970-01-01T00:27:52.700000Z</time>
        <extensions>
          <gpxtpx:TrackPointExtension>
            <gpxtpx:hr>167</gpxtpx:hr>
          </gpxtpx:TrackPointExtension>
        </extensions>
      </trkpt>
      <trkpt lat="28.810527276962503" lon="115.87810905934852">
        <ele>36.72556483279914</ele>
        <time>1970-01-01T00:27:53.700000Z</time>
        <extensions>
          <gpxtpx:TrackPointExtension>
            <gpxtpx:hr>167</gpxtpx:hr>
          </gpxtpx:TrackPointExtension>
        </extensions>
      </trkpt>
      <trkpt lat="28.810507374329486" lon="115.8780973531378">
        <ele>36.73262229375541</ele>
        <time>1970-01-01T00:27:54.700000Z</time>
        <extensions>
          <gpxtpx:TrackPointExtension>
            <gpxtpx:hr>167</gpxtpx:hr>
          </gpxtpx:TrackPointExtension>
        </extensions>
      </trkpt>
      <trkpt lat="28.810487226088362" lon="115.87808605034316">
        <ele>36.740823653526604</ele>
        <time>1970-01-01T00:27:55.700000Z</time>
        <extensions>
          <gpxtpx:TrackPointExtension>
            <gpxtpx:hr>167</gpxtpx:hr>
          </gpxtpx:TrackPointExtension>
        </extensions>
      </trkpt>
      <trkpt lat="28.810466743647616" lon="115.87807526876878">
        <ele>36.751145366579294</ele>
        <time>1970-01-01T00:27:56.700000Z</time>
        <extensions>
          <gpxtpx:TrackPointExtension>
            <gpxtpx:hr>167</gpxtpx:hr>
          </gpxtpx:TrackPointExtension>
        </extensions>
      </trkpt>
      <trkpt lat="28.810446225153772" lon="115.87806468523404">
        <ele>36.76438662596047</ele>
        <time>1970-01-01T00:27:57.700000Z</time>
        <extensions>
          <gpxtpx:TrackPointExtension>
            <gpxtpx:hr>167</gpxtpx:hr>
          </gpxtpx:TrackPointExtension>
        </extensions>
      </trkpt>
      <trkpt lat="28.81042599473964" lon="115.87805367322339">
        <ele>36.78091806266457</ele>
        <time>1970-01-01T00:27:58.700000Z</time>
        <extensions>
          <gpxtpx:TrackPointExtension>
            <gpxtpx:hr>167</gpxtpx:hr>
          </gpxtpx:TrackPointExtension>
        </extensions>
      </trkpt>
      <trkpt lat="28.810406009349006" lon="115.87804165957886">
        <ele>36.800827643834054</ele>
        <time>1970-01-01T00:27:59.700000Z</time>
        <extensions>
          <gpxtpx:TrackPointExtension>
            <gpxtpx:hr>167</gpxtpx:hr>
          </gpxtpx:TrackPointExtension>
        </extensions>
      </trkpt>
      <trkpt lat="28.810386093522954" lon="115.8780287406285">
        <ele>36.82362587470561</ele>
        <time>1970-01-01T00:28:00.700000Z</time>
        <extensions>
          <gpxtpx:TrackPointExtension>
            <gpxtpx:hr>167</gpxtpx:hr>
          </gpxtpx:TrackPointExtension>
        </extensions>
      </trkpt>
      <trkpt lat="28.81036608684621" lon="115.87801572617782">
        <ele>36.84836805053055</ele>
        <time>1970-01-01T00:28:01.700000Z</time>
        <extensions>
          <gpxtpx:TrackPointExtension>
            <gpxtpx:hr>167</gpxtpx:hr>
          </gpxtpx:TrackPointExtension>
        </extensions>
      </trkpt>
      <trkpt lat="28.810345361916383" lon="115.8780031636139">
        <ele>36.87384840846062</ele>
        <time>1970-01-01T00:28:02.700000Z</time>
        <extensions>
          <gpxtpx:TrackPointExtension>
            <gpxtpx:hr>167</gpxtpx:hr>
          </gpxtpx:TrackPointExtension>
        </extensions>
      </trkpt>
      <trkpt lat="28.810323453439068" lon="115.8779909672616">
        <ele>36.899405332282186</ele>
        <time>1970-01-01T00:28:03.700000Z</time>
        <extensions>
          <gpxtpx:TrackPointExtension>
            <gpxtpx:hr>167</gpxtpx:hr>
          </gpxtpx:TrackPointExtension>
        </extensions>
      </trkpt>
      <trkpt lat="28.81030047163222" lon="115.87797883064522">
        <ele>36.92448429390788</ele>
        <time>1970-01-01T00:28:04.700000Z</time>
        <extensions>
          <gpxtpx:TrackPointExtension>
            <gpxtpx:hr>167</gpxtpx:hr>
          </gpxtpx:TrackPointExtension>
        </extensions>
      </trkpt>
      <trkpt lat="28.810276713006587" lon="115.8779668405667">
        <ele>36.94845012295991</ele>
        <time>1970-01-01T00:28:05.700000Z</time>
        <extensions>
          <gpxtpx:TrackPointExtension>
            <gpxtpx:hr>167</gpxtpx:hr>
          </gpxtpx:TrackPointExtension>
        </extensions>
      </trkpt>
      <trkpt lat="28.810252879588855" lon="115.8779553810127">
        <ele>36.97058320324868</ele>
        <time>1970-01-01T00:28:06.700000Z</time>
        <extensions>
          <gpxtpx:TrackPointExtension>
            <gpxtpx:hr>168</gpxtpx:hr>
          </gpxtpx:TrackPointExtension>
        </extensions>
      </trkpt>
      <trkpt lat="28.810229279078122" lon="115.87794433111678">
        <ele>36.99027983378619</ele>
        <time>1970-01-01T00:28:07.700000Z</time>
        <extensions>
          <gpxtpx:TrackPointExtension>
            <gpxtpx:hr>168</gpxtpx:hr>
          </gpxtpx:TrackPointExtension>
        </extensions>
      </trkpt>
      <trkpt lat="28.810205804572107" lon="115.87793302047018">
        <ele>37.00751197896898</ele>
        <time>1970-01-01T00:28:08.700000Z</time>
        <extensions>
          <gpxtpx:TrackPointExtension>
            <gpxtpx:hr>168</gpxtpx:hr>
          </gpxtpx:TrackPointExtension>
        </extensions>
      </trkpt>
      <trkpt lat="28.81018254316109" lon="115.87792119819616">
        <ele>37.022760077379644</ele>
        <time>1970-01-01T00:28:09.700000Z</time>
        <extensions>
          <gpxtpx:TrackPointExtension>
            <gpxtpx:hr>168</gpxtpx:hr>
          </gpxtpx:TrackPointExtension>
        </extensions>
      </trkpt>
      <trkpt lat="28.810159861554734" lon="115.87790933520746">
        <ele>37.03688688296825</ele>
        <time>1970-01-01T00:28:10.700000Z</time>
        <extensions>
          <gpxtpx:TrackPointExtension>
            <gpxtpx:hr>168</gpxtpx:hr>
          </gpxtpx:TrackPointExtension>
        </extensions>
      </trkpt>
      <trkpt lat="28.810138194516174" lon="115.87789756157648">
        <ele>37.050756520591676</ele>
        <time>1970-01-01T00:28:11.700000Z</time>
        <extensions>
          <gpxtpx:TrackPointExtension>
            <gpxtpx:hr>168</gpxtpx:hr>
          </gpxtpx:TrackPointExtension>
        </extensions>
      </trkpt>
      <trkpt lat="28.810117143045755" lon="115.87788543253934">
        <ele>37.06482782308012</ele>
        <time>1970-01-01T00:28:12.700000Z</time>
        <extensions>
          <gpxtpx:TrackPointExtension>
            <gpxtpx:hr>168</gpxtpx:hr>
          </gpxtpx:TrackPointExtension>
        </extensions>
      </trkpt>
      <trkpt lat="28.810095883908694" lon="115.8778731320142">
        <ele>37.07935475278646</ele>
        <time>1970-01-01T00:28:13.700000Z</time>
        <extensions>
          <gpxtpx:TrackPointExtension>
            <gpxtpx:hr>168</gpxtpx:hr>
          </gpxtpx:TrackPointExtension>
        </extensions>
      </trkpt>
      <trkpt lat="28.810074533182927" lon="115.87786091104822">
        <ele>37.09438356477767</ele>
        <time>1970-01-01T00:28:14.700000Z</time>
        <extensions>
          <gpxtpx:TrackPointExtension>
            <gpxtpx:hr>168</gpxtpx:hr>
          </gpxtpx:TrackPointExtension>
        </extensions>
      </trkpt>
      <trkpt lat="28.810053677802063" lon="115.87784817448043">
        <ele>37.109970460645854</ele>
        <time>1970-01-01T00:28:15.700000Z</time>
        <extensions>
          <gpxtpx:TrackPointExtension>
            <gpxtpx:hr>168</gpxtpx:hr>
          </gpxtpx:TrackPointExtension>
        </extensions>
      </trkpt>
      <trkpt lat="28.810033349848" lon="115.87783478462602">
        <ele>37.12599782925099</ele>
        <time>1970-01-01T00:28:16.700000Z</time>
        <extensions>
          <gpxtpx:TrackPointExtension>
            <gpxtpx:hr>167</gpxtpx:hr>
          </gpxtpx:TrackPointExtension>
        </extensions>
      </trkpt>
      <trkpt lat="28.81001305493508" lon="115.8778212081084">
        <ele>37.14223080035299</ele>
        <time>1970-01-01T00:28:17.700000Z</time>
        <extensions>
          <gpxtpx:TrackPointExtension>
            <gpxtpx:hr>167</gpxtpx:hr>
          </gpxtpx:TrackPointExtension>
        </extensions>
      </trkpt>
      <trkpt lat="28.809992696403267" lon="115.87780803017874">
        <ele>37.1584738381207</ele>
        <time>1970-01-01T00:28:18.700000Z</time>
        <extensions>
          <gpxtpx:TrackPointExtension>
            <gpxtpx:hr>167</gpxtpx:hr>
          </gpxtpx:TrackPointExtension>
        </extensions>
      </trkpt>
      <trkpt lat="28.809972607098562" lon="115.87779604603985">
        <ele>37.17459630873054</ele>
        <time>1970-01-01T00:28:19.700000Z</time>
        <extensions>
          <gpxtpx:TrackPointExtension>
            <gpxtpx:hr>167</gpxtpx:hr>
          </gpxtpx:TrackPointExtension>
        </extensions>
      </trkpt>
      <trkpt lat="28.809952198784696" lon="115.87778538196052">
        <ele>37.19065642915666</ele>
        <time>1970-01-01T00:28:20.700000Z</time>
        <extensions>
          <gpxtpx:TrackPointExtension>
            <gpxtpx:hr>167</gpxtpx:hr>
          </gpxtpx:TrackPointExtension>
        </extensions>
      </trkpt>
      <trkpt lat="28.809931367348298" lon="115.87777506962468">
        <ele>37.20685585401952</ele>
        <time>1970-01-01T00:28:21.700000Z</time>
        <extensions>
          <gpxtpx:TrackPointExtension>
            <gpxtpx:hr>166</gpxtpx:hr>
          </gpxtpx:TrackPointExtension>
        </extensions>
      </trkpt>
      <trkpt lat="28.80991077907355" lon="115.877763587788">
        <ele>37.22340866085142</ele>
        <time>1970-01-01T00:28:22.700000Z</time>
        <extensions>
          <gpxtpx:TrackPointExtension>
            <gpxtpx:hr>166</gpxtpx:hr>
          </gpxtpx:TrackPointExtension>
        </extensions>
      </trkpt>
      <trkpt lat="28.809890829396437" lon="115.8777503865179">
        <ele>37.24010779988021</ele>
        <time>1970-01-01T00:28:23.700000Z</time>
        <extensions>
          <gpxtpx:TrackPointExtension>
            <gpxtpx:hr>166</gpxtpx:hr>
          </gpxtpx:TrackPointExtension>
        </extensions>
      </trkpt>
      <trkpt lat="28.80987136043448" lon="115.8777364506732">
        <ele>37.256499188020825</ele>
        <time>1970-01-01T00:28:24.700000Z</time>
        <extensions>
          <gpxtpx:TrackPointExtension>
            <gpxtpx:hr>166</gpxtpx:hr>
          </gpxtpx:TrackPointExtension>
        </extensions>
      </trkpt>
      <trkpt lat="28.80985173358759" lon="115.87772282441475">
        <ele>37.27219618484378</ele>
        <time>1970-01-01T00:28:25.700000Z</time>
        <extensions>
          <gpxtpx:TrackPointExtension>
            <gpxtpx:hr>166</gpxtpx:hr>
          </gpxtpx:TrackPointExtension>
        </extensions>
      </trkpt>
      <trkpt lat="28.8098316801641" lon="115.87771028247943">
        <ele>37.28736192639917</ele>
        <time>1970-01-01T00:28:26.700000Z</time>
        <extensions>
          <gpxtpx:TrackPointExtension>
            <gpxtpx:hr>166</gpxtpx:hr>
          </gpxtpx:TrackPointExtension>
        </extensions>
      </trkpt>
      <trkpt lat="28.8098111059917" lon="115.87769926808758">
        <ele>37.30226725246757</ele>
        <time>1970-01-01T00:28:27.700000Z</time>
        <extensions>
          <gpxtpx:TrackPointExtension>
            <gpxtpx:hr>167</gpxtpx:hr>
          </gpxtpx:TrackPointExtension>
        </extensions>
      </trkpt>
      <trkpt lat="28.809789826826858" lon="115.8776895962611">
        <ele>37.31693087052554</ele>
        <time>1970-01-01T00:28:28.700000Z</time>
        <extensions>
          <gpxtpx:TrackPointExtension>
            <gpxtpx:hr>167</gpxtpx:hr>
          </gpxtpx:TrackPointExtension>
        </extensions>
      </trkpt>
      <trkpt lat="28.80976764172803" lon="115.87768146680082">
        <ele>37.331089588813484</ele>
        <time>1970-01-01T00:28:29.700000Z</time>
        <extensions>
          <gpxtpx:TrackPointExtension>
            <gpxtpx:hr>167</gpxtpx:hr>
          </gpxtpx:TrackPointExtension>
        </extensions>
      </trkpt>
      <trkpt lat="28.809745147134347" lon="115.87767449264072">
        <ele>37.344395448453724</ele>
        <time>1970-01-01T00:28:30.700000Z</time>
        <extensions>
          <gpxtpx:TrackPointExtension>
            <gpxtpx:hr>167</gpxtpx:hr>
          </gpxtpx:TrackPointExtension>
        </extensions>
      </trkpt>
      <trkpt lat="28.809722992303854" lon="115.87766769194332">
        <ele>37.35662433784455</ele>
        <time>1970-01-01T00:28:31.700000Z</time>
        <extensions>
          <gpxtpx:TrackPointExtension>
            <gpxtpx:hr>167</gpxtpx:hr>
          </gpxtpx:TrackPointExtension>
        </extensions>
      </trkpt>
      <trkpt lat="28.80970086521323" lon="115.87766113658809">
        <ele>37.36775252968073</ele>
        <time>1970-01-01T00:28:32.700000Z</time>
        <extensions>
          <gpxtpx:TrackPointExtension>
            <gpxtpx:hr>168</gpxtpx:hr>
          </gpxtpx:TrackPointExtension>
        </extensions>
      </trkpt>
      <trkpt lat="28.809679016965134" lon="115.87765548629537">
        <ele>37.37806110177189</ele>
        <time>1970-01-01T00:28:33.700000Z</time>
        <extensions>
          <gpxtpx:TrackPointExtension>
            <gpxtpx:hr>168</gpxtpx:hr>
          </gpxtpx:TrackPointExtension>
        </extensions>
      </trkpt>
      <trkpt lat="28.809657725969796" lon="115.87765040222538">
        <ele>37.38802546542138</ele>
        <time>1970-01-01T00:28:34.700000Z</time>
        <extensions>
          <gpxtpx:TrackPointExtension>
            <gpxtpx:hr>168</gpxtpx:hr>
          </gpxtpx:TrackPointExtension>
        </extensions>
      </trkpt>
      <trkpt lat="28.809635616789134" lon="115.8776443319527">
        <ele>37.397969278506935</ele>
        <time>1970-01-01T00:28:35.700000Z</time>
        <extensions>
          <gpxtpx:TrackPointExtension>
            <gpxtpx:hr>168</gpxtpx:hr>
          </gpxtpx:TrackPointExtension>
        </extensions>
      </trkpt>
      <trkpt lat="28.80961169608185" lon="115.87763622205085">
        <ele>37.4079763982445</ele>
        <time>1970-01-01T00:28:36.700000Z</time>
        <extensions>
          <gpxtpx:TrackPointExtension>
            <gpxtpx:hr>168</gpxtpx:hr>
          </gpxtpx:TrackPointExtension>
        </extensions>
      </trkpt>
      <trkpt lat="28.809586730637168" lon="115.87762640212715">
        <ele>37.41800835169852</ele>
        <time>1970-01-01T00:28:37.700000Z</time>
        <extensions>
          <gpxtpx:TrackPointExtension>
            <gpxtpx:hr>168</gpxtpx:hr>
          </gpxtpx:TrackPointExtension>
        </extensions>
      </trkpt>
      <trkpt lat="28.809562030996098" lon="115.87761576262078">
        <ele>37.42811258044094</ele>
        <time>1970-01-01T00:28:38.700000Z</time>
        <extensions>
          <gpxtpx:TrackPointExtension>
            <gpxtpx:hr>168</gpxtpx:hr>
          </gpxtpx:TrackPointExtension>
        </extensions>
      </trkpt>
      <trkpt lat="28.809538567519898" lon="115.87760522012232">
        <ele>37.43846365530044</ele>
        <time>1970-01-01T00:28:39.700000Z</time>
        <extensions>
          <gpxtpx:TrackPointExtension>
            <gpxtpx:hr>168</gpxtpx:hr>
          </gpxtpx:TrackPointExtension>
        </extensions>
      </trkpt>
      <trkpt lat="28.80951601923728" lon="115.8775951155378">
        <ele>37.4494504397735</ele>
        <time>1970-01-01T00:28:40.700000Z</time>
        <extensions>
          <gpxtpx:TrackPointExtension>
            <gpxtpx:hr>168</gpxtpx:hr>
          </gpxtpx:TrackPointExtension>
        </extensions>
      </trkpt>
      <trkpt lat="28.80949353267206" lon="115.87758506691411">
        <ele>37.46118171699345</ele>
        <time>1970-01-01T00:28:41.700000Z</time>
        <extensions>
          <gpxtpx:TrackPointExtension>
            <gpxtpx:hr>168</gpxtpx:hr>
          </gpxtpx:TrackPointExtension>
        </extensions>
      </trkpt>
      <trkpt lat="28.809470864308594" lon="115.87757505435974">
        <ele>37.47359540499747</ele>
        <time>1970-01-01T00:28:42.700000Z</time>
        <extensions>
          <gpxtpx:TrackPointExtension>
            <gpxtpx:hr>168</gpxtpx:hr>
          </gpxtpx:TrackPointExtension>
        </extensions>
      </trkpt>
      <trkpt lat="28.809447973453914" lon="115.87756498981597">
        <ele>37.48646711278707</ele>
        <time>1970-01-01T00:28:43.700000Z</time>
        <extensions>
          <gpxtpx:TrackPointExtension>
            <gpxtpx:hr>168</gpxtpx:hr>
          </gpxtpx:TrackPointExtension>
        </extensions>
      </trkpt>
      <trkpt lat="28.809425304446712" lon="115.87755467307187">
        <ele>37.499479407444596</ele>
        <time>1970-01-01T00:28:44.700000Z</time>
        <extensions>
          <gpxtpx:TrackPointExtension>
            <gpxtpx:hr>168</gpxtpx:hr>
          </gpxtpx:TrackPointExtension>
        </extensions>
      </trkpt>
      <trkpt lat="28.80940305449841" lon="115.8775433288094">
        <ele>37.51197994314134</ele>
        <time>1970-01-01T00:28:45.700000Z</time>
        <extensions>
          <gpxtpx:TrackPointExtension>
            <gpxtpx:hr>168</gpxtpx:hr>
          </gpxtpx:TrackPointExtension>
        </extensions>
      </trkpt>
      <trkpt lat="28.809380844360934" lon="115.8775300416198">
        <ele>37.52349176350981</ele>
        <time>1970-01-01T00:28:46.700000Z</time>
        <extensions>
          <gpxtpx:TrackPointExtension>
            <gpxtpx:hr>168</gpxtpx:hr>
          </gpxtpx:TrackPointExtension>
        </extensions>
      </trkpt>
      <trkpt lat="28.80935828950616" lon="115.87751493078844">
        <ele>37.533678812906146</ele>
        <time>1970-01-01T00:28:47.700000Z</time>
        <extensions>
          <gpxtpx:TrackPointExtension>
            <gpxtpx:hr>168</gpxtpx:hr>
          </gpxtpx:TrackPointExtension>
        </extensions>
      </trkpt>
      <trkpt lat="28.80933486535733" lon="115.8774990429679">
        <ele>37.54239424131811</ele>
        <time>1970-01-01T00:28:48.700000Z</time>
        <extensions>
          <gpxtpx:TrackPointExtension>
            <gpxtpx:hr>168</gpxtpx:hr>
          </gpxtpx:TrackPointExtension>
        </extensions>
      </trkpt>
      <trkpt lat="28.809310814343554" lon="115.8774838204841">
        <ele>37.54943582136184</ele>
        <time>1970-01-01T00:28:49.700000Z</time>
        <extensions>
          <gpxtpx:TrackPointExtension>
            <gpxtpx:hr>168</gpxtpx:hr>
          </gpxtpx:TrackPointExtension>
        </extensions>
      </trkpt>
      <trkpt lat="28.809286575976007" lon="115.87747001492912">
        <ele>37.554975423030555</ele>
        <time>1970-01-01T00:28:50.700000Z</time>
        <extensions>
          <gpxtpx:TrackPointExtension>
            <gpxtpx:hr>168</gpxtpx:hr>
          </gpxtpx:TrackPointExtension>
        </extensions>
      </trkpt>
      <trkpt lat="28.80926227808826" lon="115.8774575105008">
        <ele>37.55972350202501</ele>
        <time>1970-01-01T00:28:51.700000Z</time>
        <extensions>
          <gpxtpx:TrackPointExtension>
            <gpxtpx:hr>168</gpxtpx:hr>
          </gpxtpx:TrackPointExtension>
        </extensions>
      </trkpt>
      <trkpt lat="28.80923829234272" lon="115.87744565206098">
        <ele>37.564729450270534</ele>
        <time>1970-01-01T00:28:52.700000Z</time>
        <extensions>
          <gpxtpx:TrackPointExtension>
            <gpxtpx:hr>168</gpxtpx:hr>
          </gpxtpx:TrackPointExtension>
        </extensions>
      </trkpt>
      <trkpt lat="28.80921512425232" lon="115.87743438947827">
        <ele>37.57098963111639</ele>
        <time>1970-01-01T00:28:53.700000Z</time>
        <extensions>
          <gpxtpx:TrackPointExtension>
            <gpxtpx:hr>168</gpxtpx:hr>
          </gpxtpx:TrackPointExtension>
        </extensions>
      </trkpt>
      <trkpt lat="28.80919311504457" lon="115.87742412534605">
        <ele>37.579299063421786</ele>
        <time>1970-01-01T00:28:54.700000Z</time>
        <extensions>
          <gpxtpx:TrackPointExtension>
            <gpxtpx:hr>168</gpxtpx:hr>
          </gpxtpx:TrackPointExtension>
        </extensions>
      </trkpt>
      <trkpt lat="28.80917196150237" lon="115.8774146883523">
        <ele>37.59003101568669</ele>
        <time>1970-01-01T00:28:55.700000Z</time>
        <extensions>
          <gpxtpx:TrackPointExtension>
            <gpxtpx:hr>168</gpxtpx:hr>
          </gpxtpx:TrackPointExtension>
        </extensions>
      </trkpt>
      <trkpt lat="28.80915177826953" lon="115.87740570027849">
        <ele>37.602858416736126</ele>
        <time>1970-01-01T00:28:56.700000Z</time>
        <extensions>
          <gpxtpx:TrackPointExtension>
            <gpxtpx:hr>169</gpxtpx:hr>
          </gpxtpx:TrackPointExtension>
        </extensions>
      </trkpt>
      <trkpt lat="28.80913306273469" lon="115.87739711929603">
        <ele>37.6169542837888</ele>
        <time>1970-01-01T00:28:57.700000Z</time>
        <extensions>
          <gpxtpx:TrackPointExtension>
            <gpxtpx:hr>169</gpxtpx:hr>
          </gpxtpx:TrackPointExtension>
        </extensions>
      </trkpt>
      <trkpt lat="28.80911544365239" lon="115.87738930786556">
        <ele>37.63151609990746</ele>
        <time>1970-01-01T00:28:58.700000Z</time>
        <extensions>
          <gpxtpx:TrackPointExtension>
            <gpxtpx:hr>169</gpxtpx:hr>
          </gpxtpx:TrackPointExtension>
        </extensions>
      </trkpt>
      <trkpt lat="28.80909858569926" lon="115.87738229518503">
        <ele>37.64616736210883</ele>
        <time>1970-01-01T00:28:59.700000Z</time>
        <extensions>
          <gpxtpx:TrackPointExtension>
            <gpxtpx:hr>169</gpxtpx:hr>
          </gpxtpx:TrackPointExtension>
        </extensions>
      </trkpt>
      <trkpt lat="28.809082440438445" lon="115.87737541665649">
        <ele>37.66064044833183</ele>
        <time>1970-01-01T00:29:00.700000Z</time>
        <extensions>
          <gpxtpx:TrackPointExtension>
            <gpxtpx:hr>169</gpxtpx:hr>
          </gpxtpx:TrackPointExtension>
        </extensions>
      </trkpt>
      <trkpt lat="28.809066998883846" lon="115.87736769949987">
        <ele>37.67476506717503</ele>
        <time>1970-01-01T00:29:01.700000Z</time>
        <extensions>
          <gpxtpx:TrackPointExtension>
            <gpxtpx:hr>169</gpxtpx:hr>
          </gpxtpx:TrackPointExtension>
        </extensions>
      </trkpt>
      <trkpt lat="28.8090524228618" lon="115.87735846687292">
        <ele>37.68854057509452</ele>
        <time>1970-01-01T00:29:02.700000Z</time>
        <extensions>
          <gpxtpx:TrackPointExtension>
            <gpxtpx:hr>169</gpxtpx:hr>
          </gpxtpx:TrackPointExtension>
        </extensions>
      </trkpt>
      <trkpt lat="28.80903862130161" lon="115.87734823585309">
        <ele>37.7022336628288</ele>
        <time>1970-01-01T00:29:03.700000Z</time>
        <extensions>
          <gpxtpx:TrackPointExtension>
            <gpxtpx:hr>169</gpxtpx:hr>
          </gpxtpx:TrackPointExtension>
        </extensions>
      </trkpt>
      <trkpt lat="28.809024955853292" lon="115.87733772320571">
        <ele>37.715430666692555</ele>
        <time>1970-01-01T00:29:04.700000Z</time>
        <extensions>
          <gpxtpx:TrackPointExtension>
            <gpxtpx:hr>169</gpxtpx:hr>
          </gpxtpx:TrackPointExtension>
        </extensions>
      </trkpt>
      <trkpt lat="28.809010067831586" lon="115.87732726634859">
        <ele>37.72775357030332</ele>
        <time>1970-01-01T00:29:05.700000Z</time>
        <extensions>
          <gpxtpx:TrackPointExtension>
            <gpxtpx:hr>169</gpxtpx:hr>
          </gpxtpx:TrackPointExtension>
        </extensions>
      </trkpt>
      <trkpt lat="28.80899142174309" lon="115.87731719542907">
        <ele>37.73918040655553</ele>
        <time>1970-01-01T00:29:06.700000Z</time>
        <extensions>
          <gpxtpx:TrackPointExtension>
            <gpxtpx:hr>169</gpxtpx:hr>
          </gpxtpx:TrackPointExtension>
        </extensions>
      </trkpt>
      <trkpt lat="28.80896792006328" lon="115.87730797662306">
        <ele>37.7502453410998</ele>
        <time>1970-01-01T00:29:07.700000Z</time>
        <extensions>
          <gpxtpx:TrackPointExtension>
            <gpxtpx:hr>169</gpxtpx:hr>
          </gpxtpx:TrackPointExtension>
        </extensions>
      </trkpt>
      <trkpt lat="28.808941405530508" lon="115.87729988294183">
        <ele>37.76174005866051</ele>
        <time>1970-01-01T00:29:08.700000Z</time>
        <extensions>
          <gpxtpx:TrackPointExtension>
            <gpxtpx:hr>167</gpxtpx:hr>
          </gpxtpx:TrackPointExtension>
        </extensions>
      </trkpt>
      <trkpt lat="28.808914245618798" lon="115.87729281556062">
        <ele>37.77372779790312</ele>
        <time>1970-01-01T00:29:09.700000Z</time>
        <extensions>
          <gpxtpx:TrackPointExtension>
            <gpxtpx:hr>167</gpxtpx:hr>
          </gpxtpx:TrackPointExtension>
        </extensions>
      </trkpt>
      <trkpt lat="28.808888258728764" lon="115.87728658245604">
        <ele>37.78568158391863</ele>
        <time>1970-01-01T00:29:10.700000Z</time>
        <extensions>
          <gpxtpx:TrackPointExtension>
            <gpxtpx:hr>167</gpxtpx:hr>
          </gpxtpx:TrackPointExtension>
        </extensions>
      </trkpt>
      <trkpt lat="28.808864082108478" lon="115.8772811734554">
        <ele>37.79652024433017</ele>
        <time>1970-01-01T00:29:11.700000Z</time>
        <extensions>
          <gpxtpx:TrackPointExtension>
            <gpxtpx:hr>167</gpxtpx:hr>
          </gpxtpx:TrackPointExtension>
        </extensions>
      </trkpt>
      <trkpt lat="28.80884142727789" lon="115.87727697548057">
        <ele>37.80487964861095</ele>
        <time>1970-01-01T00:29:12.700000Z</time>
        <extensions>
          <gpxtpx:TrackPointExtension>
            <gpxtpx:hr>167</gpxtpx:hr>
          </gpxtpx:TrackPointExtension>
        </extensions>
      </trkpt>
      <trkpt lat="28.80881874459364" lon="115.87727318194383">
        <ele>37.80944908037782</ele>
        <time>1970-01-01T00:29:13.700000Z</time>
        <extensions>
          <gpxtpx:TrackPointExtension>
            <gpxtpx:hr>167</gpxtpx:hr>
          </gpxtpx:TrackPointExtension>
        </extensions>
      </trkpt>
      <trkpt lat="28.808794120810425" lon="115.87726844544484">
        <ele>37.80985775496811</ele>
        <time>1970-01-01T00:29:14.700000Z</time>
        <extensions>
          <gpxtpx:TrackPointExtension>
            <gpxtpx:hr>167</gpxtpx:hr>
          </gpxtpx:TrackPointExtension>
        </extensions>
      </trkpt>
      <trkpt lat="28.808767534749613" lon="115.87726210313404">
        <ele>37.80629544891417</ele>
        <time>1970-01-01T00:29:15.700000Z</time>
        <extensions>
          <gpxtpx:TrackPointExtension>
            <gpxtpx:hr>167</gpxtpx:hr>
          </gpxtpx:TrackPointExtension>
        </extensions>
      </trkpt>
      <trkpt lat="28.80874033983985" lon="115.87725354855276">
        <ele>37.798921428620815</ele>
        <time>1970-01-01T00:29:16.700000Z</time>
        <extensions>
          <gpxtpx:TrackPointExtension>
            <gpxtpx:hr>167</gpxtpx:hr>
          </gpxtpx:TrackPointExtension>
        </extensions>
      </trkpt>
      <trkpt lat="28.808714315398234" lon="115.8772421265637">
        <ele>37.78789044357836</ele>
        <time>1970-01-01T00:29:17.700000Z</time>
        <extensions>
          <gpxtpx:TrackPointExtension>
            <gpxtpx:hr>166</gpxtpx:hr>
          </gpxtpx:TrackPointExtension>
        </extensions>
      </trkpt>
      <trkpt lat="28.808691271507936" lon="115.87722805491492">
        <ele>37.77368703391403</ele>
        <time>1970-01-01T00:29:18.700000Z</time>
        <extensions>
          <gpxtpx:TrackPointExtension>
            <gpxtpx:hr>166</gpxtpx:hr>
          </gpxtpx:TrackPointExtension>
        </extensions>
      </trkpt>
      <trkpt lat="28.80867205707535" lon="115.8772121158308">
        <ele>37.75742621347308</ele>
        <time>1970-01-01T00:29:19.700000Z</time>
        <extensions>
          <gpxtpx:TrackPointExtension>
            <gpxtpx:hr>166</gpxtpx:hr>
          </gpxtpx:TrackPointExtension>
        </extensions>
      </trkpt>
      <trkpt lat="28.80865628162095" lon="115.87719491100802">
        <ele>37.740753065794706</ele>
        <time>1970-01-01T00:29:20.700000Z</time>
        <extensions>
          <gpxtpx:TrackPointExtension>
            <gpxtpx:hr>166</gpxtpx:hr>
          </gpxtpx:TrackPointExtension>
        </extensions>
      </trkpt>
      <trkpt lat="28.80864249137037" lon="115.8771779065686">
        <ele>37.725429996848106</ele>
        <time>1970-01-01T00:29:21.700000Z</time>
        <extensions>
          <gpxtpx:TrackPointExtension>
            <gpxtpx:hr>166</gpxtpx:hr>
          </gpxtpx:TrackPointExtension>
        </extensions>
      </trkpt>
      <trkpt lat="28.80862927624927" lon="115.8771621233891">
        <ele>37.7132677314803</ele>
        <time>1970-01-01T00:29:22.700000Z</time>
        <extensions>
          <gpxtpx:TrackPointExtension>
            <gpxtpx:hr>166</gpxtpx:hr>
          </gpxtpx:TrackPointExtension>
        </extensions>
      </trkpt>
      <trkpt lat="28.80861567252674" lon="115.87714728082896">
        <ele>37.70552128460258</ele>
        <time>1970-01-01T00:29:23.700000Z</time>
        <extensions>
          <gpxtpx:TrackPointExtension>
            <gpxtpx:hr>166</gpxtpx:hr>
          </gpxtpx:TrackPointExtension>
        </extensions>
      </trkpt>
      <trkpt lat="28.80860136387781" lon="115.8771331345426">
        <ele>37.702835036441684</ele>
        <time>1970-01-01T00:29:24.700000Z</time>
        <extensions>
          <gpxtpx:TrackPointExtension>
            <gpxtpx:hr>166</gpxtpx:hr>
          </gpxtpx:TrackPointExtension>
        </extensions>
      </trkpt>
      <trkpt lat="28.808586636434487" lon="115.87711953808129">
        <ele>37.705370435491204</ele>
        <time>1970-01-01T00:29:25.700000Z</time>
        <extensions>
          <gpxtpx:TrackPointExtension>
            <gpxtpx:hr>166</gpxtpx:hr>
          </gpxtpx:TrackPointExtension>
        </extensions>
      </trkpt>
      <trkpt lat="28.80857188398943" lon="115.87710706333887">
        <ele>37.71294696070254</ele>
        <time>1970-01-01T00:29:26.700000Z</time>
        <extensions>
          <gpxtpx:TrackPointExtension>
            <gpxtpx:hr>166</gpxtpx:hr>
          </gpxtpx:TrackPointExtension>
        </extensions>
      </trkpt>
      <trkpt lat="28.808557520636562" lon="115.87709637659813">
        <ele>37.72525780554861</ele>
        <time>1970-01-01T00:29:27.700000Z</time>
        <extensions>
          <gpxtpx:TrackPointExtension>
            <gpxtpx:hr>166</gpxtpx:hr>
          </gpxtpx:TrackPointExtension>
        </extensions>
      </trkpt>
      <trkpt lat="28.808543239591433" lon="115.87708749739721">
        <ele>37.74212668929249</ele>
        <time>1970-01-01T00:29:28.700000Z</time>
        <extensions>
          <gpxtpx:TrackPointExtension>
            <gpxtpx:hr>166</gpxtpx:hr>
          </gpxtpx:TrackPointExtension>
        </extensions>
      </trkpt>
      <trkpt lat="28.808527726839127" lon="115.87707994189338">
        <ele>37.763574230484664</ele>
        <time>1970-01-01T00:29:29.700000Z</time>
        <extensions>
          <gpxtpx:TrackPointExtension>
            <gpxtpx:hr>166</gpxtpx:hr>
          </gpxtpx:TrackPointExtension>
        </extensions>
      </trkpt>
      <trkpt lat="28.808510228205755" lon="115.87707290763078">
        <ele>37.78972045890987</ele>
        <time>1970-01-01T00:29:30.700000Z</time>
        <extensions>
          <gpxtpx:TrackPointExtension>
            <gpxtpx:hr>166</gpxtpx:hr>
          </gpxtpx:TrackPointExtension>
        </extensions>
      </trkpt>
      <trkpt lat="28.80849062417938" lon="115.87706536456447">
        <ele>37.820852235890925</ele>
        <time>1970-01-01T00:29:31.700000Z</time>
        <extensions>
          <gpxtpx:TrackPointExtension>
            <gpxtpx:hr>167</gpxtpx:hr>
          </gpxtpx:TrackPointExtension>
        </extensions>
      </trkpt>
      <trkpt lat="28.808469488113392" lon="115.87705678966401">
        <ele>37.85667726956308</ele>
        <time>1970-01-01T00:29:32.700000Z</time>
        <extensions>
          <gpxtpx:TrackPointExtension>
            <gpxtpx:hr>167</gpxtpx:hr>
          </gpxtpx:TrackPointExtension>
        </extensions>
      </trkpt>
      <trkpt lat="28.808447928432635" lon="115.8770470921637">
        <ele>37.89672536868602</ele>
        <time>1970-01-01T00:29:33.700000Z</time>
        <extensions>
          <gpxtpx:TrackPointExtension>
            <gpxtpx:hr>167</gpxtpx:hr>
          </gpxtpx:TrackPointExtension>
        </extensions>
      </trkpt>
      <trkpt lat="28.8084267579197" lon="115.87703604119027">
        <ele>37.94008436240256</ele>
        <time>1970-01-01T00:29:34.700000Z</time>
        <extensions>
          <gpxtpx:TrackPointExtension>
            <gpxtpx:hr>167</gpxtpx:hr>
          </gpxtpx:TrackPointExtension>
        </extensions>
      </trkpt>
      <trkpt lat="28.80840626943958" lon="115.87702363451164">
        <ele>37.984637579880655</ele>
        <time>1970-01-01T00:29:35.700000Z</time>
        <extensions>
          <gpxtpx:TrackPointExtension>
            <gpxtpx:hr>167</gpxtpx:hr>
          </gpxtpx:TrackPointExtension>
        </extensions>
      </trkpt>
      <trkpt lat="28.808385829707408" lon="115.87700995854195">
        <ele>38.02751278690994</ele>
        <time>1970-01-01T00:29:36.700000Z</time>
        <extensions>
          <gpxtpx:TrackPointExtension>
            <gpxtpx:hr>167</gpxtpx:hr>
          </gpxtpx:TrackPointExtension>
        </extensions>
      </trkpt>
      <trkpt lat="28.80836473053911" lon="115.87699555056145">
        <ele>38.0664737848565</ele>
        <time>1970-01-01T00:29:37.700000Z</time>
        <extensions>
          <gpxtpx:TrackPointExtension>
            <gpxtpx:hr>163</gpxtpx:hr>
          </gpxtpx:TrackPointExtension>
        </extensions>
      </trkpt>
      <trkpt lat="28.80834282044016" lon="115.87698126661499">
        <ele>38.09948054142296</ele>
        <time>1970-01-01T00:29:38.700000Z</time>
        <extensions>
          <gpxtpx:TrackPointExtension>
            <gpxtpx:hr>163</gpxtpx:hr>
          </gpxtpx:TrackPointExtension>
        </extensions>
      </trkpt>
      <trkpt lat="28.80832102888966" lon="115.87696738757897">
        <ele>38.12462104856968</ele>
        <time>1970-01-01T00:29:39.700000Z</time>
        <extensions>
          <gpxtpx:TrackPointExtension>
            <gpxtpx:hr>163</gpxtpx:hr>
          </gpxtpx:TrackPointExtension>
        </extensions>
      </trkpt>
      <trkpt lat="28.80830014539125" lon="115.87695337462607">
        <ele>38.14016355853528</ele>
        <time>1970-01-01T00:29:40.700000Z</time>
        <extensions>
          <gpxtpx:TrackPointExtension>
            <gpxtpx:hr>163</gpxtpx:hr>
          </gpxtpx:TrackPointExtension>
        </extensions>
      </trkpt>
      <trkpt lat="28.808280038118937" lon="115.87693855752973">
        <ele>38.145038122311234</ele>
        <time>1970-01-01T00:29:41.700000Z</time>
        <extensions>
          <gpxtpx:TrackPointExtension>
            <gpxtpx:hr>162</gpxtpx:hr>
          </gpxtpx:TrackPointExtension>
        </extensions>
      </trkpt>
      <trkpt lat="28.808260203380065" lon="115.87692268239752">
        <ele>38.136518616229296</ele>
        <time>1970-01-01T00:29:42.700000Z</time>
        <extensions>
          <gpxtpx:TrackPointExtension>
            <gpxtpx:hr>162</gpxtpx:hr>
          </gpxtpx:TrackPointExtension>
        </extensions>
      </trkpt>
      <trkpt lat="28.80824077502228" lon="115.87690661342728">
        <ele>38.120686897076666</ele>
        <time>1970-01-01T00:29:43.700000Z</time>
        <extensions>
          <gpxtpx:TrackPointExtension>
            <gpxtpx:hr>162</gpxtpx:hr>
          </gpxtpx:TrackPointExtension>
        </extensions>
      </trkpt>
      <trkpt lat="28.80822256964397" lon="115.87689211412284">
        <ele>38.09765719529241</ele>
        <time>1970-01-01T00:29:44.700000Z</time>
        <extensions>
          <gpxtpx:TrackPointExtension>
            <gpxtpx:hr>162</gpxtpx:hr>
          </gpxtpx:TrackPointExtension>
        </extensions>
      </trkpt>
      <trkpt lat="28.808205471107065" lon="115.87687948334865">
        <ele>38.070628116838634</ele>
        <time>1970-01-01T00:29:45.700000Z</time>
        <extensions>
          <gpxtpx:TrackPointExtension>
            <gpxtpx:hr>162</gpxtpx:hr>
          </gpxtpx:TrackPointExtension>
        </extensions>
      </trkpt>
      <trkpt lat="28.80818854208226" lon="115.87686822504845">
        <ele>38.042432649992406</ele>
        <time>1970-01-01T00:29:46.700000Z</time>
        <extensions>
          <gpxtpx:TrackPointExtension>
            <gpxtpx:hr>162</gpxtpx:hr>
          </gpxtpx:TrackPointExtension>
        </extensions>
      </trkpt>
      <trkpt lat="28.808170861477247" lon="115.87685816364603">
        <ele>38.01487074512988</ele>
        <time>1970-01-01T00:29:47.700000Z</time>
        <extensions>
          <gpxtpx:TrackPointExtension>
            <gpxtpx:hr>162</gpxtpx:hr>
          </gpxtpx:TrackPointExtension>
        </extensions>
      </trkpt>
      <trkpt lat="28.808152186730222" lon="115.87684856256776">
        <ele>37.9887041002512</ele>
        <time>1970-01-01T00:29:48.700000Z</time>
        <extensions>
          <gpxtpx:TrackPointExtension>
            <gpxtpx:hr>162</gpxtpx:hr>
          </gpxtpx:TrackPointExtension>
        </extensions>
      </trkpt>
      <trkpt lat="28.808132493707483" lon="115.876838321434">
        <ele>37.96404298953712</ele>
        <time>1970-01-01T00:29:49.700000Z</time>
        <extensions>
          <gpxtpx:TrackPointExtension>
            <gpxtpx:hr>162</gpxtpx:hr>
          </gpxtpx:TrackPointExtension>
        </extensions>
      </trkpt>
      <trkpt lat="28.808112097255037" lon="115.87682698644564">
        <ele>37.940953395329416</ele>
        <time>1970-01-01T00:29:50.700000Z</time>
        <extensions>
          <gpxtpx:TrackPointExtension>
            <gpxtpx:hr>162</gpxtpx:hr>
          </gpxtpx:TrackPointExtension>
        </extensions>
      </trkpt>
      <trkpt lat="28.808091818080026" lon="115.87681421693081">
        <ele>37.9196920953691</ele>
        <time>1970-01-01T00:29:51.700000Z</time>
        <extensions>
          <gpxtpx:TrackPointExtension>
            <gpxtpx:hr>162</gpxtpx:hr>
          </gpxtpx:TrackPointExtension>
        </extensions>
      </trkpt>
      <trkpt lat="28.808069166541788" lon="115.87679515497722">
        <ele>37.88870345056057</ele>
        <time>1970-01-01T00:29:53Z</time>
        <extensions>
          <gpxtpx:TrackPointExtension>
            <gpxtpx:hr>162</gpxtpx:hr>
          </gpxtpx:TrackPointExtension>
        </extensions>
      </trkpt>
      <trkpt lat="28.808056093657093" lon="115.87678054611371">
        <ele>37.86508832592517</ele>
        <time>1970-01-01T00:29:53.700000Z</time>
        <extensions>
          <gpxtpx:TrackPointExtension>
            <gpxtpx:hr>162</gpxtpx:hr>
          </gpxtpx:TrackPointExtension>
        </extensions>
      </trkpt>
      <trkpt lat="28.808042190614383" lon="115.87676130438098">
        <ele>37.83526934031397</ele>
        <time>1970-01-01T00:29:54.700000Z</time>
        <extensions>
          <gpxtpx:TrackPointExtension>
            <gpxtpx:hr>162</gpxtpx:hr>
          </gpxtpx:TrackPointExtension>
        </extensions>
      </trkpt>
      <trkpt lat="28.80803047407784" lon="115.87674127670729">
        <ele>37.80941850412637</ele>
        <time>1970-01-01T00:29:55.700000Z</time>
        <extensions>
          <gpxtpx:TrackPointExtension>
            <gpxtpx:hr>161</gpxtpx:hr>
          </gpxtpx:TrackPointExtension>
        </extensions>
      </trkpt>
      <trkpt lat="28.808019979291092" lon="115.87672100606345">
        <ele>37.78779042419046</ele>
        <time>1970-01-01T00:29:56.700000Z</time>
        <extensions>
          <gpxtpx:TrackPointExtension>
            <gpxtpx:hr>161</gpxtpx:hr>
          </gpxtpx:TrackPointExtension>
        </extensions>
      </trkpt>
      <trkpt lat="28.80800971175825" lon="115.87670130282613">
        <ele>37.77031185477972</ele>
        <time>1970-01-01T00:29:57.700000Z</time>
        <extensions>
          <gpxtpx:TrackPointExtension>
            <gpxtpx:hr>161</gpxtpx:hr>
          </gpxtpx:TrackPointExtension>
        </extensions>
      </trkpt>
      <trkpt lat="28.807998138301016" lon="115.87668262968448">
        <ele>37.756775537505746</ele>
        <time>1970-01-01T00:29:58.700000Z</time>
        <extensions>
          <gpxtpx:TrackPointExtension>
            <gpxtpx:hr>161</gpxtpx:hr>
          </gpxtpx:TrackPointExtension>
        </extensions>
      </trkpt>
      <trkpt lat="28.80798425152586" lon="115.87666542837482">
        <ele>37.74684689659625</ele>
        <time>1970-01-01T00:29:59.700000Z</time>
        <extensions>
          <gpxtpx:TrackPointExtension>
            <gpxtpx:hr>161</gpxtpx:hr>
          </gpxtpx:TrackPointExtension>
        </extensions>
      </trkpt>
      <trkpt lat="28.807968160286205" lon="115.87664996991643">
        <ele>37.73964534886181</ele>
        <time>1970-01-01T00:30:00.700000Z</time>
        <extensions>
          <gpxtpx:TrackPointExtension>
            <gpxtpx:hr>161</gpxtpx:hr>
          </gpxtpx:TrackPointExtension>
        </extensions>
      </trkpt>
      <trkpt lat="28.807950555195962" lon="115.87663605505826">
        <ele>37.73415385466069</ele>
        <time>1970-01-01T00:30:01.700000Z</time>
        <extensions>
          <gpxtpx:TrackPointExtension>
            <gpxtpx:hr>159</gpxtpx:hr>
          </gpxtpx:TrackPointExtension>
        </extensions>
      </trkpt>
      <trkpt lat="28.807932133281586" lon="115.87662351200967">
        <ele>37.729423459619284</ele>
        <time>1970-01-01T00:30:02.700000Z</time>
        <extensions>
          <gpxtpx:TrackPointExtension>
            <gpxtpx:hr>159</gpxtpx:hr>
          </gpxtpx:TrackPointExtension>
        </extensions>
      </trkpt>
      <trkpt lat="28.807913185367305" lon="115.87661223060684">
        <ele>37.72488733846694</ele>
        <time>1970-01-01T00:30:03.700000Z</time>
        <extensions>
          <gpxtpx:TrackPointExtension>
            <gpxtpx:hr>159</gpxtpx:hr>
          </gpxtpx:TrackPointExtension>
        </extensions>
      </trkpt>
      <trkpt lat="28.807893695203912" lon="115.87660171475264">
        <ele>37.72047758568078</ele>
        <time>1970-01-01T00:30:04.700000Z</time>
        <extensions>
          <gpxtpx:TrackPointExtension>
            <gpxtpx:hr>159</gpxtpx:hr>
          </gpxtpx:TrackPointExtension>
        </extensions>
      </trkpt>
      <trkpt lat="28.80787383412563" lon="115.87659178875766">
        <ele>37.716390137560666</ele>
        <time>1970-01-01T00:30:05.700000Z</time>
        <extensions>
          <gpxtpx:TrackPointExtension>
            <gpxtpx:hr>159</gpxtpx:hr>
          </gpxtpx:TrackPointExtension>
        </extensions>
      </trkpt>
      <trkpt lat="28.807854183470738" lon="115.87658257121822">
        <ele>37.712849168106914</ele>
        <time>1970-01-01T00:30:06.700000Z</time>
        <extensions>
          <gpxtpx:TrackPointExtension>
            <gpxtpx:hr>159</gpxtpx:hr>
          </gpxtpx:TrackPointExtension>
        </extensions>
      </trkpt>
      <trkpt lat="28.807836104640952" lon="115.87657427381252">
        <ele>37.70971317123622</ele>
        <time>1970-01-01T00:30:07.700000Z</time>
        <extensions>
          <gpxtpx:TrackPointExtension>
            <gpxtpx:hr>159</gpxtpx:hr>
          </gpxtpx:TrackPointExtension>
        </extensions>
      </trkpt>
      <trkpt lat="28.807818428333775" lon="115.87656646055503">
        <ele>37.70640997495502</ele>
        <time>1970-01-01T00:30:08.700000Z</time>
        <extensions>
          <gpxtpx:TrackPointExtension>
            <gpxtpx:hr>158</gpxtpx:hr>
          </gpxtpx:TrackPointExtension>
        </extensions>
      </trkpt>
      <trkpt lat="28.807798122849807" lon="115.87655818407897">
        <ele>37.70230193249881</ele>
        <time>1970-01-01T00:30:09.700000Z</time>
        <extensions>
          <gpxtpx:TrackPointExtension>
            <gpxtpx:hr>158</gpxtpx:hr>
          </gpxtpx:TrackPointExtension>
        </extensions>
      </trkpt>
      <trkpt lat="28.807774940206652" lon="115.87654912679056">
        <ele>37.69707184378058</ele>
        <time>1970-01-01T00:30:10.700000Z</time>
        <extensions>
          <gpxtpx:TrackPointExtension>
            <gpxtpx:hr>158</gpxtpx:hr>
          </gpxtpx:TrackPointExtension>
        </extensions>
      </trkpt>
      <trkpt lat="28.807750300272335" lon="115.8765395002774">
        <ele>37.690637707710266</ele>
        <time>1970-01-01T00:30:11.700000Z</time>
        <extensions>
          <gpxtpx:TrackPointExtension>
            <gpxtpx:hr>158</gpxtpx:hr>
          </gpxtpx:TrackPointExtension>
        </extensions>
      </trkpt>
      <trkpt lat="28.80772543091728" lon="115.87652957086311">
        <ele>37.682865077629685</ele>
        <time>1970-01-01T00:30:12.700000Z</time>
        <extensions>
          <gpxtpx:TrackPointExtension>
            <gpxtpx:hr>159</gpxtpx:hr>
          </gpxtpx:TrackPointExtension>
        </extensions>
      </trkpt>
      <trkpt lat="28.807700958185404" lon="115.87651963320818">
        <ele>37.673572739586234</ele>
        <time>1970-01-01T00:30:13.700000Z</time>
        <extensions>
          <gpxtpx:TrackPointExtension>
            <gpxtpx:hr>159</gpxtpx:hr>
          </gpxtpx:TrackPointExtension>
        </extensions>
      </trkpt>
      <trkpt lat="28.807676993490436" lon="115.87651008258892">
        <ele>37.66269426047802</ele>
        <time>1970-01-01T00:30:14.700000Z</time>
        <extensions>
          <gpxtpx:TrackPointExtension>
            <gpxtpx:hr>159</gpxtpx:hr>
          </gpxtpx:TrackPointExtension>
        </extensions>
      </trkpt>
      <trkpt lat="28.807652821393578" lon="115.87650081966702">
        <ele>37.65029024519026</ele>
        <time>1970-01-01T00:30:15.700000Z</time>
        <extensions>
          <gpxtpx:TrackPointExtension>
            <gpxtpx:hr>159</gpxtpx:hr>
          </gpxtpx:TrackPointExtension>
        </extensions>
      </trkpt>
      <trkpt lat="28.80762771027888" lon="115.8764915256227">
        <ele>37.636532539501786</ele>
        <time>1970-01-01T00:30:16.700000Z</time>
        <extensions>
          <gpxtpx:TrackPointExtension>
            <gpxtpx:hr>159</gpxtpx:hr>
          </gpxtpx:TrackPointExtension>
        </extensions>
      </trkpt>
      <trkpt lat="28.807601925498584" lon="115.87648213044065">
        <ele>37.62154104374349</ele>
        <time>1970-01-01T00:30:17.700000Z</time>
        <extensions>
          <gpxtpx:TrackPointExtension>
            <gpxtpx:hr>159</gpxtpx:hr>
          </gpxtpx:TrackPointExtension>
        </extensions>
      </trkpt>
      <trkpt lat="28.807576766943356" lon="115.87647284422324">
        <ele>37.60581290349364</ele>
        <time>1970-01-01T00:30:18.700000Z</time>
        <extensions>
          <gpxtpx:TrackPointExtension>
            <gpxtpx:hr>159</gpxtpx:hr>
          </gpxtpx:TrackPointExtension>
        </extensions>
      </trkpt>
      <trkpt lat="28.80755308593359" lon="115.87646335076249">
        <ele>37.58991422317922</ele>
        <time>1970-01-01T00:30:19.700000Z</time>
        <extensions>
          <gpxtpx:TrackPointExtension>
            <gpxtpx:hr>159</gpxtpx:hr>
          </gpxtpx:TrackPointExtension>
        </extensions>
      </trkpt>
      <trkpt lat="28.807530354791318" lon="115.8764533144981">
        <ele>37.57415334880352</ele>
        <time>1970-01-01T00:30:20.700000Z</time>
        <extensions>
          <gpxtpx:TrackPointExtension>
            <gpxtpx:hr>159</gpxtpx:hr>
          </gpxtpx:TrackPointExtension>
        </extensions>
      </trkpt>
      <trkpt lat="28.80750765687345" lon="115.87644318015268">
        <ele>37.558418771252036</ele>
        <time>1970-01-01T00:30:21.700000Z</time>
        <extensions>
          <gpxtpx:TrackPointExtension>
            <gpxtpx:hr>158</gpxtpx:hr>
          </gpxtpx:TrackPointExtension>
        </extensions>
      </trkpt>
      <trkpt lat="28.80748471914271" lon="115.87643373411315">
        <ele>37.5420976690948</ele>
        <time>1970-01-01T00:30:22.700000Z</time>
        <extensions>
          <gpxtpx:TrackPointExtension>
            <gpxtpx:hr>158</gpxtpx:hr>
          </gpxtpx:TrackPointExtension>
        </extensions>
      </trkpt>
      <trkpt lat="28.807462067568903" lon="115.87642510202207">
        <ele>37.52527751773596</ele>
        <time>1970-01-01T00:30:23.700000Z</time>
        <extensions>
          <gpxtpx:TrackPointExtension>
            <gpxtpx:hr>158</gpxtpx:hr>
          </gpxtpx:TrackPointExtension>
        </extensions>
      </trkpt>
      <trkpt lat="28.80743980085976" lon="115.87641613908072">
        <ele>37.50824751984328</ele>
        <time>1970-01-01T00:30:24.700000Z</time>
        <extensions>
          <gpxtpx:TrackPointExtension>
            <gpxtpx:hr>158</gpxtpx:hr>
          </gpxtpx:TrackPointExtension>
        </extensions>
      </trkpt>
      <trkpt lat="28.80741787530971" lon="115.87640631534974">
        <ele>37.491445267573</ele>
        <time>1970-01-01T00:30:25.700000Z</time>
        <extensions>
          <gpxtpx:TrackPointExtension>
            <gpxtpx:hr>158</gpxtpx:hr>
          </gpxtpx:TrackPointExtension>
        </extensions>
      </trkpt>
      <trkpt lat="28.8073959422612" lon="115.87639608728256">
        <ele>37.475181233137846</ele>
        <time>1970-01-01T00:30:26.700000Z</time>
        <extensions>
          <gpxtpx:TrackPointExtension>
            <gpxtpx:hr>158</gpxtpx:hr>
          </gpxtpx:TrackPointExtension>
        </extensions>
      </trkpt>
      <trkpt lat="28.80737353875377" lon="115.8763860374643">
        <ele>37.45958169735968</ele>
        <time>1970-01-01T00:30:27.700000Z</time>
        <extensions>
          <gpxtpx:TrackPointExtension>
            <gpxtpx:hr>158</gpxtpx:hr>
          </gpxtpx:TrackPointExtension>
        </extensions>
      </trkpt>
      <trkpt lat="28.807350954938872" lon="115.87637614250966">
        <ele>37.44476686324924</ele>
        <time>1970-01-01T00:30:28.700000Z</time>
        <extensions>
          <gpxtpx:TrackPointExtension>
            <gpxtpx:hr>158</gpxtpx:hr>
          </gpxtpx:TrackPointExtension>
        </extensions>
      </trkpt>
      <trkpt lat="28.807328789731784" lon="115.8763659427594">
        <ele>37.43103551212698</ele>
        <time>1970-01-01T00:30:29.700000Z</time>
        <extensions>
          <gpxtpx:TrackPointExtension>
            <gpxtpx:hr>158</gpxtpx:hr>
          </gpxtpx:TrackPointExtension>
        </extensions>
      </trkpt>
      <trkpt lat="28.80730681387495" lon="115.87635533263317">
        <ele>37.41906750481576</ele>
        <time>1970-01-01T00:30:30.700000Z</time>
        <extensions>
          <gpxtpx:TrackPointExtension>
            <gpxtpx:hr>158</gpxtpx:hr>
          </gpxtpx:TrackPointExtension>
        </extensions>
      </trkpt>
      <trkpt lat="28.807284043612896" lon="115.87634439824207">
        <ele>37.40944035165012</ele>
        <time>1970-01-01T00:30:31.700000Z</time>
        <extensions>
          <gpxtpx:TrackPointExtension>
            <gpxtpx:hr>158</gpxtpx:hr>
          </gpxtpx:TrackPointExtension>
        </extensions>
      </trkpt>
      <trkpt lat="28.807260482869435" lon="115.8763338827473">
        <ele>37.40219024941325</ele>
        <time>1970-01-01T00:30:32.700000Z</time>
        <extensions>
          <gpxtpx:TrackPointExtension>
            <gpxtpx:hr>160</gpxtpx:hr>
          </gpxtpx:TrackPointExtension>
        </extensions>
      </trkpt>
      <trkpt lat="28.807237037700638" lon="115.876324130401">
        <ele>37.396856618113816</ele>
        <time>1970-01-01T00:30:33.700000Z</time>
        <extensions>
          <gpxtpx:TrackPointExtension>
            <gpxtpx:hr>160</gpxtpx:hr>
          </gpxtpx:TrackPointExtension>
        </extensions>
      </trkpt>
      <trkpt lat="28.8072141181797" lon="115.87631426650817">
        <ele>37.39262317400426</ele>
        <time>1970-01-01T00:30:34.700000Z</time>
        <extensions>
          <gpxtpx:TrackPointExtension>
            <gpxtpx:hr>160</gpxtpx:hr>
          </gpxtpx:TrackPointExtension>
        </extensions>
      </trkpt>
      <trkpt lat="28.8071916055051" lon="115.87630389830532">
        <ele>37.38878834992647</ele>
        <time>1970-01-01T00:30:35.700000Z</time>
        <extensions>
          <gpxtpx:TrackPointExtension>
            <gpxtpx:hr>160</gpxtpx:hr>
          </gpxtpx:TrackPointExtension>
        </extensions>
      </trkpt>
      <trkpt lat="28.807168845451418" lon="115.87629337872808">
        <ele>37.384601440280676</ele>
        <time>1970-01-01T00:30:36.700000Z</time>
        <extensions>
          <gpxtpx:TrackPointExtension>
            <gpxtpx:hr>160</gpxtpx:hr>
          </gpxtpx:TrackPointExtension>
        </extensions>
      </trkpt>
      <trkpt lat="28.80714584972898" lon="115.87628330298985">
        <ele>37.37943717464805</ele>
        <time>1970-01-01T00:30:37.700000Z</time>
        <extensions>
          <gpxtpx:TrackPointExtension>
            <gpxtpx:hr>160</gpxtpx:hr>
          </gpxtpx:TrackPointExtension>
        </extensions>
      </trkpt>
      <trkpt lat="28.807123431641998" lon="115.87627329548236">
        <ele>37.372765593230724</ele>
        <time>1970-01-01T00:30:38.700000Z</time>
        <extensions>
          <gpxtpx:TrackPointExtension>
            <gpxtpx:hr>160</gpxtpx:hr>
          </gpxtpx:TrackPointExtension>
        </extensions>
      </trkpt>
      <trkpt lat="28.807101394012772" lon="115.8762622956635">
        <ele>37.364240638911724</ele>
        <time>1970-01-01T00:30:39.700000Z</time>
        <extensions>
          <gpxtpx:TrackPointExtension>
            <gpxtpx:hr>160</gpxtpx:hr>
          </gpxtpx:TrackPointExtension>
        </extensions>
      </trkpt>
      <trkpt lat="28.80707933522867" lon="115.87625037050164">
        <ele>37.353873495943844</ele>
        <time>1970-01-01T00:30:40.700000Z</time>
        <extensions>
          <gpxtpx:TrackPointExtension>
            <gpxtpx:hr>160</gpxtpx:hr>
          </gpxtpx:TrackPointExtension>
        </extensions>
      </trkpt>
      <trkpt lat="28.807057103153717" lon="115.87623791339578">
        <ele>37.34201624523848</ele>
        <time>1970-01-01T00:30:41.700000Z</time>
        <extensions>
          <gpxtpx:TrackPointExtension>
            <gpxtpx:hr>164</gpxtpx:hr>
          </gpxtpx:TrackPointExtension>
        </extensions>
      </trkpt>
      <trkpt lat="28.807034366764203" lon="115.87622551249147">
        <ele>37.328931383788586</ele>
        <time>1970-01-01T00:30:42.700000Z</time>
        <extensions>
          <gpxtpx:TrackPointExtension>
            <gpxtpx:hr>164</gpxtpx:hr>
          </gpxtpx:TrackPointExtension>
        </extensions>
      </trkpt>
      <trkpt lat="28.807012285124664" lon="115.87621295888569">
        <ele>37.314648093655705</ele>
        <time>1970-01-01T00:30:43.700000Z</time>
        <extensions>
          <gpxtpx:TrackPointExtension>
            <gpxtpx:hr>164</gpxtpx:hr>
          </gpxtpx:TrackPointExtension>
        </extensions>
      </trkpt>
      <trkpt lat="28.80699163197081" lon="115.87619999991568">
        <ele>37.29908407200128</ele>
        <time>1970-01-01T00:30:44.700000Z</time>
        <extensions>
          <gpxtpx:TrackPointExtension>
            <gpxtpx:hr>164</gpxtpx:hr>
          </gpxtpx:TrackPointExtension>
        </extensions>
      </trkpt>
      <trkpt lat="28.806971536345298" lon="115.87618737214298">
        <ele>37.28212839923799</ele>
        <time>1970-01-01T00:30:45.700000Z</time>
        <extensions>
          <gpxtpx:TrackPointExtension>
            <gpxtpx:hr>164</gpxtpx:hr>
          </gpxtpx:TrackPointExtension>
        </extensions>
      </trkpt>
      <trkpt lat="28.80695142042212" lon="115.87617513690016">
        <ele>37.26447598915547</ele>
        <time>1970-01-01T00:30:46.700000Z</time>
        <extensions>
          <gpxtpx:TrackPointExtension>
            <gpxtpx:hr>164</gpxtpx:hr>
          </gpxtpx:TrackPointExtension>
        </extensions>
      </trkpt>
      <trkpt lat="28.806930825873447" lon="115.87616300647915">
        <ele>37.24720968864858</ele>
        <time>1970-01-01T00:30:47.700000Z</time>
        <extensions>
          <gpxtpx:TrackPointExtension>
            <gpxtpx:hr>165</gpxtpx:hr>
          </gpxtpx:TrackPointExtension>
        </extensions>
      </trkpt>
      <trkpt lat="28.80690970653319" lon="115.87615163712738">
        <ele>37.23141358979046</ele>
        <time>1970-01-01T00:30:48.700000Z</time>
        <extensions>
          <gpxtpx:TrackPointExtension>
            <gpxtpx:hr>165</gpxtpx:hr>
          </gpxtpx:TrackPointExtension>
        </extensions>
      </trkpt>
      <trkpt lat="28.806888603266742" lon="115.87614172054501">
        <ele>37.21795815601945</ele>
        <time>1970-01-01T00:30:49.700000Z</time>
        <extensions>
          <gpxtpx:TrackPointExtension>
            <gpxtpx:hr>165</gpxtpx:hr>
          </gpxtpx:TrackPointExtension>
        </extensions>
      </trkpt>
      <trkpt lat="28.806868054289875" lon="115.87613287966313">
        <ele>37.20789543911815</ele>
        <time>1970-01-01T00:30:50.700000Z</time>
        <extensions>
          <gpxtpx:TrackPointExtension>
            <gpxtpx:hr>165</gpxtpx:hr>
          </gpxtpx:TrackPointExtension>
        </extensions>
      </trkpt>
      <trkpt lat="28.806847820715298" lon="115.87612484139459">
        <ele>37.20176799688488</ele>
        <time>1970-01-01T00:30:51.700000Z</time>
        <extensions>
          <gpxtpx:TrackPointExtension>
            <gpxtpx:hr>165</gpxtpx:hr>
          </gpxtpx:TrackPointExtension>
        </extensions>
      </trkpt>
      <trkpt lat="28.80682702062217" lon="115.87611705574919">
        <ele>37.19974363036454</ele>
        <time>1970-01-01T00:30:52.700000Z</time>
        <extensions>
          <gpxtpx:TrackPointExtension>
            <gpxtpx:hr>165</gpxtpx:hr>
          </gpxtpx:TrackPointExtension>
        </extensions>
      </trkpt>
      <trkpt lat="28.806805416496285" lon="115.87610894816574">
        <ele>37.201560381799936</ele>
        <time>1970-01-01T00:30:53.700000Z</time>
        <extensions>
          <gpxtpx:TrackPointExtension>
            <gpxtpx:hr>165</gpxtpx:hr>
          </gpxtpx:TrackPointExtension>
        </extensions>
      </trkpt>
      <trkpt lat="28.806783367502916" lon="115.87610032310884">
        <ele>37.20663056708872</ele>
        <time>1970-01-01T00:30:54.700000Z</time>
        <extensions>
          <gpxtpx:TrackPointExtension>
            <gpxtpx:hr>165</gpxtpx:hr>
          </gpxtpx:TrackPointExtension>
        </extensions>
      </trkpt>
      <trkpt lat="28.806761159531156" lon="115.87609079896744">
        <ele>37.21383120957762</ele>
        <time>1970-01-01T00:30:55.700000Z</time>
        <extensions>
          <gpxtpx:TrackPointExtension>
            <gpxtpx:hr>164</gpxtpx:hr>
          </gpxtpx:TrackPointExtension>
        </extensions>
      </trkpt>
      <trkpt lat="28.80673920751433" lon="115.87608062698278">
        <ele>37.22130400221795</ele>
        <time>1970-01-01T00:30:56.700000Z</time>
        <extensions>
          <gpxtpx:TrackPointExtension>
            <gpxtpx:hr>164</gpxtpx:hr>
          </gpxtpx:TrackPointExtension>
        </extensions>
      </trkpt>
      <trkpt lat="28.8067175139736" lon="115.87607040331353">
        <ele>37.22701408434659</ele>
        <time>1970-01-01T00:30:57.700000Z</time>
        <extensions>
          <gpxtpx:TrackPointExtension>
            <gpxtpx:hr>164</gpxtpx:hr>
          </gpxtpx:TrackPointExtension>
        </extensions>
      </trkpt>
      <trkpt lat="28.80669545951283" lon="115.8760605143652">
        <ele>37.2293604593724</ele>
        <time>1970-01-01T00:30:58.700000Z</time>
        <extensions>
          <gpxtpx:TrackPointExtension>
            <gpxtpx:hr>164</gpxtpx:hr>
          </gpxtpx:TrackPointExtension>
        </extensions>
      </trkpt>
      <trkpt lat="28.806673512977778" lon="115.8760511353251">
        <ele>37.22769486065954</ele>
        <time>1970-01-01T00:30:59.700000Z</time>
        <extensions>
          <gpxtpx:TrackPointExtension>
            <gpxtpx:hr>164</gpxtpx:hr>
          </gpxtpx:TrackPointExtension>
        </extensions>
      </trkpt>
      <trkpt lat="28.80665221348089" lon="115.87604218413209">
        <ele>37.22225717641413</ele>
        <time>1970-01-01T00:31:00.700000Z</time>
        <extensions>
          <gpxtpx:TrackPointExtension>
            <gpxtpx:hr>164</gpxtpx:hr>
          </gpxtpx:TrackPointExtension>
        </extensions>
      </trkpt>
      <trkpt lat="28.806630803762367" lon="115.87603379615503">
        <ele>37.21386427432299</ele>
        <time>1970-01-01T00:31:01.700000Z</time>
        <extensions>
          <gpxtpx:TrackPointExtension>
            <gpxtpx:hr>164</gpxtpx:hr>
          </gpxtpx:TrackPointExtension>
        </extensions>
      </trkpt>
      <trkpt lat="28.80660791016013" lon="115.87602609202445">
        <ele>37.20355282071978</ele>
        <time>1970-01-01T00:31:02.700000Z</time>
        <extensions>
          <gpxtpx:TrackPointExtension>
            <gpxtpx:hr>165</gpxtpx:hr>
          </gpxtpx:TrackPointExtension>
        </extensions>
      </trkpt>
      <trkpt lat="28.806583111527896" lon="115.87601837228728">
        <ele>37.19212618563324</ele>
        <time>1970-01-01T00:31:03.700000Z</time>
        <extensions>
          <gpxtpx:TrackPointExtension>
            <gpxtpx:hr>165</gpxtpx:hr>
          </gpxtpx:TrackPointExtension>
        </extensions>
      </trkpt>
      <trkpt lat="28.8065573331339" lon="115.87600962843665">
        <ele>37.18028040230274</ele>
        <time>1970-01-01T00:31:04.700000Z</time>
        <extensions>
          <gpxtpx:TrackPointExtension>
            <gpxtpx:hr>165</gpxtpx:hr>
          </gpxtpx:TrackPointExtension>
        </extensions>
      </trkpt>
      <trkpt lat="28.80653212164451" lon="115.87600003014137">
        <ele>37.16864912956953</ele>
        <time>1970-01-01T00:31:05.700000Z</time>
        <extensions>
          <gpxtpx:TrackPointExtension>
            <gpxtpx:hr>165</gpxtpx:hr>
          </gpxtpx:TrackPointExtension>
        </extensions>
      </trkpt>
      <trkpt lat="28.806508484050617" lon="115.87599034130876">
        <ele>37.15772605407983</ele>
        <time>1970-01-01T00:31:06.700000Z</time>
        <extensions>
          <gpxtpx:TrackPointExtension>
            <gpxtpx:hr>165</gpxtpx:hr>
          </gpxtpx:TrackPointExtension>
        </extensions>
      </trkpt>
      <trkpt lat="28.806485846008602" lon="115.87598019303645">
        <ele>37.14782823249698</ele>
        <time>1970-01-01T00:31:07.700000Z</time>
        <extensions>
          <gpxtpx:TrackPointExtension>
            <gpxtpx:hr>165</gpxtpx:hr>
          </gpxtpx:TrackPointExtension>
        </extensions>
      </trkpt>
      <trkpt lat="28.806463151938605" lon="115.87596872452106">
        <ele>37.13890777155757</ele>
        <time>1970-01-01T00:31:08.700000Z</time>
        <extensions>
          <gpxtpx:TrackPointExtension>
            <gpxtpx:hr>165</gpxtpx:hr>
          </gpxtpx:TrackPointExtension>
        </extensions>
      </trkpt>
      <trkpt lat="28.806439932146905" lon="115.87595589165926">
        <ele>37.13103695306927</ele>
        <time>1970-01-01T00:31:09.700000Z</time>
        <extensions>
          <gpxtpx:TrackPointExtension>
            <gpxtpx:hr>165</gpxtpx:hr>
          </gpxtpx:TrackPointExtension>
        </extensions>
      </trkpt>
      <trkpt lat="28.806415714943725" lon="115.87594249602338">
        <ele>37.124446511268616</ele>
        <time>1970-01-01T00:31:10.700000Z</time>
        <extensions>
          <gpxtpx:TrackPointExtension>
            <gpxtpx:hr>165</gpxtpx:hr>
          </gpxtpx:TrackPointExtension>
        </extensions>
      </trkpt>
      <trkpt lat="28.806390388793677" lon="115.87592940925978">
        <ele>37.11912140250206</ele>
        <time>1970-01-01T00:31:11.700000Z</time>
        <extensions>
          <gpxtpx:TrackPointExtension>
            <gpxtpx:hr>165</gpxtpx:hr>
          </gpxtpx:TrackPointExtension>
        </extensions>
      </trkpt>
      <trkpt lat="28.80636479973123" lon="115.87591698239939">
        <ele>37.11464068200439</ele>
        <time>1970-01-01T00:31:12.700000Z</time>
        <extensions>
          <gpxtpx:TrackPointExtension>
            <gpxtpx:hr>165</gpxtpx:hr>
          </gpxtpx:TrackPointExtension>
        </extensions>
      </trkpt>
      <trkpt lat="28.806339211843884" lon="115.87590483189415">
        <ele>37.11006163805723</ele>
        <time>1970-01-01T00:31:13.700000Z</time>
        <extensions>
          <gpxtpx:TrackPointExtension>
            <gpxtpx:hr>165</gpxtpx:hr>
          </gpxtpx:TrackPointExtension>
        </extensions>
      </trkpt>
      <trkpt lat="28.806313359002075" lon="115.87589248678317">
        <ele>37.10495430417359</ele>
        <time>1970-01-01T00:31:14.700000Z</time>
        <extensions>
          <gpxtpx:TrackPointExtension>
            <gpxtpx:hr>165</gpxtpx:hr>
          </gpxtpx:TrackPointExtension>
        </extensions>
      </trkpt>
      <trkpt lat="28.8062877160731" lon="115.87588025048784">
        <ele>37.098966086283326</ele>
        <time>1970-01-01T00:31:15.700000Z</time>
        <extensions>
          <gpxtpx:TrackPointExtension>
            <gpxtpx:hr>165</gpxtpx:hr>
          </gpxtpx:TrackPointExtension>
        </extensions>
      </trkpt>
      <trkpt lat="28.80626323958939" lon="115.87586840518088">
        <ele>37.09178104624152</ele>
        <time>1970-01-01T00:31:16.700000Z</time>
        <extensions>
          <gpxtpx:TrackPointExtension>
            <gpxtpx:hr>165</gpxtpx:hr>
          </gpxtpx:TrackPointExtension>
        </extensions>
      </trkpt>
      <trkpt lat="28.806240166877572" lon="115.8758568311981">
        <ele>37.082863562740386</ele>
        <time>1970-01-01T00:31:17.700000Z</time>
        <extensions>
          <gpxtpx:TrackPointExtension>
            <gpxtpx:hr>165</gpxtpx:hr>
          </gpxtpx:TrackPointExtension>
        </extensions>
      </trkpt>
      <trkpt lat="28.806217643851188" lon="115.87584562248566">
        <ele>37.07126344181597</ele>
        <time>1970-01-01T00:31:18.700000Z</time>
        <extensions>
          <gpxtpx:TrackPointExtension>
            <gpxtpx:hr>165</gpxtpx:hr>
          </gpxtpx:TrackPointExtension>
        </extensions>
      </trkpt>
      <trkpt lat="28.80619469117849" lon="115.8758347973691">
        <ele>37.05644725356251</ele>
        <time>1970-01-01T00:31:19.700000Z</time>
        <extensions>
          <gpxtpx:TrackPointExtension>
            <gpxtpx:hr>165</gpxtpx:hr>
          </gpxtpx:TrackPointExtension>
        </extensions>
      </trkpt>
      <trkpt lat="28.806171264570253" lon="115.8758240275573">
        <ele>37.03830570727587</ele>
        <time>1970-01-01T00:31:20.700000Z</time>
        <extensions>
          <gpxtpx:TrackPointExtension>
            <gpxtpx:hr>165</gpxtpx:hr>
          </gpxtpx:TrackPointExtension>
        </extensions>
      </trkpt>
      <trkpt lat="28.806148030998113" lon="115.87581304365182">
        <ele>37.01750098448247</ele>
        <time>1970-01-01T00:31:21.700000Z</time>
        <extensions>
          <gpxtpx:TrackPointExtension>
            <gpxtpx:hr>165</gpxtpx:hr>
          </gpxtpx:TrackPointExtension>
        </extensions>
      </trkpt>
      <trkpt lat="28.80612495359562" lon="115.87580176742819">
        <ele>36.995136784389615</ele>
        <time>1970-01-01T00:31:22.700000Z</time>
        <extensions>
          <gpxtpx:TrackPointExtension>
            <gpxtpx:hr>165</gpxtpx:hr>
          </gpxtpx:TrackPointExtension>
        </extensions>
      </trkpt>
      <trkpt lat="28.806101872742737" lon="115.87579082679306">
        <ele>36.972300133667886</ele>
        <time>1970-01-01T00:31:23.700000Z</time>
        <extensions>
          <gpxtpx:TrackPointExtension>
            <gpxtpx:hr>165</gpxtpx:hr>
          </gpxtpx:TrackPointExtension>
        </extensions>
      </trkpt>
      <trkpt lat="28.80607879746254" lon="115.87578056370171">
        <ele>36.949467066675425</ele>
        <time>1970-01-01T00:31:24.700000Z</time>
        <extensions>
          <gpxtpx:TrackPointExtension>
            <gpxtpx:hr>165</gpxtpx:hr>
          </gpxtpx:TrackPointExtension>
        </extensions>
      </trkpt>
      <trkpt lat="28.806055679379806" lon="115.87577055105089">
        <ele>36.92680538631976</ele>
        <time>1970-01-01T00:31:25.700000Z</time>
        <extensions>
          <gpxtpx:TrackPointExtension>
            <gpxtpx:hr>167</gpxtpx:hr>
          </gpxtpx:TrackPointExtension>
        </extensions>
      </trkpt>
      <trkpt lat="28.80603293143087" lon="115.8757607364481">
        <ele>36.90463200956583</ele>
        <time>1970-01-01T00:31:26.700000Z</time>
        <extensions>
          <gpxtpx:TrackPointExtension>
            <gpxtpx:hr>167</gpxtpx:hr>
          </gpxtpx:TrackPointExtension>
        </extensions>
      </trkpt>
      <trkpt lat="28.806010431925458" lon="115.87575114167551">
        <ele>36.883288593031466</ele>
        <time>1970-01-01T00:31:27.700000Z</time>
        <extensions>
          <gpxtpx:TrackPointExtension>
            <gpxtpx:hr>167</gpxtpx:hr>
          </gpxtpx:TrackPointExtension>
        </extensions>
      </trkpt>
      <trkpt lat="28.80598786350646" lon="115.87574150671368">
        <ele>36.86253812070936</ele>
        <time>1970-01-01T00:31:28.700000Z</time>
        <extensions>
          <gpxtpx:TrackPointExtension>
            <gpxtpx:hr>167</gpxtpx:hr>
          </gpxtpx:TrackPointExtension>
        </extensions>
      </trkpt>
      <trkpt lat="28.805965025249996" lon="115.87573168284243">
        <ele>36.84201087150723</ele>
        <time>1970-01-01T00:31:29.700000Z</time>
        <extensions>
          <gpxtpx:TrackPointExtension>
            <gpxtpx:hr>167</gpxtpx:hr>
          </gpxtpx:TrackPointExtension>
        </extensions>
      </trkpt>
      <trkpt lat="28.805941986591616" lon="115.87572167197536">
        <ele>36.82121497485787</ele>
        <time>1970-01-01T00:31:30.700000Z</time>
        <extensions>
          <gpxtpx:TrackPointExtension>
            <gpxtpx:hr>169</gpxtpx:hr>
          </gpxtpx:TrackPointExtension>
        </extensions>
      </trkpt>
      <trkpt lat="28.805918940848084" lon="115.87571160922148">
        <ele>36.799861358478665</ele>
        <time>1970-01-01T00:31:31.700000Z</time>
        <extensions>
          <gpxtpx:TrackPointExtension>
            <gpxtpx:hr>169</gpxtpx:hr>
          </gpxtpx:TrackPointExtension>
        </extensions>
      </trkpt>
      <trkpt lat="28.805895833701005" lon="115.87570166459864">
        <ele>36.77770335506648</ele>
        <time>1970-01-01T00:31:32.700000Z</time>
        <extensions>
          <gpxtpx:TrackPointExtension>
            <gpxtpx:hr>169</gpxtpx:hr>
          </gpxtpx:TrackPointExtension>
        </extensions>
      </trkpt>
      <trkpt lat="28.805872653676676" lon="115.87569156906329">
        <ele>36.75497511960566</ele>
        <time>1970-01-01T00:31:33.700000Z</time>
        <extensions>
          <gpxtpx:TrackPointExtension>
            <gpxtpx:hr>169</gpxtpx:hr>
          </gpxtpx:TrackPointExtension>
        </extensions>
      </trkpt>
      <trkpt lat="28.805850385576523" lon="115.87568076237729">
        <ele>36.732248676009476</ele>
        <time>1970-01-01T00:31:34.700000Z</time>
        <extensions>
          <gpxtpx:TrackPointExtension>
            <gpxtpx:hr>169</gpxtpx:hr>
          </gpxtpx:TrackPointExtension>
        </extensions>
      </trkpt>
      <trkpt lat="28.80583068954416" lon="115.87566914249548">
        <ele>36.71034460607916</ele>
        <time>1970-01-01T00:31:35.700000Z</time>
        <extensions>
          <gpxtpx:TrackPointExtension>
            <gpxtpx:hr>168</gpxtpx:hr>
          </gpxtpx:TrackPointExtension>
        </extensions>
      </trkpt>
      <trkpt lat="28.80581210348496" lon="115.87565749325849">
        <ele>36.69014871120453</ele>
        <time>1970-01-01T00:31:36.700000Z</time>
        <extensions>
          <gpxtpx:TrackPointExtension>
            <gpxtpx:hr>168</gpxtpx:hr>
          </gpxtpx:TrackPointExtension>
        </extensions>
      </trkpt>
      <trkpt lat="28.805791125969336" lon="115.87564633768032">
        <ele>36.67272764258087</ele>
        <time>1970-01-01T00:31:37.700000Z</time>
        <extensions>
          <gpxtpx:TrackPointExtension>
            <gpxtpx:hr>168</gpxtpx:hr>
          </gpxtpx:TrackPointExtension>
        </extensions>
      </trkpt>
      <trkpt lat="28.805766926823903" lon="115.8756352407046">
        <ele>36.65866968687624</ele>
        <time>1970-01-01T00:31:38.700000Z</time>
        <extensions>
          <gpxtpx:TrackPointExtension>
            <gpxtpx:hr>168</gpxtpx:hr>
          </gpxtpx:TrackPointExtension>
        </extensions>
      </trkpt>
      <trkpt lat="28.805741269803914" lon="115.87562405034082">
        <ele>36.647573868744075</ele>
        <time>1970-01-01T00:31:39.700000Z</time>
        <extensions>
          <gpxtpx:TrackPointExtension>
            <gpxtpx:hr>168</gpxtpx:hr>
          </gpxtpx:TrackPointExtension>
        </extensions>
      </trkpt>
      <trkpt lat="28.805716596167077" lon="115.87561320056794">
        <ele>36.638249987736344</ele>
        <time>1970-01-01T00:31:40.700000Z</time>
        <extensions>
          <gpxtpx:TrackPointExtension>
            <gpxtpx:hr>168</gpxtpx:hr>
          </gpxtpx:TrackPointExtension>
        </extensions>
      </trkpt>
      <trkpt lat="28.805694466681587" lon="115.8756028123612">
        <ele>36.629505382850766</ele>
        <time>1970-01-01T00:31:41.700000Z</time>
        <extensions>
          <gpxtpx:TrackPointExtension>
            <gpxtpx:hr>168</gpxtpx:hr>
          </gpxtpx:TrackPointExtension>
        </extensions>
      </trkpt>
      <trkpt lat="28.805673352201055" lon="115.87559271414878">
        <ele>36.620506030507386</ele>
        <time>1970-01-01T00:31:42.700000Z</time>
        <extensions>
          <gpxtpx:TrackPointExtension>
            <gpxtpx:hr>167</gpxtpx:hr>
          </gpxtpx:TrackPointExtension>
        </extensions>
      </trkpt>
      <trkpt lat="28.805650439696954" lon="115.87558247399153">
        <ele>36.61075654998422</ele>
        <time>1970-01-01T00:31:43.700000Z</time>
        <extensions>
          <gpxtpx:TrackPointExtension>
            <gpxtpx:hr>167</gpxtpx:hr>
          </gpxtpx:TrackPointExtension>
        </extensions>
      </trkpt>
      <trkpt lat="28.805625233208172" lon="115.87557169318345">
        <ele>36.600146411918104</ele>
        <time>1970-01-01T00:31:44.700000Z</time>
        <extensions>
          <gpxtpx:TrackPointExtension>
            <gpxtpx:hr>167</gpxtpx:hr>
          </gpxtpx:TrackPointExtension>
        </extensions>
      </trkpt>
      <trkpt lat="28.805598908600956" lon="115.87556037235309">
        <ele>36.58894550707191</ele>
        <time>1970-01-01T00:31:45.700000Z</time>
        <extensions>
          <gpxtpx:TrackPointExtension>
            <gpxtpx:hr>167</gpxtpx:hr>
          </gpxtpx:TrackPointExtension>
        </extensions>
      </trkpt>
      <trkpt lat="28.805573099130598" lon="115.87554842632045">
        <ele>36.57745851948857</ele>
        <time>1970-01-01T00:31:46.700000Z</time>
        <extensions>
          <gpxtpx:TrackPointExtension>
            <gpxtpx:hr>167</gpxtpx:hr>
          </gpxtpx:TrackPointExtension>
        </extensions>
      </trkpt>
      <trkpt lat="28.805548623506436" lon="115.87553538083611">
        <ele>36.56551177427173</ele>
        <time>1970-01-01T00:31:47.700000Z</time>
        <extensions>
          <gpxtpx:TrackPointExtension>
            <gpxtpx:hr>168</gpxtpx:hr>
          </gpxtpx:TrackPointExtension>
        </extensions>
      </trkpt>
      <trkpt lat="28.80552476831095" lon="115.87552088572083">
        <ele>36.55291217658669</ele>
        <time>1970-01-01T00:31:48.700000Z</time>
        <extensions>
          <gpxtpx:TrackPointExtension>
            <gpxtpx:hr>168</gpxtpx:hr>
          </gpxtpx:TrackPointExtension>
        </extensions>
      </trkpt>
      <trkpt lat="28.805500842855878" lon="115.87550587049903">
        <ele>36.539734145626426</ele>
        <time>1970-01-01T00:31:49.700000Z</time>
        <extensions>
          <gpxtpx:TrackPointExtension>
            <gpxtpx:hr>168</gpxtpx:hr>
          </gpxtpx:TrackPointExtension>
        </extensions>
      </trkpt>
      <trkpt lat="28.805477376888557" lon="115.87549211281424">
        <ele>36.5263477768749</ele>
        <time>1970-01-01T00:31:50.700000Z</time>
        <extensions>
          <gpxtpx:TrackPointExtension>
            <gpxtpx:hr>167</gpxtpx:hr>
          </gpxtpx:TrackPointExtension>
        </extensions>
      </trkpt>
      <trkpt lat="28.805454469432497" lon="115.87548055188702">
        <ele>36.51334556750953</ele>
        <time>1970-01-01T00:31:51.700000Z</time>
        <extensions>
          <gpxtpx:TrackPointExtension>
            <gpxtpx:hr>167</gpxtpx:hr>
          </gpxtpx:TrackPointExtension>
        </extensions>
      </trkpt>
      <trkpt lat="28.80543133031087" lon="115.87547053402352">
        <ele>36.501229411922395</ele>
        <time>1970-01-01T00:31:52.700000Z</time>
        <extensions>
          <gpxtpx:TrackPointExtension>
            <gpxtpx:hr>167</gpxtpx:hr>
          </gpxtpx:TrackPointExtension>
        </extensions>
      </trkpt>
      <trkpt lat="28.805407809311806" lon="115.87546125504909">
        <ele>36.49011781718582</ele>
        <time>1970-01-01T00:31:53.700000Z</time>
        <extensions>
          <gpxtpx:TrackPointExtension>
            <gpxtpx:hr>167</gpxtpx:hr>
          </gpxtpx:TrackPointExtension>
        </extensions>
      </trkpt>
      <trkpt lat="28.805384587603868" lon="115.87545229498554">
        <ele>36.47955116536468</ele>
        <time>1970-01-01T00:31:54.700000Z</time>
        <extensions>
          <gpxtpx:TrackPointExtension>
            <gpxtpx:hr>167</gpxtpx:hr>
          </gpxtpx:TrackPointExtension>
        </extensions>
      </trkpt>
      <trkpt lat="28.805362126255893" lon="115.87544277160403">
        <ele>36.4690429540351</ele>
        <time>1970-01-01T00:31:55.700000Z</time>
        <extensions>
          <gpxtpx:TrackPointExtension>
            <gpxtpx:hr>167</gpxtpx:hr>
          </gpxtpx:TrackPointExtension>
        </extensions>
      </trkpt>
      <trkpt lat="28.805340208999727" lon="115.8754322891403">
        <ele>36.45816166792065</ele>
        <time>1970-01-01T00:31:56.700000Z</time>
        <extensions>
          <gpxtpx:TrackPointExtension>
            <gpxtpx:hr>167</gpxtpx:hr>
          </gpxtpx:TrackPointExtension>
        </extensions>
      </trkpt>
      <trkpt lat="28.80531823358863" lon="115.87542111817936">
        <ele>36.44663009233773</ele>
        <time>1970-01-01T00:31:57.700000Z</time>
        <extensions>
          <gpxtpx:TrackPointExtension>
            <gpxtpx:hr>167</gpxtpx:hr>
          </gpxtpx:TrackPointExtension>
        </extensions>
      </trkpt>
      <trkpt lat="28.80529617188599" lon="115.87541027153398">
        <ele>36.434508931823075</ele>
        <time>1970-01-01T00:31:58.700000Z</time>
        <extensions>
          <gpxtpx:TrackPointExtension>
            <gpxtpx:hr>167</gpxtpx:hr>
          </gpxtpx:TrackPointExtension>
        </extensions>
      </trkpt>
      <trkpt lat="28.805274695184085" lon="115.87540057984081">
        <ele>36.42224472016096</ele>
        <time>1970-01-01T00:31:59.700000Z</time>
        <extensions>
          <gpxtpx:TrackPointExtension>
            <gpxtpx:hr>167</gpxtpx:hr>
          </gpxtpx:TrackPointExtension>
        </extensions>
      </trkpt>
      <trkpt lat="28.8052535378019" lon="115.87539135952463">
        <ele>36.41031051799655</ele>
        <time>1970-01-01T00:32:00.700000Z</time>
        <extensions>
          <gpxtpx:TrackPointExtension>
            <gpxtpx:hr>167</gpxtpx:hr>
          </gpxtpx:TrackPointExtension>
        </extensions>
      </trkpt>
      <trkpt lat="28.805231847963338" lon="115.87538185844565">
        <ele>36.39939265418798</ele>
        <time>1970-01-01T00:32:01.700000Z</time>
        <extensions>
          <gpxtpx:TrackPointExtension>
            <gpxtpx:hr>167</gpxtpx:hr>
          </gpxtpx:TrackPointExtension>
        </extensions>
      </trkpt>
      <trkpt lat="28.80520990051682" lon="115.87537212213574">
        <ele>36.39000231400132</ele>
        <time>1970-01-01T00:32:02.700000Z</time>
        <extensions>
          <gpxtpx:TrackPointExtension>
            <gpxtpx:hr>167</gpxtpx:hr>
          </gpxtpx:TrackPointExtension>
        </extensions>
      </trkpt>
      <trkpt lat="28.805188694840375" lon="115.87536223879374">
        <ele>36.38219992723316</ele>
        <time>1970-01-01T00:32:03.700000Z</time>
        <extensions>
          <gpxtpx:TrackPointExtension>
            <gpxtpx:hr>167</gpxtpx:hr>
          </gpxtpx:TrackPointExtension>
        </extensions>
      </trkpt>
      <trkpt lat="28.805168130933513" lon="115.87535165156673">
        <ele>36.375317215919495</ele>
        <time>1970-01-01T00:32:04.700000Z</time>
        <extensions>
          <gpxtpx:TrackPointExtension>
            <gpxtpx:hr>167</gpxtpx:hr>
          </gpxtpx:TrackPointExtension>
        </extensions>
      </trkpt>
      <trkpt lat="28.805147641454663" lon="115.87534016832944">
        <ele>36.368167124688625</ele>
        <time>1970-01-01T00:32:05.700000Z</time>
        <extensions>
          <gpxtpx:TrackPointExtension>
            <gpxtpx:hr>165</gpxtpx:hr>
          </gpxtpx:TrackPointExtension>
        </extensions>
      </trkpt>
      <trkpt lat="28.805127316980688" lon="115.87532820918804">
        <ele>36.3591367918998</ele>
        <time>1970-01-01T00:32:06.700000Z</time>
        <extensions>
          <gpxtpx:TrackPointExtension>
            <gpxtpx:hr>165</gpxtpx:hr>
          </gpxtpx:TrackPointExtension>
        </extensions>
      </trkpt>
      <trkpt lat="28.805107650030976" lon="115.87531622398278">
        <ele>36.346847402863204</ele>
        <time>1970-01-01T00:32:07.700000Z</time>
        <extensions>
          <gpxtpx:TrackPointExtension>
            <gpxtpx:hr>165</gpxtpx:hr>
          </gpxtpx:TrackPointExtension>
        </extensions>
      </trkpt>
      <trkpt lat="28.8050886888756" lon="115.87530444342603">
        <ele>36.33047664165497</ele>
        <time>1970-01-01T00:32:08.700000Z</time>
        <extensions>
          <gpxtpx:TrackPointExtension>
            <gpxtpx:hr>165</gpxtpx:hr>
          </gpxtpx:TrackPointExtension>
        </extensions>
      </trkpt>
      <trkpt lat="28.80506967148651" lon="115.8752926524145">
        <ele>36.309882920235395</ele>
        <time>1970-01-01T00:32:09.700000Z</time>
        <extensions>
          <gpxtpx:TrackPointExtension>
            <gpxtpx:hr>165</gpxtpx:hr>
          </gpxtpx:TrackPointExtension>
        </extensions>
      </trkpt>
      <trkpt lat="28.80504917525682" lon="115.87528043672768">
        <ele>36.28516416717321</ele>
        <time>1970-01-01T00:32:10.700000Z</time>
        <extensions>
          <gpxtpx:TrackPointExtension>
            <gpxtpx:hr>166</gpxtpx:hr>
          </gpxtpx:TrackPointExtension>
        </extensions>
      </trkpt>
      <trkpt lat="28.80502664587081" lon="115.87526777173595">
        <ele>36.25686638429761</ele>
        <time>1970-01-01T00:32:11.700000Z</time>
        <extensions>
          <gpxtpx:TrackPointExtension>
            <gpxtpx:hr>166</gpxtpx:hr>
          </gpxtpx:TrackPointExtension>
        </extensions>
      </trkpt>
      <trkpt lat="28.805003436332363" lon="115.8752557406872">
        <ele>36.22187520656735</ele>
        <time>1970-01-01T00:32:12.700000Z</time>
        <extensions>
          <gpxtpx:TrackPointExtension>
            <gpxtpx:hr>166</gpxtpx:hr>
          </gpxtpx:TrackPointExtension>
        </extensions>
      </trkpt>
      <trkpt lat="28.804980764567013" lon="115.87524515795279">
        <ele>36.18992988392711</ele>
        <time>1970-01-01T00:32:13.700000Z</time>
        <extensions>
          <gpxtpx:TrackPointExtension>
            <gpxtpx:hr>166</gpxtpx:hr>
          </gpxtpx:TrackPointExtension>
        </extensions>
      </trkpt>
      <trkpt lat="28.804958536965383" lon="115.87523573824251">
        <ele>36.15872141998261</ele>
        <time>1970-01-01T00:32:14.700000Z</time>
        <extensions>
          <gpxtpx:TrackPointExtension>
            <gpxtpx:hr>166</gpxtpx:hr>
          </gpxtpx:TrackPointExtension>
        </extensions>
      </trkpt>
      <trkpt lat="28.80493606481369" lon="115.87522708315753">
        <ele>36.129687670618296</ele>
        <time>1970-01-01T00:32:15.700000Z</time>
        <extensions>
          <gpxtpx:TrackPointExtension>
            <gpxtpx:hr>166</gpxtpx:hr>
          </gpxtpx:TrackPointExtension>
        </extensions>
      </trkpt>
      <trkpt lat="28.80491329173652" lon="115.8752188409919">
        <ele>36.103879455477</ele>
        <time>1970-01-01T00:32:16.700000Z</time>
        <extensions>
          <gpxtpx:TrackPointExtension>
            <gpxtpx:hr>166</gpxtpx:hr>
          </gpxtpx:TrackPointExtension>
        </extensions>
      </trkpt>
      <trkpt lat="28.80489056089594" lon="115.87521079170183">
        <ele>36.081933507695794</ele>
        <time>1970-01-01T00:32:17.700000Z</time>
        <extensions>
          <gpxtpx:TrackPointExtension>
            <gpxtpx:hr>166</gpxtpx:hr>
          </gpxtpx:TrackPointExtension>
        </extensions>
      </trkpt>
      <trkpt lat="28.804867707109825" lon="115.87520286593441">
        <ele>36.064280920661986</ele>
        <time>1970-01-01T00:32:18.700000Z</time>
        <extensions>
          <gpxtpx:TrackPointExtension>
            <gpxtpx:hr>166</gpxtpx:hr>
          </gpxtpx:TrackPointExtension>
        </extensions>
      </trkpt>
      <trkpt lat="28.804844352299586" lon="115.87519455328018">
        <ele>36.05185288004577</ele>
        <time>1970-01-01T00:32:19.700000Z</time>
        <extensions>
          <gpxtpx:TrackPointExtension>
            <gpxtpx:hr>166</gpxtpx:hr>
          </gpxtpx:TrackPointExtension>
        </extensions>
      </trkpt>
      <trkpt lat="28.804820531845294" lon="115.87518575058738">
        <ele>36.04561423603445</ele>
        <time>1970-01-01T00:32:20.700000Z</time>
        <extensions>
          <gpxtpx:TrackPointExtension>
            <gpxtpx:hr>167</gpxtpx:hr>
          </gpxtpx:TrackPointExtension>
        </extensions>
      </trkpt>
      <trkpt lat="28.80479659607924" lon="115.87517714114449">
        <ele>36.0465696612373</ele>
        <time>1970-01-01T00:32:21.700000Z</time>
        <extensions>
          <gpxtpx:TrackPointExtension>
            <gpxtpx:hr>167</gpxtpx:hr>
          </gpxtpx:TrackPointExtension>
        </extensions>
      </trkpt>
      <trkpt lat="28.804764353410164" lon="115.87516694735957">
        <ele>36.04325733426958</ele>
        <time>1970-01-01T00:32:23.100000Z</time>
        <extensions>
          <gpxtpx:TrackPointExtension>
            <gpxtpx:hr>167</gpxtpx:hr>
          </gpxtpx:TrackPointExtension>
        </extensions>
      </trkpt>
      <trkpt lat="28.8047473784427" lon="115.87516216217253">
        <ele>36.039430550299585</ele>
        <time>1970-01-01T00:32:23.700000Z</time>
        <extensions>
          <gpxtpx:TrackPointExtension>
            <gpxtpx:hr>167</gpxtpx:hr>
          </gpxtpx:TrackPointExtension>
        </extensions>
      </trkpt>
      <trkpt lat="28.804720652194572" lon="115.8751548774979">
        <ele>36.03432787489146</ele>
        <time>1970-01-01T00:32:24.700000Z</time>
        <extensions>
          <gpxtpx:TrackPointExtension>
            <gpxtpx:hr>167</gpxtpx:hr>
          </gpxtpx:TrackPointExtension>
        </extensions>
      </trkpt>
      <trkpt lat="28.804692020460802" lon="115.87514718361591">
        <ele>36.03396367561072</ele>
        <time>1970-01-01T00:32:25.700000Z</time>
        <extensions>
          <gpxtpx:TrackPointExtension>
            <gpxtpx:hr>167</gpxtpx:hr>
          </gpxtpx:TrackPointExtension>
        </extensions>
      </trkpt>
      <trkpt lat="28.8046629771756" lon="115.87513882609171">
        <ele>36.03573445696384</ele>
        <time>1970-01-01T00:32:26.700000Z</time>
        <extensions>
          <gpxtpx:TrackPointExtension>
            <gpxtpx:hr>169</gpxtpx:hr>
          </gpxtpx:TrackPointExtension>
        </extensions>
      </trkpt>
      <trkpt lat="28.804635821500973" lon="115.87512995501648">
        <ele>36.037206672132015</ele>
        <time>1970-01-01T00:32:27.700000Z</time>
        <extensions>
          <gpxtpx:TrackPointExtension>
            <gpxtpx:hr>169</gpxtpx:hr>
          </gpxtpx:TrackPointExtension>
        </extensions>
      </trkpt>
      <trkpt lat="28.804611124808172" lon="115.87512066954076">
        <ele>36.036820482462645</ele>
        <time>1970-01-01T00:32:28.700000Z</time>
        <extensions>
          <gpxtpx:TrackPointExtension>
            <gpxtpx:hr>169</gpxtpx:hr>
          </gpxtpx:TrackPointExtension>
        </extensions>
      </trkpt>
      <trkpt lat="28.80458733939832" lon="115.8751112702117">
        <ele>36.033979129977524</ele>
        <time>1970-01-01T00:32:29.700000Z</time>
        <extensions>
          <gpxtpx:TrackPointExtension>
            <gpxtpx:hr>169</gpxtpx:hr>
          </gpxtpx:TrackPointExtension>
        </extensions>
      </trkpt>
      <trkpt lat="28.80456289909485" lon="115.87510278962674">
        <ele>36.028740965761244</ele>
        <time>1970-01-01T00:32:30.700000Z</time>
        <extensions>
          <gpxtpx:TrackPointExtension>
            <gpxtpx:hr>169</gpxtpx:hr>
          </gpxtpx:TrackPointExtension>
        </extensions>
      </trkpt>
      <trkpt lat="28.80453772288211" lon="115.87509577118014">
        <ele>36.02137504145503</ele>
        <time>1970-01-01T00:32:31.700000Z</time>
        <extensions>
          <gpxtpx:TrackPointExtension>
            <gpxtpx:hr>169</gpxtpx:hr>
          </gpxtpx:TrackPointExtension>
        </extensions>
      </trkpt>
      <trkpt lat="28.804512909931688" lon="115.87508990828474">
        <ele>36.01164713129401</ele>
        <time>1970-01-01T00:32:32.700000Z</time>
        <extensions>
          <gpxtpx:TrackPointExtension>
            <gpxtpx:hr>169</gpxtpx:hr>
          </gpxtpx:TrackPointExtension>
        </extensions>
      </trkpt>
      <trkpt lat="28.804488987624257" lon="115.87508432562778">
        <ele>35.999539942480624</ele>
        <time>1970-01-01T00:32:33.700000Z</time>
        <extensions>
          <gpxtpx:TrackPointExtension>
            <gpxtpx:hr>168</gpxtpx:hr>
          </gpxtpx:TrackPointExtension>
        </extensions>
      </trkpt>
      <trkpt lat="28.804465745456273" lon="115.87507868023944">
        <ele>35.98505020979792</ele>
        <time>1970-01-01T00:32:34.700000Z</time>
        <extensions>
          <gpxtpx:TrackPointExtension>
            <gpxtpx:hr>168</gpxtpx:hr>
          </gpxtpx:TrackPointExtension>
        </extensions>
      </trkpt>
      <trkpt lat="28.80444266190133" lon="115.87507349618186">
        <ele>35.96842307038605</ele>
        <time>1970-01-01T00:32:35.700000Z</time>
        <extensions>
          <gpxtpx:TrackPointExtension>
            <gpxtpx:hr>168</gpxtpx:hr>
          </gpxtpx:TrackPointExtension>
        </extensions>
      </trkpt>
      <trkpt lat="28.804419439928736" lon="115.87506898915224">
        <ele>35.950027011334896</ele>
        <time>1970-01-01T00:32:36.700000Z</time>
        <extensions>
          <gpxtpx:TrackPointExtension>
            <gpxtpx:hr>168</gpxtpx:hr>
          </gpxtpx:TrackPointExtension>
        </extensions>
      </trkpt>
      <trkpt lat="28.80439699576886" lon="115.8750648180025">
        <ele>35.93001328688115</ele>
        <time>1970-01-01T00:32:37.700000Z</time>
        <extensions>
          <gpxtpx:TrackPointExtension>
            <gpxtpx:hr>167</gpxtpx:hr>
          </gpxtpx:TrackPointExtension>
        </extensions>
      </trkpt>
      <trkpt lat="28.804374785623512" lon="115.8750602903438">
        <ele>35.90885829459876</ele>
        <time>1970-01-01T00:32:38.700000Z</time>
        <extensions>
          <gpxtpx:TrackPointExtension>
            <gpxtpx:hr>167</gpxtpx:hr>
          </gpxtpx:TrackPointExtension>
        </extensions>
      </trkpt>
      <trkpt lat="28.80435182496119" lon="115.87505532231168">
        <ele>35.88726193178445</ele>
        <time>1970-01-01T00:32:39.700000Z</time>
        <extensions>
          <gpxtpx:TrackPointExtension>
            <gpxtpx:hr>167</gpxtpx:hr>
          </gpxtpx:TrackPointExtension>
        </extensions>
      </trkpt>
      <trkpt lat="28.804327652401728" lon="115.87505038230034">
        <ele>35.86621644999832</ele>
        <time>1970-01-01T00:32:40.700000Z</time>
        <extensions>
          <gpxtpx:TrackPointExtension>
            <gpxtpx:hr>167</gpxtpx:hr>
          </gpxtpx:TrackPointExtension>
        </extensions>
      </trkpt>
      <trkpt lat="28.804301803387727" lon="115.87504575040164">
        <ele>35.84658910240978</ele>
        <time>1970-01-01T00:32:41.700000Z</time>
        <extensions>
          <gpxtpx:TrackPointExtension>
            <gpxtpx:hr>167</gpxtpx:hr>
          </gpxtpx:TrackPointExtension>
        </extensions>
      </trkpt>
      <trkpt lat="28.804275507795996" lon="115.87504142665479">
        <ele>35.82876489683986</ele>
        <time>1970-01-01T00:32:42.700000Z</time>
        <extensions>
          <gpxtpx:TrackPointExtension>
            <gpxtpx:hr>167</gpxtpx:hr>
          </gpxtpx:TrackPointExtension>
        </extensions>
      </trkpt>
      <trkpt lat="28.80424916185699" lon="115.87503717571768">
        <ele>35.812722460366786</ele>
        <time>1970-01-01T00:32:43.700000Z</time>
        <extensions>
          <gpxtpx:TrackPointExtension>
            <gpxtpx:hr>167</gpxtpx:hr>
          </gpxtpx:TrackPointExtension>
        </extensions>
      </trkpt>
      <trkpt lat="28.80422253765571" lon="115.87503300536478">
        <ele>35.79808004386723</ele>
        <time>1970-01-01T00:32:44.700000Z</time>
        <extensions>
          <gpxtpx:TrackPointExtension>
            <gpxtpx:hr>167</gpxtpx:hr>
          </gpxtpx:TrackPointExtension>
        </extensions>
      </trkpt>
      <trkpt lat="28.804196103748062" lon="115.87502917595849">
        <ele>35.78454972431064</ele>
        <time>1970-01-01T00:32:45.700000Z</time>
        <extensions>
          <gpxtpx:TrackPointExtension>
            <gpxtpx:hr>167</gpxtpx:hr>
          </gpxtpx:TrackPointExtension>
        </extensions>
      </trkpt>
      <trkpt lat="28.80416991892035" lon="115.87502583214372">
        <ele>35.77217893861234</ele>
        <time>1970-01-01T00:32:46.700000Z</time>
        <extensions>
          <gpxtpx:TrackPointExtension>
            <gpxtpx:hr>167</gpxtpx:hr>
          </gpxtpx:TrackPointExtension>
        </extensions>
      </trkpt>
      <trkpt lat="28.80414446073762" lon="115.87502249413089">
        <ele>35.76103438530117</ele>
        <time>1970-01-01T00:32:47.700000Z</time>
        <extensions>
          <gpxtpx:TrackPointExtension>
            <gpxtpx:hr>167</gpxtpx:hr>
          </gpxtpx:TrackPointExtension>
        </extensions>
      </trkpt>
      <trkpt lat="28.804120028855596" lon="115.87501882943059">
        <ele>35.75072062108666</ele>
        <time>1970-01-01T00:32:48.700000Z</time>
        <extensions>
          <gpxtpx:TrackPointExtension>
            <gpxtpx:hr>168</gpxtpx:hr>
          </gpxtpx:TrackPointExtension>
        </extensions>
      </trkpt>
      <trkpt lat="28.804095899802665" lon="115.87501520824003">
        <ele>35.74079004768282</ele>
        <time>1970-01-01T00:32:49.700000Z</time>
        <extensions>
          <gpxtpx:TrackPointExtension>
            <gpxtpx:hr>168</gpxtpx:hr>
          </gpxtpx:TrackPointExtension>
        </extensions>
      </trkpt>
      <trkpt lat="28.804070986108844" lon="115.87501190438367">
        <ele>35.731231157667935</ele>
        <time>1970-01-01T00:32:50.700000Z</time>
        <extensions>
          <gpxtpx:TrackPointExtension>
            <gpxtpx:hr>168</gpxtpx:hr>
          </gpxtpx:TrackPointExtension>
        </extensions>
      </trkpt>
      <trkpt lat="28.80404529123979" lon="115.87500885356454">
        <ele>35.72243255376816</ele>
        <time>1970-01-01T00:32:51.700000Z</time>
        <extensions>
          <gpxtpx:TrackPointExtension>
            <gpxtpx:hr>168</gpxtpx:hr>
          </gpxtpx:TrackPointExtension>
        </extensions>
      </trkpt>
      <trkpt lat="28.80402054337353" lon="115.87500577861353">
        <ele>35.71492126584053</ele>
        <time>1970-01-01T00:32:52.700000Z</time>
        <extensions>
          <gpxtpx:TrackPointExtension>
            <gpxtpx:hr>168</gpxtpx:hr>
          </gpxtpx:TrackPointExtension>
        </extensions>
      </trkpt>
      <trkpt lat="28.803998147014415" lon="115.87500234730523">
        <ele>35.708841137588024</ele>
        <time>1970-01-01T00:32:53.700000Z</time>
        <extensions>
          <gpxtpx:TrackPointExtension>
            <gpxtpx:hr>169</gpxtpx:hr>
          </gpxtpx:TrackPointExtension>
        </extensions>
      </trkpt>
      <trkpt lat="28.803976482047574" lon="115.874998181742">
        <ele>35.703842864371836</ele>
        <time>1970-01-01T00:32:54.700000Z</time>
        <extensions>
          <gpxtpx:TrackPointExtension>
            <gpxtpx:hr>169</gpxtpx:hr>
          </gpxtpx:TrackPointExtension>
        </extensions>
      </trkpt>
      <trkpt lat="28.80395396436978" lon="115.87499379592902">
        <ele>35.69916034862399</ele>
        <time>1970-01-01T00:32:55.700000Z</time>
        <extensions>
          <gpxtpx:TrackPointExtension>
            <gpxtpx:hr>169</gpxtpx:hr>
          </gpxtpx:TrackPointExtension>
        </extensions>
      </trkpt>
      <trkpt lat="28.80393073951832" lon="115.87499051435661">
        <ele>35.69370663911104</ele>
        <time>1970-01-01T00:32:56.700000Z</time>
        <extensions>
          <gpxtpx:TrackPointExtension>
            <gpxtpx:hr>168</gpxtpx:hr>
          </gpxtpx:TrackPointExtension>
        </extensions>
      </trkpt>
      <trkpt lat="28.803906493856438" lon="115.87498888074956">
        <ele>35.68632029276341</ele>
        <time>1970-01-01T00:32:57.700000Z</time>
        <extensions>
          <gpxtpx:TrackPointExtension>
            <gpxtpx:hr>168</gpxtpx:hr>
          </gpxtpx:TrackPointExtension>
        </extensions>
      </trkpt>
      <trkpt lat="28.803881461962266" lon="115.87498840906092">
        <ele>35.67620292957872</ele>
        <time>1970-01-01T00:32:58.700000Z</time>
        <extensions>
          <gpxtpx:TrackPointExtension>
            <gpxtpx:hr>168</gpxtpx:hr>
          </gpxtpx:TrackPointExtension>
        </extensions>
      </trkpt>
      <trkpt lat="28.803855790122185" lon="115.87498782564418">
        <ele>35.663001566194</ele>
        <time>1970-01-01T00:32:59.700000Z</time>
        <extensions>
          <gpxtpx:TrackPointExtension>
            <gpxtpx:hr>168</gpxtpx:hr>
          </gpxtpx:TrackPointExtension>
        </extensions>
      </trkpt>
      <trkpt lat="28.803829410176352" lon="115.87498632281573">
        <ele>35.64661325328052</ele>
        <time>1970-01-01T00:33:00.700000Z</time>
        <extensions>
          <gpxtpx:TrackPointExtension>
            <gpxtpx:hr>168</gpxtpx:hr>
          </gpxtpx:TrackPointExtension>
        </extensions>
      </trkpt>
      <trkpt lat="28.803802104934405" lon="115.87498423771723">
        <ele>35.62733242101967</ele>
        <time>1970-01-01T00:33:01.700000Z</time>
        <extensions>
          <gpxtpx:TrackPointExtension>
            <gpxtpx:hr>168</gpxtpx:hr>
          </gpxtpx:TrackPointExtension>
        </extensions>
      </trkpt>
      <trkpt lat="28.80377435572398" lon="115.87498207108696">
        <ele>35.605742579326034</ele>
        <time>1970-01-01T00:33:02.700000Z</time>
        <extensions>
          <gpxtpx:TrackPointExtension>
            <gpxtpx:hr>168</gpxtpx:hr>
          </gpxtpx:TrackPointExtension>
        </extensions>
      </trkpt>
      <trkpt lat="28.803747324979213" lon="115.87497986582406">
        <ele>35.5826448071748</ele>
        <time>1970-01-01T00:33:03.700000Z</time>
        <extensions>
          <gpxtpx:TrackPointExtension>
            <gpxtpx:hr>168</gpxtpx:hr>
          </gpxtpx:TrackPointExtension>
        </extensions>
      </trkpt>
      <trkpt lat="28.803721149277532" lon="115.8749770899169">
        <ele>35.558964151889086</ele>
        <time>1970-01-01T00:33:04.700000Z</time>
        <extensions>
          <gpxtpx:TrackPointExtension>
            <gpxtpx:hr>168</gpxtpx:hr>
          </gpxtpx:TrackPointExtension>
        </extensions>
      </trkpt>
      <trkpt lat="28.803695087293253" lon="115.87497376235156">
        <ele>35.53571358323097</ele>
        <time>1970-01-01T00:33:05.700000Z</time>
        <extensions>
          <gpxtpx:TrackPointExtension>
            <gpxtpx:hr>168</gpxtpx:hr>
          </gpxtpx:TrackPointExtension>
        </extensions>
      </trkpt>
      <trkpt lat="28.80366880920852" lon="115.8749709608577">
        <ele>35.51385051291436</ele>
        <time>1970-01-01T00:33:06.700000Z</time>
        <extensions>
          <gpxtpx:TrackPointExtension>
            <gpxtpx:hr>168</gpxtpx:hr>
          </gpxtpx:TrackPointExtension>
        </extensions>
      </trkpt>
      <trkpt lat="28.8036423641571" lon="115.87496986360856">
        <ele>35.494158768095076</ele>
        <time>1970-01-01T00:33:07.700000Z</time>
        <extensions>
          <gpxtpx:TrackPointExtension>
            <gpxtpx:hr>168</gpxtpx:hr>
          </gpxtpx:TrackPointExtension>
        </extensions>
      </trkpt>
      <trkpt lat="28.80361600738496" lon="115.87497056568195">
        <ele>35.477014005184174</ele>
        <time>1970-01-01T00:33:08.700000Z</time>
        <extensions>
          <gpxtpx:TrackPointExtension>
            <gpxtpx:hr>168</gpxtpx:hr>
          </gpxtpx:TrackPointExtension>
        </extensions>
      </trkpt>
      <trkpt lat="28.80359018291381" lon="115.87497177093476">
        <ele>35.462217268534005</ele>
        <time>1970-01-01T00:33:09.700000Z</time>
        <extensions>
          <gpxtpx:TrackPointExtension>
            <gpxtpx:hr>168</gpxtpx:hr>
          </gpxtpx:TrackPointExtension>
        </extensions>
      </trkpt>
      <trkpt lat="28.80356520245488" lon="115.87497217769562">
        <ele>35.44902014732361</ele>
        <time>1970-01-01T00:33:10.700000Z</time>
        <extensions>
          <gpxtpx:TrackPointExtension>
            <gpxtpx:hr>168</gpxtpx:hr>
          </gpxtpx:TrackPointExtension>
        </extensions>
      </trkpt>
      <trkpt lat="28.80354094312333" lon="115.87497169388229">
        <ele>35.436790904030204</ele>
        <time>1970-01-01T00:33:11.700000Z</time>
        <extensions>
          <gpxtpx:TrackPointExtension>
            <gpxtpx:hr>168</gpxtpx:hr>
          </gpxtpx:TrackPointExtension>
        </extensions>
      </trkpt>
      <trkpt lat="28.803516691721065" lon="115.87497126150336">
        <ele>35.4249475505203</ele>
        <time>1970-01-01T00:33:12.700000Z</time>
        <extensions>
          <gpxtpx:TrackPointExtension>
            <gpxtpx:hr>168</gpxtpx:hr>
          </gpxtpx:TrackPointExtension>
        </extensions>
      </trkpt>
      <trkpt lat="28.803492190218915" lon="115.87497167772672">
        <ele>35.41303713712841</ele>
        <time>1970-01-01T00:33:13.700000Z</time>
        <extensions>
          <gpxtpx:TrackPointExtension>
            <gpxtpx:hr>167</gpxtpx:hr>
          </gpxtpx:TrackPointExtension>
        </extensions>
      </trkpt>
      <trkpt lat="28.803467700177237" lon="115.87497282927212">
        <ele>35.40059600118548</ele>
        <time>1970-01-01T00:33:14.700000Z</time>
        <extensions>
          <gpxtpx:TrackPointExtension>
            <gpxtpx:hr>167</gpxtpx:hr>
          </gpxtpx:TrackPointExtension>
        </extensions>
      </trkpt>
      <trkpt lat="28.803443633634394" lon="115.8749739955412">
        <ele>35.38729873485863</ele>
        <time>1970-01-01T00:33:15.700000Z</time>
        <extensions>
          <gpxtpx:TrackPointExtension>
            <gpxtpx:hr>167</gpxtpx:hr>
          </gpxtpx:TrackPointExtension>
        </extensions>
      </trkpt>
      <trkpt lat="28.803420514061" lon="115.87497428564043">
        <ele>35.37317235954106</ele>
        <time>1970-01-01T00:33:16.700000Z</time>
        <extensions>
          <gpxtpx:TrackPointExtension>
            <gpxtpx:hr>167</gpxtpx:hr>
          </gpxtpx:TrackPointExtension>
        </extensions>
      </trkpt>
      <trkpt lat="28.803397569255967" lon="115.87497366182585">
        <ele>35.358556378632784</ele>
        <time>1970-01-01T00:33:17.700000Z</time>
        <extensions>
          <gpxtpx:TrackPointExtension>
            <gpxtpx:hr>167</gpxtpx:hr>
          </gpxtpx:TrackPointExtension>
        </extensions>
      </trkpt>
      <trkpt lat="28.803373365645367" lon="115.87497283200533">
        <ele>35.34407251048833</ele>
        <time>1970-01-01T00:33:18.700000Z</time>
        <extensions>
          <gpxtpx:TrackPointExtension>
            <gpxtpx:hr>167</gpxtpx:hr>
          </gpxtpx:TrackPointExtension>
        </extensions>
      </trkpt>
      <trkpt lat="28.80334787039412" lon="115.87497233459843">
        <ele>35.33036861382425</ele>
        <time>1970-01-01T00:33:19.700000Z</time>
        <extensions>
          <gpxtpx:TrackPointExtension>
            <gpxtpx:hr>167</gpxtpx:hr>
          </gpxtpx:TrackPointExtension>
        </extensions>
      </trkpt>
      <trkpt lat="28.803321636200625" lon="115.87497272114769">
        <ele>35.31788868550211</ele>
        <time>1970-01-01T00:33:20.700000Z</time>
        <extensions>
          <gpxtpx:TrackPointExtension>
            <gpxtpx:hr>169</gpxtpx:hr>
          </gpxtpx:TrackPointExtension>
        </extensions>
      </trkpt>
      <trkpt lat="28.80329496760905" lon="115.87497407256039">
        <ele>35.30662151705474</ele>
        <time>1970-01-01T00:33:21.700000Z</time>
        <extensions>
          <gpxtpx:TrackPointExtension>
            <gpxtpx:hr>169</gpxtpx:hr>
          </gpxtpx:TrackPointExtension>
        </extensions>
      </trkpt>
      <trkpt lat="28.803267993832286" lon="115.87497624044086">
        <ele>35.29621991422027</ele>
        <time>1970-01-01T00:33:22.700000Z</time>
        <extensions>
          <gpxtpx:TrackPointExtension>
            <gpxtpx:hr>169</gpxtpx:hr>
          </gpxtpx:TrackPointExtension>
        </extensions>
      </trkpt>
      <trkpt lat="28.803241125025075" lon="115.87497914341724">
        <ele>35.28621694818139</ele>
        <time>1970-01-01T00:33:23.700000Z</time>
        <extensions>
          <gpxtpx:TrackPointExtension>
            <gpxtpx:hr>169</gpxtpx:hr>
          </gpxtpx:TrackPointExtension>
        </extensions>
      </trkpt>
      <trkpt lat="28.80321457945062" lon="115.87498255670617">
        <ele>35.27676621358842</ele>
        <time>1970-01-01T00:33:24.700000Z</time>
        <extensions>
          <gpxtpx:TrackPointExtension>
            <gpxtpx:hr>169</gpxtpx:hr>
          </gpxtpx:TrackPointExtension>
        </extensions>
      </trkpt>
      <trkpt lat="28.80318834430992" lon="115.87498655695896">
        <ele>35.26839312259108</ele>
        <time>1970-01-01T00:33:25.700000Z</time>
        <extensions>
          <gpxtpx:TrackPointExtension>
            <gpxtpx:hr>169</gpxtpx:hr>
          </gpxtpx:TrackPointExtension>
        </extensions>
      </trkpt>
      <trkpt lat="28.803162576609864" lon="115.87499119471806">
        <ele>35.26117488183081</ele>
        <time>1970-01-01T00:33:26.700000Z</time>
        <extensions>
          <gpxtpx:TrackPointExtension>
            <gpxtpx:hr>170</gpxtpx:hr>
          </gpxtpx:TrackPointExtension>
        </extensions>
      </trkpt>
      <trkpt lat="28.803137284512054" lon="115.87499610913177">
        <ele>35.25463827326894</ele>
        <time>1970-01-01T00:33:27.700000Z</time>
        <extensions>
          <gpxtpx:TrackPointExtension>
            <gpxtpx:hr>170</gpxtpx:hr>
          </gpxtpx:TrackPointExtension>
        </extensions>
      </trkpt>
      <trkpt lat="28.803112222225703" lon="115.8750007177297">
        <ele>35.2479847650975</ele>
        <time>1970-01-01T00:33:28.700000Z</time>
        <extensions>
          <gpxtpx:TrackPointExtension>
            <gpxtpx:hr>170</gpxtpx:hr>
          </gpxtpx:TrackPointExtension>
        </extensions>
      </trkpt>
      <trkpt lat="28.803087490994958" lon="115.87500465288554">
        <ele>35.2412639092654</ele>
        <time>1970-01-01T00:33:29.700000Z</time>
        <extensions>
          <gpxtpx:TrackPointExtension>
            <gpxtpx:hr>170</gpxtpx:hr>
          </gpxtpx:TrackPointExtension>
        </extensions>
      </trkpt>
      <trkpt lat="28.803063431659012" lon="115.87500850184013">
        <ele>35.23471530992538</ele>
        <time>1970-01-01T00:33:30.700000Z</time>
        <extensions>
          <gpxtpx:TrackPointExtension>
            <gpxtpx:hr>170</gpxtpx:hr>
          </gpxtpx:TrackPointExtension>
        </extensions>
      </trkpt>
      <trkpt lat="28.803039753441045" lon="115.8750130213908">
        <ele>35.22829465381801</ele>
        <time>1970-01-01T00:33:31.700000Z</time>
        <extensions>
          <gpxtpx:TrackPointExtension>
            <gpxtpx:hr>170</gpxtpx:hr>
          </gpxtpx:TrackPointExtension>
        </extensions>
      </trkpt>
      <trkpt lat="28.803016109483988" lon="115.87501838450704">
        <ele>35.221256262622774</ele>
        <time>1970-01-01T00:33:32.700000Z</time>
        <extensions>
          <gpxtpx:TrackPointExtension>
            <gpxtpx:hr>171</gpxtpx:hr>
          </gpxtpx:TrackPointExtension>
        </extensions>
      </trkpt>
      <trkpt lat="28.80299206252468" lon="115.8750243532222">
        <ele>35.21200695540756</ele>
        <time>1970-01-01T00:33:33.700000Z</time>
        <extensions>
          <gpxtpx:TrackPointExtension>
            <gpxtpx:hr>171</gpxtpx:hr>
          </gpxtpx:TrackPointExtension>
        </extensions>
      </trkpt>
      <trkpt lat="28.8029672635908" lon="115.87502999046137">
        <ele>35.199519995599985</ele>
        <time>1970-01-01T00:33:34.700000Z</time>
        <extensions>
          <gpxtpx:TrackPointExtension>
            <gpxtpx:hr>171</gpxtpx:hr>
          </gpxtpx:TrackPointExtension>
        </extensions>
      </trkpt>
      <trkpt lat="28.80294126732262" lon="115.87503463259162">
        <ele>35.18317742086947</ele>
        <time>1970-01-01T00:33:35.700000Z</time>
        <extensions>
          <gpxtpx:TrackPointExtension>
            <gpxtpx:hr>171</gpxtpx:hr>
          </gpxtpx:TrackPointExtension>
        </extensions>
      </trkpt>
      <trkpt lat="28.802913716749142" lon="115.87503830617892">
        <ele>35.163299567997456</ele>
        <time>1970-01-01T00:33:36.700000Z</time>
        <extensions>
          <gpxtpx:TrackPointExtension>
            <gpxtpx:hr>171</gpxtpx:hr>
          </gpxtpx:TrackPointExtension>
        </extensions>
      </trkpt>
      <trkpt lat="28.802885156239313" lon="115.87504139410332">
        <ele>35.14102151338011</ele>
        <time>1970-01-01T00:33:37.700000Z</time>
        <extensions>
          <gpxtpx:TrackPointExtension>
            <gpxtpx:hr>171</gpxtpx:hr>
          </gpxtpx:TrackPointExtension>
        </extensions>
      </trkpt>
      <trkpt lat="28.802856334888904" lon="115.87504416705563">
        <ele>35.104783138260245</ele>
        <time>1970-01-01T00:33:38.700000Z</time>
        <extensions>
          <gpxtpx:TrackPointExtension>
            <gpxtpx:hr>171</gpxtpx:hr>
          </gpxtpx:TrackPointExtension>
        </extensions>
      </trkpt>
      <trkpt lat="28.80282801074712" lon="115.8750469578747">
        <ele>35.06970045529306</ele>
        <time>1970-01-01T00:33:39.700000Z</time>
        <extensions>
          <gpxtpx:TrackPointExtension>
            <gpxtpx:hr>171</gpxtpx:hr>
          </gpxtpx:TrackPointExtension>
        </extensions>
      </trkpt>
      <trkpt lat="28.802800707797942" lon="115.87504977710266">
        <ele>35.03545642271638</ele>
        <time>1970-01-01T00:33:40.700000Z</time>
        <extensions>
          <gpxtpx:TrackPointExtension>
            <gpxtpx:hr>172</gpxtpx:hr>
          </gpxtpx:TrackPointExtension>
        </extensions>
      </trkpt>
      <trkpt lat="28.802774442152124" lon="115.8750523993845">
        <ele>35.003072794526815</ele>
        <time>1970-01-01T00:33:41.700000Z</time>
        <extensions>
          <gpxtpx:TrackPointExtension>
            <gpxtpx:hr>172</gpxtpx:hr>
          </gpxtpx:TrackPointExtension>
        </extensions>
      </trkpt>
      <trkpt lat="28.802748837465625" lon="115.87505568242435">
        <ele>34.97939017880708</ele>
        <time>1970-01-01T00:33:42.700000Z</time>
        <extensions>
          <gpxtpx:TrackPointExtension>
            <gpxtpx:hr>172</gpxtpx:hr>
          </gpxtpx:TrackPointExtension>
        </extensions>
      </trkpt>
      <trkpt lat="28.802723780579324" lon="115.87506023355587">
        <ele>34.965928559191525</ele>
        <time>1970-01-01T00:33:43.700000Z</time>
        <extensions>
          <gpxtpx:TrackPointExtension>
            <gpxtpx:hr>172</gpxtpx:hr>
          </gpxtpx:TrackPointExtension>
        </extensions>
      </trkpt>
      <trkpt lat="28.802699608856972" lon="115.87506583906458">
        <ele>34.96165622398257</ele>
        <time>1970-01-01T00:33:44.700000Z</time>
        <extensions>
          <gpxtpx:TrackPointExtension>
            <gpxtpx:hr>172</gpxtpx:hr>
          </gpxtpx:TrackPointExtension>
        </extensions>
      </trkpt>
      <trkpt lat="28.802676181877043" lon="115.87507203038919">
        <ele>34.96781345549971</ele>
        <time>1970-01-01T00:33:45.700000Z</time>
        <extensions>
          <gpxtpx:TrackPointExtension>
            <gpxtpx:hr>172</gpxtpx:hr>
          </gpxtpx:TrackPointExtension>
        </extensions>
      </trkpt>
      <trkpt lat="28.80265256177523" lon="115.87507827372139">
        <ele>34.98763596545905</ele>
        <time>1970-01-01T00:33:46.700000Z</time>
        <extensions>
          <gpxtpx:TrackPointExtension>
            <gpxtpx:hr>172</gpxtpx:hr>
          </gpxtpx:TrackPointExtension>
        </extensions>
      </trkpt>
      <trkpt lat="28.802627634768427" lon="115.87508429639415">
        <ele>35.02721076551825</ele>
        <time>1970-01-01T00:33:47.700000Z</time>
        <extensions>
          <gpxtpx:TrackPointExtension>
            <gpxtpx:hr>170</gpxtpx:hr>
          </gpxtpx:TrackPointExtension>
        </extensions>
      </trkpt>
      <trkpt lat="28.80257425561595" lon="115.87509538783209">
        <ele>35.101150329224765</ele>
        <time>1970-01-01T00:33:49.700000Z</time>
        <extensions>
          <gpxtpx:TrackPointExtension>
            <gpxtpx:hr>170</gpxtpx:hr>
          </gpxtpx:TrackPointExtension>
        </extensions>
      </trkpt>
      <trkpt lat="28.80254721590686" lon="115.8751008664068">
        <ele>35.1114318696782</ele>
        <time>1970-01-01T00:33:50.700000Z</time>
        <extensions>
          <gpxtpx:TrackPointExtension>
            <gpxtpx:hr>170</gpxtpx:hr>
          </gpxtpx:TrackPointExtension>
        </extensions>
      </trkpt>
      <trkpt lat="28.802521352556965" lon="115.8751068384885">
        <ele>35.08988250885159</ele>
        <time>1970-01-01T00:33:51.700000Z</time>
        <extensions>
          <gpxtpx:TrackPointExtension>
            <gpxtpx:hr>170</gpxtpx:hr>
          </gpxtpx:TrackPointExtension>
        </extensions>
      </trkpt>
      <trkpt lat="28.80249648821318" lon="115.8751135648978">
        <ele>35.03595949430019</ele>
        <time>1970-01-01T00:33:52.700000Z</time>
        <extensions>
          <gpxtpx:TrackPointExtension>
            <gpxtpx:hr>170</gpxtpx:hr>
          </gpxtpx:TrackPointExtension>
        </extensions>
      </trkpt>
      <trkpt lat="28.80248772264953" lon="115.87511616156723">
        <ele>35.0161127820611</ele>
        <time>1970-01-01T00:33:53.100000Z</time>
        <extensions>
          <gpxtpx:TrackPointExtension>
            <gpxtpx:hr>170</gpxtpx:hr>
          </gpxtpx:TrackPointExtension>
        </extensions>
      </trkpt>
      <trkpt lat="28.802472054391952" lon="115.87512085808294">
        <ele>34.97591444477439</ele>
        <time>1970-01-01T00:33:53.700000Z</time>
        <extensions>
          <gpxtpx:TrackPointExtension>
            <gpxtpx:hr>170</gpxtpx:hr>
          </gpxtpx:TrackPointExtension>
        </extensions>
      </trkpt>
      <trkpt lat="28.80244806779666" lon="115.87512799215878">
        <ele>34.928287740796804</ele>
        <time>1970-01-01T00:33:54.700000Z</time>
        <extensions>
          <gpxtpx:TrackPointExtension>
            <gpxtpx:hr>170</gpxtpx:hr>
          </gpxtpx:TrackPointExtension>
        </extensions>
      </trkpt>
      <trkpt lat="28.80242507598482" lon="115.87513488587994">
        <ele>34.90175751410425</ele>
        <time>1970-01-01T00:33:55.700000Z</time>
        <extensions>
          <gpxtpx:TrackPointExtension>
            <gpxtpx:hr>170</gpxtpx:hr>
          </gpxtpx:TrackPointExtension>
        </extensions>
      </trkpt>
      <trkpt lat="28.8024031769174" lon="115.87514197466248">
        <ele>34.88756665214896</ele>
        <time>1970-01-01T00:33:56.700000Z</time>
        <extensions>
          <gpxtpx:TrackPointExtension>
            <gpxtpx:hr>170</gpxtpx:hr>
          </gpxtpx:TrackPointExtension>
        </extensions>
      </trkpt>
      <trkpt lat="28.80238217261121" lon="115.87515006831643">
        <ele>34.878529611974955</ele>
        <time>1970-01-01T00:33:57.700000Z</time>
        <extensions>
          <gpxtpx:TrackPointExtension>
            <gpxtpx:hr>169</gpxtpx:hr>
          </gpxtpx:TrackPointExtension>
        </extensions>
      </trkpt>
      <trkpt lat="28.802362067666174" lon="115.87515979316245">
        <ele>34.86952478531748</ele>
        <time>1970-01-01T00:33:58.700000Z</time>
        <extensions>
          <gpxtpx:TrackPointExtension>
            <gpxtpx:hr>169</gpxtpx:hr>
          </gpxtpx:TrackPointExtension>
        </extensions>
      </trkpt>
      <trkpt lat="28.802342317265747" lon="115.87517073652984">
        <ele>34.85757483076304</ele>
        <time>1970-01-01T00:33:59.700000Z</time>
        <extensions>
          <gpxtpx:TrackPointExtension>
            <gpxtpx:hr>169</gpxtpx:hr>
          </gpxtpx:TrackPointExtension>
        </extensions>
      </trkpt>
      <trkpt lat="28.802321859993793" lon="115.87518225823133">
        <ele>34.84161192551255</ele>
        <time>1970-01-01T00:34:00.700000Z</time>
        <extensions>
          <gpxtpx:TrackPointExtension>
            <gpxtpx:hr>169</gpxtpx:hr>
          </gpxtpx:TrackPointExtension>
        </extensions>
      </trkpt>
      <trkpt lat="28.80230014676764" lon="115.87519385955903">
        <ele>34.821842652745545</ele>
        <time>1970-01-01T00:34:01.700000Z</time>
        <extensions>
          <gpxtpx:TrackPointExtension>
            <gpxtpx:hr>169</gpxtpx:hr>
          </gpxtpx:TrackPointExtension>
        </extensions>
      </trkpt>
      <trkpt lat="28.80227734008207" lon="115.87520517560253">
        <ele>34.786456659436226</ele>
        <time>1970-01-01T00:34:02.700000Z</time>
        <extensions>
          <gpxtpx:TrackPointExtension>
            <gpxtpx:hr>170</gpxtpx:hr>
          </gpxtpx:TrackPointExtension>
        </extensions>
      </trkpt>
      <trkpt lat="28.802253445524126" lon="115.87521644802479">
        <ele>34.749740999192</ele>
        <time>1970-01-01T00:34:03.700000Z</time>
        <extensions>
          <gpxtpx:TrackPointExtension>
            <gpxtpx:hr>170</gpxtpx:hr>
          </gpxtpx:TrackPointExtension>
        </extensions>
      </trkpt>
      <trkpt lat="28.80222828214306" lon="115.875228135111">
        <ele>34.71124564856291</ele>
        <time>1970-01-01T00:34:04.700000Z</time>
        <extensions>
          <gpxtpx:TrackPointExtension>
            <gpxtpx:hr>170</gpxtpx:hr>
          </gpxtpx:TrackPointExtension>
        </extensions>
      </trkpt>
      <trkpt lat="28.80220209941377" lon="115.87524031766819">
        <ele>34.67136915400624</ele>
        <time>1970-01-01T00:34:05.700000Z</time>
        <extensions>
          <gpxtpx:TrackPointExtension>
            <gpxtpx:hr>170</gpxtpx:hr>
          </gpxtpx:TrackPointExtension>
        </extensions>
      </trkpt>
      <trkpt lat="28.80217529122464" lon="115.87525276490157">
        <ele>34.630668222904205</ele>
        <time>1970-01-01T00:34:06.700000Z</time>
        <extensions>
          <gpxtpx:TrackPointExtension>
            <gpxtpx:hr>171</gpxtpx:hr>
          </gpxtpx:TrackPointExtension>
        </extensions>
      </trkpt>
      <trkpt lat="28.802148153556583" lon="115.87526506534634">
        <ele>34.59020061139017</ele>
        <time>1970-01-01T00:34:07.700000Z</time>
        <extensions>
          <gpxtpx:TrackPointExtension>
            <gpxtpx:hr>171</gpxtpx:hr>
          </gpxtpx:TrackPointExtension>
        </extensions>
      </trkpt>
      <trkpt lat="28.80212088738523" lon="115.87527710361576">
        <ele>34.55160453170538</ele>
        <time>1970-01-01T00:34:08.700000Z</time>
        <extensions>
          <gpxtpx:TrackPointExtension>
            <gpxtpx:hr>171</gpxtpx:hr>
          </gpxtpx:TrackPointExtension>
        </extensions>
      </trkpt>
      <trkpt lat="28.802093769976896" lon="115.87528848720753">
        <ele>34.51798516791314</ele>
        <time>1970-01-01T00:34:09.700000Z</time>
        <extensions>
          <gpxtpx:TrackPointExtension>
            <gpxtpx:hr>171</gpxtpx:hr>
          </gpxtpx:TrackPointExtension>
        </extensions>
      </trkpt>
      <trkpt lat="28.80206715814696" lon="115.8752984540814">
        <ele>34.4942692220211</ele>
        <time>1970-01-01T00:34:10.700000Z</time>
        <extensions>
          <gpxtpx:TrackPointExtension>
            <gpxtpx:hr>171</gpxtpx:hr>
          </gpxtpx:TrackPointExtension>
        </extensions>
      </trkpt>
      <trkpt lat="28.802041141557503" lon="115.87530623871493">
        <ele>34.488059842959046</ele>
        <time>1970-01-01T00:34:11.700000Z</time>
        <extensions>
          <gpxtpx:TrackPointExtension>
            <gpxtpx:hr>171</gpxtpx:hr>
          </gpxtpx:TrackPointExtension>
        </extensions>
      </trkpt>
      <trkpt lat="28.801989990463422" lon="115.8753091942887">
        <ele>34.48987492453307</ele>
        <time>1970-01-01T00:34:13.700000Z</time>
        <extensions>
          <gpxtpx:TrackPointExtension>
            <gpxtpx:hr>171</gpxtpx:hr>
          </gpxtpx:TrackPointExtension>
        </extensions>
      </trkpt>
      <trkpt lat="28.801964605692994" lon="115.87530519431058">
        <ele>34.47539976704866</ele>
        <time>1970-01-01T00:34:14.700000Z</time>
        <extensions>
          <gpxtpx:TrackPointExtension>
            <gpxtpx:hr>171</gpxtpx:hr>
          </gpxtpx:TrackPointExtension>
        </extensions>
      </trkpt>
      <trkpt lat="28.80193909299344" lon="115.87530112868514">
        <ele>34.44291188195348</ele>
        <time>1970-01-01T00:34:15.700000Z</time>
        <extensions>
          <gpxtpx:TrackPointExtension>
            <gpxtpx:hr>171</gpxtpx:hr>
          </gpxtpx:TrackPointExtension>
        </extensions>
      </trkpt>
      <trkpt lat="28.80191447457302" lon="115.87529838235189">
        <ele>34.40164497960359</ele>
        <time>1970-01-01T00:34:16.700000Z</time>
        <extensions>
          <gpxtpx:TrackPointExtension>
            <gpxtpx:hr>170</gpxtpx:hr>
          </gpxtpx:TrackPointExtension>
        </extensions>
      </trkpt>
      <trkpt lat="28.801891671011656" lon="115.87529754782835">
        <ele>34.358858465217054</ele>
        <time>1970-01-01T00:34:17.700000Z</time>
        <extensions>
          <gpxtpx:TrackPointExtension>
            <gpxtpx:hr>170</gpxtpx:hr>
          </gpxtpx:TrackPointExtension>
        </extensions>
      </trkpt>
      <trkpt lat="28.801868899135787" lon="115.8752986185718">
        <ele>34.31973103247583</ele>
        <time>1970-01-01T00:34:18.700000Z</time>
        <extensions>
          <gpxtpx:TrackPointExtension>
            <gpxtpx:hr>170</gpxtpx:hr>
          </gpxtpx:TrackPointExtension>
        </extensions>
      </trkpt>
      <trkpt lat="28.801844145526655" lon="115.87530148136818">
        <ele>34.28749706689268</ele>
        <time>1970-01-01T00:34:19.700000Z</time>
        <extensions>
          <gpxtpx:TrackPointExtension>
            <gpxtpx:hr>170</gpxtpx:hr>
          </gpxtpx:TrackPointExtension>
        </extensions>
      </trkpt>
      <trkpt lat="28.801817491023428" lon="115.8753059321899">
        <ele>34.263063631020486</ele>
        <time>1970-01-01T00:34:20.700000Z</time>
        <extensions>
          <gpxtpx:TrackPointExtension>
            <gpxtpx:hr>170</gpxtpx:hr>
          </gpxtpx:TrackPointExtension>
        </extensions>
      </trkpt>
      <trkpt lat="28.801790215439095" lon="115.8753115171812">
        <ele>34.245992745272815</ele>
        <time>1970-01-01T00:34:21.700000Z</time>
        <extensions>
          <gpxtpx:TrackPointExtension>
            <gpxtpx:hr>170</gpxtpx:hr>
          </gpxtpx:TrackPointExtension>
        </extensions>
      </trkpt>
      <trkpt lat="28.80176418356927" lon="115.87531803606637">
        <ele>34.23513556085527</ele>
        <time>1970-01-01T00:34:22.700000Z</time>
        <extensions>
          <gpxtpx:TrackPointExtension>
            <gpxtpx:hr>170</gpxtpx:hr>
          </gpxtpx:TrackPointExtension>
        </extensions>
      </trkpt>
      <trkpt lat="28.80173999540446" lon="115.87532513438161">
        <ele>34.22883011586964</ele>
        <time>1970-01-01T00:34:23.700000Z</time>
        <extensions>
          <gpxtpx:TrackPointExtension>
            <gpxtpx:hr>169</gpxtpx:hr>
          </gpxtpx:TrackPointExtension>
        </extensions>
      </trkpt>
      <trkpt lat="28.80171624633787" lon="115.87533295060223">
        <ele>34.224637972190976</ele>
        <time>1970-01-01T00:34:24.700000Z</time>
        <extensions>
          <gpxtpx:TrackPointExtension>
            <gpxtpx:hr>169</gpxtpx:hr>
          </gpxtpx:TrackPointExtension>
        </extensions>
      </trkpt>
      <trkpt lat="28.801692257697148" lon="115.87534200276389">
        <ele>34.219936242327094</ele>
        <time>1970-01-01T00:34:25.700000Z</time>
        <extensions>
          <gpxtpx:TrackPointExtension>
            <gpxtpx:hr>169</gpxtpx:hr>
          </gpxtpx:TrackPointExtension>
        </extensions>
      </trkpt>
      <trkpt lat="28.801668467902683" lon="115.8753512322907">
        <ele>34.21219751890749</ele>
        <time>1970-01-01T00:34:26.700000Z</time>
        <extensions>
          <gpxtpx:TrackPointExtension>
            <gpxtpx:hr>169</gpxtpx:hr>
          </gpxtpx:TrackPointExtension>
        </extensions>
      </trkpt>
      <trkpt lat="28.801645592012324" lon="115.87535901911717">
        <ele>34.1996779050678</ele>
        <time>1970-01-01T00:34:27.700000Z</time>
        <extensions>
          <gpxtpx:TrackPointExtension>
            <gpxtpx:hr>169</gpxtpx:hr>
          </gpxtpx:TrackPointExtension>
        </extensions>
      </trkpt>
      <trkpt lat="28.801623602906822" lon="115.87536534242194">
        <ele>34.18169736210257</ele>
        <time>1970-01-01T00:34:28.700000Z</time>
        <extensions>
          <gpxtpx:TrackPointExtension>
            <gpxtpx:hr>169</gpxtpx:hr>
          </gpxtpx:TrackPointExtension>
        </extensions>
      </trkpt>
      <trkpt lat="28.801601654446102" lon="115.87537116545082">
        <ele>34.15837078355253</ele>
        <time>1970-01-01T00:34:29.700000Z</time>
        <extensions>
          <gpxtpx:TrackPointExtension>
            <gpxtpx:hr>169</gpxtpx:hr>
          </gpxtpx:TrackPointExtension>
        </extensions>
      </trkpt>
      <trkpt lat="28.801579865517166" lon="115.87537754754608">
        <ele>34.131096908822656</ele>
        <time>1970-01-01T00:34:30.700000Z</time>
        <extensions>
          <gpxtpx:TrackPointExtension>
            <gpxtpx:hr>169</gpxtpx:hr>
          </gpxtpx:TrackPointExtension>
        </extensions>
      </trkpt>
      <trkpt lat="28.80155835765967" lon="115.87538475178658">
        <ele>34.10189809650183</ele>
        <time>1970-01-01T00:34:31.700000Z</time>
        <extensions>
          <gpxtpx:TrackPointExtension>
            <gpxtpx:hr>169</gpxtpx:hr>
          </gpxtpx:TrackPointExtension>
        </extensions>
      </trkpt>
      <trkpt lat="28.801535977797652" lon="115.87539167757122">
        <ele>34.07297577895224</ele>
        <time>1970-01-01T00:34:32.700000Z</time>
        <extensions>
          <gpxtpx:TrackPointExtension>
            <gpxtpx:hr>169</gpxtpx:hr>
          </gpxtpx:TrackPointExtension>
        </extensions>
      </trkpt>
      <trkpt lat="28.801511555576447" lon="115.87539682775012">
        <ele>34.046332630328834</ele>
        <time>1970-01-01T00:34:33.700000Z</time>
        <extensions>
          <gpxtpx:TrackPointExtension>
            <gpxtpx:hr>169</gpxtpx:hr>
          </gpxtpx:TrackPointExtension>
        </extensions>
      </trkpt>
      <trkpt lat="28.801485409163092" lon="115.8753991968981">
        <ele>34.02375929988921</ele>
        <time>1970-01-01T00:34:34.700000Z</time>
        <extensions>
          <gpxtpx:TrackPointExtension>
            <gpxtpx:hr>168</gpxtpx:hr>
          </gpxtpx:TrackPointExtension>
        </extensions>
      </trkpt>
      <trkpt lat="28.801459226056892" lon="115.87539913278968">
        <ele>34.00629402324557</ele>
        <time>1970-01-01T00:34:35.700000Z</time>
        <extensions>
          <gpxtpx:TrackPointExtension>
            <gpxtpx:hr>168</gpxtpx:hr>
          </gpxtpx:TrackPointExtension>
        </extensions>
      </trkpt>
      <trkpt lat="28.801434350656894" lon="115.87539774413965">
        <ele>33.99445388093591</ele>
        <time>1970-01-01T00:34:36.700000Z</time>
        <extensions>
          <gpxtpx:TrackPointExtension>
            <gpxtpx:hr>168</gpxtpx:hr>
          </gpxtpx:TrackPointExtension>
        </extensions>
      </trkpt>
      <trkpt lat="28.80141124753317" lon="115.87539513311359">
        <ele>33.9883949290961</ele>
        <time>1970-01-01T00:34:37.700000Z</time>
        <extensions>
          <gpxtpx:TrackPointExtension>
            <gpxtpx:hr>168</gpxtpx:hr>
          </gpxtpx:TrackPointExtension>
        </extensions>
      </trkpt>
      <trkpt lat="28.80138866016783" lon="115.87539040289568">
        <ele>33.987778786569834</ele>
        <time>1970-01-01T00:34:38.700000Z</time>
        <extensions>
          <gpxtpx:TrackPointExtension>
            <gpxtpx:hr>168</gpxtpx:hr>
          </gpxtpx:TrackPointExtension>
        </extensions>
      </trkpt>
      <trkpt lat="28.801364865587576" lon="115.87538405383391">
        <ele>33.991550979204476</ele>
        <time>1970-01-01T00:34:39.700000Z</time>
        <extensions>
          <gpxtpx:TrackPointExtension>
            <gpxtpx:hr>168</gpxtpx:hr>
          </gpxtpx:TrackPointExtension>
        </extensions>
      </trkpt>
      <trkpt lat="28.80134074046921" lon="115.87537833881626">
        <ele>33.99826309271157</ele>
        <time>1970-01-01T00:34:40.700000Z</time>
        <extensions>
          <gpxtpx:TrackPointExtension>
            <gpxtpx:hr>168</gpxtpx:hr>
          </gpxtpx:TrackPointExtension>
        </extensions>
      </trkpt>
      <trkpt lat="28.801318223993032" lon="115.87537530119856">
        <ele>34.006256208755076</ele>
        <time>1970-01-01T00:34:41.700000Z</time>
        <extensions>
          <gpxtpx:TrackPointExtension>
            <gpxtpx:hr>169</gpxtpx:hr>
          </gpxtpx:TrackPointExtension>
        </extensions>
      </trkpt>
      <trkpt lat="28.801297783648884" lon="115.87537530497842">
        <ele>34.01402490027249</ele>
        <time>1970-01-01T00:34:42.700000Z</time>
        <extensions>
          <gpxtpx:TrackPointExtension>
            <gpxtpx:hr>169</gpxtpx:hr>
          </gpxtpx:TrackPointExtension>
        </extensions>
      </trkpt>
      <trkpt lat="28.801278132019426" lon="115.8753773789269">
        <ele>34.020121852867305</ele>
        <time>1970-01-01T00:34:43.700000Z</time>
        <extensions>
          <gpxtpx:TrackPointExtension>
            <gpxtpx:hr>169</gpxtpx:hr>
          </gpxtpx:TrackPointExtension>
        </extensions>
      </trkpt>
      <trkpt lat="28.801257406537825" lon="115.87538129050996">
        <ele>34.02366065606475</ele>
        <time>1970-01-01T00:34:44.700000Z</time>
        <extensions>
          <gpxtpx:TrackPointExtension>
            <gpxtpx:hr>169</gpxtpx:hr>
          </gpxtpx:TrackPointExtension>
        </extensions>
      </trkpt>
      <trkpt lat="28.801235041042485" lon="115.8753869848317">
        <ele>34.02447199448943</ele>
        <time>1970-01-01T00:34:45.700000Z</time>
        <extensions>
          <gpxtpx:TrackPointExtension>
            <gpxtpx:hr>169</gpxtpx:hr>
          </gpxtpx:TrackPointExtension>
        </extensions>
      </trkpt>
      <trkpt lat="28.801211479985234" lon="115.87539368463213">
        <ele>34.02299054991454</ele>
        <time>1970-01-01T00:34:46.700000Z</time>
        <extensions>
          <gpxtpx:TrackPointExtension>
            <gpxtpx:hr>169</gpxtpx:hr>
          </gpxtpx:TrackPointExtension>
        </extensions>
      </trkpt>
      <trkpt lat="28.801186916684205" lon="115.87540084971336">
        <ele>34.020029140636325</ele>
        <time>1970-01-01T00:34:47.700000Z</time>
        <extensions>
          <gpxtpx:TrackPointExtension>
            <gpxtpx:hr>169</gpxtpx:hr>
          </gpxtpx:TrackPointExtension>
        </extensions>
      </trkpt>
      <trkpt lat="28.801162137583688" lon="115.87540777190644">
        <ele>34.01632248610258</ele>
        <time>1970-01-01T00:34:48.700000Z</time>
        <extensions>
          <gpxtpx:TrackPointExtension>
            <gpxtpx:hr>169</gpxtpx:hr>
          </gpxtpx:TrackPointExtension>
        </extensions>
      </trkpt>
      <trkpt lat="28.801137834118713" lon="115.8754136118579">
        <ele>34.012338345870376</ele>
        <time>1970-01-01T00:34:49.700000Z</time>
        <extensions>
          <gpxtpx:TrackPointExtension>
            <gpxtpx:hr>169</gpxtpx:hr>
          </gpxtpx:TrackPointExtension>
        </extensions>
      </trkpt>
      <trkpt lat="28.801113568743308" lon="115.87541876064437">
        <ele>34.00799941178411</ele>
        <time>1970-01-01T00:34:50.700000Z</time>
        <extensions>
          <gpxtpx:TrackPointExtension>
            <gpxtpx:hr>169</gpxtpx:hr>
          </gpxtpx:TrackPointExtension>
        </extensions>
      </trkpt>
      <trkpt lat="28.801088128183824" lon="115.87542391202712">
        <ele>34.0027885241434</ele>
        <time>1970-01-01T00:34:51.700000Z</time>
        <extensions>
          <gpxtpx:TrackPointExtension>
            <gpxtpx:hr>171</gpxtpx:hr>
          </gpxtpx:TrackPointExtension>
        </extensions>
      </trkpt>
      <trkpt lat="28.801061276910396" lon="115.87542941881334">
        <ele>33.99627953674644</ele>
        <time>1970-01-01T00:34:52.700000Z</time>
        <extensions>
          <gpxtpx:TrackPointExtension>
            <gpxtpx:hr>171</gpxtpx:hr>
          </gpxtpx:TrackPointExtension>
        </extensions>
      </trkpt>
      <trkpt lat="28.801034439682564" lon="115.87543532361482">
        <ele>33.988023376092315</ele>
        <time>1970-01-01T00:34:53.700000Z</time>
        <extensions>
          <gpxtpx:TrackPointExtension>
            <gpxtpx:hr>171</gpxtpx:hr>
          </gpxtpx:TrackPointExtension>
        </extensions>
      </trkpt>
      <trkpt lat="28.801008544029745" lon="115.87544091238166">
        <ele>33.977564129047096</ele>
        <time>1970-01-01T00:34:54.700000Z</time>
        <extensions>
          <gpxtpx:TrackPointExtension>
            <gpxtpx:hr>171</gpxtpx:hr>
          </gpxtpx:TrackPointExtension>
        </extensions>
      </trkpt>
      <trkpt lat="28.800983628852315" lon="115.87544587643912">
        <ele>33.96452626772225</ele>
        <time>1970-01-01T00:34:55.700000Z</time>
        <extensions>
          <gpxtpx:TrackPointExtension>
            <gpxtpx:hr>171</gpxtpx:hr>
          </gpxtpx:TrackPointExtension>
        </extensions>
      </trkpt>
      <trkpt lat="28.800959566081154" lon="115.87545090452376">
        <ele>33.94890405982733</ele>
        <time>1970-01-01T00:34:56.700000Z</time>
        <extensions>
          <gpxtpx:TrackPointExtension>
            <gpxtpx:hr>171</gpxtpx:hr>
          </gpxtpx:TrackPointExtension>
        </extensions>
      </trkpt>
      <trkpt lat="28.800936161156297" lon="115.8754565828211">
        <ele>33.93068973068148</ele>
        <time>1970-01-01T00:34:57.700000Z</time>
        <extensions>
          <gpxtpx:TrackPointExtension>
            <gpxtpx:hr>170</gpxtpx:hr>
          </gpxtpx:TrackPointExtension>
        </extensions>
      </trkpt>
      <trkpt lat="28.800912866514302" lon="115.87546290438782">
        <ele>33.91021440457553</ele>
        <time>1970-01-01T00:34:58.700000Z</time>
        <extensions>
          <gpxtpx:TrackPointExtension>
            <gpxtpx:hr>170</gpxtpx:hr>
          </gpxtpx:TrackPointExtension>
        </extensions>
      </trkpt>
      <trkpt lat="28.800889354958578" lon="115.87546929740093">
        <ele>33.88810034748167</ele>
        <time>1970-01-01T00:34:59.700000Z</time>
        <extensions>
          <gpxtpx:TrackPointExtension>
            <gpxtpx:hr>170</gpxtpx:hr>
          </gpxtpx:TrackPointExtension>
        </extensions>
      </trkpt>
      <trkpt lat="28.80086612226795" lon="115.87547572855478">
        <ele>33.86526732798666</ele>
        <time>1970-01-01T00:35:00.700000Z</time>
        <extensions>
          <gpxtpx:TrackPointExtension>
            <gpxtpx:hr>170</gpxtpx:hr>
          </gpxtpx:TrackPointExtension>
        </extensions>
      </trkpt>
      <trkpt lat="28.80084358040132" lon="115.8754827099366">
        <ele>33.842904683202505</ele>
        <time>1970-01-01T00:35:01.700000Z</time>
        <extensions>
          <gpxtpx:TrackPointExtension>
            <gpxtpx:hr>170</gpxtpx:hr>
          </gpxtpx:TrackPointExtension>
        </extensions>
      </trkpt>
      <trkpt lat="28.800821490175924" lon="115.87549011918279">
        <ele>33.8225916903466</ele>
        <time>1970-01-01T00:35:02.700000Z</time>
        <extensions>
          <gpxtpx:TrackPointExtension>
            <gpxtpx:hr>169</gpxtpx:hr>
          </gpxtpx:TrackPointExtension>
        </extensions>
      </trkpt>
      <trkpt lat="28.800799045920105" lon="115.87549741266984">
        <ele>33.80603362247348</ele>
        <time>1970-01-01T00:35:03.700000Z</time>
        <extensions>
          <gpxtpx:TrackPointExtension>
            <gpxtpx:hr>169</gpxtpx:hr>
          </gpxtpx:TrackPointExtension>
        </extensions>
      </trkpt>
      <trkpt lat="28.800774770476565" lon="115.87550411867468">
        <ele>33.7947509335354</ele>
        <time>1970-01-01T00:35:04.700000Z</time>
        <extensions>
          <gpxtpx:TrackPointExtension>
            <gpxtpx:hr>169</gpxtpx:hr>
          </gpxtpx:TrackPointExtension>
        </extensions>
      </trkpt>
      <trkpt lat="28.800747615888636" lon="115.87551028548873">
        <ele>33.789620033465326</ele>
        <time>1970-01-01T00:35:05.700000Z</time>
        <extensions>
          <gpxtpx:TrackPointExtension>
            <gpxtpx:hr>169</gpxtpx:hr>
          </gpxtpx:TrackPointExtension>
        </extensions>
      </trkpt>
      <trkpt lat="28.800718405440033" lon="115.87551580315281">
        <ele>33.79037452302873</ele>
        <time>1970-01-01T00:35:06.700000Z</time>
        <extensions>
          <gpxtpx:TrackPointExtension>
            <gpxtpx:hr>169</gpxtpx:hr>
          </gpxtpx:TrackPointExtension>
        </extensions>
      </trkpt>
      <trkpt lat="28.800688690179097" lon="115.87552050431663">
        <ele>33.796039869077504</ele>
        <time>1970-01-01T00:35:07.700000Z</time>
        <extensions>
          <gpxtpx:TrackPointExtension>
            <gpxtpx:hr>170</gpxtpx:hr>
          </gpxtpx:TrackPointExtension>
        </extensions>
      </trkpt>
      <trkpt lat="28.800659172042113" lon="115.87552489300676">
        <ele>33.805080115795135</ele>
        <time>1970-01-01T00:35:08.700000Z</time>
        <extensions>
          <gpxtpx:TrackPointExtension>
            <gpxtpx:hr>170</gpxtpx:hr>
          </gpxtpx:TrackPointExtension>
        </extensions>
      </trkpt>
      <trkpt lat="28.800629800117452" lon="115.87552984243612">
        <ele>33.815648461692035</ele>
        <time>1970-01-01T00:35:09.700000Z</time>
        <extensions>
          <gpxtpx:TrackPointExtension>
            <gpxtpx:hr>170</gpxtpx:hr>
          </gpxtpx:TrackPointExtension>
        </extensions>
      </trkpt>
      <trkpt lat="28.800600731216573" lon="115.87553604300304">
        <ele>33.82578202150762</ele>
        <time>1970-01-01T00:35:10.700000Z</time>
        <extensions>
          <gpxtpx:TrackPointExtension>
            <gpxtpx:hr>170</gpxtpx:hr>
          </gpxtpx:TrackPointExtension>
        </extensions>
      </trkpt>
      <trkpt lat="28.800572164277728" lon="115.87554319294792">
        <ele>33.8340331595391</ele>
        <time>1970-01-01T00:35:11.700000Z</time>
        <extensions>
          <gpxtpx:TrackPointExtension>
            <gpxtpx:hr>170</gpxtpx:hr>
          </gpxtpx:TrackPointExtension>
        </extensions>
      </trkpt>
      <trkpt lat="28.800543910581766" lon="115.87555047257896">
        <ele>33.839479414746165</ele>
        <time>1970-01-01T00:35:12.700000Z</time>
        <extensions>
          <gpxtpx:TrackPointExtension>
            <gpxtpx:hr>170</gpxtpx:hr>
          </gpxtpx:TrackPointExtension>
        </extensions>
      </trkpt>
      <trkpt lat="28.800515298586408" lon="115.87555728818367">
        <ele>33.84124041162431</ele>
        <time>1970-01-01T00:35:13.700000Z</time>
        <extensions>
          <gpxtpx:TrackPointExtension>
            <gpxtpx:hr>168</gpxtpx:hr>
          </gpxtpx:TrackPointExtension>
        </extensions>
      </trkpt>
      <trkpt lat="28.800485797103523" lon="115.87556348497328">
        <ele>33.83849029522389</ele>
        <time>1970-01-01T00:35:14.700000Z</time>
        <extensions>
          <gpxtpx:TrackPointExtension>
            <gpxtpx:hr>168</gpxtpx:hr>
          </gpxtpx:TrackPointExtension>
        </extensions>
      </trkpt>
      <trkpt lat="28.80045603056211" lon="115.8755694145231">
        <ele>33.83061838336289</ele>
        <time>1970-01-01T00:35:15.700000Z</time>
        <extensions>
          <gpxtpx:TrackPointExtension>
            <gpxtpx:hr>168</gpxtpx:hr>
          </gpxtpx:TrackPointExtension>
        </extensions>
      </trkpt>
      <trkpt lat="28.800427067961145" lon="115.87557522102783">
        <ele>33.81803048867732</ele>
        <time>1970-01-01T00:35:16.700000Z</time>
        <extensions>
          <gpxtpx:TrackPointExtension>
            <gpxtpx:hr>168</gpxtpx:hr>
          </gpxtpx:TrackPointExtension>
        </extensions>
      </trkpt>
      <trkpt lat="28.800399263554752" lon="115.87558085109909">
        <ele>33.80130994413048</ele>
        <time>1970-01-01T00:35:17.700000Z</time>
        <extensions>
          <gpxtpx:TrackPointExtension>
            <gpxtpx:hr>168</gpxtpx:hr>
          </gpxtpx:TrackPointExtension>
        </extensions>
      </trkpt>
      <trkpt lat="28.800372497329146" lon="115.87558649887205">
        <ele>33.78118286654353</ele>
        <time>1970-01-01T00:35:18.700000Z</time>
        <extensions>
          <gpxtpx:TrackPointExtension>
            <gpxtpx:hr>168</gpxtpx:hr>
          </gpxtpx:TrackPointExtension>
        </extensions>
      </trkpt>
      <trkpt lat="28.8003463342069" lon="115.8755923706685">
        <ele>33.75842102896422</ele>
        <time>1970-01-01T00:35:19.700000Z</time>
        <extensions>
          <gpxtpx:TrackPointExtension>
            <gpxtpx:hr>168</gpxtpx:hr>
          </gpxtpx:TrackPointExtension>
        </extensions>
      </trkpt>
      <trkpt lat="28.800319813279717" lon="115.87559875259241">
        <ele>33.733558361418545</ele>
        <time>1970-01-01T00:35:20.700000Z</time>
        <extensions>
          <gpxtpx:TrackPointExtension>
            <gpxtpx:hr>168</gpxtpx:hr>
          </gpxtpx:TrackPointExtension>
        </extensions>
      </trkpt>
      <trkpt lat="28.80029220666072" lon="115.87560578571616">
        <ele>33.70678907632828</ele>
        <time>1970-01-01T00:35:21.700000Z</time>
        <extensions>
          <gpxtpx:TrackPointExtension>
            <gpxtpx:hr>168</gpxtpx:hr>
          </gpxtpx:TrackPointExtension>
        </extensions>
      </trkpt>
      <trkpt lat="28.80026399788649" lon="115.87561304227211">
        <ele>33.67855349276215</ele>
        <time>1970-01-01T00:35:22.700000Z</time>
        <extensions>
          <gpxtpx:TrackPointExtension>
            <gpxtpx:hr>168</gpxtpx:hr>
          </gpxtpx:TrackPointExtension>
        </extensions>
      </trkpt>
      <trkpt lat="28.800236526542037" lon="115.87561949164073">
        <ele>33.650061269290745</ele>
        <time>1970-01-01T00:35:23.700000Z</time>
        <extensions>
          <gpxtpx:TrackPointExtension>
            <gpxtpx:hr>168</gpxtpx:hr>
          </gpxtpx:TrackPointExtension>
        </extensions>
      </trkpt>
      <trkpt lat="28.80021022267131" lon="115.8756240583252">
        <ele>33.62322847638279</ele>
        <time>1970-01-01T00:35:24.700000Z</time>
        <extensions>
          <gpxtpx:TrackPointExtension>
            <gpxtpx:hr>168</gpxtpx:hr>
          </gpxtpx:TrackPointExtension>
        </extensions>
      </trkpt>
      <trkpt lat="28.80018431447836" lon="115.8756267765827">
        <ele>33.599986414425075</ele>
        <time>1970-01-01T00:35:25.700000Z</time>
        <extensions>
          <gpxtpx:TrackPointExtension>
            <gpxtpx:hr>169</gpxtpx:hr>
          </gpxtpx:TrackPointExtension>
        </extensions>
      </trkpt>
      <trkpt lat="28.800158223275297" lon="115.87562845475028">
        <ele>33.581487741321325</ele>
        <time>1970-01-01T00:35:26.700000Z</time>
        <extensions>
          <gpxtpx:TrackPointExtension>
            <gpxtpx:hr>169</gpxtpx:hr>
          </gpxtpx:TrackPointExtension>
        </extensions>
      </trkpt>
      <trkpt lat="28.80013220765043" lon="115.87563040646336">
        <ele>33.568085632286966</ele>
        <time>1970-01-01T00:35:27.700000Z</time>
        <extensions>
          <gpxtpx:TrackPointExtension>
            <gpxtpx:hr>169</gpxtpx:hr>
          </gpxtpx:TrackPointExtension>
        </extensions>
      </trkpt>
      <trkpt lat="28.80010692955158" lon="115.87563407614248">
        <ele>33.55945632793009</ele>
        <time>1970-01-01T00:35:28.700000Z</time>
        <extensions>
          <gpxtpx:TrackPointExtension>
            <gpxtpx:hr>169</gpxtpx:hr>
          </gpxtpx:TrackPointExtension>
        </extensions>
      </trkpt>
      <trkpt lat="28.800082730484647" lon="115.87563999034711">
        <ele>33.55482463631779</ele>
        <time>1970-01-01T00:35:29.700000Z</time>
        <extensions>
          <gpxtpx:TrackPointExtension>
            <gpxtpx:hr>169</gpxtpx:hr>
          </gpxtpx:TrackPointExtension>
        </extensions>
      </trkpt>
      <trkpt lat="28.800058886230104" lon="115.87564771432018">
        <ele>33.553350110538304</ele>
        <time>1970-01-01T00:35:30.700000Z</time>
        <extensions>
          <gpxtpx:TrackPointExtension>
            <gpxtpx:hr>169</gpxtpx:hr>
          </gpxtpx:TrackPointExtension>
        </extensions>
      </trkpt>
      <trkpt lat="28.800034351909773" lon="115.875655988963">
        <ele>33.55406502913684</ele>
        <time>1970-01-01T00:35:31.700000Z</time>
        <extensions>
          <gpxtpx:TrackPointExtension>
            <gpxtpx:hr>169</gpxtpx:hr>
          </gpxtpx:TrackPointExtension>
        </extensions>
      </trkpt>
      <trkpt lat="28.800008571716077" lon="115.87566373070368">
        <ele>33.55597223993391</ele>
        <time>1970-01-01T00:35:32.700000Z</time>
        <extensions>
          <gpxtpx:TrackPointExtension>
            <gpxtpx:hr>169</gpxtpx:hr>
          </gpxtpx:TrackPointExtension>
        </extensions>
      </trkpt>
      <trkpt lat="28.79998193564823" lon="115.87567032257412">
        <ele>33.558026283979416</ele>
        <time>1970-01-01T00:35:33.700000Z</time>
        <extensions>
          <gpxtpx:TrackPointExtension>
            <gpxtpx:hr>169</gpxtpx:hr>
          </gpxtpx:TrackPointExtension>
        </extensions>
      </trkpt>
      <trkpt lat="28.799954813284284" lon="115.87567574244038">
        <ele>33.559588519856334</ele>
        <time>1970-01-01T00:35:34.700000Z</time>
        <extensions>
          <gpxtpx:TrackPointExtension>
            <gpxtpx:hr>169</gpxtpx:hr>
          </gpxtpx:TrackPointExtension>
        </extensions>
      </trkpt>
      <trkpt lat="28.799927387344304" lon="115.87568090119618">
        <ele>33.56026206724346</ele>
        <time>1970-01-01T00:35:35.700000Z</time>
        <extensions>
          <gpxtpx:TrackPointExtension>
            <gpxtpx:hr>170</gpxtpx:hr>
          </gpxtpx:TrackPointExtension>
        </extensions>
      </trkpt>
      <trkpt lat="28.79990069612239" lon="115.87568654324988">
        <ele>33.5597517862916</ele>
        <time>1970-01-01T00:35:36.700000Z</time>
        <extensions>
          <gpxtpx:TrackPointExtension>
            <gpxtpx:hr>170</gpxtpx:hr>
          </gpxtpx:TrackPointExtension>
        </extensions>
      </trkpt>
      <trkpt lat="28.79987613061417" lon="115.87569266286167">
        <ele>33.55790283251554</ele>
        <time>1970-01-01T00:35:37.700000Z</time>
        <extensions>
          <gpxtpx:TrackPointExtension>
            <gpxtpx:hr>170</gpxtpx:hr>
          </gpxtpx:TrackPointExtension>
        </extensions>
      </trkpt>
      <trkpt lat="28.799854398232107" lon="115.8756991473678">
        <ele>33.55480015464127</ele>
        <time>1970-01-01T00:35:38.700000Z</time>
        <extensions>
          <gpxtpx:TrackPointExtension>
            <gpxtpx:hr>170</gpxtpx:hr>
          </gpxtpx:TrackPointExtension>
        </extensions>
      </trkpt>
      <trkpt lat="28.799836260679374" lon="115.87570600179401">
        <ele>33.550376939587295</ele>
        <time>1970-01-01T00:35:39.700000Z</time>
        <extensions>
          <gpxtpx:TrackPointExtension>
            <gpxtpx:hr>170</gpxtpx:hr>
          </gpxtpx:TrackPointExtension>
        </extensions>
      </trkpt>
      <trkpt lat="28.799822216699738" lon="115.87571319465742">
        <ele>33.544624814763665</ele>
        <time>1970-01-01T00:35:40.700000Z</time>
        <extensions>
          <gpxtpx:TrackPointExtension>
            <gpxtpx:hr>170</gpxtpx:hr>
          </gpxtpx:TrackPointExtension>
        </extensions>
      </trkpt>
      <trkpt lat="28.799810687467467" lon="115.8757205581828">
        <ele>33.53786915354431</ele>
        <time>1970-01-01T00:35:41.700000Z</time>
        <extensions>
          <gpxtpx:TrackPointExtension>
            <gpxtpx:hr>171</gpxtpx:hr>
          </gpxtpx:TrackPointExtension>
        </extensions>
      </trkpt>
      <trkpt lat="28.799797701572885" lon="115.87572844475804">
        <ele>33.53058921080083</ele>
        <time>1970-01-01T00:35:42.700000Z</time>
        <extensions>
          <gpxtpx:TrackPointExtension>
            <gpxtpx:hr>171</gpxtpx:hr>
          </gpxtpx:TrackPointExtension>
        </extensions>
      </trkpt>
      <trkpt lat="28.799779149096622" lon="115.87573701303077">
        <ele>33.523032335564494</ele>
        <time>1970-01-01T00:35:43.700000Z</time>
        <extensions>
          <gpxtpx:TrackPointExtension>
            <gpxtpx:hr>171</gpxtpx:hr>
          </gpxtpx:TrackPointExtension>
        </extensions>
      </trkpt>
      <trkpt lat="28.799754858625754" lon="115.875744789632">
        <ele>33.51466997060925</ele>
        <time>1970-01-01T00:35:44.700000Z</time>
        <extensions>
          <gpxtpx:TrackPointExtension>
            <gpxtpx:hr>171</gpxtpx:hr>
          </gpxtpx:TrackPointExtension>
        </extensions>
      </trkpt>
      <trkpt lat="28.799727731627343" lon="115.87575077618177">
        <ele>33.504758027382195</ele>
        <time>1970-01-01T00:35:45.700000Z</time>
        <extensions>
          <gpxtpx:TrackPointExtension>
            <gpxtpx:hr>171</gpxtpx:hr>
          </gpxtpx:TrackPointExtension>
        </extensions>
      </trkpt>
      <trkpt lat="28.799699875073273" lon="115.87575582017875">
        <ele>33.49278024211526</ele>
        <time>1970-01-01T00:35:46.700000Z</time>
        <extensions>
          <gpxtpx:TrackPointExtension>
            <gpxtpx:hr>171</gpxtpx:hr>
          </gpxtpx:TrackPointExtension>
        </extensions>
      </trkpt>
      <trkpt lat="28.799671810292182" lon="115.87576109955182">
        <ele>33.47867025900632</ele>
        <time>1970-01-01T00:35:47.700000Z</time>
        <extensions>
          <gpxtpx:TrackPointExtension>
            <gpxtpx:hr>171</gpxtpx:hr>
          </gpxtpx:TrackPointExtension>
        </extensions>
      </trkpt>
      <trkpt lat="28.799643225280178" lon="115.8757668291251">
        <ele>33.462819560430944</ele>
        <time>1970-01-01T00:35:48.700000Z</time>
        <extensions>
          <gpxtpx:TrackPointExtension>
            <gpxtpx:hr>171</gpxtpx:hr>
          </gpxtpx:TrackPointExtension>
        </extensions>
      </trkpt>
      <trkpt lat="28.799613818914587" lon="115.87577239139287">
        <ele>33.44585117325187</ele>
        <time>1970-01-01T00:35:49.700000Z</time>
        <extensions>
          <gpxtpx:TrackPointExtension>
            <gpxtpx:hr>171</gpxtpx:hr>
          </gpxtpx:TrackPointExtension>
        </extensions>
      </trkpt>
      <trkpt lat="28.799583888878374" lon="115.875777454103">
        <ele>33.42830230575055</ele>
        <time>1970-01-01T00:35:50.700000Z</time>
        <extensions>
          <gpxtpx:TrackPointExtension>
            <gpxtpx:hr>171</gpxtpx:hr>
          </gpxtpx:TrackPointExtension>
        </extensions>
      </trkpt>
      <trkpt lat="28.799553343897742" lon="115.87578204749342">
        <ele>33.410387081094086</ele>
        <time>1970-01-01T00:35:51.700000Z</time>
        <extensions>
          <gpxtpx:TrackPointExtension>
            <gpxtpx:hr>171</gpxtpx:hr>
          </gpxtpx:TrackPointExtension>
        </extensions>
      </trkpt>
      <trkpt lat="28.79952246030898" lon="115.87578594848179">
        <ele>33.392172591760755</ele>
        <time>1970-01-01T00:35:52.700000Z</time>
        <extensions>
          <gpxtpx:TrackPointExtension>
            <gpxtpx:hr>173</gpxtpx:hr>
          </gpxtpx:TrackPointExtension>
        </extensions>
      </trkpt>
      <trkpt lat="28.799492101332675" lon="115.87578889864106">
        <ele>33.37371229659766</ele>
        <time>1970-01-01T00:35:53.700000Z</time>
        <extensions>
          <gpxtpx:TrackPointExtension>
            <gpxtpx:hr>173</gpxtpx:hr>
          </gpxtpx:TrackPointExtension>
        </extensions>
      </trkpt>
      <trkpt lat="28.79946285400962" lon="115.87579098357118">
        <ele>33.355241992510855</ele>
        <time>1970-01-01T00:35:54.700000Z</time>
        <extensions>
          <gpxtpx:TrackPointExtension>
            <gpxtpx:hr>173</gpxtpx:hr>
          </gpxtpx:TrackPointExtension>
        </extensions>
      </trkpt>
      <trkpt lat="28.799435085136935" lon="115.87579298427401">
        <ele>33.33722161129117</ele>
        <time>1970-01-01T00:35:55.700000Z</time>
        <extensions>
          <gpxtpx:TrackPointExtension>
            <gpxtpx:hr>173</gpxtpx:hr>
          </gpxtpx:TrackPointExtension>
        </extensions>
      </trkpt>
      <trkpt lat="28.799408547379933" lon="115.87579611758336">
        <ele>33.32015420496464</ele>
        <time>1970-01-01T00:35:56.700000Z</time>
        <extensions>
          <gpxtpx:TrackPointExtension>
            <gpxtpx:hr>173</gpxtpx:hr>
          </gpxtpx:TrackPointExtension>
        </extensions>
      </trkpt>
      <trkpt lat="28.799382829399377" lon="115.87580113004422">
        <ele>33.30418749526143</ele>
        <time>1970-01-01T00:35:57.700000Z</time>
        <extensions>
          <gpxtpx:TrackPointExtension>
            <gpxtpx:hr>173</gpxtpx:hr>
          </gpxtpx:TrackPointExtension>
        </extensions>
      </trkpt>
      <trkpt lat="28.799357299626998" lon="115.87580784930306">
        <ele>33.28936364687979</ele>
        <time>1970-01-01T00:35:58.700000Z</time>
        <extensions>
          <gpxtpx:TrackPointExtension>
            <gpxtpx:hr>173</gpxtpx:hr>
          </gpxtpx:TrackPointExtension>
        </extensions>
      </trkpt>
      <trkpt lat="28.799331642117945" lon="115.87581519888658">
        <ele>33.275806579738855</ele>
        <time>1970-01-01T00:35:59.700000Z</time>
        <extensions>
          <gpxtpx:TrackPointExtension>
            <gpxtpx:hr>173</gpxtpx:hr>
          </gpxtpx:TrackPointExtension>
        </extensions>
      </trkpt>
      <trkpt lat="28.799306021108464" lon="115.87582195288465">
        <ele>33.26350333914161</ele>
        <time>1970-01-01T00:36:00.700000Z</time>
        <extensions>
          <gpxtpx:TrackPointExtension>
            <gpxtpx:hr>173</gpxtpx:hr>
          </gpxtpx:TrackPointExtension>
        </extensions>
      </trkpt>
      <trkpt lat="28.799280855136434" lon="115.87582779712596">
        <ele>33.25206867419183</ele>
        <time>1970-01-01T00:36:01.700000Z</time>
        <extensions>
          <gpxtpx:TrackPointExtension>
            <gpxtpx:hr>173</gpxtpx:hr>
          </gpxtpx:TrackPointExtension>
        </extensions>
      </trkpt>
      <trkpt lat="28.79925565251104" lon="115.87583297626733">
        <ele>33.24082498438656</ele>
        <time>1970-01-01T00:36:02.700000Z</time>
        <extensions>
          <gpxtpx:TrackPointExtension>
            <gpxtpx:hr>173</gpxtpx:hr>
          </gpxtpx:TrackPointExtension>
        </extensions>
      </trkpt>
      <trkpt lat="28.79922884212249" lon="115.87583810421503">
        <ele>33.22893678024411</ele>
        <time>1970-01-01T00:36:03.700000Z</time>
        <extensions>
          <gpxtpx:TrackPointExtension>
            <gpxtpx:hr>173</gpxtpx:hr>
          </gpxtpx:TrackPointExtension>
        </extensions>
      </trkpt>
      <trkpt lat="28.799201055171043" lon="115.87584366377581">
        <ele>33.2156294900924</ele>
        <time>1970-01-01T00:36:04.700000Z</time>
        <extensions>
          <gpxtpx:TrackPointExtension>
            <gpxtpx:hr>173</gpxtpx:hr>
          </gpxtpx:TrackPointExtension>
        </extensions>
      </trkpt>
      <trkpt lat="28.799172945011623" lon="115.87584950729747">
        <ele>33.20043458789587</ele>
        <time>1970-01-01T00:36:05.700000Z</time>
        <extensions>
          <gpxtpx:TrackPointExtension>
            <gpxtpx:hr>173</gpxtpx:hr>
          </gpxtpx:TrackPointExtension>
        </extensions>
      </trkpt>
      <trkpt lat="28.79914482320577" lon="115.87585530253502">
        <ele>33.183454236947</ele>
        <time>1970-01-01T00:36:06.700000Z</time>
        <extensions>
          <gpxtpx:TrackPointExtension>
            <gpxtpx:hr>173</gpxtpx:hr>
          </gpxtpx:TrackPointExtension>
        </extensions>
      </trkpt>
      <trkpt lat="28.799117485451173" lon="115.87586152001107">
        <ele>33.16514208447188</ele>
        <time>1970-01-01T00:36:07.700000Z</time>
        <extensions>
          <gpxtpx:TrackPointExtension>
            <gpxtpx:hr>173</gpxtpx:hr>
          </gpxtpx:TrackPointExtension>
        </extensions>
      </trkpt>
      <trkpt lat="28.799091197970117" lon="115.87586815901972">
        <ele>33.14597907848656</ele>
        <time>1970-01-01T00:36:08.700000Z</time>
        <extensions>
          <gpxtpx:TrackPointExtension>
            <gpxtpx:hr>173</gpxtpx:hr>
          </gpxtpx:TrackPointExtension>
        </extensions>
      </trkpt>
      <trkpt lat="28.799066043759417" lon="115.87587463236795">
        <ele>33.12655637599528</ele>
        <time>1970-01-01T00:36:09.700000Z</time>
        <extensions>
          <gpxtpx:TrackPointExtension>
            <gpxtpx:hr>173</gpxtpx:hr>
          </gpxtpx:TrackPointExtension>
        </extensions>
      </trkpt>
      <trkpt lat="28.79904211100599" lon="115.87588093016205">
        <ele>33.107538213953376</ele>
        <time>1970-01-01T00:36:10.700000Z</time>
        <extensions>
          <gpxtpx:TrackPointExtension>
            <gpxtpx:hr>173</gpxtpx:hr>
          </gpxtpx:TrackPointExtension>
        </extensions>
      </trkpt>
      <trkpt lat="28.799020223224602" lon="115.87588647568404">
        <ele>33.08973663393408</ele>
        <time>1970-01-01T00:36:11.700000Z</time>
        <extensions>
          <gpxtpx:TrackPointExtension>
            <gpxtpx:hr>173</gpxtpx:hr>
          </gpxtpx:TrackPointExtension>
        </extensions>
      </trkpt>
      <trkpt lat="28.79900032959148" lon="115.8758910702366">
        <ele>33.07082242611796</ele>
        <time>1970-01-01T00:36:12.700000Z</time>
        <extensions>
          <gpxtpx:TrackPointExtension>
            <gpxtpx:hr>174</gpxtpx:hr>
          </gpxtpx:TrackPointExtension>
        </extensions>
      </trkpt>
      <trkpt lat="28.798981903919397" lon="115.87589533811416">
        <ele>33.05484826024622</ele>
        <time>1970-01-01T00:36:13.700000Z</time>
        <extensions>
          <gpxtpx:TrackPointExtension>
            <gpxtpx:hr>174</gpxtpx:hr>
          </gpxtpx:TrackPointExtension>
        </extensions>
      </trkpt>
      <trkpt lat="28.798963916849104" lon="115.87589922532622">
        <ele>33.03970341850072</ele>
        <time>1970-01-01T00:36:14.700000Z</time>
        <extensions>
          <gpxtpx:TrackPointExtension>
            <gpxtpx:hr>174</gpxtpx:hr>
          </gpxtpx:TrackPointExtension>
        </extensions>
      </trkpt>
      <trkpt lat="28.79894434038414" lon="115.8759025480092">
        <ele>33.025508617050946</ele>
        <time>1970-01-01T00:36:15.700000Z</time>
        <extensions>
          <gpxtpx:TrackPointExtension>
            <gpxtpx:hr>174</gpxtpx:hr>
          </gpxtpx:TrackPointExtension>
        </extensions>
      </trkpt>
      <trkpt lat="28.798922068961932" lon="115.87590562655089">
        <ele>33.01247471943498</ele>
        <time>1970-01-01T00:36:16.700000Z</time>
        <extensions>
          <gpxtpx:TrackPointExtension>
            <gpxtpx:hr>174</gpxtpx:hr>
          </gpxtpx:TrackPointExtension>
        </extensions>
      </trkpt>
      <trkpt lat="28.798897411180555" lon="115.87590937640054">
        <ele>33.00090046878904</ele>
        <time>1970-01-01T00:36:17.700000Z</time>
        <extensions>
          <gpxtpx:TrackPointExtension>
            <gpxtpx:hr>174</gpxtpx:hr>
          </gpxtpx:TrackPointExtension>
        </extensions>
      </trkpt>
      <trkpt lat="28.798871620076813" lon="115.8759140128264">
        <ele>32.99081499222666</ele>
        <time>1970-01-01T00:36:18.700000Z</time>
        <extensions>
          <gpxtpx:TrackPointExtension>
            <gpxtpx:hr>174</gpxtpx:hr>
          </gpxtpx:TrackPointExtension>
        </extensions>
      </trkpt>
      <trkpt lat="28.798845831431798" lon="115.87591893468291">
        <ele>32.9817479243502</ele>
        <time>1970-01-01T00:36:19.700000Z</time>
        <extensions>
          <gpxtpx:TrackPointExtension>
            <gpxtpx:hr>174</gpxtpx:hr>
          </gpxtpx:TrackPointExtension>
        </extensions>
      </trkpt>
      <trkpt lat="28.798820441406995" lon="115.87592384069312">
        <ele>32.97297650016844</ele>
        <time>1970-01-01T00:36:20.700000Z</time>
        <extensions>
          <gpxtpx:TrackPointExtension>
            <gpxtpx:hr>174</gpxtpx:hr>
          </gpxtpx:TrackPointExtension>
        </extensions>
      </trkpt>
      <trkpt lat="28.798795838113865" lon="115.87592864789835">
        <ele>32.96432263497263</ele>
        <time>1970-01-01T00:36:21.700000Z</time>
        <extensions>
          <gpxtpx:TrackPointExtension>
            <gpxtpx:hr>173</gpxtpx:hr>
          </gpxtpx:TrackPointExtension>
        </extensions>
      </trkpt>
      <trkpt lat="28.79876719611347" lon="115.87593459087209">
        <ele>32.94764467794448</ele>
        <time>1970-01-01T00:36:22.900000Z</time>
        <extensions>
          <gpxtpx:TrackPointExtension>
            <gpxtpx:hr>173</gpxtpx:hr>
          </gpxtpx:TrackPointExtension>
        </extensions>
      </trkpt>
      <trkpt lat="28.79874687953078" lon="115.87593861421311">
        <ele>32.93199915718287</ele>
        <time>1970-01-01T00:36:23.700000Z</time>
        <extensions>
          <gpxtpx:TrackPointExtension>
            <gpxtpx:hr>173</gpxtpx:hr>
          </gpxtpx:TrackPointExtension>
        </extensions>
      </trkpt>
      <trkpt lat="28.798721359026917" lon="115.87594272476034">
        <ele>32.91113292891532</ele>
        <time>1970-01-01T00:36:24.700000Z</time>
        <extensions>
          <gpxtpx:TrackPointExtension>
            <gpxtpx:hr>173</gpxtpx:hr>
          </gpxtpx:TrackPointExtension>
        </extensions>
      </trkpt>
      <trkpt lat="28.79869487742932" lon="115.87594612279749">
        <ele>32.8916571168229</ele>
        <time>1970-01-01T00:36:25.700000Z</time>
        <extensions>
          <gpxtpx:TrackPointExtension>
            <gpxtpx:hr>173</gpxtpx:hr>
          </gpxtpx:TrackPointExtension>
        </extensions>
      </trkpt>
      <trkpt lat="28.798667941391333" lon="115.87594923628542">
        <ele>32.8736221101135</ele>
        <time>1970-01-01T00:36:26.700000Z</time>
        <extensions>
          <gpxtpx:TrackPointExtension>
            <gpxtpx:hr>174</gpxtpx:hr>
          </gpxtpx:TrackPointExtension>
        </extensions>
      </trkpt>
      <trkpt lat="28.798641310090193" lon="115.87595227047123">
        <ele>32.856695571914315</ele>
        <time>1970-01-01T00:36:27.700000Z</time>
        <extensions>
          <gpxtpx:TrackPointExtension>
            <gpxtpx:hr>174</gpxtpx:hr>
          </gpxtpx:TrackPointExtension>
        </extensions>
      </trkpt>
      <trkpt lat="28.798615133511376" lon="115.87595511023882">
        <ele>32.84035982377827</ele>
        <time>1970-01-01T00:36:28.700000Z</time>
        <extensions>
          <gpxtpx:TrackPointExtension>
            <gpxtpx:hr>174</gpxtpx:hr>
          </gpxtpx:TrackPointExtension>
        </extensions>
      </trkpt>
      <trkpt lat="28.798589034181518" lon="115.87595774022259">
        <ele>32.82409127056599</ele>
        <time>1970-01-01T00:36:29.700000Z</time>
        <extensions>
          <gpxtpx:TrackPointExtension>
            <gpxtpx:hr>174</gpxtpx:hr>
          </gpxtpx:TrackPointExtension>
        </extensions>
      </trkpt>
      <trkpt lat="28.798563198510593" lon="115.87596012227098">
        <ele>32.80766788404435</ele>
        <time>1970-01-01T00:36:30.700000Z</time>
        <extensions>
          <gpxtpx:TrackPointExtension>
            <gpxtpx:hr>174</gpxtpx:hr>
          </gpxtpx:TrackPointExtension>
        </extensions>
      </trkpt>
      <trkpt lat="28.798538866606673" lon="115.87596225645157">
        <ele>32.79106252640486</ele>
        <time>1970-01-01T00:36:31.700000Z</time>
        <extensions>
          <gpxtpx:TrackPointExtension>
            <gpxtpx:hr>174</gpxtpx:hr>
          </gpxtpx:TrackPointExtension>
        </extensions>
      </trkpt>
      <trkpt lat="28.79851567709087" lon="115.87596421944463">
        <ele>32.77449759375304</ele>
        <time>1970-01-01T00:36:32.700000Z</time>
        <extensions>
          <gpxtpx:TrackPointExtension>
            <gpxtpx:hr>174</gpxtpx:hr>
          </gpxtpx:TrackPointExtension>
        </extensions>
      </trkpt>
      <trkpt lat="28.798492185950288" lon="115.87596630713765">
        <ele>32.758264102973044</ele>
        <time>1970-01-01T00:36:33.700000Z</time>
        <extensions>
          <gpxtpx:TrackPointExtension>
            <gpxtpx:hr>174</gpxtpx:hr>
          </gpxtpx:TrackPointExtension>
        </extensions>
      </trkpt>
      <trkpt lat="28.798468323658312" lon="115.87596852788639">
        <ele>32.7425004709512</ele>
        <time>1970-01-01T00:36:34.700000Z</time>
        <extensions>
          <gpxtpx:TrackPointExtension>
            <gpxtpx:hr>174</gpxtpx:hr>
          </gpxtpx:TrackPointExtension>
        </extensions>
      </trkpt>
      <trkpt lat="28.798444358637237" lon="115.87597057983167">
        <ele>32.7268480239436</ele>
        <time>1970-01-01T00:36:35.700000Z</time>
        <extensions>
          <gpxtpx:TrackPointExtension>
            <gpxtpx:hr>174</gpxtpx:hr>
          </gpxtpx:TrackPointExtension>
        </extensions>
      </trkpt>
      <trkpt lat="28.798419583350967" lon="115.87597266548266">
        <ele>32.71099598146975</ele>
        <time>1970-01-01T00:36:36.700000Z</time>
        <extensions>
          <gpxtpx:TrackPointExtension>
            <gpxtpx:hr>174</gpxtpx:hr>
          </gpxtpx:TrackPointExtension>
        </extensions>
      </trkpt>
      <trkpt lat="28.79839283696765" lon="115.87597490681652">
        <ele>32.69485090393573</ele>
        <time>1970-01-01T00:36:37.700000Z</time>
        <extensions>
          <gpxtpx:TrackPointExtension>
            <gpxtpx:hr>174</gpxtpx:hr>
          </gpxtpx:TrackPointExtension>
        </extensions>
      </trkpt>
      <trkpt lat="28.798364965569" lon="115.87597700048663">
        <ele>32.67845199164003</ele>
        <time>1970-01-01T00:36:38.700000Z</time>
        <extensions>
          <gpxtpx:TrackPointExtension>
            <gpxtpx:hr>174</gpxtpx:hr>
          </gpxtpx:TrackPointExtension>
        </extensions>
      </trkpt>
      <trkpt lat="28.79833743109872" lon="115.87597842829769">
        <ele>32.661732208915055</ele>
        <time>1970-01-01T00:36:39.700000Z</time>
        <extensions>
          <gpxtpx:TrackPointExtension>
            <gpxtpx:hr>174</gpxtpx:hr>
          </gpxtpx:TrackPointExtension>
        </extensions>
      </trkpt>
      <trkpt lat="28.798310250882388" lon="115.87597932057773">
        <ele>32.644493700005114</ele>
        <time>1970-01-01T00:36:40.700000Z</time>
        <extensions>
          <gpxtpx:TrackPointExtension>
            <gpxtpx:hr>174</gpxtpx:hr>
          </gpxtpx:TrackPointExtension>
        </extensions>
      </trkpt>
      <trkpt lat="28.79828299425014" lon="115.87598042134896">
        <ele>32.62630356289446</ele>
        <time>1970-01-01T00:36:41.700000Z</time>
        <extensions>
          <gpxtpx:TrackPointExtension>
            <gpxtpx:hr>174</gpxtpx:hr>
          </gpxtpx:TrackPointExtension>
        </extensions>
      </trkpt>
      <trkpt lat="28.798255586993015" lon="115.87598195085934">
        <ele>32.60652497317642</ele>
        <time>1970-01-01T00:36:42.700000Z</time>
        <extensions>
          <gpxtpx:TrackPointExtension>
            <gpxtpx:hr>172</gpxtpx:hr>
          </gpxtpx:TrackPointExtension>
        </extensions>
      </trkpt>
      <trkpt lat="28.798228333617413" lon="115.87598381523362">
        <ele>32.58440023381263</ele>
        <time>1970-01-01T00:36:43.700000Z</time>
        <extensions>
          <gpxtpx:TrackPointExtension>
            <gpxtpx:hr>172</gpxtpx:hr>
          </gpxtpx:TrackPointExtension>
        </extensions>
      </trkpt>
      <trkpt lat="28.798201982075966" lon="115.87598608690665">
        <ele>32.55925075057894</ele>
        <time>1970-01-01T00:36:44.700000Z</time>
        <extensions>
          <gpxtpx:TrackPointExtension>
            <gpxtpx:hr>172</gpxtpx:hr>
          </gpxtpx:TrackPointExtension>
        </extensions>
      </trkpt>
      <trkpt lat="28.79817619331971" lon="115.87598838313265">
        <ele>32.530859681777656</ele>
        <time>1970-01-01T00:36:45.700000Z</time>
        <extensions>
          <gpxtpx:TrackPointExtension>
            <gpxtpx:hr>172</gpxtpx:hr>
          </gpxtpx:TrackPointExtension>
        </extensions>
      </trkpt>
      <trkpt lat="28.798150207297095" lon="115.87599025730167">
        <ele>32.49934433866292</ele>
        <time>1970-01-01T00:36:46.700000Z</time>
        <extensions>
          <gpxtpx:TrackPointExtension>
            <gpxtpx:hr>173</gpxtpx:hr>
          </gpxtpx:TrackPointExtension>
        </extensions>
      </trkpt>
      <trkpt lat="28.798123328933976" lon="115.87599173148686">
        <ele>32.46512646693736</ele>
        <time>1970-01-01T00:36:47.700000Z</time>
        <extensions>
          <gpxtpx:TrackPointExtension>
            <gpxtpx:hr>173</gpxtpx:hr>
          </gpxtpx:TrackPointExtension>
        </extensions>
      </trkpt>
      <trkpt lat="28.79809528319357" lon="115.8759924908702">
        <ele>32.42891413718462</ele>
        <time>1970-01-01T00:36:48.700000Z</time>
        <extensions>
          <gpxtpx:TrackPointExtension>
            <gpxtpx:hr>173</gpxtpx:hr>
          </gpxtpx:TrackPointExtension>
        </extensions>
      </trkpt>
      <trkpt lat="28.798067407174642" lon="115.87599205792371">
        <ele>32.391477261669934</ele>
        <time>1970-01-01T00:36:49.700000Z</time>
        <extensions>
          <gpxtpx:TrackPointExtension>
            <gpxtpx:hr>173</gpxtpx:hr>
          </gpxtpx:TrackPointExtension>
        </extensions>
      </trkpt>
      <trkpt lat="28.79804110717714" lon="115.87599068241649">
        <ele>32.35345002729446</ele>
        <time>1970-01-01T00:36:50.700000Z</time>
        <extensions>
          <gpxtpx:TrackPointExtension>
            <gpxtpx:hr>173</gpxtpx:hr>
          </gpxtpx:TrackPointExtension>
        </extensions>
      </trkpt>
      <trkpt lat="28.798016612955454" lon="115.87598947624413">
        <ele>32.31544120423496</ele>
        <time>1970-01-01T00:36:51.700000Z</time>
        <extensions>
          <gpxtpx:TrackPointExtension>
            <gpxtpx:hr>173</gpxtpx:hr>
          </gpxtpx:TrackPointExtension>
        </extensions>
      </trkpt>
      <trkpt lat="28.797993331332624" lon="115.87598941728395">
        <ele>32.27811983972788</ele>
        <time>1970-01-01T00:36:52.700000Z</time>
        <extensions>
          <gpxtpx:TrackPointExtension>
            <gpxtpx:hr>172</gpxtpx:hr>
          </gpxtpx:TrackPointExtension>
        </extensions>
      </trkpt>
      <trkpt lat="28.797969284034846" lon="115.87599032443761">
        <ele>32.241925162263215</ele>
        <time>1970-01-01T00:36:53.700000Z</time>
        <extensions>
          <gpxtpx:TrackPointExtension>
            <gpxtpx:hr>172</gpxtpx:hr>
          </gpxtpx:TrackPointExtension>
        </extensions>
      </trkpt>
      <trkpt lat="28.797943301128075" lon="115.87599164036997">
        <ele>32.20697535481304</ele>
        <time>1970-01-01T00:36:54.700000Z</time>
        <extensions>
          <gpxtpx:TrackPointExtension>
            <gpxtpx:hr>172</gpxtpx:hr>
          </gpxtpx:TrackPointExtension>
        </extensions>
      </trkpt>
      <trkpt lat="28.79791669303545" lon="115.87599301926822">
        <ele>32.17338175326586</ele>
        <time>1970-01-01T00:36:55.700000Z</time>
        <extensions>
          <gpxtpx:TrackPointExtension>
            <gpxtpx:hr>172</gpxtpx:hr>
          </gpxtpx:TrackPointExtension>
        </extensions>
      </trkpt>
      <trkpt lat="28.797890572074998" lon="115.87599441557978">
        <ele>32.141150179319084</ele>
        <time>1970-01-01T00:36:56.700000Z</time>
        <extensions>
          <gpxtpx:TrackPointExtension>
            <gpxtpx:hr>172</gpxtpx:hr>
          </gpxtpx:TrackPointExtension>
        </extensions>
      </trkpt>
      <trkpt lat="28.79786434753138" lon="115.87599597057363">
        <ele>32.11019258853048</ele>
        <time>1970-01-01T00:36:57.700000Z</time>
        <extensions>
          <gpxtpx:TrackPointExtension>
            <gpxtpx:hr>172</gpxtpx:hr>
          </gpxtpx:TrackPointExtension>
        </extensions>
      </trkpt>
      <trkpt lat="28.797836400920787" lon="115.87599741027401">
        <ele>32.079721827059984</ele>
        <time>1970-01-01T00:36:58.700000Z</time>
        <extensions>
          <gpxtpx:TrackPointExtension>
            <gpxtpx:hr>172</gpxtpx:hr>
          </gpxtpx:TrackPointExtension>
        </extensions>
      </trkpt>
      <trkpt lat="28.797807773298448" lon="115.87599820117875">
        <ele>32.048699961043894</ele>
        <time>1970-01-01T00:36:59.700000Z</time>
        <extensions>
          <gpxtpx:TrackPointExtension>
            <gpxtpx:hr>172</gpxtpx:hr>
          </gpxtpx:TrackPointExtension>
        </extensions>
      </trkpt>
      <trkpt lat="28.7977807403731" lon="115.87599745279542">
        <ele>32.01660468336195</ele>
        <time>1970-01-01T00:37:00.700000Z</time>
        <extensions>
          <gpxtpx:TrackPointExtension>
            <gpxtpx:hr>173</gpxtpx:hr>
          </gpxtpx:TrackPointExtension>
        </extensions>
      </trkpt>
      <trkpt lat="28.797755388552567" lon="115.8759948268109">
        <ele>31.983556837774813</ele>
        <time>1970-01-01T00:37:01.700000Z</time>
        <extensions>
          <gpxtpx:TrackPointExtension>
            <gpxtpx:hr>173</gpxtpx:hr>
          </gpxtpx:TrackPointExtension>
        </extensions>
      </trkpt>
      <trkpt lat="28.79773058416468" lon="115.87599123872911">
        <ele>31.95049080532044</ele>
        <time>1970-01-01T00:37:02.700000Z</time>
        <extensions>
          <gpxtpx:TrackPointExtension>
            <gpxtpx:hr>173</gpxtpx:hr>
          </gpxtpx:TrackPointExtension>
        </extensions>
      </trkpt>
      <trkpt lat="28.79770588354752" lon="115.87598753787245">
        <ele>31.917470928281546</ele>
        <time>1970-01-01T00:37:03.700000Z</time>
        <extensions>
          <gpxtpx:TrackPointExtension>
            <gpxtpx:hr>173</gpxtpx:hr>
          </gpxtpx:TrackPointExtension>
        </extensions>
      </trkpt>
      <trkpt lat="28.797682333250165" lon="115.87598410836937">
        <ele>31.8842564355582</ele>
        <time>1970-01-01T00:37:04.700000Z</time>
        <extensions>
          <gpxtpx:TrackPointExtension>
            <gpxtpx:hr>173</gpxtpx:hr>
          </gpxtpx:TrackPointExtension>
        </extensions>
      </trkpt>
      <trkpt lat="28.79766024244728" lon="115.87598090585341">
        <ele>31.850455245934427</ele>
        <time>1970-01-01T00:37:05.700000Z</time>
        <extensions>
          <gpxtpx:TrackPointExtension>
            <gpxtpx:hr>173</gpxtpx:hr>
          </gpxtpx:TrackPointExtension>
        </extensions>
      </trkpt>
      <trkpt lat="28.797638269493387" lon="115.8759781732444">
        <ele>31.81582925003022</ele>
        <time>1970-01-01T00:37:06.700000Z</time>
        <extensions>
          <gpxtpx:TrackPointExtension>
            <gpxtpx:hr>174</gpxtpx:hr>
          </gpxtpx:TrackPointExtension>
        </extensions>
      </trkpt>
      <trkpt lat="28.797614795268384" lon="115.87597665871012">
        <ele>31.780472147278488</ele>
        <time>1970-01-01T00:37:07.700000Z</time>
        <extensions>
          <gpxtpx:TrackPointExtension>
            <gpxtpx:hr>174</gpxtpx:hr>
          </gpxtpx:TrackPointExtension>
        </extensions>
      </trkpt>
      <trkpt lat="28.797589305232144" lon="115.87597643659727">
        <ele>31.744412968866527</ele>
        <time>1970-01-01T00:37:08.700000Z</time>
        <extensions>
          <gpxtpx:TrackPointExtension>
            <gpxtpx:hr>174</gpxtpx:hr>
          </gpxtpx:TrackPointExtension>
        </extensions>
      </trkpt>
      <trkpt lat="28.797562524726036" lon="115.87597731686846">
        <ele>31.707501243799925</ele>
        <time>1970-01-01T00:37:09.700000Z</time>
        <extensions>
          <gpxtpx:TrackPointExtension>
            <gpxtpx:hr>174</gpxtpx:hr>
          </gpxtpx:TrackPointExtension>
        </extensions>
      </trkpt>
      <trkpt lat="28.797535315019278" lon="115.87597909886165">
        <ele>31.66908795107156</ele>
        <time>1970-01-01T00:37:10.700000Z</time>
        <extensions>
          <gpxtpx:TrackPointExtension>
            <gpxtpx:hr>174</gpxtpx:hr>
          </gpxtpx:TrackPointExtension>
        </extensions>
      </trkpt>
      <trkpt lat="28.797508309427226" lon="115.8759810656509">
        <ele>31.62839548662305</ele>
        <time>1970-01-01T00:37:11.700000Z</time>
        <extensions>
          <gpxtpx:TrackPointExtension>
            <gpxtpx:hr>174</gpxtpx:hr>
          </gpxtpx:TrackPointExtension>
        </extensions>
      </trkpt>
      <trkpt lat="28.797481878463486" lon="115.87598233684308">
        <ele>31.58530025370419</ele>
        <time>1970-01-01T00:37:12.700000Z</time>
        <extensions>
          <gpxtpx:TrackPointExtension>
            <gpxtpx:hr>174</gpxtpx:hr>
          </gpxtpx:TrackPointExtension>
        </extensions>
      </trkpt>
      <trkpt lat="28.797456126579615" lon="115.87598249715984">
        <ele>31.54054676182568</ele>
        <time>1970-01-01T00:37:13.700000Z</time>
        <extensions>
          <gpxtpx:TrackPointExtension>
            <gpxtpx:hr>174</gpxtpx:hr>
          </gpxtpx:TrackPointExtension>
        </extensions>
      </trkpt>
      <trkpt lat="28.79743033172992" lon="115.87598150600735">
        <ele>31.49527797754854</ele>
        <time>1970-01-01T00:37:14.700000Z</time>
        <extensions>
          <gpxtpx:TrackPointExtension>
            <gpxtpx:hr>174</gpxtpx:hr>
          </gpxtpx:TrackPointExtension>
        </extensions>
      </trkpt>
      <trkpt lat="28.79740340501026" lon="115.87597960917896">
        <ele>31.450223239138722</ele>
        <time>1970-01-01T00:37:15.700000Z</time>
        <extensions>
          <gpxtpx:TrackPointExtension>
            <gpxtpx:hr>174</gpxtpx:hr>
          </gpxtpx:TrackPointExtension>
        </extensions>
      </trkpt>
      <trkpt lat="28.797375932622298" lon="115.87597747306033">
        <ele>31.405584576539695</ele>
        <time>1970-01-01T00:37:16.700000Z</time>
        <extensions>
          <gpxtpx:TrackPointExtension>
            <gpxtpx:hr>173</gpxtpx:hr>
          </gpxtpx:TrackPointExtension>
        </extensions>
      </trkpt>
      <trkpt lat="28.797348971794673" lon="115.87597590531591">
        <ele>31.36138916015625</ele>
        <time>1970-01-01T00:37:17.700000Z</time>
        <extensions>
          <gpxtpx:TrackPointExtension>
            <gpxtpx:hr>173</gpxtpx:hr>
          </gpxtpx:TrackPointExtension>
        </extensions>
      </trkpt>
      <trkpt lat="28.79732242453496" lon="115.8759749886982">
        <ele>31.317600623704493</ele>
        <time>1970-01-01T00:37:18.700000Z</time>
        <extensions>
          <gpxtpx:TrackPointExtension>
            <gpxtpx:hr>173</gpxtpx:hr>
          </gpxtpx:TrackPointExtension>
        </extensions>
      </trkpt>
      <trkpt lat="28.79729588360829" lon="115.87597427689043">
        <ele>31.27412395644933</ele>
        <time>1970-01-01T00:37:19.700000Z</time>
        <extensions>
          <gpxtpx:TrackPointExtension>
            <gpxtpx:hr>173</gpxtpx:hr>
          </gpxtpx:TrackPointExtension>
        </extensions>
      </trkpt>
      <trkpt lat="28.797269549783476" lon="115.87597385012111">
        <ele>31.23065714072436</ele>
        <time>1970-01-01T00:37:20.700000Z</time>
        <extensions>
          <gpxtpx:TrackPointExtension>
            <gpxtpx:hr>173</gpxtpx:hr>
          </gpxtpx:TrackPointExtension>
        </extensions>
      </trkpt>
      <trkpt lat="28.79724390062566" lon="115.8759743509814">
        <ele>31.187246625311673</ele>
        <time>1970-01-01T00:37:21.700000Z</time>
        <extensions>
          <gpxtpx:TrackPointExtension>
            <gpxtpx:hr>173</gpxtpx:hr>
          </gpxtpx:TrackPointExtension>
        </extensions>
      </trkpt>
      <trkpt lat="28.797219035332535" lon="115.8759761200606">
        <ele>31.14419295080006</ele>
        <time>1970-01-01T00:37:22.700000Z</time>
        <extensions>
          <gpxtpx:TrackPointExtension>
            <gpxtpx:hr>173</gpxtpx:hr>
          </gpxtpx:TrackPointExtension>
        </extensions>
      </trkpt>
      <trkpt lat="28.797194308291363" lon="115.87597813048292">
        <ele>31.101618390530348</ele>
        <time>1970-01-01T00:37:23.700000Z</time>
        <extensions>
          <gpxtpx:TrackPointExtension>
            <gpxtpx:hr>173</gpxtpx:hr>
          </gpxtpx:TrackPointExtension>
        </extensions>
      </trkpt>
      <trkpt lat="28.797169388395144" lon="115.87597936096961">
        <ele>31.059560222551227</ele>
        <time>1970-01-01T00:37:24.700000Z</time>
        <extensions>
          <gpxtpx:TrackPointExtension>
            <gpxtpx:hr>173</gpxtpx:hr>
          </gpxtpx:TrackPointExtension>
        </extensions>
      </trkpt>
      <trkpt lat="28.797144198187592" lon="115.87597937506852">
        <ele>31.018000963144004</ele>
        <time>1970-01-01T00:37:25.700000Z</time>
        <extensions>
          <gpxtpx:TrackPointExtension>
            <gpxtpx:hr>173</gpxtpx:hr>
          </gpxtpx:TrackPointExtension>
        </extensions>
      </trkpt>
      <trkpt lat="28.797118568614668" lon="115.87597833432336">
        <ele>30.977088100276887</ele>
        <time>1970-01-01T00:37:26.700000Z</time>
        <extensions>
          <gpxtpx:TrackPointExtension>
            <gpxtpx:hr>173</gpxtpx:hr>
          </gpxtpx:TrackPointExtension>
        </extensions>
      </trkpt>
      <trkpt lat="28.7970924713383" lon="115.87597706786651">
        <ele>30.93711519613862</ele>
        <time>1970-01-01T00:37:27.700000Z</time>
        <extensions>
          <gpxtpx:TrackPointExtension>
            <gpxtpx:hr>173</gpxtpx:hr>
          </gpxtpx:TrackPointExtension>
        </extensions>
      </trkpt>
      <trkpt lat="28.797065077874077" lon="115.87597572384135">
        <ele>30.898249969817698</ele>
        <time>1970-01-01T00:37:28.700000Z</time>
        <extensions>
          <gpxtpx:TrackPointExtension>
            <gpxtpx:hr>173</gpxtpx:hr>
          </gpxtpx:TrackPointExtension>
        </extensions>
      </trkpt>
      <trkpt lat="28.797036930715855" lon="115.87597377586991">
        <ele>30.860294381156564</ele>
        <time>1970-01-01T00:37:29.700000Z</time>
        <extensions>
          <gpxtpx:TrackPointExtension>
            <gpxtpx:hr>173</gpxtpx:hr>
          </gpxtpx:TrackPointExtension>
        </extensions>
      </trkpt>
      <trkpt lat="28.79700911723031" lon="115.87597038172419">
        <ele>30.822277000173926</ele>
        <time>1970-01-01T00:37:30.700000Z</time>
        <extensions>
          <gpxtpx:TrackPointExtension>
            <gpxtpx:hr>173</gpxtpx:hr>
          </gpxtpx:TrackPointExtension>
        </extensions>
      </trkpt>
      <trkpt lat="28.796981904157246" lon="115.8759658754832">
        <ele>30.78327579330653</ele>
        <time>1970-01-01T00:37:31.700000Z</time>
        <extensions>
          <gpxtpx:TrackPointExtension>
            <gpxtpx:hr>173</gpxtpx:hr>
          </gpxtpx:TrackPointExtension>
        </extensions>
      </trkpt>
      <trkpt lat="28.79695532277865" lon="115.87596164610694">
        <ele>30.744041111320257</ele>
        <time>1970-01-01T00:37:32.700000Z</time>
        <extensions>
          <gpxtpx:TrackPointExtension>
            <gpxtpx:hr>173</gpxtpx:hr>
          </gpxtpx:TrackPointExtension>
        </extensions>
      </trkpt>
      <trkpt lat="28.79692900065594" lon="115.87595823581673">
        <ele>30.700271212495863</ele>
        <time>1970-01-01T00:37:33.700000Z</time>
        <extensions>
          <gpxtpx:TrackPointExtension>
            <gpxtpx:hr>173</gpxtpx:hr>
          </gpxtpx:TrackPointExtension>
        </extensions>
      </trkpt>
      <trkpt lat="28.79690317366229" lon="115.87595549445773">
        <ele>30.655890521593392</ele>
        <time>1970-01-01T00:37:34.700000Z</time>
        <extensions>
          <gpxtpx:TrackPointExtension>
            <gpxtpx:hr>173</gpxtpx:hr>
          </gpxtpx:TrackPointExtension>
        </extensions>
      </trkpt>
      <trkpt lat="28.796878222634835" lon="115.87595297158461">
        <ele>30.61336334142834</ele>
        <time>1970-01-01T00:37:35.700000Z</time>
        <extensions>
          <gpxtpx:TrackPointExtension>
            <gpxtpx:hr>173</gpxtpx:hr>
          </gpxtpx:TrackPointExtension>
        </extensions>
      </trkpt>
      <trkpt lat="28.7968542466935" lon="115.87595049157024">
        <ele>30.575918645597994</ele>
        <time>1970-01-01T00:37:36.700000Z</time>
        <extensions>
          <gpxtpx:TrackPointExtension>
            <gpxtpx:hr>173</gpxtpx:hr>
          </gpxtpx:TrackPointExtension>
        </extensions>
      </trkpt>
      <trkpt lat="28.79683062057005" lon="115.87594774110909">
        <ele>30.548740645870566</ele>
        <time>1970-01-01T00:37:37.700000Z</time>
        <extensions>
          <gpxtpx:TrackPointExtension>
            <gpxtpx:hr>173</gpxtpx:hr>
          </gpxtpx:TrackPointExtension>
        </extensions>
      </trkpt>
      <trkpt lat="28.79680648784578" lon="115.87594456650137">
        <ele>30.535754605196416</ele>
        <time>1970-01-01T00:37:38.700000Z</time>
        <extensions>
          <gpxtpx:TrackPointExtension>
            <gpxtpx:hr>173</gpxtpx:hr>
          </gpxtpx:TrackPointExtension>
        </extensions>
      </trkpt>
      <trkpt lat="28.79678138363005" lon="115.87594184795888">
        <ele>30.53910875506699</ele>
        <time>1970-01-01T00:37:39.700000Z</time>
        <extensions>
          <gpxtpx:TrackPointExtension>
            <gpxtpx:hr>173</gpxtpx:hr>
          </gpxtpx:TrackPointExtension>
        </extensions>
      </trkpt>
      <trkpt lat="28.7967554095173" lon="115.87594003293144">
        <ele>30.560722154565156</ele>
        <time>1970-01-01T00:37:40.700000Z</time>
        <extensions>
          <gpxtpx:TrackPointExtension>
            <gpxtpx:hr>173</gpxtpx:hr>
          </gpxtpx:TrackPointExtension>
        </extensions>
      </trkpt>
      <trkpt lat="28.796729586141044" lon="115.87593885591696">
        <ele>30.601097537204623</ele>
        <time>1970-01-01T00:37:41.700000Z</time>
        <extensions>
          <gpxtpx:TrackPointExtension>
            <gpxtpx:hr>173</gpxtpx:hr>
          </gpxtpx:TrackPointExtension>
        </extensions>
      </trkpt>
      <trkpt lat="28.79670434055547" lon="115.87593755218968">
        <ele>30.65247018635273</ele>
        <time>1970-01-01T00:37:42.700000Z</time>
        <extensions>
          <gpxtpx:TrackPointExtension>
            <gpxtpx:hr>173</gpxtpx:hr>
          </gpxtpx:TrackPointExtension>
        </extensions>
      </trkpt>
      <trkpt lat="28.796679375841332" lon="115.87593552016486">
        <ele>30.702804882079363</ele>
        <time>1970-01-01T00:37:43.700000Z</time>
        <extensions>
          <gpxtpx:TrackPointExtension>
            <gpxtpx:hr>172</gpxtpx:hr>
          </gpxtpx:TrackPointExtension>
        </extensions>
      </trkpt>
      <trkpt lat="28.796654050804356" lon="115.87593271806985">
        <ele>30.742256646044552</ele>
        <time>1970-01-01T00:37:44.700000Z</time>
        <extensions>
          <gpxtpx:TrackPointExtension>
            <gpxtpx:hr>172</gpxtpx:hr>
          </gpxtpx:TrackPointExtension>
        </extensions>
      </trkpt>
      <trkpt lat="28.7966277815126" lon="115.87592906290024">
        <ele>30.764235405251384</ele>
        <time>1970-01-01T00:37:45.700000Z</time>
        <extensions>
          <gpxtpx:TrackPointExtension>
            <gpxtpx:hr>172</gpxtpx:hr>
          </gpxtpx:TrackPointExtension>
        </extensions>
      </trkpt>
      <trkpt lat="28.796601243166492" lon="115.8759245727325">
        <ele>30.772988623008132</ele>
        <time>1970-01-01T00:37:46.700000Z</time>
        <extensions>
          <gpxtpx:TrackPointExtension>
            <gpxtpx:hr>173</gpxtpx:hr>
          </gpxtpx:TrackPointExtension>
        </extensions>
      </trkpt>
      <trkpt lat="28.79657566706366" lon="115.87591963234064">
        <ele>30.771265825256705</ele>
        <time>1970-01-01T00:37:47.700000Z</time>
        <extensions>
          <gpxtpx:TrackPointExtension>
            <gpxtpx:hr>173</gpxtpx:hr>
          </gpxtpx:TrackPointExtension>
        </extensions>
      </trkpt>
      <trkpt lat="28.79655108721613" lon="115.87591434172472">
        <ele>30.763327171094716</ele>
        <time>1970-01-01T00:37:48.700000Z</time>
        <extensions>
          <gpxtpx:TrackPointExtension>
            <gpxtpx:hr>173</gpxtpx:hr>
          </gpxtpx:TrackPointExtension>
        </extensions>
      </trkpt>
      <trkpt lat="28.796526760459578" lon="115.87590857341746">
        <ele>30.752983080223203</ele>
        <time>1970-01-01T00:37:49.700000Z</time>
        <extensions>
          <gpxtpx:TrackPointExtension>
            <gpxtpx:hr>173</gpxtpx:hr>
          </gpxtpx:TrackPointExtension>
        </extensions>
      </trkpt>
      <trkpt lat="28.79650260650644" lon="115.87590267712281">
        <ele>30.745019033551216</ele>
        <time>1970-01-01T00:37:50.700000Z</time>
        <extensions>
          <gpxtpx:TrackPointExtension>
            <gpxtpx:hr>173</gpxtpx:hr>
          </gpxtpx:TrackPointExtension>
        </extensions>
      </trkpt>
      <trkpt lat="28.7964788239812" lon="115.87589722864807">
        <ele>30.742690856568515</ele>
        <time>1970-01-01T00:37:51.700000Z</time>
        <extensions>
          <gpxtpx:TrackPointExtension>
            <gpxtpx:hr>173</gpxtpx:hr>
          </gpxtpx:TrackPointExtension>
        </extensions>
      </trkpt>
      <trkpt lat="28.79645514424779" lon="115.87589206349978">
        <ele>30.74389681778848</ele>
        <time>1970-01-01T00:37:52.700000Z</time>
        <extensions>
          <gpxtpx:TrackPointExtension>
            <gpxtpx:hr>173</gpxtpx:hr>
          </gpxtpx:TrackPointExtension>
        </extensions>
      </trkpt>
      <trkpt lat="28.79643081691806" lon="115.87588622243582">
        <ele>30.74752204772085</ele>
        <time>1970-01-01T00:37:53.700000Z</time>
        <extensions>
          <gpxtpx:TrackPointExtension>
            <gpxtpx:hr>173</gpxtpx:hr>
          </gpxtpx:TrackPointExtension>
        </extensions>
      </trkpt>
      <trkpt lat="28.796405463652878" lon="115.8758793835201">
        <ele>30.75155477412045</ele>
        <time>1970-01-01T00:37:54.700000Z</time>
        <extensions>
          <gpxtpx:TrackPointExtension>
            <gpxtpx:hr>173</gpxtpx:hr>
          </gpxtpx:TrackPointExtension>
        </extensions>
      </trkpt>
      <trkpt lat="28.796379908706413" lon="115.87587240526743">
        <ele>30.762975341640413</ele>
        <time>1970-01-01T00:37:55.700000Z</time>
        <extensions>
          <gpxtpx:TrackPointExtension>
            <gpxtpx:hr>174</gpxtpx:hr>
          </gpxtpx:TrackPointExtension>
        </extensions>
      </trkpt>
      <trkpt lat="28.796355192841215" lon="115.87586675830109">
        <ele>30.775193096138537</ele>
        <time>1970-01-01T00:37:56.700000Z</time>
        <extensions>
          <gpxtpx:TrackPointExtension>
            <gpxtpx:hr>174</gpxtpx:hr>
          </gpxtpx:TrackPointExtension>
        </extensions>
      </trkpt>
      <trkpt lat="28.796331304749557" lon="115.87586294074222">
        <ele>30.792063594795763</ele>
        <time>1970-01-01T00:37:57.700000Z</time>
        <extensions>
          <gpxtpx:TrackPointExtension>
            <gpxtpx:hr>174</gpxtpx:hr>
          </gpxtpx:TrackPointExtension>
        </extensions>
      </trkpt>
      <trkpt lat="28.796307823338896" lon="115.87585972937487">
        <ele>30.814176730811596</ele>
        <time>1970-01-01T00:37:58.700000Z</time>
        <extensions>
          <gpxtpx:TrackPointExtension>
            <gpxtpx:hr>174</gpxtpx:hr>
          </gpxtpx:TrackPointExtension>
        </extensions>
      </trkpt>
      <trkpt lat="28.796283643346683" lon="115.87585556135922">
        <ele>30.832211856730282</ele>
        <time>1970-01-01T00:37:59.700000Z</time>
        <extensions>
          <gpxtpx:TrackPointExtension>
            <gpxtpx:hr>174</gpxtpx:hr>
          </gpxtpx:TrackPointExtension>
        </extensions>
      </trkpt>
      <trkpt lat="28.796258171623133" lon="115.87585064716636">
        <ele>30.847952243871987</ele>
        <time>1970-01-01T00:38:00.700000Z</time>
        <extensions>
          <gpxtpx:TrackPointExtension>
            <gpxtpx:hr>174</gpxtpx:hr>
          </gpxtpx:TrackPointExtension>
        </extensions>
      </trkpt>
      <trkpt lat="28.79623168118606" lon="115.87584561217157">
        <ele>30.863815737888217</ele>
        <time>1970-01-01T00:38:01.700000Z</time>
        <extensions>
          <gpxtpx:TrackPointExtension>
            <gpxtpx:hr>173</gpxtpx:hr>
          </gpxtpx:TrackPointExtension>
        </extensions>
      </trkpt>
      <trkpt lat="28.796204363888823" lon="115.87584074715683">
        <ele>30.878891568630934</ele>
        <time>1970-01-01T00:38:02.700000Z</time>
        <extensions>
          <gpxtpx:TrackPointExtension>
            <gpxtpx:hr>173</gpxtpx:hr>
          </gpxtpx:TrackPointExtension>
        </extensions>
      </trkpt>
      <trkpt lat="28.79617672320228" lon="115.87583633368448">
        <ele>30.890096000395715</ele>
        <time>1970-01-01T00:38:03.700000Z</time>
        <extensions>
          <gpxtpx:TrackPointExtension>
            <gpxtpx:hr>173</gpxtpx:hr>
          </gpxtpx:TrackPointExtension>
        </extensions>
      </trkpt>
      <trkpt lat="28.7961494455341" lon="115.87583215497916">
        <ele>30.901913155801594</ele>
        <time>1970-01-01T00:38:04.700000Z</time>
        <extensions>
          <gpxtpx:TrackPointExtension>
            <gpxtpx:hr>173</gpxtpx:hr>
          </gpxtpx:TrackPointExtension>
        </extensions>
      </trkpt>
      <trkpt lat="28.79612309414305" lon="115.87582858665631">
        <ele>30.918125958181918</ele>
        <time>1970-01-01T00:38:05.700000Z</time>
        <extensions>
          <gpxtpx:TrackPointExtension>
            <gpxtpx:hr>173</gpxtpx:hr>
          </gpxtpx:TrackPointExtension>
        </extensions>
      </trkpt>
      <trkpt lat="28.796097054449174" lon="115.87582586519727">
        <ele>30.932651171460748</ele>
        <time>1970-01-01T00:38:06.700000Z</time>
        <extensions>
          <gpxtpx:TrackPointExtension>
            <gpxtpx:hr>174</gpxtpx:hr>
          </gpxtpx:TrackPointExtension>
        </extensions>
      </trkpt>
      <trkpt lat="28.796070868357063" lon="115.87582360505618">
        <ele>30.94248205702752</ele>
        <time>1970-01-01T00:38:07.700000Z</time>
        <extensions>
          <gpxtpx:TrackPointExtension>
            <gpxtpx:hr>174</gpxtpx:hr>
          </gpxtpx:TrackPointExtension>
        </extensions>
      </trkpt>
      <trkpt lat="28.796044557184654" lon="115.87582121070125">
        <ele>30.933964691124856</ele>
        <time>1970-01-01T00:38:08.700000Z</time>
        <extensions>
          <gpxtpx:TrackPointExtension>
            <gpxtpx:hr>174</gpxtpx:hr>
          </gpxtpx:TrackPointExtension>
        </extensions>
      </trkpt>
      <trkpt lat="28.796018245246394" lon="115.87581729858428">
        <ele>30.898371431045234</ele>
        <time>1970-01-01T00:38:09.700000Z</time>
        <extensions>
          <gpxtpx:TrackPointExtension>
            <gpxtpx:hr>174</gpxtpx:hr>
          </gpxtpx:TrackPointExtension>
        </extensions>
      </trkpt>
      <trkpt lat="28.79599260249123" lon="115.87581154476285">
        <ele>30.83058426436037</ele>
        <time>1970-01-01T00:38:10.700000Z</time>
        <extensions>
          <gpxtpx:TrackPointExtension>
            <gpxtpx:hr>174</gpxtpx:hr>
          </gpxtpx:TrackPointExtension>
        </extensions>
      </trkpt>
      <trkpt lat="28.795968073609963" lon="115.87580523411388">
        <ele>30.730052679777145</ele>
        <time>1970-01-01T00:38:11.700000Z</time>
        <extensions>
          <gpxtpx:TrackPointExtension>
            <gpxtpx:hr>174</gpxtpx:hr>
          </gpxtpx:TrackPointExtension>
        </extensions>
      </trkpt>
      <trkpt lat="28.79594434111359" lon="115.87579892728176">
        <ele>30.60614221263677</ele>
        <time>1970-01-01T00:38:12.700000Z</time>
        <extensions>
          <gpxtpx:TrackPointExtension>
            <gpxtpx:hr>174</gpxtpx:hr>
          </gpxtpx:TrackPointExtension>
        </extensions>
      </trkpt>
      <trkpt lat="28.795920692178235" lon="115.87579286274607">
        <ele>30.469008572399616</ele>
        <time>1970-01-01T00:38:13.700000Z</time>
        <extensions>
          <gpxtpx:TrackPointExtension>
            <gpxtpx:hr>174</gpxtpx:hr>
          </gpxtpx:TrackPointExtension>
        </extensions>
      </trkpt>
      <trkpt lat="28.795896719665322" lon="115.87578698556543">
        <ele>30.342974850907922</ele>
        <time>1970-01-01T00:38:14.700000Z</time>
        <extensions>
          <gpxtpx:TrackPointExtension>
            <gpxtpx:hr>174</gpxtpx:hr>
          </gpxtpx:TrackPointExtension>
        </extensions>
      </trkpt>
      <trkpt lat="28.795872218179046" lon="115.87578176593807">
        <ele>30.239371825009584</ele>
        <time>1970-01-01T00:38:15.700000Z</time>
        <extensions>
          <gpxtpx:TrackPointExtension>
            <gpxtpx:hr>174</gpxtpx:hr>
          </gpxtpx:TrackPointExtension>
        </extensions>
      </trkpt>
      <trkpt lat="28.795847676654393" lon="115.87577827760065">
        <ele>30.163997567258775</ele>
        <time>1970-01-01T00:38:16.700000Z</time>
        <extensions>
          <gpxtpx:TrackPointExtension>
            <gpxtpx:hr>175</gpxtpx:hr>
          </gpxtpx:TrackPointExtension>
        </extensions>
      </trkpt>
      <trkpt lat="28.795823458720484" lon="115.87577579903137">
        <ele>30.116143685765564</ele>
        <time>1970-01-01T00:38:17.700000Z</time>
        <extensions>
          <gpxtpx:TrackPointExtension>
            <gpxtpx:hr>175</gpxtpx:hr>
          </gpxtpx:TrackPointExtension>
        </extensions>
      </trkpt>
      <trkpt lat="28.795799141234305" lon="115.87577255275077">
        <ele>30.098968863487244</ele>
        <time>1970-01-01T00:38:18.700000Z</time>
        <extensions>
          <gpxtpx:TrackPointExtension>
            <gpxtpx:hr>175</gpxtpx:hr>
          </gpxtpx:TrackPointExtension>
        </extensions>
      </trkpt>
      <trkpt lat="28.795774558836342" lon="115.87576795048992">
        <ele>30.109289422631264</ele>
        <time>1970-01-01T00:38:19.700000Z</time>
        <extensions>
          <gpxtpx:TrackPointExtension>
            <gpxtpx:hr>175</gpxtpx:hr>
          </gpxtpx:TrackPointExtension>
        </extensions>
      </trkpt>
      <trkpt lat="28.795750053411208" lon="115.87576308392565">
        <ele>30.15109447389841</ele>
        <time>1970-01-01T00:38:20.700000Z</time>
        <extensions>
          <gpxtpx:TrackPointExtension>
            <gpxtpx:hr>175</gpxtpx:hr>
          </gpxtpx:TrackPointExtension>
        </extensions>
      </trkpt>
      <trkpt lat="28.79572617880818" lon="115.8757596109738">
        <ele>30.22832217440009</ele>
        <time>1970-01-01T00:38:21.700000Z</time>
        <extensions>
          <gpxtpx:TrackPointExtension>
            <gpxtpx:hr>174</gpxtpx:hr>
          </gpxtpx:TrackPointExtension>
        </extensions>
      </trkpt>
      <trkpt lat="28.795703606127667" lon="115.8757589307022">
        <ele>30.340641097165644</ele>
        <time>1970-01-01T00:38:22.700000Z</time>
        <extensions>
          <gpxtpx:TrackPointExtension>
            <gpxtpx:hr>174</gpxtpx:hr>
          </gpxtpx:TrackPointExtension>
        </extensions>
      </trkpt>
      <trkpt lat="28.79568370788015" lon="115.87576146458552">
        <ele>30.49971533752978</ele>
        <time>1970-01-01T00:38:23.700000Z</time>
        <extensions>
          <gpxtpx:TrackPointExtension>
            <gpxtpx:hr>174</gpxtpx:hr>
          </gpxtpx:TrackPointExtension>
        </extensions>
      </trkpt>
      <trkpt lat="28.795667835019163" lon="115.87576520590198">
        <ele>30.70429426897317</ele>
        <time>1970-01-01T00:38:24.700000Z</time>
        <extensions>
          <gpxtpx:TrackPointExtension>
            <gpxtpx:hr>174</gpxtpx:hr>
          </gpxtpx:TrackPointExtension>
        </extensions>
      </trkpt>
      <trkpt lat="28.795656477995774" lon="115.87576809884754">
        <ele>30.943126821890473</ele>
        <time>1970-01-01T00:38:25.700000Z</time>
        <extensions>
          <gpxtpx:TrackPointExtension>
            <gpxtpx:hr>174</gpxtpx:hr>
          </gpxtpx:TrackPointExtension>
        </extensions>
      </trkpt>
      <trkpt lat="28.79564951738537" lon="115.87577029791059">
        <ele>31.20775419846177</ele>
        <time>1970-01-01T00:38:26.700000Z</time>
        <extensions>
          <gpxtpx:TrackPointExtension>
            <gpxtpx:hr>174</gpxtpx:hr>
          </gpxtpx:TrackPointExtension>
        </extensions>
      </trkpt>
      <trkpt lat="28.795645014777772" lon="115.87577174777815">
        <ele>31.48430047184229</ele>
        <time>1970-01-01T00:38:27.700000Z</time>
        <extensions>
          <gpxtpx:TrackPointExtension>
            <gpxtpx:hr>174</gpxtpx:hr>
          </gpxtpx:TrackPointExtension>
        </extensions>
      </trkpt>
      <trkpt lat="28.795640207961164" lon="115.87577188598321">
        <ele>31.66014524269849</ele>
        <time>1970-01-01T00:38:28.700000Z</time>
        <extensions>
          <gpxtpx:TrackPointExtension>
            <gpxtpx:hr>174</gpxtpx:hr>
          </gpxtpx:TrackPointExtension>
        </extensions>
      </trkpt>
      <trkpt lat="28.795632038592814" lon="115.87577012165745">
        <ele>31.764525496400893</ele>
        <time>1970-01-01T00:38:29.700000Z</time>
        <extensions>
          <gpxtpx:TrackPointExtension>
            <gpxtpx:hr>173</gpxtpx:hr>
          </gpxtpx:TrackPointExtension>
        </extensions>
      </trkpt>
      <trkpt lat="28.79561976919788" lon="115.87576586325966">
        <ele>31.780111799947917</ele>
        <time>1970-01-01T00:38:30.700000Z</time>
        <extensions>
          <gpxtpx:TrackPointExtension>
            <gpxtpx:hr>173</gpxtpx:hr>
          </gpxtpx:TrackPointExtension>
        </extensions>
      </trkpt>
      <trkpt lat="28.795603305490474" lon="115.87575974565173">
        <ele>31.699176996015012</ele>
        <time>1970-01-01T00:38:31.700000Z</time>
        <extensions>
          <gpxtpx:TrackPointExtension>
            <gpxtpx:hr>173</gpxtpx:hr>
          </gpxtpx:TrackPointExtension>
        </extensions>
      </trkpt>
      <trkpt lat="28.795582124540438" lon="115.87575234579714">
        <ele>31.52259406913072</ele>
        <time>1970-01-01T00:38:32.700000Z</time>
        <extensions>
          <gpxtpx:TrackPointExtension>
            <gpxtpx:hr>173</gpxtpx:hr>
          </gpxtpx:TrackPointExtension>
        </extensions>
      </trkpt>
      <trkpt lat="28.795556867163977" lon="115.87574449749977">
        <ele>31.257457815110683</ele>
        <time>1970-01-01T00:38:33.700000Z</time>
        <extensions>
          <gpxtpx:TrackPointExtension>
            <gpxtpx:hr>173</gpxtpx:hr>
          </gpxtpx:TrackPointExtension>
        </extensions>
      </trkpt>
      <trkpt lat="28.79553003300836" lon="115.87573759540477">
        <ele>30.913797188550234</ele>
        <time>1970-01-01T00:38:34.700000Z</time>
        <extensions>
          <gpxtpx:TrackPointExtension>
            <gpxtpx:hr>173</gpxtpx:hr>
          </gpxtpx:TrackPointExtension>
        </extensions>
      </trkpt>
      <trkpt lat="28.79550364906452" lon="115.87573241993948">
        <ele>30.50280324742198</ele>
        <time>1970-01-01T00:38:35.700000Z</time>
        <extensions>
          <gpxtpx:TrackPointExtension>
            <gpxtpx:hr>173</gpxtpx:hr>
          </gpxtpx:TrackPointExtension>
        </extensions>
      </trkpt>
      <trkpt lat="28.795478526631875" lon="115.87572849319284">
        <ele>30.036586332134902</ele>
        <time>1970-01-01T00:38:36.700000Z</time>
        <extensions>
          <gpxtpx:TrackPointExtension>
            <gpxtpx:hr>173</gpxtpx:hr>
          </gpxtpx:TrackPointExtension>
        </extensions>
      </trkpt>
      <trkpt lat="28.79545544988384" lon="115.87572506893588">
        <ele>29.530065901577473</ele>
        <time>1970-01-01T00:38:37.700000Z</time>
        <extensions>
          <gpxtpx:TrackPointExtension>
            <gpxtpx:hr>173</gpxtpx:hr>
          </gpxtpx:TrackPointExtension>
        </extensions>
      </trkpt>
    </trkseg>
  </trk>
</gpx>