<?xml version="1.0" encoding="UTF-8"?>
<gpx xmlns="http://www.topografix.com/GPX/1/1" xmlns:gpxtpx="http://www.garmin.com/xmlschemas/TrackPointExtension/v1" xmlns:xsi="http://www.w3.org/2001/XMLSchema-instance" xsi:schemaLocation="http://www.topografix.com/GPX/1/1 http://www.topografix.com/GPX/1/1/gpx.xsd" version="1.1" creator="gpx.py -- https://github.com/tkrajina/gpxpy">
  <trk>
    <name>gpx from keep</name>
    <type>Ride</type>
    <trkseg>
      <trkpt lat="22.73634111125125" lon="113.92429964356856">
        <ele>0</ele>
        <time>2026-09-10T12:11:10Z</time>
        <extensions>
          <gpxtpx:TrackPointExtension>
            <gpxtpx:hr>99</gpxtpx:hr>
          </gpxtpx:TrackPointExtension>
        </extensions>
      </trkpt>
      <trkpt lat="22.736362055969867" lon="113.92428769090851">
        <ele>0</ele>
        <time>2026-09-10T12:11:10.900000Z</time>
        <extensions>
          <gpxtpx:TrackPointExtension>
            <gpxtpx:hr>99</gpxtpx:hr>
          </gpxtpx:TrackPointExtension>
        </extensions>
      </trkpt>
      <trkpt lat="22.736385127458046" lon="113.92427412828232">
        <ele>0</ele>
        <time>2026-09-10T12:11:11.900000Z</time>
        <extensions>
          <gpxtpx:TrackPointExtension>
            <gpxtpx:hr>99</gpxtpx:hr>
          </gpxtpx:TrackPointExtension>
        </extensions>
      </trkpt>
      <trkpt lat="22.736409003608017" lon="113.92426053206033">
        <ele>0</ele>
        <time>2026-09-10T12:11:12.900000Z</time>
        <extensions>
          <gpxtpx:TrackPointExtension>
            <gpxtpx:hr>99</gpxtpx:hr>
          </gpxtpx:TrackPointExtension>
        </extensions>
      </trkpt>
      <trkpt lat="22.736433279994614" lon="113.92424797081836">
        <ele>0</ele>
        <time>2026-09-10T12:11:13.900000Z</time>
        <extensions>
          <gpxtpx:TrackPointExtension>
            <gpxtpx:hr>99</gpxtpx:hr>
          </gpxtpx:TrackPointExtension>
        </extensions>
      </trkpt>
      <trkpt lat="22.73645727705275" lon="113.92423691457324">
        <ele>0</ele>
        <time>2026-09-10T12:11:14.900000Z</time>
        <extensions>
          <gpxtpx:TrackPointExtension>
            <gpxtpx:hr>99</gpxtpx:hr>
          </gpxtpx:TrackPointExtension>
        </extensions>
      </trkpt>
      <trkpt lat="22.736480587451886" lon="113.9242272766824">
        <ele>0</ele>
        <time>2026-09-10T12:11:15.900000Z</time>
        <extensions>
          <gpxtpx:TrackPointExtension>
            <gpxtpx:hr>99</gpxtpx:hr>
          </gpxtpx:TrackPointExtension>
        </extensions>
      </trkpt>
      <trkpt lat="22.736502741154162" lon="113.92421855190288">
        <ele>0</ele>
        <time>2026-09-10T12:11:16.900000Z</time>
        <extensions>
          <gpxtpx:TrackPointExtension>
            <gpxtpx:hr>99</gpxtpx:hr>
          </gpxtpx:TrackPointExtension>
        </extensions>
      </trkpt>
      <trkpt lat="22.7365236360091" lon="113.92420983199294">
        <ele>0</ele>
        <time>2026-09-10T12:11:17.900000Z</time>
        <extensions>
          <gpxtpx:TrackPointExtension>
            <gpxtpx:hr>99</gpxtpx:hr>
          </gpxtpx:TrackPointExtension>
        </extensions>
      </trkpt>
      <trkpt lat="22.736543478229372" lon="113.9242006968887">
        <ele>0</ele>
        <time>2026-09-10T12:11:18.900000Z</time>
        <extensions>
          <gpxtpx:TrackPointExtension>
            <gpxtpx:hr>99</gpxtpx:hr>
          </gpxtpx:TrackPointExtension>
        </extensions>
      </trkpt>
      <trkpt lat="22.73656293103028" lon="113.92419140092936">
        <ele>0</ele>
        <time>2026-09-10T12:11:19.900000Z</time>
        <extensions>
          <gpxtpx:TrackPointExtension>
            <gpxtpx:hr>97</gpxtpx:hr>
          </gpxtpx:TrackPointExtension>
        </extensions>
      </trkpt>
      <trkpt lat="22.736582629301875" lon="113.92418236417151">
        <ele>0</ele>
        <time>2026-09-10T12:11:20.900000Z</time>
        <extensions>
          <gpxtpx:TrackPointExtension>
            <gpxtpx:hr>97</gpxtpx:hr>
          </gpxtpx:TrackPointExtension>
        </extensions>
      </trkpt>
      <trkpt lat="22.736602252473883" lon="113.92417403602624">
        <ele>0</ele>
        <time>2026-09-10T12:11:21.900000Z</time>
        <extensions>
          <gpxtpx:TrackPointExtension>
            <gpxtpx:hr>97</gpxtpx:hr>
          </gpxtpx:TrackPointExtension>
        </extensions>
      </trkpt>
      <trkpt lat="22.736620929075222" lon="113.92416609185209">
        <ele>0</ele>
        <time>2026-09-10T12:11:22.900000Z</time>
        <extensions>
          <gpxtpx:TrackPointExtension>
            <gpxtpx:hr>97</gpxtpx:hr>
          </gpxtpx:TrackPointExtension>
        </extensions>
      </trkpt>
      <trkpt lat="22.73663850594556" lon="113.92415769746127">
        <ele>0</ele>
        <time>2026-09-10T12:11:23.900000Z</time>
        <extensions>
          <gpxtpx:TrackPointExtension>
            <gpxtpx:hr>96</gpxtpx:hr>
          </gpxtpx:TrackPointExtension>
        </extensions>
      </trkpt>
      <trkpt lat="22.736655435044817" lon="113.92414887097993">
        <ele>0</ele>
        <time>2026-09-10T12:11:24.900000Z</time>
        <extensions>
          <gpxtpx:TrackPointExtension>
            <gpxtpx:hr>96</gpxtpx:hr>
          </gpxtpx:TrackPointExtension>
        </extensions>
      </trkpt>
      <trkpt lat="22.73667240100213" lon="113.9241398148896">
        <ele>0</ele>
        <time>2026-09-10T12:11:25.900000Z</time>
        <extensions>
          <gpxtpx:TrackPointExtension>
            <gpxtpx:hr>96</gpxtpx:hr>
          </gpxtpx:TrackPointExtension>
        </extensions>
      </trkpt>
      <trkpt lat="22.736689718662163" lon="113.92412998461737">
        <ele>0</ele>
        <time>2026-09-10T12:11:26.900000Z</time>
        <extensions>
          <gpxtpx:TrackPointExtension>
            <gpxtpx:hr>96</gpxtpx:hr>
          </gpxtpx:TrackPointExtension>
        </extensions>
      </trkpt>
      <trkpt lat="22.73670688904248" lon="113.92411909222555">
        <ele>0</ele>
        <time>2026-09-10T12:11:27.900000Z</time>
        <extensions>
          <gpxtpx:TrackPointExtension>
            <gpxtpx:hr>96</gpxtpx:hr>
          </gpxtpx:TrackPointExtension>
        </extensions>
      </trkpt>
      <trkpt lat="22.73672358356742" lon="113.9241073186907">
        <ele>0</ele>
        <time>2026-09-10T12:11:28.900000Z</time>
        <extensions>
          <gpxtpx:TrackPointExtension>
            <gpxtpx:hr>96</gpxtpx:hr>
          </gpxtpx:TrackPointExtension>
        </extensions>
      </trkpt>
      <trkpt lat="22.736740645700667" lon="113.92409426640769">
        <ele>0</ele>
        <time>2026-09-10T12:11:29.900000Z</time>
        <extensions>
          <gpxtpx:TrackPointExtension>
            <gpxtpx:hr>96</gpxtpx:hr>
          </gpxtpx:TrackPointExtension>
        </extensions>
      </trkpt>
      <trkpt lat="22.736758292583" lon="113.92407993247808">
        <ele>0</ele>
        <time>2026-09-10T12:11:30.900000Z</time>
        <extensions>
          <gpxtpx:TrackPointExtension>
            <gpxtpx:hr>98</gpxtpx:hr>
          </gpxtpx:TrackPointExtension>
        </extensions>
      </trkpt>
      <trkpt lat="22.736776658925685" lon="113.92406484169071">
        <ele>0</ele>
        <time>2026-09-10T12:11:31.900000Z</time>
        <extensions>
          <gpxtpx:TrackPointExtension>
            <gpxtpx:hr>98</gpxtpx:hr>
          </gpxtpx:TrackPointExtension>
        </extensions>
      </trkpt>
      <trkpt lat="22.736796149182595" lon="113.92404945550393">
        <ele>0</ele>
        <time>2026-09-10T12:11:32.900000Z</time>
        <extensions>
          <gpxtpx:TrackPointExtension>
            <gpxtpx:hr>98</gpxtpx:hr>
          </gpxtpx:TrackPointExtension>
        </extensions>
      </trkpt>
      <trkpt lat="22.736816481631642" lon="113.92403388378749">
        <ele>0</ele>
        <time>2026-09-10T12:11:33.900000Z</time>
        <extensions>
          <gpxtpx:TrackPointExtension>
            <gpxtpx:hr>98</gpxtpx:hr>
          </gpxtpx:TrackPointExtension>
        </extensions>
      </trkpt>
      <trkpt lat="22.73683759131918" lon="113.92401807582999">
        <ele>0</ele>
        <time>2026-09-10T12:11:34.900000Z</time>
        <extensions>
          <gpxtpx:TrackPointExtension>
            <gpxtpx:hr>98</gpxtpx:hr>
          </gpxtpx:TrackPointExtension>
        </extensions>
      </trkpt>
      <trkpt lat="22.736859150794203" lon="113.92400243227421">
        <ele>0</ele>
        <time>2026-09-10T12:11:35.900000Z</time>
        <extensions>
          <gpxtpx:TrackPointExtension>
            <gpxtpx:hr>103</gpxtpx:hr>
          </gpxtpx:TrackPointExtension>
        </extensions>
      </trkpt>
      <trkpt lat="22.736880496196978" lon="113.92398713786554">
        <ele>0</ele>
        <time>2026-09-10T12:11:36.900000Z</time>
        <extensions>
          <gpxtpx:TrackPointExtension>
            <gpxtpx:hr>103</gpxtpx:hr>
          </gpxtpx:TrackPointExtension>
        </extensions>
      </trkpt>
      <trkpt lat="22.736901614191233" lon="113.92397203134381">
        <ele>0</ele>
        <time>2026-09-10T12:11:37.900000Z</time>
        <extensions>
          <gpxtpx:TrackPointExtension>
            <gpxtpx:hr>103</gpxtpx:hr>
          </gpxtpx:TrackPointExtension>
        </extensions>
      </trkpt>
      <trkpt lat="22.73692334074935" lon="113.92395707368661">
        <ele>0</ele>
        <time>2026-09-10T12:11:38.900000Z</time>
        <extensions>
          <gpxtpx:TrackPointExtension>
            <gpxtpx:hr>103</gpxtpx:hr>
          </gpxtpx:TrackPointExtension>
        </extensions>
      </trkpt>
      <trkpt lat="22.736946302474024" lon="113.92394226921795">
        <ele>0</ele>
        <time>2026-09-10T12:11:39.900000Z</time>
        <extensions>
          <gpxtpx:TrackPointExtension>
            <gpxtpx:hr>103</gpxtpx:hr>
          </gpxtpx:TrackPointExtension>
        </extensions>
      </trkpt>
      <trkpt lat="22.73697024311367" lon="113.92392766780164">
        <ele>0</ele>
        <time>2026-09-10T12:11:40.900000Z</time>
        <extensions>
          <gpxtpx:TrackPointExtension>
            <gpxtpx:hr>103</gpxtpx:hr>
          </gpxtpx:TrackPointExtension>
        </extensions>
      </trkpt>
      <trkpt lat="22.73699424848649" lon="113.92391333441059">
        <ele>0</ele>
        <time>2026-09-10T12:11:41.900000Z</time>
        <extensions>
          <gpxtpx:TrackPointExtension>
            <gpxtpx:hr>103</gpxtpx:hr>
          </gpxtpx:TrackPointExtension>
        </extensions>
      </trkpt>
      <trkpt lat="22.73701805007533" lon="113.92389922627">
        <ele>0</ele>
        <time>2026-09-10T12:11:42.900000Z</time>
        <extensions>
          <gpxtpx:TrackPointExtension>
            <gpxtpx:hr>108</gpxtpx:hr>
          </gpxtpx:TrackPointExtension>
        </extensions>
      </trkpt>
      <trkpt lat="22.737041610554943" lon="113.92388566345439">
        <ele>0</ele>
        <time>2026-09-10T12:11:43.900000Z</time>
        <extensions>
          <gpxtpx:TrackPointExtension>
            <gpxtpx:hr>108</gpxtpx:hr>
          </gpxtpx:TrackPointExtension>
        </extensions>
      </trkpt>
      <trkpt lat="22.737065051668658" lon="113.92387319013675">
        <ele>0</ele>
        <time>2026-09-10T12:11:44.900000Z</time>
        <extensions>
          <gpxtpx:TrackPointExtension>
            <gpxtpx:hr>108</gpxtpx:hr>
          </gpxtpx:TrackPointExtension>
        </extensions>
      </trkpt>
      <trkpt lat="22.73708883406324" lon="113.92386267185617">
        <ele>0</ele>
        <time>2026-09-10T12:11:45.900000Z</time>
        <extensions>
          <gpxtpx:TrackPointExtension>
            <gpxtpx:hr>108</gpxtpx:hr>
          </gpxtpx:TrackPointExtension>
        </extensions>
      </trkpt>
      <trkpt lat="22.7371132622079" lon="113.92385568192341">
        <ele>0</ele>
        <time>2026-09-10T12:11:46.900000Z</time>
        <extensions>
          <gpxtpx:TrackPointExtension>
            <gpxtpx:hr>108</gpxtpx:hr>
          </gpxtpx:TrackPointExtension>
        </extensions>
      </trkpt>
      <trkpt lat="22.737137753425937" lon="113.92385368111569">
        <ele>0</ele>
        <time>2026-09-10T12:11:47.900000Z</time>
        <extensions>
          <gpxtpx:TrackPointExtension>
            <gpxtpx:hr>108</gpxtpx:hr>
          </gpxtpx:TrackPointExtension>
        </extensions>
      </trkpt>
      <trkpt lat="22.73716152049207" lon="113.92385671405133">
        <ele>0</ele>
        <time>2026-09-10T12:11:48.900000Z</time>
        <extensions>
          <gpxtpx:TrackPointExtension>
            <gpxtpx:hr>108</gpxtpx:hr>
          </gpxtpx:TrackPointExtension>
        </extensions>
      </trkpt>
      <trkpt lat="22.73718464131598" lon="113.92386376703774">
        <ele>0</ele>
        <time>2026-09-10T12:11:49.900000Z</time>
        <extensions>
          <gpxtpx:TrackPointExtension>
            <gpxtpx:hr>108</gpxtpx:hr>
          </gpxtpx:TrackPointExtension>
        </extensions>
      </trkpt>
      <trkpt lat="22.737207661920277" lon="113.92387399745184">
        <ele>0</ele>
        <time>2026-09-10T12:11:50.900000Z</time>
        <extensions>
          <gpxtpx:TrackPointExtension>
            <gpxtpx:hr>108</gpxtpx:hr>
          </gpxtpx:TrackPointExtension>
        </extensions>
      </trkpt>
      <trkpt lat="22.73723116629745" lon="113.92388717693406">
        <ele>0</ele>
        <time>2026-09-10T12:11:51.900000Z</time>
        <extensions>
          <gpxtpx:TrackPointExtension>
            <gpxtpx:hr>105</gpxtpx:hr>
          </gpxtpx:TrackPointExtension>
        </extensions>
      </trkpt>
      <trkpt lat="22.737254965249427" lon="113.92390398772739">
        <ele>0</ele>
        <time>2026-09-10T12:11:52.900000Z</time>
        <extensions>
          <gpxtpx:TrackPointExtension>
            <gpxtpx:hr>105</gpxtpx:hr>
          </gpxtpx:TrackPointExtension>
        </extensions>
      </trkpt>
      <trkpt lat="22.73727794705553" lon="113.92392473682342">
        <ele>0</ele>
        <time>2026-09-10T12:11:53.900000Z</time>
        <extensions>
          <gpxtpx:TrackPointExtension>
            <gpxtpx:hr>105</gpxtpx:hr>
          </gpxtpx:TrackPointExtension>
        </extensions>
      </trkpt>
      <trkpt lat="22.73729928888424" lon="113.9239484039639">
        <ele>0</ele>
        <time>2026-09-10T12:11:54.900000Z</time>
        <extensions>
          <gpxtpx:TrackPointExtension>
            <gpxtpx:hr>105</gpxtpx:hr>
          </gpxtpx:TrackPointExtension>
        </extensions>
      </trkpt>
      <trkpt lat="22.73731825096216" lon="113.9239734103746">
        <ele>0</ele>
        <time>2026-09-10T12:11:55.900000Z</time>
        <extensions>
          <gpxtpx:TrackPointExtension>
            <gpxtpx:hr>105</gpxtpx:hr>
          </gpxtpx:TrackPointExtension>
        </extensions>
      </trkpt>
      <trkpt lat="22.737334508317932" lon="113.92399823258309">
        <ele>0</ele>
        <time>2026-09-10T12:11:56.900000Z</time>
        <extensions>
          <gpxtpx:TrackPointExtension>
            <gpxtpx:hr>104</gpxtpx:hr>
          </gpxtpx:TrackPointExtension>
        </extensions>
      </trkpt>
      <trkpt lat="22.737349354375358" lon="113.9240223671757">
        <ele>0</ele>
        <time>2026-09-10T12:11:57.900000Z</time>
        <extensions>
          <gpxtpx:TrackPointExtension>
            <gpxtpx:hr>104</gpxtpx:hr>
          </gpxtpx:TrackPointExtension>
        </extensions>
      </trkpt>
      <trkpt lat="22.73736360664503" lon="113.92404551739641">
        <ele>0</ele>
        <time>2026-09-10T12:11:58.900000Z</time>
        <extensions>
          <gpxtpx:TrackPointExtension>
            <gpxtpx:hr>104</gpxtpx:hr>
          </gpxtpx:TrackPointExtension>
        </extensions>
      </trkpt>
      <trkpt lat="22.737377669212336" lon="113.92406706503799">
        <ele>0</ele>
        <time>2026-09-10T12:11:59.900000Z</time>
        <extensions>
          <gpxtpx:TrackPointExtension>
            <gpxtpx:hr>104</gpxtpx:hr>
          </gpxtpx:TrackPointExtension>
        </extensions>
      </trkpt>
      <trkpt lat="22.737392604223217" lon="113.92408790379196">
        <ele>0</ele>
        <time>2026-09-10T12:12:00.900000Z</time>
        <extensions>
          <gpxtpx:TrackPointExtension>
            <gpxtpx:hr>104</gpxtpx:hr>
          </gpxtpx:TrackPointExtension>
        </extensions>
      </trkpt>
      <trkpt lat="22.73740848734198" lon="113.92410903902781">
        <ele>0</ele>
        <time>2026-09-10T12:12:01.900000Z</time>
        <extensions>
          <gpxtpx:TrackPointExtension>
            <gpxtpx:hr>104</gpxtpx:hr>
          </gpxtpx:TrackPointExtension>
        </extensions>
      </trkpt>
      <trkpt lat="22.73742449185671" lon="113.92413096255366">
        <ele>0</ele>
        <time>2026-09-10T12:12:02.900000Z</time>
        <extensions>
          <gpxtpx:TrackPointExtension>
            <gpxtpx:hr>103</gpxtpx:hr>
          </gpxtpx:TrackPointExtension>
        </extensions>
      </trkpt>
      <trkpt lat="22.73744017319838" lon="113.92415407362303">
        <ele>0</ele>
        <time>2026-09-10T12:12:03.900000Z</time>
        <extensions>
          <gpxtpx:TrackPointExtension>
            <gpxtpx:hr>103</gpxtpx:hr>
          </gpxtpx:TrackPointExtension>
        </extensions>
      </trkpt>
      <trkpt lat="22.737455914472744" lon="113.92417845816222">
        <ele>0</ele>
        <time>2026-09-10T12:12:04.900000Z</time>
        <extensions>
          <gpxtpx:TrackPointExtension>
            <gpxtpx:hr>103</gpxtpx:hr>
          </gpxtpx:TrackPointExtension>
        </extensions>
      </trkpt>
      <trkpt lat="22.737471329678524" lon="113.92420398995375">
        <ele>0</ele>
        <time>2026-09-10T12:12:05.900000Z</time>
        <extensions>
          <gpxtpx:TrackPointExtension>
            <gpxtpx:hr>103</gpxtpx:hr>
          </gpxtpx:TrackPointExtension>
        </extensions>
      </trkpt>
      <trkpt lat="22.737485802072914" lon="113.92422976624073">
        <ele>0</ele>
        <time>2026-09-10T12:12:06.900000Z</time>
        <extensions>
          <gpxtpx:TrackPointExtension>
            <gpxtpx:hr>103</gpxtpx:hr>
          </gpxtpx:TrackPointExtension>
        </extensions>
      </trkpt>
      <trkpt lat="22.73750012443599" lon="113.92425525259546">
        <ele>0</ele>
        <time>2026-09-10T12:12:07.900000Z</time>
        <extensions>
          <gpxtpx:TrackPointExtension>
            <gpxtpx:hr>103</gpxtpx:hr>
          </gpxtpx:TrackPointExtension>
        </extensions>
      </trkpt>
      <trkpt lat="22.73751494949529" lon="113.92428026777733">
        <ele>0</ele>
        <time>2026-09-10T12:12:08.900000Z</time>
        <extensions>
          <gpxtpx:TrackPointExtension>
            <gpxtpx:hr>103</gpxtpx:hr>
          </gpxtpx:TrackPointExtension>
        </extensions>
      </trkpt>
      <trkpt lat="22.737530331215858" lon="113.92430446957788">
        <ele>0</ele>
        <time>2026-09-10T12:12:09.900000Z</time>
        <extensions>
          <gpxtpx:TrackPointExtension>
            <gpxtpx:hr>102</gpxtpx:hr>
          </gpxtpx:TrackPointExtension>
        </extensions>
      </trkpt>
      <trkpt lat="22.737546183013972" lon="113.92432825617624">
        <ele>0</ele>
        <time>2026-09-10T12:12:10.900000Z</time>
        <extensions>
          <gpxtpx:TrackPointExtension>
            <gpxtpx:hr>102</gpxtpx:hr>
          </gpxtpx:TrackPointExtension>
        </extensions>
      </trkpt>
      <trkpt lat="22.73756143042417" lon="113.92435233846469">
        <ele>0</ele>
        <time>2026-09-10T12:12:11.900000Z</time>
        <extensions>
          <gpxtpx:TrackPointExtension>
            <gpxtpx:hr>102</gpxtpx:hr>
          </gpxtpx:TrackPointExtension>
        </extensions>
      </trkpt>
      <trkpt lat="22.737574472654238" lon="113.92437686180587">
        <ele>0</ele>
        <time>2026-09-10T12:12:12.900000Z</time>
        <extensions>
          <gpxtpx:TrackPointExtension>
            <gpxtpx:hr>102</gpxtpx:hr>
          </gpxtpx:TrackPointExtension>
        </extensions>
      </trkpt>
      <trkpt lat="22.737585038467596" lon="113.92440147910315">
        <ele>0</ele>
        <time>2026-09-10T12:12:13.900000Z</time>
        <extensions>
          <gpxtpx:TrackPointExtension>
            <gpxtpx:hr>102</gpxtpx:hr>
          </gpxtpx:TrackPointExtension>
        </extensions>
      </trkpt>
      <trkpt lat="22.737594275279104" lon="113.92442577512085">
        <ele>0</ele>
        <time>2026-09-10T12:12:14.900000Z</time>
        <extensions>
          <gpxtpx:TrackPointExtension>
            <gpxtpx:hr>102</gpxtpx:hr>
          </gpxtpx:TrackPointExtension>
        </extensions>
      </trkpt>
      <trkpt lat="22.73760357044861" lon="113.92444822517129">
        <ele>0</ele>
        <time>2026-09-10T12:12:15.900000Z</time>
        <extensions>
          <gpxtpx:TrackPointExtension>
            <gpxtpx:hr>102</gpxtpx:hr>
          </gpxtpx:TrackPointExtension>
        </extensions>
      </trkpt>
      <trkpt lat="22.737613509438216" lon="113.92446709985978">
        <ele>0</ele>
        <time>2026-09-10T12:12:16.900000Z</time>
        <extensions>
          <gpxtpx:TrackPointExtension>
            <gpxtpx:hr>102</gpxtpx:hr>
          </gpxtpx:TrackPointExtension>
        </extensions>
      </trkpt>
      <trkpt lat="22.73762448549372" lon="113.92448298324874">
        <ele>0</ele>
        <time>2026-09-10T12:12:17.900000Z</time>
        <extensions>
          <gpxtpx:TrackPointExtension>
            <gpxtpx:hr>102</gpxtpx:hr>
          </gpxtpx:TrackPointExtension>
        </extensions>
      </trkpt>
      <trkpt lat="22.73763711337131" lon="113.92449987507116">
        <ele>0</ele>
        <time>2026-09-10T12:12:18.900000Z</time>
        <extensions>
          <gpxtpx:TrackPointExtension>
            <gpxtpx:hr>102</gpxtpx:hr>
          </gpxtpx:TrackPointExtension>
        </extensions>
      </trkpt>
      <trkpt lat="22.737651379811727" lon="113.9245203516475">
        <ele>0</ele>
        <time>2026-09-10T12:12:19.900000Z</time>
        <extensions>
          <gpxtpx:TrackPointExtension>
            <gpxtpx:hr>102</gpxtpx:hr>
          </gpxtpx:TrackPointExtension>
        </extensions>
      </trkpt>
      <trkpt lat="22.73766632127009" lon="113.92454313516849">
        <ele>0</ele>
        <time>2026-09-10T12:12:20.900000Z</time>
        <extensions>
          <gpxtpx:TrackPointExtension>
            <gpxtpx:hr>102</gpxtpx:hr>
          </gpxtpx:TrackPointExtension>
        </extensions>
      </trkpt>
      <trkpt lat="22.737680497482373" lon="113.92456689410189">
        <ele>0</ele>
        <time>2026-09-10T12:12:21.900000Z</time>
        <extensions>
          <gpxtpx:TrackPointExtension>
            <gpxtpx:hr>102</gpxtpx:hr>
          </gpxtpx:TrackPointExtension>
        </extensions>
      </trkpt>
      <trkpt lat="22.73769315480944" lon="113.9245913581402">
        <ele>0</ele>
        <time>2026-09-10T12:12:22.900000Z</time>
        <extensions>
          <gpxtpx:TrackPointExtension>
            <gpxtpx:hr>104</gpxtpx:hr>
          </gpxtpx:TrackPointExtension>
        </extensions>
      </trkpt>
      <trkpt lat="22.737704789683168" lon="113.92461672813728">
        <ele>0</ele>
        <time>2026-09-10T12:12:23.900000Z</time>
        <extensions>
          <gpxtpx:TrackPointExtension>
            <gpxtpx:hr>104</gpxtpx:hr>
          </gpxtpx:TrackPointExtension>
        </extensions>
      </trkpt>
      <trkpt lat="22.737716117728063" lon="113.92464265147987">
        <ele>0</ele>
        <time>2026-09-10T12:12:24.900000Z</time>
        <extensions>
          <gpxtpx:TrackPointExtension>
            <gpxtpx:hr>104</gpxtpx:hr>
          </gpxtpx:TrackPointExtension>
        </extensions>
      </trkpt>
      <trkpt lat="22.737727226241322" lon="113.92466807285922">
        <ele>0</ele>
        <time>2026-09-10T12:12:25.900000Z</time>
        <extensions>
          <gpxtpx:TrackPointExtension>
            <gpxtpx:hr>104</gpxtpx:hr>
          </gpxtpx:TrackPointExtension>
        </extensions>
      </trkpt>
      <trkpt lat="22.73773843400706" lon="113.92469242818648">
        <ele>0</ele>
        <time>2026-09-10T12:12:26.900000Z</time>
        <extensions>
          <gpxtpx:TrackPointExtension>
            <gpxtpx:hr>104</gpxtpx:hr>
          </gpxtpx:TrackPointExtension>
        </extensions>
      </trkpt>
      <trkpt lat="22.73775040897819" lon="113.92471632219188">
        <ele>0</ele>
        <time>2026-09-10T12:12:27.900000Z</time>
        <extensions>
          <gpxtpx:TrackPointExtension>
            <gpxtpx:hr>104</gpxtpx:hr>
          </gpxtpx:TrackPointExtension>
        </extensions>
      </trkpt>
      <trkpt lat="22.737762890287833" lon="113.92474005649575">
        <ele>0</ele>
        <time>2026-09-10T12:12:28.900000Z</time>
        <extensions>
          <gpxtpx:TrackPointExtension>
            <gpxtpx:hr>104</gpxtpx:hr>
          </gpxtpx:TrackPointExtension>
        </extensions>
      </trkpt>
      <trkpt lat="22.73777487549949" lon="113.92476371523824">
        <ele>0</ele>
        <time>2026-09-10T12:12:29.900000Z</time>
        <extensions>
          <gpxtpx:TrackPointExtension>
            <gpxtpx:hr>105</gpxtpx:hr>
          </gpxtpx:TrackPointExtension>
        </extensions>
      </trkpt>
      <trkpt lat="22.73778584310249" lon="113.92478704419698">
        <ele>0</ele>
        <time>2026-09-10T12:12:30.900000Z</time>
        <extensions>
          <gpxtpx:TrackPointExtension>
            <gpxtpx:hr>105</gpxtpx:hr>
          </gpxtpx:TrackPointExtension>
        </extensions>
      </trkpt>
      <trkpt lat="22.737796560518113" lon="113.92480998704336">
        <ele>0</ele>
        <time>2026-09-10T12:12:31.900000Z</time>
        <extensions>
          <gpxtpx:TrackPointExtension>
            <gpxtpx:hr>105</gpxtpx:hr>
          </gpxtpx:TrackPointExtension>
        </extensions>
      </trkpt>
      <trkpt lat="22.737808306154214" lon="113.9248333881918">
        <ele>0</ele>
        <time>2026-09-10T12:12:32.900000Z</time>
        <extensions>
          <gpxtpx:TrackPointExtension>
            <gpxtpx:hr>105</gpxtpx:hr>
          </gpxtpx:TrackPointExtension>
        </extensions>
      </trkpt>
      <trkpt lat="22.737821740115983" lon="113.92485778947315">
        <ele>0</ele>
        <time>2026-09-10T12:12:33.900000Z</time>
        <extensions>
          <gpxtpx:TrackPointExtension>
            <gpxtpx:hr>105</gpxtpx:hr>
          </gpxtpx:TrackPointExtension>
        </extensions>
      </trkpt>
      <trkpt lat="22.73783654244514" lon="113.92488293155995">
        <ele>0</ele>
        <time>2026-09-10T12:12:34.900000Z</time>
        <extensions>
          <gpxtpx:TrackPointExtension>
            <gpxtpx:hr>105</gpxtpx:hr>
          </gpxtpx:TrackPointExtension>
        </extensions>
      </trkpt>
      <trkpt lat="22.737851801524943" lon="113.92490859408989">
        <ele>0</ele>
        <time>2026-09-10T12:12:35.900000Z</time>
        <extensions>
          <gpxtpx:TrackPointExtension>
            <gpxtpx:hr>105</gpxtpx:hr>
          </gpxtpx:TrackPointExtension>
        </extensions>
      </trkpt>
      <trkpt lat="22.737866923647793" lon="113.92493480730799">
        <ele>0</ele>
        <time>2026-09-10T12:12:36.900000Z</time>
        <extensions>
          <gpxtpx:TrackPointExtension>
            <gpxtpx:hr>107</gpxtpx:hr>
          </gpxtpx:TrackPointExtension>
        </extensions>
      </trkpt>
      <trkpt lat="22.737881994514247" lon="113.92496130166244">
        <ele>0</ele>
        <time>2026-09-10T12:12:37.900000Z</time>
        <extensions>
          <gpxtpx:TrackPointExtension>
            <gpxtpx:hr>107</gpxtpx:hr>
          </gpxtpx:TrackPointExtension>
        </extensions>
      </trkpt>
      <trkpt lat="22.73789659589961" lon="113.92498760031046">
        <ele>0</ele>
        <time>2026-09-10T12:12:38.900000Z</time>
        <extensions>
          <gpxtpx:TrackPointExtension>
            <gpxtpx:hr>107</gpxtpx:hr>
          </gpxtpx:TrackPointExtension>
        </extensions>
      </trkpt>
      <trkpt lat="22.73791004191749" lon="113.92501325075864">
        <ele>0</ele>
        <time>2026-09-10T12:12:39.900000Z</time>
        <extensions>
          <gpxtpx:TrackPointExtension>
            <gpxtpx:hr>107</gpxtpx:hr>
          </gpxtpx:TrackPointExtension>
        </extensions>
      </trkpt>
      <trkpt lat="22.737922922995217" lon="113.92503882364281">
        <ele>0</ele>
        <time>2026-09-10T12:12:40.900000Z</time>
        <extensions>
          <gpxtpx:TrackPointExtension>
            <gpxtpx:hr>107</gpxtpx:hr>
          </gpxtpx:TrackPointExtension>
        </extensions>
      </trkpt>
      <trkpt lat="22.737936077321482" lon="113.92506493887585">
        <ele>0</ele>
        <time>2026-09-10T12:12:41.900000Z</time>
        <extensions>
          <gpxtpx:TrackPointExtension>
            <gpxtpx:hr>107</gpxtpx:hr>
          </gpxtpx:TrackPointExtension>
        </extensions>
      </trkpt>
      <trkpt lat="22.73794976809784" lon="113.92509132744117">
        <ele>0</ele>
        <time>2026-09-10T12:12:42.900000Z</time>
        <extensions>
          <gpxtpx:TrackPointExtension>
            <gpxtpx:hr>107</gpxtpx:hr>
          </gpxtpx:TrackPointExtension>
        </extensions>
      </trkpt>
      <trkpt lat="22.737963253601563" lon="113.92511747237256">
        <ele>0</ele>
        <time>2026-09-10T12:12:43.900000Z</time>
        <extensions>
          <gpxtpx:TrackPointExtension>
            <gpxtpx:hr>106</gpxtpx:hr>
          </gpxtpx:TrackPointExtension>
        </extensions>
      </trkpt>
      <trkpt lat="22.737975294343215" lon="113.9251430597596">
        <ele>0</ele>
        <time>2026-09-10T12:12:44.900000Z</time>
        <extensions>
          <gpxtpx:TrackPointExtension>
            <gpxtpx:hr>106</gpxtpx:hr>
          </gpxtpx:TrackPointExtension>
        </extensions>
      </trkpt>
      <trkpt lat="22.737985531968153" lon="113.92516842012981">
        <ele>0</ele>
        <time>2026-09-10T12:12:45.900000Z</time>
        <extensions>
          <gpxtpx:TrackPointExtension>
            <gpxtpx:hr>106</gpxtpx:hr>
          </gpxtpx:TrackPointExtension>
        </extensions>
      </trkpt>
      <trkpt lat="22.737994803730654" lon="113.92519369144993">
        <ele>0</ele>
        <time>2026-09-10T12:12:46.900000Z</time>
        <extensions>
          <gpxtpx:TrackPointExtension>
            <gpxtpx:hr>106</gpxtpx:hr>
          </gpxtpx:TrackPointExtension>
        </extensions>
      </trkpt>
      <trkpt lat="22.738004028991806" lon="113.92521905171954">
        <ele>0</ele>
        <time>2026-09-10T12:12:47.900000Z</time>
        <extensions>
          <gpxtpx:TrackPointExtension>
            <gpxtpx:hr>107</gpxtpx:hr>
          </gpxtpx:TrackPointExtension>
        </extensions>
      </trkpt>
      <trkpt lat="22.73801368080274" lon="113.9252442397101">
        <ele>0</ele>
        <time>2026-09-10T12:12:48.900000Z</time>
        <extensions>
          <gpxtpx:TrackPointExtension>
            <gpxtpx:hr>107</gpxtpx:hr>
          </gpxtpx:TrackPointExtension>
        </extensions>
      </trkpt>
      <trkpt lat="22.738024906132097" lon="113.92526874152017">
        <ele>0</ele>
        <time>2026-09-10T12:12:49.900000Z</time>
        <extensions>
          <gpxtpx:TrackPointExtension>
            <gpxtpx:hr>107</gpxtpx:hr>
          </gpxtpx:TrackPointExtension>
        </extensions>
      </trkpt>
      <trkpt lat="22.738038223589495" lon="113.92529292878312">
        <ele>0</ele>
        <time>2026-09-10T12:12:50.900000Z</time>
        <extensions>
          <gpxtpx:TrackPointExtension>
            <gpxtpx:hr>107</gpxtpx:hr>
          </gpxtpx:TrackPointExtension>
        </extensions>
      </trkpt>
      <trkpt lat="22.73805239552864" lon="113.92531739067009">
        <ele>0</ele>
        <time>2026-09-10T12:12:51.900000Z</time>
        <extensions>
          <gpxtpx:TrackPointExtension>
            <gpxtpx:hr>107</gpxtpx:hr>
          </gpxtpx:TrackPointExtension>
        </extensions>
      </trkpt>
      <trkpt lat="22.738066139704404" lon="113.92534202188952">
        <ele>0</ele>
        <time>2026-09-10T12:12:52.900000Z</time>
        <extensions>
          <gpxtpx:TrackPointExtension>
            <gpxtpx:hr>110</gpxtpx:hr>
          </gpxtpx:TrackPointExtension>
        </extensions>
      </trkpt>
      <trkpt lat="22.738079570155442" lon="113.92536599864569">
        <ele>0</ele>
        <time>2026-09-10T12:12:53.900000Z</time>
        <extensions>
          <gpxtpx:TrackPointExtension>
            <gpxtpx:hr>110</gpxtpx:hr>
          </gpxtpx:TrackPointExtension>
        </extensions>
      </trkpt>
      <trkpt lat="22.73809315085886" lon="113.92538891154449">
        <ele>0</ele>
        <time>2026-09-10T12:12:54.900000Z</time>
        <extensions>
          <gpxtpx:TrackPointExtension>
            <gpxtpx:hr>110</gpxtpx:hr>
          </gpxtpx:TrackPointExtension>
        </extensions>
      </trkpt>
      <trkpt lat="22.738106365720707" lon="113.92541132203397">
        <ele>0</ele>
        <time>2026-09-10T12:12:55.900000Z</time>
        <extensions>
          <gpxtpx:TrackPointExtension>
            <gpxtpx:hr>110</gpxtpx:hr>
          </gpxtpx:TrackPointExtension>
        </extensions>
      </trkpt>
      <trkpt lat="22.738118156118013" lon="113.92543405351269">
        <ele>0</ele>
        <time>2026-09-10T12:12:56.900000Z</time>
        <extensions>
          <gpxtpx:TrackPointExtension>
            <gpxtpx:hr>110</gpxtpx:hr>
          </gpxtpx:TrackPointExtension>
        </extensions>
      </trkpt>
      <trkpt lat="22.738128564527166" lon="113.9254571061595">
        <ele>0</ele>
        <time>2026-09-10T12:12:57.900000Z</time>
        <extensions>
          <gpxtpx:TrackPointExtension>
            <gpxtpx:hr>110</gpxtpx:hr>
          </gpxtpx:TrackPointExtension>
        </extensions>
      </trkpt>
      <trkpt lat="22.738138815762156" lon="113.92547969549727">
        <ele>0</ele>
        <time>2026-09-10T12:12:58.900000Z</time>
        <extensions>
          <gpxtpx:TrackPointExtension>
            <gpxtpx:hr>110</gpxtpx:hr>
          </gpxtpx:TrackPointExtension>
        </extensions>
      </trkpt>
      <trkpt lat="22.73814976224395" lon="113.92550141003323">
        <ele>0</ele>
        <time>2026-09-10T12:12:59.900000Z</time>
        <extensions>
          <gpxtpx:TrackPointExtension>
            <gpxtpx:hr>110</gpxtpx:hr>
          </gpxtpx:TrackPointExtension>
        </extensions>
      </trkpt>
      <trkpt lat="22.738161502411195" lon="113.92552239082698">
        <ele>0</ele>
        <time>2026-09-10T12:13:00.900000Z</time>
        <extensions>
          <gpxtpx:TrackPointExtension>
            <gpxtpx:hr>110</gpxtpx:hr>
          </gpxtpx:TrackPointExtension>
        </extensions>
      </trkpt>
      <trkpt lat="22.73817401173352" lon="113.92554295724045">
        <ele>0</ele>
        <time>2026-09-10T12:13:01.900000Z</time>
        <extensions>
          <gpxtpx:TrackPointExtension>
            <gpxtpx:hr>110</gpxtpx:hr>
          </gpxtpx:TrackPointExtension>
        </extensions>
      </trkpt>
      <trkpt lat="22.73818722837817" lon="113.92556363990998">
        <ele>0</ele>
        <time>2026-09-10T12:13:02.900000Z</time>
        <extensions>
          <gpxtpx:TrackPointExtension>
            <gpxtpx:hr>110</gpxtpx:hr>
          </gpxtpx:TrackPointExtension>
        </extensions>
      </trkpt>
      <trkpt lat="22.73820077202232" lon="113.92558513834786">
        <ele>0</ele>
        <time>2026-09-10T12:13:03.900000Z</time>
        <extensions>
          <gpxtpx:TrackPointExtension>
            <gpxtpx:hr>110</gpxtpx:hr>
          </gpxtpx:TrackPointExtension>
        </extensions>
      </trkpt>
      <trkpt lat="22.738214525398757" lon="113.92560787097538">
        <ele>0</ele>
        <time>2026-09-10T12:13:04.900000Z</time>
        <extensions>
          <gpxtpx:TrackPointExtension>
            <gpxtpx:hr>110</gpxtpx:hr>
          </gpxtpx:TrackPointExtension>
        </extensions>
      </trkpt>
      <trkpt lat="22.7382281461819" lon="113.92563133806264">
        <ele>0</ele>
        <time>2026-09-10T12:13:05.900000Z</time>
        <extensions>
          <gpxtpx:TrackPointExtension>
            <gpxtpx:hr>110</gpxtpx:hr>
          </gpxtpx:TrackPointExtension>
        </extensions>
      </trkpt>
      <trkpt lat="22.73824019940082" lon="113.92565501543841">
        <ele>0</ele>
        <time>2026-09-10T12:13:06.900000Z</time>
        <extensions>
          <gpxtpx:TrackPointExtension>
            <gpxtpx:hr>110</gpxtpx:hr>
          </gpxtpx:TrackPointExtension>
        </extensions>
      </trkpt>
      <trkpt lat="22.738249760748126" lon="113.92567961632237">
        <ele>0</ele>
        <time>2026-09-10T12:13:07.900000Z</time>
        <extensions>
          <gpxtpx:TrackPointExtension>
            <gpxtpx:hr>110</gpxtpx:hr>
          </gpxtpx:TrackPointExtension>
        </extensions>
      </trkpt>
      <trkpt lat="22.738257187511685" lon="113.92570642381062">
        <ele>0</ele>
        <time>2026-09-10T12:13:08.900000Z</time>
        <extensions>
          <gpxtpx:TrackPointExtension>
            <gpxtpx:hr>110</gpxtpx:hr>
          </gpxtpx:TrackPointExtension>
        </extensions>
      </trkpt>
      <trkpt lat="22.7382633739232" lon="113.92573444435669">
        <ele>0</ele>
        <time>2026-09-10T12:13:09.900000Z</time>
        <extensions>
          <gpxtpx:TrackPointExtension>
            <gpxtpx:hr>110</gpxtpx:hr>
          </gpxtpx:TrackPointExtension>
        </extensions>
      </trkpt>
      <trkpt lat="22.738270014537925" lon="113.92576188196419">
        <ele>0</ele>
        <time>2026-09-10T12:13:10.900000Z</time>
        <extensions>
          <gpxtpx:TrackPointExtension>
            <gpxtpx:hr>110</gpxtpx:hr>
          </gpxtpx:TrackPointExtension>
        </extensions>
      </trkpt>
      <trkpt lat="22.73827812420777" lon="113.92578872027343">
        <ele>0</ele>
        <time>2026-09-10T12:13:11.900000Z</time>
        <extensions>
          <gpxtpx:TrackPointExtension>
            <gpxtpx:hr>110</gpxtpx:hr>
          </gpxtpx:TrackPointExtension>
        </extensions>
      </trkpt>
      <trkpt lat="22.73828713815054" lon="113.92581547585173">
        <ele>0</ele>
        <time>2026-09-10T12:13:12.900000Z</time>
        <extensions>
          <gpxtpx:TrackPointExtension>
            <gpxtpx:hr>110</gpxtpx:hr>
          </gpxtpx:TrackPointExtension>
        </extensions>
      </trkpt>
      <trkpt lat="22.738296079622263" lon="113.92584247554387">
        <ele>0</ele>
        <time>2026-09-10T12:13:13.900000Z</time>
        <extensions>
          <gpxtpx:TrackPointExtension>
            <gpxtpx:hr>111</gpxtpx:hr>
          </gpxtpx:TrackPointExtension>
        </extensions>
      </trkpt>
      <trkpt lat="22.738305624024832" lon="113.92586885240338">
        <ele>0</ele>
        <time>2026-09-10T12:13:14.900000Z</time>
        <extensions>
          <gpxtpx:TrackPointExtension>
            <gpxtpx:hr>111</gpxtpx:hr>
          </gpxtpx:TrackPointExtension>
        </extensions>
      </trkpt>
      <trkpt lat="22.738317663471673" lon="113.9258937082342">
        <ele>0</ele>
        <time>2026-09-10T12:13:15.900000Z</time>
        <extensions>
          <gpxtpx:TrackPointExtension>
            <gpxtpx:hr>111</gpxtpx:hr>
          </gpxtpx:TrackPointExtension>
        </extensions>
      </trkpt>
      <trkpt lat="22.73833268266502" lon="113.92591634318677">
        <ele>0</ele>
        <time>2026-09-10T12:13:16.900000Z</time>
        <extensions>
          <gpxtpx:TrackPointExtension>
            <gpxtpx:hr>111</gpxtpx:hr>
          </gpxtpx:TrackPointExtension>
        </extensions>
      </trkpt>
      <trkpt lat="22.73834949632304" lon="113.92593747360614">
        <ele>0</ele>
        <time>2026-09-10T12:13:17.900000Z</time>
        <extensions>
          <gpxtpx:TrackPointExtension>
            <gpxtpx:hr>111</gpxtpx:hr>
          </gpxtpx:TrackPointExtension>
        </extensions>
      </trkpt>
      <trkpt lat="22.73836654305777" lon="113.92595948452816">
        <ele>0</ele>
        <time>2026-09-10T12:13:18.900000Z</time>
        <extensions>
          <gpxtpx:TrackPointExtension>
            <gpxtpx:hr>111</gpxtpx:hr>
          </gpxtpx:TrackPointExtension>
        </extensions>
      </trkpt>
      <trkpt lat="22.738383510930547" lon="113.92598271491997">
        <ele>0</ele>
        <time>2026-09-10T12:13:19.900000Z</time>
        <extensions>
          <gpxtpx:TrackPointExtension>
            <gpxtpx:hr>111</gpxtpx:hr>
          </gpxtpx:TrackPointExtension>
        </extensions>
      </trkpt>
      <trkpt lat="22.73840069782198" lon="113.92600524366308">
        <ele>0</ele>
        <time>2026-09-10T12:13:20.900000Z</time>
        <extensions>
          <gpxtpx:TrackPointExtension>
            <gpxtpx:hr>113</gpxtpx:hr>
          </gpxtpx:TrackPointExtension>
        </extensions>
      </trkpt>
      <trkpt lat="22.73841904992394" lon="113.92602524261811">
        <ele>0</ele>
        <time>2026-09-10T12:13:21.900000Z</time>
        <extensions>
          <gpxtpx:TrackPointExtension>
            <gpxtpx:hr>113</gpxtpx:hr>
          </gpxtpx:TrackPointExtension>
        </extensions>
      </trkpt>
      <trkpt lat="22.738439527599088" lon="113.92604294598064">
        <ele>0</ele>
        <time>2026-09-10T12:13:22.900000Z</time>
        <extensions>
          <gpxtpx:TrackPointExtension>
            <gpxtpx:hr>113</gpxtpx:hr>
          </gpxtpx:TrackPointExtension>
        </extensions>
      </trkpt>
      <trkpt lat="22.738461289527596" lon="113.92605993694337">
        <ele>0</ele>
        <time>2026-09-10T12:13:23.900000Z</time>
        <extensions>
          <gpxtpx:TrackPointExtension>
            <gpxtpx:hr>113</gpxtpx:hr>
          </gpxtpx:TrackPointExtension>
        </extensions>
      </trkpt>
      <trkpt lat="22.738482607006535" lon="113.92607691663075">
        <ele>0</ele>
        <time>2026-09-10T12:13:24.900000Z</time>
        <extensions>
          <gpxtpx:TrackPointExtension>
            <gpxtpx:hr>113</gpxtpx:hr>
          </gpxtpx:TrackPointExtension>
        </extensions>
      </trkpt>
      <trkpt lat="22.73850223527492" lon="113.92609355447378">
        <ele>0</ele>
        <time>2026-09-10T12:13:25.900000Z</time>
        <extensions>
          <gpxtpx:TrackPointExtension>
            <gpxtpx:hr>113</gpxtpx:hr>
          </gpxtpx:TrackPointExtension>
        </extensions>
      </trkpt>
      <trkpt lat="22.738520079784998" lon="113.9261094679151">
        <ele>0</ele>
        <time>2026-09-10T12:13:26.900000Z</time>
        <extensions>
          <gpxtpx:TrackPointExtension>
            <gpxtpx:hr>116</gpxtpx:hr>
          </gpxtpx:TrackPointExtension>
        </extensions>
      </trkpt>
      <trkpt lat="22.738536695811938" lon="113.92612489228422">
        <ele>0</ele>
        <time>2026-09-10T12:13:27.900000Z</time>
        <extensions>
          <gpxtpx:TrackPointExtension>
            <gpxtpx:hr>116</gpxtpx:hr>
          </gpxtpx:TrackPointExtension>
        </extensions>
      </trkpt>
      <trkpt lat="22.73855283329091" lon="113.926141484428">
        <ele>0</ele>
        <time>2026-09-10T12:13:28.900000Z</time>
        <extensions>
          <gpxtpx:TrackPointExtension>
            <gpxtpx:hr>116</gpxtpx:hr>
          </gpxtpx:TrackPointExtension>
        </extensions>
      </trkpt>
      <trkpt lat="22.738568622475345" lon="113.92616065313226">
        <ele>0</ele>
        <time>2026-09-10T12:13:29.900000Z</time>
        <extensions>
          <gpxtpx:TrackPointExtension>
            <gpxtpx:hr>116</gpxtpx:hr>
          </gpxtpx:TrackPointExtension>
        </extensions>
      </trkpt>
      <trkpt lat="22.73858332980549" lon="113.92618215749836">
        <ele>0</ele>
        <time>2026-09-10T12:13:30.900000Z</time>
        <extensions>
          <gpxtpx:TrackPointExtension>
            <gpxtpx:hr>116</gpxtpx:hr>
          </gpxtpx:TrackPointExtension>
        </extensions>
      </trkpt>
      <trkpt lat="22.738596287876362" lon="113.9262054272925">
        <ele>0</ele>
        <time>2026-09-10T12:13:31.900000Z</time>
        <extensions>
          <gpxtpx:TrackPointExtension>
            <gpxtpx:hr>116</gpxtpx:hr>
          </gpxtpx:TrackPointExtension>
        </extensions>
      </trkpt>
      <trkpt lat="22.738607779442646" lon="113.92623044790732">
        <ele>0</ele>
        <time>2026-09-10T12:13:32.900000Z</time>
        <extensions>
          <gpxtpx:TrackPointExtension>
            <gpxtpx:hr>116</gpxtpx:hr>
          </gpxtpx:TrackPointExtension>
        </extensions>
      </trkpt>
      <trkpt lat="22.738617935094148" lon="113.92625695679338">
        <ele>0</ele>
        <time>2026-09-10T12:13:33.900000Z</time>
        <extensions>
          <gpxtpx:TrackPointExtension>
            <gpxtpx:hr>115</gpxtpx:hr>
          </gpxtpx:TrackPointExtension>
        </extensions>
      </trkpt>
      <trkpt lat="22.738626477152767" lon="113.92628391895954">
        <ele>0</ele>
        <time>2026-09-10T12:13:34.900000Z</time>
        <extensions>
          <gpxtpx:TrackPointExtension>
            <gpxtpx:hr>115</gpxtpx:hr>
          </gpxtpx:TrackPointExtension>
        </extensions>
      </trkpt>
      <trkpt lat="22.73863460503034" lon="113.92630935384064">
        <ele>0</ele>
        <time>2026-09-10T12:13:35.900000Z</time>
        <extensions>
          <gpxtpx:TrackPointExtension>
            <gpxtpx:hr>115</gpxtpx:hr>
          </gpxtpx:TrackPointExtension>
        </extensions>
      </trkpt>
      <trkpt lat="22.73864337005335" lon="113.92633113398144">
        <ele>0</ele>
        <time>2026-09-10T12:13:36.900000Z</time>
        <extensions>
          <gpxtpx:TrackPointExtension>
            <gpxtpx:hr>115</gpxtpx:hr>
          </gpxtpx:TrackPointExtension>
        </extensions>
      </trkpt>
      <trkpt lat="22.738652880877453" lon="113.92634792207723">
        <ele>0</ele>
        <time>2026-09-10T12:13:37.900000Z</time>
        <extensions>
          <gpxtpx:TrackPointExtension>
            <gpxtpx:hr>115</gpxtpx:hr>
          </gpxtpx:TrackPointExtension>
        </extensions>
      </trkpt>
      <trkpt lat="22.73866442782509" lon="113.92635997052577">
        <ele>0</ele>
        <time>2026-09-10T12:13:38.900000Z</time>
        <extensions>
          <gpxtpx:TrackPointExtension>
            <gpxtpx:hr>115</gpxtpx:hr>
          </gpxtpx:TrackPointExtension>
        </extensions>
      </trkpt>
      <trkpt lat="22.738679732008904" lon="113.92636970397774">
        <ele>0</ele>
        <time>2026-09-10T12:13:39.900000Z</time>
        <extensions>
          <gpxtpx:TrackPointExtension>
            <gpxtpx:hr>113</gpxtpx:hr>
          </gpxtpx:TrackPointExtension>
        </extensions>
      </trkpt>
      <trkpt lat="22.738698118014504" lon="113.92637849273609">
        <ele>0</ele>
        <time>2026-09-10T12:13:40.900000Z</time>
        <extensions>
          <gpxtpx:TrackPointExtension>
            <gpxtpx:hr>113</gpxtpx:hr>
          </gpxtpx:TrackPointExtension>
        </extensions>
      </trkpt>
      <trkpt lat="22.738717694471923" lon="113.92638674170078">
        <ele>0</ele>
        <time>2026-09-10T12:13:41.900000Z</time>
        <extensions>
          <gpxtpx:TrackPointExtension>
            <gpxtpx:hr>113</gpxtpx:hr>
          </gpxtpx:TrackPointExtension>
        </extensions>
      </trkpt>
      <trkpt lat="22.738737076876134" lon="113.92639612929463">
        <ele>0</ele>
        <time>2026-09-10T12:13:42.900000Z</time>
        <extensions>
          <gpxtpx:TrackPointExtension>
            <gpxtpx:hr>113</gpxtpx:hr>
          </gpxtpx:TrackPointExtension>
        </extensions>
      </trkpt>
      <trkpt lat="22.7387558776526" lon="113.92640848454897">
        <ele>0</ele>
        <time>2026-09-10T12:13:43.900000Z</time>
        <extensions>
          <gpxtpx:TrackPointExtension>
            <gpxtpx:hr>113</gpxtpx:hr>
          </gpxtpx:TrackPointExtension>
        </extensions>
      </trkpt>
      <trkpt lat="22.738774496878058" lon="113.926424554052">
        <ele>0</ele>
        <time>2026-09-10T12:13:44.900000Z</time>
        <extensions>
          <gpxtpx:TrackPointExtension>
            <gpxtpx:hr>112</gpxtpx:hr>
          </gpxtpx:TrackPointExtension>
        </extensions>
      </trkpt>
      <trkpt lat="22.73879222059228" lon="113.92644261236026">
        <ele>0</ele>
        <time>2026-09-10T12:13:45.900000Z</time>
        <extensions>
          <gpxtpx:TrackPointExtension>
            <gpxtpx:hr>112</gpxtpx:hr>
          </gpxtpx:TrackPointExtension>
        </extensions>
      </trkpt>
      <trkpt lat="22.738808615665413" lon="113.9264611514963">
        <ele>0</ele>
        <time>2026-09-10T12:13:46.900000Z</time>
        <extensions>
          <gpxtpx:TrackPointExtension>
            <gpxtpx:hr>112</gpxtpx:hr>
          </gpxtpx:TrackPointExtension>
        </extensions>
      </trkpt>
      <trkpt lat="22.73882474107717" lon="113.92647940388">
        <ele>0</ele>
        <time>2026-09-10T12:13:47.900000Z</time>
        <extensions>
          <gpxtpx:TrackPointExtension>
            <gpxtpx:hr>112</gpxtpx:hr>
          </gpxtpx:TrackPointExtension>
        </extensions>
      </trkpt>
      <trkpt lat="22.738840814810246" lon="113.9264967747366">
        <ele>0</ele>
        <time>2026-09-10T12:13:48.900000Z</time>
        <extensions>
          <gpxtpx:TrackPointExtension>
            <gpxtpx:hr>112</gpxtpx:hr>
          </gpxtpx:TrackPointExtension>
        </extensions>
      </trkpt>
      <trkpt lat="22.73885510022071" lon="113.92651212621413">
        <ele>0</ele>
        <time>2026-09-10T12:13:49.900000Z</time>
        <extensions>
          <gpxtpx:TrackPointExtension>
            <gpxtpx:hr>112</gpxtpx:hr>
          </gpxtpx:TrackPointExtension>
        </extensions>
      </trkpt>
      <trkpt lat="22.73886707438578" lon="113.9265253985794">
        <ele>0</ele>
        <time>2026-09-10T12:13:50.900000Z</time>
        <extensions>
          <gpxtpx:TrackPointExtension>
            <gpxtpx:hr>112</gpxtpx:hr>
          </gpxtpx:TrackPointExtension>
        </extensions>
      </trkpt>
      <trkpt lat="22.73887767611819" lon="113.92653759382873">
        <ele>0</ele>
        <time>2026-09-10T12:13:51.900000Z</time>
        <extensions>
          <gpxtpx:TrackPointExtension>
            <gpxtpx:hr>112</gpxtpx:hr>
          </gpxtpx:TrackPointExtension>
        </extensions>
      </trkpt>
      <trkpt lat="22.738887234613262" lon="113.92654935637424">
        <ele>0</ele>
        <time>2026-09-10T12:13:52.900000Z</time>
        <extensions>
          <gpxtpx:TrackPointExtension>
            <gpxtpx:hr>112</gpxtpx:hr>
          </gpxtpx:TrackPointExtension>
        </extensions>
      </trkpt>
      <trkpt lat="22.73889577915665" lon="113.92656136090115">
        <ele>0</ele>
        <time>2026-09-10T12:13:53.900000Z</time>
        <extensions>
          <gpxtpx:TrackPointExtension>
            <gpxtpx:hr>112</gpxtpx:hr>
          </gpxtpx:TrackPointExtension>
        </extensions>
      </trkpt>
      <trkpt lat="22.73890377104491" lon="113.92657427801629">
        <ele>0</ele>
        <time>2026-09-10T12:13:54.900000Z</time>
        <extensions>
          <gpxtpx:TrackPointExtension>
            <gpxtpx:hr>112</gpxtpx:hr>
          </gpxtpx:TrackPointExtension>
        </extensions>
      </trkpt>
      <trkpt lat="22.73891108023146" lon="113.92658776954326">
        <ele>0</ele>
        <time>2026-09-10T12:13:55.900000Z</time>
        <extensions>
          <gpxtpx:TrackPointExtension>
            <gpxtpx:hr>112</gpxtpx:hr>
          </gpxtpx:TrackPointExtension>
        </extensions>
      </trkpt>
      <trkpt lat="22.738917648010478" lon="113.92660091715">
        <ele>0</ele>
        <time>2026-09-10T12:13:56.900000Z</time>
        <extensions>
          <gpxtpx:TrackPointExtension>
            <gpxtpx:hr>112</gpxtpx:hr>
          </gpxtpx:TrackPointExtension>
        </extensions>
      </trkpt>
      <trkpt lat="22.738923499586484" lon="113.9266131441544">
        <ele>0</ele>
        <time>2026-09-10T12:13:57.900000Z</time>
        <extensions>
          <gpxtpx:TrackPointExtension>
            <gpxtpx:hr>112</gpxtpx:hr>
          </gpxtpx:TrackPointExtension>
        </extensions>
      </trkpt>
      <trkpt lat="22.738928304490084" lon="113.92662396701877">
        <ele>0</ele>
        <time>2026-09-10T12:13:58.900000Z</time>
        <extensions>
          <gpxtpx:TrackPointExtension>
            <gpxtpx:hr>112</gpxtpx:hr>
          </gpxtpx:TrackPointExtension>
        </extensions>
      </trkpt>
      <trkpt lat="22.738932322382674" lon="113.92663258979401">
        <ele>0</ele>
        <time>2026-09-10T12:13:59.900000Z</time>
        <extensions>
          <gpxtpx:TrackPointExtension>
            <gpxtpx:hr>112</gpxtpx:hr>
          </gpxtpx:TrackPointExtension>
        </extensions>
      </trkpt>
      <trkpt lat="22.738937085188834" lon="113.92664043217279">
        <ele>0</ele>
        <time>2026-09-10T12:14:00.900000Z</time>
        <extensions>
          <gpxtpx:TrackPointExtension>
            <gpxtpx:hr>112</gpxtpx:hr>
          </gpxtpx:TrackPointExtension>
        </extensions>
      </trkpt>
      <trkpt lat="22.738945118074547" lon="113.92665278532918">
        <ele>0</ele>
        <time>2026-09-10T12:14:01.900000Z</time>
        <extensions>
          <gpxtpx:TrackPointExtension>
            <gpxtpx:hr>112</gpxtpx:hr>
          </gpxtpx:TrackPointExtension>
        </extensions>
      </trkpt>
      <trkpt lat="22.738956708387626" lon="113.92667126334567">
        <ele>0</ele>
        <time>2026-09-10T12:14:02.900000Z</time>
        <extensions>
          <gpxtpx:TrackPointExtension>
            <gpxtpx:hr>114</gpxtpx:hr>
          </gpxtpx:TrackPointExtension>
        </extensions>
      </trkpt>
      <trkpt lat="22.73897019955495" lon="113.92669314999578">
        <ele>0</ele>
        <time>2026-09-10T12:14:03.900000Z</time>
        <extensions>
          <gpxtpx:TrackPointExtension>
            <gpxtpx:hr>114</gpxtpx:hr>
          </gpxtpx:TrackPointExtension>
        </extensions>
      </trkpt>
      <trkpt lat="22.738984077083167" lon="113.92671658437558">
        <ele>0</ele>
        <time>2026-09-10T12:14:04.900000Z</time>
        <extensions>
          <gpxtpx:TrackPointExtension>
            <gpxtpx:hr>114</gpxtpx:hr>
          </gpxtpx:TrackPointExtension>
        </extensions>
      </trkpt>
      <trkpt lat="22.738997911020526" lon="113.92674093655174">
        <ele>0</ele>
        <time>2026-09-10T12:14:05.900000Z</time>
        <extensions>
          <gpxtpx:TrackPointExtension>
            <gpxtpx:hr>114</gpxtpx:hr>
          </gpxtpx:TrackPointExtension>
        </extensions>
      </trkpt>
      <trkpt lat="22.739011414194145" lon="113.92676556869434">
        <ele>0</ele>
        <time>2026-09-10T12:14:06.900000Z</time>
        <extensions>
          <gpxtpx:TrackPointExtension>
            <gpxtpx:hr>115</gpxtpx:hr>
          </gpxtpx:TrackPointExtension>
        </extensions>
      </trkpt>
      <trkpt lat="22.73902470034095" lon="113.9267900762263">
        <ele>0</ele>
        <time>2026-09-10T12:14:07.900000Z</time>
        <extensions>
          <gpxtpx:TrackPointExtension>
            <gpxtpx:hr>115</gpxtpx:hr>
          </gpxtpx:TrackPointExtension>
        </extensions>
      </trkpt>
      <trkpt lat="22.739037779569873" lon="113.92681426464046">
        <ele>0</ele>
        <time>2026-09-10T12:14:08.900000Z</time>
        <extensions>
          <gpxtpx:TrackPointExtension>
            <gpxtpx:hr>115</gpxtpx:hr>
          </gpxtpx:TrackPointExtension>
        </extensions>
      </trkpt>
      <trkpt lat="22.739050197670668" lon="113.92683818256006">
        <ele>0</ele>
        <time>2026-09-10T12:14:09.900000Z</time>
        <extensions>
          <gpxtpx:TrackPointExtension>
            <gpxtpx:hr>115</gpxtpx:hr>
          </gpxtpx:TrackPointExtension>
        </extensions>
      </trkpt>
      <trkpt lat="22.739062128582113" lon="113.92686192652563">
        <ele>0</ele>
        <time>2026-09-10T12:14:10.900000Z</time>
        <extensions>
          <gpxtpx:TrackPointExtension>
            <gpxtpx:hr>115</gpxtpx:hr>
          </gpxtpx:TrackPointExtension>
        </extensions>
      </trkpt>
      <trkpt lat="22.739073766355" lon="113.92688558811395">
        <ele>0</ele>
        <time>2026-09-10T12:14:11.900000Z</time>
        <extensions>
          <gpxtpx:TrackPointExtension>
            <gpxtpx:hr>115</gpxtpx:hr>
          </gpxtpx:TrackPointExtension>
        </extensions>
      </trkpt>
      <trkpt lat="22.73908579718638" lon="113.92690842962025">
        <ele>0</ele>
        <time>2026-09-10T12:14:12.900000Z</time>
        <extensions>
          <gpxtpx:TrackPointExtension>
            <gpxtpx:hr>119</gpxtpx:hr>
          </gpxtpx:TrackPointExtension>
        </extensions>
      </trkpt>
      <trkpt lat="22.73909925087724" lon="113.92692918644504">
        <ele>0</ele>
        <time>2026-09-10T12:14:13.900000Z</time>
        <extensions>
          <gpxtpx:TrackPointExtension>
            <gpxtpx:hr>119</gpxtpx:hr>
          </gpxtpx:TrackPointExtension>
        </extensions>
      </trkpt>
      <trkpt lat="22.73911444697664" lon="113.92694765662388">
        <ele>0</ele>
        <time>2026-09-10T12:14:14.900000Z</time>
        <extensions>
          <gpxtpx:TrackPointExtension>
            <gpxtpx:hr>119</gpxtpx:hr>
          </gpxtpx:TrackPointExtension>
        </extensions>
      </trkpt>
      <trkpt lat="22.73913138999276" lon="113.92696539029492">
        <ele>0</ele>
        <time>2026-09-10T12:14:15.900000Z</time>
        <extensions>
          <gpxtpx:TrackPointExtension>
            <gpxtpx:hr>119</gpxtpx:hr>
          </gpxtpx:TrackPointExtension>
        </extensions>
      </trkpt>
      <trkpt lat="22.73914881039174" lon="113.92698267724806">
        <ele>0</ele>
        <time>2026-09-10T12:14:16.900000Z</time>
        <extensions>
          <gpxtpx:TrackPointExtension>
            <gpxtpx:hr>119</gpxtpx:hr>
          </gpxtpx:TrackPointExtension>
        </extensions>
      </trkpt>
      <trkpt lat="22.739166522130898" lon="113.92700110471563">
        <ele>0</ele>
        <time>2026-09-10T12:14:17.900000Z</time>
        <extensions>
          <gpxtpx:TrackPointExtension>
            <gpxtpx:hr>119</gpxtpx:hr>
          </gpxtpx:TrackPointExtension>
        </extensions>
      </trkpt>
      <trkpt lat="22.739184378030764" lon="113.92702061788191">
        <ele>0</ele>
        <time>2026-09-10T12:14:18.900000Z</time>
        <extensions>
          <gpxtpx:TrackPointExtension>
            <gpxtpx:hr>119</gpxtpx:hr>
          </gpxtpx:TrackPointExtension>
        </extensions>
      </trkpt>
      <trkpt lat="22.739202340604734" lon="113.92704030478765">
        <ele>0</ele>
        <time>2026-09-10T12:14:19.900000Z</time>
        <extensions>
          <gpxtpx:TrackPointExtension>
            <gpxtpx:hr>119</gpxtpx:hr>
          </gpxtpx:TrackPointExtension>
        </extensions>
      </trkpt>
      <trkpt lat="22.73922062404535" lon="113.92706050424637">
        <ele>0</ele>
        <time>2026-09-10T12:14:20.900000Z</time>
        <extensions>
          <gpxtpx:TrackPointExtension>
            <gpxtpx:hr>119</gpxtpx:hr>
          </gpxtpx:TrackPointExtension>
        </extensions>
      </trkpt>
      <trkpt lat="22.739239184780843" lon="113.92708205375703">
        <ele>0</ele>
        <time>2026-09-10T12:14:21.900000Z</time>
        <extensions>
          <gpxtpx:TrackPointExtension>
            <gpxtpx:hr>119</gpxtpx:hr>
          </gpxtpx:TrackPointExtension>
        </extensions>
      </trkpt>
      <trkpt lat="22.739257487204863" lon="113.92710479830816">
        <ele>0</ele>
        <time>2026-09-10T12:14:22.900000Z</time>
        <extensions>
          <gpxtpx:TrackPointExtension>
            <gpxtpx:hr>119</gpxtpx:hr>
          </gpxtpx:TrackPointExtension>
        </extensions>
      </trkpt>
      <trkpt lat="22.7392744769405" lon="113.92712753889253">
        <ele>0</ele>
        <time>2026-09-10T12:14:23.900000Z</time>
        <extensions>
          <gpxtpx:TrackPointExtension>
            <gpxtpx:hr>118</gpxtpx:hr>
          </gpxtpx:TrackPointExtension>
        </extensions>
      </trkpt>
      <trkpt lat="22.739289709596523" lon="113.92714978912454">
        <ele>0</ele>
        <time>2026-09-10T12:14:24.900000Z</time>
        <extensions>
          <gpxtpx:TrackPointExtension>
            <gpxtpx:hr>118</gpxtpx:hr>
          </gpxtpx:TrackPointExtension>
        </extensions>
      </trkpt>
      <trkpt lat="22.739303765072822" lon="113.92717214349673">
        <ele>0</ele>
        <time>2026-09-10T12:14:25.900000Z</time>
        <extensions>
          <gpxtpx:TrackPointExtension>
            <gpxtpx:hr>118</gpxtpx:hr>
          </gpxtpx:TrackPointExtension>
        </extensions>
      </trkpt>
      <trkpt lat="22.739317575695765" lon="113.92719571526597">
        <ele>0</ele>
        <time>2026-09-10T12:14:26.900000Z</time>
        <extensions>
          <gpxtpx:TrackPointExtension>
            <gpxtpx:hr>118</gpxtpx:hr>
          </gpxtpx:TrackPointExtension>
        </extensions>
      </trkpt>
      <trkpt lat="22.739330827282718" lon="113.9272197667366">
        <ele>0</ele>
        <time>2026-09-10T12:14:27.900000Z</time>
        <extensions>
          <gpxtpx:TrackPointExtension>
            <gpxtpx:hr>118</gpxtpx:hr>
          </gpxtpx:TrackPointExtension>
        </extensions>
      </trkpt>
      <trkpt lat="22.73934335968435" lon="113.92724387099173">
        <ele>0</ele>
        <time>2026-09-10T12:14:28.900000Z</time>
        <extensions>
          <gpxtpx:TrackPointExtension>
            <gpxtpx:hr>117</gpxtpx:hr>
          </gpxtpx:TrackPointExtension>
        </extensions>
      </trkpt>
      <trkpt lat="22.73935637350936" lon="113.92727005791693">
        <ele>0</ele>
        <time>2026-09-10T12:14:29.900000Z</time>
        <extensions>
          <gpxtpx:TrackPointExtension>
            <gpxtpx:hr>117</gpxtpx:hr>
          </gpxtpx:TrackPointExtension>
        </extensions>
      </trkpt>
      <trkpt lat="22.739370784728948" lon="113.92730021044291">
        <ele>0</ele>
        <time>2026-09-10T12:14:30.900000Z</time>
        <extensions>
          <gpxtpx:TrackPointExtension>
            <gpxtpx:hr>117</gpxtpx:hr>
          </gpxtpx:TrackPointExtension>
        </extensions>
      </trkpt>
      <trkpt lat="22.739386666413118" lon="113.92733534742817">
        <ele>0</ele>
        <time>2026-09-10T12:14:31.900000Z</time>
        <extensions>
          <gpxtpx:TrackPointExtension>
            <gpxtpx:hr>117</gpxtpx:hr>
          </gpxtpx:TrackPointExtension>
        </extensions>
      </trkpt>
      <trkpt lat="22.73940393966123" lon="113.92737614352158">
        <ele>0</ele>
        <time>2026-09-10T12:14:32.900000Z</time>
        <extensions>
          <gpxtpx:TrackPointExtension>
            <gpxtpx:hr>117</gpxtpx:hr>
          </gpxtpx:TrackPointExtension>
        </extensions>
      </trkpt>
      <trkpt lat="22.739424164044042" lon="113.92742666429452">
        <ele>0</ele>
        <time>2026-09-10T12:14:33.900000Z</time>
        <extensions>
          <gpxtpx:TrackPointExtension>
            <gpxtpx:hr>117</gpxtpx:hr>
          </gpxtpx:TrackPointExtension>
        </extensions>
      </trkpt>
      <trkpt lat="22.73950693586166" lon="113.92762592669806">
        <ele>0</ele>
        <time>2026-09-10T12:14:38.900000Z</time>
        <extensions>
          <gpxtpx:TrackPointExtension>
            <gpxtpx:hr>117</gpxtpx:hr>
          </gpxtpx:TrackPointExtension>
        </extensions>
      </trkpt>
      <trkpt lat="22.739517853686852" lon="113.92764752232227">
        <ele>0</ele>
        <time>2026-09-10T12:14:39.900000Z</time>
        <extensions>
          <gpxtpx:TrackPointExtension>
            <gpxtpx:hr>117</gpxtpx:hr>
          </gpxtpx:TrackPointExtension>
        </extensions>
      </trkpt>
      <trkpt lat="22.73952780129976" lon="113.927666881814">
        <ele>0</ele>
        <time>2026-09-10T12:14:40.900000Z</time>
        <extensions>
          <gpxtpx:TrackPointExtension>
            <gpxtpx:hr>117</gpxtpx:hr>
          </gpxtpx:TrackPointExtension>
        </extensions>
      </trkpt>
      <trkpt lat="22.73953750435824" lon="113.92768526857948">
        <ele>0</ele>
        <time>2026-09-10T12:14:41.900000Z</time>
        <extensions>
          <gpxtpx:TrackPointExtension>
            <gpxtpx:hr>112</gpxtpx:hr>
          </gpxtpx:TrackPointExtension>
        </extensions>
      </trkpt>
      <trkpt lat="22.739548707526676" lon="113.92770348310805">
        <ele>0</ele>
        <time>2026-09-10T12:14:42.900000Z</time>
        <extensions>
          <gpxtpx:TrackPointExtension>
            <gpxtpx:hr>112</gpxtpx:hr>
          </gpxtpx:TrackPointExtension>
        </extensions>
      </trkpt>
      <trkpt lat="22.73956130401963" lon="113.92772190623381">
        <ele>0</ele>
        <time>2026-09-10T12:14:43.900000Z</time>
        <extensions>
          <gpxtpx:TrackPointExtension>
            <gpxtpx:hr>112</gpxtpx:hr>
          </gpxtpx:TrackPointExtension>
        </extensions>
      </trkpt>
      <trkpt lat="22.739574337681823" lon="113.92774052131534">
        <ele>0</ele>
        <time>2026-09-10T12:14:44.900000Z</time>
        <extensions>
          <gpxtpx:TrackPointExtension>
            <gpxtpx:hr>112</gpxtpx:hr>
          </gpxtpx:TrackPointExtension>
        </extensions>
      </trkpt>
      <trkpt lat="22.739586430893343" lon="113.92775899846242">
        <ele>0</ele>
        <time>2026-09-10T12:14:45.900000Z</time>
        <extensions>
          <gpxtpx:TrackPointExtension>
            <gpxtpx:hr>112</gpxtpx:hr>
          </gpxtpx:TrackPointExtension>
        </extensions>
      </trkpt>
      <trkpt lat="22.73959729988203" lon="113.9277772217485">
        <ele>0</ele>
        <time>2026-09-10T12:14:46.900000Z</time>
        <extensions>
          <gpxtpx:TrackPointExtension>
            <gpxtpx:hr>112</gpxtpx:hr>
          </gpxtpx:TrackPointExtension>
        </extensions>
      </trkpt>
      <trkpt lat="22.739607597219894" lon="113.92779379473693">
        <ele>0</ele>
        <time>2026-09-10T12:14:47.900000Z</time>
        <extensions>
          <gpxtpx:TrackPointExtension>
            <gpxtpx:hr>113</gpxtpx:hr>
          </gpxtpx:TrackPointExtension>
        </extensions>
      </trkpt>
      <trkpt lat="22.739617546079455" lon="113.9278080676341">
        <ele>0</ele>
        <time>2026-09-10T12:14:48.900000Z</time>
        <extensions>
          <gpxtpx:TrackPointExtension>
            <gpxtpx:hr>113</gpxtpx:hr>
          </gpxtpx:TrackPointExtension>
        </extensions>
      </trkpt>
      <trkpt lat="22.739625800401328" lon="113.92782012164534">
        <ele>0</ele>
        <time>2026-09-10T12:14:49.900000Z</time>
        <extensions>
          <gpxtpx:TrackPointExtension>
            <gpxtpx:hr>113</gpxtpx:hr>
          </gpxtpx:TrackPointExtension>
        </extensions>
      </trkpt>
      <trkpt lat="22.739625896470464" lon="113.92782025670559">
        <ele>0</ele>
        <time>2026-09-10T12:14:49.900000Z</time>
        <extensions>
          <gpxtpx:TrackPointExtension>
            <gpxtpx:hr>113</gpxtpx:hr>
          </gpxtpx:TrackPointExtension>
        </extensions>
      </trkpt>
      <trkpt lat="22.739632714390588" lon="113.9278301738727">
        <ele>0</ele>
        <time>2026-09-10T12:14:50.900000Z</time>
        <extensions>
          <gpxtpx:TrackPointExtension>
            <gpxtpx:hr>113</gpxtpx:hr>
          </gpxtpx:TrackPointExtension>
        </extensions>
      </trkpt>
      <trkpt lat="22.73963899776618" lon="113.9278396568361">
        <ele>0</ele>
        <time>2026-09-10T12:14:51.900000Z</time>
        <extensions>
          <gpxtpx:TrackPointExtension>
            <gpxtpx:hr>113</gpxtpx:hr>
          </gpxtpx:TrackPointExtension>
        </extensions>
      </trkpt>
      <trkpt lat="22.739644002239828" lon="113.92784943672359">
        <ele>0</ele>
        <time>2026-09-10T12:14:52.900000Z</time>
        <extensions>
          <gpxtpx:TrackPointExtension>
            <gpxtpx:hr>109</gpxtpx:hr>
          </gpxtpx:TrackPointExtension>
        </extensions>
      </trkpt>
      <trkpt lat="22.7396483703566" lon="113.92785893900006">
        <ele>0</ele>
        <time>2026-09-10T12:14:53.900000Z</time>
        <extensions>
          <gpxtpx:TrackPointExtension>
            <gpxtpx:hr>109</gpxtpx:hr>
          </gpxtpx:TrackPointExtension>
        </extensions>
      </trkpt>
      <trkpt lat="22.739654323500844" lon="113.92786671686306">
        <ele>0</ele>
        <time>2026-09-10T12:14:54.900000Z</time>
        <extensions>
          <gpxtpx:TrackPointExtension>
            <gpxtpx:hr>109</gpxtpx:hr>
          </gpxtpx:TrackPointExtension>
        </extensions>
      </trkpt>
      <trkpt lat="22.739663897749463" lon="113.9278746164577">
        <ele>0</ele>
        <time>2026-09-10T12:14:55.900000Z</time>
        <extensions>
          <gpxtpx:TrackPointExtension>
            <gpxtpx:hr>109</gpxtpx:hr>
          </gpxtpx:TrackPointExtension>
        </extensions>
      </trkpt>
      <trkpt lat="22.73967651025439" lon="113.92788577245007">
        <ele>0</ele>
        <time>2026-09-10T12:14:56.900000Z</time>
        <extensions>
          <gpxtpx:TrackPointExtension>
            <gpxtpx:hr>109</gpxtpx:hr>
          </gpxtpx:TrackPointExtension>
        </extensions>
      </trkpt>
      <trkpt lat="22.739690849220718" lon="113.92789986490466">
        <ele>0</ele>
        <time>2026-09-10T12:14:57.900000Z</time>
        <extensions>
          <gpxtpx:TrackPointExtension>
            <gpxtpx:hr>109</gpxtpx:hr>
          </gpxtpx:TrackPointExtension>
        </extensions>
      </trkpt>
      <trkpt lat="22.73970647025055" lon="113.92791590849042">
        <ele>0</ele>
        <time>2026-09-10T12:14:58.900000Z</time>
        <extensions>
          <gpxtpx:TrackPointExtension>
            <gpxtpx:hr>109</gpxtpx:hr>
          </gpxtpx:TrackPointExtension>
        </extensions>
      </trkpt>
      <trkpt lat="22.739722740814916" lon="113.92793322187184">
        <ele>0</ele>
        <time>2026-09-10T12:14:59.900000Z</time>
        <extensions>
          <gpxtpx:TrackPointExtension>
            <gpxtpx:hr>109</gpxtpx:hr>
          </gpxtpx:TrackPointExtension>
        </extensions>
      </trkpt>
      <trkpt lat="22.73973905545704" lon="113.92795175885291">
        <ele>0</ele>
        <time>2026-09-10T12:15:00.900000Z</time>
        <extensions>
          <gpxtpx:TrackPointExtension>
            <gpxtpx:hr>109</gpxtpx:hr>
          </gpxtpx:TrackPointExtension>
        </extensions>
      </trkpt>
      <trkpt lat="22.73975502843033" lon="113.92797143738726">
        <ele>0</ele>
        <time>2026-09-10T12:15:01.900000Z</time>
        <extensions>
          <gpxtpx:TrackPointExtension>
            <gpxtpx:hr>109</gpxtpx:hr>
          </gpxtpx:TrackPointExtension>
        </extensions>
      </trkpt>
      <trkpt lat="22.739769810364777" lon="113.92799085044085">
        <ele>0</ele>
        <time>2026-09-10T12:15:02.900000Z</time>
        <extensions>
          <gpxtpx:TrackPointExtension>
            <gpxtpx:hr>110</gpxtpx:hr>
          </gpxtpx:TrackPointExtension>
        </extensions>
      </trkpt>
      <trkpt lat="22.73978331453375" lon="113.92800955789599">
        <ele>0</ele>
        <time>2026-09-10T12:15:03.900000Z</time>
        <extensions>
          <gpxtpx:TrackPointExtension>
            <gpxtpx:hr>110</gpxtpx:hr>
          </gpxtpx:TrackPointExtension>
        </extensions>
      </trkpt>
      <trkpt lat="22.739796066938762" lon="113.92802809885738">
        <ele>0</ele>
        <time>2026-09-10T12:15:04.900000Z</time>
        <extensions>
          <gpxtpx:TrackPointExtension>
            <gpxtpx:hr>110</gpxtpx:hr>
          </gpxtpx:TrackPointExtension>
        </extensions>
      </trkpt>
      <trkpt lat="22.73980857035133" lon="113.92804689703182">
        <ele>0</ele>
        <time>2026-09-10T12:15:05.900000Z</time>
        <extensions>
          <gpxtpx:TrackPointExtension>
            <gpxtpx:hr>110</gpxtpx:hr>
          </gpxtpx:TrackPointExtension>
        </extensions>
      </trkpt>
      <trkpt lat="22.73982151468429" lon="113.92806698812606">
        <ele>0</ele>
        <time>2026-09-10T12:15:06.900000Z</time>
        <extensions>
          <gpxtpx:TrackPointExtension>
            <gpxtpx:hr>108</gpxtpx:hr>
          </gpxtpx:TrackPointExtension>
        </extensions>
      </trkpt>
      <trkpt lat="22.739835510263358" lon="113.92808945764835">
        <ele>0</ele>
        <time>2026-09-10T12:15:07.900000Z</time>
        <extensions>
          <gpxtpx:TrackPointExtension>
            <gpxtpx:hr>108</gpxtpx:hr>
          </gpxtpx:TrackPointExtension>
        </extensions>
      </trkpt>
      <trkpt lat="22.73985126663144" lon="113.92811636019762">
        <ele>0</ele>
        <time>2026-09-10T12:15:08.900000Z</time>
        <extensions>
          <gpxtpx:TrackPointExtension>
            <gpxtpx:hr>108</gpxtpx:hr>
          </gpxtpx:TrackPointExtension>
        </extensions>
      </trkpt>
      <trkpt lat="22.739868480507713" lon="113.92814652072221">
        <ele>0</ele>
        <time>2026-09-10T12:15:09.900000Z</time>
        <extensions>
          <gpxtpx:TrackPointExtension>
            <gpxtpx:hr>108</gpxtpx:hr>
          </gpxtpx:TrackPointExtension>
        </extensions>
      </trkpt>
      <trkpt lat="22.739886317435186" lon="113.92817655122903">
        <ele>0</ele>
        <time>2026-09-10T12:15:10.900000Z</time>
        <extensions>
          <gpxtpx:TrackPointExtension>
            <gpxtpx:hr>108</gpxtpx:hr>
          </gpxtpx:TrackPointExtension>
        </extensions>
      </trkpt>
      <trkpt lat="22.739904071172674" lon="113.928205354924">
        <ele>0</ele>
        <time>2026-09-10T12:15:11.900000Z</time>
        <extensions>
          <gpxtpx:TrackPointExtension>
            <gpxtpx:hr>108</gpxtpx:hr>
          </gpxtpx:TrackPointExtension>
        </extensions>
      </trkpt>
      <trkpt lat="22.739921742164015" lon="113.92823418518135">
        <ele>0</ele>
        <time>2026-09-10T12:15:12.900000Z</time>
        <extensions>
          <gpxtpx:TrackPointExtension>
            <gpxtpx:hr>108</gpxtpx:hr>
          </gpxtpx:TrackPointExtension>
        </extensions>
      </trkpt>
      <trkpt lat="22.73993917922173" lon="113.92826476208141">
        <ele>0</ele>
        <time>2026-09-10T12:15:13.900000Z</time>
        <extensions>
          <gpxtpx:TrackPointExtension>
            <gpxtpx:hr>108</gpxtpx:hr>
          </gpxtpx:TrackPointExtension>
        </extensions>
      </trkpt>
      <trkpt lat="22.739956568371845" lon="113.92829699493703">
        <ele>0</ele>
        <time>2026-09-10T12:15:14.900000Z</time>
        <extensions>
          <gpxtpx:TrackPointExtension>
            <gpxtpx:hr>108</gpxtpx:hr>
          </gpxtpx:TrackPointExtension>
        </extensions>
      </trkpt>
      <trkpt lat="22.739974570535537" lon="113.92832958244259">
        <ele>0</ele>
        <time>2026-09-10T12:15:15.900000Z</time>
        <extensions>
          <gpxtpx:TrackPointExtension>
            <gpxtpx:hr>108</gpxtpx:hr>
          </gpxtpx:TrackPointExtension>
        </extensions>
      </trkpt>
      <trkpt lat="22.739992732809977" lon="113.92836087709424">
        <ele>0</ele>
        <time>2026-09-10T12:15:16.900000Z</time>
        <extensions>
          <gpxtpx:TrackPointExtension>
            <gpxtpx:hr>108</gpxtpx:hr>
          </gpxtpx:TrackPointExtension>
        </extensions>
      </trkpt>
      <trkpt lat="22.74001039582594" lon="113.92839025218906">
        <ele>0</ele>
        <time>2026-09-10T12:15:17.900000Z</time>
        <extensions>
          <gpxtpx:TrackPointExtension>
            <gpxtpx:hr>113</gpxtpx:hr>
          </gpxtpx:TrackPointExtension>
        </extensions>
      </trkpt>
      <trkpt lat="22.740026743642236" lon="113.92841818104628">
        <ele>33.85690067335963</ele>
        <time>2026-09-10T12:15:18.900000Z</time>
        <extensions>
          <gpxtpx:TrackPointExtension>
            <gpxtpx:hr>113</gpxtpx:hr>
          </gpxtpx:TrackPointExtension>
        </extensions>
      </trkpt>
      <trkpt lat="22.74004082959424" lon="113.92844414525925">
        <ele>33.90847237035632</ele>
        <time>2026-09-10T12:15:19.900000Z</time>
        <extensions>
          <gpxtpx:TrackPointExtension>
            <gpxtpx:hr>113</gpxtpx:hr>
          </gpxtpx:TrackPointExtension>
        </extensions>
      </trkpt>
      <trkpt lat="22.740051246100986" lon="113.92846684222536">
        <ele>33.95175426919013</ele>
        <time>2026-09-10T12:15:20.900000Z</time>
        <extensions>
          <gpxtpx:TrackPointExtension>
            <gpxtpx:hr>113</gpxtpx:hr>
          </gpxtpx:TrackPointExtension>
        </extensions>
      </trkpt>
      <trkpt lat="22.74006083249261" lon="113.92848648542598">
        <ele>33.987342418171465</ele>
        <time>2026-09-10T12:15:21.900000Z</time>
        <extensions>
          <gpxtpx:TrackPointExtension>
            <gpxtpx:hr>113</gpxtpx:hr>
          </gpxtpx:TrackPointExtension>
        </extensions>
      </trkpt>
      <trkpt lat="22.740072670371177" lon="113.92850450982995">
        <ele>34.018430777825415</ele>
        <time>2026-09-10T12:15:22.900000Z</time>
        <extensions>
          <gpxtpx:TrackPointExtension>
            <gpxtpx:hr>113</gpxtpx:hr>
          </gpxtpx:TrackPointExtension>
        </extensions>
      </trkpt>
      <trkpt lat="22.74008315290307" lon="113.92852115892514">
        <ele>34.04988755658269</ele>
        <time>2026-09-10T12:15:23.900000Z</time>
        <extensions>
          <gpxtpx:TrackPointExtension>
            <gpxtpx:hr>113</gpxtpx:hr>
          </gpxtpx:TrackPointExtension>
        </extensions>
      </trkpt>
      <trkpt lat="22.740091363324936" lon="113.92853758724975">
        <ele>34.08486948534846</ele>
        <time>2026-09-10T12:15:24.900000Z</time>
        <extensions>
          <gpxtpx:TrackPointExtension>
            <gpxtpx:hr>113</gpxtpx:hr>
          </gpxtpx:TrackPointExtension>
        </extensions>
      </trkpt>
      <trkpt lat="22.74010189020617" lon="113.92855512098377">
        <ele>34.12363849580288</ele>
        <time>2026-09-10T12:15:25.900000Z</time>
        <extensions>
          <gpxtpx:TrackPointExtension>
            <gpxtpx:hr>113</gpxtpx:hr>
          </gpxtpx:TrackPointExtension>
        </extensions>
      </trkpt>
      <trkpt lat="22.740115412511603" lon="113.92857224641335">
        <ele>34.1648123273626</ele>
        <time>2026-09-10T12:15:26.900000Z</time>
        <extensions>
          <gpxtpx:TrackPointExtension>
            <gpxtpx:hr>113</gpxtpx:hr>
          </gpxtpx:TrackPointExtension>
        </extensions>
      </trkpt>
      <trkpt lat="22.74013051821814" lon="113.92858889866434">
        <ele>34.206851922906935</ele>
        <time>2026-09-10T12:15:27.900000Z</time>
        <extensions>
          <gpxtpx:TrackPointExtension>
            <gpxtpx:hr>113</gpxtpx:hr>
          </gpxtpx:TrackPointExtension>
        </extensions>
      </trkpt>
      <trkpt lat="22.740145762024735" lon="113.92860659158804">
        <ele>34.24895155522972</ele>
        <time>2026-09-10T12:15:28.900000Z</time>
        <extensions>
          <gpxtpx:TrackPointExtension>
            <gpxtpx:hr>113</gpxtpx:hr>
          </gpxtpx:TrackPointExtension>
        </extensions>
      </trkpt>
      <trkpt lat="22.740160496185197" lon="113.92862605114478">
        <ele>34.290962112136185</ele>
        <time>2026-09-10T12:15:29.900000Z</time>
        <extensions>
          <gpxtpx:TrackPointExtension>
            <gpxtpx:hr>113</gpxtpx:hr>
          </gpxtpx:TrackPointExtension>
        </extensions>
      </trkpt>
      <trkpt lat="22.74017650800789" lon="113.92864807810984">
        <ele>34.33299530670047</ele>
        <time>2026-09-10T12:15:30.900000Z</time>
        <extensions>
          <gpxtpx:TrackPointExtension>
            <gpxtpx:hr>113</gpxtpx:hr>
          </gpxtpx:TrackPointExtension>
        </extensions>
      </trkpt>
      <trkpt lat="22.740193670881304" lon="113.92867278658811">
        <ele>34.37506956793368</ele>
        <time>2026-09-10T12:15:31.900000Z</time>
        <extensions>
          <gpxtpx:TrackPointExtension>
            <gpxtpx:hr>114</gpxtpx:hr>
          </gpxtpx:TrackPointExtension>
        </extensions>
      </trkpt>
      <trkpt lat="22.740210126521877" lon="113.92869838277474">
        <ele>34.416815237142146</ele>
        <time>2026-09-10T12:15:32.900000Z</time>
        <extensions>
          <gpxtpx:TrackPointExtension>
            <gpxtpx:hr>114</gpxtpx:hr>
          </gpxtpx:TrackPointExtension>
        </extensions>
      </trkpt>
      <trkpt lat="22.74022434459849" lon="113.92872240525082">
        <ele>34.45739132910967</ele>
        <time>2026-09-10T12:15:33.900000Z</time>
        <extensions>
          <gpxtpx:TrackPointExtension>
            <gpxtpx:hr>114</gpxtpx:hr>
          </gpxtpx:TrackPointExtension>
        </extensions>
      </trkpt>
      <trkpt lat="22.7402358395262" lon="113.92874249262118">
        <ele>34.495690803043544</ele>
        <time>2026-09-10T12:15:34.900000Z</time>
        <extensions>
          <gpxtpx:TrackPointExtension>
            <gpxtpx:hr>114</gpxtpx:hr>
          </gpxtpx:TrackPointExtension>
        </extensions>
      </trkpt>
      <trkpt lat="22.740244428156696" lon="113.92875737878344">
        <ele>34.53062627185136</ele>
        <time>2026-09-10T12:15:35.900000Z</time>
        <extensions>
          <gpxtpx:TrackPointExtension>
            <gpxtpx:hr>114</gpxtpx:hr>
          </gpxtpx:TrackPointExtension>
        </extensions>
      </trkpt>
      <trkpt lat="22.74024987465615" lon="113.92876689445345">
        <ele>34.56133185233921</ele>
        <time>2026-09-10T12:15:36.900000Z</time>
        <extensions>
          <gpxtpx:TrackPointExtension>
            <gpxtpx:hr>114</gpxtpx:hr>
          </gpxtpx:TrackPointExtension>
        </extensions>
      </trkpt>
      <trkpt lat="22.7402521966217" lon="113.9287710156184">
        <ele>34.587338000535965</ele>
        <time>2026-09-10T12:15:37.900000Z</time>
        <extensions>
          <gpxtpx:TrackPointExtension>
            <gpxtpx:hr>116</gpxtpx:hr>
          </gpxtpx:TrackPointExtension>
        </extensions>
      </trkpt>
      <trkpt lat="22.740253513223653" lon="113.92877350508816">
        <ele>34.608708364889026</ele>
        <time>2026-09-10T12:15:38.900000Z</time>
        <extensions>
          <gpxtpx:TrackPointExtension>
            <gpxtpx:hr>116</gpxtpx:hr>
          </gpxtpx:TrackPointExtension>
        </extensions>
      </trkpt>
      <trkpt lat="22.740254676359726" lon="113.92877575017962">
        <ele>34.62610287964344</ele>
        <time>2026-09-10T12:15:39.900000Z</time>
        <extensions>
          <gpxtpx:TrackPointExtension>
            <gpxtpx:hr>116</gpxtpx:hr>
          </gpxtpx:TrackPointExtension>
        </extensions>
      </trkpt>
      <trkpt lat="22.740255164088815" lon="113.92877674859515">
        <ele>34.6407913248986</ele>
        <time>2026-09-10T12:15:40.900000Z</time>
        <extensions>
          <gpxtpx:TrackPointExtension>
            <gpxtpx:hr>116</gpxtpx:hr>
          </gpxtpx:TrackPointExtension>
        </extensions>
      </trkpt>
      <trkpt lat="22.74025623118881" lon="113.92877893372862">
        <ele>34.654543751850724</ele>
        <time>2026-09-10T12:15:41.900000Z</time>
        <extensions>
          <gpxtpx:TrackPointExtension>
            <gpxtpx:hr>116</gpxtpx:hr>
          </gpxtpx:TrackPointExtension>
        </extensions>
      </trkpt>
      <trkpt lat="22.7402583263849" lon="113.92878289307104">
        <ele>34.66940944921225</ele>
        <time>2026-09-10T12:15:42.900000Z</time>
        <extensions>
          <gpxtpx:TrackPointExtension>
            <gpxtpx:hr>116</gpxtpx:hr>
          </gpxtpx:TrackPointExtension>
        </extensions>
      </trkpt>
      <trkpt lat="22.74026374091658" lon="113.92879153502686">
        <ele>34.68751422315836</ele>
        <time>2026-09-10T12:15:43.900000Z</time>
        <extensions>
          <gpxtpx:TrackPointExtension>
            <gpxtpx:hr>116</gpxtpx:hr>
          </gpxtpx:TrackPointExtension>
        </extensions>
      </trkpt>
      <trkpt lat="22.740273005218704" lon="113.92880676147855">
        <ele>34.71088714059442</ele>
        <time>2026-09-10T12:15:44.900000Z</time>
        <extensions>
          <gpxtpx:TrackPointExtension>
            <gpxtpx:hr>116</gpxtpx:hr>
          </gpxtpx:TrackPointExtension>
        </extensions>
      </trkpt>
      <trkpt lat="22.740284169102264" lon="113.9288261725418">
        <ele>34.7412784518674</ele>
        <time>2026-09-10T12:15:45.900000Z</time>
        <extensions>
          <gpxtpx:TrackPointExtension>
            <gpxtpx:hr>116</gpxtpx:hr>
          </gpxtpx:TrackPointExtension>
        </extensions>
      </trkpt>
      <trkpt lat="22.74029662755896" lon="113.9288479721642">
        <ele>34.77997627109289</ele>
        <time>2026-09-10T12:15:46.900000Z</time>
        <extensions>
          <gpxtpx:TrackPointExtension>
            <gpxtpx:hr>116</gpxtpx:hr>
          </gpxtpx:TrackPointExtension>
        </extensions>
      </trkpt>
      <trkpt lat="22.740309411244578" lon="113.92887054489991">
        <ele>34.82755782734603</ele>
        <time>2026-09-10T12:15:47.900000Z</time>
        <extensions>
          <gpxtpx:TrackPointExtension>
            <gpxtpx:hr>116</gpxtpx:hr>
          </gpxtpx:TrackPointExtension>
        </extensions>
      </trkpt>
      <trkpt lat="22.74032161086848" lon="113.92889283739994">
        <ele>34.883705156855285</ele>
        <time>2026-09-10T12:15:48.900000Z</time>
        <extensions>
          <gpxtpx:TrackPointExtension>
            <gpxtpx:hr>116</gpxtpx:hr>
          </gpxtpx:TrackPointExtension>
        </extensions>
      </trkpt>
      <trkpt lat="22.74033198090326" lon="113.92891497774959">
        <ele>34.947280508466065</ele>
        <time>2026-09-10T12:15:49.900000Z</time>
        <extensions>
          <gpxtpx:TrackPointExtension>
            <gpxtpx:hr>116</gpxtpx:hr>
          </gpxtpx:TrackPointExtension>
        </extensions>
      </trkpt>
      <trkpt lat="22.740339453958526" lon="113.92893726636964">
        <ele>35.01648854743689</ele>
        <time>2026-09-10T12:15:50.900000Z</time>
        <extensions>
          <gpxtpx:TrackPointExtension>
            <gpxtpx:hr>116</gpxtpx:hr>
          </gpxtpx:TrackPointExtension>
        </extensions>
      </trkpt>
      <trkpt lat="22.740343821541515" lon="113.92895946891623">
        <ele>35.08907639980316</ele>
        <time>2026-09-10T12:15:51.900000Z</time>
        <extensions>
          <gpxtpx:TrackPointExtension>
            <gpxtpx:hr>116</gpxtpx:hr>
          </gpxtpx:TrackPointExtension>
        </extensions>
      </trkpt>
      <trkpt lat="22.740345015924724" lon="113.92898210546133">
        <ele>35.16264151688665</ele>
        <time>2026-09-10T12:15:52.900000Z</time>
        <extensions>
          <gpxtpx:TrackPointExtension>
            <gpxtpx:hr>116</gpxtpx:hr>
          </gpxtpx:TrackPointExtension>
        </extensions>
      </trkpt>
      <trkpt lat="22.7403431643112" lon="113.92900553562626">
        <ele>35.23491843510419</ele>
        <time>2026-09-10T12:15:53.900000Z</time>
        <extensions>
          <gpxtpx:TrackPointExtension>
            <gpxtpx:hr>120</gpxtpx:hr>
          </gpxtpx:TrackPointExtension>
        </extensions>
      </trkpt>
      <trkpt lat="22.740339106956366" lon="113.92902948531128">
        <ele>35.30399793293327</ele>
        <time>2026-09-10T12:15:54.900000Z</time>
        <extensions>
          <gpxtpx:TrackPointExtension>
            <gpxtpx:hr>120</gpxtpx:hr>
          </gpxtpx:TrackPointExtension>
        </extensions>
      </trkpt>
      <trkpt lat="22.74033379439383" lon="113.92905372199354">
        <ele>35.36850168835372</ele>
        <time>2026-09-10T12:15:55.900000Z</time>
        <extensions>
          <gpxtpx:TrackPointExtension>
            <gpxtpx:hr>120</gpxtpx:hr>
          </gpxtpx:TrackPointExtension>
        </extensions>
      </trkpt>
      <trkpt lat="22.74032797387273" lon="113.92907792245884">
        <ele>35.427604413591325</ele>
        <time>2026-09-10T12:15:56.900000Z</time>
        <extensions>
          <gpxtpx:TrackPointExtension>
            <gpxtpx:hr>120</gpxtpx:hr>
          </gpxtpx:TrackPointExtension>
        </extensions>
      </trkpt>
      <trkpt lat="22.740322573059498" lon="113.92910128779711">
        <ele>35.480890300124884</ele>
        <time>2026-09-10T12:15:57.900000Z</time>
        <extensions>
          <gpxtpx:TrackPointExtension>
            <gpxtpx:hr>119</gpxtpx:hr>
          </gpxtpx:TrackPointExtension>
        </extensions>
      </trkpt>
      <trkpt lat="22.740317744679754" lon="113.92912354513275">
        <ele>35.52820024359971</ele>
        <time>2026-09-10T12:15:58.900000Z</time>
        <extensions>
          <gpxtpx:TrackPointExtension>
            <gpxtpx:hr>119</gpxtpx:hr>
          </gpxtpx:TrackPointExtension>
        </extensions>
      </trkpt>
      <trkpt lat="22.740313056711372" lon="113.92914471736071">
        <ele>35.569540177471936</ele>
        <time>2026-09-10T12:15:59.900000Z</time>
        <extensions>
          <gpxtpx:TrackPointExtension>
            <gpxtpx:hr>119</gpxtpx:hr>
          </gpxtpx:TrackPointExtension>
        </extensions>
      </trkpt>
      <trkpt lat="22.740308619785953" lon="113.92916540462194">
        <ele>35.60505053028464</ele>
        <time>2026-09-10T12:16:00.900000Z</time>
        <extensions>
          <gpxtpx:TrackPointExtension>
            <gpxtpx:hr>119</gpxtpx:hr>
          </gpxtpx:TrackPointExtension>
        </extensions>
      </trkpt>
      <trkpt lat="22.740304754130257" lon="113.92918573136726">
        <ele>35.63498451653868</ele>
        <time>2026-09-10T12:16:01.900000Z</time>
        <extensions>
          <gpxtpx:TrackPointExtension>
            <gpxtpx:hr>119</gpxtpx:hr>
          </gpxtpx:TrackPointExtension>
        </extensions>
      </trkpt>
      <trkpt lat="22.740301565828133" lon="113.9292057938701">
        <ele>35.659651975147426</ele>
        <time>2026-09-10T12:16:02.900000Z</time>
        <extensions>
          <gpxtpx:TrackPointExtension>
            <gpxtpx:hr>119</gpxtpx:hr>
          </gpxtpx:TrackPointExtension>
        </extensions>
      </trkpt>
      <trkpt lat="22.740298091457273" lon="113.92922665757234">
        <ele>35.6793477833271</ele>
        <time>2026-09-10T12:16:03.900000Z</time>
        <extensions>
          <gpxtpx:TrackPointExtension>
            <gpxtpx:hr>113</gpxtpx:hr>
          </gpxtpx:TrackPointExtension>
        </extensions>
      </trkpt>
      <trkpt lat="22.74029347236402" lon="113.92924739499239">
        <ele>35.69422507099807</ele>
        <time>2026-09-10T12:16:04.900000Z</time>
        <extensions>
          <gpxtpx:TrackPointExtension>
            <gpxtpx:hr>113</gpxtpx:hr>
          </gpxtpx:TrackPointExtension>
        </extensions>
      </trkpt>
      <trkpt lat="22.74028808491318" lon="113.92926729430353">
        <ele>35.70415403880179</ele>
        <time>2026-09-10T12:16:05.900000Z</time>
        <extensions>
          <gpxtpx:TrackPointExtension>
            <gpxtpx:hr>113</gpxtpx:hr>
          </gpxtpx:TrackPointExtension>
        </extensions>
      </trkpt>
      <trkpt lat="22.74028327427236" lon="113.92928721068026">
        <ele>35.70872384030372</ele>
        <time>2026-09-10T12:16:06.900000Z</time>
        <extensions>
          <gpxtpx:TrackPointExtension>
            <gpxtpx:hr>113</gpxtpx:hr>
          </gpxtpx:TrackPointExtension>
        </extensions>
      </trkpt>
      <trkpt lat="22.740279421775742" lon="113.92930673975191">
        <ele>35.707463718019426</ele>
        <time>2026-09-10T12:16:07.900000Z</time>
        <extensions>
          <gpxtpx:TrackPointExtension>
            <gpxtpx:hr>113</gpxtpx:hr>
          </gpxtpx:TrackPointExtension>
        </extensions>
      </trkpt>
      <trkpt lat="22.740275087804143" lon="113.92932519022594">
        <ele>35.70013782661408</ele>
        <time>2026-09-10T12:16:08.900000Z</time>
        <extensions>
          <gpxtpx:TrackPointExtension>
            <gpxtpx:hr>112</gpxtpx:hr>
          </gpxtpx:TrackPointExtension>
        </extensions>
      </trkpt>
      <trkpt lat="22.74026946210729" lon="113.92934331916126">
        <ele>35.686928644776344</ele>
        <time>2026-09-10T12:16:09.900000Z</time>
        <extensions>
          <gpxtpx:TrackPointExtension>
            <gpxtpx:hr>112</gpxtpx:hr>
          </gpxtpx:TrackPointExtension>
        </extensions>
      </trkpt>
      <trkpt lat="22.740263290997504" lon="113.92936215771897">
        <ele>35.668552360497415</ele>
        <time>2026-09-10T12:16:10.900000Z</time>
        <extensions>
          <gpxtpx:TrackPointExtension>
            <gpxtpx:hr>112</gpxtpx:hr>
          </gpxtpx:TrackPointExtension>
        </extensions>
      </trkpt>
      <trkpt lat="22.740257766793242" lon="113.92938319165137">
        <ele>35.64624453801662</ele>
        <time>2026-09-10T12:16:11.900000Z</time>
        <extensions>
          <gpxtpx:TrackPointExtension>
            <gpxtpx:hr>112</gpxtpx:hr>
          </gpxtpx:TrackPointExtension>
        </extensions>
      </trkpt>
      <trkpt lat="22.740251979967113" lon="113.9294084833872">
        <ele>35.62146852631122</ele>
        <time>2026-09-10T12:16:12.900000Z</time>
        <extensions>
          <gpxtpx:TrackPointExtension>
            <gpxtpx:hr>112</gpxtpx:hr>
          </gpxtpx:TrackPointExtension>
        </extensions>
      </trkpt>
      <trkpt lat="22.740244398770447" lon="113.92943734324146">
        <ele>35.59555285144597</ele>
        <time>2026-09-10T12:16:13.900000Z</time>
        <extensions>
          <gpxtpx:TrackPointExtension>
            <gpxtpx:hr>111</gpxtpx:hr>
          </gpxtpx:TrackPointExtension>
        </extensions>
      </trkpt>
      <trkpt lat="22.74023529584712" lon="113.92946633792982">
        <ele>35.56946323718876</ele>
        <time>2026-09-10T12:16:14.900000Z</time>
        <extensions>
          <gpxtpx:TrackPointExtension>
            <gpxtpx:hr>111</gpxtpx:hr>
          </gpxtpx:TrackPointExtension>
        </extensions>
      </trkpt>
      <trkpt lat="22.7402253897712" lon="113.92949279325765">
        <ele>35.54365587979555</ele>
        <time>2026-09-10T12:16:15.900000Z</time>
        <extensions>
          <gpxtpx:TrackPointExtension>
            <gpxtpx:hr>111</gpxtpx:hr>
          </gpxtpx:TrackPointExtension>
        </extensions>
      </trkpt>
      <trkpt lat="22.74021600476222" lon="113.92951587140894">
        <ele>35.51806594710797</ele>
        <time>2026-09-10T12:16:16.900000Z</time>
        <extensions>
          <gpxtpx:TrackPointExtension>
            <gpxtpx:hr>111</gpxtpx:hr>
          </gpxtpx:TrackPointExtension>
        </extensions>
      </trkpt>
      <trkpt lat="22.740209179484722" lon="113.92953556920504">
        <ele>35.49234121479094</ele>
        <time>2026-09-10T12:16:17.900000Z</time>
        <extensions>
          <gpxtpx:TrackPointExtension>
            <gpxtpx:hr>111</gpxtpx:hr>
          </gpxtpx:TrackPointExtension>
        </extensions>
      </trkpt>
      <trkpt lat="22.740205789292347" lon="113.92955244871914">
        <ele>35.466159095056355</ele>
        <time>2026-09-10T12:16:18.900000Z</time>
        <extensions>
          <gpxtpx:TrackPointExtension>
            <gpxtpx:hr>111</gpxtpx:hr>
          </gpxtpx:TrackPointExtension>
        </extensions>
      </trkpt>
      <trkpt lat="22.740204427657297" lon="113.92956726563412">
        <ele>35.439426011405885</ele>
        <time>2026-09-10T12:16:19.900000Z</time>
        <extensions>
          <gpxtpx:TrackPointExtension>
            <gpxtpx:hr>111</gpxtpx:hr>
          </gpxtpx:TrackPointExtension>
        </extensions>
      </trkpt>
      <trkpt lat="22.740202801507206" lon="113.92958021793176">
        <ele>35.412370674312115</ele>
        <time>2026-09-10T12:16:20.900000Z</time>
        <extensions>
          <gpxtpx:TrackPointExtension>
            <gpxtpx:hr>111</gpxtpx:hr>
          </gpxtpx:TrackPointExtension>
        </extensions>
      </trkpt>
      <trkpt lat="22.740199869132976" lon="113.9295913680792">
        <ele>35.38555217999965</ele>
        <time>2026-09-10T12:16:21.900000Z</time>
        <extensions>
          <gpxtpx:TrackPointExtension>
            <gpxtpx:hr>111</gpxtpx:hr>
          </gpxtpx:TrackPointExtension>
        </extensions>
      </trkpt>
      <trkpt lat="22.74019619730823" lon="113.9296008239667">
        <ele>35.35974112525582</ele>
        <time>2026-09-10T12:16:22.900000Z</time>
        <extensions>
          <gpxtpx:TrackPointExtension>
            <gpxtpx:hr>104</gpxtpx:hr>
          </gpxtpx:TrackPointExtension>
        </extensions>
      </trkpt>
      <trkpt lat="22.74019275586584" lon="113.92960846363066">
        <ele>35.33574402704835</ele>
        <time>2026-09-10T12:16:23.900000Z</time>
        <extensions>
          <gpxtpx:TrackPointExtension>
            <gpxtpx:hr>104</gpxtpx:hr>
          </gpxtpx:TrackPointExtension>
        </extensions>
      </trkpt>
      <trkpt lat="22.740190057806675" lon="113.92961434411835">
        <ele>35.3142976379022</ele>
        <time>2026-09-10T12:16:24.900000Z</time>
        <extensions>
          <gpxtpx:TrackPointExtension>
            <gpxtpx:hr>104</gpxtpx:hr>
          </gpxtpx:TrackPointExtension>
        </extensions>
      </trkpt>
      <trkpt lat="22.740188025393444" lon="113.9296193185059">
        <ele>35.2960375957191</ele>
        <time>2026-09-10T12:16:25.900000Z</time>
        <extensions>
          <gpxtpx:TrackPointExtension>
            <gpxtpx:hr>104</gpxtpx:hr>
          </gpxtpx:TrackPointExtension>
        </extensions>
      </trkpt>
      <trkpt lat="22.740186536942478" lon="113.92962422436584">
        <ele>35.28149398230016</ele>
        <time>2026-09-10T12:16:26.900000Z</time>
        <extensions>
          <gpxtpx:TrackPointExtension>
            <gpxtpx:hr>104</gpxtpx:hr>
          </gpxtpx:TrackPointExtension>
        </extensions>
      </trkpt>
      <trkpt lat="22.740185709760713" lon="113.92962974370775">
        <ele>35.271108088083565</ele>
        <time>2026-09-10T12:16:27.900000Z</time>
        <extensions>
          <gpxtpx:TrackPointExtension>
            <gpxtpx:hr>104</gpxtpx:hr>
          </gpxtpx:TrackPointExtension>
        </extensions>
      </trkpt>
      <trkpt lat="22.74018585879312" lon="113.92963812976745">
        <ele>35.26523003913462</ele>
        <time>2026-09-10T12:16:28.900000Z</time>
        <extensions>
          <gpxtpx:TrackPointExtension>
            <gpxtpx:hr>104</gpxtpx:hr>
          </gpxtpx:TrackPointExtension>
        </extensions>
      </trkpt>
      <trkpt lat="22.740188119396684" lon="113.92965008903494">
        <ele>35.2640463700518</ele>
        <time>2026-09-10T12:16:29.900000Z</time>
        <extensions>
          <gpxtpx:TrackPointExtension>
            <gpxtpx:hr>103</gpxtpx:hr>
          </gpxtpx:TrackPointExtension>
        </extensions>
      </trkpt>
      <trkpt lat="22.740193547482598" lon="113.92966332375501">
        <ele>35.267421898432076</ele>
        <time>2026-09-10T12:16:30.900000Z</time>
        <extensions>
          <gpxtpx:TrackPointExtension>
            <gpxtpx:hr>103</gpxtpx:hr>
          </gpxtpx:TrackPointExtension>
        </extensions>
      </trkpt>
      <trkpt lat="22.740202485262" lon="113.92967744081739">
        <ele>35.27471060771495</ele>
        <time>2026-09-10T12:16:31.900000Z</time>
        <extensions>
          <gpxtpx:TrackPointExtension>
            <gpxtpx:hr>103</gpxtpx:hr>
          </gpxtpx:TrackPointExtension>
        </extensions>
      </trkpt>
      <trkpt lat="22.740214409712067" lon="113.92969265430112">
        <ele>35.28463017381728</ele>
        <time>2026-09-10T12:16:32.900000Z</time>
        <extensions>
          <gpxtpx:TrackPointExtension>
            <gpxtpx:hr>103</gpxtpx:hr>
          </gpxtpx:TrackPointExtension>
        </extensions>
      </trkpt>
      <trkpt lat="22.740228522276247" lon="113.92970914156932">
        <ele>35.29517876729369</ele>
        <time>2026-09-10T12:16:33.900000Z</time>
        <extensions>
          <gpxtpx:TrackPointExtension>
            <gpxtpx:hr>103</gpxtpx:hr>
          </gpxtpx:TrackPointExtension>
        </extensions>
      </trkpt>
      <trkpt lat="22.740244634944997" lon="113.92972757447592">
        <ele>35.30366937723011</ele>
        <time>2026-09-10T12:16:34.900000Z</time>
        <extensions>
          <gpxtpx:TrackPointExtension>
            <gpxtpx:hr>103</gpxtpx:hr>
          </gpxtpx:TrackPointExtension>
        </extensions>
      </trkpt>
      <trkpt lat="22.740262658122067" lon="113.9297475114038">
        <ele>35.30701071117073</ele>
        <time>2026-09-10T12:16:35.900000Z</time>
        <extensions>
          <gpxtpx:TrackPointExtension>
            <gpxtpx:hr>106</gpxtpx:hr>
          </gpxtpx:TrackPointExtension>
        </extensions>
      </trkpt>
      <trkpt lat="22.740282126342237" lon="113.92976764388565">
        <ele>35.30209526233375</ele>
        <time>2026-09-10T12:16:36.900000Z</time>
        <extensions>
          <gpxtpx:TrackPointExtension>
            <gpxtpx:hr>106</gpxtpx:hr>
          </gpxtpx:TrackPointExtension>
        </extensions>
      </trkpt>
      <trkpt lat="22.740302335859546" lon="113.92978731616718">
        <ele>35.28616666048765</ele>
        <time>2026-09-10T12:16:37.900000Z</time>
        <extensions>
          <gpxtpx:TrackPointExtension>
            <gpxtpx:hr>106</gpxtpx:hr>
          </gpxtpx:TrackPointExtension>
        </extensions>
      </trkpt>
      <trkpt lat="22.740322313412417" lon="113.92980682270661">
        <ele>35.25726248230785</ele>
        <time>2026-09-10T12:16:38.900000Z</time>
        <extensions>
          <gpxtpx:TrackPointExtension>
            <gpxtpx:hr>106</gpxtpx:hr>
          </gpxtpx:TrackPointExtension>
        </extensions>
      </trkpt>
      <trkpt lat="22.740350995861935" lon="113.9298352085771">
        <ele>35.162014813162386</ele>
        <time>2026-09-10T12:16:40.300000Z</time>
        <extensions>
          <gpxtpx:TrackPointExtension>
            <gpxtpx:hr>106</gpxtpx:hr>
          </gpxtpx:TrackPointExtension>
        </extensions>
      </trkpt>
      <trkpt lat="22.740363868752933" lon="113.9298476909422">
        <ele>35.10038392432034</ele>
        <time>2026-09-10T12:16:40.900000Z</time>
        <extensions>
          <gpxtpx:TrackPointExtension>
            <gpxtpx:hr>106</gpxtpx:hr>
          </gpxtpx:TrackPointExtension>
        </extensions>
      </trkpt>
      <trkpt lat="22.74038894917992" lon="113.92987192000525">
        <ele>34.97954580746591</ele>
        <time>2026-09-10T12:16:41.900000Z</time>
        <extensions>
          <gpxtpx:TrackPointExtension>
            <gpxtpx:hr>106</gpxtpx:hr>
          </gpxtpx:TrackPointExtension>
        </extensions>
      </trkpt>
      <trkpt lat="22.740417405806497" lon="113.92990082982169">
        <ele>34.839814737439156</ele>
        <time>2026-09-10T12:16:42.900000Z</time>
        <extensions>
          <gpxtpx:TrackPointExtension>
            <gpxtpx:hr>106</gpxtpx:hr>
          </gpxtpx:TrackPointExtension>
        </extensions>
      </trkpt>
      <trkpt lat="22.740447201745017" lon="113.92993312524001">
        <ele>34.683127337135375</ele>
        <time>2026-09-10T12:16:43.900000Z</time>
        <extensions>
          <gpxtpx:TrackPointExtension>
            <gpxtpx:hr>106</gpxtpx:hr>
          </gpxtpx:TrackPointExtension>
        </extensions>
      </trkpt>
      <trkpt lat="22.74047622873803" lon="113.92996573342849">
        <ele>34.51358255930245</ele>
        <time>2026-09-10T12:16:44.900000Z</time>
        <extensions>
          <gpxtpx:TrackPointExtension>
            <gpxtpx:hr>106</gpxtpx:hr>
          </gpxtpx:TrackPointExtension>
        </extensions>
      </trkpt>
      <trkpt lat="22.740501985338973" lon="113.92999462496515">
        <ele>34.33670394588262</ele>
        <time>2026-09-10T12:16:45.900000Z</time>
        <extensions>
          <gpxtpx:TrackPointExtension>
            <gpxtpx:hr>106</gpxtpx:hr>
          </gpxtpx:TrackPointExtension>
        </extensions>
      </trkpt>
      <trkpt lat="22.740521845397602" lon="113.93001608149724">
        <ele>34.15838862024248</ele>
        <time>2026-09-10T12:16:46.900000Z</time>
        <extensions>
          <gpxtpx:TrackPointExtension>
            <gpxtpx:hr>106</gpxtpx:hr>
          </gpxtpx:TrackPointExtension>
        </extensions>
      </trkpt>
      <trkpt lat="22.74053459850625" lon="113.9300293581035">
        <ele>33.98419592529535</ele>
        <time>2026-09-10T12:16:47.900000Z</time>
        <extensions>
          <gpxtpx:TrackPointExtension>
            <gpxtpx:hr>104</gpxtpx:hr>
          </gpxtpx:TrackPointExtension>
        </extensions>
      </trkpt>
      <trkpt lat="22.740542159342453" lon="113.93003789012452">
        <ele>33.81883295997977</ele>
        <time>2026-09-10T12:16:48.900000Z</time>
        <extensions>
          <gpxtpx:TrackPointExtension>
            <gpxtpx:hr>104</gpxtpx:hr>
          </gpxtpx:TrackPointExtension>
        </extensions>
      </trkpt>
      <trkpt lat="22.74054724948856" lon="113.93004471431995">
        <ele>33.6659042770043</ele>
        <time>2026-09-10T12:16:49.900000Z</time>
        <extensions>
          <gpxtpx:TrackPointExtension>
            <gpxtpx:hr>104</gpxtpx:hr>
          </gpxtpx:TrackPointExtension>
        </extensions>
      </trkpt>
      <trkpt lat="22.740550536532265" lon="113.93004944361853">
        <ele>33.52813420817256</ele>
        <time>2026-09-10T12:16:50.900000Z</time>
        <extensions>
          <gpxtpx:TrackPointExtension>
            <gpxtpx:hr>104</gpxtpx:hr>
          </gpxtpx:TrackPointExtension>
        </extensions>
      </trkpt>
      <trkpt lat="22.740552867850525" lon="113.93005296027522">
        <ele>33.407721855677664</ele>
        <time>2026-09-10T12:16:51.900000Z</time>
        <extensions>
          <gpxtpx:TrackPointExtension>
            <gpxtpx:hr>104</gpxtpx:hr>
          </gpxtpx:TrackPointExtension>
        </extensions>
      </trkpt>
      <trkpt lat="22.74056019354303" lon="113.9300620491998">
        <ele>33.306469921953976</ele>
        <time>2026-09-10T12:16:52.900000Z</time>
        <extensions>
          <gpxtpx:TrackPointExtension>
            <gpxtpx:hr>99</gpxtpx:hr>
          </gpxtpx:TrackPointExtension>
        </extensions>
      </trkpt>
      <trkpt lat="22.740577735228726" lon="113.93008434498454">
        <ele>33.22561932075769</ele>
        <time>2026-09-10T12:16:53.900000Z</time>
        <extensions>
          <gpxtpx:TrackPointExtension>
            <gpxtpx:hr>99</gpxtpx:hr>
          </gpxtpx:TrackPointExtension>
        </extensions>
      </trkpt>
      <trkpt lat="22.740602807450333" lon="113.930120030681">
        <ele>33.16556341946125</ele>
        <time>2026-09-10T12:16:54.900000Z</time>
        <extensions>
          <gpxtpx:TrackPointExtension>
            <gpxtpx:hr>99</gpxtpx:hr>
          </gpxtpx:TrackPointExtension>
        </extensions>
      </trkpt>
      <trkpt lat="22.74062958834937" lon="113.93016090667504">
        <ele>33.12573177181184</ele>
        <time>2026-09-10T12:16:55.900000Z</time>
        <extensions>
          <gpxtpx:TrackPointExtension>
            <gpxtpx:hr>99</gpxtpx:hr>
          </gpxtpx:TrackPointExtension>
        </extensions>
      </trkpt>
      <trkpt lat="22.740655757812974" lon="113.93020106287906">
        <ele>33.10450307838619</ele>
        <time>2026-09-10T12:16:56.900000Z</time>
        <extensions>
          <gpxtpx:TrackPointExtension>
            <gpxtpx:hr>99</gpxtpx:hr>
          </gpxtpx:TrackPointExtension>
        </extensions>
      </trkpt>
      <trkpt lat="22.740682394849568" lon="113.93024134001459">
        <ele>33.09917812887579</ele>
        <time>2026-09-10T12:16:57.900000Z</time>
        <extensions>
          <gpxtpx:TrackPointExtension>
            <gpxtpx:hr>99</gpxtpx:hr>
          </gpxtpx:TrackPointExtension>
        </extensions>
      </trkpt>
      <trkpt lat="22.74070994231513" lon="113.93028195356895">
        <ele>33.10618447326124</ele>
        <time>2026-09-10T12:16:58.900000Z</time>
        <extensions>
          <gpxtpx:TrackPointExtension>
            <gpxtpx:hr>99</gpxtpx:hr>
          </gpxtpx:TrackPointExtension>
        </extensions>
      </trkpt>
      <trkpt lat="22.740737839716967" lon="113.93032223240783">
        <ele>33.12134986091405</ele>
        <time>2026-09-10T12:16:59.900000Z</time>
        <extensions>
          <gpxtpx:TrackPointExtension>
            <gpxtpx:hr>101</gpxtpx:hr>
          </gpxtpx:TrackPointExtension>
        </extensions>
      </trkpt>
      <trkpt lat="22.74076530426882" lon="113.9303620675429">
        <ele>33.14027574006468</ele>
        <time>2026-09-10T12:17:00.900000Z</time>
        <extensions>
          <gpxtpx:TrackPointExtension>
            <gpxtpx:hr>101</gpxtpx:hr>
          </gpxtpx:TrackPointExtension>
        </extensions>
      </trkpt>
      <trkpt lat="22.74079143613458" lon="113.93040094812564">
        <ele>33.15882406756282</ele>
        <time>2026-09-10T12:17:01.900000Z</time>
        <extensions>
          <gpxtpx:TrackPointExtension>
            <gpxtpx:hr>101</gpxtpx:hr>
          </gpxtpx:TrackPointExtension>
        </extensions>
      </trkpt>
      <trkpt lat="22.740815297911684" lon="113.93043785356222">
        <ele>33.17349361628294</ele>
        <time>2026-09-10T12:17:02.900000Z</time>
        <extensions>
          <gpxtpx:TrackPointExtension>
            <gpxtpx:hr>102</gpxtpx:hr>
          </gpxtpx:TrackPointExtension>
        </extensions>
      </trkpt>
      <trkpt lat="22.740836691040638" lon="113.93047235537055">
        <ele>33.18165030423552</ele>
        <time>2026-09-10T12:17:03.900000Z</time>
        <extensions>
          <gpxtpx:TrackPointExtension>
            <gpxtpx:hr>102</gpxtpx:hr>
          </gpxtpx:TrackPointExtension>
        </extensions>
      </trkpt>
      <trkpt lat="22.740855759748676" lon="113.93050506400608">
        <ele>33.18170399591327</ele>
        <time>2026-09-10T12:17:04.900000Z</time>
        <extensions>
          <gpxtpx:TrackPointExtension>
            <gpxtpx:hr>102</gpxtpx:hr>
          </gpxtpx:TrackPointExtension>
        </extensions>
      </trkpt>
      <trkpt lat="22.74087200911823" lon="113.93053638369369">
        <ele>33.17320214770734</ele>
        <time>2026-09-10T12:17:05.900000Z</time>
        <extensions>
          <gpxtpx:TrackPointExtension>
            <gpxtpx:hr>102</gpxtpx:hr>
          </gpxtpx:TrackPointExtension>
        </extensions>
      </trkpt>
      <trkpt lat="22.74088534170034" lon="113.93056719478022">
        <ele>33.15690739545971</ele>
        <time>2026-09-10T12:17:06.900000Z</time>
        <extensions>
          <gpxtpx:TrackPointExtension>
            <gpxtpx:hr>102</gpxtpx:hr>
          </gpxtpx:TrackPointExtension>
        </extensions>
      </trkpt>
      <trkpt lat="22.740895730021236" lon="113.93059877968903">
        <ele>33.13476207759231</ele>
        <time>2026-09-10T12:17:07.900000Z</time>
        <extensions>
          <gpxtpx:TrackPointExtension>
            <gpxtpx:hr>96</gpxtpx:hr>
          </gpxtpx:TrackPointExtension>
        </extensions>
      </trkpt>
      <trkpt lat="22.740902937905336" lon="113.93063061190983">
        <ele>33.109516142867506</ele>
        <time>2026-09-10T12:17:08.900000Z</time>
        <extensions>
          <gpxtpx:TrackPointExtension>
            <gpxtpx:hr>96</gpxtpx:hr>
          </gpxtpx:TrackPointExtension>
        </extensions>
      </trkpt>
      <trkpt lat="22.740907560700233" lon="113.93066247166622">
        <ele>33.084253759123385</ele>
        <time>2026-09-10T12:17:09.900000Z</time>
        <extensions>
          <gpxtpx:TrackPointExtension>
            <gpxtpx:hr>96</gpxtpx:hr>
          </gpxtpx:TrackPointExtension>
        </extensions>
      </trkpt>
      <trkpt lat="22.740910142184255" lon="113.93069552486837">
        <ele>33.062007958069444</ele>
        <time>2026-09-10T12:17:10.900000Z</time>
        <extensions>
          <gpxtpx:TrackPointExtension>
            <gpxtpx:hr>96</gpxtpx:hr>
          </gpxtpx:TrackPointExtension>
        </extensions>
      </trkpt>
      <trkpt lat="22.740910021208112" lon="113.93072947794897">
        <ele>33.04536054376513</ele>
        <time>2026-09-10T12:17:11.900000Z</time>
        <extensions>
          <gpxtpx:TrackPointExtension>
            <gpxtpx:hr>96</gpxtpx:hr>
          </gpxtpx:TrackPointExtension>
        </extensions>
      </trkpt>
      <trkpt lat="22.74090582641546" lon="113.93076356670659">
        <ele>33.036121141165495</ele>
        <time>2026-09-10T12:17:12.900000Z</time>
        <extensions>
          <gpxtpx:TrackPointExtension>
            <gpxtpx:hr>96</gpxtpx:hr>
          </gpxtpx:TrackPointExtension>
        </extensions>
      </trkpt>
      <trkpt lat="22.740897591958454" lon="113.93079690818007">
        <ele>33.035201052203774</ele>
        <time>2026-09-10T12:17:13.900000Z</time>
        <extensions>
          <gpxtpx:TrackPointExtension>
            <gpxtpx:hr>96</gpxtpx:hr>
          </gpxtpx:TrackPointExtension>
        </extensions>
      </trkpt>
      <trkpt lat="22.740886168007517" lon="113.93082883909798">
        <ele>33.04256002046168</ele>
        <time>2026-09-10T12:17:14.900000Z</time>
        <extensions>
          <gpxtpx:TrackPointExtension>
            <gpxtpx:hr>95</gpxtpx:hr>
          </gpxtpx:TrackPointExtension>
        </extensions>
      </trkpt>
      <trkpt lat="22.740871791259295" lon="113.93085973647146">
        <ele>33.05727317649871</ele>
        <time>2026-09-10T12:17:15.900000Z</time>
        <extensions>
          <gpxtpx:TrackPointExtension>
            <gpxtpx:hr>95</gpxtpx:hr>
          </gpxtpx:TrackPointExtension>
        </extensions>
      </trkpt>
      <trkpt lat="22.740853840113076" lon="113.93089043164119">
        <ele>33.0777643462643</ele>
        <time>2026-09-10T12:17:16.900000Z</time>
        <extensions>
          <gpxtpx:TrackPointExtension>
            <gpxtpx:hr>95</gpxtpx:hr>
          </gpxtpx:TrackPointExtension>
        </extensions>
      </trkpt>
      <trkpt lat="22.74083208868292" lon="113.93092175727757">
        <ele>33.102088450454175</ele>
        <time>2026-09-10T12:17:17.900000Z</time>
        <extensions>
          <gpxtpx:TrackPointExtension>
            <gpxtpx:hr>95</gpxtpx:hr>
          </gpxtpx:TrackPointExtension>
        </extensions>
      </trkpt>
      <trkpt lat="22.74080819951901" lon="113.93095364181833">
        <ele>33.12829287163913</ele>
        <time>2026-09-10T12:17:18.900000Z</time>
        <extensions>
          <gpxtpx:TrackPointExtension>
            <gpxtpx:hr>95</gpxtpx:hr>
          </gpxtpx:TrackPointExtension>
        </extensions>
      </trkpt>
      <trkpt lat="22.740783683623064" lon="113.93098601913144">
        <ele>33.15478430595249</ele>
        <time>2026-09-10T12:17:19.900000Z</time>
        <extensions>
          <gpxtpx:TrackPointExtension>
            <gpxtpx:hr>95</gpxtpx:hr>
          </gpxtpx:TrackPointExtension>
        </extensions>
      </trkpt>
      <trkpt lat="22.74075919520248" lon="113.93101894458434">
        <ele>33.18046314269304</ele>
        <time>2026-09-10T12:17:20.900000Z</time>
        <extensions>
          <gpxtpx:TrackPointExtension>
            <gpxtpx:hr>95</gpxtpx:hr>
          </gpxtpx:TrackPointExtension>
        </extensions>
      </trkpt>
      <trkpt lat="22.74073590367451" lon="113.93105146128654">
        <ele>33.20458350516856</ele>
        <time>2026-09-10T12:17:21.900000Z</time>
        <extensions>
          <gpxtpx:TrackPointExtension>
            <gpxtpx:hr>95</gpxtpx:hr>
          </gpxtpx:TrackPointExtension>
        </extensions>
      </trkpt>
      <trkpt lat="22.740713238690734" lon="113.93108311389351">
        <ele>33.226580480113626</ele>
        <time>2026-09-10T12:17:22.900000Z</time>
        <extensions>
          <gpxtpx:TrackPointExtension>
            <gpxtpx:hr>97</gpxtpx:hr>
          </gpxtpx:TrackPointExtension>
        </extensions>
      </trkpt>
      <trkpt lat="22.740689626105155" lon="113.931114516466">
        <ele>33.246052767150104</ele>
        <time>2026-09-10T12:17:23.900000Z</time>
        <extensions>
          <gpxtpx:TrackPointExtension>
            <gpxtpx:hr>97</gpxtpx:hr>
          </gpxtpx:TrackPointExtension>
        </extensions>
      </trkpt>
      <trkpt lat="22.740665368901347" lon="113.931145424778">
        <ele>33.262847604230046</ele>
        <time>2026-09-10T12:17:24.900000Z</time>
        <extensions>
          <gpxtpx:TrackPointExtension>
            <gpxtpx:hr>97</gpxtpx:hr>
          </gpxtpx:TrackPointExtension>
        </extensions>
      </trkpt>
      <trkpt lat="22.740640727827046" lon="113.9311756878778">
        <ele>33.27705182693899</ele>
        <time>2026-09-10T12:17:25.900000Z</time>
        <extensions>
          <gpxtpx:TrackPointExtension>
            <gpxtpx:hr>98</gpxtpx:hr>
          </gpxtpx:TrackPointExtension>
        </extensions>
      </trkpt>
      <trkpt lat="22.74061591069304" lon="113.93120582521367">
        <ele>33.28878915309906</ele>
        <time>2026-09-10T12:17:26.900000Z</time>
        <extensions>
          <gpxtpx:TrackPointExtension>
            <gpxtpx:hr>98</gpxtpx:hr>
          </gpxtpx:TrackPointExtension>
        </extensions>
      </trkpt>
      <trkpt lat="22.740591229875207" lon="113.93123634167218">
        <ele>33.29801305755973</ele>
        <time>2026-09-10T12:17:27.900000Z</time>
        <extensions>
          <gpxtpx:TrackPointExtension>
            <gpxtpx:hr>98</gpxtpx:hr>
          </gpxtpx:TrackPointExtension>
        </extensions>
      </trkpt>
      <trkpt lat="22.74056675999055" lon="113.93126760667968">
        <ele>33.304479827173054</ele>
        <time>2026-09-10T12:17:28.900000Z</time>
        <extensions>
          <gpxtpx:TrackPointExtension>
            <gpxtpx:hr>98</gpxtpx:hr>
          </gpxtpx:TrackPointExtension>
        </extensions>
      </trkpt>
      <trkpt lat="22.74054277117968" lon="113.93129863609605">
        <ele>33.30786297656596</ele>
        <time>2026-09-10T12:17:29.900000Z</time>
        <extensions>
          <gpxtpx:TrackPointExtension>
            <gpxtpx:hr>98</gpxtpx:hr>
          </gpxtpx:TrackPointExtension>
        </extensions>
      </trkpt>
      <trkpt lat="22.740519033938636" lon="113.93132854024141">
        <ele>33.307863655500114</ele>
        <time>2026-09-10T12:17:30.900000Z</time>
        <extensions>
          <gpxtpx:TrackPointExtension>
            <gpxtpx:hr>98</gpxtpx:hr>
          </gpxtpx:TrackPointExtension>
        </extensions>
      </trkpt>
      <trkpt lat="22.740494816648418" lon="113.93135834470469">
        <ele>33.304247414693236</ele>
        <time>2026-09-10T12:17:31.900000Z</time>
        <extensions>
          <gpxtpx:TrackPointExtension>
            <gpxtpx:hr>102</gpxtpx:hr>
          </gpxtpx:TrackPointExtension>
        </extensions>
      </trkpt>
      <trkpt lat="22.740469521989073" lon="113.93138900326554">
        <ele>33.2968476973474</ele>
        <time>2026-09-10T12:17:32.900000Z</time>
        <extensions>
          <gpxtpx:TrackPointExtension>
            <gpxtpx:hr>102</gpxtpx:hr>
          </gpxtpx:TrackPointExtension>
        </extensions>
      </trkpt>
      <trkpt lat="22.740443070542625" lon="113.93142047111952">
        <ele>33.285528858192265</ele>
        <time>2026-09-10T12:17:33.900000Z</time>
        <extensions>
          <gpxtpx:TrackPointExtension>
            <gpxtpx:hr>102</gpxtpx:hr>
          </gpxtpx:TrackPointExtension>
        </extensions>
      </trkpt>
      <trkpt lat="22.740416024922368" lon="113.93145255185253">
        <ele>33.27012145426124</ele>
        <time>2026-09-10T12:17:34.900000Z</time>
        <extensions>
          <gpxtpx:TrackPointExtension>
            <gpxtpx:hr>102</gpxtpx:hr>
          </gpxtpx:TrackPointExtension>
        </extensions>
      </trkpt>
      <trkpt lat="22.740388493021978" lon="113.93148570567948">
        <ele>33.250426303595304</ele>
        <time>2026-09-10T12:17:35.900000Z</time>
        <extensions>
          <gpxtpx:TrackPointExtension>
            <gpxtpx:hr>102</gpxtpx:hr>
          </gpxtpx:TrackPointExtension>
        </extensions>
      </trkpt>
      <trkpt lat="22.740360188239908" lon="113.93152007461255">
        <ele>33.22634291741997</ele>
        <time>2026-09-10T12:17:36.900000Z</time>
        <extensions>
          <gpxtpx:TrackPointExtension>
            <gpxtpx:hr>102</gpxtpx:hr>
          </gpxtpx:TrackPointExtension>
        </extensions>
      </trkpt>
      <trkpt lat="22.74033137521219" lon="113.93155485926701">
        <ele>33.198050225153565</ele>
        <time>2026-09-10T12:17:37.900000Z</time>
        <extensions>
          <gpxtpx:TrackPointExtension>
            <gpxtpx:hr>102</gpxtpx:hr>
          </gpxtpx:TrackPointExtension>
        </extensions>
      </trkpt>
      <trkpt lat="22.740302232989634" lon="113.93158897359116">
        <ele>33.166095099411905</ele>
        <time>2026-09-10T12:17:38.900000Z</time>
        <extensions>
          <gpxtpx:TrackPointExtension>
            <gpxtpx:hr>106</gpxtpx:hr>
          </gpxtpx:TrackPointExtension>
        </extensions>
      </trkpt>
      <trkpt lat="22.74027294289374" lon="113.93162174868606">
        <ele>33.13138490635902</ele>
        <time>2026-09-10T12:17:39.900000Z</time>
        <extensions>
          <gpxtpx:TrackPointExtension>
            <gpxtpx:hr>106</gpxtpx:hr>
          </gpxtpx:TrackPointExtension>
        </extensions>
      </trkpt>
      <trkpt lat="22.740243699278313" lon="113.93165337780395">
        <ele>33.09510510135442</ele>
        <time>2026-09-10T12:17:40.900000Z</time>
        <extensions>
          <gpxtpx:TrackPointExtension>
            <gpxtpx:hr>106</gpxtpx:hr>
          </gpxtpx:TrackPointExtension>
        </extensions>
      </trkpt>
      <trkpt lat="22.740214197408662" lon="113.93168412748864">
        <ele>33.058489948511124</ele>
        <time>2026-09-10T12:17:41.900000Z</time>
        <extensions>
          <gpxtpx:TrackPointExtension>
            <gpxtpx:hr>106</gpxtpx:hr>
          </gpxtpx:TrackPointExtension>
        </extensions>
      </trkpt>
      <trkpt lat="22.74018417406796" lon="113.93171404289876">
        <ele>33.02254925481975</ele>
        <time>2026-09-10T12:17:42.900000Z</time>
        <extensions>
          <gpxtpx:TrackPointExtension>
            <gpxtpx:hr>106</gpxtpx:hr>
          </gpxtpx:TrackPointExtension>
        </extensions>
      </trkpt>
      <trkpt lat="22.74015374199569" lon="113.93174305184516">
        <ele>32.987935001030564</ele>
        <time>2026-09-10T12:17:43.900000Z</time>
        <extensions>
          <gpxtpx:TrackPointExtension>
            <gpxtpx:hr>106</gpxtpx:hr>
          </gpxtpx:TrackPointExtension>
        </extensions>
      </trkpt>
      <trkpt lat="22.740123373109455" lon="113.93177139137302">
        <ele>32.954948854632676</ele>
        <time>2026-09-10T12:17:44.900000Z</time>
        <extensions>
          <gpxtpx:TrackPointExtension>
            <gpxtpx:hr>106</gpxtpx:hr>
          </gpxtpx:TrackPointExtension>
        </extensions>
      </trkpt>
      <trkpt lat="22.740094072895197" lon="113.93179954299691">
        <ele>32.92360431980342</ele>
        <time>2026-09-10T12:17:45.900000Z</time>
        <extensions>
          <gpxtpx:TrackPointExtension>
            <gpxtpx:hr>106</gpxtpx:hr>
          </gpxtpx:TrackPointExtension>
        </extensions>
      </trkpt>
      <trkpt lat="22.740067223189474" lon="113.93182755047404">
        <ele>32.893723253160715</ele>
        <time>2026-09-10T12:17:46.900000Z</time>
        <extensions>
          <gpxtpx:TrackPointExtension>
            <gpxtpx:hr>106</gpxtpx:hr>
          </gpxtpx:TrackPointExtension>
        </extensions>
      </trkpt>
      <trkpt lat="22.74004160116958" lon="113.93185666484176">
        <ele>32.865047260187566</ele>
        <time>2026-09-10T12:17:47.900000Z</time>
        <extensions>
          <gpxtpx:TrackPointExtension>
            <gpxtpx:hr>107</gpxtpx:hr>
          </gpxtpx:TrackPointExtension>
        </extensions>
      </trkpt>
      <trkpt lat="22.740014887541342" lon="113.93188736341396">
        <ele>32.83735536132008</ele>
        <time>2026-09-10T12:17:48.900000Z</time>
        <extensions>
          <gpxtpx:TrackPointExtension>
            <gpxtpx:hr>107</gpxtpx:hr>
          </gpxtpx:TrackPointExtension>
        </extensions>
      </trkpt>
      <trkpt lat="22.739987022491626" lon="113.93191782143568">
        <ele>32.81060463003814</ele>
        <time>2026-09-10T12:17:49.900000Z</time>
        <extensions>
          <gpxtpx:TrackPointExtension>
            <gpxtpx:hr>107</gpxtpx:hr>
          </gpxtpx:TrackPointExtension>
        </extensions>
      </trkpt>
      <trkpt lat="22.739958012983433" lon="113.9319477644767">
        <ele>32.78494364861399</ele>
        <time>2026-09-10T12:17:50.900000Z</time>
        <extensions>
          <gpxtpx:TrackPointExtension>
            <gpxtpx:hr>107</gpxtpx:hr>
          </gpxtpx:TrackPointExtension>
        </extensions>
      </trkpt>
      <trkpt lat="22.739927973512273" lon="113.93197807899635">
        <ele>32.760389314964414</ele>
        <time>2026-09-10T12:17:51.900000Z</time>
        <extensions>
          <gpxtpx:TrackPointExtension>
            <gpxtpx:hr>107</gpxtpx:hr>
          </gpxtpx:TrackPointExtension>
        </extensions>
      </trkpt>
      <trkpt lat="22.73989816456134" lon="113.93200878541234">
        <ele>32.736293725669384</ele>
        <time>2026-09-10T12:17:52.900000Z</time>
        <extensions>
          <gpxtpx:TrackPointExtension>
            <gpxtpx:hr>107</gpxtpx:hr>
          </gpxtpx:TrackPointExtension>
        </extensions>
      </trkpt>
      <trkpt lat="22.739868956074115" lon="113.93203994957258">
        <ele>32.71108179818839</ele>
        <time>2026-09-10T12:17:53.900000Z</time>
        <extensions>
          <gpxtpx:TrackPointExtension>
            <gpxtpx:hr>107</gpxtpx:hr>
          </gpxtpx:TrackPointExtension>
        </extensions>
      </trkpt>
      <trkpt lat="22.739839877449302" lon="113.9320716299463">
        <ele>32.682509645819664</ele>
        <time>2026-09-10T12:17:54.900000Z</time>
        <extensions>
          <gpxtpx:TrackPointExtension>
            <gpxtpx:hr>107</gpxtpx:hr>
          </gpxtpx:TrackPointExtension>
        </extensions>
      </trkpt>
      <trkpt lat="22.73981084680594" lon="113.93210306375968">
        <ele>32.6481551900506</ele>
        <time>2026-09-10T12:17:55.900000Z</time>
        <extensions>
          <gpxtpx:TrackPointExtension>
            <gpxtpx:hr>107</gpxtpx:hr>
          </gpxtpx:TrackPointExtension>
        </extensions>
      </trkpt>
      <trkpt lat="22.739781580244056" lon="113.93213343336782">
        <ele>32.605950959958136</ele>
        <time>2026-09-10T12:17:56.900000Z</time>
        <extensions>
          <gpxtpx:TrackPointExtension>
            <gpxtpx:hr>107</gpxtpx:hr>
          </gpxtpx:TrackPointExtension>
        </extensions>
      </trkpt>
      <trkpt lat="22.73975178762703" lon="113.9321618564705">
        <ele>32.55481917690486</ele>
        <time>2026-09-10T12:17:57.900000Z</time>
        <extensions>
          <gpxtpx:TrackPointExtension>
            <gpxtpx:hr>107</gpxtpx:hr>
          </gpxtpx:TrackPointExtension>
        </extensions>
      </trkpt>
      <trkpt lat="22.739721749483834" lon="113.93218691531118">
        <ele>32.49510368704796</ele>
        <time>2026-09-10T12:17:58.900000Z</time>
        <extensions>
          <gpxtpx:TrackPointExtension>
            <gpxtpx:hr>107</gpxtpx:hr>
          </gpxtpx:TrackPointExtension>
        </extensions>
      </trkpt>
      <trkpt lat="22.739691814975597" lon="113.93220919237473">
        <ele>32.42853072565049</ele>
        <time>2026-09-10T12:17:59.900000Z</time>
        <extensions>
          <gpxtpx:TrackPointExtension>
            <gpxtpx:hr>107</gpxtpx:hr>
          </gpxtpx:TrackPointExtension>
        </extensions>
      </trkpt>
      <trkpt lat="22.73966189255853" lon="113.9322309713204">
        <ele>32.35793968196958</ele>
        <time>2026-09-10T12:18:00.900000Z</time>
        <extensions>
          <gpxtpx:TrackPointExtension>
            <gpxtpx:hr>107</gpxtpx:hr>
          </gpxtpx:TrackPointExtension>
        </extensions>
      </trkpt>
      <trkpt lat="22.739631404236256" lon="113.93225315008704">
        <ele>32.286799603141844</ele>
        <time>2026-09-10T12:18:01.900000Z</time>
        <extensions>
          <gpxtpx:TrackPointExtension>
            <gpxtpx:hr>107</gpxtpx:hr>
          </gpxtpx:TrackPointExtension>
        </extensions>
      </trkpt>
      <trkpt lat="22.739600193918402" lon="113.93227548855305">
        <ele>32.21843789331615</ele>
        <time>2026-09-10T12:18:02.900000Z</time>
        <extensions>
          <gpxtpx:TrackPointExtension>
            <gpxtpx:hr>103</gpxtpx:hr>
          </gpxtpx:TrackPointExtension>
        </extensions>
      </trkpt>
      <trkpt lat="22.739569411683235" lon="113.93229751291318">
        <ele>32.15537763014436</ele>
        <time>2026-09-10T12:18:03.900000Z</time>
        <extensions>
          <gpxtpx:TrackPointExtension>
            <gpxtpx:hr>103</gpxtpx:hr>
          </gpxtpx:TrackPointExtension>
        </extensions>
      </trkpt>
      <trkpt lat="22.739539774427392" lon="113.93231968207782">
        <ele>32.09902633819729</ele>
        <time>2026-09-10T12:18:04.900000Z</time>
        <extensions>
          <gpxtpx:TrackPointExtension>
            <gpxtpx:hr>103</gpxtpx:hr>
          </gpxtpx:TrackPointExtension>
        </extensions>
      </trkpt>
      <trkpt lat="22.739511225630952" lon="113.9323421492752">
        <ele>32.049550105817616</ele>
        <time>2026-09-10T12:18:05.900000Z</time>
        <extensions>
          <gpxtpx:TrackPointExtension>
            <gpxtpx:hr>103</gpxtpx:hr>
          </gpxtpx:TrackPointExtension>
        </extensions>
      </trkpt>
      <trkpt lat="22.73948410243135" lon="113.93236353046375">
        <ele>32.00599573086947</ele>
        <time>2026-09-10T12:18:06.900000Z</time>
        <extensions>
          <gpxtpx:TrackPointExtension>
            <gpxtpx:hr>103</gpxtpx:hr>
          </gpxtpx:TrackPointExtension>
        </extensions>
      </trkpt>
      <trkpt lat="22.739457051638702" lon="113.93238367534563">
        <ele>31.96669708378613</ele>
        <time>2026-09-10T12:18:07.900000Z</time>
        <extensions>
          <gpxtpx:TrackPointExtension>
            <gpxtpx:hr>103</gpxtpx:hr>
          </gpxtpx:TrackPointExtension>
        </extensions>
      </trkpt>
      <trkpt lat="22.73942923114148" lon="113.9324037814968">
        <ele>31.929718032479286</ele>
        <time>2026-09-10T12:18:08.900000Z</time>
        <extensions>
          <gpxtpx:TrackPointExtension>
            <gpxtpx:hr>103</gpxtpx:hr>
          </gpxtpx:TrackPointExtension>
        </extensions>
      </trkpt>
      <trkpt lat="22.73940182302096" lon="113.93242430891283">
        <ele>31.89326509553939</ele>
        <time>2026-09-10T12:18:09.900000Z</time>
        <extensions>
          <gpxtpx:TrackPointExtension>
            <gpxtpx:hr>103</gpxtpx:hr>
          </gpxtpx:TrackPointExtension>
        </extensions>
      </trkpt>
      <trkpt lat="22.73937582997242" lon="113.93244384296736">
        <ele>31.85607192479074</ele>
        <time>2026-09-10T12:18:10.900000Z</time>
        <extensions>
          <gpxtpx:TrackPointExtension>
            <gpxtpx:hr>103</gpxtpx:hr>
          </gpxtpx:TrackPointExtension>
        </extensions>
      </trkpt>
      <trkpt lat="22.739351869901697" lon="113.93246086634933">
        <ele>31.81766925472766</ele>
        <time>2026-09-10T12:18:11.900000Z</time>
        <extensions>
          <gpxtpx:TrackPointExtension>
            <gpxtpx:hr>103</gpxtpx:hr>
          </gpxtpx:TrackPointExtension>
        </extensions>
      </trkpt>
      <trkpt lat="22.739329775697094" lon="113.93247550228304">
        <ele>31.77855881676078</ele>
        <time>2026-09-10T12:18:12.900000Z</time>
        <extensions>
          <gpxtpx:TrackPointExtension>
            <gpxtpx:hr>103</gpxtpx:hr>
          </gpxtpx:TrackPointExtension>
        </extensions>
      </trkpt>
      <trkpt lat="22.73930946908757" lon="113.93248855334309">
        <ele>31.740241455845535</ele>
        <time>2026-09-10T12:18:13.900000Z</time>
        <extensions>
          <gpxtpx:TrackPointExtension>
            <gpxtpx:hr>103</gpxtpx:hr>
          </gpxtpx:TrackPointExtension>
        </extensions>
      </trkpt>
      <trkpt lat="22.73929079638336" lon="113.93250080373491">
        <ele>31.704935592599213</ele>
        <time>2026-09-10T12:18:14.900000Z</time>
        <extensions>
          <gpxtpx:TrackPointExtension>
            <gpxtpx:hr>103</gpxtpx:hr>
          </gpxtpx:TrackPointExtension>
        </extensions>
      </trkpt>
      <trkpt lat="22.739273258386067" lon="113.93251224783181">
        <ele>31.675097787752748</ele>
        <time>2026-09-10T12:18:15.900000Z</time>
        <extensions>
          <gpxtpx:TrackPointExtension>
            <gpxtpx:hr>103</gpxtpx:hr>
          </gpxtpx:TrackPointExtension>
        </extensions>
      </trkpt>
      <trkpt lat="22.73925597608208" lon="113.93252208595787">
        <ele>31.652977956458926</ele>
        <time>2026-09-10T12:18:16.900000Z</time>
        <extensions>
          <gpxtpx:TrackPointExtension>
            <gpxtpx:hr>103</gpxtpx:hr>
          </gpxtpx:TrackPointExtension>
        </extensions>
      </trkpt>
      <trkpt lat="22.7392382906345" lon="113.93252973507103">
        <ele>31.64020421076566</ele>
        <time>2026-09-10T12:18:17.900000Z</time>
        <extensions>
          <gpxtpx:TrackPointExtension>
            <gpxtpx:hr>97</gpxtpx:hr>
          </gpxtpx:TrackPointExtension>
        </extensions>
      </trkpt>
      <trkpt lat="22.73922073821215" lon="113.93253598588471">
        <ele>31.637464777566493</ele>
        <time>2026-09-10T12:18:18.900000Z</time>
        <extensions>
          <gpxtpx:TrackPointExtension>
            <gpxtpx:hr>97</gpxtpx:hr>
          </gpxtpx:TrackPointExtension>
        </extensions>
      </trkpt>
      <trkpt lat="22.739203938499855" lon="113.93254330550589">
        <ele>31.644501353614032</ele>
        <time>2026-09-10T12:18:19.900000Z</time>
        <extensions>
          <gpxtpx:TrackPointExtension>
            <gpxtpx:hr>97</gpxtpx:hr>
          </gpxtpx:TrackPointExtension>
        </extensions>
      </trkpt>
      <trkpt lat="22.73918681909281" lon="113.93255388854104">
        <ele>31.660275587812066</ele>
        <time>2026-09-10T12:18:20.900000Z</time>
        <extensions>
          <gpxtpx:TrackPointExtension>
            <gpxtpx:hr>97</gpxtpx:hr>
          </gpxtpx:TrackPointExtension>
        </extensions>
      </trkpt>
      <trkpt lat="22.739169632783092" lon="113.93256725393586">
        <ele>31.683166942559183</ele>
        <time>2026-09-10T12:18:21.900000Z</time>
        <extensions>
          <gpxtpx:TrackPointExtension>
            <gpxtpx:hr>97</gpxtpx:hr>
          </gpxtpx:TrackPointExtension>
        </extensions>
      </trkpt>
      <trkpt lat="22.73915332293557" lon="113.93258226188453">
        <ele>31.711268288083375</ele>
        <time>2026-09-10T12:18:22.900000Z</time>
        <extensions>
          <gpxtpx:TrackPointExtension>
            <gpxtpx:hr>97</gpxtpx:hr>
          </gpxtpx:TrackPointExtension>
        </extensions>
      </trkpt>
      <trkpt lat="22.739136589011952" lon="113.93259807187785">
        <ele>31.742674864828587</ele>
        <time>2026-09-10T12:18:23.900000Z</time>
        <extensions>
          <gpxtpx:TrackPointExtension>
            <gpxtpx:hr>97</gpxtpx:hr>
          </gpxtpx:TrackPointExtension>
        </extensions>
      </trkpt>
      <trkpt lat="22.739117845908662" lon="113.93261428569889">
        <ele>31.775714330375195</ele>
        <time>2026-09-10T12:18:24.900000Z</time>
        <extensions>
          <gpxtpx:TrackPointExtension>
            <gpxtpx:hr>98</gpxtpx:hr>
          </gpxtpx:TrackPointExtension>
        </extensions>
      </trkpt>
      <trkpt lat="22.739097668490928" lon="113.93263139105919">
        <ele>31.809161429293454</ele>
        <time>2026-09-10T12:18:25.900000Z</time>
        <extensions>
          <gpxtpx:TrackPointExtension>
            <gpxtpx:hr>98</gpxtpx:hr>
          </gpxtpx:TrackPointExtension>
        </extensions>
      </trkpt>
      <trkpt lat="22.739075983236066" lon="113.9326502124235">
        <ele>31.842345159500837</ele>
        <time>2026-09-10T12:18:26.900000Z</time>
        <extensions>
          <gpxtpx:TrackPointExtension>
            <gpxtpx:hr>98</gpxtpx:hr>
          </gpxtpx:TrackPointExtension>
        </extensions>
      </trkpt>
      <trkpt lat="22.739052124419263" lon="113.93267113080744">
        <ele>31.875076504424214</ele>
        <time>2026-09-10T12:18:27.900000Z</time>
        <extensions>
          <gpxtpx:TrackPointExtension>
            <gpxtpx:hr>99</gpxtpx:hr>
          </gpxtpx:TrackPointExtension>
        </extensions>
      </trkpt>
      <trkpt lat="22.739028082774396" lon="113.9326929881915">
        <ele>31.907489901408553</ele>
        <time>2026-09-10T12:18:28.900000Z</time>
        <extensions>
          <gpxtpx:TrackPointExtension>
            <gpxtpx:hr>99</gpxtpx:hr>
          </gpxtpx:TrackPointExtension>
        </extensions>
      </trkpt>
      <trkpt lat="22.739005814442613" lon="113.93271491394034">
        <ele>31.93984156101942</ele>
        <time>2026-09-10T12:18:29.900000Z</time>
        <extensions>
          <gpxtpx:TrackPointExtension>
            <gpxtpx:hr>99</gpxtpx:hr>
          </gpxtpx:TrackPointExtension>
        </extensions>
      </trkpt>
      <trkpt lat="22.7389846348337" lon="113.93273724875323">
        <ele>31.97224768064916</ele>
        <time>2026-09-10T12:18:30.900000Z</time>
        <extensions>
          <gpxtpx:TrackPointExtension>
            <gpxtpx:hr>99</gpxtpx:hr>
          </gpxtpx:TrackPointExtension>
        </extensions>
      </trkpt>
      <trkpt lat="22.738962827606656" lon="113.93276034649755">
        <ele>32.00450949277729</ele>
        <time>2026-09-10T12:18:31.900000Z</time>
        <extensions>
          <gpxtpx:TrackPointExtension>
            <gpxtpx:hr>104</gpxtpx:hr>
          </gpxtpx:TrackPointExtension>
        </extensions>
      </trkpt>
      <trkpt lat="22.73894032675528" lon="113.93278409387462">
        <ele>32.03615791909397</ele>
        <time>2026-09-10T12:18:32.900000Z</time>
        <extensions>
          <gpxtpx:TrackPointExtension>
            <gpxtpx:hr>104</gpxtpx:hr>
          </gpxtpx:TrackPointExtension>
        </extensions>
      </trkpt>
      <trkpt lat="22.73891758710147" lon="113.93280805120555">
        <ele>32.06660545896739</ele>
        <time>2026-09-10T12:18:33.900000Z</time>
        <extensions>
          <gpxtpx:TrackPointExtension>
            <gpxtpx:hr>104</gpxtpx:hr>
          </gpxtpx:TrackPointExtension>
        </extensions>
      </trkpt>
      <trkpt lat="22.73889518619038" lon="113.93283187413532">
        <ele>32.09529434610158</ele>
        <time>2026-09-10T12:18:34.900000Z</time>
        <extensions>
          <gpxtpx:TrackPointExtension>
            <gpxtpx:hr>104</gpxtpx:hr>
          </gpxtpx:TrackPointExtension>
        </extensions>
      </trkpt>
      <trkpt lat="22.738872947937985" lon="113.93285546996184">
        <ele>32.12186367250979</ele>
        <time>2026-09-10T12:18:35.900000Z</time>
        <extensions>
          <gpxtpx:TrackPointExtension>
            <gpxtpx:hr>104</gpxtpx:hr>
          </gpxtpx:TrackPointExtension>
        </extensions>
      </trkpt>
      <trkpt lat="22.73884994671461" lon="113.93287898749475">
        <ele>32.14627414755523</ele>
        <time>2026-09-10T12:18:36.900000Z</time>
        <extensions>
          <gpxtpx:TrackPointExtension>
            <gpxtpx:hr>104</gpxtpx:hr>
          </gpxtpx:TrackPointExtension>
        </extensions>
      </trkpt>
      <trkpt lat="22.7388260664517" lon="113.9329025552178">
        <ele>32.168833158910275</ele>
        <time>2026-09-10T12:18:37.900000Z</time>
        <extensions>
          <gpxtpx:TrackPointExtension>
            <gpxtpx:hr>104</gpxtpx:hr>
          </gpxtpx:TrackPointExtension>
        </extensions>
      </trkpt>
      <trkpt lat="22.738801852589948" lon="113.93292610666941">
        <ele>32.190129979513586</ele>
        <time>2026-09-10T12:18:38.900000Z</time>
        <extensions>
          <gpxtpx:TrackPointExtension>
            <gpxtpx:hr>104</gpxtpx:hr>
          </gpxtpx:TrackPointExtension>
        </extensions>
      </trkpt>
      <trkpt lat="22.738777564337028" lon="113.93294973473525">
        <ele>32.21086559072137</ele>
        <time>2026-09-10T12:18:39.900000Z</time>
        <extensions>
          <gpxtpx:TrackPointExtension>
            <gpxtpx:hr>104</gpxtpx:hr>
          </gpxtpx:TrackPointExtension>
        </extensions>
      </trkpt>
      <trkpt lat="22.738753023504927" lon="113.93297391015594">
        <ele>32.231514528393745</ele>
        <time>2026-09-10T12:18:40.900000Z</time>
        <extensions>
          <gpxtpx:TrackPointExtension>
            <gpxtpx:hr>106</gpxtpx:hr>
          </gpxtpx:TrackPointExtension>
        </extensions>
      </trkpt>
      <trkpt lat="22.73872871338388" lon="113.93299880743795">
        <ele>32.25196030177176</ele>
        <time>2026-09-10T12:18:41.900000Z</time>
        <extensions>
          <gpxtpx:TrackPointExtension>
            <gpxtpx:hr>106</gpxtpx:hr>
          </gpxtpx:TrackPointExtension>
        </extensions>
      </trkpt>
      <trkpt lat="22.738704792795964" lon="113.93302343423409">
        <ele>32.27122060395777</ele>
        <time>2026-09-10T12:18:42.900000Z</time>
        <extensions>
          <gpxtpx:TrackPointExtension>
            <gpxtpx:hr>106</gpxtpx:hr>
          </gpxtpx:TrackPointExtension>
        </extensions>
      </trkpt>
      <trkpt lat="22.738680268790382" lon="113.93304738664993">
        <ele>32.28722845483571</ele>
        <time>2026-09-10T12:18:43.900000Z</time>
        <extensions>
          <gpxtpx:TrackPointExtension>
            <gpxtpx:hr>106</gpxtpx:hr>
          </gpxtpx:TrackPointExtension>
        </extensions>
      </trkpt>
      <trkpt lat="22.738654930162124" lon="113.93307177651738">
        <ele>32.29671840928495</ele>
        <time>2026-09-10T12:18:44.900000Z</time>
        <extensions>
          <gpxtpx:TrackPointExtension>
            <gpxtpx:hr>106</gpxtpx:hr>
          </gpxtpx:TrackPointExtension>
        </extensions>
      </trkpt>
      <trkpt lat="22.738628971068906" lon="113.93309724550741">
        <ele>32.29530098196119</ele>
        <time>2026-09-10T12:18:45.900000Z</time>
        <extensions>
          <gpxtpx:TrackPointExtension>
            <gpxtpx:hr>106</gpxtpx:hr>
          </gpxtpx:TrackPointExtension>
        </extensions>
      </trkpt>
      <trkpt lat="22.738602911021886" lon="113.93312348691276">
        <ele>32.27772634383291</ele>
        <time>2026-09-10T12:18:46.900000Z</time>
        <extensions>
          <gpxtpx:TrackPointExtension>
            <gpxtpx:hr>106</gpxtpx:hr>
          </gpxtpx:TrackPointExtension>
        </extensions>
      </trkpt>
      <trkpt lat="22.73857822716066" lon="113.93314960268104">
        <ele>32.23842884413898</ele>
        <time>2026-09-10T12:18:47.900000Z</time>
        <extensions>
          <gpxtpx:TrackPointExtension>
            <gpxtpx:hr>111</gpxtpx:hr>
          </gpxtpx:TrackPointExtension>
        </extensions>
      </trkpt>
      <trkpt lat="22.73855490771057" lon="113.93317513775092">
        <ele>32.17246066220105</ele>
        <time>2026-09-10T12:18:48.900000Z</time>
        <extensions>
          <gpxtpx:TrackPointExtension>
            <gpxtpx:hr>111</gpxtpx:hr>
          </gpxtpx:TrackPointExtension>
        </extensions>
      </trkpt>
      <trkpt lat="22.738531400790112" lon="113.93320061715836">
        <ele>32.076764362864196</ele>
        <time>2026-09-10T12:18:49.900000Z</time>
        <extensions>
          <gpxtpx:TrackPointExtension>
            <gpxtpx:hr>111</gpxtpx:hr>
          </gpxtpx:TrackPointExtension>
        </extensions>
      </trkpt>
      <trkpt lat="22.73850643062339" lon="113.9332260685931">
        <ele>31.951845907606184</ele>
        <time>2026-09-10T12:18:50.900000Z</time>
        <extensions>
          <gpxtpx:TrackPointExtension>
            <gpxtpx:hr>111</gpxtpx:hr>
          </gpxtpx:TrackPointExtension>
        </extensions>
      </trkpt>
      <trkpt lat="22.73848016410593" lon="113.93325110976475">
        <ele>31.804217718541622</ele>
        <time>2026-09-10T12:18:51.900000Z</time>
        <extensions>
          <gpxtpx:TrackPointExtension>
            <gpxtpx:hr>111</gpxtpx:hr>
          </gpxtpx:TrackPointExtension>
        </extensions>
      </trkpt>
      <trkpt lat="22.738453588270538" lon="113.93327643643597">
        <ele>31.649913996458054</ele>
        <time>2026-09-10T12:18:52.900000Z</time>
        <extensions>
          <gpxtpx:TrackPointExtension>
            <gpxtpx:hr>111</gpxtpx:hr>
          </gpxtpx:TrackPointExtension>
        </extensions>
      </trkpt>
      <trkpt lat="22.7384258954671" lon="113.93330350995338">
        <ele>31.515194511041045</ele>
        <time>2026-09-10T12:18:53.900000Z</time>
        <extensions>
          <gpxtpx:TrackPointExtension>
            <gpxtpx:hr>111</gpxtpx:hr>
          </gpxtpx:TrackPointExtension>
        </extensions>
      </trkpt>
      <trkpt lat="22.738394995972854" lon="113.93333381346625">
        <ele>31.4333474105224</ele>
        <time>2026-09-10T12:18:54.900000Z</time>
        <extensions>
          <gpxtpx:TrackPointExtension>
            <gpxtpx:hr>111</gpxtpx:hr>
          </gpxtpx:TrackPointExtension>
        </extensions>
      </trkpt>
      <trkpt lat="22.738121708497204" lon="113.93357553999887">
        <ele>32.51102203130722</ele>
        <time>2026-09-10T12:19:01Z</time>
        <extensions>
          <gpxtpx:TrackPointExtension>
            <gpxtpx:hr>108</gpxtpx:hr>
          </gpxtpx:TrackPointExtension>
        </extensions>
      </trkpt>
      <trkpt lat="22.738020753786234" lon="113.93365943392187">
        <ele>33.07514160126448</ele>
        <time>2026-09-10T12:19:04Z</time>
        <extensions>
          <gpxtpx:TrackPointExtension>
            <gpxtpx:hr>108</gpxtpx:hr>
          </gpxtpx:TrackPointExtension>
        </extensions>
      </trkpt>
      <trkpt lat="22.73800749468124" lon="113.93367088279503">
        <ele>33.03290025796741</ele>
        <time>2026-09-10T12:19:05Z</time>
        <extensions>
          <gpxtpx:TrackPointExtension>
            <gpxtpx:hr>108</gpxtpx:hr>
          </gpxtpx:TrackPointExtension>
        </extensions>
      </trkpt>
      <trkpt lat="22.737991380447813" lon="113.93368532501235">
        <ele>32.960483234375715</ele>
        <time>2026-09-10T12:19:06Z</time>
        <extensions>
          <gpxtpx:TrackPointExtension>
            <gpxtpx:hr>108</gpxtpx:hr>
          </gpxtpx:TrackPointExtension>
        </extensions>
      </trkpt>
      <trkpt lat="22.73797336653746" lon="113.93370200905103">
        <ele>32.8798609143123</ele>
        <time>2026-09-10T12:19:07Z</time>
        <extensions>
          <gpxtpx:TrackPointExtension>
            <gpxtpx:hr>108</gpxtpx:hr>
          </gpxtpx:TrackPointExtension>
        </extensions>
      </trkpt>
      <trkpt lat="22.737953989390462" lon="113.93372050389333">
        <ele>32.80366806033999</ele>
        <time>2026-09-10T12:19:08Z</time>
        <extensions>
          <gpxtpx:TrackPointExtension>
            <gpxtpx:hr>107</gpxtpx:hr>
          </gpxtpx:TrackPointExtension>
        </extensions>
      </trkpt>
      <trkpt lat="22.73793313269184" lon="113.93374095637472">
        <ele>32.73811671510339</ele>
        <time>2026-09-10T12:19:09Z</time>
        <extensions>
          <gpxtpx:TrackPointExtension>
            <gpxtpx:hr>107</gpxtpx:hr>
          </gpxtpx:TrackPointExtension>
        </extensions>
      </trkpt>
      <trkpt lat="22.737910335941255" lon="113.93376383865431">
        <ele>32.68519591912627</ele>
        <time>2026-09-10T12:19:10Z</time>
        <extensions>
          <gpxtpx:TrackPointExtension>
            <gpxtpx:hr>107</gpxtpx:hr>
          </gpxtpx:TrackPointExtension>
        </extensions>
      </trkpt>
      <trkpt lat="22.737885005949188" lon="113.93378974867483">
        <ele>32.644197535701096</ele>
        <time>2026-09-10T12:19:11Z</time>
        <extensions>
          <gpxtpx:TrackPointExtension>
            <gpxtpx:hr>107</gpxtpx:hr>
          </gpxtpx:TrackPointExtension>
        </extensions>
      </trkpt>
      <trkpt lat="22.737858403623136" lon="113.9338182663957">
        <ele>32.61236896645278</ele>
        <time>2026-09-10T12:19:12Z</time>
        <extensions>
          <gpxtpx:TrackPointExtension>
            <gpxtpx:hr>107</gpxtpx:hr>
          </gpxtpx:TrackPointExtension>
        </extensions>
      </trkpt>
      <trkpt lat="22.737833689689978" lon="113.93384693577723">
        <ele>32.58638372737914</ele>
        <time>2026-09-10T12:19:13Z</time>
        <extensions>
          <gpxtpx:TrackPointExtension>
            <gpxtpx:hr>108</gpxtpx:hr>
          </gpxtpx:TrackPointExtension>
        </extensions>
      </trkpt>
      <trkpt lat="22.737812698811673" lon="113.93387368154318">
        <ele>32.56171224731952</ele>
        <time>2026-09-10T12:19:14Z</time>
        <extensions>
          <gpxtpx:TrackPointExtension>
            <gpxtpx:hr>108</gpxtpx:hr>
          </gpxtpx:TrackPointExtension>
        </extensions>
      </trkpt>
      <trkpt lat="22.73779784219059" lon="113.93389493296328">
        <ele>32.541487300768495</ele>
        <time>2026-09-10T12:19:14.900000Z</time>
        <extensions>
          <gpxtpx:TrackPointExtension>
            <gpxtpx:hr>108</gpxtpx:hr>
          </gpxtpx:TrackPointExtension>
        </extensions>
      </trkpt>
      <trkpt lat="22.73778145961918" lon="113.93392077500438">
        <ele>32.52095301542431</ele>
        <time>2026-09-10T12:19:15.900000Z</time>
        <extensions>
          <gpxtpx:TrackPointExtension>
            <gpxtpx:hr>108</gpxtpx:hr>
          </gpxtpx:TrackPointExtension>
        </extensions>
      </trkpt>
      <trkpt lat="22.73776602361355" lon="113.9339468310166">
        <ele>32.50479340925813</ele>
        <time>2026-09-10T12:19:16.900000Z</time>
        <extensions>
          <gpxtpx:TrackPointExtension>
            <gpxtpx:hr>108</gpxtpx:hr>
          </gpxtpx:TrackPointExtension>
        </extensions>
      </trkpt>
      <trkpt lat="22.737750782661372" lon="113.93397333142111">
        <ele>32.49050675146282</ele>
        <time>2026-09-10T12:19:17.900000Z</time>
        <extensions>
          <gpxtpx:TrackPointExtension>
            <gpxtpx:hr>108</gpxtpx:hr>
          </gpxtpx:TrackPointExtension>
        </extensions>
      </trkpt>
      <trkpt lat="22.737734768789036" lon="113.93400079528453">
        <ele>32.476474857889116</ele>
        <time>2026-09-10T12:19:18.900000Z</time>
        <extensions>
          <gpxtpx:TrackPointExtension>
            <gpxtpx:hr>108</gpxtpx:hr>
          </gpxtpx:TrackPointExtension>
        </extensions>
      </trkpt>
      <trkpt lat="22.7377172984068" lon="113.93402890770362">
        <ele>32.46172954887152</ele>
        <time>2026-09-10T12:19:19.900000Z</time>
        <extensions>
          <gpxtpx:TrackPointExtension>
            <gpxtpx:hr>108</gpxtpx:hr>
          </gpxtpx:TrackPointExtension>
        </extensions>
      </trkpt>
      <trkpt lat="22.73769870627784" lon="113.9340567987179">
        <ele>32.44576446339488</ele>
        <time>2026-09-10T12:19:20.900000Z</time>
        <extensions>
          <gpxtpx:TrackPointExtension>
            <gpxtpx:hr>108</gpxtpx:hr>
          </gpxtpx:TrackPointExtension>
        </extensions>
      </trkpt>
      <trkpt lat="22.737679075664992" lon="113.934084410534">
        <ele>32.42839714232832</ele>
        <time>2026-09-10T12:19:21.900000Z</time>
        <extensions>
          <gpxtpx:TrackPointExtension>
            <gpxtpx:hr>108</gpxtpx:hr>
          </gpxtpx:TrackPointExtension>
        </extensions>
      </trkpt>
      <trkpt lat="22.737657952131666" lon="113.93411176445984">
        <ele>32.40965683199465</ele>
        <time>2026-09-10T12:19:22.900000Z</time>
        <extensions>
          <gpxtpx:TrackPointExtension>
            <gpxtpx:hr>108</gpxtpx:hr>
          </gpxtpx:TrackPointExtension>
        </extensions>
      </trkpt>
      <trkpt lat="22.737635525118023" lon="113.93413900859812">
        <ele>32.38966832589358</ele>
        <time>2026-09-10T12:19:23.900000Z</time>
        <extensions>
          <gpxtpx:TrackPointExtension>
            <gpxtpx:hr>107</gpxtpx:hr>
          </gpxtpx:TrackPointExtension>
        </extensions>
      </trkpt>
      <trkpt lat="22.737612336004062" lon="113.93416611031259">
        <ele>32.368559590540826</ele>
        <time>2026-09-10T12:19:24.900000Z</time>
        <extensions>
          <gpxtpx:TrackPointExtension>
            <gpxtpx:hr>107</gpxtpx:hr>
          </gpxtpx:TrackPointExtension>
        </extensions>
      </trkpt>
      <trkpt lat="22.737588337343464" lon="113.93419330538093">
        <ele>32.34643090236932</ele>
        <time>2026-09-10T12:19:25.900000Z</time>
        <extensions>
          <gpxtpx:TrackPointExtension>
            <gpxtpx:hr>107</gpxtpx:hr>
          </gpxtpx:TrackPointExtension>
        </extensions>
      </trkpt>
      <trkpt lat="22.737564279563596" lon="113.93422013008605">
        <ele>32.32337972894311</ele>
        <time>2026-09-10T12:19:26.900000Z</time>
        <extensions>
          <gpxtpx:TrackPointExtension>
            <gpxtpx:hr>106</gpxtpx:hr>
          </gpxtpx:TrackPointExtension>
        </extensions>
      </trkpt>
      <trkpt lat="22.73754151000262" lon="113.93424570300928">
        <ele>32.29953930340707</ele>
        <time>2026-09-10T12:19:27.900000Z</time>
        <extensions>
          <gpxtpx:TrackPointExtension>
            <gpxtpx:hr>106</gpxtpx:hr>
          </gpxtpx:TrackPointExtension>
        </extensions>
      </trkpt>
      <trkpt lat="22.737518690560766" lon="113.93427144904878">
        <ele>32.27510001696646</ele>
        <time>2026-09-10T12:19:28.900000Z</time>
        <extensions>
          <gpxtpx:TrackPointExtension>
            <gpxtpx:hr>106</gpxtpx:hr>
          </gpxtpx:TrackPointExtension>
        </extensions>
      </trkpt>
      <trkpt lat="22.737495140427402" lon="113.93429779722592">
        <ele>32.250315248034894</ele>
        <time>2026-09-10T12:19:29.900000Z</time>
        <extensions>
          <gpxtpx:TrackPointExtension>
            <gpxtpx:hr>106</gpxtpx:hr>
          </gpxtpx:TrackPointExtension>
        </extensions>
      </trkpt>
      <trkpt lat="22.737471779037293" lon="113.93432344827144">
        <ele>32.22547204885632</ele>
        <time>2026-09-10T12:19:30.900000Z</time>
        <extensions>
          <gpxtpx:TrackPointExtension>
            <gpxtpx:hr>106</gpxtpx:hr>
          </gpxtpx:TrackPointExtension>
        </extensions>
      </trkpt>
      <trkpt lat="22.73744769898155" lon="113.93434888490138">
        <ele>32.200814474374056</ele>
        <time>2026-09-10T12:19:31.900000Z</time>
        <extensions>
          <gpxtpx:TrackPointExtension>
            <gpxtpx:hr>106</gpxtpx:hr>
          </gpxtpx:TrackPointExtension>
        </extensions>
      </trkpt>
      <trkpt lat="22.737420024361672" lon="113.93437732413749">
        <ele>32.17649247124791</ele>
        <time>2026-09-10T12:19:32.900000Z</time>
        <extensions>
          <gpxtpx:TrackPointExtension>
            <gpxtpx:hr>106</gpxtpx:hr>
          </gpxtpx:TrackPointExtension>
        </extensions>
      </trkpt>
      <trkpt lat="22.737388957581295" lon="113.9344094830509">
        <ele>32.15260677970946</ele>
        <time>2026-09-10T12:19:33.900000Z</time>
        <extensions>
          <gpxtpx:TrackPointExtension>
            <gpxtpx:hr>106</gpxtpx:hr>
          </gpxtpx:TrackPointExtension>
        </extensions>
      </trkpt>
      <trkpt lat="22.737356910654224" lon="113.93444361085143">
        <ele>32.12929778173566</ele>
        <time>2026-09-10T12:19:34.900000Z</time>
        <extensions>
          <gpxtpx:TrackPointExtension>
            <gpxtpx:hr>106</gpxtpx:hr>
          </gpxtpx:TrackPointExtension>
        </extensions>
      </trkpt>
      <trkpt lat="22.73732389204265" lon="113.9344797951951">
        <ele>32.106788790784776</ele>
        <time>2026-09-10T12:19:35.900000Z</time>
        <extensions>
          <gpxtpx:TrackPointExtension>
            <gpxtpx:hr>106</gpxtpx:hr>
          </gpxtpx:TrackPointExtension>
        </extensions>
      </trkpt>
      <trkpt lat="22.737290344907368" lon="113.93451721133874">
        <ele>32.08535808790475</ele>
        <time>2026-09-10T12:19:36.900000Z</time>
        <extensions>
          <gpxtpx:TrackPointExtension>
            <gpxtpx:hr>106</gpxtpx:hr>
          </gpxtpx:TrackPointExtension>
        </extensions>
      </trkpt>
      <trkpt lat="22.737257241725864" lon="113.93455428192884">
        <ele>32.06526502780616</ele>
        <time>2026-09-10T12:19:37.900000Z</time>
        <extensions>
          <gpxtpx:TrackPointExtension>
            <gpxtpx:hr>109</gpxtpx:hr>
          </gpxtpx:TrackPointExtension>
        </extensions>
      </trkpt>
      <trkpt lat="22.737225028596935" lon="113.9345905026476">
        <ele>32.04663637466729</ele>
        <time>2026-09-10T12:19:38.900000Z</time>
        <extensions>
          <gpxtpx:TrackPointExtension>
            <gpxtpx:hr>109</gpxtpx:hr>
          </gpxtpx:TrackPointExtension>
        </extensions>
      </trkpt>
      <trkpt lat="22.737193944289196" lon="113.93462641012688">
        <ele>32.029325912706554</ele>
        <time>2026-09-10T12:19:39.900000Z</time>
        <extensions>
          <gpxtpx:TrackPointExtension>
            <gpxtpx:hr>109</gpxtpx:hr>
          </gpxtpx:TrackPointExtension>
        </extensions>
      </trkpt>
      <trkpt lat="22.737164519669292" lon="113.93466204792587">
        <ele>32.01286352053285</ele>
        <time>2026-09-10T12:19:40.900000Z</time>
        <extensions>
          <gpxtpx:TrackPointExtension>
            <gpxtpx:hr>109</gpxtpx:hr>
          </gpxtpx:TrackPointExtension>
        </extensions>
      </trkpt>
      <trkpt lat="22.737136949060876" lon="113.93469696116038">
        <ele>31.99656531494111</ele>
        <time>2026-09-10T12:19:41.900000Z</time>
        <extensions>
          <gpxtpx:TrackPointExtension>
            <gpxtpx:hr>109</gpxtpx:hr>
          </gpxtpx:TrackPointExtension>
        </extensions>
      </trkpt>
      <trkpt lat="22.737110731895427" lon="113.93473059604263">
        <ele>31.97968204971403</ele>
        <time>2026-09-10T12:19:42.900000Z</time>
        <extensions>
          <gpxtpx:TrackPointExtension>
            <gpxtpx:hr>108</gpxtpx:hr>
          </gpxtpx:TrackPointExtension>
        </extensions>
      </trkpt>
      <trkpt lat="22.737085449257375" lon="113.93476317586759">
        <ele>31.961483431980014</ele>
        <time>2026-09-10T12:19:43.900000Z</time>
        <extensions>
          <gpxtpx:TrackPointExtension>
            <gpxtpx:hr>108</gpxtpx:hr>
          </gpxtpx:TrackPointExtension>
        </extensions>
      </trkpt>
      <trkpt lat="22.737060731242305" lon="113.93479580731163">
        <ele>31.94131105672568</ele>
        <time>2026-09-10T12:19:44.900000Z</time>
        <extensions>
          <gpxtpx:TrackPointExtension>
            <gpxtpx:hr>108</gpxtpx:hr>
          </gpxtpx:TrackPointExtension>
        </extensions>
      </trkpt>
      <trkpt lat="22.73703604002028" lon="113.93482771078202">
        <ele>31.91863374877721</ele>
        <time>2026-09-10T12:19:45.900000Z</time>
        <extensions>
          <gpxtpx:TrackPointExtension>
            <gpxtpx:hr>108</gpxtpx:hr>
          </gpxtpx:TrackPointExtension>
        </extensions>
      </trkpt>
      <trkpt lat="22.737010904797515" lon="113.93485752968958">
        <ele>31.893120578490198</ele>
        <time>2026-09-10T12:19:46.900000Z</time>
        <extensions>
          <gpxtpx:TrackPointExtension>
            <gpxtpx:hr>108</gpxtpx:hr>
          </gpxtpx:TrackPointExtension>
        </extensions>
      </trkpt>
      <trkpt lat="22.736985178002872" lon="113.93488545841669">
        <ele>31.86470822803676</ele>
        <time>2026-09-10T12:19:47.900000Z</time>
        <extensions>
          <gpxtpx:TrackPointExtension>
            <gpxtpx:hr>110</gpxtpx:hr>
          </gpxtpx:TrackPointExtension>
        </extensions>
      </trkpt>
      <trkpt lat="22.736958368612463" lon="113.93491259582855">
        <ele>31.83358221501112</ele>
        <time>2026-09-10T12:19:48.900000Z</time>
        <extensions>
          <gpxtpx:TrackPointExtension>
            <gpxtpx:hr>110</gpxtpx:hr>
          </gpxtpx:TrackPointExtension>
        </extensions>
      </trkpt>
      <trkpt lat="22.736929861858123" lon="113.93494005302279">
        <ele>31.800086421892047</ele>
        <time>2026-09-10T12:19:49.900000Z</time>
        <extensions>
          <gpxtpx:TrackPointExtension>
            <gpxtpx:hr>110</gpxtpx:hr>
          </gpxtpx:TrackPointExtension>
        </extensions>
      </trkpt>
      <trkpt lat="22.73689974995651" lon="113.93496831624752">
        <ele>31.764665636233985</ele>
        <time>2026-09-10T12:19:50.900000Z</time>
        <extensions>
          <gpxtpx:TrackPointExtension>
            <gpxtpx:hr>110</gpxtpx:hr>
          </gpxtpx:TrackPointExtension>
        </extensions>
      </trkpt>
      <trkpt lat="22.736869648729936" lon="113.93499576427894">
        <ele>31.72788179665804</ele>
        <time>2026-09-10T12:19:51.900000Z</time>
        <extensions>
          <gpxtpx:TrackPointExtension>
            <gpxtpx:hr>110</gpxtpx:hr>
          </gpxtpx:TrackPointExtension>
        </extensions>
      </trkpt>
      <trkpt lat="22.736841380286158" lon="113.93502056079372">
        <ele>31.690458332188427</ele>
        <time>2026-09-10T12:19:52.900000Z</time>
        <extensions>
          <gpxtpx:TrackPointExtension>
            <gpxtpx:hr>110</gpxtpx:hr>
          </gpxtpx:TrackPointExtension>
        </extensions>
      </trkpt>
      <trkpt lat="22.73681461849299" lon="113.93504426709218">
        <ele>31.653273281641304</ele>
        <time>2026-09-10T12:19:53.900000Z</time>
        <extensions>
          <gpxtpx:TrackPointExtension>
            <gpxtpx:hr>110</gpxtpx:hr>
          </gpxtpx:TrackPointExtension>
        </extensions>
      </trkpt>
      <trkpt lat="22.73678880958958" lon="113.93506810194097">
        <ele>31.617277735844254</ele>
        <time>2026-09-10T12:19:54.900000Z</time>
        <extensions>
          <gpxtpx:TrackPointExtension>
            <gpxtpx:hr>110</gpxtpx:hr>
          </gpxtpx:TrackPointExtension>
        </extensions>
      </trkpt>
      <trkpt lat="22.736763552615184" lon="113.9350924975855">
        <ele>31.583416428416967</ele>
        <time>2026-09-10T12:19:55.900000Z</time>
        <extensions>
          <gpxtpx:TrackPointExtension>
            <gpxtpx:hr>110</gpxtpx:hr>
          </gpxtpx:TrackPointExtension>
        </extensions>
      </trkpt>
      <trkpt lat="22.736737580184087" lon="113.93511923710703">
        <ele>31.55259624682367</ele>
        <time>2026-09-10T12:19:56.900000Z</time>
        <extensions>
          <gpxtpx:TrackPointExtension>
            <gpxtpx:hr>108</gpxtpx:hr>
          </gpxtpx:TrackPointExtension>
        </extensions>
      </trkpt>
      <trkpt lat="22.7367105171815" lon="113.93514885252549">
        <ele>31.525653013028204</ele>
        <time>2026-09-10T12:19:57.900000Z</time>
        <extensions>
          <gpxtpx:TrackPointExtension>
            <gpxtpx:hr>108</gpxtpx:hr>
          </gpxtpx:TrackPointExtension>
        </extensions>
      </trkpt>
      <trkpt lat="22.736683441026518" lon="113.93518014245686">
        <ele>31.50327915325761</ele>
        <time>2026-09-10T12:19:58.900000Z</time>
        <extensions>
          <gpxtpx:TrackPointExtension>
            <gpxtpx:hr>108</gpxtpx:hr>
          </gpxtpx:TrackPointExtension>
        </extensions>
      </trkpt>
      <trkpt lat="22.736656690764722" lon="113.93521218414168">
        <ele>31.485889808274806</ele>
        <time>2026-09-10T12:19:59.900000Z</time>
        <extensions>
          <gpxtpx:TrackPointExtension>
            <gpxtpx:hr>108</gpxtpx:hr>
          </gpxtpx:TrackPointExtension>
        </extensions>
      </trkpt>
      <trkpt lat="22.736630266172536" lon="113.93524407186749">
        <ele>31.4735203422606</ele>
        <time>2026-09-10T12:20:00.900000Z</time>
        <extensions>
          <gpxtpx:TrackPointExtension>
            <gpxtpx:hr>108</gpxtpx:hr>
          </gpxtpx:TrackPointExtension>
        </extensions>
      </trkpt>
      <trkpt lat="22.736605128821612" lon="113.93527465483697">
        <ele>31.465892493724823</ele>
        <time>2026-09-10T12:20:01.900000Z</time>
        <extensions>
          <gpxtpx:TrackPointExtension>
            <gpxtpx:hr>108</gpxtpx:hr>
          </gpxtpx:TrackPointExtension>
        </extensions>
      </trkpt>
      <trkpt lat="22.73658105063071" lon="113.93530446016439">
        <ele>31.462556027807295</ele>
        <time>2026-09-10T12:20:02.900000Z</time>
        <extensions>
          <gpxtpx:TrackPointExtension>
            <gpxtpx:hr>107</gpxtpx:hr>
          </gpxtpx:TrackPointExtension>
        </extensions>
      </trkpt>
      <trkpt lat="22.736556529312683" lon="113.93533524437191">
        <ele>31.4630011850968</ele>
        <time>2026-09-10T12:20:03.900000Z</time>
        <extensions>
          <gpxtpx:TrackPointExtension>
            <gpxtpx:hr>107</gpxtpx:hr>
          </gpxtpx:TrackPointExtension>
        </extensions>
      </trkpt>
      <trkpt lat="22.73653102472542" lon="113.93536731766773">
        <ele>31.466753172688186</ele>
        <time>2026-09-10T12:20:04.900000Z</time>
        <extensions>
          <gpxtpx:TrackPointExtension>
            <gpxtpx:hr>107</gpxtpx:hr>
          </gpxtpx:TrackPointExtension>
        </extensions>
      </trkpt>
      <trkpt lat="22.73650532866383" lon="113.93539871463682">
        <ele>31.473415662534535</ele>
        <time>2026-09-10T12:20:05.900000Z</time>
        <extensions>
          <gpxtpx:TrackPointExtension>
            <gpxtpx:hr>107</gpxtpx:hr>
          </gpxtpx:TrackPointExtension>
        </extensions>
      </trkpt>
      <trkpt lat="22.73648002309529" lon="113.93542831674775">
        <ele>31.482637705281377</ele>
        <time>2026-09-10T12:20:06.900000Z</time>
        <extensions>
          <gpxtpx:TrackPointExtension>
            <gpxtpx:hr>107</gpxtpx:hr>
          </gpxtpx:TrackPointExtension>
        </extensions>
      </trkpt>
      <trkpt lat="22.736454605326568" lon="113.93545737284614">
        <ele>31.494026340544224</ele>
        <time>2026-09-10T12:20:07.900000Z</time>
        <extensions>
          <gpxtpx:TrackPointExtension>
            <gpxtpx:hr>106</gpxtpx:hr>
          </gpxtpx:TrackPointExtension>
        </extensions>
      </trkpt>
      <trkpt lat="22.73642877703918" lon="113.93548697058316">
        <ele>31.50708385463804</ele>
        <time>2026-09-10T12:20:08.900000Z</time>
        <extensions>
          <gpxtpx:TrackPointExtension>
            <gpxtpx:hr>106</gpxtpx:hr>
          </gpxtpx:TrackPointExtension>
        </extensions>
      </trkpt>
      <trkpt lat="22.73640350903426" lon="113.93551648607422">
        <ele>31.521220478229225</ele>
        <time>2026-09-10T12:20:09.900000Z</time>
        <extensions>
          <gpxtpx:TrackPointExtension>
            <gpxtpx:hr>106</gpxtpx:hr>
          </gpxtpx:TrackPointExtension>
        </extensions>
      </trkpt>
      <trkpt lat="22.736380002088286" lon="113.93554477229607">
        <ele>31.535792862065136</ele>
        <time>2026-09-10T12:20:10.900000Z</time>
        <extensions>
          <gpxtpx:TrackPointExtension>
            <gpxtpx:hr>106</gpxtpx:hr>
          </gpxtpx:TrackPointExtension>
        </extensions>
      </trkpt>
      <trkpt lat="22.736358251462743" lon="113.93557134746045">
        <ele>31.550142382271588</ele>
        <time>2026-09-10T12:20:11.900000Z</time>
        <extensions>
          <gpxtpx:TrackPointExtension>
            <gpxtpx:hr>106</gpxtpx:hr>
          </gpxtpx:TrackPointExtension>
        </extensions>
      </trkpt>
      <trkpt lat="22.736337418163817" lon="113.93559651635118">
        <ele>31.563644005917013</ele>
        <time>2026-09-10T12:20:12.900000Z</time>
        <extensions>
          <gpxtpx:TrackPointExtension>
            <gpxtpx:hr>106</gpxtpx:hr>
          </gpxtpx:TrackPointExtension>
        </extensions>
      </trkpt>
      <trkpt lat="22.736317082977184" lon="113.93562056053757">
        <ele>31.575749909505248</ele>
        <time>2026-09-10T12:20:13.900000Z</time>
        <extensions>
          <gpxtpx:TrackPointExtension>
            <gpxtpx:hr>106</gpxtpx:hr>
          </gpxtpx:TrackPointExtension>
        </extensions>
      </trkpt>
      <trkpt lat="22.736297459665547" lon="113.93564326053504">
        <ele>31.586025185883045</ele>
        <time>2026-09-10T12:20:14.900000Z</time>
        <extensions>
          <gpxtpx:TrackPointExtension>
            <gpxtpx:hr>106</gpxtpx:hr>
          </gpxtpx:TrackPointExtension>
        </extensions>
      </trkpt>
      <trkpt lat="22.736279251693414" lon="113.93566382402366">
        <ele>31.594209206290543</ele>
        <time>2026-09-10T12:20:15.900000Z</time>
        <extensions>
          <gpxtpx:TrackPointExtension>
            <gpxtpx:hr>106</gpxtpx:hr>
          </gpxtpx:TrackPointExtension>
        </extensions>
      </trkpt>
      <trkpt lat="22.736263637752792" lon="113.93568172252776">
        <ele>31.60033421125263</ele>
        <time>2026-09-10T12:20:16.900000Z</time>
        <extensions>
          <gpxtpx:TrackPointExtension>
            <gpxtpx:hr>106</gpxtpx:hr>
          </gpxtpx:TrackPointExtension>
        </extensions>
      </trkpt>
      <trkpt lat="22.7362502695798" lon="113.93569779354482">
        <ele>31.604916657321155</ele>
        <time>2026-09-10T12:20:17.900000Z</time>
        <extensions>
          <gpxtpx:TrackPointExtension>
            <gpxtpx:hr>106</gpxtpx:hr>
          </gpxtpx:TrackPointExtension>
        </extensions>
      </trkpt>
      <trkpt lat="22.736237742749076" lon="113.93571297743475">
        <ele>31.60907161142677</ele>
        <time>2026-09-10T12:20:18.900000Z</time>
        <extensions>
          <gpxtpx:TrackPointExtension>
            <gpxtpx:hr>106</gpxtpx:hr>
          </gpxtpx:TrackPointExtension>
        </extensions>
      </trkpt>
      <trkpt lat="22.73622536602453" lon="113.93572785409565">
        <ele>31.61438366957009</ele>
        <time>2026-09-10T12:20:19.900000Z</time>
        <extensions>
          <gpxtpx:TrackPointExtension>
            <gpxtpx:hr>106</gpxtpx:hr>
          </gpxtpx:TrackPointExtension>
        </extensions>
      </trkpt>
      <trkpt lat="22.73621274058484" lon="113.93574355332174">
        <ele>31.62265655491501</ele>
        <time>2026-09-10T12:20:20.900000Z</time>
        <extensions>
          <gpxtpx:TrackPointExtension>
            <gpxtpx:hr>104</gpxtpx:hr>
          </gpxtpx:TrackPointExtension>
        </extensions>
      </trkpt>
      <trkpt lat="22.736200969820285" lon="113.93576021709895">
        <ele>31.635633419267833</ele>
        <time>2026-09-10T12:20:21.900000Z</time>
        <extensions>
          <gpxtpx:TrackPointExtension>
            <gpxtpx:hr>104</gpxtpx:hr>
          </gpxtpx:TrackPointExtension>
        </extensions>
      </trkpt>
      <trkpt lat="22.736190872670633" lon="113.9357769444593">
        <ele>31.654622722417116</ele>
        <time>2026-09-10T12:20:22.900000Z</time>
        <extensions>
          <gpxtpx:TrackPointExtension>
            <gpxtpx:hr>104</gpxtpx:hr>
          </gpxtpx:TrackPointExtension>
        </extensions>
      </trkpt>
      <trkpt lat="22.73618161670962" lon="113.935793430798">
        <ele>31.680172828026116</ele>
        <time>2026-09-10T12:20:23.900000Z</time>
        <extensions>
          <gpxtpx:TrackPointExtension>
            <gpxtpx:hr>104</gpxtpx:hr>
          </gpxtpx:TrackPointExtension>
        </extensions>
      </trkpt>
      <trkpt lat="22.736171690132927" lon="113.93581017177266">
        <ele>31.7119660070166</ele>
        <time>2026-09-10T12:20:24.900000Z</time>
        <extensions>
          <gpxtpx:TrackPointExtension>
            <gpxtpx:hr>104</gpxtpx:hr>
          </gpxtpx:TrackPointExtension>
        </extensions>
      </trkpt>
      <trkpt lat="22.736159573235653" lon="113.9358286271258">
        <ele>31.74881297070533</ele>
        <time>2026-09-10T12:20:25.900000Z</time>
        <extensions>
          <gpxtpx:TrackPointExtension>
            <gpxtpx:hr>104</gpxtpx:hr>
          </gpxtpx:TrackPointExtension>
        </extensions>
      </trkpt>
      <trkpt lat="22.73614499806071" lon="113.93584947645255">
        <ele>31.788760193623602</ele>
        <time>2026-09-10T12:20:26.900000Z</time>
        <extensions>
          <gpxtpx:TrackPointExtension>
            <gpxtpx:hr>106</gpxtpx:hr>
          </gpxtpx:TrackPointExtension>
        </extensions>
      </trkpt>
      <trkpt lat="22.736129673204623" lon="113.93587134416795">
        <ele>31.829388928599656</ele>
        <time>2026-09-10T12:20:27.900000Z</time>
        <extensions>
          <gpxtpx:TrackPointExtension>
            <gpxtpx:hr>106</gpxtpx:hr>
          </gpxtpx:TrackPointExtension>
        </extensions>
      </trkpt>
      <trkpt lat="22.736116467448124" lon="113.9358925379412">
        <ele>31.86812896002084</ele>
        <time>2026-09-10T12:20:28.900000Z</time>
        <extensions>
          <gpxtpx:TrackPointExtension>
            <gpxtpx:hr>106</gpxtpx:hr>
          </gpxtpx:TrackPointExtension>
        </extensions>
      </trkpt>
      <trkpt lat="22.736107061976515" lon="113.93591211903987">
        <ele>31.90249581914395</ele>
        <time>2026-09-10T12:20:29.900000Z</time>
        <extensions>
          <gpxtpx:TrackPointExtension>
            <gpxtpx:hr>106</gpxtpx:hr>
          </gpxtpx:TrackPointExtension>
        </extensions>
      </trkpt>
      <trkpt lat="22.736101723637066" lon="113.93592998883283">
        <ele>31.93032538983971</ele>
        <time>2026-09-10T12:20:30.900000Z</time>
        <extensions>
          <gpxtpx:TrackPointExtension>
            <gpxtpx:hr>106</gpxtpx:hr>
          </gpxtpx:TrackPointExtension>
        </extensions>
      </trkpt>
      <trkpt lat="22.736100312301367" lon="113.93594705501681">
        <ele>31.95002608653158</ele>
        <time>2026-09-10T12:20:31.900000Z</time>
        <extensions>
          <gpxtpx:TrackPointExtension>
            <gpxtpx:hr>106</gpxtpx:hr>
          </gpxtpx:TrackPointExtension>
        </extensions>
      </trkpt>
      <trkpt lat="22.73610191617785" lon="113.93596367073289">
        <ele>31.960885277949274</ele>
        <time>2026-09-10T12:20:32.900000Z</time>
        <extensions>
          <gpxtpx:TrackPointExtension>
            <gpxtpx:hr>106</gpxtpx:hr>
          </gpxtpx:TrackPointExtension>
        </extensions>
      </trkpt>
      <trkpt lat="22.736104981802303" lon="113.9359797679739">
        <ele>31.963325972668827</ele>
        <time>2026-09-10T12:20:33.900000Z</time>
        <extensions>
          <gpxtpx:TrackPointExtension>
            <gpxtpx:hr>106</gpxtpx:hr>
          </gpxtpx:TrackPointExtension>
        </extensions>
      </trkpt>
      <trkpt lat="22.736109233784443" lon="113.9359949138594">
        <ele>31.958869569003582</ele>
        <time>2026-09-10T12:20:34.900000Z</time>
        <extensions>
          <gpxtpx:TrackPointExtension>
            <gpxtpx:hr>106</gpxtpx:hr>
          </gpxtpx:TrackPointExtension>
        </extensions>
      </trkpt>
      <trkpt lat="22.73611555357107" lon="113.93600774409025">
        <ele>31.94990905188024</ele>
        <time>2026-09-10T12:20:35.900000Z</time>
        <extensions>
          <gpxtpx:TrackPointExtension>
            <gpxtpx:hr>106</gpxtpx:hr>
          </gpxtpx:TrackPointExtension>
        </extensions>
      </trkpt>
      <trkpt lat="22.736124151800354" lon="113.93601913475578">
        <ele>31.93936726078391</ele>
        <time>2026-09-10T12:20:36.900000Z</time>
        <extensions>
          <gpxtpx:TrackPointExtension>
            <gpxtpx:hr>104</gpxtpx:hr>
          </gpxtpx:TrackPointExtension>
        </extensions>
      </trkpt>
      <trkpt lat="22.736134071863027" lon="113.93603166622562">
        <ele>31.930110178887844</ele>
        <time>2026-09-10T12:20:37.900000Z</time>
        <extensions>
          <gpxtpx:TrackPointExtension>
            <gpxtpx:hr>104</gpxtpx:hr>
          </gpxtpx:TrackPointExtension>
        </extensions>
      </trkpt>
      <trkpt lat="22.736144806373037" lon="113.93604675792264">
        <ele>31.9243581648916</ele>
        <time>2026-09-10T12:20:38.900000Z</time>
        <extensions>
          <gpxtpx:TrackPointExtension>
            <gpxtpx:hr>104</gpxtpx:hr>
          </gpxtpx:TrackPointExtension>
        </extensions>
      </trkpt>
      <trkpt lat="22.736157180833956" lon="113.9360643321201">
        <ele>31.92339092772454</ele>
        <time>2026-09-10T12:20:39.900000Z</time>
        <extensions>
          <gpxtpx:TrackPointExtension>
            <gpxtpx:hr>104</gpxtpx:hr>
          </gpxtpx:TrackPointExtension>
        </extensions>
      </trkpt>
      <trkpt lat="22.736171942549568" lon="113.93608335255662">
        <ele>31.92743379995227</ele>
        <time>2026-09-10T12:20:40.900000Z</time>
        <extensions>
          <gpxtpx:TrackPointExtension>
            <gpxtpx:hr>104</gpxtpx:hr>
          </gpxtpx:TrackPointExtension>
        </extensions>
      </trkpt>
      <trkpt lat="22.736188773299098" lon="113.93610286806441">
        <ele>31.935725056566298</ele>
        <time>2026-09-10T12:20:41.900000Z</time>
        <extensions>
          <gpxtpx:TrackPointExtension>
            <gpxtpx:hr>105</gpxtpx:hr>
          </gpxtpx:TrackPointExtension>
        </extensions>
      </trkpt>
      <trkpt lat="22.736206733038877" lon="113.93612180903672">
        <ele>31.946906828321517</ele>
        <time>2026-09-10T12:20:42.900000Z</time>
        <extensions>
          <gpxtpx:TrackPointExtension>
            <gpxtpx:hr>105</gpxtpx:hr>
          </gpxtpx:TrackPointExtension>
        </extensions>
      </trkpt>
      <trkpt lat="22.73622527299966" lon="113.93613905044255">
        <ele>31.959466194733977</ele>
        <time>2026-09-10T12:20:43.900000Z</time>
        <extensions>
          <gpxtpx:TrackPointExtension>
            <gpxtpx:hr>105</gpxtpx:hr>
          </gpxtpx:TrackPointExtension>
        </extensions>
      </trkpt>
      <trkpt lat="22.73624469612395" lon="113.9361537550538">
        <ele>31.971943362616003</ele>
        <time>2026-09-10T12:20:44.900000Z</time>
        <extensions>
          <gpxtpx:TrackPointExtension>
            <gpxtpx:hr>105</gpxtpx:hr>
          </gpxtpx:TrackPointExtension>
        </extensions>
      </trkpt>
      <trkpt lat="22.736264793899647" lon="113.93616487087219">
        <ele>31.98296413384378</ele>
        <time>2026-09-10T12:20:45.900000Z</time>
        <extensions>
          <gpxtpx:TrackPointExtension>
            <gpxtpx:hr>105</gpxtpx:hr>
          </gpxtpx:TrackPointExtension>
        </extensions>
      </trkpt>
      <trkpt lat="22.736284446165083" lon="113.93617134759916">
        <ele>31.991249319165945</ele>
        <time>2026-09-10T12:20:46.900000Z</time>
        <extensions>
          <gpxtpx:TrackPointExtension>
            <gpxtpx:hr>106</gpxtpx:hr>
          </gpxtpx:TrackPointExtension>
        </extensions>
      </trkpt>
      <trkpt lat="22.736301368202565" lon="113.93617243195374">
        <ele>31.995695560239255</ele>
        <time>2026-09-10T12:20:47.900000Z</time>
        <extensions>
          <gpxtpx:TrackPointExtension>
            <gpxtpx:hr>106</gpxtpx:hr>
          </gpxtpx:TrackPointExtension>
        </extensions>
      </trkpt>
      <trkpt lat="22.736312081035663" lon="113.93616834141102">
        <ele>31.995506695471704</ele>
        <time>2026-09-10T12:20:48.900000Z</time>
        <extensions>
          <gpxtpx:TrackPointExtension>
            <gpxtpx:hr>106</gpxtpx:hr>
          </gpxtpx:TrackPointExtension>
        </extensions>
      </trkpt>
      <trkpt lat="22.736315292544358" lon="113.93616128239123">
        <ele>31.99029857479036</ele>
        <time>2026-09-10T12:20:49.900000Z</time>
        <extensions>
          <gpxtpx:TrackPointExtension>
            <gpxtpx:hr>106</gpxtpx:hr>
          </gpxtpx:TrackPointExtension>
        </extensions>
      </trkpt>
      <trkpt lat="22.73631361765799" lon="113.93615459918851">
        <ele>31.980190586298704</ele>
        <time>2026-09-10T12:20:50.900000Z</time>
        <extensions>
          <gpxtpx:TrackPointExtension>
            <gpxtpx:hr>106</gpxtpx:hr>
          </gpxtpx:TrackPointExtension>
        </extensions>
      </trkpt>
      <trkpt lat="22.736311099354676" lon="113.93615020365334">
        <ele>31.965883544646204</ele>
        <time>2026-09-10T12:20:51.900000Z</time>
        <extensions>
          <gpxtpx:TrackPointExtension>
            <gpxtpx:hr>105</gpxtpx:hr>
          </gpxtpx:TrackPointExtension>
        </extensions>
      </trkpt>
      <trkpt lat="22.736311032950063" lon="113.93614788872925">
        <ele>31.948654878884554</ele>
        <time>2026-09-10T12:20:52.900000Z</time>
        <extensions>
          <gpxtpx:TrackPointExtension>
            <gpxtpx:hr>105</gpxtpx:hr>
          </gpxtpx:TrackPointExtension>
        </extensions>
      </trkpt>
      <trkpt lat="22.736314852009905" lon="113.93614762806128">
        <ele>31.930304361507297</ele>
        <time>2026-09-10T12:20:53.900000Z</time>
        <extensions>
          <gpxtpx:TrackPointExtension>
            <gpxtpx:hr>105</gpxtpx:hr>
          </gpxtpx:TrackPointExtension>
        </extensions>
      </trkpt>
      <trkpt lat="22.736321983716532" lon="113.93614964205648">
        <ele>31.912999102845788</ele>
        <time>2026-09-10T12:20:54.900000Z</time>
        <extensions>
          <gpxtpx:TrackPointExtension>
            <gpxtpx:hr>105</gpxtpx:hr>
          </gpxtpx:TrackPointExtension>
        </extensions>
      </trkpt>
      <trkpt lat="22.736331424628897" lon="113.93615367525173">
        <ele>31.89893231727183</ele>
        <time>2026-09-10T12:20:55.900000Z</time>
        <extensions>
          <gpxtpx:TrackPointExtension>
            <gpxtpx:hr>104</gpxtpx:hr>
          </gpxtpx:TrackPointExtension>
        </extensions>
      </trkpt>
      <trkpt lat="22.736342508010242" lon="113.93615940398416">
        <ele>31.889985086396337</ele>
        <time>2026-09-10T12:20:56.900000Z</time>
        <extensions>
          <gpxtpx:TrackPointExtension>
            <gpxtpx:hr>104</gpxtpx:hr>
          </gpxtpx:TrackPointExtension>
        </extensions>
      </trkpt>
      <trkpt lat="22.736354753834316" lon="113.9361665889343">
        <ele>31.887562018819153</ele>
        <time>2026-09-10T12:20:57.900000Z</time>
        <extensions>
          <gpxtpx:TrackPointExtension>
            <gpxtpx:hr>104</gpxtpx:hr>
          </gpxtpx:TrackPointExtension>
        </extensions>
      </trkpt>
      <trkpt lat="22.736367760478622" lon="113.9361750193884">
        <ele>31.8924966994673</ele>
        <time>2026-09-10T12:20:58.900000Z</time>
        <extensions>
          <gpxtpx:TrackPointExtension>
            <gpxtpx:hr>104</gpxtpx:hr>
          </gpxtpx:TrackPointExtension>
        </extensions>
      </trkpt>
      <trkpt lat="22.736381243822553" lon="113.93618456734919">
        <ele>31.90500137489289</ele>
        <time>2026-09-10T12:20:59.900000Z</time>
        <extensions>
          <gpxtpx:TrackPointExtension>
            <gpxtpx:hr>104</gpxtpx:hr>
          </gpxtpx:TrackPointExtension>
        </extensions>
      </trkpt>
      <trkpt lat="22.736394960906015" lon="113.93619530122078">
        <ele>31.924691000021994</ele>
        <time>2026-09-10T12:21:00.900000Z</time>
        <extensions>
          <gpxtpx:TrackPointExtension>
            <gpxtpx:hr>104</gpxtpx:hr>
          </gpxtpx:TrackPointExtension>
        </extensions>
      </trkpt>
      <trkpt lat="22.736408690317106" lon="113.93620754200212">
        <ele>31.95064284838736</ele>
        <time>2026-09-10T12:21:01.900000Z</time>
        <extensions>
          <gpxtpx:TrackPointExtension>
            <gpxtpx:hr>104</gpxtpx:hr>
          </gpxtpx:TrackPointExtension>
        </extensions>
      </trkpt>
      <trkpt lat="22.736422344489743" lon="113.93622219048183">
        <ele>31.98156762123108</ele>
        <time>2026-09-10T12:21:02.900000Z</time>
        <extensions>
          <gpxtpx:TrackPointExtension>
            <gpxtpx:hr>104</gpxtpx:hr>
          </gpxtpx:TrackPointExtension>
        </extensions>
      </trkpt>
      <trkpt lat="22.73643786480131" lon="113.93623926002934">
        <ele>32.016051487997174</ele>
        <time>2026-09-10T12:21:03.900000Z</time>
        <extensions>
          <gpxtpx:TrackPointExtension>
            <gpxtpx:hr>104</gpxtpx:hr>
          </gpxtpx:TrackPointExtension>
        </extensions>
      </trkpt>
      <trkpt lat="22.736456371828343" lon="113.9362578476476">
        <ele>32.05273186042905</ele>
        <time>2026-09-10T12:21:04.900000Z</time>
        <extensions>
          <gpxtpx:TrackPointExtension>
            <gpxtpx:hr>104</gpxtpx:hr>
          </gpxtpx:TrackPointExtension>
        </extensions>
      </trkpt>
      <trkpt lat="22.736476819943306" lon="113.93627763262242">
        <ele>32.09039631485939</ele>
        <time>2026-09-10T12:21:05.900000Z</time>
        <extensions>
          <gpxtpx:TrackPointExtension>
            <gpxtpx:hr>104</gpxtpx:hr>
          </gpxtpx:TrackPointExtension>
        </extensions>
      </trkpt>
      <trkpt lat="22.736499159884037" lon="113.93629852628358">
        <ele>32.128034454770386</ele>
        <time>2026-09-10T12:21:06.900000Z</time>
        <extensions>
          <gpxtpx:TrackPointExtension>
            <gpxtpx:hr>113</gpxtpx:hr>
          </gpxtpx:TrackPointExtension>
        </extensions>
      </trkpt>
      <trkpt lat="22.73652366848705" lon="113.93632026248531">
        <ele>32.164856784045696</ele>
        <time>2026-09-10T12:21:07.900000Z</time>
        <extensions>
          <gpxtpx:TrackPointExtension>
            <gpxtpx:hr>113</gpxtpx:hr>
          </gpxtpx:TrackPointExtension>
        </extensions>
      </trkpt>
      <trkpt lat="22.73655052023225" lon="113.9363425725208">
        <ele>32.200304513797164</ele>
        <time>2026-09-10T12:21:08.900000Z</time>
        <extensions>
          <gpxtpx:TrackPointExtension>
            <gpxtpx:hr>113</gpxtpx:hr>
          </gpxtpx:TrackPointExtension>
        </extensions>
      </trkpt>
      <trkpt lat="22.736578774345162" lon="113.93636516547802">
        <ele>32.23403223603964</ele>
        <time>2026-09-10T12:21:09.900000Z</time>
        <extensions>
          <gpxtpx:TrackPointExtension>
            <gpxtpx:hr>113</gpxtpx:hr>
          </gpxtpx:TrackPointExtension>
        </extensions>
      </trkpt>
      <trkpt lat="22.736606523654483" lon="113.9363877075484">
        <ele>32.26583094429225</ele>
        <time>2026-09-10T12:21:10.900000Z</time>
        <extensions>
          <gpxtpx:TrackPointExtension>
            <gpxtpx:hr>113</gpxtpx:hr>
          </gpxtpx:TrackPointExtension>
        </extensions>
      </trkpt>
      <trkpt lat="22.73663293170757" lon="113.93641007431926">
        <ele>32.29555095080286</ele>
        <time>2026-09-10T12:21:11.900000Z</time>
        <extensions>
          <gpxtpx:TrackPointExtension>
            <gpxtpx:hr>113</gpxtpx:hr>
          </gpxtpx:TrackPointExtension>
        </extensions>
      </trkpt>
      <trkpt lat="22.73665826029559" lon="113.93643221146593">
        <ele>32.32307510916144</ele>
        <time>2026-09-10T12:21:12.900000Z</time>
        <extensions>
          <gpxtpx:TrackPointExtension>
            <gpxtpx:hr>113</gpxtpx:hr>
          </gpxtpx:TrackPointExtension>
        </extensions>
      </trkpt>
      <trkpt lat="22.736682653596546" lon="113.93645394035235">
        <ele>32.348354485817254</ele>
        <time>2026-09-10T12:21:13.900000Z</time>
        <extensions>
          <gpxtpx:TrackPointExtension>
            <gpxtpx:hr>109</gpxtpx:hr>
          </gpxtpx:TrackPointExtension>
        </extensions>
      </trkpt>
      <trkpt lat="22.73670638200023" lon="113.93647515163354">
        <ele>32.371430380269885</ele>
        <time>2026-09-10T12:21:14.900000Z</time>
        <extensions>
          <gpxtpx:TrackPointExtension>
            <gpxtpx:hr>109</gpxtpx:hr>
          </gpxtpx:TrackPointExtension>
        </extensions>
      </trkpt>
      <trkpt lat="22.736730025207475" lon="113.93649598639378">
        <ele>32.392461348325014</ele>
        <time>2026-09-10T12:21:15.900000Z</time>
        <extensions>
          <gpxtpx:TrackPointExtension>
            <gpxtpx:hr>109</gpxtpx:hr>
          </gpxtpx:TrackPointExtension>
        </extensions>
      </trkpt>
      <trkpt lat="22.736754248107378" lon="113.93651665256492">
        <ele>32.411728823557496</ele>
        <time>2026-09-10T12:21:16.900000Z</time>
        <extensions>
          <gpxtpx:TrackPointExtension>
            <gpxtpx:hr>109</gpxtpx:hr>
          </gpxtpx:TrackPointExtension>
        </extensions>
      </trkpt>
      <trkpt lat="22.736779985395707" lon="113.9365373988554">
        <ele>32.429610231891274</ele>
        <time>2026-09-10T12:21:17.900000Z</time>
        <extensions>
          <gpxtpx:TrackPointExtension>
            <gpxtpx:hr>110</gpxtpx:hr>
          </gpxtpx:TrackPointExtension>
        </extensions>
      </trkpt>
      <trkpt lat="22.736807315809735" lon="113.93655842277025">
        <ele>32.44650078564882</ele>
        <time>2026-09-10T12:21:18.900000Z</time>
        <extensions>
          <gpxtpx:TrackPointExtension>
            <gpxtpx:hr>110</gpxtpx:hr>
          </gpxtpx:TrackPointExtension>
        </extensions>
      </trkpt>
      <trkpt lat="22.736834848421726" lon="113.93657983169429">
        <ele>32.46274426393211</ele>
        <time>2026-09-10T12:21:19.900000Z</time>
        <extensions>
          <gpxtpx:TrackPointExtension>
            <gpxtpx:hr>110</gpxtpx:hr>
          </gpxtpx:TrackPointExtension>
        </extensions>
      </trkpt>
      <trkpt lat="22.73686128629628" lon="113.93660150363877">
        <ele>32.47861057333648</ele>
        <time>2026-09-10T12:21:20.900000Z</time>
        <extensions>
          <gpxtpx:TrackPointExtension>
            <gpxtpx:hr>110</gpxtpx:hr>
          </gpxtpx:TrackPointExtension>
        </extensions>
      </trkpt>
      <trkpt lat="22.736886558040496" lon="113.93662328704549">
        <ele>32.49429764598608</ele>
        <time>2026-09-10T12:21:21.900000Z</time>
        <extensions>
          <gpxtpx:TrackPointExtension>
            <gpxtpx:hr>110</gpxtpx:hr>
          </gpxtpx:TrackPointExtension>
        </extensions>
      </trkpt>
      <trkpt lat="22.736911295317178" lon="113.93664508804808">
        <ele>32.50993769522756</ele>
        <time>2026-09-10T12:21:22.900000Z</time>
        <extensions>
          <gpxtpx:TrackPointExtension>
            <gpxtpx:hr>115</gpxtpx:hr>
          </gpxtpx:TrackPointExtension>
        </extensions>
      </trkpt>
      <trkpt lat="22.73693544292804" lon="113.93666667654178">
        <ele>32.525602884590626</ele>
        <time>2026-09-10T12:21:23.900000Z</time>
        <extensions>
          <gpxtpx:TrackPointExtension>
            <gpxtpx:hr>115</gpxtpx:hr>
          </gpxtpx:TrackPointExtension>
        </extensions>
      </trkpt>
      <trkpt lat="22.736958493895763" lon="113.93668777240806">
        <ele>32.54131388384849</ele>
        <time>2026-09-10T12:21:24.900000Z</time>
        <extensions>
          <gpxtpx:TrackPointExtension>
            <gpxtpx:hr>115</gpxtpx:hr>
          </gpxtpx:TrackPointExtension>
        </extensions>
      </trkpt>
      <trkpt lat="22.736980590539744" lon="113.93670829470047">
        <ele>32.55706571042538</ele>
        <time>2026-09-10T12:21:25.900000Z</time>
        <extensions>
          <gpxtpx:TrackPointExtension>
            <gpxtpx:hr>115</gpxtpx:hr>
          </gpxtpx:TrackPointExtension>
        </extensions>
      </trkpt>
      <trkpt lat="22.737002481207035" lon="113.93672850357443">
        <ele>32.57286277692765</ele>
        <time>2026-09-10T12:21:26.900000Z</time>
        <extensions>
          <gpxtpx:TrackPointExtension>
            <gpxtpx:hr>115</gpxtpx:hr>
          </gpxtpx:TrackPointExtension>
        </extensions>
      </trkpt>
      <trkpt lat="22.73702473225811" lon="113.93674877255177">
        <ele>32.5887481207028</ele>
        <time>2026-09-10T12:21:27.900000Z</time>
        <extensions>
          <gpxtpx:TrackPointExtension>
            <gpxtpx:hr>115</gpxtpx:hr>
          </gpxtpx:TrackPointExtension>
        </extensions>
      </trkpt>
      <trkpt lat="22.737047737667307" lon="113.93676934841044">
        <ele>32.60479933582246</ele>
        <time>2026-09-10T12:21:28.900000Z</time>
        <extensions>
          <gpxtpx:TrackPointExtension>
            <gpxtpx:hr>115</gpxtpx:hr>
          </gpxtpx:TrackPointExtension>
        </extensions>
      </trkpt>
      <trkpt lat="22.73707202757404" lon="113.93679047727996">
        <ele>32.62111838161945</ele>
        <time>2026-09-10T12:21:29.900000Z</time>
        <extensions>
          <gpxtpx:TrackPointExtension>
            <gpxtpx:hr>113</gpxtpx:hr>
          </gpxtpx:TrackPointExtension>
        </extensions>
      </trkpt>
      <trkpt lat="22.73709754086901" lon="113.9368118274982">
        <ele>32.637772956863046</ele>
        <time>2026-09-10T12:21:30.900000Z</time>
        <extensions>
          <gpxtpx:TrackPointExtension>
            <gpxtpx:hr>113</gpxtpx:hr>
          </gpxtpx:TrackPointExtension>
        </extensions>
      </trkpt>
      <trkpt lat="22.73712313062665" lon="113.93683261464639">
        <ele>32.65470736566931</ele>
        <time>2026-09-10T12:21:31.900000Z</time>
        <extensions>
          <gpxtpx:TrackPointExtension>
            <gpxtpx:hr>113</gpxtpx:hr>
          </gpxtpx:TrackPointExtension>
        </extensions>
      </trkpt>
      <trkpt lat="22.73714802424281" lon="113.93685309722257">
        <ele>32.67173655424267</ele>
        <time>2026-09-10T12:21:32.900000Z</time>
        <extensions>
          <gpxtpx:TrackPointExtension>
            <gpxtpx:hr>114</gpxtpx:hr>
          </gpxtpx:TrackPointExtension>
        </extensions>
      </trkpt>
      <trkpt lat="22.737172969649063" lon="113.9368740626974">
        <ele>32.68870283383876</ele>
        <time>2026-09-10T12:21:33.900000Z</time>
        <extensions>
          <gpxtpx:TrackPointExtension>
            <gpxtpx:hr>114</gpxtpx:hr>
          </gpxtpx:TrackPointExtension>
        </extensions>
      </trkpt>
      <trkpt lat="22.737198538239014" lon="113.93689547595443">
        <ele>32.70566202607006</ele>
        <time>2026-09-10T12:21:34.900000Z</time>
        <extensions>
          <gpxtpx:TrackPointExtension>
            <gpxtpx:hr>114</gpxtpx:hr>
          </gpxtpx:TrackPointExtension>
        </extensions>
      </trkpt>
      <trkpt lat="22.73722398832001" lon="113.9369168245168">
        <ele>32.72294096183032</ele>
        <time>2026-09-10T12:21:35.900000Z</time>
        <extensions>
          <gpxtpx:TrackPointExtension>
            <gpxtpx:hr>114</gpxtpx:hr>
          </gpxtpx:TrackPointExtension>
        </extensions>
      </trkpt>
      <trkpt lat="22.73724843280933" lon="113.93693781983761">
        <ele>32.74108485132456</ele>
        <time>2026-09-10T12:21:36.900000Z</time>
        <extensions>
          <gpxtpx:TrackPointExtension>
            <gpxtpx:hr>114</gpxtpx:hr>
          </gpxtpx:TrackPointExtension>
        </extensions>
      </trkpt>
      <trkpt lat="22.737271700662568" lon="113.93695842596776">
        <ele>32.76075088046491</ele>
        <time>2026-09-10T12:21:37.900000Z</time>
        <extensions>
          <gpxtpx:TrackPointExtension>
            <gpxtpx:hr>114</gpxtpx:hr>
          </gpxtpx:TrackPointExtension>
        </extensions>
      </trkpt>
      <trkpt lat="22.73729429095039" lon="113.93697889033932">
        <ele>32.78254120238125</ele>
        <time>2026-09-10T12:21:38.900000Z</time>
        <extensions>
          <gpxtpx:TrackPointExtension>
            <gpxtpx:hr>114</gpxtpx:hr>
          </gpxtpx:TrackPointExtension>
        </extensions>
      </trkpt>
      <trkpt lat="22.737317184778647" lon="113.93699956515997">
        <ele>32.806820129044354</ele>
        <time>2026-09-10T12:21:39.900000Z</time>
        <extensions>
          <gpxtpx:TrackPointExtension>
            <gpxtpx:hr>114</gpxtpx:hr>
          </gpxtpx:TrackPointExtension>
        </extensions>
      </trkpt>
      <trkpt lat="22.73734120354685" lon="113.93702067541442">
        <ele>32.83360875863582</ele>
        <time>2026-09-10T12:21:40.900000Z</time>
        <extensions>
          <gpxtpx:TrackPointExtension>
            <gpxtpx:hr>114</gpxtpx:hr>
          </gpxtpx:TrackPointExtension>
        </extensions>
      </trkpt>
      <trkpt lat="22.737366489121666" lon="113.93704209373303">
        <ele>32.86254172306508</ele>
        <time>2026-09-10T12:21:41.900000Z</time>
        <extensions>
          <gpxtpx:TrackPointExtension>
            <gpxtpx:hr>114</gpxtpx:hr>
          </gpxtpx:TrackPointExtension>
        </extensions>
      </trkpt>
      <trkpt lat="22.737392812502684" lon="113.93706348756713">
        <ele>32.89286306966096</ele>
        <time>2026-09-10T12:21:42.900000Z</time>
        <extensions>
          <gpxtpx:TrackPointExtension>
            <gpxtpx:hr>114</gpxtpx:hr>
          </gpxtpx:TrackPointExtension>
        </extensions>
      </trkpt>
      <trkpt lat="22.73741971932044" lon="113.93708484498978">
        <ele>32.92352294269949</ele>
        <time>2026-09-10T12:21:43.900000Z</time>
        <extensions>
          <gpxtpx:TrackPointExtension>
            <gpxtpx:hr>114</gpxtpx:hr>
          </gpxtpx:TrackPointExtension>
        </extensions>
      </trkpt>
      <trkpt lat="22.737446213423222" lon="113.9371062133073">
        <ele>32.95330930594355</ele>
        <time>2026-09-10T12:21:44.900000Z</time>
        <extensions>
          <gpxtpx:TrackPointExtension>
            <gpxtpx:hr>114</gpxtpx:hr>
          </gpxtpx:TrackPointExtension>
        </extensions>
      </trkpt>
      <trkpt lat="22.737471886289825" lon="113.93712757760308">
        <ele>32.981035058386624</ele>
        <time>2026-09-10T12:21:45.900000Z</time>
        <extensions>
          <gpxtpx:TrackPointExtension>
            <gpxtpx:hr>114</gpxtpx:hr>
          </gpxtpx:TrackPointExtension>
        </extensions>
      </trkpt>
      <trkpt lat="22.73749734584828" lon="113.93714899710905">
        <ele>33.00581220164895</ele>
        <time>2026-09-10T12:21:46.900000Z</time>
        <extensions>
          <gpxtpx:TrackPointExtension>
            <gpxtpx:hr>114</gpxtpx:hr>
          </gpxtpx:TrackPointExtension>
        </extensions>
      </trkpt>
      <trkpt lat="22.73752310519581" lon="113.93717022971168">
        <ele>33.02723651379347</ele>
        <time>2026-09-10T12:21:47.900000Z</time>
        <extensions>
          <gpxtpx:TrackPointExtension>
            <gpxtpx:hr>109</gpxtpx:hr>
          </gpxtpx:TrackPointExtension>
        </extensions>
      </trkpt>
      <trkpt lat="22.73754881833816" lon="113.93719073071358">
        <ele>33.04527051560581</ele>
        <time>2026-09-10T12:21:48.900000Z</time>
        <extensions>
          <gpxtpx:TrackPointExtension>
            <gpxtpx:hr>109</gpxtpx:hr>
          </gpxtpx:TrackPointExtension>
        </extensions>
      </trkpt>
      <trkpt lat="22.737573836335063" lon="113.93721047357593">
        <ele>33.05999164376408</ele>
        <time>2026-09-10T12:21:49.900000Z</time>
        <extensions>
          <gpxtpx:TrackPointExtension>
            <gpxtpx:hr>109</gpxtpx:hr>
          </gpxtpx:TrackPointExtension>
        </extensions>
      </trkpt>
      <trkpt lat="22.737598018883133" lon="113.93723016669276">
        <ele>33.07144526578486</ele>
        <time>2026-09-10T12:21:50.900000Z</time>
        <extensions>
          <gpxtpx:TrackPointExtension>
            <gpxtpx:hr>109</gpxtpx:hr>
          </gpxtpx:TrackPointExtension>
        </extensions>
      </trkpt>
      <trkpt lat="22.737622081178582" lon="113.93725049248643">
        <ele>33.0796381207183</ele>
        <time>2026-09-10T12:21:51.900000Z</time>
        <extensions>
          <gpxtpx:TrackPointExtension>
            <gpxtpx:hr>109</gpxtpx:hr>
          </gpxtpx:TrackPointExtension>
        </extensions>
      </trkpt>
      <trkpt lat="22.737647042174977" lon="113.93727171735196">
        <ele>33.08456527348608</ele>
        <time>2026-09-10T12:21:52.900000Z</time>
        <extensions>
          <gpxtpx:TrackPointExtension>
            <gpxtpx:hr>109</gpxtpx:hr>
          </gpxtpx:TrackPointExtension>
        </extensions>
      </trkpt>
      <trkpt lat="22.737672902748756" lon="113.93729317193504">
        <ele>33.086159844882786</ele>
        <time>2026-09-10T12:21:53.900000Z</time>
        <extensions>
          <gpxtpx:TrackPointExtension>
            <gpxtpx:hr>109</gpxtpx:hr>
          </gpxtpx:TrackPointExtension>
        </extensions>
      </trkpt>
      <trkpt lat="22.737698885677446" lon="113.9373138745081">
        <ele>33.08420842792839</ele>
        <time>2026-09-10T12:21:54.900000Z</time>
        <extensions>
          <gpxtpx:TrackPointExtension>
            <gpxtpx:hr>110</gpxtpx:hr>
          </gpxtpx:TrackPointExtension>
        </extensions>
      </trkpt>
      <trkpt lat="22.737724720426524" lon="113.93733356681496">
        <ele>33.07833257690072</ele>
        <time>2026-09-10T12:21:55.900000Z</time>
        <extensions>
          <gpxtpx:TrackPointExtension>
            <gpxtpx:hr>110</gpxtpx:hr>
          </gpxtpx:TrackPointExtension>
        </extensions>
      </trkpt>
      <trkpt lat="22.73775036381916" lon="113.9373524859168">
        <ele>33.06807218492031</ele>
        <time>2026-09-10T12:21:56.900000Z</time>
        <extensions>
          <gpxtpx:TrackPointExtension>
            <gpxtpx:hr>110</gpxtpx:hr>
          </gpxtpx:TrackPointExtension>
        </extensions>
      </trkpt>
      <trkpt lat="22.737776020014905" lon="113.93737126878872">
        <ele>33.05298110097647</ele>
        <time>2026-09-10T12:21:57.900000Z</time>
        <extensions>
          <gpxtpx:TrackPointExtension>
            <gpxtpx:hr>110</gpxtpx:hr>
          </gpxtpx:TrackPointExtension>
        </extensions>
      </trkpt>
      <trkpt lat="22.737801955380593" lon="113.93739048707695">
        <ele>33.03260866366327</ele>
        <time>2026-09-10T12:21:58.900000Z</time>
        <extensions>
          <gpxtpx:TrackPointExtension>
            <gpxtpx:hr>110</gpxtpx:hr>
          </gpxtpx:TrackPointExtension>
        </extensions>
      </trkpt>
      <trkpt lat="22.737827307794646" lon="113.93740977573334">
        <ele>33.006400333717465</ele>
        <time>2026-09-10T12:21:59.900000Z</time>
        <extensions>
          <gpxtpx:TrackPointExtension>
            <gpxtpx:hr>108</gpxtpx:hr>
          </gpxtpx:TrackPointExtension>
        </extensions>
      </trkpt>
      <trkpt lat="22.7378507802335" lon="113.93742835341078">
        <ele>32.97349392995238</ele>
        <time>2026-09-10T12:22:00.900000Z</time>
        <extensions>
          <gpxtpx:TrackPointExtension>
            <gpxtpx:hr>108</gpxtpx:hr>
          </gpxtpx:TrackPointExtension>
        </extensions>
      </trkpt>
      <trkpt lat="22.737871605769044" lon="113.93744588100141">
        <ele>32.93233402632177</ele>
        <time>2026-09-10T12:22:01.900000Z</time>
        <extensions>
          <gpxtpx:TrackPointExtension>
            <gpxtpx:hr>108</gpxtpx:hr>
          </gpxtpx:TrackPointExtension>
        </extensions>
      </trkpt>
      <trkpt lat="22.737889313471257" lon="113.93746236821414">
        <ele>32.88015460874885</ele>
        <time>2026-09-10T12:22:02.900000Z</time>
        <extensions>
          <gpxtpx:TrackPointExtension>
            <gpxtpx:hr>108</gpxtpx:hr>
          </gpxtpx:TrackPointExtension>
        </extensions>
      </trkpt>
      <trkpt lat="22.73790385111806" lon="113.93747856587262">
        <ele>32.8123031295836</ele>
        <time>2026-09-10T12:22:03.900000Z</time>
        <extensions>
          <gpxtpx:TrackPointExtension>
            <gpxtpx:hr>107</gpxtpx:hr>
          </gpxtpx:TrackPointExtension>
        </extensions>
      </trkpt>
      <trkpt lat="22.737915453654843" lon="113.93749618385517">
        <ele>32.721430411562324</ele>
        <time>2026-09-10T12:22:04.900000Z</time>
        <extensions>
          <gpxtpx:TrackPointExtension>
            <gpxtpx:hr>107</gpxtpx:hr>
          </gpxtpx:TrackPointExtension>
        </extensions>
      </trkpt>
      <trkpt lat="22.73791545264855" lon="113.93749619105613">
        <ele>32.72141901962459</ele>
        <time>2026-09-10T12:22:04.900000Z</time>
        <extensions>
          <gpxtpx:TrackPointExtension>
            <gpxtpx:hr>107</gpxtpx:hr>
          </gpxtpx:TrackPointExtension>
        </extensions>
      </trkpt>
      <trkpt lat="22.7379232619574" lon="113.93751662572977">
        <ele>32.63691268954426</ele>
        <time>2026-09-10T12:22:05.900000Z</time>
        <extensions>
          <gpxtpx:TrackPointExtension>
            <gpxtpx:hr>107</gpxtpx:hr>
          </gpxtpx:TrackPointExtension>
        </extensions>
      </trkpt>
      <trkpt lat="22.737925541339667" lon="113.93753815668887">
        <ele>32.587541811168194</ele>
        <time>2026-09-10T12:22:06.900000Z</time>
        <extensions>
          <gpxtpx:TrackPointExtension>
            <gpxtpx:hr>106</gpxtpx:hr>
          </gpxtpx:TrackPointExtension>
        </extensions>
      </trkpt>
      <trkpt lat="22.737922146818914" lon="113.93755753505786">
        <ele>32.56448178831488</ele>
        <time>2026-09-10T12:22:07.900000Z</time>
        <extensions>
          <gpxtpx:TrackPointExtension>
            <gpxtpx:hr>106</gpxtpx:hr>
          </gpxtpx:TrackPointExtension>
        </extensions>
      </trkpt>
      <trkpt lat="22.73791493727187" lon="113.93757397325082">
        <ele>32.561274140141904</ele>
        <time>2026-09-10T12:22:08.900000Z</time>
        <extensions>
          <gpxtpx:TrackPointExtension>
            <gpxtpx:hr>106</gpxtpx:hr>
          </gpxtpx:TrackPointExtension>
        </extensions>
      </trkpt>
      <trkpt lat="22.737906406433876" lon="113.93758922920745">
        <ele>32.57324940152466</ele>
        <time>2026-09-10T12:22:09.900000Z</time>
        <extensions>
          <gpxtpx:TrackPointExtension>
            <gpxtpx:hr>106</gpxtpx:hr>
          </gpxtpx:TrackPointExtension>
        </extensions>
      </trkpt>
      <trkpt lat="22.73789796073772" lon="113.93760457529338">
        <ele>32.59695238061249</ele>
        <time>2026-09-10T12:22:10.900000Z</time>
        <extensions>
          <gpxtpx:TrackPointExtension>
            <gpxtpx:hr>105</gpxtpx:hr>
          </gpxtpx:TrackPointExtension>
        </extensions>
      </trkpt>
      <trkpt lat="22.737890005389502" lon="113.93762020782238">
        <ele>32.62970946636051</ele>
        <time>2026-09-10T12:22:11.900000Z</time>
        <extensions>
          <gpxtpx:TrackPointExtension>
            <gpxtpx:hr>105</gpxtpx:hr>
          </gpxtpx:TrackPointExtension>
        </extensions>
      </trkpt>
      <trkpt lat="22.737883145728414" lon="113.93763707739829">
        <ele>32.669283458031714</ele>
        <time>2026-09-10T12:22:12.900000Z</time>
        <extensions>
          <gpxtpx:TrackPointExtension>
            <gpxtpx:hr>105</gpxtpx:hr>
          </gpxtpx:TrackPointExtension>
        </extensions>
      </trkpt>
      <trkpt lat="22.73787774695732" lon="113.93765616382032">
        <ele>32.71365477796644</ele>
        <time>2026-09-10T12:22:13.900000Z</time>
        <extensions>
          <gpxtpx:TrackPointExtension>
            <gpxtpx:hr>105</gpxtpx:hr>
          </gpxtpx:TrackPointExtension>
        </extensions>
      </trkpt>
      <trkpt lat="22.737873899543086" lon="113.93767605671363">
        <ele>32.760993633419275</ele>
        <time>2026-09-10T12:22:14.900000Z</time>
        <extensions>
          <gpxtpx:TrackPointExtension>
            <gpxtpx:hr>105</gpxtpx:hr>
          </gpxtpx:TrackPointExtension>
        </extensions>
      </trkpt>
      <trkpt lat="22.737870577758656" lon="113.93769514045361">
        <ele>32.80970613192767</ele>
        <time>2026-09-10T12:22:15.900000Z</time>
        <extensions>
          <gpxtpx:TrackPointExtension>
            <gpxtpx:hr>105</gpxtpx:hr>
          </gpxtpx:TrackPointExtension>
        </extensions>
      </trkpt>
      <trkpt lat="22.737865685607506" lon="113.93771468389305">
        <ele>32.85852195136249</ele>
        <time>2026-09-10T12:22:16.900000Z</time>
        <extensions>
          <gpxtpx:TrackPointExtension>
            <gpxtpx:hr>105</gpxtpx:hr>
          </gpxtpx:TrackPointExtension>
        </extensions>
      </trkpt>
      <trkpt lat="22.73785859045267" lon="113.93773552129015">
        <ele>32.90660809073597</ele>
        <time>2026-09-10T12:22:17.900000Z</time>
        <extensions>
          <gpxtpx:TrackPointExtension>
            <gpxtpx:hr>109</gpxtpx:hr>
          </gpxtpx:TrackPointExtension>
        </extensions>
      </trkpt>
      <trkpt lat="22.737850249013313" lon="113.93775737395465">
        <ele>32.95361027494073</ele>
        <time>2026-09-10T12:22:18.900000Z</time>
        <extensions>
          <gpxtpx:TrackPointExtension>
            <gpxtpx:hr>109</gpxtpx:hr>
          </gpxtpx:TrackPointExtension>
        </extensions>
      </trkpt>
      <trkpt lat="22.737842894499845" lon="113.93777775628872">
        <ele>32.999596452340484</ele>
        <time>2026-09-10T12:22:19.900000Z</time>
        <extensions>
          <gpxtpx:TrackPointExtension>
            <gpxtpx:hr>109</gpxtpx:hr>
          </gpxtpx:TrackPointExtension>
        </extensions>
      </trkpt>
      <trkpt lat="22.737837553765203" lon="113.93779492005417">
        <ele>33.04494391940534</ele>
        <time>2026-09-10T12:22:20.900000Z</time>
        <extensions>
          <gpxtpx:TrackPointExtension>
            <gpxtpx:hr>109</gpxtpx:hr>
          </gpxtpx:TrackPointExtension>
        </extensions>
      </trkpt>
      <trkpt lat="22.737832532168945" lon="113.93781089626617">
        <ele>33.09015242289752</ele>
        <time>2026-09-10T12:22:21.900000Z</time>
        <extensions>
          <gpxtpx:TrackPointExtension>
            <gpxtpx:hr>109</gpxtpx:hr>
          </gpxtpx:TrackPointExtension>
        </extensions>
      </trkpt>
      <trkpt lat="22.737826092401562" lon="113.93782732211855">
        <ele>33.13560456316918</ele>
        <time>2026-09-10T12:22:22.900000Z</time>
        <extensions>
          <gpxtpx:TrackPointExtension>
            <gpxtpx:hr>109</gpxtpx:hr>
          </gpxtpx:TrackPointExtension>
        </extensions>
      </trkpt>
      <trkpt lat="22.737817447971075" lon="113.93784480775065">
        <ele>33.181385178118944</ele>
        <time>2026-09-10T12:22:23.900000Z</time>
        <extensions>
          <gpxtpx:TrackPointExtension>
            <gpxtpx:hr>109</gpxtpx:hr>
          </gpxtpx:TrackPointExtension>
        </extensions>
      </trkpt>
      <trkpt lat="22.73780703534199" lon="113.93786356546863">
        <ele>33.22720127366483</ele>
        <time>2026-09-10T12:22:24.900000Z</time>
        <extensions>
          <gpxtpx:TrackPointExtension>
            <gpxtpx:hr>109</gpxtpx:hr>
          </gpxtpx:TrackPointExtension>
        </extensions>
      </trkpt>
      <trkpt lat="22.737795748525883" lon="113.93788354507677">
        <ele>33.27238843590021</ele>
        <time>2026-09-10T12:22:25.900000Z</time>
        <extensions>
          <gpxtpx:TrackPointExtension>
            <gpxtpx:hr>109</gpxtpx:hr>
          </gpxtpx:TrackPointExtension>
        </extensions>
      </trkpt>
      <trkpt lat="22.737784885633996" lon="113.93790374530116">
        <ele>33.31606095004827</ele>
        <time>2026-09-10T12:22:26.900000Z</time>
        <extensions>
          <gpxtpx:TrackPointExtension>
            <gpxtpx:hr>109</gpxtpx:hr>
          </gpxtpx:TrackPointExtension>
        </extensions>
      </trkpt>
      <trkpt lat="22.73777629505268" lon="113.93792255385776">
        <ele>33.35739085357636</ele>
        <time>2026-09-10T12:22:27.900000Z</time>
        <extensions>
          <gpxtpx:TrackPointExtension>
            <gpxtpx:hr>109</gpxtpx:hr>
          </gpxtpx:TrackPointExtension>
        </extensions>
      </trkpt>
      <trkpt lat="22.73777026174265" lon="113.9379405021882">
        <ele>33.395848132669926</ele>
        <time>2026-09-10T12:22:28.900000Z</time>
        <extensions>
          <gpxtpx:TrackPointExtension>
            <gpxtpx:hr>109</gpxtpx:hr>
          </gpxtpx:TrackPointExtension>
        </extensions>
      </trkpt>
      <trkpt lat="22.737765156504505" lon="113.93796028779863">
        <ele>33.43131463415921</ele>
        <time>2026-09-10T12:22:29.900000Z</time>
        <extensions>
          <gpxtpx:TrackPointExtension>
            <gpxtpx:hr>109</gpxtpx:hr>
          </gpxtpx:TrackPointExtension>
        </extensions>
      </trkpt>
      <trkpt lat="22.737760455490648" lon="113.93798122955904">
        <ele>33.46411216724664</ele>
        <time>2026-09-10T12:22:30.900000Z</time>
        <extensions>
          <gpxtpx:TrackPointExtension>
            <gpxtpx:hr>109</gpxtpx:hr>
          </gpxtpx:TrackPointExtension>
        </extensions>
      </trkpt>
      <trkpt lat="22.73775682437337" lon="113.93800046402582">
        <ele>33.49488970078528</ele>
        <time>2026-09-10T12:22:31.900000Z</time>
        <extensions>
          <gpxtpx:TrackPointExtension>
            <gpxtpx:hr>109</gpxtpx:hr>
          </gpxtpx:TrackPointExtension>
        </extensions>
      </trkpt>
      <trkpt lat="22.737753848821935" lon="113.93801928348873">
        <ele>33.524369481951</ele>
        <time>2026-09-10T12:22:32.900000Z</time>
        <extensions>
          <gpxtpx:TrackPointExtension>
            <gpxtpx:hr>109</gpxtpx:hr>
          </gpxtpx:TrackPointExtension>
        </extensions>
      </trkpt>
      <trkpt lat="22.737750150797822" lon="113.93803869078332">
        <ele>33.553136247210205</ele>
        <time>2026-09-10T12:22:33.900000Z</time>
        <extensions>
          <gpxtpx:TrackPointExtension>
            <gpxtpx:hr>109</gpxtpx:hr>
          </gpxtpx:TrackPointExtension>
        </extensions>
      </trkpt>
      <trkpt lat="22.737745819124335" lon="113.93805820378604">
        <ele>33.58157266397029</ele>
        <time>2026-09-10T12:22:34.900000Z</time>
        <extensions>
          <gpxtpx:TrackPointExtension>
            <gpxtpx:hr>109</gpxtpx:hr>
          </gpxtpx:TrackPointExtension>
        </extensions>
      </trkpt>
      <trkpt lat="22.737741305780307" lon="113.93807984162432">
        <ele>33.60988481622189</ele>
        <time>2026-09-10T12:22:35.900000Z</time>
        <extensions>
          <gpxtpx:TrackPointExtension>
            <gpxtpx:hr>109</gpxtpx:hr>
          </gpxtpx:TrackPointExtension>
        </extensions>
      </trkpt>
      <trkpt lat="22.737734944198834" lon="113.93810641263994">
        <ele>33.638196958228946</ele>
        <time>2026-09-10T12:22:36.900000Z</time>
        <extensions>
          <gpxtpx:TrackPointExtension>
            <gpxtpx:hr>109</gpxtpx:hr>
          </gpxtpx:TrackPointExtension>
        </extensions>
      </trkpt>
      <trkpt lat="22.737724102533967" lon="113.93814003114619">
        <ele>33.66672481037676</ele>
        <time>2026-09-10T12:22:37.900000Z</time>
        <extensions>
          <gpxtpx:TrackPointExtension>
            <gpxtpx:hr>107</gpxtpx:hr>
          </gpxtpx:TrackPointExtension>
        </extensions>
      </trkpt>
      <trkpt lat="22.73771031406012" lon="113.93817896706463">
        <ele>33.69587748683989</ele>
        <time>2026-09-10T12:22:38.900000Z</time>
        <extensions>
          <gpxtpx:TrackPointExtension>
            <gpxtpx:hr>107</gpxtpx:hr>
          </gpxtpx:TrackPointExtension>
        </extensions>
      </trkpt>
      <trkpt lat="22.737694426091757" lon="113.93822042717407">
        <ele>33.726147756911814</ele>
        <time>2026-09-10T12:22:39.900000Z</time>
        <extensions>
          <gpxtpx:TrackPointExtension>
            <gpxtpx:hr>107</gpxtpx:hr>
          </gpxtpx:TrackPointExtension>
        </extensions>
      </trkpt>
      <trkpt lat="22.737675702257274" lon="113.93826291196919">
        <ele>33.75790648441762</ele>
        <time>2026-09-10T12:22:40.900000Z</time>
        <extensions>
          <gpxtpx:TrackPointExtension>
            <gpxtpx:hr>107</gpxtpx:hr>
          </gpxtpx:TrackPointExtension>
        </extensions>
      </trkpt>
      <trkpt lat="22.737655956193297" lon="113.93830501688629">
        <ele>33.791299988515675</ele>
        <time>2026-09-10T12:22:41.900000Z</time>
        <extensions>
          <gpxtpx:TrackPointExtension>
            <gpxtpx:hr>107</gpxtpx:hr>
          </gpxtpx:TrackPointExtension>
        </extensions>
      </trkpt>
      <trkpt lat="22.73763579709103" lon="113.93834684772526">
        <ele>33.826278764754534</ele>
        <time>2026-09-10T12:22:42.900000Z</time>
        <extensions>
          <gpxtpx:TrackPointExtension>
            <gpxtpx:hr>107</gpxtpx:hr>
          </gpxtpx:TrackPointExtension>
        </extensions>
      </trkpt>
      <trkpt lat="22.737615454364875" lon="113.93838841424316">
        <ele>33.8627157015726</ele>
        <time>2026-09-10T12:22:43.900000Z</time>
        <extensions>
          <gpxtpx:TrackPointExtension>
            <gpxtpx:hr>109</gpxtpx:hr>
          </gpxtpx:TrackPointExtension>
        </extensions>
      </trkpt>
      <trkpt lat="22.73759550891378" lon="113.93842876157777">
        <ele>33.90064459759742</ele>
        <time>2026-09-10T12:22:44.900000Z</time>
        <extensions>
          <gpxtpx:TrackPointExtension>
            <gpxtpx:hr>109</gpxtpx:hr>
          </gpxtpx:TrackPointExtension>
        </extensions>
      </trkpt>
      <trkpt lat="22.737576543051155" lon="113.93846746657951">
        <ele>33.940579706802964</ele>
        <time>2026-09-10T12:22:45.900000Z</time>
        <extensions>
          <gpxtpx:TrackPointExtension>
            <gpxtpx:hr>109</gpxtpx:hr>
          </gpxtpx:TrackPointExtension>
        </extensions>
      </trkpt>
      <trkpt lat="22.737559107515064" lon="113.93850478957674">
        <ele>33.98382844682783</ele>
        <time>2026-09-10T12:22:46.900000Z</time>
        <extensions>
          <gpxtpx:TrackPointExtension>
            <gpxtpx:hr>109</gpxtpx:hr>
          </gpxtpx:TrackPointExtension>
        </extensions>
      </trkpt>
      <trkpt lat="22.737543646805644" lon="113.93854024121673">
        <ele>34.03278411831707</ele>
        <time>2026-09-10T12:22:47.900000Z</time>
        <extensions>
          <gpxtpx:TrackPointExtension>
            <gpxtpx:hr>110</gpxtpx:hr>
          </gpxtpx:TrackPointExtension>
        </extensions>
      </trkpt>
      <trkpt lat="22.7375305845023" lon="113.93857299372479">
        <ele>34.091067185625434</ele>
        <time>2026-09-10T12:22:48.900000Z</time>
        <extensions>
          <gpxtpx:TrackPointExtension>
            <gpxtpx:hr>110</gpxtpx:hr>
          </gpxtpx:TrackPointExtension>
        </extensions>
      </trkpt>
      <trkpt lat="22.737519319574517" lon="113.9386031053111">
        <ele>34.163332015275955</ele>
        <time>2026-09-10T12:22:49.900000Z</time>
        <extensions>
          <gpxtpx:TrackPointExtension>
            <gpxtpx:hr>110</gpxtpx:hr>
          </gpxtpx:TrackPointExtension>
        </extensions>
      </trkpt>
      <trkpt lat="22.73750957982371" lon="113.93863195444389">
        <ele>34.25469235237688</ele>
        <time>2026-09-10T12:22:50.900000Z</time>
        <extensions>
          <gpxtpx:TrackPointExtension>
            <gpxtpx:hr>110</gpxtpx:hr>
          </gpxtpx:TrackPointExtension>
        </extensions>
      </trkpt>
      <trkpt lat="22.737501654475015" lon="113.93866005053935">
        <ele>34.369919502176344</ele>
        <time>2026-09-10T12:22:51.900000Z</time>
        <extensions>
          <gpxtpx:TrackPointExtension>
            <gpxtpx:hr>111</gpxtpx:hr>
          </gpxtpx:TrackPointExtension>
        </extensions>
      </trkpt>
      <trkpt lat="22.73749500239754" lon="113.93868769419551">
        <ele>34.512334333732724</ele>
        <time>2026-09-10T12:22:52.900000Z</time>
        <extensions>
          <gpxtpx:TrackPointExtension>
            <gpxtpx:hr>111</gpxtpx:hr>
          </gpxtpx:TrackPointExtension>
        </extensions>
      </trkpt>
      <trkpt lat="22.737489385761176" lon="113.93871605561289">
        <ele>34.6821145741269</ele>
        <time>2026-09-10T12:22:53.900000Z</time>
        <extensions>
          <gpxtpx:TrackPointExtension>
            <gpxtpx:hr>111</gpxtpx:hr>
          </gpxtpx:TrackPointExtension>
        </extensions>
      </trkpt>
      <trkpt lat="22.73748374586438" lon="113.9387467446341">
        <ele>34.87373267952353</ele>
        <time>2026-09-10T12:22:54.900000Z</time>
        <extensions>
          <gpxtpx:TrackPointExtension>
            <gpxtpx:hr>111</gpxtpx:hr>
          </gpxtpx:TrackPointExtension>
        </extensions>
      </trkpt>
      <trkpt lat="22.737475963967036" lon="113.93878384172402">
        <ele>35.083542834967375</ele>
        <time>2026-09-10T12:22:55.900000Z</time>
        <extensions>
          <gpxtpx:TrackPointExtension>
            <gpxtpx:hr>111</gpxtpx:hr>
          </gpxtpx:TrackPointExtension>
        </extensions>
      </trkpt>
      <trkpt lat="22.737464329412724" lon="113.9388349213839">
        <ele>35.32908531744033</ele>
        <time>2026-09-10T12:22:56.900000Z</time>
        <extensions>
          <gpxtpx:TrackPointExtension>
            <gpxtpx:hr>111</gpxtpx:hr>
          </gpxtpx:TrackPointExtension>
        </extensions>
      </trkpt>
      <trkpt lat="22.73733325573401" lon="113.93934047540525">
        <ele>36.118737859651446</ele>
        <time>2026-09-10T12:23:05.200000Z</time>
        <extensions>
          <gpxtpx:TrackPointExtension>
            <gpxtpx:hr>115</gpxtpx:hr>
          </gpxtpx:TrackPointExtension>
        </extensions>
      </trkpt>
      <trkpt lat="22.737320361360712" lon="113.93938639597867">
        <ele>35.99600482452661</ele>
        <time>2026-09-10T12:23:06.200000Z</time>
        <extensions>
          <gpxtpx:TrackPointExtension>
            <gpxtpx:hr>115</gpxtpx:hr>
          </gpxtpx:TrackPointExtension>
        </extensions>
      </trkpt>
      <trkpt lat="22.737314092889363" lon="113.93941142729327">
        <ele>35.81373533420265</ele>
        <time>2026-09-10T12:23:07.200000Z</time>
        <extensions>
          <gpxtpx:TrackPointExtension>
            <gpxtpx:hr>116</gpxtpx:hr>
          </gpxtpx:TrackPointExtension>
        </extensions>
      </trkpt>
      <trkpt lat="22.737310635781554" lon="113.93942755908776">
        <ele>35.61181339249015</ele>
        <time>2026-09-10T12:23:08.200000Z</time>
        <extensions>
          <gpxtpx:TrackPointExtension>
            <gpxtpx:hr>116</gpxtpx:hr>
          </gpxtpx:TrackPointExtension>
        </extensions>
      </trkpt>
      <trkpt lat="22.73730840533713" lon="113.93943956972186">
        <ele>35.423228945583105</ele>
        <time>2026-09-10T12:23:09.200000Z</time>
        <extensions>
          <gpxtpx:TrackPointExtension>
            <gpxtpx:hr>116</gpxtpx:hr>
          </gpxtpx:TrackPointExtension>
        </extensions>
      </trkpt>
      <trkpt lat="22.737306675600713" lon="113.93944960566172">
        <ele>35.26783620193601</ele>
        <time>2026-09-10T12:23:10.200000Z</time>
        <extensions>
          <gpxtpx:TrackPointExtension>
            <gpxtpx:hr>116</gpxtpx:hr>
          </gpxtpx:TrackPointExtension>
        </extensions>
      </trkpt>
      <trkpt lat="22.737305013218993" lon="113.93945903954575">
        <ele>35.15253651794046</ele>
        <time>2026-09-10T12:23:11.200000Z</time>
        <extensions>
          <gpxtpx:TrackPointExtension>
            <gpxtpx:hr>116</gpxtpx:hr>
          </gpxtpx:TrackPointExtension>
        </extensions>
      </trkpt>
      <trkpt lat="22.73730324231433" lon="113.93946827706056">
        <ele>35.0763376718387</ele>
        <time>2026-09-10T12:23:12.200000Z</time>
        <extensions>
          <gpxtpx:TrackPointExtension>
            <gpxtpx:hr>117</gpxtpx:hr>
          </gpxtpx:TrackPointExtension>
        </extensions>
      </trkpt>
      <trkpt lat="22.73730139228952" lon="113.93947701280419">
        <ele>35.03396906796843</ele>
        <time>2026-09-10T12:23:13.200000Z</time>
        <extensions>
          <gpxtpx:TrackPointExtension>
            <gpxtpx:hr>117</gpxtpx:hr>
          </gpxtpx:TrackPointExtension>
        </extensions>
      </trkpt>
      <trkpt lat="22.737299507381277" lon="113.93948524626481">
        <ele>35.01835464499891</ele>
        <time>2026-09-10T12:23:14.200000Z</time>
        <extensions>
          <gpxtpx:TrackPointExtension>
            <gpxtpx:hr>117</gpxtpx:hr>
          </gpxtpx:TrackPointExtension>
        </extensions>
      </trkpt>
      <trkpt lat="22.737297637145467" lon="113.9394932245143">
        <ele>35.022277887910604</ele>
        <time>2026-09-10T12:23:15.200000Z</time>
        <extensions>
          <gpxtpx:TrackPointExtension>
            <gpxtpx:hr>117</gpxtpx:hr>
          </gpxtpx:TrackPointExtension>
        </extensions>
      </trkpt>
      <trkpt lat="22.73729573083419" lon="113.93950181697032">
        <ele>35.03951744642109</ele>
        <time>2026-09-10T12:23:16.200000Z</time>
        <extensions>
          <gpxtpx:TrackPointExtension>
            <gpxtpx:hr>117</gpxtpx:hr>
          </gpxtpx:TrackPointExtension>
        </extensions>
      </trkpt>
      <trkpt lat="22.73729362467426" lon="113.9395127185458">
        <ele>35.065421032719314</ele>
        <time>2026-09-10T12:23:17.200000Z</time>
        <extensions>
          <gpxtpx:TrackPointExtension>
            <gpxtpx:hr>117</gpxtpx:hr>
          </gpxtpx:TrackPointExtension>
        </extensions>
      </trkpt>
      <trkpt lat="22.737291274812513" lon="113.93952784104144">
        <ele>35.09687794279307</ele>
        <time>2026-09-10T12:23:18.200000Z</time>
        <extensions>
          <gpxtpx:TrackPointExtension>
            <gpxtpx:hr>118</gpxtpx:hr>
          </gpxtpx:TrackPointExtension>
        </extensions>
      </trkpt>
      <trkpt lat="22.737288878279436" lon="113.9395480728123">
        <ele>35.13200397975743</ele>
        <time>2026-09-10T12:23:19.200000Z</time>
        <extensions>
          <gpxtpx:TrackPointExtension>
            <gpxtpx:hr>118</gpxtpx:hr>
          </gpxtpx:TrackPointExtension>
        </extensions>
      </trkpt>
      <trkpt lat="22.73728661734618" lon="113.939572979068">
        <ele>35.16976975183934</ele>
        <time>2026-09-10T12:23:20.200000Z</time>
        <extensions>
          <gpxtpx:TrackPointExtension>
            <gpxtpx:hr>118</gpxtpx:hr>
          </gpxtpx:TrackPointExtension>
        </extensions>
      </trkpt>
      <trkpt lat="22.737284581475482" lon="113.93960054817492">
        <ele>35.209584585390985</ele>
        <time>2026-09-10T12:23:21.200000Z</time>
        <extensions>
          <gpxtpx:TrackPointExtension>
            <gpxtpx:hr>118</gpxtpx:hr>
          </gpxtpx:TrackPointExtension>
        </extensions>
      </trkpt>
      <trkpt lat="22.73728280826486" lon="113.93962929216295">
        <ele>35.250866496004164</ele>
        <time>2026-09-10T12:23:22.200000Z</time>
        <extensions>
          <gpxtpx:TrackPointExtension>
            <gpxtpx:hr>118</gpxtpx:hr>
          </gpxtpx:TrackPointExtension>
        </extensions>
      </trkpt>
      <trkpt lat="22.73728136998068" lon="113.93965881842233">
        <ele>35.29261102154851</ele>
        <time>2026-09-10T12:23:23.200000Z</time>
        <extensions>
          <gpxtpx:TrackPointExtension>
            <gpxtpx:hr>115</gpxtpx:hr>
          </gpxtpx:TrackPointExtension>
        </extensions>
      </trkpt>
      <trkpt lat="22.737280412013817" lon="113.9396882135651">
        <ele>35.33288744278252</ele>
        <time>2026-09-10T12:23:24.200000Z</time>
        <extensions>
          <gpxtpx:TrackPointExtension>
            <gpxtpx:hr>115</gpxtpx:hr>
          </gpxtpx:TrackPointExtension>
        </extensions>
      </trkpt>
      <trkpt lat="22.73727996577792" lon="113.93971607914153">
        <ele>35.369558167643845</ele>
        <time>2026-09-10T12:23:25.200000Z</time>
        <extensions>
          <gpxtpx:TrackPointExtension>
            <gpxtpx:hr>115</gpxtpx:hr>
          </gpxtpx:TrackPointExtension>
        </extensions>
      </trkpt>
      <trkpt lat="22.737279998033596" lon="113.93973664446267">
        <ele>35.39838131144643</ele>
        <time>2026-09-10T12:23:26.200000Z</time>
        <extensions>
          <gpxtpx:TrackPointExtension>
            <gpxtpx:hr>115</gpxtpx:hr>
          </gpxtpx:TrackPointExtension>
        </extensions>
      </trkpt>
      <trkpt lat="22.737280326554327" lon="113.93974817405716">
        <ele>35.4140414763242</ele>
        <time>2026-09-10T12:23:26.900000Z</time>
        <extensions>
          <gpxtpx:TrackPointExtension>
            <gpxtpx:hr>115</gpxtpx:hr>
          </gpxtpx:TrackPointExtension>
        </extensions>
      </trkpt>
      <trkpt lat="22.73728106084284" lon="113.93977062320957">
        <ele>35.44388331100345</ele>
        <time>2026-09-10T12:23:27.900000Z</time>
        <extensions>
          <gpxtpx:TrackPointExtension>
            <gpxtpx:hr>115</gpxtpx:hr>
          </gpxtpx:TrackPointExtension>
        </extensions>
      </trkpt>
      <trkpt lat="22.737281681245715" lon="113.93979626816454">
        <ele>35.483049471862614</ele>
        <time>2026-09-10T12:23:28.900000Z</time>
        <extensions>
          <gpxtpx:TrackPointExtension>
            <gpxtpx:hr>115</gpxtpx:hr>
          </gpxtpx:TrackPointExtension>
        </extensions>
      </trkpt>
      <trkpt lat="22.73728228592173" lon="113.9398250390595">
        <ele>35.52751072589308</ele>
        <time>2026-09-10T12:23:29.900000Z</time>
        <extensions>
          <gpxtpx:TrackPointExtension>
            <gpxtpx:hr>115</gpxtpx:hr>
          </gpxtpx:TrackPointExtension>
        </extensions>
      </trkpt>
      <trkpt lat="22.737283123901623" lon="113.93985796866917">
        <ele>35.57432777713984</ele>
        <time>2026-09-10T12:23:30.900000Z</time>
        <extensions>
          <gpxtpx:TrackPointExtension>
            <gpxtpx:hr>115</gpxtpx:hr>
          </gpxtpx:TrackPointExtension>
        </extensions>
      </trkpt>
      <trkpt lat="22.73728419532426" lon="113.93989215199292">
        <ele>35.62147406768054</ele>
        <time>2026-09-10T12:23:31.900000Z</time>
        <extensions>
          <gpxtpx:TrackPointExtension>
            <gpxtpx:hr>115</gpxtpx:hr>
          </gpxtpx:TrackPointExtension>
        </extensions>
      </trkpt>
      <trkpt lat="22.737285376884923" lon="113.93992379577244">
        <ele>35.66768812481314</ele>
        <time>2026-09-10T12:23:32.900000Z</time>
        <extensions>
          <gpxtpx:TrackPointExtension>
            <gpxtpx:hr>115</gpxtpx:hr>
          </gpxtpx:TrackPointExtension>
        </extensions>
      </trkpt>
      <trkpt lat="22.73728659544027" lon="113.9399522410208">
        <ele>35.71238841768354</ele>
        <time>2026-09-10T12:23:33.900000Z</time>
        <extensions>
          <gpxtpx:TrackPointExtension>
            <gpxtpx:hr>115</gpxtpx:hr>
          </gpxtpx:TrackPointExtension>
        </extensions>
      </trkpt>
      <trkpt lat="22.73728763454256" lon="113.93997958572677">
        <ele>35.755568352527916</ele>
        <time>2026-09-10T12:23:34.900000Z</time>
        <extensions>
          <gpxtpx:TrackPointExtension>
            <gpxtpx:hr>115</gpxtpx:hr>
          </gpxtpx:TrackPointExtension>
        </extensions>
      </trkpt>
      <trkpt lat="22.737287894213967" lon="113.94001167067286">
        <ele>35.7975614964962</ele>
        <time>2026-09-10T12:23:35.900000Z</time>
        <extensions>
          <gpxtpx:TrackPointExtension>
            <gpxtpx:hr>114</gpxtpx:hr>
          </gpxtpx:TrackPointExtension>
        </extensions>
      </trkpt>
      <trkpt lat="22.73728690846517" lon="113.94005451942067">
        <ele>35.83874515630305</ele>
        <time>2026-09-10T12:23:36.900000Z</time>
        <extensions>
          <gpxtpx:TrackPointExtension>
            <gpxtpx:hr>114</gpxtpx:hr>
          </gpxtpx:TrackPointExtension>
        </extensions>
      </trkpt>
      <trkpt lat="22.737285000388937" lon="113.94010507323887">
        <ele>35.87928665243089</ele>
        <time>2026-09-10T12:23:37.900000Z</time>
        <extensions>
          <gpxtpx:TrackPointExtension>
            <gpxtpx:hr>114</gpxtpx:hr>
          </gpxtpx:TrackPointExtension>
        </extensions>
      </trkpt>
      <trkpt lat="22.737282855125553" lon="113.94015629353783">
        <ele>35.91892725881189</ele>
        <time>2026-09-10T12:23:38.900000Z</time>
        <extensions>
          <gpxtpx:TrackPointExtension>
            <gpxtpx:hr>114</gpxtpx:hr>
          </gpxtpx:TrackPointExtension>
        </extensions>
      </trkpt>
      <trkpt lat="22.737280934933725" lon="113.94020544827967">
        <ele>35.95686642546207</ele>
        <time>2026-09-10T12:23:39.900000Z</time>
        <extensions>
          <gpxtpx:TrackPointExtension>
            <gpxtpx:hr>114</gpxtpx:hr>
          </gpxtpx:TrackPointExtension>
        </extensions>
      </trkpt>
      <trkpt lat="22.737279413513892" lon="113.94025139561406">
        <ele>35.99185993894935</ele>
        <time>2026-09-10T12:23:40.900000Z</time>
        <extensions>
          <gpxtpx:TrackPointExtension>
            <gpxtpx:hr>114</gpxtpx:hr>
          </gpxtpx:TrackPointExtension>
        </extensions>
      </trkpt>
      <trkpt lat="22.737278087888694" lon="113.94029339967757">
        <ele>36.022489519789815</ele>
        <time>2026-09-10T12:23:41.900000Z</time>
        <extensions>
          <gpxtpx:TrackPointExtension>
            <gpxtpx:hr>114</gpxtpx:hr>
          </gpxtpx:TrackPointExtension>
        </extensions>
      </trkpt>
      <trkpt lat="22.737276657828456" lon="113.94033090001606">
        <ele>36.047536021098495</ele>
        <time>2026-09-10T12:23:42.900000Z</time>
        <extensions>
          <gpxtpx:TrackPointExtension>
            <gpxtpx:hr>117</gpxtpx:hr>
          </gpxtpx:TrackPointExtension>
        </extensions>
      </trkpt>
      <trkpt lat="22.737274574152938" lon="113.94036420354627">
        <ele>36.066497564315796</ele>
        <time>2026-09-10T12:23:43.900000Z</time>
        <extensions>
          <gpxtpx:TrackPointExtension>
            <gpxtpx:hr>117</gpxtpx:hr>
          </gpxtpx:TrackPointExtension>
        </extensions>
      </trkpt>
      <trkpt lat="22.73727218667027" lon="113.94039577140363">
        <ele>36.080008355900645</ele>
        <time>2026-09-10T12:23:44.900000Z</time>
        <extensions>
          <gpxtpx:TrackPointExtension>
            <gpxtpx:hr>117</gpxtpx:hr>
          </gpxtpx:TrackPointExtension>
        </extensions>
      </trkpt>
      <trkpt lat="22.737271509721303" lon="113.940427912605">
        <ele>36.089752164669335</ele>
        <time>2026-09-10T12:23:45.900000Z</time>
        <extensions>
          <gpxtpx:TrackPointExtension>
            <gpxtpx:hr>117</gpxtpx:hr>
          </gpxtpx:TrackPointExtension>
        </extensions>
      </trkpt>
      <trkpt lat="22.73727278038613" lon="113.94046052846676">
        <ele>36.098003779537976</ele>
        <time>2026-09-10T12:23:46.900000Z</time>
        <extensions>
          <gpxtpx:TrackPointExtension>
            <gpxtpx:hr>117</gpxtpx:hr>
          </gpxtpx:TrackPointExtension>
        </extensions>
      </trkpt>
      <trkpt lat="22.737274493052517" lon="113.94049224339483">
        <ele>36.107143179513514</ele>
        <time>2026-09-10T12:23:47.900000Z</time>
        <extensions>
          <gpxtpx:TrackPointExtension>
            <gpxtpx:hr>117</gpxtpx:hr>
          </gpxtpx:TrackPointExtension>
        </extensions>
      </trkpt>
      <trkpt lat="22.737275530325903" lon="113.94052178095508">
        <ele>36.119176149368286</ele>
        <time>2026-09-10T12:23:48.900000Z</time>
        <extensions>
          <gpxtpx:TrackPointExtension>
            <gpxtpx:hr>117</gpxtpx:hr>
          </gpxtpx:TrackPointExtension>
        </extensions>
      </trkpt>
      <trkpt lat="22.73727580931757" lon="113.94054989128682">
        <ele>36.135352483950555</ele>
        <time>2026-09-10T12:23:49.900000Z</time>
        <extensions>
          <gpxtpx:TrackPointExtension>
            <gpxtpx:hr>117</gpxtpx:hr>
          </gpxtpx:TrackPointExtension>
        </extensions>
      </trkpt>
      <trkpt lat="22.737276569359473" lon="113.94057913967593">
        <ele>36.156104386784136</ele>
        <time>2026-09-10T12:23:50.900000Z</time>
        <extensions>
          <gpxtpx:TrackPointExtension>
            <gpxtpx:hr>117</gpxtpx:hr>
          </gpxtpx:TrackPointExtension>
        </extensions>
      </trkpt>
      <trkpt lat="22.73727883348804" lon="113.94061036731934">
        <ele>36.18122758157551</ele>
        <time>2026-09-10T12:23:51.900000Z</time>
        <extensions>
          <gpxtpx:TrackPointExtension>
            <gpxtpx:hr>117</gpxtpx:hr>
          </gpxtpx:TrackPointExtension>
        </extensions>
      </trkpt>
      <trkpt lat="22.737282236531506" lon="113.94064220271096">
        <ele>36.21009208075702</ele>
        <time>2026-09-10T12:23:52.900000Z</time>
        <extensions>
          <gpxtpx:TrackPointExtension>
            <gpxtpx:hr>117</gpxtpx:hr>
          </gpxtpx:TrackPointExtension>
        </extensions>
      </trkpt>
      <trkpt lat="22.737285727744304" lon="113.94067362945268">
        <ele>36.24184709787369</ele>
        <time>2026-09-10T12:23:53.900000Z</time>
        <extensions>
          <gpxtpx:TrackPointExtension>
            <gpxtpx:hr>117</gpxtpx:hr>
          </gpxtpx:TrackPointExtension>
        </extensions>
      </trkpt>
      <trkpt lat="22.737288861837477" lon="113.94070452369856">
        <ele>36.27560055628419</ele>
        <time>2026-09-10T12:23:54.900000Z</time>
        <extensions>
          <gpxtpx:TrackPointExtension>
            <gpxtpx:hr>117</gpxtpx:hr>
          </gpxtpx:TrackPointExtension>
        </extensions>
      </trkpt>
      <trkpt lat="22.737291528922988" lon="113.94073533252913">
        <ele>36.310572849586606</ele>
        <time>2026-09-10T12:23:55.900000Z</time>
        <extensions>
          <gpxtpx:TrackPointExtension>
            <gpxtpx:hr>117</gpxtpx:hr>
          </gpxtpx:TrackPointExtension>
        </extensions>
      </trkpt>
      <trkpt lat="22.737293625504037" lon="113.94076653301711">
        <ele>36.34625884424895</ele>
        <time>2026-09-10T12:23:56.900000Z</time>
        <extensions>
          <gpxtpx:TrackPointExtension>
            <gpxtpx:hr>117</gpxtpx:hr>
          </gpxtpx:TrackPointExtension>
        </extensions>
      </trkpt>
      <trkpt lat="22.737295133142563" lon="113.94079796558162">
        <ele>36.38250666484237</ele>
        <time>2026-09-10T12:23:57.900000Z</time>
        <extensions>
          <gpxtpx:TrackPointExtension>
            <gpxtpx:hr>117</gpxtpx:hr>
          </gpxtpx:TrackPointExtension>
        </extensions>
      </trkpt>
      <trkpt lat="22.737296085487525" lon="113.94082890976165">
        <ele>36.41941754799336</ele>
        <time>2026-09-10T12:23:58.900000Z</time>
        <extensions>
          <gpxtpx:TrackPointExtension>
            <gpxtpx:hr>117</gpxtpx:hr>
          </gpxtpx:TrackPointExtension>
        </extensions>
      </trkpt>
      <trkpt lat="22.73729697583915" lon="113.94085859641334">
        <ele>36.457160712219775</ele>
        <time>2026-09-10T12:23:59.900000Z</time>
        <extensions>
          <gpxtpx:TrackPointExtension>
            <gpxtpx:hr>117</gpxtpx:hr>
          </gpxtpx:TrackPointExtension>
        </extensions>
      </trkpt>
      <trkpt lat="22.73729810495247" lon="113.94088723175184">
        <ele>36.49581287615001</ele>
        <time>2026-09-10T12:24:00.900000Z</time>
        <extensions>
          <gpxtpx:TrackPointExtension>
            <gpxtpx:hr>117</gpxtpx:hr>
          </gpxtpx:TrackPointExtension>
        </extensions>
      </trkpt>
      <trkpt lat="22.73729923467067" lon="113.94091565057577">
        <ele>36.53521679714322</ele>
        <time>2026-09-10T12:24:01.900000Z</time>
        <extensions>
          <gpxtpx:TrackPointExtension>
            <gpxtpx:hr>118</gpxtpx:hr>
          </gpxtpx:TrackPointExtension>
        </extensions>
      </trkpt>
      <trkpt lat="22.737300151927784" lon="113.9409444100434">
        <ele>36.57492752932012</ele>
        <time>2026-09-10T12:24:02.900000Z</time>
        <extensions>
          <gpxtpx:TrackPointExtension>
            <gpxtpx:hr>118</gpxtpx:hr>
          </gpxtpx:TrackPointExtension>
        </extensions>
      </trkpt>
      <trkpt lat="22.73730013356921" lon="113.94097352424922">
        <ele>36.61435828637332</ele>
        <time>2026-09-10T12:24:03.900000Z</time>
        <extensions>
          <gpxtpx:TrackPointExtension>
            <gpxtpx:hr>118</gpxtpx:hr>
          </gpxtpx:TrackPointExtension>
        </extensions>
      </trkpt>
      <trkpt lat="22.73729836995346" lon="113.9410029118986">
        <ele>36.65302536915988</ele>
        <time>2026-09-10T12:24:04.900000Z</time>
        <extensions>
          <gpxtpx:TrackPointExtension>
            <gpxtpx:hr>118</gpxtpx:hr>
          </gpxtpx:TrackPointExtension>
        </extensions>
      </trkpt>
      <trkpt lat="22.73729522907535" lon="113.94103284085539">
        <ele>36.690679660998285</ele>
        <time>2026-09-10T12:24:05.900000Z</time>
        <extensions>
          <gpxtpx:TrackPointExtension>
            <gpxtpx:hr>118</gpxtpx:hr>
          </gpxtpx:TrackPointExtension>
        </extensions>
      </trkpt>
      <trkpt lat="22.73729221458324" lon="113.94106335243228">
        <ele>36.727291342802346</ele>
        <time>2026-09-10T12:24:06.900000Z</time>
        <extensions>
          <gpxtpx:TrackPointExtension>
            <gpxtpx:hr>117</gpxtpx:hr>
          </gpxtpx:TrackPointExtension>
        </extensions>
      </trkpt>
      <trkpt lat="22.737290057534207" lon="113.94109464113954">
        <ele>36.76297742128372</ele>
        <time>2026-09-10T12:24:07.900000Z</time>
        <extensions>
          <gpxtpx:TrackPointExtension>
            <gpxtpx:hr>117</gpxtpx:hr>
          </gpxtpx:TrackPointExtension>
        </extensions>
      </trkpt>
      <trkpt lat="22.737289401756136" lon="113.9411269345485">
        <ele>36.79793993383646</ele>
        <time>2026-09-10T12:24:08.900000Z</time>
        <extensions>
          <gpxtpx:TrackPointExtension>
            <gpxtpx:hr>117</gpxtpx:hr>
          </gpxtpx:TrackPointExtension>
        </extensions>
      </trkpt>
      <trkpt lat="22.737291000404074" lon="113.94116042059106">
        <ele>36.832409041933715</ele>
        <time>2026-09-10T12:24:09.900000Z</time>
        <extensions>
          <gpxtpx:TrackPointExtension>
            <gpxtpx:hr>117</gpxtpx:hr>
          </gpxtpx:TrackPointExtension>
        </extensions>
      </trkpt>
      <trkpt lat="22.7372942943943" lon="113.94119530151023">
        <ele>36.8665971532464</ele>
        <time>2026-09-10T12:24:10.900000Z</time>
        <extensions>
          <gpxtpx:TrackPointExtension>
            <gpxtpx:hr>117</gpxtpx:hr>
          </gpxtpx:TrackPointExtension>
        </extensions>
      </trkpt>
      <trkpt lat="22.73729809710023" lon="113.9412319353945">
        <ele>36.900657050311565</ele>
        <time>2026-09-10T12:24:11.900000Z</time>
        <extensions>
          <gpxtpx:TrackPointExtension>
            <gpxtpx:hr>117</gpxtpx:hr>
          </gpxtpx:TrackPointExtension>
        </extensions>
      </trkpt>
      <trkpt lat="22.73730116608317" lon="113.94126950111816">
        <ele>36.934669990092516</ele>
        <time>2026-09-10T12:24:12.900000Z</time>
        <extensions>
          <gpxtpx:TrackPointExtension>
            <gpxtpx:hr>117</gpxtpx:hr>
          </gpxtpx:TrackPointExtension>
        </extensions>
      </trkpt>
      <trkpt lat="22.737303178938006" lon="113.94130688859116">
        <ele>36.968708832748234</ele>
        <time>2026-09-10T12:24:13.900000Z</time>
        <extensions>
          <gpxtpx:TrackPointExtension>
            <gpxtpx:hr>117</gpxtpx:hr>
          </gpxtpx:TrackPointExtension>
        </extensions>
      </trkpt>
      <trkpt lat="22.73730470013475" lon="113.94134438894537">
        <ele>37.002952141687274</ele>
        <time>2026-09-10T12:24:14.900000Z</time>
        <extensions>
          <gpxtpx:TrackPointExtension>
            <gpxtpx:hr>117</gpxtpx:hr>
          </gpxtpx:TrackPointExtension>
        </extensions>
      </trkpt>
      <trkpt lat="22.73730641030012" lon="113.94138224059749">
        <ele>37.037697032094</ele>
        <time>2026-09-10T12:24:15.900000Z</time>
        <extensions>
          <gpxtpx:TrackPointExtension>
            <gpxtpx:hr>117</gpxtpx:hr>
          </gpxtpx:TrackPointExtension>
        </extensions>
      </trkpt>
      <trkpt lat="22.737308887805057" lon="113.94142046338543">
        <ele>37.07316507585347</ele>
        <time>2026-09-10T12:24:16.900000Z</time>
        <extensions>
          <gpxtpx:TrackPointExtension>
            <gpxtpx:hr>117</gpxtpx:hr>
          </gpxtpx:TrackPointExtension>
        </extensions>
      </trkpt>
      <trkpt lat="22.73731259710094" lon="113.94145886440019">
        <ele>37.109277717769146</ele>
        <time>2026-09-10T12:24:17.900000Z</time>
        <extensions>
          <gpxtpx:TrackPointExtension>
            <gpxtpx:hr>117</gpxtpx:hr>
          </gpxtpx:TrackPointExtension>
        </extensions>
      </trkpt>
      <trkpt lat="22.73731728076663" lon="113.94149650902324">
        <ele>37.145631146617234</ele>
        <time>2026-09-10T12:24:18.900000Z</time>
        <extensions>
          <gpxtpx:TrackPointExtension>
            <gpxtpx:hr>119</gpxtpx:hr>
          </gpxtpx:TrackPointExtension>
        </extensions>
      </trkpt>
      <trkpt lat="22.73732191500736" lon="113.94153291815105">
        <ele>37.181649467907846</ele>
        <time>2026-09-10T12:24:19.900000Z</time>
        <extensions>
          <gpxtpx:TrackPointExtension>
            <gpxtpx:hr>119</gpxtpx:hr>
          </gpxtpx:TrackPointExtension>
        </extensions>
      </trkpt>
      <trkpt lat="22.737325913922525" lon="113.94156827313869">
        <ele>37.21676138881594</ele>
        <time>2026-09-10T12:24:20.900000Z</time>
        <extensions>
          <gpxtpx:TrackPointExtension>
            <gpxtpx:hr>119</gpxtpx:hr>
          </gpxtpx:TrackPointExtension>
        </extensions>
      </trkpt>
      <trkpt lat="22.73732976282036" lon="113.94160326575047">
        <ele>37.25053661875427</ele>
        <time>2026-09-10T12:24:21.900000Z</time>
        <extensions>
          <gpxtpx:TrackPointExtension>
            <gpxtpx:hr>119</gpxtpx:hr>
          </gpxtpx:TrackPointExtension>
        </extensions>
      </trkpt>
      <trkpt lat="22.737334374414925" lon="113.94163870036611">
        <ele>37.28277160041034</ele>
        <time>2026-09-10T12:24:22.900000Z</time>
        <extensions>
          <gpxtpx:TrackPointExtension>
            <gpxtpx:hr>122</gpxtpx:hr>
          </gpxtpx:TrackPointExtension>
        </extensions>
      </trkpt>
      <trkpt lat="22.737340338482937" lon="113.94167437750829">
        <ele>37.313438680022955</ele>
        <time>2026-09-10T12:24:23.900000Z</time>
        <extensions>
          <gpxtpx:TrackPointExtension>
            <gpxtpx:hr>122</gpxtpx:hr>
          </gpxtpx:TrackPointExtension>
        </extensions>
      </trkpt>
      <trkpt lat="22.737347632967296" lon="113.94171067941205">
        <ele>37.342491244897246</ele>
        <time>2026-09-10T12:24:24.900000Z</time>
        <extensions>
          <gpxtpx:TrackPointExtension>
            <gpxtpx:hr>122</gpxtpx:hr>
          </gpxtpx:TrackPointExtension>
        </extensions>
      </trkpt>
      <trkpt lat="22.73735555981943" lon="113.94174744922518">
        <ele>37.36968768015504</ele>
        <time>2026-09-10T12:24:25.900000Z</time>
        <extensions>
          <gpxtpx:TrackPointExtension>
            <gpxtpx:hr>124</gpxtpx:hr>
          </gpxtpx:TrackPointExtension>
        </extensions>
      </trkpt>
      <trkpt lat="22.737363285349684" lon="113.94178345077536">
        <ele>37.39454233646393</ele>
        <time>2026-09-10T12:24:26.900000Z</time>
        <extensions>
          <gpxtpx:TrackPointExtension>
            <gpxtpx:hr>124</gpxtpx:hr>
          </gpxtpx:TrackPointExtension>
        </extensions>
      </trkpt>
      <trkpt lat="22.73737054554396" lon="113.94181824503055">
        <ele>37.41636152938008</ele>
        <time>2026-09-10T12:24:27.900000Z</time>
        <extensions>
          <gpxtpx:TrackPointExtension>
            <gpxtpx:hr>124</gpxtpx:hr>
          </gpxtpx:TrackPointExtension>
        </extensions>
      </trkpt>
      <trkpt lat="22.737377401138488" lon="113.94185197192908">
        <ele>37.434327715076506</ele>
        <time>2026-09-10T12:24:28.900000Z</time>
        <extensions>
          <gpxtpx:TrackPointExtension>
            <gpxtpx:hr>124</gpxtpx:hr>
          </gpxtpx:TrackPointExtension>
        </extensions>
      </trkpt>
      <trkpt lat="22.73738412261779" lon="113.94188521743654">
        <ele>37.4476476283744</ele>
        <time>2026-09-10T12:24:29.900000Z</time>
        <extensions>
          <gpxtpx:TrackPointExtension>
            <gpxtpx:hr>124</gpxtpx:hr>
          </gpxtpx:TrackPointExtension>
        </extensions>
      </trkpt>
      <trkpt lat="22.73739102721358" lon="113.94191888759232">
        <ele>37.45575939398259</ele>
        <time>2026-09-10T12:24:30.900000Z</time>
        <extensions>
          <gpxtpx:TrackPointExtension>
            <gpxtpx:hr>124</gpxtpx:hr>
          </gpxtpx:TrackPointExtension>
        </extensions>
      </trkpt>
      <trkpt lat="22.737397822335407" lon="113.94195337855342">
        <ele>37.45841883216053</ele>
        <time>2026-09-10T12:24:31.900000Z</time>
        <extensions>
          <gpxtpx:TrackPointExtension>
            <gpxtpx:hr>124</gpxtpx:hr>
          </gpxtpx:TrackPointExtension>
        </extensions>
      </trkpt>
      <trkpt lat="22.737404470407967" lon="113.9419883338316">
        <ele>37.45581374224275</ele>
        <time>2026-09-10T12:24:32.900000Z</time>
        <extensions>
          <gpxtpx:TrackPointExtension>
            <gpxtpx:hr>125</gpxtpx:hr>
          </gpxtpx:TrackPointExtension>
        </extensions>
      </trkpt>
      <trkpt lat="22.737411443348066" lon="113.94202330548687">
        <ele>37.44856960512698</ele>
        <time>2026-09-10T12:24:33.900000Z</time>
        <extensions>
          <gpxtpx:TrackPointExtension>
            <gpxtpx:hr>125</gpxtpx:hr>
          </gpxtpx:TrackPointExtension>
        </extensions>
      </trkpt>
      <trkpt lat="22.73741867334423" lon="113.94205827013428">
        <ele>37.437587277032435</ele>
        <time>2026-09-10T12:24:34.900000Z</time>
        <extensions>
          <gpxtpx:TrackPointExtension>
            <gpxtpx:hr>125</gpxtpx:hr>
          </gpxtpx:TrackPointExtension>
        </extensions>
      </trkpt>
      <trkpt lat="22.7374258336147" lon="113.94209321580813">
        <ele>37.42385080270469</ele>
        <time>2026-09-10T12:24:35.900000Z</time>
        <extensions>
          <gpxtpx:TrackPointExtension>
            <gpxtpx:hr>125</gpxtpx:hr>
          </gpxtpx:TrackPointExtension>
        </extensions>
      </trkpt>
      <trkpt lat="22.737432606204987" lon="113.94212838474375">
        <ele>37.40827306266874</ele>
        <time>2026-09-10T12:24:36.900000Z</time>
        <extensions>
          <gpxtpx:TrackPointExtension>
            <gpxtpx:hr>125</gpxtpx:hr>
          </gpxtpx:TrackPointExtension>
        </extensions>
      </trkpt>
      <trkpt lat="22.73743861429742" lon="113.94216392754379">
        <ele>37.39156719390303</ele>
        <time>2026-09-10T12:24:37.900000Z</time>
        <extensions>
          <gpxtpx:TrackPointExtension>
            <gpxtpx:hr>124</gpxtpx:hr>
          </gpxtpx:TrackPointExtension>
        </extensions>
      </trkpt>
      <trkpt lat="22.737443978420387" lon="113.94219954487714">
        <ele>37.374190983362496</ele>
        <time>2026-09-10T12:24:38.900000Z</time>
        <extensions>
          <gpxtpx:TrackPointExtension>
            <gpxtpx:hr>124</gpxtpx:hr>
          </gpxtpx:TrackPointExtension>
        </extensions>
      </trkpt>
      <trkpt lat="22.737449353779947" lon="113.9422353372579">
        <ele>37.356381671503186</ele>
        <time>2026-09-10T12:24:39.900000Z</time>
        <extensions>
          <gpxtpx:TrackPointExtension>
            <gpxtpx:hr>124</gpxtpx:hr>
          </gpxtpx:TrackPointExtension>
        </extensions>
      </trkpt>
      <trkpt lat="22.737455216697594" lon="113.94227119209832">
        <ele>37.33819283451885</ele>
        <time>2026-09-10T12:24:40.900000Z</time>
        <extensions>
          <gpxtpx:TrackPointExtension>
            <gpxtpx:hr>124</gpxtpx:hr>
          </gpxtpx:TrackPointExtension>
        </extensions>
      </trkpt>
      <trkpt lat="22.73746132736222" lon="113.94230681900684">
        <ele>37.31944092642516</ele>
        <time>2026-09-10T12:24:41.900000Z</time>
        <extensions>
          <gpxtpx:TrackPointExtension>
            <gpxtpx:hr>120</gpxtpx:hr>
          </gpxtpx:TrackPointExtension>
        </extensions>
      </trkpt>
      <trkpt lat="22.737467342454703" lon="113.94234276193926">
        <ele>37.29958117008209</ele>
        <time>2026-09-10T12:24:42.900000Z</time>
        <extensions>
          <gpxtpx:TrackPointExtension>
            <gpxtpx:hr>120</gpxtpx:hr>
          </gpxtpx:TrackPointExtension>
        </extensions>
      </trkpt>
      <trkpt lat="22.737473038502042" lon="113.94237926473627">
        <ele>37.277671771124005</ele>
        <time>2026-09-10T12:24:43.900000Z</time>
        <extensions>
          <gpxtpx:TrackPointExtension>
            <gpxtpx:hr>120</gpxtpx:hr>
          </gpxtpx:TrackPointExtension>
        </extensions>
      </trkpt>
      <trkpt lat="22.737477834988454" lon="113.94241563956949">
        <ele>37.25254621729255</ele>
        <time>2026-09-10T12:24:44.900000Z</time>
        <extensions>
          <gpxtpx:TrackPointExtension>
            <gpxtpx:hr>120</gpxtpx:hr>
          </gpxtpx:TrackPointExtension>
        </extensions>
      </trkpt>
      <trkpt lat="22.73748157990057" lon="113.94245107366675">
        <ele>37.22311817109585</ele>
        <time>2026-09-10T12:24:45.900000Z</time>
        <extensions>
          <gpxtpx:TrackPointExtension>
            <gpxtpx:hr>120</gpxtpx:hr>
          </gpxtpx:TrackPointExtension>
        </extensions>
      </trkpt>
      <trkpt lat="22.73748471170203" lon="113.94248347858382">
        <ele>37.188769990578294</ele>
        <time>2026-09-10T12:24:46.900000Z</time>
        <extensions>
          <gpxtpx:TrackPointExtension>
            <gpxtpx:hr>120</gpxtpx:hr>
          </gpxtpx:TrackPointExtension>
        </extensions>
      </trkpt>
      <trkpt lat="22.737487378824266" lon="113.94251023321158">
        <ele>37.1498833373189</ele>
        <time>2026-09-10T12:24:47.900000Z</time>
        <extensions>
          <gpxtpx:TrackPointExtension>
            <gpxtpx:hr>119</gpxtpx:hr>
          </gpxtpx:TrackPointExtension>
        </extensions>
      </trkpt>
      <trkpt lat="22.737490067120884" lon="113.94253157739243">
        <ele>37.10815063957125</ele>
        <time>2026-09-10T12:24:48.900000Z</time>
        <extensions>
          <gpxtpx:TrackPointExtension>
            <gpxtpx:hr>119</gpxtpx:hr>
          </gpxtpx:TrackPointExtension>
        </extensions>
      </trkpt>
      <trkpt lat="22.73749367536203" lon="113.94255101160103">
        <ele>37.0662688780576</ele>
        <time>2026-09-10T12:24:49.900000Z</time>
        <extensions>
          <gpxtpx:TrackPointExtension>
            <gpxtpx:hr>119</gpxtpx:hr>
          </gpxtpx:TrackPointExtension>
        </extensions>
      </trkpt>
      <trkpt lat="22.737497834734743" lon="113.94257254714091">
        <ele>37.02735464274883</ele>
        <time>2026-09-10T12:24:50.900000Z</time>
        <extensions>
          <gpxtpx:TrackPointExtension>
            <gpxtpx:hr>119</gpxtpx:hr>
          </gpxtpx:TrackPointExtension>
        </extensions>
      </trkpt>
      <trkpt lat="22.737501056870183" lon="113.9425973042198">
        <ele>36.994363360106945</ele>
        <time>2026-09-10T12:24:51.900000Z</time>
        <extensions>
          <gpxtpx:TrackPointExtension>
            <gpxtpx:hr>119</gpxtpx:hr>
          </gpxtpx:TrackPointExtension>
        </extensions>
      </trkpt>
      <trkpt lat="22.737503373793103" lon="113.94262426895368">
        <ele>36.96939196623862</ele>
        <time>2026-09-10T12:24:52.900000Z</time>
        <extensions>
          <gpxtpx:TrackPointExtension>
            <gpxtpx:hr>119</gpxtpx:hr>
          </gpxtpx:TrackPointExtension>
        </extensions>
      </trkpt>
      <trkpt lat="22.73750649319197" lon="113.9426525389805">
        <ele>36.95318210031837</ele>
        <time>2026-09-10T12:24:53.900000Z</time>
        <extensions>
          <gpxtpx:TrackPointExtension>
            <gpxtpx:hr>116</gpxtpx:hr>
          </gpxtpx:TrackPointExtension>
        </extensions>
      </trkpt>
      <trkpt lat="22.737511626567585" lon="113.94268275603213">
        <ele>36.945208423770964</ele>
        <time>2026-09-10T12:24:54.900000Z</time>
        <extensions>
          <gpxtpx:TrackPointExtension>
            <gpxtpx:hr>116</gpxtpx:hr>
          </gpxtpx:TrackPointExtension>
        </extensions>
      </trkpt>
      <trkpt lat="22.737517894717694" lon="113.94271623971626">
        <ele>36.944030307233334</ele>
        <time>2026-09-10T12:24:55.900000Z</time>
        <extensions>
          <gpxtpx:TrackPointExtension>
            <gpxtpx:hr>116</gpxtpx:hr>
          </gpxtpx:TrackPointExtension>
        </extensions>
      </trkpt>
      <trkpt lat="22.737523363865165" lon="113.94275241005758">
        <ele>36.947659210301936</ele>
        <time>2026-09-10T12:24:56.900000Z</time>
        <extensions>
          <gpxtpx:TrackPointExtension>
            <gpxtpx:hr>116</gpxtpx:hr>
          </gpxtpx:TrackPointExtension>
        </extensions>
      </trkpt>
      <trkpt lat="22.73752669107355" lon="113.94278950716021">
        <ele>36.95400920603424</ele>
        <time>2026-09-10T12:24:57.900000Z</time>
        <extensions>
          <gpxtpx:TrackPointExtension>
            <gpxtpx:hr>116</gpxtpx:hr>
          </gpxtpx:TrackPointExtension>
        </extensions>
      </trkpt>
      <trkpt lat="22.737527461347998" lon="113.94282674550935">
        <ele>36.96125475037843</ele>
        <time>2026-09-10T12:24:58.900000Z</time>
        <extensions>
          <gpxtpx:TrackPointExtension>
            <gpxtpx:hr>116</gpxtpx:hr>
          </gpxtpx:TrackPointExtension>
        </extensions>
      </trkpt>
      <trkpt lat="22.737526118541542" lon="113.94286430025424">
        <ele>36.967956132255495</ele>
        <time>2026-09-10T12:24:59.900000Z</time>
        <extensions>
          <gpxtpx:TrackPointExtension>
            <gpxtpx:hr>116</gpxtpx:hr>
          </gpxtpx:TrackPointExtension>
        </extensions>
      </trkpt>
      <trkpt lat="22.73752337966066" lon="113.94290274869259">
        <ele>36.97305749822408</ele>
        <time>2026-09-10T12:25:00.900000Z</time>
        <extensions>
          <gpxtpx:TrackPointExtension>
            <gpxtpx:hr>116</gpxtpx:hr>
          </gpxtpx:TrackPointExtension>
        </extensions>
      </trkpt>
      <trkpt lat="22.737520199463923" lon="113.94294253685223">
        <ele>36.97584799770266</ele>
        <time>2026-09-10T12:25:01.900000Z</time>
        <extensions>
          <gpxtpx:TrackPointExtension>
            <gpxtpx:hr>116</gpxtpx:hr>
          </gpxtpx:TrackPointExtension>
        </extensions>
      </trkpt>
      <trkpt lat="22.73751771914904" lon="113.94298322327907">
        <ele>36.97590414993465</ele>
        <time>2026-09-10T12:25:02.900000Z</time>
        <extensions>
          <gpxtpx:TrackPointExtension>
            <gpxtpx:hr>116</gpxtpx:hr>
          </gpxtpx:TrackPointExtension>
        </extensions>
      </trkpt>
      <trkpt lat="22.737516442157226" lon="113.94302394421204">
        <ele>36.973045400343835</ele>
        <time>2026-09-10T12:25:03.900000Z</time>
        <extensions>
          <gpxtpx:TrackPointExtension>
            <gpxtpx:hr>116</gpxtpx:hr>
          </gpxtpx:TrackPointExtension>
        </extensions>
      </trkpt>
      <trkpt lat="22.737515780972217" lon="113.9430640459718">
        <ele>36.9673059694469</ele>
        <time>2026-09-10T12:25:04.900000Z</time>
        <extensions>
          <gpxtpx:TrackPointExtension>
            <gpxtpx:hr>116</gpxtpx:hr>
          </gpxtpx:TrackPointExtension>
        </extensions>
      </trkpt>
      <trkpt lat="22.73751477228979" lon="113.94310340754144">
        <ele>36.95892589725554</ele>
        <time>2026-09-10T12:25:05.900000Z</time>
        <extensions>
          <gpxtpx:TrackPointExtension>
            <gpxtpx:hr>116</gpxtpx:hr>
          </gpxtpx:TrackPointExtension>
        </extensions>
      </trkpt>
      <trkpt lat="22.73751283374826" lon="113.94314180809948">
        <ele>36.948306664824486</ele>
        <time>2026-09-10T12:25:06.900000Z</time>
        <extensions>
          <gpxtpx:TrackPointExtension>
            <gpxtpx:hr>116</gpxtpx:hr>
          </gpxtpx:TrackPointExtension>
        </extensions>
      </trkpt>
      <trkpt lat="22.73751023079093" lon="113.9431785448054">
        <ele>36.93587259296328</ele>
        <time>2026-09-10T12:25:07.900000Z</time>
        <extensions>
          <gpxtpx:TrackPointExtension>
            <gpxtpx:hr>116</gpxtpx:hr>
          </gpxtpx:TrackPointExtension>
        </extensions>
      </trkpt>
      <trkpt lat="22.737507871923643" lon="113.94321273710061">
        <ele>36.92190741188824</ele>
        <time>2026-09-10T12:25:08.900000Z</time>
        <extensions>
          <gpxtpx:TrackPointExtension>
            <gpxtpx:hr>116</gpxtpx:hr>
          </gpxtpx:TrackPointExtension>
        </extensions>
      </trkpt>
      <trkpt lat="22.737506344732758" lon="113.94324457207179">
        <ele>36.906417556107044</ele>
        <time>2026-09-10T12:25:09.900000Z</time>
        <extensions>
          <gpxtpx:TrackPointExtension>
            <gpxtpx:hr>116</gpxtpx:hr>
          </gpxtpx:TrackPointExtension>
        </extensions>
      </trkpt>
      <trkpt lat="22.737505778399708" lon="113.94327519798424">
        <ele>36.88901636656374</ele>
        <time>2026-09-10T12:25:10.900000Z</time>
        <extensions>
          <gpxtpx:TrackPointExtension>
            <gpxtpx:hr>116</gpxtpx:hr>
          </gpxtpx:TrackPointExtension>
        </extensions>
      </trkpt>
      <trkpt lat="22.73750653456043" lon="113.94330410887038">
        <ele>36.86897985544056</ele>
        <time>2026-09-10T12:25:11.900000Z</time>
        <extensions>
          <gpxtpx:TrackPointExtension>
            <gpxtpx:hr>116</gpxtpx:hr>
          </gpxtpx:TrackPointExtension>
        </extensions>
      </trkpt>
      <trkpt lat="22.737508880492065" lon="113.94333000283598">
        <ele>36.84562332276255</ele>
        <time>2026-09-10T12:25:12.900000Z</time>
        <extensions>
          <gpxtpx:TrackPointExtension>
            <gpxtpx:hr>116</gpxtpx:hr>
          </gpxtpx:TrackPointExtension>
        </extensions>
      </trkpt>
      <trkpt lat="22.737512047237256" lon="113.9433527156053">
        <ele>36.81875977944583</ele>
        <time>2026-09-10T12:25:13.900000Z</time>
        <extensions>
          <gpxtpx:TrackPointExtension>
            <gpxtpx:hr>116</gpxtpx:hr>
          </gpxtpx:TrackPointExtension>
        </extensions>
      </trkpt>
      <trkpt lat="22.7375148598573" lon="113.94337232440685">
        <ele>36.78890412300825</ele>
        <time>2026-09-10T12:25:14.900000Z</time>
        <extensions>
          <gpxtpx:TrackPointExtension>
            <gpxtpx:hr>116</gpxtpx:hr>
          </gpxtpx:TrackPointExtension>
        </extensions>
      </trkpt>
      <trkpt lat="22.737516770709057" lon="113.94338902413041">
        <ele>36.75725816376507</ele>
        <time>2026-09-10T12:25:15.900000Z</time>
        <extensions>
          <gpxtpx:TrackPointExtension>
            <gpxtpx:hr>116</gpxtpx:hr>
          </gpxtpx:TrackPointExtension>
        </extensions>
      </trkpt>
      <trkpt lat="22.73751792713715" lon="113.9434023072481">
        <ele>36.72557830438018</ele>
        <time>2026-09-10T12:25:16.900000Z</time>
        <extensions>
          <gpxtpx:TrackPointExtension>
            <gpxtpx:hr>115</gpxtpx:hr>
          </gpxtpx:TrackPointExtension>
        </extensions>
      </trkpt>
      <trkpt lat="22.737518522227937" lon="113.94341130973766">
        <ele>36.695819752290845</ele>
        <time>2026-09-10T12:25:17.900000Z</time>
        <extensions>
          <gpxtpx:TrackPointExtension>
            <gpxtpx:hr>115</gpxtpx:hr>
          </gpxtpx:TrackPointExtension>
        </extensions>
      </trkpt>
      <trkpt lat="22.73751855303138" lon="113.94341651016288">
        <ele>36.66977145150304</ele>
        <time>2026-09-10T12:25:18.900000Z</time>
        <extensions>
          <gpxtpx:TrackPointExtension>
            <gpxtpx:hr>115</gpxtpx:hr>
          </gpxtpx:TrackPointExtension>
        </extensions>
      </trkpt>
      <trkpt lat="22.73751821327398" lon="113.94341930690193">
        <ele>36.64881354384124</ele>
        <time>2026-09-10T12:25:19.900000Z</time>
        <extensions>
          <gpxtpx:TrackPointExtension>
            <gpxtpx:hr>115</gpxtpx:hr>
          </gpxtpx:TrackPointExtension>
        </extensions>
      </trkpt>
      <trkpt lat="22.737517726549616" lon="113.94342094467467">
        <ele>36.633842890150845</ele>
        <time>2026-09-10T12:25:20.900000Z</time>
        <extensions>
          <gpxtpx:TrackPointExtension>
            <gpxtpx:hr>115</gpxtpx:hr>
          </gpxtpx:TrackPointExtension>
        </extensions>
      </trkpt>
      <trkpt lat="22.737517234759665" lon="113.94342245412561">
        <ele>36.625277678482234</ele>
        <time>2026-09-10T12:25:21.900000Z</time>
        <extensions>
          <gpxtpx:TrackPointExtension>
            <gpxtpx:hr>111</gpxtpx:hr>
          </gpxtpx:TrackPointExtension>
        </extensions>
      </trkpt>
      <trkpt lat="22.737516843336206" lon="113.94342482269626">
        <ele>36.623199054040015</ele>
        <time>2026-09-10T12:25:22.900000Z</time>
        <extensions>
          <gpxtpx:TrackPointExtension>
            <gpxtpx:hr>111</gpxtpx:hr>
          </gpxtpx:TrackPointExtension>
        </extensions>
      </trkpt>
      <trkpt lat="22.737516657955727" lon="113.94342904026655">
        <ele>36.62751880381256</ele>
        <time>2026-09-10T12:25:23.900000Z</time>
        <extensions>
          <gpxtpx:TrackPointExtension>
            <gpxtpx:hr>111</gpxtpx:hr>
          </gpxtpx:TrackPointExtension>
        </extensions>
      </trkpt>
      <trkpt lat="22.737516763889616" lon="113.94343567792639">
        <ele>36.63804781623185</ele>
        <time>2026-09-10T12:25:24.900000Z</time>
        <extensions>
          <gpxtpx:TrackPointExtension>
            <gpxtpx:hr>111</gpxtpx:hr>
          </gpxtpx:TrackPointExtension>
        </extensions>
      </trkpt>
      <trkpt lat="22.7375172139991" lon="113.94344466503192">
        <ele>36.654464177787304</ele>
        <time>2026-09-10T12:25:25.900000Z</time>
        <extensions>
          <gpxtpx:TrackPointExtension>
            <gpxtpx:hr>111</gpxtpx:hr>
          </gpxtpx:TrackPointExtension>
        </extensions>
      </trkpt>
      <trkpt lat="22.737517896639066" lon="113.94345599991122">
        <ele>36.67624135687947</ele>
        <time>2026-09-10T12:25:26.900000Z</time>
        <extensions>
          <gpxtpx:TrackPointExtension>
            <gpxtpx:hr>111</gpxtpx:hr>
          </gpxtpx:TrackPointExtension>
        </extensions>
      </trkpt>
      <trkpt lat="22.73751873558255" lon="113.94346979191604">
        <ele>36.702632607892156</ele>
        <time>2026-09-10T12:25:27.900000Z</time>
        <extensions>
          <gpxtpx:TrackPointExtension>
            <gpxtpx:hr>111</gpxtpx:hr>
          </gpxtpx:TrackPointExtension>
        </extensions>
      </trkpt>
      <trkpt lat="22.737520002413234" lon="113.94348584129142">
        <ele>36.73267475236207</ele>
        <time>2026-09-10T12:25:28.900000Z</time>
        <extensions>
          <gpxtpx:TrackPointExtension>
            <gpxtpx:hr>111</gpxtpx:hr>
          </gpxtpx:TrackPointExtension>
        </extensions>
      </trkpt>
      <trkpt lat="22.737522039255254" lon="113.94350348891328">
        <ele>36.765195176936686</ele>
        <time>2026-09-10T12:25:29.900000Z</time>
        <extensions>
          <gpxtpx:TrackPointExtension>
            <gpxtpx:hr>111</gpxtpx:hr>
          </gpxtpx:TrackPointExtension>
        </extensions>
      </trkpt>
      <trkpt lat="22.737524722006132" lon="113.94352184680315">
        <ele>36.79886372387409</ele>
        <time>2026-09-10T12:25:30.900000Z</time>
        <extensions>
          <gpxtpx:TrackPointExtension>
            <gpxtpx:hr>111</gpxtpx:hr>
          </gpxtpx:TrackPointExtension>
        </extensions>
      </trkpt>
      <trkpt lat="22.73752767229451" lon="113.94354027604868">
        <ele>36.83225087914616</ele>
        <time>2026-09-10T12:25:31.900000Z</time>
        <extensions>
          <gpxtpx:TrackPointExtension>
            <gpxtpx:hr>111</gpxtpx:hr>
          </gpxtpx:TrackPointExtension>
        </extensions>
      </trkpt>
      <trkpt lat="22.737530776378293" lon="113.94355755568304">
        <ele>36.863883080892265</ele>
        <time>2026-09-10T12:25:32.900000Z</time>
        <extensions>
          <gpxtpx:TrackPointExtension>
            <gpxtpx:hr>111</gpxtpx:hr>
          </gpxtpx:TrackPointExtension>
        </extensions>
      </trkpt>
      <trkpt lat="22.73753371075195" lon="113.94357211120783">
        <ele>36.89232631679624</ele>
        <time>2026-09-10T12:25:33.900000Z</time>
        <extensions>
          <gpxtpx:TrackPointExtension>
            <gpxtpx:hr>113</gpxtpx:hr>
          </gpxtpx:TrackPointExtension>
        </extensions>
      </trkpt>
      <trkpt lat="22.737535906018085" lon="113.94358309604382">
        <ele>36.91632846929133</ele>
        <time>2026-09-10T12:25:34.900000Z</time>
        <extensions>
          <gpxtpx:TrackPointExtension>
            <gpxtpx:hr>113</gpxtpx:hr>
          </gpxtpx:TrackPointExtension>
        </extensions>
      </trkpt>
      <trkpt lat="22.73753717581914" lon="113.94359000124149">
        <ele>36.93506771046668</ele>
        <time>2026-09-10T12:25:35.900000Z</time>
        <extensions>
          <gpxtpx:TrackPointExtension>
            <gpxtpx:hr>113</gpxtpx:hr>
          </gpxtpx:TrackPointExtension>
        </extensions>
      </trkpt>
      <trkpt lat="22.737537806528483" lon="113.94359342463274">
        <ele>36.94837838411331</ele>
        <time>2026-09-10T12:25:36.900000Z</time>
        <extensions>
          <gpxtpx:TrackPointExtension>
            <gpxtpx:hr>113</gpxtpx:hr>
          </gpxtpx:TrackPointExtension>
        </extensions>
      </trkpt>
      <trkpt lat="22.737538147299066" lon="113.9435947731138">
        <ele>36.956706603989005</ele>
        <time>2026-09-10T12:25:37.900000Z</time>
        <extensions>
          <gpxtpx:TrackPointExtension>
            <gpxtpx:hr>113</gpxtpx:hr>
          </gpxtpx:TrackPointExtension>
        </extensions>
      </trkpt>
      <trkpt lat="22.73753835076339" lon="113.94359489462684">
        <ele>36.96085167117417</ele>
        <time>2026-09-10T12:25:38.900000Z</time>
        <extensions>
          <gpxtpx:TrackPointExtension>
            <gpxtpx:hr>113</gpxtpx:hr>
          </gpxtpx:TrackPointExtension>
        </extensions>
      </trkpt>
      <trkpt lat="22.737538496123896" lon="113.9435944213402">
        <ele>36.96172649692744</ele>
        <time>2026-09-10T12:25:39.900000Z</time>
        <extensions>
          <gpxtpx:TrackPointExtension>
            <gpxtpx:hr>113</gpxtpx:hr>
          </gpxtpx:TrackPointExtension>
        </extensions>
      </trkpt>
      <trkpt lat="22.737538626190013" lon="113.9435939362378">
        <ele>36.96019931323826</ele>
        <time>2026-09-10T12:25:40.900000Z</time>
        <extensions>
          <gpxtpx:TrackPointExtension>
            <gpxtpx:hr>113</gpxtpx:hr>
          </gpxtpx:TrackPointExtension>
        </extensions>
      </trkpt>
      <trkpt lat="22.737538728367767" lon="113.94359372734267">
        <ele>36.9570035552606</ele>
        <time>2026-09-10T12:25:41.900000Z</time>
        <extensions>
          <gpxtpx:TrackPointExtension>
            <gpxtpx:hr>113</gpxtpx:hr>
          </gpxtpx:TrackPointExtension>
        </extensions>
      </trkpt>
      <trkpt lat="22.737538754679356" lon="113.94359372868901">
        <ele>36.95271846931428</ele>
        <time>2026-09-10T12:25:42.900000Z</time>
        <extensions>
          <gpxtpx:TrackPointExtension>
            <gpxtpx:hr>111</gpxtpx:hr>
          </gpxtpx:TrackPointExtension>
        </extensions>
      </trkpt>
      <trkpt lat="22.737538668175986" lon="113.94359388451309">
        <ele>36.94780197646469</ele>
        <time>2026-09-10T12:25:43.900000Z</time>
        <extensions>
          <gpxtpx:TrackPointExtension>
            <gpxtpx:hr>111</gpxtpx:hr>
          </gpxtpx:TrackPointExtension>
        </extensions>
      </trkpt>
      <trkpt lat="22.737538479140795" lon="113.94359451963507">
        <ele>36.94263936858624</ele>
        <time>2026-09-10T12:25:44.900000Z</time>
        <extensions>
          <gpxtpx:TrackPointExtension>
            <gpxtpx:hr>111</gpxtpx:hr>
          </gpxtpx:TrackPointExtension>
        </extensions>
      </trkpt>
      <trkpt lat="22.737538191204006" lon="113.94359571522449">
        <ele>36.93758527562022</ele>
        <time>2026-09-10T12:25:45.900000Z</time>
        <extensions>
          <gpxtpx:TrackPointExtension>
            <gpxtpx:hr>111</gpxtpx:hr>
          </gpxtpx:TrackPointExtension>
        </extensions>
      </trkpt>
      <trkpt lat="22.73753777579256" lon="113.94359715980576">
        <ele>36.932994432747364</ele>
        <time>2026-09-10T12:25:46.900000Z</time>
        <extensions>
          <gpxtpx:TrackPointExtension>
            <gpxtpx:hr>111</gpxtpx:hr>
          </gpxtpx:TrackPointExtension>
        </extensions>
      </trkpt>
      <trkpt lat="22.737537199869262" lon="113.94359880427207">
        <ele>36.92923488840461</ele>
        <time>2026-09-10T12:25:47.900000Z</time>
        <extensions>
          <gpxtpx:TrackPointExtension>
            <gpxtpx:hr>108</gpxtpx:hr>
          </gpxtpx:TrackPointExtension>
        </extensions>
      </trkpt>
      <trkpt lat="22.73753641077331" lon="113.9436007784262">
        <ele>36.926670712418854</ele>
        <time>2026-09-10T12:25:48.900000Z</time>
        <extensions>
          <gpxtpx:TrackPointExtension>
            <gpxtpx:hr>108</gpxtpx:hr>
          </gpxtpx:TrackPointExtension>
        </extensions>
      </trkpt>
      <trkpt lat="22.73753535623556" lon="113.9436032734553">
        <ele>36.9256352102384</ele>
        <time>2026-09-10T12:25:49.900000Z</time>
        <extensions>
          <gpxtpx:TrackPointExtension>
            <gpxtpx:hr>108</gpxtpx:hr>
          </gpxtpx:TrackPointExtension>
        </extensions>
      </trkpt>
      <trkpt lat="22.737534036060868" lon="113.94360684733584">
        <ele>36.926409310661256</ele>
        <time>2026-09-10T12:25:50.900000Z</time>
        <extensions>
          <gpxtpx:TrackPointExtension>
            <gpxtpx:hr>108</gpxtpx:hr>
          </gpxtpx:TrackPointExtension>
        </extensions>
      </trkpt>
      <trkpt lat="22.73753248585242" lon="113.94361218179498">
        <ele>36.929192149080336</ele>
        <time>2026-09-10T12:25:51.900000Z</time>
        <extensions>
          <gpxtpx:TrackPointExtension>
            <gpxtpx:hr>108</gpxtpx:hr>
          </gpxtpx:TrackPointExtension>
        </extensions>
      </trkpt>
      <trkpt lat="22.737530787199734" lon="113.94362009588714">
        <ele>36.93405194114894</ele>
        <time>2026-09-10T12:25:52.900000Z</time>
        <extensions>
          <gpxtpx:TrackPointExtension>
            <gpxtpx:hr>108</gpxtpx:hr>
          </gpxtpx:TrackPointExtension>
        </extensions>
      </trkpt>
      <trkpt lat="22.73752907218366" lon="113.94363092378737">
        <ele>36.940854099579155</ele>
        <time>2026-09-10T12:25:53.900000Z</time>
        <extensions>
          <gpxtpx:TrackPointExtension>
            <gpxtpx:hr>108</gpxtpx:hr>
          </gpxtpx:TrackPointExtension>
        </extensions>
      </trkpt>
      <trkpt lat="22.73752795839866" lon="113.94364457494723">
        <ele>36.94917049072683</ele>
        <time>2026-09-10T12:25:54.900000Z</time>
        <extensions>
          <gpxtpx:TrackPointExtension>
            <gpxtpx:hr>108</gpxtpx:hr>
          </gpxtpx:TrackPointExtension>
        </extensions>
      </trkpt>
      <trkpt lat="22.737527502482088" lon="113.9436622897623">
        <ele>36.95819294452667</ele>
        <time>2026-09-10T12:25:55.900000Z</time>
        <extensions>
          <gpxtpx:TrackPointExtension>
            <gpxtpx:hr>105</gpxtpx:hr>
          </gpxtpx:TrackPointExtension>
        </extensions>
      </trkpt>
      <trkpt lat="22.737526434945384" lon="113.94368474661499">
        <ele>36.96666249074042</ele>
        <time>2026-09-10T12:25:56.900000Z</time>
        <extensions>
          <gpxtpx:TrackPointExtension>
            <gpxtpx:hr>105</gpxtpx:hr>
          </gpxtpx:TrackPointExtension>
        </extensions>
      </trkpt>
      <trkpt lat="22.737523921774528" lon="113.9437110844625">
        <ele>36.97292742691934</ele>
        <time>2026-09-10T12:25:57.900000Z</time>
        <extensions>
          <gpxtpx:TrackPointExtension>
            <gpxtpx:hr>105</gpxtpx:hr>
          </gpxtpx:TrackPointExtension>
        </extensions>
      </trkpt>
      <trkpt lat="22.737520025765523" lon="113.94374018959212">
        <ele>36.97523278556764</ele>
        <time>2026-09-10T12:25:58.900000Z</time>
        <extensions>
          <gpxtpx:TrackPointExtension>
            <gpxtpx:hr>105</gpxtpx:hr>
          </gpxtpx:TrackPointExtension>
        </extensions>
      </trkpt>
      <trkpt lat="22.7375149400537" lon="113.94377042893366">
        <ele>36.972083325497806</ele>
        <time>2026-09-10T12:25:59.900000Z</time>
        <extensions>
          <gpxtpx:TrackPointExtension>
            <gpxtpx:hr>105</gpxtpx:hr>
          </gpxtpx:TrackPointExtension>
        </extensions>
      </trkpt>
      <trkpt lat="22.737508779975162" lon="113.94380039701973">
        <ele>36.96252805180848</ele>
        <time>2026-09-10T12:26:00.900000Z</time>
        <extensions>
          <gpxtpx:TrackPointExtension>
            <gpxtpx:hr>105</gpxtpx:hr>
          </gpxtpx:TrackPointExtension>
        </extensions>
      </trkpt>
      <trkpt lat="22.737501717055952" lon="113.94382972114477">
        <ele>36.94641956780106</ele>
        <time>2026-09-10T12:26:01.900000Z</time>
        <extensions>
          <gpxtpx:TrackPointExtension>
            <gpxtpx:hr>105</gpxtpx:hr>
          </gpxtpx:TrackPointExtension>
        </extensions>
      </trkpt>
      <trkpt lat="22.73749400725945" lon="113.94385914331552">
        <ele>36.92449018545449</ele>
        <time>2026-09-10T12:26:02.900000Z</time>
        <extensions>
          <gpxtpx:TrackPointExtension>
            <gpxtpx:hr>111</gpxtpx:hr>
          </gpxtpx:TrackPointExtension>
        </extensions>
      </trkpt>
      <trkpt lat="22.737486278418025" lon="113.94388867895078">
        <ele>36.89806358516216</ele>
        <time>2026-09-10T12:26:03.900000Z</time>
        <extensions>
          <gpxtpx:TrackPointExtension>
            <gpxtpx:hr>111</gpxtpx:hr>
          </gpxtpx:TrackPointExtension>
        </extensions>
      </trkpt>
      <trkpt lat="22.737479066694913" lon="113.94391735461002">
        <ele>36.868695098906755</ele>
        <time>2026-09-10T12:26:04.900000Z</time>
        <extensions>
          <gpxtpx:TrackPointExtension>
            <gpxtpx:hr>111</gpxtpx:hr>
          </gpxtpx:TrackPointExtension>
        </extensions>
      </trkpt>
      <trkpt lat="22.73747245610295" lon="113.94394544852481">
        <ele>36.83798424899578</ele>
        <time>2026-09-10T12:26:05.900000Z</time>
        <extensions>
          <gpxtpx:TrackPointExtension>
            <gpxtpx:hr>111</gpxtpx:hr>
          </gpxtpx:TrackPointExtension>
        </extensions>
      </trkpt>
      <trkpt lat="22.73746731177451" lon="113.94397288309067">
        <ele>36.80750083737075</ele>
        <time>2026-09-10T12:26:06.900000Z</time>
        <extensions>
          <gpxtpx:TrackPointExtension>
            <gpxtpx:hr>111</gpxtpx:hr>
          </gpxtpx:TrackPointExtension>
        </extensions>
      </trkpt>
      <trkpt lat="22.737464386324213" lon="113.94399937792735">
        <ele>36.778703606687486</ele>
        <time>2026-09-10T12:26:07.900000Z</time>
        <extensions>
          <gpxtpx:TrackPointExtension>
            <gpxtpx:hr>111</gpxtpx:hr>
          </gpxtpx:TrackPointExtension>
        </extensions>
      </trkpt>
      <trkpt lat="22.737463543866767" lon="113.94402584939971">
        <ele>36.75275329966098</ele>
        <time>2026-09-10T12:26:08.900000Z</time>
        <extensions>
          <gpxtpx:TrackPointExtension>
            <gpxtpx:hr>111</gpxtpx:hr>
          </gpxtpx:TrackPointExtension>
        </extensions>
      </trkpt>
      <trkpt lat="22.737464574234657" lon="113.94405323576882">
        <ele>36.7303240923211</ele>
        <time>2026-09-10T12:26:09.900000Z</time>
        <extensions>
          <gpxtpx:TrackPointExtension>
            <gpxtpx:hr>109</gpxtpx:hr>
          </gpxtpx:TrackPointExtension>
        </extensions>
      </trkpt>
      <trkpt lat="22.7374666651632" lon="113.94408118647573">
        <ele>36.711633457802236</ele>
        <time>2026-09-10T12:26:10.900000Z</time>
        <extensions>
          <gpxtpx:TrackPointExtension>
            <gpxtpx:hr>109</gpxtpx:hr>
          </gpxtpx:TrackPointExtension>
        </extensions>
      </trkpt>
      <trkpt lat="22.737468441334972" lon="113.94410872437119">
        <ele>36.696681996807456</ele>
        <time>2026-09-10T12:26:11.900000Z</time>
        <extensions>
          <gpxtpx:TrackPointExtension>
            <gpxtpx:hr>109</gpxtpx:hr>
          </gpxtpx:TrackPointExtension>
        </extensions>
      </trkpt>
      <trkpt lat="22.73746894110808" lon="113.9441359116069">
        <ele>36.68547970149666</ele>
        <time>2026-09-10T12:26:12.900000Z</time>
        <extensions>
          <gpxtpx:TrackPointExtension>
            <gpxtpx:hr>109</gpxtpx:hr>
          </gpxtpx:TrackPointExtension>
        </extensions>
      </trkpt>
      <trkpt lat="22.73746790826955" lon="113.94416325458614">
        <ele>36.67814328800887</ele>
        <time>2026-09-10T12:26:13.900000Z</time>
        <extensions>
          <gpxtpx:TrackPointExtension>
            <gpxtpx:hr>105</gpxtpx:hr>
          </gpxtpx:TrackPointExtension>
        </extensions>
      </trkpt>
      <trkpt lat="22.737465852303618" lon="113.94419135562492">
        <ele>36.67490274552256</ele>
        <time>2026-09-10T12:26:14.900000Z</time>
        <extensions>
          <gpxtpx:TrackPointExtension>
            <gpxtpx:hr>105</gpxtpx:hr>
          </gpxtpx:TrackPointExtension>
        </extensions>
      </trkpt>
      <trkpt lat="22.737463583631683" lon="113.94421994995379">
        <ele>36.67606234084815</ele>
        <time>2026-09-10T12:26:15.900000Z</time>
        <extensions>
          <gpxtpx:TrackPointExtension>
            <gpxtpx:hr>105</gpxtpx:hr>
          </gpxtpx:TrackPointExtension>
        </extensions>
      </trkpt>
      <trkpt lat="22.737461460987173" lon="113.94424840716364">
        <ele>36.68191390670836</ele>
        <time>2026-09-10T12:26:16.900000Z</time>
        <extensions>
          <gpxtpx:TrackPointExtension>
            <gpxtpx:hr>105</gpxtpx:hr>
          </gpxtpx:TrackPointExtension>
        </extensions>
      </trkpt>
      <trkpt lat="22.737459829742818" lon="113.94427703361816">
        <ele>36.6926381746307</ele>
        <time>2026-09-10T12:26:17.900000Z</time>
        <extensions>
          <gpxtpx:TrackPointExtension>
            <gpxtpx:hr>105</gpxtpx:hr>
          </gpxtpx:TrackPointExtension>
        </extensions>
      </trkpt>
      <trkpt lat="22.737459359860427" lon="113.94430667358208">
        <ele>36.70825100596994</ele>
        <time>2026-09-10T12:26:18.900000Z</time>
        <extensions>
          <gpxtpx:TrackPointExtension>
            <gpxtpx:hr>104</gpxtpx:hr>
          </gpxtpx:TrackPointExtension>
        </extensions>
      </trkpt>
      <trkpt lat="22.737458179502212" lon="113.94433697209786">
        <ele>36.72856014315039</ele>
        <time>2026-09-10T12:26:19.900000Z</time>
        <extensions>
          <gpxtpx:TrackPointExtension>
            <gpxtpx:hr>104</gpxtpx:hr>
          </gpxtpx:TrackPointExtension>
        </extensions>
      </trkpt>
      <trkpt lat="22.737454001077147" lon="113.94436701983574">
        <ele>36.75315731484443</ele>
        <time>2026-09-10T12:26:20.900000Z</time>
        <extensions>
          <gpxtpx:TrackPointExtension>
            <gpxtpx:hr>104</gpxtpx:hr>
          </gpxtpx:TrackPointExtension>
        </extensions>
      </trkpt>
      <trkpt lat="22.737447205994822" lon="113.94439715357389">
        <ele>36.78148177266121</ele>
        <time>2026-09-10T12:26:21.900000Z</time>
        <extensions>
          <gpxtpx:TrackPointExtension>
            <gpxtpx:hr>104</gpxtpx:hr>
          </gpxtpx:TrackPointExtension>
        </extensions>
      </trkpt>
      <trkpt lat="22.737439342815424" lon="113.9444270527785">
        <ele>36.812887320294976</ele>
        <time>2026-09-10T12:26:22.900000Z</time>
        <extensions>
          <gpxtpx:TrackPointExtension>
            <gpxtpx:hr>105</gpxtpx:hr>
          </gpxtpx:TrackPointExtension>
        </extensions>
      </trkpt>
      <trkpt lat="22.737431848174005" lon="113.94445523927783">
        <ele>36.8466927325353</ele>
        <time>2026-09-10T12:26:23.900000Z</time>
        <extensions>
          <gpxtpx:TrackPointExtension>
            <gpxtpx:hr>105</gpxtpx:hr>
          </gpxtpx:TrackPointExtension>
        </extensions>
      </trkpt>
      <trkpt lat="22.73742486842609" lon="113.94448144411396">
        <ele>36.88222305290401</ele>
        <time>2026-09-10T12:26:24.900000Z</time>
        <extensions>
          <gpxtpx:TrackPointExtension>
            <gpxtpx:hr>105</gpxtpx:hr>
          </gpxtpx:TrackPointExtension>
        </extensions>
      </trkpt>
      <trkpt lat="22.73741776947577" lon="113.94450697126703">
        <ele>36.918855817988515</ele>
        <time>2026-09-10T12:26:25.900000Z</time>
        <extensions>
          <gpxtpx:TrackPointExtension>
            <gpxtpx:hr>105</gpxtpx:hr>
          </gpxtpx:TrackPointExtension>
        </extensions>
      </trkpt>
      <trkpt lat="22.737410400831777" lon="113.9445331844987">
        <ele>36.95610682852566</ele>
        <time>2026-09-10T12:26:26.900000Z</time>
        <extensions>
          <gpxtpx:TrackPointExtension>
            <gpxtpx:hr>105</gpxtpx:hr>
          </gpxtpx:TrackPointExtension>
        </extensions>
      </trkpt>
      <trkpt lat="22.73740339643958" lon="113.94456107710248">
        <ele>36.99369577784091</ele>
        <time>2026-09-10T12:26:27.900000Z</time>
        <extensions>
          <gpxtpx:TrackPointExtension>
            <gpxtpx:hr>105</gpxtpx:hr>
          </gpxtpx:TrackPointExtension>
        </extensions>
      </trkpt>
      <trkpt lat="22.7373967621708" lon="113.94459067112116">
        <ele>37.031516968272626</ele>
        <time>2026-09-10T12:26:28.900000Z</time>
        <extensions>
          <gpxtpx:TrackPointExtension>
            <gpxtpx:hr>105</gpxtpx:hr>
          </gpxtpx:TrackPointExtension>
        </extensions>
      </trkpt>
      <trkpt lat="22.73738970964233" lon="113.94462117296591">
        <ele>37.06954141892493</ele>
        <time>2026-09-10T12:26:29.900000Z</time>
        <extensions>
          <gpxtpx:TrackPointExtension>
            <gpxtpx:hr>105</gpxtpx:hr>
          </gpxtpx:TrackPointExtension>
        </extensions>
      </trkpt>
      <trkpt lat="22.737382374814715" lon="113.94465154854517">
        <ele>37.10773810837418</ele>
        <time>2026-09-10T12:26:30.900000Z</time>
        <extensions>
          <gpxtpx:TrackPointExtension>
            <gpxtpx:hr>105</gpxtpx:hr>
          </gpxtpx:TrackPointExtension>
        </extensions>
      </trkpt>
      <trkpt lat="22.73737575647057" lon="113.94468124404146">
        <ele>37.146055618301034</ele>
        <time>2026-09-10T12:26:31.900000Z</time>
        <extensions>
          <gpxtpx:TrackPointExtension>
            <gpxtpx:hr>105</gpxtpx:hr>
          </gpxtpx:TrackPointExtension>
        </extensions>
      </trkpt>
      <trkpt lat="22.73737026378085" lon="113.94471024428222">
        <ele>37.184421370737255</ele>
        <time>2026-09-10T12:26:32.900000Z</time>
        <extensions>
          <gpxtpx:TrackPointExtension>
            <gpxtpx:hr>105</gpxtpx:hr>
          </gpxtpx:TrackPointExtension>
        </extensions>
      </trkpt>
      <trkpt lat="22.73736551596455" lon="113.94474006923127">
        <ele>37.22271777316928</ele>
        <time>2026-09-10T12:26:33.900000Z</time>
        <extensions>
          <gpxtpx:TrackPointExtension>
            <gpxtpx:hr>105</gpxtpx:hr>
          </gpxtpx:TrackPointExtension>
        </extensions>
      </trkpt>
      <trkpt lat="22.737361227159404" lon="113.94477228889318">
        <ele>37.26073666103184</ele>
        <time>2026-09-10T12:26:34.900000Z</time>
        <extensions>
          <gpxtpx:TrackPointExtension>
            <gpxtpx:hr>105</gpxtpx:hr>
          </gpxtpx:TrackPointExtension>
        </extensions>
      </trkpt>
      <trkpt lat="22.737357399275904" lon="113.94480669638087">
        <ele>37.298164239153266</ele>
        <time>2026-09-10T12:26:35.900000Z</time>
        <extensions>
          <gpxtpx:TrackPointExtension>
            <gpxtpx:hr>105</gpxtpx:hr>
          </gpxtpx:TrackPointExtension>
        </extensions>
      </trkpt>
      <trkpt lat="22.737353695920447" lon="113.94484174276076">
        <ele>37.33464357908815</ele>
        <time>2026-09-10T12:26:36.900000Z</time>
        <extensions>
          <gpxtpx:TrackPointExtension>
            <gpxtpx:hr>105</gpxtpx:hr>
          </gpxtpx:TrackPointExtension>
        </extensions>
      </trkpt>
      <trkpt lat="22.73734973672519" lon="113.9448753901326">
        <ele>37.36985911056399</ele>
        <time>2026-09-10T12:26:37.900000Z</time>
        <extensions>
          <gpxtpx:TrackPointExtension>
            <gpxtpx:hr>107</gpxtpx:hr>
          </gpxtpx:TrackPointExtension>
        </extensions>
      </trkpt>
      <trkpt lat="22.73734545099989" lon="113.94490735828593">
        <ele>37.403597618453205</ele>
        <time>2026-09-10T12:26:38.900000Z</time>
        <extensions>
          <gpxtpx:TrackPointExtension>
            <gpxtpx:hr>107</gpxtpx:hr>
          </gpxtpx:TrackPointExtension>
        </extensions>
      </trkpt>
      <trkpt lat="22.737340797162258" lon="113.94493784591756">
        <ele>37.435744103975594</ele>
        <time>2026-09-10T12:26:39.900000Z</time>
        <extensions>
          <gpxtpx:TrackPointExtension>
            <gpxtpx:hr>107</gpxtpx:hr>
          </gpxtpx:TrackPointExtension>
        </extensions>
      </trkpt>
      <trkpt lat="22.737335873125215" lon="113.94496675500112">
        <ele>37.46627679653466</ele>
        <time>2026-09-10T12:26:40.900000Z</time>
        <extensions>
          <gpxtpx:TrackPointExtension>
            <gpxtpx:hr>107</gpxtpx:hr>
          </gpxtpx:TrackPointExtension>
        </extensions>
      </trkpt>
      <trkpt lat="22.73733060647103" lon="113.94499378840801">
        <ele>37.495218644849956</ele>
        <time>2026-09-10T12:26:41.900000Z</time>
        <extensions>
          <gpxtpx:TrackPointExtension>
            <gpxtpx:hr>107</gpxtpx:hr>
          </gpxtpx:TrackPointExtension>
        </extensions>
      </trkpt>
      <trkpt lat="22.73732431309255" lon="113.94501848360903">
        <ele>37.52258330769837</ele>
        <time>2026-09-10T12:26:42.900000Z</time>
        <extensions>
          <gpxtpx:TrackPointExtension>
            <gpxtpx:hr>107</gpxtpx:hr>
          </gpxtpx:TrackPointExtension>
        </extensions>
      </trkpt>
      <trkpt lat="22.737316990582325" lon="113.94504077761222">
        <ele>37.5483473893255</ele>
        <time>2026-09-10T12:26:43.900000Z</time>
        <extensions>
          <gpxtpx:TrackPointExtension>
            <gpxtpx:hr>107</gpxtpx:hr>
          </gpxtpx:TrackPointExtension>
        </extensions>
      </trkpt>
      <trkpt lat="22.73730905392065" lon="113.94506168969306">
        <ele>37.57244820147753</ele>
        <time>2026-09-10T12:26:44.900000Z</time>
        <extensions>
          <gpxtpx:TrackPointExtension>
            <gpxtpx:hr>107</gpxtpx:hr>
          </gpxtpx:TrackPointExtension>
        </extensions>
      </trkpt>
      <trkpt lat="22.73730146897095" lon="113.94508209045058">
        <ele>37.59481650684029</ele>
        <time>2026-09-10T12:26:45.900000Z</time>
        <extensions>
          <gpxtpx:TrackPointExtension>
            <gpxtpx:hr>107</gpxtpx:hr>
          </gpxtpx:TrackPointExtension>
        </extensions>
      </trkpt>
      <trkpt lat="22.73729570122509" lon="113.9451024057526">
        <ele>37.61545155569911</ele>
        <time>2026-09-10T12:26:46.900000Z</time>
        <extensions>
          <gpxtpx:TrackPointExtension>
            <gpxtpx:hr>107</gpxtpx:hr>
          </gpxtpx:TrackPointExtension>
        </extensions>
      </trkpt>
      <trkpt lat="22.737291699515875" lon="113.94512349140625">
        <ele>37.63454237114638</ele>
        <time>2026-09-10T12:26:47.900000Z</time>
        <extensions>
          <gpxtpx:TrackPointExtension>
            <gpxtpx:hr>108</gpxtpx:hr>
          </gpxtpx:TrackPointExtension>
        </extensions>
      </trkpt>
      <trkpt lat="22.73728851570502" lon="113.945144688311">
        <ele>37.65253401082009</ele>
        <time>2026-09-10T12:26:48.900000Z</time>
        <extensions>
          <gpxtpx:TrackPointExtension>
            <gpxtpx:hr>108</gpxtpx:hr>
          </gpxtpx:TrackPointExtension>
        </extensions>
      </trkpt>
      <trkpt lat="22.737285458063077" lon="113.94516419201106">
        <ele>37.670147000811994</ele>
        <time>2026-09-10T12:26:49.900000Z</time>
        <extensions>
          <gpxtpx:TrackPointExtension>
            <gpxtpx:hr>108</gpxtpx:hr>
          </gpxtpx:TrackPointExtension>
        </extensions>
      </trkpt>
      <trkpt lat="22.737282077694847" lon="113.94518149180432">
        <ele>37.68832505028695</ele>
        <time>2026-09-10T12:26:50.900000Z</time>
        <extensions>
          <gpxtpx:TrackPointExtension>
            <gpxtpx:hr>108</gpxtpx:hr>
          </gpxtpx:TrackPointExtension>
        </extensions>
      </trkpt>
      <trkpt lat="22.737279243646157" lon="113.94519721183197">
        <ele>37.70805222727358</ele>
        <time>2026-09-10T12:26:51.900000Z</time>
        <extensions>
          <gpxtpx:TrackPointExtension>
            <gpxtpx:hr>108</gpxtpx:hr>
          </gpxtpx:TrackPointExtension>
        </extensions>
      </trkpt>
      <trkpt lat="22.737278894788496" lon="113.94521205179072">
        <ele>37.7300732107833</ele>
        <time>2026-09-10T12:26:52.900000Z</time>
        <extensions>
          <gpxtpx:TrackPointExtension>
            <gpxtpx:hr>107</gpxtpx:hr>
          </gpxtpx:TrackPointExtension>
        </extensions>
      </trkpt>
      <trkpt lat="22.737281801405445" lon="113.94522733102617">
        <ele>37.75470179785043</ele>
        <time>2026-09-10T12:26:53.900000Z</time>
        <extensions>
          <gpxtpx:TrackPointExtension>
            <gpxtpx:hr>107</gpxtpx:hr>
          </gpxtpx:TrackPointExtension>
        </extensions>
      </trkpt>
      <trkpt lat="22.7372868268143" lon="113.94524437961641">
        <ele>37.7817959850654</ele>
        <time>2026-09-10T12:26:54.900000Z</time>
        <extensions>
          <gpxtpx:TrackPointExtension>
            <gpxtpx:hr>107</gpxtpx:hr>
          </gpxtpx:TrackPointExtension>
        </extensions>
      </trkpt>
      <trkpt lat="22.737291960197638" lon="113.94526342606753">
        <ele>37.810810348019004</ele>
        <time>2026-09-10T12:26:55.900000Z</time>
        <extensions>
          <gpxtpx:TrackPointExtension>
            <gpxtpx:hr>107</gpxtpx:hr>
          </gpxtpx:TrackPointExtension>
        </extensions>
      </trkpt>
      <trkpt lat="22.737296338237822" lon="113.94528496678329">
        <ele>37.84093474783003</ele>
        <time>2026-09-10T12:26:56.900000Z</time>
        <extensions>
          <gpxtpx:TrackPointExtension>
            <gpxtpx:hr>107</gpxtpx:hr>
          </gpxtpx:TrackPointExtension>
        </extensions>
      </trkpt>
      <trkpt lat="22.73730035054729" lon="113.9453094473565">
        <ele>37.871280633844435</ele>
        <time>2026-09-10T12:26:57.900000Z</time>
        <extensions>
          <gpxtpx:TrackPointExtension>
            <gpxtpx:hr>107</gpxtpx:hr>
          </gpxtpx:TrackPointExtension>
        </extensions>
      </trkpt>
      <trkpt lat="22.73730374034257" lon="113.94533552370724">
        <ele>37.90107175800949</ele>
        <time>2026-09-10T12:26:58.900000Z</time>
        <extensions>
          <gpxtpx:TrackPointExtension>
            <gpxtpx:hr>109</gpxtpx:hr>
          </gpxtpx:TrackPointExtension>
        </extensions>
      </trkpt>
      <trkpt lat="22.737305833040974" lon="113.94536195360871">
        <ele>37.92981228698045</ele>
        <time>2026-09-10T12:26:59.900000Z</time>
        <extensions>
          <gpxtpx:TrackPointExtension>
            <gpxtpx:hr>109</gpxtpx:hr>
          </gpxtpx:TrackPointExtension>
        </extensions>
      </trkpt>
      <trkpt lat="22.73730678697326" lon="113.94538814036798">
        <ele>37.95740627869964</ele>
        <time>2026-09-10T12:27:00.900000Z</time>
        <extensions>
          <gpxtpx:TrackPointExtension>
            <gpxtpx:hr>109</gpxtpx:hr>
          </gpxtpx:TrackPointExtension>
        </extensions>
      </trkpt>
      <trkpt lat="22.737307030606978" lon="113.94541373910641">
        <ele>37.98412221763283</ele>
        <time>2026-09-10T12:27:01.900000Z</time>
        <extensions>
          <gpxtpx:TrackPointExtension>
            <gpxtpx:hr>109</gpxtpx:hr>
          </gpxtpx:TrackPointExtension>
        </extensions>
      </trkpt>
      <trkpt lat="22.73730657049521" lon="113.94543917813252">
        <ele>38.01041465066373</ele>
        <time>2026-09-10T12:27:02.900000Z</time>
        <extensions>
          <gpxtpx:TrackPointExtension>
            <gpxtpx:hr>109</gpxtpx:hr>
          </gpxtpx:TrackPointExtension>
        </extensions>
      </trkpt>
      <trkpt lat="22.73730550171076" lon="113.94546439977735">
        <ele>38.03676419984549</ele>
        <time>2026-09-10T12:27:03.900000Z</time>
        <extensions>
          <gpxtpx:TrackPointExtension>
            <gpxtpx:hr>110</gpxtpx:hr>
          </gpxtpx:TrackPointExtension>
        </extensions>
      </trkpt>
      <trkpt lat="22.73730381813068" lon="113.94548932946886">
        <ele>38.063620765693486</ele>
        <time>2026-09-10T12:27:04.900000Z</time>
        <extensions>
          <gpxtpx:TrackPointExtension>
            <gpxtpx:hr>110</gpxtpx:hr>
          </gpxtpx:TrackPointExtension>
        </extensions>
      </trkpt>
      <trkpt lat="22.737301792792746" lon="113.94551418122474">
        <ele>38.09139652643353</ele>
        <time>2026-09-10T12:27:05.900000Z</time>
        <extensions>
          <gpxtpx:TrackPointExtension>
            <gpxtpx:hr>110</gpxtpx:hr>
          </gpxtpx:TrackPointExtension>
        </extensions>
      </trkpt>
      <trkpt lat="22.737300322543568" lon="113.94553792169523">
        <ele>38.12047166656703</ele>
        <time>2026-09-10T12:27:06.900000Z</time>
        <extensions>
          <gpxtpx:TrackPointExtension>
            <gpxtpx:hr>110</gpxtpx:hr>
          </gpxtpx:TrackPointExtension>
        </extensions>
      </trkpt>
      <trkpt lat="22.737300044044115" lon="113.9455609077552">
        <ele>38.15120589733124</ele>
        <time>2026-09-10T12:27:07.900000Z</time>
        <extensions>
          <gpxtpx:TrackPointExtension>
            <gpxtpx:hr>110</gpxtpx:hr>
          </gpxtpx:TrackPointExtension>
        </extensions>
      </trkpt>
      <trkpt lat="22.73730082182248" lon="113.94558436282298">
        <ele>38.18393169529736</ele>
        <time>2026-09-10T12:27:08.900000Z</time>
        <extensions>
          <gpxtpx:TrackPointExtension>
            <gpxtpx:hr>106</gpxtpx:hr>
          </gpxtpx:TrackPointExtension>
        </extensions>
      </trkpt>
      <trkpt lat="22.737301783801456" lon="113.94560825556667">
        <ele>38.21891157981008</ele>
        <time>2026-09-10T12:27:09.900000Z</time>
        <extensions>
          <gpxtpx:TrackPointExtension>
            <gpxtpx:hr>106</gpxtpx:hr>
          </gpxtpx:TrackPointExtension>
        </extensions>
      </trkpt>
      <trkpt lat="22.737301904087122" lon="113.9456325037995">
        <ele>38.25627336744219</ele>
        <time>2026-09-10T12:27:10.900000Z</time>
        <extensions>
          <gpxtpx:TrackPointExtension>
            <gpxtpx:hr>106</gpxtpx:hr>
          </gpxtpx:TrackPointExtension>
        </extensions>
      </trkpt>
      <trkpt lat="22.737300831224513" lon="113.94565685482723">
        <ele>38.29598035570234</ele>
        <time>2026-09-10T12:27:11.900000Z</time>
        <extensions>
          <gpxtpx:TrackPointExtension>
            <gpxtpx:hr>107</gpxtpx:hr>
          </gpxtpx:TrackPointExtension>
        </extensions>
      </trkpt>
      <trkpt lat="22.737299815905292" lon="113.9456821395358">
        <ele>38.33785181120038</ele>
        <time>2026-09-10T12:27:12.900000Z</time>
        <extensions>
          <gpxtpx:TrackPointExtension>
            <gpxtpx:hr>107</gpxtpx:hr>
          </gpxtpx:TrackPointExtension>
        </extensions>
      </trkpt>
      <trkpt lat="22.737299753256842" lon="113.94570910949741">
        <ele>38.38159689027816</ele>
        <time>2026-09-10T12:27:13.900000Z</time>
        <extensions>
          <gpxtpx:TrackPointExtension>
            <gpxtpx:hr>107</gpxtpx:hr>
          </gpxtpx:TrackPointExtension>
        </extensions>
      </trkpt>
      <trkpt lat="22.7373000165542" lon="113.94573713260975">
        <ele>38.42686302214861</ele>
        <time>2026-09-10T12:27:14.900000Z</time>
        <extensions>
          <gpxtpx:TrackPointExtension>
            <gpxtpx:hr>107</gpxtpx:hr>
          </gpxtpx:TrackPointExtension>
        </extensions>
      </trkpt>
      <trkpt lat="22.737300080019462" lon="113.94576561387063">
        <ele>38.47328464873135</ele>
        <time>2026-09-10T12:27:15.900000Z</time>
        <extensions>
          <gpxtpx:TrackPointExtension>
            <gpxtpx:hr>107</gpxtpx:hr>
          </gpxtpx:TrackPointExtension>
        </extensions>
      </trkpt>
      <trkpt lat="22.73730023964228" lon="113.9457945843377">
        <ele>38.520503480918705</ele>
        <time>2026-09-10T12:27:16.900000Z</time>
        <extensions>
          <gpxtpx:TrackPointExtension>
            <gpxtpx:hr>114</gpxtpx:hr>
          </gpxtpx:TrackPointExtension>
        </extensions>
      </trkpt>
      <trkpt lat="22.737301635503844" lon="113.9458240706083">
        <ele>38.568162023089826</ele>
        <time>2026-09-10T12:27:17.900000Z</time>
        <extensions>
          <gpxtpx:TrackPointExtension>
            <gpxtpx:hr>114</gpxtpx:hr>
          </gpxtpx:TrackPointExtension>
        </extensions>
      </trkpt>
      <trkpt lat="22.73730494568274" lon="113.94585383354413">
        <ele>38.61589438468218</ele>
        <time>2026-09-10T12:27:18.900000Z</time>
        <extensions>
          <gpxtpx:TrackPointExtension>
            <gpxtpx:hr>114</gpxtpx:hr>
          </gpxtpx:TrackPointExtension>
        </extensions>
      </trkpt>
      <trkpt lat="22.737308772582264" lon="113.945883846332">
        <ele>38.66334356274456</ele>
        <time>2026-09-10T12:27:19.900000Z</time>
        <extensions>
          <gpxtpx:TrackPointExtension>
            <gpxtpx:hr>114</gpxtpx:hr>
          </gpxtpx:TrackPointExtension>
        </extensions>
      </trkpt>
      <trkpt lat="22.73731134201178" lon="113.94591385663729">
        <ele>38.71020263247192</ele>
        <time>2026-09-10T12:27:20.900000Z</time>
        <extensions>
          <gpxtpx:TrackPointExtension>
            <gpxtpx:hr>114</gpxtpx:hr>
          </gpxtpx:TrackPointExtension>
        </extensions>
      </trkpt>
      <trkpt lat="22.73731255769421" lon="113.94594432342781">
        <ele>38.75624714139849</ele>
        <time>2026-09-10T12:27:21.900000Z</time>
        <extensions>
          <gpxtpx:TrackPointExtension>
            <gpxtpx:hr>114</gpxtpx:hr>
          </gpxtpx:TrackPointExtension>
        </extensions>
      </trkpt>
      <trkpt lat="22.73731296812087" lon="113.94597580457854">
        <ele>38.8013471448794</ele>
        <time>2026-09-10T12:27:22.900000Z</time>
        <extensions>
          <gpxtpx:TrackPointExtension>
            <gpxtpx:hr>114</gpxtpx:hr>
          </gpxtpx:TrackPointExtension>
        </extensions>
      </trkpt>
      <trkpt lat="22.737313230110647" lon="113.94600825454103">
        <ele>38.84549230244011</ele>
        <time>2026-09-10T12:27:23.900000Z</time>
        <extensions>
          <gpxtpx:TrackPointExtension>
            <gpxtpx:hr>114</gpxtpx:hr>
          </gpxtpx:TrackPointExtension>
        </extensions>
      </trkpt>
      <trkpt lat="22.737313756944086" lon="113.94604096664474">
        <ele>38.88877228554338</ele>
        <time>2026-09-10T12:27:24.900000Z</time>
        <extensions>
          <gpxtpx:TrackPointExtension>
            <gpxtpx:hr>114</gpxtpx:hr>
          </gpxtpx:TrackPointExtension>
        </extensions>
      </trkpt>
      <trkpt lat="22.737314331194426" lon="113.94607346603391">
        <ele>38.93140266370028</ele>
        <time>2026-09-10T12:27:25.900000Z</time>
        <extensions>
          <gpxtpx:TrackPointExtension>
            <gpxtpx:hr>114</gpxtpx:hr>
          </gpxtpx:TrackPointExtension>
        </extensions>
      </trkpt>
      <trkpt lat="22.737314360716603" lon="113.9461061191358">
        <ele>38.9737309422344</ele>
        <time>2026-09-10T12:27:26.900000Z</time>
        <extensions>
          <gpxtpx:TrackPointExtension>
            <gpxtpx:hr>115</gpxtpx:hr>
          </gpxtpx:TrackPointExtension>
        </extensions>
      </trkpt>
      <trkpt lat="22.73731336888978" lon="113.94613848626963">
        <ele>39.0162279298529</ele>
        <time>2026-09-10T12:27:27.900000Z</time>
        <extensions>
          <gpxtpx:TrackPointExtension>
            <gpxtpx:hr>115</gpxtpx:hr>
          </gpxtpx:TrackPointExtension>
        </extensions>
      </trkpt>
      <trkpt lat="22.737311194229534" lon="113.9461698180772">
        <ele>39.05946980975568</ele>
        <time>2026-09-10T12:27:28.900000Z</time>
        <extensions>
          <gpxtpx:TrackPointExtension>
            <gpxtpx:hr>115</gpxtpx:hr>
          </gpxtpx:TrackPointExtension>
        </extensions>
      </trkpt>
      <trkpt lat="22.737307315514744" lon="113.9462004939642">
        <ele>39.10411813110113</ele>
        <time>2026-09-10T12:27:29.900000Z</time>
        <extensions>
          <gpxtpx:TrackPointExtension>
            <gpxtpx:hr>115</gpxtpx:hr>
          </gpxtpx:TrackPointExtension>
        </extensions>
      </trkpt>
      <trkpt lat="22.737300641692453" lon="113.94623160838731">
        <ele>39.15087293367833</ele>
        <time>2026-09-10T12:27:30.900000Z</time>
        <extensions>
          <gpxtpx:TrackPointExtension>
            <gpxtpx:hr>115</gpxtpx:hr>
          </gpxtpx:TrackPointExtension>
        </extensions>
      </trkpt>
      <trkpt lat="22.737290738496117" lon="113.94626319953564">
        <ele>39.200382554903626</ele>
        <time>2026-09-10T12:27:31.900000Z</time>
        <extensions>
          <gpxtpx:TrackPointExtension>
            <gpxtpx:hr>115</gpxtpx:hr>
          </gpxtpx:TrackPointExtension>
        </extensions>
      </trkpt>
      <trkpt lat="22.7372782400916" lon="113.94629477260426">
        <ele>39.253100883215666</ele>
        <time>2026-09-10T12:27:32.900000Z</time>
        <extensions>
          <gpxtpx:TrackPointExtension>
            <gpxtpx:hr>117</gpxtpx:hr>
          </gpxtpx:TrackPointExtension>
        </extensions>
      </trkpt>
      <trkpt lat="22.737264493988736" lon="113.9463262277318">
        <ele>39.3090994739905</ele>
        <time>2026-09-10T12:27:33.900000Z</time>
        <extensions>
          <gpxtpx:TrackPointExtension>
            <gpxtpx:hr>117</gpxtpx:hr>
          </gpxtpx:TrackPointExtension>
        </extensions>
      </trkpt>
      <trkpt lat="22.737251154673544" lon="113.94635755665409">
        <ele>39.36799311358482</ele>
        <time>2026-09-10T12:27:34.900000Z</time>
        <extensions>
          <gpxtpx:TrackPointExtension>
            <gpxtpx:hr>117</gpxtpx:hr>
          </gpxtpx:TrackPointExtension>
        </extensions>
      </trkpt>
      <trkpt lat="22.737239821072237" lon="113.94638883112496">
        <ele>39.428971860557795</ele>
        <time>2026-09-10T12:27:35.900000Z</time>
        <extensions>
          <gpxtpx:TrackPointExtension>
            <gpxtpx:hr>117</gpxtpx:hr>
          </gpxtpx:TrackPointExtension>
        </extensions>
      </trkpt>
      <trkpt lat="22.737231253052496" lon="113.94642025642787">
        <ele>39.49086101539433</ele>
        <time>2026-09-10T12:27:36.900000Z</time>
        <extensions>
          <gpxtpx:TrackPointExtension>
            <gpxtpx:hr>117</gpxtpx:hr>
          </gpxtpx:TrackPointExtension>
        </extensions>
      </trkpt>
      <trkpt lat="22.7372251993202" lon="113.94645200238097">
        <ele>39.55220506340265</ele>
        <time>2026-09-10T12:27:37.900000Z</time>
        <extensions>
          <gpxtpx:TrackPointExtension>
            <gpxtpx:hr>117</gpxtpx:hr>
          </gpxtpx:TrackPointExtension>
        </extensions>
      </trkpt>
      <trkpt lat="22.737222084728934" lon="113.94648412547441">
        <ele>39.61137579102069</ele>
        <time>2026-09-10T12:27:38.900000Z</time>
        <extensions>
          <gpxtpx:TrackPointExtension>
            <gpxtpx:hr>117</gpxtpx:hr>
          </gpxtpx:TrackPointExtension>
        </extensions>
      </trkpt>
      <trkpt lat="22.73722222570403" lon="113.94651659190977">
        <ele>39.666713680140674</ele>
        <time>2026-09-10T12:27:39.900000Z</time>
        <extensions>
          <gpxtpx:TrackPointExtension>
            <gpxtpx:hr>117</gpxtpx:hr>
          </gpxtpx:TrackPointExtension>
        </extensions>
      </trkpt>
      <trkpt lat="22.737224353463795" lon="113.94654913219782">
        <ele>39.71675123274326</ele>
        <time>2026-09-10T12:27:40.900000Z</time>
        <extensions>
          <gpxtpx:TrackPointExtension>
            <gpxtpx:hr>117</gpxtpx:hr>
          </gpxtpx:TrackPointExtension>
        </extensions>
      </trkpt>
      <trkpt lat="22.737226292656068" lon="113.9465813412069">
        <ele>39.760408164933324</ele>
        <time>2026-09-10T12:27:41.900000Z</time>
        <extensions>
          <gpxtpx:TrackPointExtension>
            <gpxtpx:hr>117</gpxtpx:hr>
          </gpxtpx:TrackPointExtension>
        </extensions>
      </trkpt>
      <trkpt lat="22.737226023261666" lon="113.94661274623537">
        <ele>39.79700734373182</ele>
        <time>2026-09-10T12:27:42.900000Z</time>
        <extensions>
          <gpxtpx:TrackPointExtension>
            <gpxtpx:hr>117</gpxtpx:hr>
          </gpxtpx:TrackPointExtension>
        </extensions>
      </trkpt>
      <trkpt lat="22.73722307088668" lon="113.94664271971529">
        <ele>39.826223908923566</ele>
        <time>2026-09-10T12:27:43.900000Z</time>
        <extensions>
          <gpxtpx:TrackPointExtension>
            <gpxtpx:hr>117</gpxtpx:hr>
          </gpxtpx:TrackPointExtension>
        </extensions>
      </trkpt>
      <trkpt lat="22.737218882093362" lon="113.94667126610142">
        <ele>39.84807226154953</ele>
        <time>2026-09-10T12:27:44.900000Z</time>
        <extensions>
          <gpxtpx:TrackPointExtension>
            <gpxtpx:hr>118</gpxtpx:hr>
          </gpxtpx:TrackPointExtension>
        </extensions>
      </trkpt>
      <trkpt lat="22.737215660334957" lon="113.94669793013651">
        <ele>39.86294450331479</ele>
        <time>2026-09-10T12:27:45.900000Z</time>
        <extensions>
          <gpxtpx:TrackPointExtension>
            <gpxtpx:hr>118</gpxtpx:hr>
          </gpxtpx:TrackPointExtension>
        </extensions>
      </trkpt>
      <trkpt lat="22.737214892843582" lon="113.9467221234506">
        <ele>39.87163874413818</ele>
        <time>2026-09-10T12:27:46.900000Z</time>
        <extensions>
          <gpxtpx:TrackPointExtension>
            <gpxtpx:hr>118</gpxtpx:hr>
          </gpxtpx:TrackPointExtension>
        </extensions>
      </trkpt>
      <trkpt lat="22.73721710261526" lon="113.94674577590125">
        <ele>39.87528846412897</ele>
        <time>2026-09-10T12:27:47.900000Z</time>
        <extensions>
          <gpxtpx:TrackPointExtension>
            <gpxtpx:hr>117</gpxtpx:hr>
          </gpxtpx:TrackPointExtension>
        </extensions>
      </trkpt>
      <trkpt lat="22.737222060786976" lon="113.94677036439937">
        <ele>39.8752135373652</ele>
        <time>2026-09-10T12:27:48.900000Z</time>
        <extensions>
          <gpxtpx:TrackPointExtension>
            <gpxtpx:hr>117</gpxtpx:hr>
          </gpxtpx:TrackPointExtension>
        </extensions>
      </trkpt>
      <trkpt lat="22.737228858449065" lon="113.94679562242786">
        <ele>39.872753240168095</ele>
        <time>2026-09-10T12:27:49.900000Z</time>
        <extensions>
          <gpxtpx:TrackPointExtension>
            <gpxtpx:hr>117</gpxtpx:hr>
          </gpxtpx:TrackPointExtension>
        </extensions>
      </trkpt>
      <trkpt lat="22.737236731059564" lon="113.94682145974977">
        <ele>39.869032804854214</ele>
        <time>2026-09-10T12:27:50.900000Z</time>
        <extensions>
          <gpxtpx:TrackPointExtension>
            <gpxtpx:hr>117</gpxtpx:hr>
          </gpxtpx:TrackPointExtension>
        </extensions>
      </trkpt>
      <trkpt lat="22.73724531865678" lon="113.94684745646929">
        <ele>39.86478589847684</ele>
        <time>2026-09-10T12:27:51.900000Z</time>
        <extensions>
          <gpxtpx:TrackPointExtension>
            <gpxtpx:hr>117</gpxtpx:hr>
          </gpxtpx:TrackPointExtension>
        </extensions>
      </trkpt>
      <trkpt lat="22.737254216869758" lon="113.94687274071633">
        <ele>39.860412302426994</ele>
        <time>2026-09-10T12:27:52.900000Z</time>
        <extensions>
          <gpxtpx:TrackPointExtension>
            <gpxtpx:hr>113</gpxtpx:hr>
          </gpxtpx:TrackPointExtension>
        </extensions>
      </trkpt>
      <trkpt lat="22.737263071663705" lon="113.94689718421748">
        <ele>39.856223358772695</ele>
        <time>2026-09-10T12:27:53.900000Z</time>
        <extensions>
          <gpxtpx:TrackPointExtension>
            <gpxtpx:hr>113</gpxtpx:hr>
          </gpxtpx:TrackPointExtension>
        </extensions>
      </trkpt>
      <trkpt lat="22.73727081786156" lon="113.94692168030943">
        <ele>39.85265132877976</ele>
        <time>2026-09-10T12:27:54.900000Z</time>
        <extensions>
          <gpxtpx:TrackPointExtension>
            <gpxtpx:hr>113</gpxtpx:hr>
          </gpxtpx:TrackPointExtension>
        </extensions>
      </trkpt>
      <trkpt lat="22.737276329811852" lon="113.9469475530595">
        <ele>39.8502975422889</ele>
        <time>2026-09-10T12:27:55.900000Z</time>
        <extensions>
          <gpxtpx:TrackPointExtension>
            <gpxtpx:hr>113</gpxtpx:hr>
          </gpxtpx:TrackPointExtension>
        </extensions>
      </trkpt>
      <trkpt lat="22.737279592394156" lon="113.94697552456596">
        <ele>39.84988514427096</ele>
        <time>2026-09-10T12:27:56.900000Z</time>
        <extensions>
          <gpxtpx:TrackPointExtension>
            <gpxtpx:hr>113</gpxtpx:hr>
          </gpxtpx:TrackPointExtension>
        </extensions>
      </trkpt>
      <trkpt lat="22.737281115822707" lon="113.94700528038786">
        <ele>39.852151182480156</ele>
        <time>2026-09-10T12:27:57.900000Z</time>
        <extensions>
          <gpxtpx:TrackPointExtension>
            <gpxtpx:hr>113</gpxtpx:hr>
          </gpxtpx:TrackPointExtension>
        </extensions>
      </trkpt>
      <trkpt lat="22.73728172101209" lon="113.94703621361165">
        <ele>39.857653270475566</ele>
        <time>2026-09-10T12:27:58.900000Z</time>
        <extensions>
          <gpxtpx:TrackPointExtension>
            <gpxtpx:hr>113</gpxtpx:hr>
          </gpxtpx:TrackPointExtension>
        </extensions>
      </trkpt>
      <trkpt lat="22.737282140662103" lon="113.94706804014157">
        <ele>39.86661929264665</ele>
        <time>2026-09-10T12:27:59.900000Z</time>
        <extensions>
          <gpxtpx:TrackPointExtension>
            <gpxtpx:hr>113</gpxtpx:hr>
          </gpxtpx:TrackPointExtension>
        </extensions>
      </trkpt>
      <trkpt lat="22.73728227428288" lon="113.94710092263111">
        <ele>39.87896810658276</ele>
        <time>2026-09-10T12:28:00.900000Z</time>
        <extensions>
          <gpxtpx:TrackPointExtension>
            <gpxtpx:hr>111</gpxtpx:hr>
          </gpxtpx:TrackPointExtension>
        </extensions>
      </trkpt>
      <trkpt lat="22.73728150918299" lon="113.94713455318727">
        <ele>39.89439814351499</ele>
        <time>2026-09-10T12:28:01.900000Z</time>
        <extensions>
          <gpxtpx:TrackPointExtension>
            <gpxtpx:hr>111</gpxtpx:hr>
          </gpxtpx:TrackPointExtension>
        </extensions>
      </trkpt>
      <trkpt lat="22.737279524289065" lon="113.94716863199571">
        <ele>39.912479711696506</ele>
        <time>2026-09-10T12:28:02.900000Z</time>
        <extensions>
          <gpxtpx:TrackPointExtension>
            <gpxtpx:hr>111</gpxtpx:hr>
          </gpxtpx:TrackPointExtension>
        </extensions>
      </trkpt>
      <trkpt lat="22.737276318330306" lon="113.94720347834946">
        <ele>39.932770234532654</ele>
        <time>2026-09-10T12:28:03.900000Z</time>
        <extensions>
          <gpxtpx:TrackPointExtension>
            <gpxtpx:hr>111</gpxtpx:hr>
          </gpxtpx:TrackPointExtension>
        </extensions>
      </trkpt>
      <trkpt lat="22.737272656900235" lon="113.94723939972732">
        <ele>39.95488705299795</ele>
        <time>2026-09-10T12:28:04.900000Z</time>
        <extensions>
          <gpxtpx:TrackPointExtension>
            <gpxtpx:hr>111</gpxtpx:hr>
          </gpxtpx:TrackPointExtension>
        </extensions>
      </trkpt>
      <trkpt lat="22.73726940227585" lon="113.94727644026605">
        <ele>39.978492009453475</ele>
        <time>2026-09-10T12:28:05.900000Z</time>
        <extensions>
          <gpxtpx:TrackPointExtension>
            <gpxtpx:hr>111</gpxtpx:hr>
          </gpxtpx:TrackPointExtension>
        </extensions>
      </trkpt>
      <trkpt lat="22.737266799117865" lon="113.94731421615849">
        <ele>40.00323314219713</ele>
        <time>2026-09-10T12:28:06.900000Z</time>
        <extensions>
          <gpxtpx:TrackPointExtension>
            <gpxtpx:hr>111</gpxtpx:hr>
          </gpxtpx:TrackPointExtension>
        </extensions>
      </trkpt>
      <trkpt lat="22.737264397531636" lon="113.94735171779041">
        <ele>40.02873518038541</ele>
        <time>2026-09-10T12:28:07.900000Z</time>
        <extensions>
          <gpxtpx:TrackPointExtension>
            <gpxtpx:hr>111</gpxtpx:hr>
          </gpxtpx:TrackPointExtension>
        </extensions>
      </trkpt>
      <trkpt lat="22.7372614758597" lon="113.94738838234677">
        <ele>40.0546708535403</ele>
        <time>2026-09-10T12:28:08.900000Z</time>
        <extensions>
          <gpxtpx:TrackPointExtension>
            <gpxtpx:hr>111</gpxtpx:hr>
          </gpxtpx:TrackPointExtension>
        </extensions>
      </trkpt>
      <trkpt lat="22.737257785005987" lon="113.94742432467257">
        <ele>40.08079959824681</ele>
        <time>2026-09-10T12:28:09.900000Z</time>
        <extensions>
          <gpxtpx:TrackPointExtension>
            <gpxtpx:hr>111</gpxtpx:hr>
          </gpxtpx:TrackPointExtension>
        </extensions>
      </trkpt>
      <trkpt lat="22.73725326220624" lon="113.9474597093665">
        <ele>40.10685277078301</ele>
        <time>2026-09-10T12:28:10.900000Z</time>
        <extensions>
          <gpxtpx:TrackPointExtension>
            <gpxtpx:hr>111</gpxtpx:hr>
          </gpxtpx:TrackPointExtension>
        </extensions>
      </trkpt>
      <trkpt lat="22.73724766388518" lon="113.94749424031475">
        <ele>40.1323385713622</ele>
        <time>2026-09-10T12:28:11.900000Z</time>
        <extensions>
          <gpxtpx:TrackPointExtension>
            <gpxtpx:hr>113</gpxtpx:hr>
          </gpxtpx:TrackPointExtension>
        </extensions>
      </trkpt>
      <trkpt lat="22.73724071622284" lon="113.94752737036336">
        <ele>40.15646999608725</ele>
        <time>2026-09-10T12:28:12.900000Z</time>
        <extensions>
          <gpxtpx:TrackPointExtension>
            <gpxtpx:hr>113</gpxtpx:hr>
          </gpxtpx:TrackPointExtension>
        </extensions>
      </trkpt>
      <trkpt lat="22.73723283564281" lon="113.9475596675999">
        <ele>40.17831303458661</ele>
        <time>2026-09-10T12:28:13.900000Z</time>
        <extensions>
          <gpxtpx:TrackPointExtension>
            <gpxtpx:hr>113</gpxtpx:hr>
          </gpxtpx:TrackPointExtension>
        </extensions>
      </trkpt>
      <trkpt lat="22.737225444269765" lon="113.94759219183415">
        <ele>40.197009104304016</ele>
        <time>2026-09-10T12:28:14.900000Z</time>
        <extensions>
          <gpxtpx:TrackPointExtension>
            <gpxtpx:hr>113</gpxtpx:hr>
          </gpxtpx:TrackPointExtension>
        </extensions>
      </trkpt>
      <trkpt lat="22.737220117511747" lon="113.94762462974654">
        <ele>40.21194402780384</ele>
        <time>2026-09-10T12:28:15.900000Z</time>
        <extensions>
          <gpxtpx:TrackPointExtension>
            <gpxtpx:hr>113</gpxtpx:hr>
          </gpxtpx:TrackPointExtension>
        </extensions>
      </trkpt>
      <trkpt lat="22.737217115735337" lon="113.94765689433551">
        <ele>40.222901621833444</ele>
        <time>2026-09-10T12:28:16.900000Z</time>
        <extensions>
          <gpxtpx:TrackPointExtension>
            <gpxtpx:hr>113</gpxtpx:hr>
          </gpxtpx:TrackPointExtension>
        </extensions>
      </trkpt>
      <trkpt lat="22.73721626514072" lon="113.947689215495">
        <ele>40.23014084249735</ele>
        <time>2026-09-10T12:28:17.900000Z</time>
        <extensions>
          <gpxtpx:TrackPointExtension>
            <gpxtpx:hr>114</gpxtpx:hr>
          </gpxtpx:TrackPointExtension>
        </extensions>
      </trkpt>
      <trkpt lat="22.737218109961354" lon="113.94772167739781">
        <ele>40.23431410174817</ele>
        <time>2026-09-10T12:28:18.900000Z</time>
        <extensions>
          <gpxtpx:TrackPointExtension>
            <gpxtpx:hr>114</gpxtpx:hr>
          </gpxtpx:TrackPointExtension>
        </extensions>
      </trkpt>
      <trkpt lat="22.737222689675562" lon="113.94775486233358">
        <ele>40.23633838258684</ele>
        <time>2026-09-10T12:28:19.900000Z</time>
        <extensions>
          <gpxtpx:TrackPointExtension>
            <gpxtpx:hr>114</gpxtpx:hr>
          </gpxtpx:TrackPointExtension>
        </extensions>
      </trkpt>
      <trkpt lat="22.7372289221429" lon="113.94778896470791">
        <ele>40.23727409448475</ele>
        <time>2026-09-10T12:28:20.900000Z</time>
        <extensions>
          <gpxtpx:TrackPointExtension>
            <gpxtpx:hr>114</gpxtpx:hr>
          </gpxtpx:TrackPointExtension>
        </extensions>
      </trkpt>
      <trkpt lat="22.73723478395584" lon="113.94782386592217">
        <ele>40.238192298449576</ele>
        <time>2026-09-10T12:28:21.900000Z</time>
        <extensions>
          <gpxtpx:TrackPointExtension>
            <gpxtpx:hr>114</gpxtpx:hr>
          </gpxtpx:TrackPointExtension>
        </extensions>
      </trkpt>
      <trkpt lat="22.73723807873092" lon="113.94785940336384">
        <ele>40.24010232556611</ele>
        <time>2026-09-10T12:28:22.900000Z</time>
        <extensions>
          <gpxtpx:TrackPointExtension>
            <gpxtpx:hr>114</gpxtpx:hr>
          </gpxtpx:TrackPointExtension>
        </extensions>
      </trkpt>
      <trkpt lat="22.737238125640324" lon="113.9478954283931">
        <ele>40.24398230854422</ele>
        <time>2026-09-10T12:28:23.900000Z</time>
        <extensions>
          <gpxtpx:TrackPointExtension>
            <gpxtpx:hr>114</gpxtpx:hr>
          </gpxtpx:TrackPointExtension>
        </extensions>
      </trkpt>
      <trkpt lat="22.737236175525975" lon="113.94793161460136">
        <ele>40.25082649290562</ele>
        <time>2026-09-10T12:28:24.900000Z</time>
        <extensions>
          <gpxtpx:TrackPointExtension>
            <gpxtpx:hr>114</gpxtpx:hr>
          </gpxtpx:TrackPointExtension>
        </extensions>
      </trkpt>
      <trkpt lat="22.73723386447972" lon="113.94796794661018">
        <ele>40.26161606237292</ele>
        <time>2026-09-10T12:28:25.900000Z</time>
        <extensions>
          <gpxtpx:TrackPointExtension>
            <gpxtpx:hr>114</gpxtpx:hr>
          </gpxtpx:TrackPointExtension>
        </extensions>
      </trkpt>
      <trkpt lat="22.73723210072546" lon="113.94800424346757">
        <ele>40.27718874625862</ele>
        <time>2026-09-10T12:28:26.900000Z</time>
        <extensions>
          <gpxtpx:TrackPointExtension>
            <gpxtpx:hr>114</gpxtpx:hr>
          </gpxtpx:TrackPointExtension>
        </extensions>
      </trkpt>
      <trkpt lat="22.737231129917863" lon="113.94804013820612">
        <ele>40.298095169477165</ele>
        <time>2026-09-10T12:28:27.900000Z</time>
        <extensions>
          <gpxtpx:TrackPointExtension>
            <gpxtpx:hr>114</gpxtpx:hr>
          </gpxtpx:TrackPointExtension>
        </extensions>
      </trkpt>
      <trkpt lat="22.737230634695205" lon="113.94807572594814">
        <ele>40.32452886831015</ele>
        <time>2026-09-10T12:28:28.900000Z</time>
        <extensions>
          <gpxtpx:TrackPointExtension>
            <gpxtpx:hr>116</gpxtpx:hr>
          </gpxtpx:TrackPointExtension>
        </extensions>
      </trkpt>
      <trkpt lat="22.737230150431657" lon="113.94811079255297">
        <ele>40.356253089383245</ele>
        <time>2026-09-10T12:28:29.900000Z</time>
        <extensions>
          <gpxtpx:TrackPointExtension>
            <gpxtpx:hr>116</gpxtpx:hr>
          </gpxtpx:TrackPointExtension>
        </extensions>
      </trkpt>
      <trkpt lat="22.73722957741985" lon="113.94814525254576">
        <ele>40.39250014629215</ele>
        <time>2026-09-10T12:28:30.900000Z</time>
        <extensions>
          <gpxtpx:TrackPointExtension>
            <gpxtpx:hr>116</gpxtpx:hr>
          </gpxtpx:TrackPointExtension>
        </extensions>
      </trkpt>
      <trkpt lat="22.73722877378841" lon="113.94817938106466">
        <ele>40.43185390345752</ele>
        <time>2026-09-10T12:28:31.900000Z</time>
        <extensions>
          <gpxtpx:TrackPointExtension>
            <gpxtpx:hr>116</gpxtpx:hr>
          </gpxtpx:TrackPointExtension>
        </extensions>
      </trkpt>
      <trkpt lat="22.737227406073195" lon="113.94821339148294">
        <ele>40.472009524703026</ele>
        <time>2026-09-10T12:28:32.900000Z</time>
        <extensions>
          <gpxtpx:TrackPointExtension>
            <gpxtpx:hr>115</gpxtpx:hr>
          </gpxtpx:TrackPointExtension>
        </extensions>
      </trkpt>
      <trkpt lat="22.737225585781836" lon="113.94824703070985">
        <ele>40.509344298392534</ele>
        <time>2026-09-10T12:28:33.900000Z</time>
        <extensions>
          <gpxtpx:TrackPointExtension>
            <gpxtpx:hr>115</gpxtpx:hr>
          </gpxtpx:TrackPointExtension>
        </extensions>
      </trkpt>
      <trkpt lat="22.737223569706252" lon="113.94827979911821">
        <ele>40.538350868970156</ele>
        <time>2026-09-10T12:28:34.900000Z</time>
        <extensions>
          <gpxtpx:TrackPointExtension>
            <gpxtpx:hr>115</gpxtpx:hr>
          </gpxtpx:TrackPointExtension>
        </extensions>
      </trkpt>
      <trkpt lat="22.737221373408666" lon="113.94831196065502">
        <ele>40.551059775054455</ele>
        <time>2026-09-10T12:28:35.900000Z</time>
        <extensions>
          <gpxtpx:TrackPointExtension>
            <gpxtpx:hr>115</gpxtpx:hr>
          </gpxtpx:TrackPointExtension>
        </extensions>
      </trkpt>
      <trkpt lat="22.737219238716126" lon="113.94834419273262">
        <ele>40.53655557241291</ele>
        <time>2026-09-10T12:28:36.900000Z</time>
        <extensions>
          <gpxtpx:TrackPointExtension>
            <gpxtpx:hr>115</gpxtpx:hr>
          </gpxtpx:TrackPointExtension>
        </extensions>
      </trkpt>
      <trkpt lat="22.7372192377068" lon="113.94834420923772">
        <ele>40.536539720371366</ele>
        <time>2026-09-10T12:28:36.900000Z</time>
        <extensions>
          <gpxtpx:TrackPointExtension>
            <gpxtpx:hr>115</gpxtpx:hr>
          </gpxtpx:TrackPointExtension>
        </extensions>
      </trkpt>
      <trkpt lat="22.737218236378084" lon="113.94837599637006">
        <ele>40.52410728856921</ele>
        <time>2026-09-10T12:28:37.900000Z</time>
        <extensions>
          <gpxtpx:TrackPointExtension>
            <gpxtpx:hr>113</gpxtpx:hr>
          </gpxtpx:TrackPointExtension>
        </extensions>
      </trkpt>
      <trkpt lat="22.737218473631355" lon="113.94840729745684">
        <ele>40.5430534472689</ele>
        <time>2026-09-10T12:28:38.900000Z</time>
        <extensions>
          <gpxtpx:TrackPointExtension>
            <gpxtpx:hr>113</gpxtpx:hr>
          </gpxtpx:TrackPointExtension>
        </extensions>
      </trkpt>
      <trkpt lat="22.73721818847097" lon="113.94843931889676">
        <ele>40.58242353517562</ele>
        <time>2026-09-10T12:28:39.900000Z</time>
        <extensions>
          <gpxtpx:TrackPointExtension>
            <gpxtpx:hr>113</gpxtpx:hr>
          </gpxtpx:TrackPointExtension>
        </extensions>
      </trkpt>
      <trkpt lat="22.737216603034568" lon="113.9484726026299">
        <ele>40.633915959857404</ele>
        <time>2026-09-10T12:28:40.900000Z</time>
        <extensions>
          <gpxtpx:TrackPointExtension>
            <gpxtpx:hr>113</gpxtpx:hr>
          </gpxtpx:TrackPointExtension>
        </extensions>
      </trkpt>
      <trkpt lat="22.73721469810598" lon="113.94850660214775">
        <ele>40.6912579331547</ele>
        <time>2026-09-10T12:28:41.900000Z</time>
        <extensions>
          <gpxtpx:TrackPointExtension>
            <gpxtpx:hr>113</gpxtpx:hr>
          </gpxtpx:TrackPointExtension>
        </extensions>
      </trkpt>
      <trkpt lat="22.73721345036963" lon="113.94854050670718">
        <ele>40.7496437067166</ele>
        <time>2026-09-10T12:28:42.900000Z</time>
        <extensions>
          <gpxtpx:TrackPointExtension>
            <gpxtpx:hr>114</gpxtpx:hr>
          </gpxtpx:TrackPointExtension>
        </extensions>
      </trkpt>
      <trkpt lat="22.73721295179939" lon="113.94857430100711">
        <ele>40.80526270158589</ele>
        <time>2026-09-10T12:28:43.900000Z</time>
        <extensions>
          <gpxtpx:TrackPointExtension>
            <gpxtpx:hr>114</gpxtpx:hr>
          </gpxtpx:TrackPointExtension>
        </extensions>
      </trkpt>
      <trkpt lat="22.73721288681903" lon="113.94860828634779">
        <ele>40.85495584644377</ele>
        <time>2026-09-10T12:28:44.900000Z</time>
        <extensions>
          <gpxtpx:TrackPointExtension>
            <gpxtpx:hr>114</gpxtpx:hr>
          </gpxtpx:TrackPointExtension>
        </extensions>
      </trkpt>
      <trkpt lat="22.737213074962217" lon="113.94864269152917">
        <ele>40.89591631293297</ele>
        <time>2026-09-10T12:28:45.900000Z</time>
        <extensions>
          <gpxtpx:TrackPointExtension>
            <gpxtpx:hr>114</gpxtpx:hr>
          </gpxtpx:TrackPointExtension>
        </extensions>
      </trkpt>
      <trkpt lat="22.737213978845197" lon="113.94867756475472">
        <ele>40.925398053601384</ele>
        <time>2026-09-10T12:28:46.900000Z</time>
        <extensions>
          <gpxtpx:TrackPointExtension>
            <gpxtpx:hr>114</gpxtpx:hr>
          </gpxtpx:TrackPointExtension>
        </extensions>
      </trkpt>
      <trkpt lat="22.737216336082028" lon="113.94871293781378">
        <ele>40.94060262013227</ele>
        <time>2026-09-10T12:28:47.900000Z</time>
        <extensions>
          <gpxtpx:TrackPointExtension>
            <gpxtpx:hr>118</gpxtpx:hr>
          </gpxtpx:TrackPointExtension>
        </extensions>
      </trkpt>
      <trkpt lat="22.737220734874683" lon="113.9487485858702">
        <ele>40.93896097969264</ele>
        <time>2026-09-10T12:28:48.900000Z</time>
        <extensions>
          <gpxtpx:TrackPointExtension>
            <gpxtpx:hr>118</gpxtpx:hr>
          </gpxtpx:TrackPointExtension>
        </extensions>
      </trkpt>
      <trkpt lat="22.737227409676716" lon="113.94878441678344">
        <ele>40.91888193041086</ele>
        <time>2026-09-10T12:28:49.900000Z</time>
        <extensions>
          <gpxtpx:TrackPointExtension>
            <gpxtpx:hr>118</gpxtpx:hr>
          </gpxtpx:TrackPointExtension>
        </extensions>
      </trkpt>
      <trkpt lat="22.73723598129081" lon="113.94882039501731">
        <ele>40.88086154777557</ele>
        <time>2026-09-10T12:28:50.900000Z</time>
        <extensions>
          <gpxtpx:TrackPointExtension>
            <gpxtpx:hr>118</gpxtpx:hr>
          </gpxtpx:TrackPointExtension>
        </extensions>
      </trkpt>
      <trkpt lat="22.737245585355343" lon="113.94885607479911">
        <ele>40.828912985511124</ele>
        <time>2026-09-10T12:28:51.900000Z</time>
        <extensions>
          <gpxtpx:TrackPointExtension>
            <gpxtpx:hr>118</gpxtpx:hr>
          </gpxtpx:TrackPointExtension>
        </extensions>
      </trkpt>
      <trkpt lat="22.737254804251158" lon="113.9488914264699">
        <ele>40.772487874142826</ele>
        <time>2026-09-10T12:28:52.900000Z</time>
        <extensions>
          <gpxtpx:TrackPointExtension>
            <gpxtpx:hr>118</gpxtpx:hr>
          </gpxtpx:TrackPointExtension>
        </extensions>
      </trkpt>
      <trkpt lat="22.73726198516453" lon="113.94892680139236">
        <ele>40.728938079439104</ele>
        <time>2026-09-10T12:28:53.900000Z</time>
        <extensions>
          <gpxtpx:TrackPointExtension>
            <gpxtpx:hr>118</gpxtpx:hr>
          </gpxtpx:TrackPointExtension>
        </extensions>
      </trkpt>
      <trkpt lat="22.73726648161218" lon="113.94896254591143">
        <ele>40.726502208039165</ele>
        <time>2026-09-10T12:28:54.900000Z</time>
        <extensions>
          <gpxtpx:TrackPointExtension>
            <gpxtpx:hr>118</gpxtpx:hr>
          </gpxtpx:TrackPointExtension>
        </extensions>
      </trkpt>
      <trkpt lat="22.7372697798472" lon="113.94899929186332">
        <ele>40.80633953399956</ele>
        <time>2026-09-10T12:28:55.900000Z</time>
        <extensions>
          <gpxtpx:TrackPointExtension>
            <gpxtpx:hr>118</gpxtpx:hr>
          </gpxtpx:TrackPointExtension>
        </extensions>
      </trkpt>
      <trkpt lat="22.737287394669757" lon="113.94930882328858">
        <ele>42.221878544427454</ele>
        <time>2026-09-10T12:29:06.100000Z</time>
        <extensions>
          <gpxtpx:TrackPointExtension>
            <gpxtpx:hr>121</gpxtpx:hr>
          </gpxtpx:TrackPointExtension>
        </extensions>
      </trkpt>
      <trkpt lat="22.73728637881582" lon="113.94933314852258">
        <ele>42.3134282073006</ele>
        <time>2026-09-10T12:29:07.100000Z</time>
        <extensions>
          <gpxtpx:TrackPointExtension>
            <gpxtpx:hr>121</gpxtpx:hr>
          </gpxtpx:TrackPointExtension>
        </extensions>
      </trkpt>
      <trkpt lat="22.737283315535723" lon="113.94936357908227">
        <ele>42.323964193463326</ele>
        <time>2026-09-10T12:29:08.100000Z</time>
        <extensions>
          <gpxtpx:TrackPointExtension>
            <gpxtpx:hr>121</gpxtpx:hr>
          </gpxtpx:TrackPointExtension>
        </extensions>
      </trkpt>
      <trkpt lat="22.73727870601932" lon="113.94939992178334">
        <ele>42.29135382082313</ele>
        <time>2026-09-10T12:29:09.100000Z</time>
        <extensions>
          <gpxtpx:TrackPointExtension>
            <gpxtpx:hr>121</gpxtpx:hr>
          </gpxtpx:TrackPointExtension>
        </extensions>
      </trkpt>
      <trkpt lat="22.73727473962583" lon="113.94942897034215">
        <ele>42.25465088523924</ele>
        <time>2026-09-10T12:29:09.900000Z</time>
        <extensions>
          <gpxtpx:TrackPointExtension>
            <gpxtpx:hr>121</gpxtpx:hr>
          </gpxtpx:TrackPointExtension>
        </extensions>
      </trkpt>
      <trkpt lat="22.73726953448621" lon="113.94946709681997">
        <ele>42.212645524181426</ele>
        <time>2026-09-10T12:29:10.900000Z</time>
        <extensions>
          <gpxtpx:TrackPointExtension>
            <gpxtpx:hr>121</gpxtpx:hr>
          </gpxtpx:TrackPointExtension>
        </extensions>
      </trkpt>
      <trkpt lat="22.73726421732171" lon="113.94950505404256">
        <ele>42.18559289071709</ele>
        <time>2026-09-10T12:29:11.900000Z</time>
        <extensions>
          <gpxtpx:TrackPointExtension>
            <gpxtpx:hr>121</gpxtpx:hr>
          </gpxtpx:TrackPointExtension>
        </extensions>
      </trkpt>
      <trkpt lat="22.737259076311897" lon="113.94954221888946">
        <ele>42.17487140651792</ele>
        <time>2026-09-10T12:29:12.900000Z</time>
        <extensions>
          <gpxtpx:TrackPointExtension>
            <gpxtpx:hr>121</gpxtpx:hr>
          </gpxtpx:TrackPointExtension>
        </extensions>
      </trkpt>
      <trkpt lat="22.737254487065822" lon="113.94957758803139">
        <ele>42.179425031878054</ele>
        <time>2026-09-10T12:29:13.900000Z</time>
        <extensions>
          <gpxtpx:TrackPointExtension>
            <gpxtpx:hr>121</gpxtpx:hr>
          </gpxtpx:TrackPointExtension>
        </extensions>
      </trkpt>
      <trkpt lat="22.737250798038797" lon="113.94961125252897">
        <ele>42.19693170581013</ele>
        <time>2026-09-10T12:29:14.900000Z</time>
        <extensions>
          <gpxtpx:TrackPointExtension>
            <gpxtpx:hr>121</gpxtpx:hr>
          </gpxtpx:TrackPointExtension>
        </extensions>
      </trkpt>
      <trkpt lat="22.73724827847505" lon="113.94964322279594">
        <ele>42.22452777437866</ele>
        <time>2026-09-10T12:29:15.900000Z</time>
        <extensions>
          <gpxtpx:TrackPointExtension>
            <gpxtpx:hr>122</gpxtpx:hr>
          </gpxtpx:TrackPointExtension>
        </extensions>
      </trkpt>
      <trkpt lat="22.73724703797151" lon="113.94967408408037">
        <ele>42.25926594249904</ele>
        <time>2026-09-10T12:29:16.900000Z</time>
        <extensions>
          <gpxtpx:TrackPointExtension>
            <gpxtpx:hr>122</gpxtpx:hr>
          </gpxtpx:TrackPointExtension>
        </extensions>
      </trkpt>
      <trkpt lat="22.73724690146164" lon="113.94970536528383">
        <ele>42.29840568639338</ele>
        <time>2026-09-10T12:29:17.900000Z</time>
        <extensions>
          <gpxtpx:TrackPointExtension>
            <gpxtpx:hr>122</gpxtpx:hr>
          </gpxtpx:TrackPointExtension>
        </extensions>
      </trkpt>
      <trkpt lat="22.737247145317145" lon="113.94973768280829">
        <ele>42.33955134823918</ele>
        <time>2026-09-10T12:29:18.900000Z</time>
        <extensions>
          <gpxtpx:TrackPointExtension>
            <gpxtpx:hr>122</gpxtpx:hr>
          </gpxtpx:TrackPointExtension>
        </extensions>
      </trkpt>
      <trkpt lat="22.737247030194997" lon="113.94977129750934">
        <ele>42.38065987825394</ele>
        <time>2026-09-10T12:29:19.900000Z</time>
        <extensions>
          <gpxtpx:TrackPointExtension>
            <gpxtpx:hr>122</gpxtpx:hr>
          </gpxtpx:TrackPointExtension>
        </extensions>
      </trkpt>
      <trkpt lat="22.737245755226187" lon="113.94980708226115">
        <ele>42.42000729124993</ele>
        <time>2026-09-10T12:29:20.900000Z</time>
        <extensions>
          <gpxtpx:TrackPointExtension>
            <gpxtpx:hr>122</gpxtpx:hr>
          </gpxtpx:TrackPointExtension>
        </extensions>
      </trkpt>
      <trkpt lat="22.737242629298205" lon="113.94984537900828">
        <ele>42.45619115047157</ele>
        <time>2026-09-10T12:29:21.900000Z</time>
        <extensions>
          <gpxtpx:TrackPointExtension>
            <gpxtpx:hr>121</gpxtpx:hr>
          </gpxtpx:TrackPointExtension>
        </extensions>
      </trkpt>
      <trkpt lat="22.737239323613558" lon="113.9498842474803">
        <ele>42.48820753581822</ele>
        <time>2026-09-10T12:29:22.900000Z</time>
        <extensions>
          <gpxtpx:TrackPointExtension>
            <gpxtpx:hr>121</gpxtpx:hr>
          </gpxtpx:TrackPointExtension>
        </extensions>
      </trkpt>
      <trkpt lat="22.737239926411107" lon="113.94992070617289">
        <ele>42.51548834796995</ele>
        <time>2026-09-10T12:29:23.900000Z</time>
        <extensions>
          <gpxtpx:TrackPointExtension>
            <gpxtpx:hr>121</gpxtpx:hr>
          </gpxtpx:TrackPointExtension>
        </extensions>
      </trkpt>
      <trkpt lat="22.737245787639853" lon="113.94995446032769">
        <ele>42.537754469551146</ele>
        <time>2026-09-10T12:29:24.900000Z</time>
        <extensions>
          <gpxtpx:TrackPointExtension>
            <gpxtpx:hr>121</gpxtpx:hr>
          </gpxtpx:TrackPointExtension>
        </extensions>
      </trkpt>
      <trkpt lat="22.73725420985186" lon="113.9499876191492">
        <ele>42.55478269979358</ele>
        <time>2026-09-10T12:29:25.900000Z</time>
        <extensions>
          <gpxtpx:TrackPointExtension>
            <gpxtpx:hr>118</gpxtpx:hr>
          </gpxtpx:TrackPointExtension>
        </extensions>
      </trkpt>
      <trkpt lat="22.737262522808667" lon="113.95002098647078">
        <ele>42.56613009329885</ele>
        <time>2026-09-10T12:29:26.900000Z</time>
        <extensions>
          <gpxtpx:TrackPointExtension>
            <gpxtpx:hr>118</gpxtpx:hr>
          </gpxtpx:TrackPointExtension>
        </extensions>
      </trkpt>
      <trkpt lat="22.737269270330984" lon="113.95005503852738">
        <ele>42.57078325096518</ele>
        <time>2026-09-10T12:29:27.900000Z</time>
        <extensions>
          <gpxtpx:TrackPointExtension>
            <gpxtpx:hr>118</gpxtpx:hr>
          </gpxtpx:TrackPointExtension>
        </extensions>
      </trkpt>
      <trkpt lat="22.737274227647198" lon="113.95009018227496">
        <ele>42.56709130946547</ele>
        <time>2026-09-10T12:29:28.900000Z</time>
        <extensions>
          <gpxtpx:TrackPointExtension>
            <gpxtpx:hr>118</gpxtpx:hr>
          </gpxtpx:TrackPointExtension>
        </extensions>
      </trkpt>
      <trkpt lat="22.737277974104828" lon="113.95012596688042">
        <ele>42.55340318288654</ele>
        <time>2026-09-10T12:29:29.900000Z</time>
        <extensions>
          <gpxtpx:TrackPointExtension>
            <gpxtpx:hr>118</gpxtpx:hr>
          </gpxtpx:TrackPointExtension>
        </extensions>
      </trkpt>
      <trkpt lat="22.73728061521323" lon="113.95016196640071">
        <ele>42.52927325665951</ele>
        <time>2026-09-10T12:29:30.900000Z</time>
        <extensions>
          <gpxtpx:TrackPointExtension>
            <gpxtpx:hr>118</gpxtpx:hr>
          </gpxtpx:TrackPointExtension>
        </extensions>
      </trkpt>
      <trkpt lat="22.737281904738474" lon="113.95019792456672">
        <ele>42.496968613006175</ele>
        <time>2026-09-10T12:29:31.900000Z</time>
        <extensions>
          <gpxtpx:TrackPointExtension>
            <gpxtpx:hr>118</gpxtpx:hr>
          </gpxtpx:TrackPointExtension>
        </extensions>
      </trkpt>
      <trkpt lat="22.73728198909436" lon="113.95023340075267">
        <ele>42.4633179102093</ele>
        <time>2026-09-10T12:29:32.900000Z</time>
        <extensions>
          <gpxtpx:TrackPointExtension>
            <gpxtpx:hr>121</gpxtpx:hr>
          </gpxtpx:TrackPointExtension>
        </extensions>
      </trkpt>
      <trkpt lat="22.7372814237432" lon="113.95026878844932">
        <ele>42.442098218016326</ele>
        <time>2026-09-10T12:29:33.900000Z</time>
        <extensions>
          <gpxtpx:TrackPointExtension>
            <gpxtpx:hr>121</gpxtpx:hr>
          </gpxtpx:TrackPointExtension>
        </extensions>
      </trkpt>
      <trkpt lat="22.73728111181149" lon="113.95030514170512">
        <ele>42.457089270465076</ele>
        <time>2026-09-10T12:29:34.900000Z</time>
        <extensions>
          <gpxtpx:TrackPointExtension>
            <gpxtpx:hr>121</gpxtpx:hr>
          </gpxtpx:TrackPointExtension>
        </extensions>
      </trkpt>
      <trkpt lat="22.73729575230045" lon="113.95047372314234">
        <ele>43.34844862669706</ele>
        <time>2026-09-10T12:29:39.900000Z</time>
        <extensions>
          <gpxtpx:TrackPointExtension>
            <gpxtpx:hr>122</gpxtpx:hr>
          </gpxtpx:TrackPointExtension>
        </extensions>
      </trkpt>
      <trkpt lat="22.737304366877513" lon="113.9505314883422">
        <ele>43.80834711063653</ele>
        <time>2026-09-10T12:29:42.600000Z</time>
        <extensions>
          <gpxtpx:TrackPointExtension>
            <gpxtpx:hr>124</gpxtpx:hr>
          </gpxtpx:TrackPointExtension>
        </extensions>
      </trkpt>
      <trkpt lat="22.737304367327663" lon="113.9505428597813">
        <ele>43.80788298137486</ele>
        <time>2026-09-10T12:29:43.600000Z</time>
        <extensions>
          <gpxtpx:TrackPointExtension>
            <gpxtpx:hr>124</gpxtpx:hr>
          </gpxtpx:TrackPointExtension>
        </extensions>
      </trkpt>
      <trkpt lat="22.737302854178942" lon="113.95056401680287">
        <ele>43.78399831894785</ele>
        <time>2026-09-10T12:29:44.600000Z</time>
        <extensions>
          <gpxtpx:TrackPointExtension>
            <gpxtpx:hr>124</gpxtpx:hr>
          </gpxtpx:TrackPointExtension>
        </extensions>
      </trkpt>
      <trkpt lat="22.73729917710247" lon="113.95060767975818">
        <ele>43.74869474582374</ele>
        <time>2026-09-10T12:29:45.900000Z</time>
        <extensions>
          <gpxtpx:TrackPointExtension>
            <gpxtpx:hr>124</gpxtpx:hr>
          </gpxtpx:TrackPointExtension>
        </extensions>
      </trkpt>
      <trkpt lat="22.737295293271" lon="113.95064696954289">
        <ele>43.72205199021846</ele>
        <time>2026-09-10T12:29:46.900000Z</time>
        <extensions>
          <gpxtpx:TrackPointExtension>
            <gpxtpx:hr>124</gpxtpx:hr>
          </gpxtpx:TrackPointExtension>
        </extensions>
      </trkpt>
      <trkpt lat="22.737289052004567" lon="113.95068649163564">
        <ele>43.701158640906215</ele>
        <time>2026-09-10T12:29:47.900000Z</time>
        <extensions>
          <gpxtpx:TrackPointExtension>
            <gpxtpx:hr>124</gpxtpx:hr>
          </gpxtpx:TrackPointExtension>
        </extensions>
      </trkpt>
      <trkpt lat="22.737280253569583" lon="113.95072535587144">
        <ele>43.690298264846206</ele>
        <time>2026-09-10T12:29:48.900000Z</time>
        <extensions>
          <gpxtpx:TrackPointExtension>
            <gpxtpx:hr>124</gpxtpx:hr>
          </gpxtpx:TrackPointExtension>
        </extensions>
      </trkpt>
      <trkpt lat="22.737270532545505" lon="113.95076344145271">
        <ele>43.69089562539011</ele>
        <time>2026-09-10T12:29:49.900000Z</time>
        <extensions>
          <gpxtpx:TrackPointExtension>
            <gpxtpx:hr>124</gpxtpx:hr>
          </gpxtpx:TrackPointExtension>
        </extensions>
      </trkpt>
      <trkpt lat="22.737260741124615" lon="113.95080071500412">
        <ele>43.70262959972024</ele>
        <time>2026-09-10T12:29:50.900000Z</time>
        <extensions>
          <gpxtpx:TrackPointExtension>
            <gpxtpx:hr>124</gpxtpx:hr>
          </gpxtpx:TrackPointExtension>
        </extensions>
      </trkpt>
      <trkpt lat="22.737250558592127" lon="113.95083595153187">
        <ele>43.724193854257464</ele>
        <time>2026-09-10T12:29:51.900000Z</time>
        <extensions>
          <gpxtpx:TrackPointExtension>
            <gpxtpx:hr>124</gpxtpx:hr>
          </gpxtpx:TrackPointExtension>
        </extensions>
      </trkpt>
      <trkpt lat="22.737239284486392" lon="113.95086864904657">
        <ele>43.753867499530315</ele>
        <time>2026-09-10T12:29:52.900000Z</time>
        <extensions>
          <gpxtpx:TrackPointExtension>
            <gpxtpx:hr>125</gpxtpx:hr>
          </gpxtpx:TrackPointExtension>
        </extensions>
      </trkpt>
      <trkpt lat="22.737226607326093" lon="113.95089875275886">
        <ele>43.78991316072643</ele>
        <time>2026-09-10T12:29:53.900000Z</time>
        <extensions>
          <gpxtpx:TrackPointExtension>
            <gpxtpx:hr>125</gpxtpx:hr>
          </gpxtpx:TrackPointExtension>
        </extensions>
      </trkpt>
      <trkpt lat="22.73721330719448" lon="113.95092674287939">
        <ele>43.83079048804939</ele>
        <time>2026-09-10T12:29:54.900000Z</time>
        <extensions>
          <gpxtpx:TrackPointExtension>
            <gpxtpx:hr>125</gpxtpx:hr>
          </gpxtpx:TrackPointExtension>
        </extensions>
      </trkpt>
      <trkpt lat="22.737201330486837" lon="113.95095472681625">
        <ele>43.875231699086726</ele>
        <time>2026-09-10T12:29:55.900000Z</time>
        <extensions>
          <gpxtpx:TrackPointExtension>
            <gpxtpx:hr>125</gpxtpx:hr>
          </gpxtpx:TrackPointExtension>
        </extensions>
      </trkpt>
      <trkpt lat="22.737191011225537" lon="113.95098313561758">
        <ele>43.922233793884516</ele>
        <time>2026-09-10T12:29:56.900000Z</time>
        <extensions>
          <gpxtpx:TrackPointExtension>
            <gpxtpx:hr>123</gpxtpx:hr>
          </gpxtpx:TrackPointExtension>
        </extensions>
      </trkpt>
      <trkpt lat="22.73718092296204" lon="113.9510109552415">
        <ele>43.97100759483874</ele>
        <time>2026-09-10T12:29:57.900000Z</time>
        <extensions>
          <gpxtpx:TrackPointExtension>
            <gpxtpx:hr>123</gpxtpx:hr>
          </gpxtpx:TrackPointExtension>
        </extensions>
      </trkpt>
      <trkpt lat="22.737170279839123" lon="113.95103774469692">
        <ele>44.02090182900429</ele>
        <time>2026-09-10T12:29:58.900000Z</time>
        <extensions>
          <gpxtpx:TrackPointExtension>
            <gpxtpx:hr>123</gpxtpx:hr>
          </gpxtpx:TrackPointExtension>
        </extensions>
      </trkpt>
      <trkpt lat="22.737159048688707" lon="113.95106399943604">
        <ele>44.071340115740895</ele>
        <time>2026-09-10T12:29:59.900000Z</time>
        <extensions>
          <gpxtpx:TrackPointExtension>
            <gpxtpx:hr>123</gpxtpx:hr>
          </gpxtpx:TrackPointExtension>
        </extensions>
      </trkpt>
      <trkpt lat="22.737146467016334" lon="113.95109065692543">
        <ele>44.12178671825677</ele>
        <time>2026-09-10T12:30:00.900000Z</time>
        <extensions>
          <gpxtpx:TrackPointExtension>
            <gpxtpx:hr>123</gpxtpx:hr>
          </gpxtpx:TrackPointExtension>
        </extensions>
      </trkpt>
      <trkpt lat="22.737132080973968" lon="113.9511174371001">
        <ele>44.1717267036438</ele>
        <time>2026-09-10T12:30:01.900000Z</time>
        <extensions>
          <gpxtpx:TrackPointExtension>
            <gpxtpx:hr>123</gpxtpx:hr>
          </gpxtpx:TrackPointExtension>
        </extensions>
      </trkpt>
      <trkpt lat="22.737117104721797" lon="113.95114389885501">
        <ele>44.2206552317366</ele>
        <time>2026-09-10T12:30:02.900000Z</time>
        <extensions>
          <gpxtpx:TrackPointExtension>
            <gpxtpx:hr>123</gpxtpx:hr>
          </gpxtpx:TrackPointExtension>
        </extensions>
      </trkpt>
      <trkpt lat="22.73710200918575" lon="113.9511702597151">
        <ele>44.268061905168</ele>
        <time>2026-09-10T12:30:03.900000Z</time>
        <extensions>
          <gpxtpx:TrackPointExtension>
            <gpxtpx:hr>127</gpxtpx:hr>
          </gpxtpx:TrackPointExtension>
        </extensions>
      </trkpt>
      <trkpt lat="22.737085819475872" lon="113.95119701048321">
        <ele>44.313421969302</ele>
        <time>2026-09-10T12:30:04.900000Z</time>
        <extensions>
          <gpxtpx:TrackPointExtension>
            <gpxtpx:hr>127</gpxtpx:hr>
          </gpxtpx:TrackPointExtension>
        </extensions>
      </trkpt>
      <trkpt lat="22.7370682823487" lon="113.95122462627978">
        <ele>44.35618041828275</ele>
        <time>2026-09-10T12:30:05.900000Z</time>
        <extensions>
          <gpxtpx:TrackPointExtension>
            <gpxtpx:hr>127</gpxtpx:hr>
          </gpxtpx:TrackPointExtension>
        </extensions>
      </trkpt>
      <trkpt lat="22.73705000772957" lon="113.95125261043101">
        <ele>44.39574735611677</ele>
        <time>2026-09-10T12:30:06.900000Z</time>
        <extensions>
          <gpxtpx:TrackPointExtension>
            <gpxtpx:hr>127</gpxtpx:hr>
          </gpxtpx:TrackPointExtension>
        </extensions>
      </trkpt>
      <trkpt lat="22.737031111118636" lon="113.95128146950397">
        <ele>44.43151296954602</ele>
        <time>2026-09-10T12:30:07.900000Z</time>
        <extensions>
          <gpxtpx:TrackPointExtension>
            <gpxtpx:hr>127</gpxtpx:hr>
          </gpxtpx:TrackPointExtension>
        </extensions>
      </trkpt>
      <trkpt lat="22.737011481407794" lon="113.95131116972108">
        <ele>44.4628990534693</ele>
        <time>2026-09-10T12:30:08.900000Z</time>
        <extensions>
          <gpxtpx:TrackPointExtension>
            <gpxtpx:hr>125</gpxtpx:hr>
          </gpxtpx:TrackPointExtension>
        </extensions>
      </trkpt>
      <trkpt lat="22.736990991892963" lon="113.95134090897265">
        <ele>44.48944180458784</ele>
        <time>2026-09-10T12:30:09.900000Z</time>
        <extensions>
          <gpxtpx:TrackPointExtension>
            <gpxtpx:hr>125</gpxtpx:hr>
          </gpxtpx:TrackPointExtension>
        </extensions>
      </trkpt>
      <trkpt lat="22.73696888431641" lon="113.9513698050522">
        <ele>44.510897166095674</ele>
        <time>2026-09-10T12:30:10.900000Z</time>
        <extensions>
          <gpxtpx:TrackPointExtension>
            <gpxtpx:hr>125</gpxtpx:hr>
          </gpxtpx:TrackPointExtension>
        </extensions>
      </trkpt>
      <trkpt lat="22.736944839237914" lon="113.95139599497287">
        <ele>44.52736323326826</ele>
        <time>2026-09-10T12:30:11.900000Z</time>
        <extensions>
          <gpxtpx:TrackPointExtension>
            <gpxtpx:hr>124</gpxtpx:hr>
          </gpxtpx:TrackPointExtension>
        </extensions>
      </trkpt>
      <trkpt lat="22.736917702763336" lon="113.95142044941063">
        <ele>44.53934518806636</ele>
        <time>2026-09-10T12:30:12.900000Z</time>
        <extensions>
          <gpxtpx:TrackPointExtension>
            <gpxtpx:hr>124</gpxtpx:hr>
          </gpxtpx:TrackPointExtension>
        </extensions>
      </trkpt>
      <trkpt lat="22.73688779655195" lon="113.95144447562097">
        <ele>44.54776803217828</ele>
        <time>2026-09-10T12:30:13.900000Z</time>
        <extensions>
          <gpxtpx:TrackPointExtension>
            <gpxtpx:hr>124</gpxtpx:hr>
          </gpxtpx:TrackPointExtension>
        </extensions>
      </trkpt>
      <trkpt lat="22.736857534780402" lon="113.95146716268962">
        <ele>44.553948214277625</ele>
        <time>2026-09-10T12:30:14.900000Z</time>
        <extensions>
          <gpxtpx:TrackPointExtension>
            <gpxtpx:hr>124</gpxtpx:hr>
          </gpxtpx:TrackPointExtension>
        </extensions>
      </trkpt>
      <trkpt lat="22.736827809328133" lon="113.9514885379338">
        <ele>44.559452725574374</ele>
        <time>2026-09-10T12:30:15.900000Z</time>
        <extensions>
          <gpxtpx:TrackPointExtension>
            <gpxtpx:hr>122</gpxtpx:hr>
          </gpxtpx:TrackPointExtension>
        </extensions>
      </trkpt>
      <trkpt lat="22.736798525332503" lon="113.95150928240814">
        <ele>44.56591150909662</ele>
        <time>2026-09-10T12:30:16.900000Z</time>
        <extensions>
          <gpxtpx:TrackPointExtension>
            <gpxtpx:hr>122</gpxtpx:hr>
          </gpxtpx:TrackPointExtension>
        </extensions>
      </trkpt>
      <trkpt lat="22.73676955486538" lon="113.95153001838278">
        <ele>44.57485359162092</ele>
        <time>2026-09-10T12:30:17.900000Z</time>
        <extensions>
          <gpxtpx:TrackPointExtension>
            <gpxtpx:hr>122</gpxtpx:hr>
          </gpxtpx:TrackPointExtension>
        </extensions>
      </trkpt>
      <trkpt lat="22.73674090969519" lon="113.95155117985882">
        <ele>44.587522050365806</ele>
        <time>2026-09-10T12:30:18.900000Z</time>
        <extensions>
          <gpxtpx:TrackPointExtension>
            <gpxtpx:hr>122</gpxtpx:hr>
          </gpxtpx:TrackPointExtension>
        </extensions>
      </trkpt>
      <trkpt lat="22.736712783804204" lon="113.95157298085009">
        <ele>44.604744794778526</ele>
        <time>2026-09-10T12:30:19.900000Z</time>
        <extensions>
          <gpxtpx:TrackPointExtension>
            <gpxtpx:hr>122</gpxtpx:hr>
          </gpxtpx:TrackPointExtension>
        </extensions>
      </trkpt>
      <trkpt lat="22.736685735511163" lon="113.9515952687407">
        <ele>44.626971082761884</ele>
        <time>2026-09-10T12:30:20.900000Z</time>
        <extensions>
          <gpxtpx:TrackPointExtension>
            <gpxtpx:hr>122</gpxtpx:hr>
          </gpxtpx:TrackPointExtension>
        </extensions>
      </trkpt>
      <trkpt lat="22.736660217398605" lon="113.95161725191768">
        <ele>44.65437479596585</ele>
        <time>2026-09-10T12:30:21.900000Z</time>
        <extensions>
          <gpxtpx:TrackPointExtension>
            <gpxtpx:hr>122</gpxtpx:hr>
          </gpxtpx:TrackPointExtension>
        </extensions>
      </trkpt>
      <trkpt lat="22.736635812973063" lon="113.9516380414058">
        <ele>44.68695476651192</ele>
        <time>2026-09-10T12:30:22.900000Z</time>
        <extensions>
          <gpxtpx:TrackPointExtension>
            <gpxtpx:hr>122</gpxtpx:hr>
          </gpxtpx:TrackPointExtension>
        </extensions>
      </trkpt>
      <trkpt lat="22.73661150030948" lon="113.95165774618546">
        <ele>44.72464827168733</ele>
        <time>2026-09-10T12:30:23.900000Z</time>
        <extensions>
          <gpxtpx:TrackPointExtension>
            <gpxtpx:hr>122</gpxtpx:hr>
          </gpxtpx:TrackPointExtension>
        </extensions>
      </trkpt>
      <trkpt lat="22.736587212230813" lon="113.9516774938753">
        <ele>44.76738349348307</ele>
        <time>2026-09-10T12:30:24.900000Z</time>
        <extensions>
          <gpxtpx:TrackPointExtension>
            <gpxtpx:hr>122</gpxtpx:hr>
          </gpxtpx:TrackPointExtension>
        </extensions>
      </trkpt>
      <trkpt lat="22.736564332047113" lon="113.95169817817201">
        <ele>44.81502476148307</ele>
        <time>2026-09-10T12:30:25.900000Z</time>
        <extensions>
          <gpxtpx:TrackPointExtension>
            <gpxtpx:hr>122</gpxtpx:hr>
          </gpxtpx:TrackPointExtension>
        </extensions>
      </trkpt>
      <trkpt lat="22.736543820709596" lon="113.9517197389604">
        <ele>44.86723466962576</ele>
        <time>2026-09-10T12:30:26.900000Z</time>
        <extensions>
          <gpxtpx:TrackPointExtension>
            <gpxtpx:hr>116</gpxtpx:hr>
          </gpxtpx:TrackPointExtension>
        </extensions>
      </trkpt>
      <trkpt lat="22.73652536588499" lon="113.95174160896849">
        <ele>44.92337720748037</ele>
        <time>2026-09-10T12:30:27.900000Z</time>
        <extensions>
          <gpxtpx:TrackPointExtension>
            <gpxtpx:hr>116</gpxtpx:hr>
          </gpxtpx:TrackPointExtension>
        </extensions>
      </trkpt>
      <trkpt lat="22.7365077700567" lon="113.95176358053226">
        <ele>44.982533410191536</ele>
        <time>2026-09-10T12:30:28.900000Z</time>
        <extensions>
          <gpxtpx:TrackPointExtension>
            <gpxtpx:hr>116</gpxtpx:hr>
          </gpxtpx:TrackPointExtension>
        </extensions>
      </trkpt>
      <trkpt lat="22.73648951051162" lon="113.95178585896971">
        <ele>45.04356436897069</ele>
        <time>2026-09-10T12:30:29.900000Z</time>
        <extensions>
          <gpxtpx:TrackPointExtension>
            <gpxtpx:hr>116</gpxtpx:hr>
          </gpxtpx:TrackPointExtension>
        </extensions>
      </trkpt>
      <trkpt lat="22.736470060476936" lon="113.95180858152666">
        <ele>45.10522223915905</ele>
        <time>2026-09-10T12:30:30.900000Z</time>
        <extensions>
          <gpxtpx:TrackPointExtension>
            <gpxtpx:hr>116</gpxtpx:hr>
          </gpxtpx:TrackPointExtension>
        </extensions>
      </trkpt>
      <trkpt lat="22.73645051969277" lon="113.95183125444062">
        <ele>45.166311907581985</ele>
        <time>2026-09-10T12:30:31.900000Z</time>
        <extensions>
          <gpxtpx:TrackPointExtension>
            <gpxtpx:hr>116</gpxtpx:hr>
          </gpxtpx:TrackPointExtension>
        </extensions>
      </trkpt>
      <trkpt lat="22.73643244580648" lon="113.95185324812743">
        <ele>45.225831921212375</ele>
        <time>2026-09-10T12:30:32.900000Z</time>
        <extensions>
          <gpxtpx:TrackPointExtension>
            <gpxtpx:hr>114</gpxtpx:hr>
          </gpxtpx:TrackPointExtension>
        </extensions>
      </trkpt>
      <trkpt lat="22.736416076022202" lon="113.95187499978942">
        <ele>45.283081736415625</ele>
        <time>2026-09-10T12:30:33.900000Z</time>
        <extensions>
          <gpxtpx:TrackPointExtension>
            <gpxtpx:hr>114</gpxtpx:hr>
          </gpxtpx:TrackPointExtension>
        </extensions>
      </trkpt>
      <trkpt lat="22.736400564819085" lon="113.95189699992338">
        <ele>45.33773178700358</ele>
        <time>2026-09-10T12:30:34.900000Z</time>
        <extensions>
          <gpxtpx:TrackPointExtension>
            <gpxtpx:hr>114</gpxtpx:hr>
          </gpxtpx:TrackPointExtension>
        </extensions>
      </trkpt>
      <trkpt lat="22.73638499582739" lon="113.95191917813283">
        <ele>45.38978666998446</ele>
        <time>2026-09-10T12:30:35.900000Z</time>
        <extensions>
          <gpxtpx:TrackPointExtension>
            <gpxtpx:hr>114</gpxtpx:hr>
          </gpxtpx:TrackPointExtension>
        </extensions>
      </trkpt>
      <trkpt lat="22.736368582230728" lon="113.95194190341054">
        <ele>45.43946489971131</ele>
        <time>2026-09-10T12:30:36.900000Z</time>
        <extensions>
          <gpxtpx:TrackPointExtension>
            <gpxtpx:hr>114</gpxtpx:hr>
          </gpxtpx:TrackPointExtension>
        </extensions>
      </trkpt>
      <trkpt lat="22.73635095238636" lon="113.95196556201361">
        <ele>45.48708564788103</ele>
        <time>2026-09-10T12:30:37.900000Z</time>
        <extensions>
          <gpxtpx:TrackPointExtension>
            <gpxtpx:hr>114</gpxtpx:hr>
          </gpxtpx:TrackPointExtension>
        </extensions>
      </trkpt>
      <trkpt lat="22.73633272081206" lon="113.95198911177118">
        <ele>45.53297743201256</ele>
        <time>2026-09-10T12:30:38.900000Z</time>
        <extensions>
          <gpxtpx:TrackPointExtension>
            <gpxtpx:hr>114</gpxtpx:hr>
          </gpxtpx:TrackPointExtension>
        </extensions>
      </trkpt>
      <trkpt lat="22.736314848741536" lon="113.95201163348324">
        <ele>45.577427509240806</ele>
        <time>2026-09-10T12:30:39.900000Z</time>
        <extensions>
          <gpxtpx:TrackPointExtension>
            <gpxtpx:hr>114</gpxtpx:hr>
          </gpxtpx:TrackPointExtension>
        </extensions>
      </trkpt>
      <trkpt lat="22.736297020602688" lon="113.95203425266025">
        <ele>45.620705869980156</ele>
        <time>2026-09-10T12:30:40.900000Z</time>
        <extensions>
          <gpxtpx:TrackPointExtension>
            <gpxtpx:hr>114</gpxtpx:hr>
          </gpxtpx:TrackPointExtension>
        </extensions>
      </trkpt>
      <trkpt lat="22.7362786212788" lon="113.95205827441083">
        <ele>45.66315816808492</ele>
        <time>2026-09-10T12:30:41.900000Z</time>
        <extensions>
          <gpxtpx:TrackPointExtension>
            <gpxtpx:hr>115</gpxtpx:hr>
          </gpxtpx:TrackPointExtension>
        </extensions>
      </trkpt>
      <trkpt lat="22.736260153809358" lon="113.95208349102211">
        <ele>45.70527627039701</ele>
        <time>2026-09-10T12:30:42.900000Z</time>
        <extensions>
          <gpxtpx:TrackPointExtension>
            <gpxtpx:hr>115</gpxtpx:hr>
          </gpxtpx:TrackPointExtension>
        </extensions>
      </trkpt>
      <trkpt lat="22.736241940148428" lon="113.95210914238444">
        <ele>45.74765656422824</ele>
        <time>2026-09-10T12:30:43.900000Z</time>
        <extensions>
          <gpxtpx:TrackPointExtension>
            <gpxtpx:hr>115</gpxtpx:hr>
          </gpxtpx:TrackPointExtension>
        </extensions>
      </trkpt>
      <trkpt lat="22.736223885378497" lon="113.95213463365126">
        <ele>45.79089739359915</ele>
        <time>2026-09-10T12:30:44.900000Z</time>
        <extensions>
          <gpxtpx:TrackPointExtension>
            <gpxtpx:hr>115</gpxtpx:hr>
          </gpxtpx:TrackPointExtension>
        </extensions>
      </trkpt>
      <trkpt lat="22.736206444568474" lon="113.95215933108453">
        <ele>45.83548502717167</ele>
        <time>2026-09-10T12:30:45.900000Z</time>
        <extensions>
          <gpxtpx:TrackPointExtension>
            <gpxtpx:hr>115</gpxtpx:hr>
          </gpxtpx:TrackPointExtension>
        </extensions>
      </trkpt>
      <trkpt lat="22.736190443504537" lon="113.95218332615124">
        <ele>45.88164971396327</ele>
        <time>2026-09-10T12:30:46.900000Z</time>
        <extensions>
          <gpxtpx:TrackPointExtension>
            <gpxtpx:hr>115</gpxtpx:hr>
          </gpxtpx:TrackPointExtension>
        </extensions>
      </trkpt>
      <trkpt lat="22.73617614511892" lon="113.95220705513606">
        <ele>45.92927175015211</ele>
        <time>2026-09-10T12:30:47.900000Z</time>
        <extensions>
          <gpxtpx:TrackPointExtension>
            <gpxtpx:hr>119</gpxtpx:hr>
          </gpxtpx:TrackPointExtension>
        </extensions>
      </trkpt>
      <trkpt lat="22.736162986416915" lon="113.95223100938956">
        <ele>45.97794771101326</ele>
        <time>2026-09-10T12:30:48.900000Z</time>
        <extensions>
          <gpxtpx:TrackPointExtension>
            <gpxtpx:hr>119</gpxtpx:hr>
          </gpxtpx:TrackPointExtension>
        </extensions>
      </trkpt>
      <trkpt lat="22.736150248461296" lon="113.95225586745217">
        <ele>46.02713692095131</ele>
        <time>2026-09-10T12:30:49.900000Z</time>
        <extensions>
          <gpxtpx:TrackPointExtension>
            <gpxtpx:hr>119</gpxtpx:hr>
          </gpxtpx:TrackPointExtension>
        </extensions>
      </trkpt>
      <trkpt lat="22.736137372414273" lon="113.9522814144354">
        <ele>46.076281582936645</ele>
        <time>2026-09-10T12:30:50.900000Z</time>
        <extensions>
          <gpxtpx:TrackPointExtension>
            <gpxtpx:hr>119</gpxtpx:hr>
          </gpxtpx:TrackPointExtension>
        </extensions>
      </trkpt>
      <trkpt lat="22.736124089042036" lon="113.95230735321009">
        <ele>46.124900569207966</ele>
        <time>2026-09-10T12:30:51.900000Z</time>
        <extensions>
          <gpxtpx:TrackPointExtension>
            <gpxtpx:hr>119</gpxtpx:hr>
          </gpxtpx:TrackPointExtension>
        </extensions>
      </trkpt>
      <trkpt lat="22.73611080829953" lon="113.9523334809121">
        <ele>46.17265301756561</ele>
        <time>2026-09-10T12:30:52.900000Z</time>
        <extensions>
          <gpxtpx:TrackPointExtension>
            <gpxtpx:hr>119</gpxtpx:hr>
          </gpxtpx:TrackPointExtension>
        </extensions>
      </trkpt>
      <trkpt lat="22.73609832793319" lon="113.95235908764867">
        <ele>46.21935328748077</ele>
        <time>2026-09-10T12:30:53.900000Z</time>
        <extensions>
          <gpxtpx:TrackPointExtension>
            <gpxtpx:hr>119</gpxtpx:hr>
          </gpxtpx:TrackPointExtension>
        </extensions>
      </trkpt>
      <trkpt lat="22.736086772161077" lon="113.95238420802359">
        <ele>46.264959956519306</ele>
        <time>2026-09-10T12:30:54.900000Z</time>
        <extensions>
          <gpxtpx:TrackPointExtension>
            <gpxtpx:hr>122</gpxtpx:hr>
          </gpxtpx:TrackPointExtension>
        </extensions>
      </trkpt>
      <trkpt lat="22.73607549311977" lon="113.95240991959737">
        <ele>46.30956200696528</ele>
        <time>2026-09-10T12:30:55.900000Z</time>
        <extensions>
          <gpxtpx:TrackPointExtension>
            <gpxtpx:hr>122</gpxtpx:hr>
          </gpxtpx:TrackPointExtension>
        </extensions>
      </trkpt>
      <trkpt lat="22.73606388937674" lon="113.95243668117514">
        <ele>46.353354178369045</ele>
        <time>2026-09-10T12:30:56.900000Z</time>
        <extensions>
          <gpxtpx:TrackPointExtension>
            <gpxtpx:hr>122</gpxtpx:hr>
          </gpxtpx:TrackPointExtension>
        </extensions>
      </trkpt>
      <trkpt lat="22.736052127322186" lon="113.95246395463835">
        <ele>46.396610889583826</ele>
        <time>2026-09-10T12:30:57.900000Z</time>
        <extensions>
          <gpxtpx:TrackPointExtension>
            <gpxtpx:hr>122</gpxtpx:hr>
          </gpxtpx:TrackPointExtension>
        </extensions>
      </trkpt>
      <trkpt lat="22.73604079229469" lon="113.95249162127274">
        <ele>46.43964998237789</ele>
        <time>2026-09-10T12:30:58.900000Z</time>
        <extensions>
          <gpxtpx:TrackPointExtension>
            <gpxtpx:hr>122</gpxtpx:hr>
          </gpxtpx:TrackPointExtension>
        </extensions>
      </trkpt>
      <trkpt lat="22.736030163296554" lon="113.95251999799079">
        <ele>46.482784234918654</ele>
        <time>2026-09-10T12:30:59.900000Z</time>
        <extensions>
          <gpxtpx:TrackPointExtension>
            <gpxtpx:hr>122</gpxtpx:hr>
          </gpxtpx:TrackPointExtension>
        </extensions>
      </trkpt>
      <trkpt lat="22.736020012072018" lon="113.95254871601017">
        <ele>46.52627106104046</ele>
        <time>2026-09-10T12:31:00.900000Z</time>
        <extensions>
          <gpxtpx:TrackPointExtension>
            <gpxtpx:hr>124</gpxtpx:hr>
          </gpxtpx:TrackPointExtension>
        </extensions>
      </trkpt>
      <trkpt lat="22.73600956471434" lon="113.95257703498116">
        <ele>46.57025924883783</ele>
        <time>2026-09-10T12:31:01.900000Z</time>
        <extensions>
          <gpxtpx:TrackPointExtension>
            <gpxtpx:hr>124</gpxtpx:hr>
          </gpxtpx:TrackPointExtension>
        </extensions>
      </trkpt>
      <trkpt lat="22.7359981366134" lon="113.95260431164826">
        <ele>46.61474345996976</ele>
        <time>2026-09-10T12:31:02.900000Z</time>
        <extensions>
          <gpxtpx:TrackPointExtension>
            <gpxtpx:hr>124</gpxtpx:hr>
          </gpxtpx:TrackPointExtension>
        </extensions>
      </trkpt>
      <trkpt lat="22.735985176229256" lon="113.95263000218925">
        <ele>46.659560956060886</ele>
        <time>2026-09-10T12:31:03.900000Z</time>
        <extensions>
          <gpxtpx:TrackPointExtension>
            <gpxtpx:hr>124</gpxtpx:hr>
          </gpxtpx:TrackPointExtension>
        </extensions>
      </trkpt>
      <trkpt lat="22.73596979849596" lon="113.95265361907208">
        <ele>46.70442509744316</ele>
        <time>2026-09-10T12:31:04.900000Z</time>
        <extensions>
          <gpxtpx:TrackPointExtension>
            <gpxtpx:hr>124</gpxtpx:hr>
          </gpxtpx:TrackPointExtension>
        </extensions>
      </trkpt>
      <trkpt lat="22.735951479391154" lon="113.95267460559057">
        <ele>46.74895972106606</ele>
        <time>2026-09-10T12:31:05.900000Z</time>
        <extensions>
          <gpxtpx:TrackPointExtension>
            <gpxtpx:hr>124</gpxtpx:hr>
          </gpxtpx:TrackPointExtension>
        </extensions>
      </trkpt>
      <trkpt lat="22.735930374897496" lon="113.95269244579266">
        <ele>46.79272584524006</ele>
        <time>2026-09-10T12:31:06.900000Z</time>
        <extensions>
          <gpxtpx:TrackPointExtension>
            <gpxtpx:hr>123</gpxtpx:hr>
          </gpxtpx:TrackPointExtension>
        </extensions>
      </trkpt>
      <trkpt lat="22.735907784206056" lon="113.95270628314718">
        <ele>46.83524091448635</ele>
        <time>2026-09-10T12:31:07.900000Z</time>
        <extensions>
          <gpxtpx:TrackPointExtension>
            <gpxtpx:hr>123</gpxtpx:hr>
          </gpxtpx:TrackPointExtension>
        </extensions>
      </trkpt>
      <trkpt lat="22.735885630087992" lon="113.95271571715041">
        <ele>46.87597986496985</ele>
        <time>2026-09-10T12:31:08.900000Z</time>
        <extensions>
          <gpxtpx:TrackPointExtension>
            <gpxtpx:hr>123</gpxtpx:hr>
          </gpxtpx:TrackPointExtension>
        </extensions>
      </trkpt>
      <trkpt lat="22.73586386278541" lon="113.95272198617151">
        <ele>46.914367782883346</ele>
        <time>2026-09-10T12:31:09.900000Z</time>
        <extensions>
          <gpxtpx:TrackPointExtension>
            <gpxtpx:hr>123</gpxtpx:hr>
          </gpxtpx:TrackPointExtension>
        </extensions>
      </trkpt>
      <trkpt lat="22.735840979215958" lon="113.95272650153719">
        <ele>46.94979310873896</ele>
        <time>2026-09-10T12:31:10.900000Z</time>
        <extensions>
          <gpxtpx:TrackPointExtension>
            <gpxtpx:hr>120</gpxtpx:hr>
          </gpxtpx:TrackPointExtension>
        </extensions>
      </trkpt>
      <trkpt lat="22.735816777893113" lon="113.95272951697017">
        <ele>46.98166186828166</ele>
        <time>2026-09-10T12:31:11.900000Z</time>
        <extensions>
          <gpxtpx:TrackPointExtension>
            <gpxtpx:hr>120</gpxtpx:hr>
          </gpxtpx:TrackPointExtension>
        </extensions>
      </trkpt>
      <trkpt lat="22.735792509426954" lon="113.95273121430986">
        <ele>47.009500686079264</ele>
        <time>2026-09-10T12:31:12.900000Z</time>
        <extensions>
          <gpxtpx:TrackPointExtension>
            <gpxtpx:hr>120</gpxtpx:hr>
          </gpxtpx:TrackPointExtension>
        </extensions>
      </trkpt>
      <trkpt lat="22.735768203864588" lon="113.9527324168205">
        <ele>47.03309684060514</ele>
        <time>2026-09-10T12:31:13.900000Z</time>
        <extensions>
          <gpxtpx:TrackPointExtension>
            <gpxtpx:hr>120</gpxtpx:hr>
          </gpxtpx:TrackPointExtension>
        </extensions>
      </trkpt>
      <trkpt lat="22.735742927065267" lon="113.95273333340579">
        <ele>47.052688082680106</ele>
        <time>2026-09-10T12:31:14.900000Z</time>
        <extensions>
          <gpxtpx:TrackPointExtension>
            <gpxtpx:hr>120</gpxtpx:hr>
          </gpxtpx:TrackPointExtension>
        </extensions>
      </trkpt>
      <trkpt lat="22.735716383306883" lon="113.9527333043638">
        <ele>47.0690759755671</ele>
        <time>2026-09-10T12:31:15.900000Z</time>
        <extensions>
          <gpxtpx:TrackPointExtension>
            <gpxtpx:hr>120</gpxtpx:hr>
          </gpxtpx:TrackPointExtension>
        </extensions>
      </trkpt>
      <trkpt lat="22.735689173762616" lon="113.9527320606843">
        <ele>47.083468057215214</ele>
        <time>2026-09-10T12:31:16.900000Z</time>
        <extensions>
          <gpxtpx:TrackPointExtension>
            <gpxtpx:hr>115</gpxtpx:hr>
          </gpxtpx:TrackPointExtension>
        </extensions>
      </trkpt>
      <trkpt lat="22.73566261832534" lon="113.95272991181427">
        <ele>47.09716857410967</ele>
        <time>2026-09-10T12:31:17.900000Z</time>
        <extensions>
          <gpxtpx:TrackPointExtension>
            <gpxtpx:hr>115</gpxtpx:hr>
          </gpxtpx:TrackPointExtension>
        </extensions>
      </trkpt>
      <trkpt lat="22.735637207676323" lon="113.95272736091839">
        <ele>47.11130771506578</ele>
        <time>2026-09-10T12:31:18.900000Z</time>
        <extensions>
          <gpxtpx:TrackPointExtension>
            <gpxtpx:hr>115</gpxtpx:hr>
          </gpxtpx:TrackPointExtension>
        </extensions>
      </trkpt>
      <trkpt lat="22.735613284995505" lon="113.95272502057094">
        <ele>47.1266028592363</ele>
        <time>2026-09-10T12:31:19.900000Z</time>
        <extensions>
          <gpxtpx:TrackPointExtension>
            <gpxtpx:hr>115</gpxtpx:hr>
          </gpxtpx:TrackPointExtension>
        </extensions>
      </trkpt>
      <trkpt lat="22.7355905777667" lon="113.95272333169883">
        <ele>47.14322851784527</ele>
        <time>2026-09-10T12:31:20.900000Z</time>
        <extensions>
          <gpxtpx:TrackPointExtension>
            <gpxtpx:hr>115</gpxtpx:hr>
          </gpxtpx:TrackPointExtension>
        </extensions>
      </trkpt>
      <trkpt lat="22.7355683144221" lon="113.95272200980378">
        <ele>47.160946850664914</ele>
        <time>2026-09-10T12:31:21.900000Z</time>
        <extensions>
          <gpxtpx:TrackPointExtension>
            <gpxtpx:hr>114</gpxtpx:hr>
          </gpxtpx:TrackPointExtension>
        </extensions>
      </trkpt>
      <trkpt lat="22.7355462450064" lon="113.95272050747681">
        <ele>47.17940087337047</ele>
        <time>2026-09-10T12:31:22.900000Z</time>
        <extensions>
          <gpxtpx:TrackPointExtension>
            <gpxtpx:hr>114</gpxtpx:hr>
          </gpxtpx:TrackPointExtension>
        </extensions>
      </trkpt>
      <trkpt lat="22.735523997821502" lon="113.95271868397552">
        <ele>47.198333132080734</ele>
        <time>2026-09-10T12:31:23.900000Z</time>
        <extensions>
          <gpxtpx:TrackPointExtension>
            <gpxtpx:hr>114</gpxtpx:hr>
          </gpxtpx:TrackPointExtension>
        </extensions>
      </trkpt>
      <trkpt lat="22.735502161052107" lon="113.95271674060352">
        <ele>47.21765838842839</ele>
        <time>2026-09-10T12:31:24.900000Z</time>
        <extensions>
          <gpxtpx:TrackPointExtension>
            <gpxtpx:hr>114</gpxtpx:hr>
          </gpxtpx:TrackPointExtension>
        </extensions>
      </trkpt>
      <trkpt lat="22.735482192852526" lon="113.95271491737735">
        <ele>47.23746353201568</ele>
        <time>2026-09-10T12:31:25.900000Z</time>
        <extensions>
          <gpxtpx:TrackPointExtension>
            <gpxtpx:hr>114</gpxtpx:hr>
          </gpxtpx:TrackPointExtension>
        </extensions>
      </trkpt>
      <trkpt lat="22.73546438349522" lon="113.95271307265553">
        <ele>47.25797577947378</ele>
        <time>2026-09-10T12:31:26.900000Z</time>
        <extensions>
          <gpxtpx:TrackPointExtension>
            <gpxtpx:hr>114</gpxtpx:hr>
          </gpxtpx:TrackPointExtension>
        </extensions>
      </trkpt>
      <trkpt lat="22.735446942855855" lon="113.9527108699361">
        <ele>47.27950276713818</ele>
        <time>2026-09-10T12:31:27.900000Z</time>
        <extensions>
          <gpxtpx:TrackPointExtension>
            <gpxtpx:hr>110</gpxtpx:hr>
          </gpxtpx:TrackPointExtension>
        </extensions>
      </trkpt>
      <trkpt lat="22.73542818372253" lon="113.95270857043742">
        <ele>47.302376518025994</ele>
        <time>2026-09-10T12:31:28.900000Z</time>
        <extensions>
          <gpxtpx:TrackPointExtension>
            <gpxtpx:hr>110</gpxtpx:hr>
          </gpxtpx:TrackPointExtension>
        </extensions>
      </trkpt>
      <trkpt lat="22.735407763611917" lon="113.9527063978488">
        <ele>47.3269144911319</ele>
        <time>2026-09-10T12:31:29.900000Z</time>
        <extensions>
          <gpxtpx:TrackPointExtension>
            <gpxtpx:hr>110</gpxtpx:hr>
          </gpxtpx:TrackPointExtension>
        </extensions>
      </trkpt>
      <trkpt lat="22.735385390808347" lon="113.95270412913851">
        <ele>47.35337402764708</ele>
        <time>2026-09-10T12:31:30.900000Z</time>
        <extensions>
          <gpxtpx:TrackPointExtension>
            <gpxtpx:hr>110</gpxtpx:hr>
          </gpxtpx:TrackPointExtension>
        </extensions>
      </trkpt>
      <trkpt lat="22.73536146814802" lon="113.95270229367598">
        <ele>47.38189666066319</ele>
        <time>2026-09-10T12:31:31.900000Z</time>
        <extensions>
          <gpxtpx:TrackPointExtension>
            <gpxtpx:hr>110</gpxtpx:hr>
          </gpxtpx:TrackPointExtension>
        </extensions>
      </trkpt>
      <trkpt lat="22.735337139381596" lon="113.95270171474571">
        <ele>47.41242063045502</ele>
        <time>2026-09-10T12:31:32.900000Z</time>
        <extensions>
          <gpxtpx:TrackPointExtension>
            <gpxtpx:hr>110</gpxtpx:hr>
          </gpxtpx:TrackPointExtension>
        </extensions>
      </trkpt>
      <trkpt lat="22.735312605330115" lon="113.95270200253717">
        <ele>47.4446403356269</ele>
        <time>2026-09-10T12:31:33.900000Z</time>
        <extensions>
          <gpxtpx:TrackPointExtension>
            <gpxtpx:hr>110</gpxtpx:hr>
          </gpxtpx:TrackPointExtension>
        </extensions>
      </trkpt>
      <trkpt lat="22.73528738039808" lon="113.95270221186382">
        <ele>47.4781065620482</ele>
        <time>2026-09-10T12:31:34.900000Z</time>
        <extensions>
          <gpxtpx:TrackPointExtension>
            <gpxtpx:hr>111</gpxtpx:hr>
          </gpxtpx:TrackPointExtension>
        </extensions>
      </trkpt>
      <trkpt lat="22.735261639484097" lon="113.9527023127863">
        <ele>47.51236401312053</ele>
        <time>2026-09-10T12:31:35.900000Z</time>
        <extensions>
          <gpxtpx:TrackPointExtension>
            <gpxtpx:hr>111</gpxtpx:hr>
          </gpxtpx:TrackPointExtension>
        </extensions>
      </trkpt>
      <trkpt lat="22.735235749824017" lon="113.95270302576179">
        <ele>47.54701382294297</ele>
        <time>2026-09-10T12:31:36.900000Z</time>
        <extensions>
          <gpxtpx:TrackPointExtension>
            <gpxtpx:hr>111</gpxtpx:hr>
          </gpxtpx:TrackPointExtension>
        </extensions>
      </trkpt>
      <trkpt lat="22.735209801878714" lon="113.95270445374629">
        <ele>47.581712254323065</ele>
        <time>2026-09-10T12:31:37.900000Z</time>
        <extensions>
          <gpxtpx:TrackPointExtension>
            <gpxtpx:hr>111</gpxtpx:hr>
          </gpxtpx:TrackPointExtension>
        </extensions>
      </trkpt>
      <trkpt lat="22.735183535848332" lon="113.95270601861486">
        <ele>47.616151192225516</ele>
        <time>2026-09-10T12:31:38.900000Z</time>
        <extensions>
          <gpxtpx:TrackPointExtension>
            <gpxtpx:hr>111</gpxtpx:hr>
          </gpxtpx:TrackPointExtension>
        </extensions>
      </trkpt>
      <trkpt lat="22.735156672686482" lon="113.95270724688525">
        <ele>47.65004772134125</ele>
        <time>2026-09-10T12:31:39.900000Z</time>
        <extensions>
          <gpxtpx:TrackPointExtension>
            <gpxtpx:hr>111</gpxtpx:hr>
          </gpxtpx:TrackPointExtension>
        </extensions>
      </trkpt>
      <trkpt lat="22.73512987058372" lon="113.95270795362774">
        <ele>47.683147684670985</ele>
        <time>2026-09-10T12:31:40.900000Z</time>
        <extensions>
          <gpxtpx:TrackPointExtension>
            <gpxtpx:hr>111</gpxtpx:hr>
          </gpxtpx:TrackPointExtension>
        </extensions>
      </trkpt>
      <trkpt lat="22.73510380183306" lon="113.95270847528103">
        <ele>47.715247709304094</ele>
        <time>2026-09-10T12:31:41.900000Z</time>
        <extensions>
          <gpxtpx:TrackPointExtension>
            <gpxtpx:hr>111</gpxtpx:hr>
          </gpxtpx:TrackPointExtension>
        </extensions>
      </trkpt>
      <trkpt lat="22.73507811946317" lon="113.95270933253246">
        <ele>47.74624492879957</ele>
        <time>2026-09-10T12:31:42.900000Z</time>
        <extensions>
          <gpxtpx:TrackPointExtension>
            <gpxtpx:hr>111</gpxtpx:hr>
          </gpxtpx:TrackPointExtension>
        </extensions>
      </trkpt>
      <trkpt lat="22.73505211066408" lon="113.95271075840883">
        <ele>47.776179771870375</ele>
        <time>2026-09-10T12:31:43.900000Z</time>
        <extensions>
          <gpxtpx:TrackPointExtension>
            <gpxtpx:hr>111</gpxtpx:hr>
          </gpxtpx:TrackPointExtension>
        </extensions>
      </trkpt>
      <trkpt lat="22.735025085405276" lon="113.95271232479298">
        <ele>47.80522880516946</ele>
        <time>2026-09-10T12:31:44.900000Z</time>
        <extensions>
          <gpxtpx:TrackPointExtension>
            <gpxtpx:hr>111</gpxtpx:hr>
          </gpxtpx:TrackPointExtension>
        </extensions>
      </trkpt>
      <trkpt lat="22.734996565379273" lon="113.9527133199292">
        <ele>47.833670125342906</ele>
        <time>2026-09-10T12:31:45.900000Z</time>
        <extensions>
          <gpxtpx:TrackPointExtension>
            <gpxtpx:hr>111</gpxtpx:hr>
          </gpxtpx:TrackPointExtension>
        </extensions>
      </trkpt>
      <trkpt lat="22.73496698192692" lon="113.95271349380629">
        <ele>47.86184435430914</ele>
        <time>2026-09-10T12:31:46.900000Z</time>
        <extensions>
          <gpxtpx:TrackPointExtension>
            <gpxtpx:hr>111</gpxtpx:hr>
          </gpxtpx:TrackPointExtension>
        </extensions>
      </trkpt>
      <trkpt lat="22.734937302958283" lon="113.95271302295441">
        <ele>47.89010215643793</ele>
        <time>2026-09-10T12:31:47.900000Z</time>
        <extensions>
          <gpxtpx:TrackPointExtension>
            <gpxtpx:hr>113</gpxtpx:hr>
          </gpxtpx:TrackPointExtension>
        </extensions>
      </trkpt>
      <trkpt lat="22.734908162183824" lon="113.95271227169941">
        <ele>47.918756044469774</ele>
        <time>2026-09-10T12:31:48.900000Z</time>
        <extensions>
          <gpxtpx:TrackPointExtension>
            <gpxtpx:hr>113</gpxtpx:hr>
          </gpxtpx:TrackPointExtension>
        </extensions>
      </trkpt>
      <trkpt lat="22.734879734273942" lon="113.95271153206501">
        <ele>47.94805137626827</ele>
        <time>2026-09-10T12:31:49.900000Z</time>
        <extensions>
          <gpxtpx:TrackPointExtension>
            <gpxtpx:hr>113</gpxtpx:hr>
          </gpxtpx:TrackPointExtension>
        </extensions>
      </trkpt>
      <trkpt lat="22.734852234053825" lon="113.95271080664128">
        <ele>47.97814818657935</ele>
        <time>2026-09-10T12:31:50.900000Z</time>
        <extensions>
          <gpxtpx:TrackPointExtension>
            <gpxtpx:hr>113</gpxtpx:hr>
          </gpxtpx:TrackPointExtension>
        </extensions>
      </trkpt>
      <trkpt lat="22.734825218811267" lon="113.95270978925102">
        <ele>48.00912178307772</ele>
        <time>2026-09-10T12:31:51.900000Z</time>
        <extensions>
          <gpxtpx:TrackPointExtension>
            <gpxtpx:hr>113</gpxtpx:hr>
          </gpxtpx:TrackPointExtension>
        </extensions>
      </trkpt>
      <trkpt lat="22.734797921759775" lon="113.95270825091742">
        <ele>48.04100866895169</ele>
        <time>2026-09-10T12:31:52.900000Z</time>
        <extensions>
          <gpxtpx:TrackPointExtension>
            <gpxtpx:hr>113</gpxtpx:hr>
          </gpxtpx:TrackPointExtension>
        </extensions>
      </trkpt>
      <trkpt lat="22.73477032066199" lon="113.95270609744057">
        <ele>48.073820328339934</ele>
        <time>2026-09-10T12:31:53.900000Z</time>
        <extensions>
          <gpxtpx:TrackPointExtension>
            <gpxtpx:hr>113</gpxtpx:hr>
          </gpxtpx:TrackPointExtension>
        </extensions>
      </trkpt>
      <trkpt lat="22.73474214902527" lon="113.95270330777186">
        <ele>48.10756147559732</ele>
        <time>2026-09-10T12:31:54.900000Z</time>
        <extensions>
          <gpxtpx:TrackPointExtension>
            <gpxtpx:hr>113</gpxtpx:hr>
          </gpxtpx:TrackPointExtension>
        </extensions>
      </trkpt>
      <trkpt lat="22.734712997208245" lon="113.95270009334425">
        <ele>48.14221081510186</ele>
        <time>2026-09-10T12:31:55.900000Z</time>
        <extensions>
          <gpxtpx:TrackPointExtension>
            <gpxtpx:hr>115</gpxtpx:hr>
          </gpxtpx:TrackPointExtension>
        </extensions>
      </trkpt>
      <trkpt lat="22.734683242391597" lon="113.95269675109517">
        <ele>48.177697114646435</ele>
        <time>2026-09-10T12:31:56.900000Z</time>
        <extensions>
          <gpxtpx:TrackPointExtension>
            <gpxtpx:hr>115</gpxtpx:hr>
          </gpxtpx:TrackPointExtension>
        </extensions>
      </trkpt>
      <trkpt lat="22.73465321254318" lon="113.95269362025287">
        <ele>48.21388452779502</ele>
        <time>2026-09-10T12:31:57.900000Z</time>
        <extensions>
          <gpxtpx:TrackPointExtension>
            <gpxtpx:hr>115</gpxtpx:hr>
          </gpxtpx:TrackPointExtension>
        </extensions>
      </trkpt>
      <trkpt lat="22.734622721192956" lon="113.95269085066973">
        <ele>48.25056523736566</ele>
        <time>2026-09-10T12:31:58.900000Z</time>
        <extensions>
          <gpxtpx:TrackPointExtension>
            <gpxtpx:hr>115</gpxtpx:hr>
          </gpxtpx:TrackPointExtension>
        </extensions>
      </trkpt>
      <trkpt lat="22.73459256510732" lon="113.9526883150603">
        <ele>48.287470801733434</ele>
        <time>2026-09-10T12:31:59.900000Z</time>
        <extensions>
          <gpxtpx:TrackPointExtension>
            <gpxtpx:hr>115</gpxtpx:hr>
          </gpxtpx:TrackPointExtension>
        </extensions>
      </trkpt>
      <trkpt lat="22.73456396027479" lon="113.9526853718449">
        <ele>48.324309290386736</ele>
        <time>2026-09-10T12:32:00.900000Z</time>
        <extensions>
          <gpxtpx:TrackPointExtension>
            <gpxtpx:hr>115</gpxtpx:hr>
          </gpxtpx:TrackPointExtension>
        </extensions>
      </trkpt>
      <trkpt lat="22.73453744023639" lon="113.95268117365632">
        <ele>48.36082600057125</ele>
        <time>2026-09-10T12:32:01.900000Z</time>
        <extensions>
          <gpxtpx:TrackPointExtension>
            <gpxtpx:hr>115</gpxtpx:hr>
          </gpxtpx:TrackPointExtension>
        </extensions>
      </trkpt>
      <trkpt lat="22.7345129529805" lon="113.95267522357108">
        <ele>48.3969109216705</ele>
        <time>2026-09-10T12:32:02.900000Z</time>
        <extensions>
          <gpxtpx:TrackPointExtension>
            <gpxtpx:hr>119</gpxtpx:hr>
          </gpxtpx:TrackPointExtension>
        </extensions>
      </trkpt>
      <trkpt lat="22.7344902958858" lon="113.95266699312653">
        <ele>48.43269704747945</ele>
        <time>2026-09-10T12:32:03.900000Z</time>
        <extensions>
          <gpxtpx:TrackPointExtension>
            <gpxtpx:hr>119</gpxtpx:hr>
          </gpxtpx:TrackPointExtension>
        </extensions>
      </trkpt>
      <trkpt lat="22.734469879849737" lon="113.95265579672414">
        <ele>48.46853243280202</ele>
        <time>2026-09-10T12:32:04.900000Z</time>
        <extensions>
          <gpxtpx:TrackPointExtension>
            <gpxtpx:hr>119</gpxtpx:hr>
          </gpxtpx:TrackPointExtension>
        </extensions>
      </trkpt>
      <trkpt lat="22.734451973970007" lon="113.9526412741121">
        <ele>48.50480255577713</ele>
        <time>2026-09-10T12:32:05.900000Z</time>
        <extensions>
          <gpxtpx:TrackPointExtension>
            <gpxtpx:hr>119</gpxtpx:hr>
          </gpxtpx:TrackPointExtension>
        </extensions>
      </trkpt>
      <trkpt lat="22.73443614171839" lon="113.9526238370082">
        <ele>48.54174715280533</ele>
        <time>2026-09-10T12:32:06.900000Z</time>
        <extensions>
          <gpxtpx:TrackPointExtension>
            <gpxtpx:hr>119</gpxtpx:hr>
          </gpxtpx:TrackPointExtension>
        </extensions>
      </trkpt>
      <trkpt lat="22.73442219784876" lon="113.95260417641298">
        <ele>48.57937730755657</ele>
        <time>2026-09-10T12:32:07.900000Z</time>
        <extensions>
          <gpxtpx:TrackPointExtension>
            <gpxtpx:hr>119</gpxtpx:hr>
          </gpxtpx:TrackPointExtension>
        </extensions>
      </trkpt>
      <trkpt lat="22.7344109348499" lon="113.9525828467377">
        <ele>48.617450970225036</ele>
        <time>2026-09-10T12:32:08.900000Z</time>
        <extensions>
          <gpxtpx:TrackPointExtension>
            <gpxtpx:hr>117</gpxtpx:hr>
          </gpxtpx:TrackPointExtension>
        </extensions>
      </trkpt>
      <trkpt lat="22.734403580198745" lon="113.95256021249791">
        <ele>48.655515713617206</ele>
        <time>2026-09-10T12:32:09.900000Z</time>
        <extensions>
          <gpxtpx:TrackPointExtension>
            <gpxtpx:hr>117</gpxtpx:hr>
          </gpxtpx:TrackPointExtension>
        </extensions>
      </trkpt>
      <trkpt lat="22.73440021124947" lon="113.95253582873981">
        <ele>48.69304118771106</ele>
        <time>2026-09-10T12:32:10.900000Z</time>
        <extensions>
          <gpxtpx:TrackPointExtension>
            <gpxtpx:hr>117</gpxtpx:hr>
          </gpxtpx:TrackPointExtension>
        </extensions>
      </trkpt>
      <trkpt lat="22.734399834911194" lon="113.95251003703112">
        <ele>48.72953808773309</ele>
        <time>2026-09-10T12:32:11.900000Z</time>
        <extensions>
          <gpxtpx:TrackPointExtension>
            <gpxtpx:hr>117</gpxtpx:hr>
          </gpxtpx:TrackPointExtension>
        </extensions>
      </trkpt>
      <trkpt lat="22.734401293366293" lon="113.95248460268328">
        <ele>48.764571270905435</ele>
        <time>2026-09-10T12:32:12.900000Z</time>
        <extensions>
          <gpxtpx:TrackPointExtension>
            <gpxtpx:hr>115</gpxtpx:hr>
          </gpxtpx:TrackPointExtension>
        </extensions>
      </trkpt>
      <trkpt lat="22.73440358706069" lon="113.95246031845622">
        <ele>48.79772306140512</ele>
        <time>2026-09-10T12:32:13.900000Z</time>
        <extensions>
          <gpxtpx:TrackPointExtension>
            <gpxtpx:hr>115</gpxtpx:hr>
          </gpxtpx:TrackPointExtension>
        </extensions>
      </trkpt>
      <trkpt lat="22.73440630614941" lon="113.9524362689325">
        <ele>48.82859605457634</ele>
        <time>2026-09-10T12:32:14.900000Z</time>
        <extensions>
          <gpxtpx:TrackPointExtension>
            <gpxtpx:hr>115</gpxtpx:hr>
          </gpxtpx:TrackPointExtension>
        </extensions>
      </trkpt>
      <trkpt lat="22.734409230939463" lon="113.95241130631294">
        <ele>48.856888053007424</ele>
        <time>2026-09-10T12:32:15.900000Z</time>
        <extensions>
          <gpxtpx:TrackPointExtension>
            <gpxtpx:hr>115</gpxtpx:hr>
          </gpxtpx:TrackPointExtension>
        </extensions>
      </trkpt>
      <trkpt lat="22.73441198098414" lon="113.95238530487649">
        <ele>48.8824852341786</ele>
        <time>2026-09-10T12:32:16.900000Z</time>
        <extensions>
          <gpxtpx:TrackPointExtension>
            <gpxtpx:hr>114</gpxtpx:hr>
          </gpxtpx:TrackPointExtension>
        </extensions>
      </trkpt>
      <trkpt lat="22.734414330758316" lon="113.95235894075542">
        <ele>48.90550134610385</ele>
        <time>2026-09-10T12:32:17.900000Z</time>
        <extensions>
          <gpxtpx:TrackPointExtension>
            <gpxtpx:hr>114</gpxtpx:hr>
          </gpxtpx:TrackPointExtension>
        </extensions>
      </trkpt>
      <trkpt lat="22.734416697291884" lon="113.95233317745024">
        <ele>48.92628284543753</ele>
        <time>2026-09-10T12:32:18.900000Z</time>
        <extensions>
          <gpxtpx:TrackPointExtension>
            <gpxtpx:hr>114</gpxtpx:hr>
          </gpxtpx:TrackPointExtension>
        </extensions>
      </trkpt>
      <trkpt lat="22.734419582181683" lon="113.9523079593262">
        <ele>48.94535464979708</ele>
        <time>2026-09-10T12:32:19.900000Z</time>
        <extensions>
          <gpxtpx:TrackPointExtension>
            <gpxtpx:hr>114</gpxtpx:hr>
          </gpxtpx:TrackPointExtension>
        </extensions>
      </trkpt>
      <trkpt lat="22.734423118744036" lon="113.95228237785886">
        <ele>48.963247722014785</ele>
        <time>2026-09-10T12:32:20.900000Z</time>
        <extensions>
          <gpxtpx:TrackPointExtension>
            <gpxtpx:hr>114</gpxtpx:hr>
          </gpxtpx:TrackPointExtension>
        </extensions>
      </trkpt>
      <trkpt lat="22.734426976012767" lon="113.95225621608176">
        <ele>48.9803257221356</ele>
        <time>2026-09-10T12:32:21.900000Z</time>
        <extensions>
          <gpxtpx:TrackPointExtension>
            <gpxtpx:hr>112</gpxtpx:hr>
          </gpxtpx:TrackPointExtension>
        </extensions>
      </trkpt>
      <trkpt lat="22.73443036890301" lon="113.95223037126303">
        <ele>48.99674106761813</ele>
        <time>2026-09-10T12:32:22.900000Z</time>
        <extensions>
          <gpxtpx:TrackPointExtension>
            <gpxtpx:hr>112</gpxtpx:hr>
          </gpxtpx:TrackPointExtension>
        </extensions>
      </trkpt>
      <trkpt lat="22.734433017895544" lon="113.95220532503585">
        <ele>49.012492320500314</ele>
        <time>2026-09-10T12:32:23.900000Z</time>
        <extensions>
          <gpxtpx:TrackPointExtension>
            <gpxtpx:hr>112</gpxtpx:hr>
          </gpxtpx:TrackPointExtension>
        </extensions>
      </trkpt>
      <trkpt lat="22.73443541198131" lon="113.95218039853393">
        <ele>49.02748227212578</ele>
        <time>2026-09-10T12:32:24.900000Z</time>
        <extensions>
          <gpxtpx:TrackPointExtension>
            <gpxtpx:hr>112</gpxtpx:hr>
          </gpxtpx:TrackPointExtension>
        </extensions>
      </trkpt>
      <trkpt lat="22.73443790302609" lon="113.95215483151055">
        <ele>49.04152639769018</ele>
        <time>2026-09-10T12:32:25.900000Z</time>
        <extensions>
          <gpxtpx:TrackPointExtension>
            <gpxtpx:hr>112</gpxtpx:hr>
          </gpxtpx:TrackPointExtension>
        </extensions>
      </trkpt>
      <trkpt lat="22.734440263868795" lon="113.9521282927479">
        <ele>49.05434473976493</ele>
        <time>2026-09-10T12:32:26.900000Z</time>
        <extensions>
          <gpxtpx:TrackPointExtension>
            <gpxtpx:hr>110</gpxtpx:hr>
          </gpxtpx:TrackPointExtension>
        </extensions>
      </trkpt>
      <trkpt lat="22.734442131184856" lon="113.9521007000898">
        <ele>49.06557123735547</ele>
        <time>2026-09-10T12:32:27.900000Z</time>
        <extensions>
          <gpxtpx:TrackPointExtension>
            <gpxtpx:hr>110</gpxtpx:hr>
          </gpxtpx:TrackPointExtension>
        </extensions>
      </trkpt>
      <trkpt lat="22.73444355292757" lon="113.95207148414237">
        <ele>49.074787359684706</ele>
        <time>2026-09-10T12:32:28.900000Z</time>
        <extensions>
          <gpxtpx:TrackPointExtension>
            <gpxtpx:hr>110</gpxtpx:hr>
          </gpxtpx:TrackPointExtension>
        </extensions>
      </trkpt>
      <trkpt lat="22.734444630801672" lon="113.95204003280786">
        <ele>49.0815640585497</ele>
        <time>2026-09-10T12:32:29.900000Z</time>
        <extensions>
          <gpxtpx:TrackPointExtension>
            <gpxtpx:hr>110</gpxtpx:hr>
          </gpxtpx:TrackPointExtension>
        </extensions>
      </trkpt>
      <trkpt lat="22.734445292785093" lon="113.95200672207909">
        <ele>49.085498250089586</ele>
        <time>2026-09-10T12:32:30.900000Z</time>
        <extensions>
          <gpxtpx:TrackPointExtension>
            <gpxtpx:hr>110</gpxtpx:hr>
          </gpxtpx:TrackPointExtension>
        </extensions>
      </trkpt>
      <trkpt lat="22.734445568159774" lon="113.95197281109643">
        <ele>49.0862536765635</ele>
        <time>2026-09-10T12:32:31.900000Z</time>
        <extensions>
          <gpxtpx:TrackPointExtension>
            <gpxtpx:hr>109</gpxtpx:hr>
          </gpxtpx:TrackPointExtension>
        </extensions>
      </trkpt>
      <trkpt lat="22.73444575372904" lon="113.95193893641228">
        <ele>49.083580527454615</ele>
        <time>2026-09-10T12:32:32.900000Z</time>
        <extensions>
          <gpxtpx:TrackPointExtension>
            <gpxtpx:hr>109</gpxtpx:hr>
          </gpxtpx:TrackPointExtension>
        </extensions>
      </trkpt>
      <trkpt lat="22.734446329803234" lon="113.9519056589065">
        <ele>49.07731245830655</ele>
        <time>2026-09-10T12:32:33.900000Z</time>
        <extensions>
          <gpxtpx:TrackPointExtension>
            <gpxtpx:hr>109</gpxtpx:hr>
          </gpxtpx:TrackPointExtension>
        </extensions>
      </trkpt>
      <trkpt lat="22.734447438578897" lon="113.9518738237922">
        <ele>49.06735811661929</ele>
        <time>2026-09-10T12:32:34.900000Z</time>
        <extensions>
          <gpxtpx:TrackPointExtension>
            <gpxtpx:hr>109</gpxtpx:hr>
          </gpxtpx:TrackPointExtension>
        </extensions>
      </trkpt>
      <trkpt lat="22.734448925012355" lon="113.9518431306404">
        <ele>49.0536687662825</ele>
        <time>2026-09-10T12:32:35.900000Z</time>
        <extensions>
          <gpxtpx:TrackPointExtension>
            <gpxtpx:hr>109</gpxtpx:hr>
          </gpxtpx:TrackPointExtension>
        </extensions>
      </trkpt>
      <trkpt lat="22.734450402460666" lon="113.95181337397112">
        <ele>49.03620770946145</ele>
        <time>2026-09-10T12:32:36.900000Z</time>
        <extensions>
          <gpxtpx:TrackPointExtension>
            <gpxtpx:hr>112</gpxtpx:hr>
          </gpxtpx:TrackPointExtension>
        </extensions>
      </trkpt>
      <trkpt lat="22.73445105477445" lon="113.95178476740459">
        <ele>49.01492646429688</ele>
        <time>2026-09-10T12:32:37.900000Z</time>
        <extensions>
          <gpxtpx:TrackPointExtension>
            <gpxtpx:hr>112</gpxtpx:hr>
          </gpxtpx:TrackPointExtension>
        </extensions>
      </trkpt>
      <trkpt lat="22.734450385822083" lon="113.95175727686522">
        <ele>48.989735743030906</ele>
        <time>2026-09-10T12:32:38.900000Z</time>
        <extensions>
          <gpxtpx:TrackPointExtension>
            <gpxtpx:hr>112</gpxtpx:hr>
          </gpxtpx:TrackPointExtension>
        </extensions>
      </trkpt>
      <trkpt lat="22.734448446657865" lon="113.95173112621897">
        <ele>48.96052623447031</ele>
        <time>2026-09-10T12:32:39.900000Z</time>
        <extensions>
          <gpxtpx:TrackPointExtension>
            <gpxtpx:hr>112</gpxtpx:hr>
          </gpxtpx:TrackPointExtension>
        </extensions>
      </trkpt>
      <trkpt lat="22.73444469391036" lon="113.95170748809505">
        <ele>48.92728319764137</ele>
        <time>2026-09-10T12:32:40.900000Z</time>
        <extensions>
          <gpxtpx:TrackPointExtension>
            <gpxtpx:hr>112</gpxtpx:hr>
          </gpxtpx:TrackPointExtension>
        </extensions>
      </trkpt>
      <trkpt lat="22.734437626082048" lon="113.95168893803705">
        <ele>48.89027404598892</ele>
        <time>2026-09-10T12:32:41.900000Z</time>
        <extensions>
          <gpxtpx:TrackPointExtension>
            <gpxtpx:hr>112</gpxtpx:hr>
          </gpxtpx:TrackPointExtension>
        </extensions>
      </trkpt>
      <trkpt lat="22.73442603529914" lon="113.9516766912019">
        <ele>48.85018343105912</ele>
        <time>2026-09-10T12:32:42.900000Z</time>
        <extensions>
          <gpxtpx:TrackPointExtension>
            <gpxtpx:hr>112</gpxtpx:hr>
          </gpxtpx:TrackPointExtension>
        </extensions>
      </trkpt>
      <trkpt lat="22.734409695460094" lon="113.95166923105717">
        <ele>48.80812564492226</ele>
        <time>2026-09-10T12:32:43.900000Z</time>
        <extensions>
          <gpxtpx:TrackPointExtension>
            <gpxtpx:hr>107</gpxtpx:hr>
          </gpxtpx:TrackPointExtension>
        </extensions>
      </trkpt>
      <trkpt lat="22.73439001274796" lon="113.95166524932448">
        <ele>48.765586321242154</ele>
        <time>2026-09-10T12:32:44.900000Z</time>
        <extensions>
          <gpxtpx:TrackPointExtension>
            <gpxtpx:hr>107</gpxtpx:hr>
          </gpxtpx:TrackPointExtension>
        </extensions>
      </trkpt>
      <trkpt lat="22.734369751715285" lon="113.95166408266924">
        <ele>48.724266953766346</ele>
        <time>2026-09-10T12:32:45.900000Z</time>
        <extensions>
          <gpxtpx:TrackPointExtension>
            <gpxtpx:hr>107</gpxtpx:hr>
          </gpxtpx:TrackPointExtension>
        </extensions>
      </trkpt>
      <trkpt lat="22.734350884383687" lon="113.95166475374853">
        <ele>48.68583217356354</ele>
        <time>2026-09-10T12:32:46.900000Z</time>
        <extensions>
          <gpxtpx:TrackPointExtension>
            <gpxtpx:hr>107</gpxtpx:hr>
          </gpxtpx:TrackPointExtension>
        </extensions>
      </trkpt>
      <trkpt lat="22.73433327878059" lon="113.95166646610225">
        <ele>48.651667640544474</ele>
        <time>2026-09-10T12:32:47.900000Z</time>
        <extensions>
          <gpxtpx:TrackPointExtension>
            <gpxtpx:hr>107</gpxtpx:hr>
          </gpxtpx:TrackPointExtension>
        </extensions>
      </trkpt>
      <trkpt lat="22.73431580093939" lon="113.95166949328475">
        <ele>48.622673406265676</ele>
        <time>2026-09-10T12:32:48.900000Z</time>
        <extensions>
          <gpxtpx:TrackPointExtension>
            <gpxtpx:hr>107</gpxtpx:hr>
          </gpxtpx:TrackPointExtension>
        </extensions>
      </trkpt>
      <trkpt lat="22.73429874322078" lon="113.951673987475">
        <ele>48.59913929924369</ele>
        <time>2026-09-10T12:32:49.900000Z</time>
        <extensions>
          <gpxtpx:TrackPointExtension>
            <gpxtpx:hr>107</gpxtpx:hr>
          </gpxtpx:TrackPointExtension>
        </extensions>
      </trkpt>
      <trkpt lat="22.734282815205766" lon="113.95167924922627">
        <ele>48.58089814335108</ele>
        <time>2026-09-10T12:32:50.900000Z</time>
        <extensions>
          <gpxtpx:TrackPointExtension>
            <gpxtpx:hr>103</gpxtpx:hr>
          </gpxtpx:TrackPointExtension>
        </extensions>
      </trkpt>
      <trkpt lat="22.7342688536603" lon="113.95168398807748">
        <ele>48.56770551111549</ele>
        <time>2026-09-10T12:32:51.900000Z</time>
        <extensions>
          <gpxtpx:TrackPointExtension>
            <gpxtpx:hr>103</gpxtpx:hr>
          </gpxtpx:TrackPointExtension>
        </extensions>
      </trkpt>
      <trkpt lat="22.734257836908306" lon="113.95168812803983">
        <ele>48.55954946111888</ele>
        <time>2026-09-10T12:32:52.900000Z</time>
        <extensions>
          <gpxtpx:TrackPointExtension>
            <gpxtpx:hr>103</gpxtpx:hr>
          </gpxtpx:TrackPointExtension>
        </extensions>
      </trkpt>
      <trkpt lat="22.73425028638433" lon="113.95169358612645">
        <ele>48.55672546848655</ele>
        <time>2026-09-10T12:32:53.900000Z</time>
        <extensions>
          <gpxtpx:TrackPointExtension>
            <gpxtpx:hr>103</gpxtpx:hr>
          </gpxtpx:TrackPointExtension>
        </extensions>
      </trkpt>
      <trkpt lat="22.73424568237908" lon="113.95170168109144">
        <ele>48.55975846294314</ele>
        <time>2026-09-10T12:32:54.900000Z</time>
        <extensions>
          <gpxtpx:TrackPointExtension>
            <gpxtpx:hr>103</gpxtpx:hr>
          </gpxtpx:TrackPointExtension>
        </extensions>
      </trkpt>
      <trkpt lat="22.734243131363336" lon="113.95171316757026">
        <ele>48.56919546145946</ele>
        <time>2026-09-10T12:32:55.900000Z</time>
        <extensions>
          <gpxtpx:TrackPointExtension>
            <gpxtpx:hr>101</gpxtpx:hr>
          </gpxtpx:TrackPointExtension>
        </extensions>
      </trkpt>
      <trkpt lat="22.734242882875154" lon="113.95172907072184">
        <ele>48.58524158038199</ele>
        <time>2026-09-10T12:32:56.900000Z</time>
        <extensions>
          <gpxtpx:TrackPointExtension>
            <gpxtpx:hr>101</gpxtpx:hr>
          </gpxtpx:TrackPointExtension>
        </extensions>
      </trkpt>
      <trkpt lat="22.734245114697913" lon="113.95174805309757">
        <ele>48.60746181756258</ele>
        <time>2026-09-10T12:32:57.900000Z</time>
        <extensions>
          <gpxtpx:TrackPointExtension>
            <gpxtpx:hr>101</gpxtpx:hr>
          </gpxtpx:TrackPointExtension>
        </extensions>
      </trkpt>
      <trkpt lat="22.73425037226532" lon="113.95176739586759">
        <ele>48.634790108539164</ele>
        <time>2026-09-10T12:32:58.900000Z</time>
        <extensions>
          <gpxtpx:TrackPointExtension>
            <gpxtpx:hr>101</gpxtpx:hr>
          </gpxtpx:TrackPointExtension>
        </extensions>
      </trkpt>
      <trkpt lat="22.73425882764164" lon="113.95178530774571">
        <ele>48.665686580352485</ele>
        <time>2026-09-10T12:32:59.900000Z</time>
        <extensions>
          <gpxtpx:TrackPointExtension>
            <gpxtpx:hr>101</gpxtpx:hr>
          </gpxtpx:TrackPointExtension>
        </extensions>
      </trkpt>
      <trkpt lat="22.734269137617527" lon="113.95180122381007">
        <ele>48.69837470725179</ele>
        <time>2026-09-10T12:33:00.900000Z</time>
        <extensions>
          <gpxtpx:TrackPointExtension>
            <gpxtpx:hr>101</gpxtpx:hr>
          </gpxtpx:TrackPointExtension>
        </extensions>
      </trkpt>
      <trkpt lat="22.73427986243937" lon="113.95181628489205">
        <ele>48.73123255092651</ele>
        <time>2026-09-10T12:33:01.900000Z</time>
        <extensions>
          <gpxtpx:TrackPointExtension>
            <gpxtpx:hr>109</gpxtpx:hr>
          </gpxtpx:TrackPointExtension>
        </extensions>
      </trkpt>
      <trkpt lat="22.73428982966416" lon="113.95183166641745">
        <ele>48.763103399425745</ele>
        <time>2026-09-10T12:33:02.900000Z</time>
        <extensions>
          <gpxtpx:TrackPointExtension>
            <gpxtpx:hr>109</gpxtpx:hr>
          </gpxtpx:TrackPointExtension>
        </extensions>
      </trkpt>
      <trkpt lat="22.73429844966604" lon="113.95184874777671">
        <ele>48.79331814870238</ele>
        <time>2026-09-10T12:33:03.900000Z</time>
        <extensions>
          <gpxtpx:TrackPointExtension>
            <gpxtpx:hr>109</gpxtpx:hr>
          </gpxtpx:TrackPointExtension>
        </extensions>
      </trkpt>
      <trkpt lat="22.734305324187055" lon="113.95187040952601">
        <ele>48.82157024182379</ele>
        <time>2026-09-10T12:33:04.900000Z</time>
        <extensions>
          <gpxtpx:TrackPointExtension>
            <gpxtpx:hr>109</gpxtpx:hr>
          </gpxtpx:TrackPointExtension>
        </extensions>
      </trkpt>
      <trkpt lat="22.734309658782177" lon="113.95189907380461">
        <ele>48.84779318422079</ele>
        <time>2026-09-10T12:33:05.900000Z</time>
        <extensions>
          <gpxtpx:TrackPointExtension>
            <gpxtpx:hr>109</gpxtpx:hr>
          </gpxtpx:TrackPointExtension>
        </extensions>
      </trkpt>
      <trkpt lat="22.734311199294172" lon="113.9519330840519">
        <ele>48.87205279804766</ele>
        <time>2026-09-10T12:33:06.900000Z</time>
        <extensions>
          <gpxtpx:TrackPointExtension>
            <gpxtpx:hr>109</gpxtpx:hr>
          </gpxtpx:TrackPointExtension>
        </extensions>
      </trkpt>
      <trkpt lat="22.73431011455521" lon="113.9519684964042">
        <ele>48.894462160766125</ele>
        <time>2026-09-10T12:33:07.900000Z</time>
        <extensions>
          <gpxtpx:TrackPointExtension>
            <gpxtpx:hr>113</gpxtpx:hr>
          </gpxtpx:TrackPointExtension>
        </extensions>
      </trkpt>
      <trkpt lat="22.734306938057152" lon="113.95200330920964">
        <ele>48.91511512827128</ele>
        <time>2026-09-10T12:33:08.900000Z</time>
        <extensions>
          <gpxtpx:TrackPointExtension>
            <gpxtpx:hr>113</gpxtpx:hr>
          </gpxtpx:TrackPointExtension>
        </extensions>
      </trkpt>
      <trkpt lat="22.734302537074424" lon="113.95203753995011">
        <ele>48.93403838574886</ele>
        <time>2026-09-10T12:33:09.900000Z</time>
        <extensions>
          <gpxtpx:TrackPointExtension>
            <gpxtpx:hr>113</gpxtpx:hr>
          </gpxtpx:TrackPointExtension>
        </extensions>
      </trkpt>
      <trkpt lat="22.734297884763613" lon="113.9520717626485">
        <ele>48.95117301493883</ele>
        <time>2026-09-10T12:33:10.900000Z</time>
        <extensions>
          <gpxtpx:TrackPointExtension>
            <gpxtpx:hr>113</gpxtpx:hr>
          </gpxtpx:TrackPointExtension>
        </extensions>
      </trkpt>
      <trkpt lat="22.73429349558457" lon="113.95210626909052">
        <ele>48.96638708282262</ele>
        <time>2026-09-10T12:33:11.900000Z</time>
        <extensions>
          <gpxtpx:TrackPointExtension>
            <gpxtpx:hr>113</gpxtpx:hr>
          </gpxtpx:TrackPointExtension>
        </extensions>
      </trkpt>
      <trkpt lat="22.734288921669666" lon="113.95214157570128">
        <ele>48.97949586901814</ele>
        <time>2026-09-10T12:33:12.900000Z</time>
        <extensions>
          <gpxtpx:TrackPointExtension>
            <gpxtpx:hr>113</gpxtpx:hr>
          </gpxtpx:TrackPointExtension>
        </extensions>
      </trkpt>
      <trkpt lat="22.734283201501526" lon="113.95217840172946">
        <ele>48.99025292135775</ele>
        <time>2026-09-10T12:33:13.900000Z</time>
        <extensions>
          <gpxtpx:TrackPointExtension>
            <gpxtpx:hr>113</gpxtpx:hr>
          </gpxtpx:TrackPointExtension>
        </extensions>
      </trkpt>
      <trkpt lat="22.73427598287599" lon="113.9522166207001">
        <ele>48.99832742009312</ele>
        <time>2026-09-10T12:33:14.900000Z</time>
        <extensions>
          <gpxtpx:TrackPointExtension>
            <gpxtpx:hr>113</gpxtpx:hr>
          </gpxtpx:TrackPointExtension>
        </extensions>
      </trkpt>
      <trkpt lat="22.734268007399958" lon="113.95225518663045">
        <ele>49.00330692343414</ele>
        <time>2026-09-10T12:33:15.900000Z</time>
        <extensions>
          <gpxtpx:TrackPointExtension>
            <gpxtpx:hr>113</gpxtpx:hr>
          </gpxtpx:TrackPointExtension>
        </extensions>
      </trkpt>
      <trkpt lat="22.734259654174863" lon="113.95229404278813">
        <ele>49.004742819815874</ele>
        <time>2026-09-10T12:33:16.900000Z</time>
        <extensions>
          <gpxtpx:TrackPointExtension>
            <gpxtpx:hr>113</gpxtpx:hr>
          </gpxtpx:TrackPointExtension>
        </extensions>
      </trkpt>
      <trkpt lat="22.73425042795654" lon="113.95233402345252">
        <ele>49.002219727262855</ele>
        <time>2026-09-10T12:33:17.900000Z</time>
        <extensions>
          <gpxtpx:TrackPointExtension>
            <gpxtpx:hr>113</gpxtpx:hr>
          </gpxtpx:TrackPointExtension>
        </extensions>
      </trkpt>
      <trkpt lat="22.734240114192982" lon="113.95237519894302">
        <ele>48.99540877249092</ele>
        <time>2026-09-10T12:33:18.900000Z</time>
        <extensions>
          <gpxtpx:TrackPointExtension>
            <gpxtpx:hr>113</gpxtpx:hr>
          </gpxtpx:TrackPointExtension>
        </extensions>
      </trkpt>
      <trkpt lat="22.734229598343894" lon="113.95241629235173">
        <ele>48.98412375804037</ele>
        <time>2026-09-10T12:33:19.900000Z</time>
        <extensions>
          <gpxtpx:TrackPointExtension>
            <gpxtpx:hr>113</gpxtpx:hr>
          </gpxtpx:TrackPointExtension>
        </extensions>
      </trkpt>
      <trkpt lat="22.734220011153617" lon="113.95245596244418">
        <ele>48.96836779639125</ele>
        <time>2026-09-10T12:33:20.900000Z</time>
        <extensions>
          <gpxtpx:TrackPointExtension>
            <gpxtpx:hr>113</gpxtpx:hr>
          </gpxtpx:TrackPointExtension>
        </extensions>
      </trkpt>
      <trkpt lat="22.734211464510576" lon="113.9524945020704">
        <ele>48.94832251407206</ele>
        <time>2026-09-10T12:33:21.900000Z</time>
        <extensions>
          <gpxtpx:TrackPointExtension>
            <gpxtpx:hr>110</gpxtpx:hr>
          </gpxtpx:TrackPointExtension>
        </extensions>
      </trkpt>
      <trkpt lat="22.73420331713548" lon="113.9525329061144">
        <ele>48.92432404588908</ele>
        <time>2026-09-10T12:33:22.900000Z</time>
        <extensions>
          <gpxtpx:TrackPointExtension>
            <gpxtpx:hr>110</gpxtpx:hr>
          </gpxtpx:TrackPointExtension>
        </extensions>
      </trkpt>
      <trkpt lat="22.734195482122377" lon="113.95257125594591">
        <ele>48.89681073091924</ele>
        <time>2026-09-10T12:33:23.900000Z</time>
        <extensions>
          <gpxtpx:TrackPointExtension>
            <gpxtpx:hr>110</gpxtpx:hr>
          </gpxtpx:TrackPointExtension>
        </extensions>
      </trkpt>
      <trkpt lat="22.73418789203839" lon="113.95260896004802">
        <ele>48.866225306876004</ele>
        <time>2026-09-10T12:33:24.900000Z</time>
        <extensions>
          <gpxtpx:TrackPointExtension>
            <gpxtpx:hr>110</gpxtpx:hr>
          </gpxtpx:TrackPointExtension>
        </extensions>
      </trkpt>
      <trkpt lat="22.73418081027649" lon="113.952645923677">
        <ele>48.83297479338944</ele>
        <time>2026-09-10T12:33:25.900000Z</time>
        <extensions>
          <gpxtpx:TrackPointExtension>
            <gpxtpx:hr>110</gpxtpx:hr>
          </gpxtpx:TrackPointExtension>
        </extensions>
      </trkpt>
      <trkpt lat="22.73417499322848" lon="113.95268296120044">
        <ele>48.79751231987029</ele>
        <time>2026-09-10T12:33:26.900000Z</time>
        <extensions>
          <gpxtpx:TrackPointExtension>
            <gpxtpx:hr>110</gpxtpx:hr>
          </gpxtpx:TrackPointExtension>
        </extensions>
      </trkpt>
      <trkpt lat="22.73417015670335" lon="113.95272079198037">
        <ele>48.760472951456904</ele>
        <time>2026-09-10T12:33:27.900000Z</time>
        <extensions>
          <gpxtpx:TrackPointExtension>
            <gpxtpx:hr>110</gpxtpx:hr>
          </gpxtpx:TrackPointExtension>
        </extensions>
      </trkpt>
      <trkpt lat="22.734165406037246" lon="113.95275955683312">
        <ele>48.722724782302976</ele>
        <time>2026-09-10T12:33:28.900000Z</time>
        <extensions>
          <gpxtpx:TrackPointExtension>
            <gpxtpx:hr>109</gpxtpx:hr>
          </gpxtpx:TrackPointExtension>
        </extensions>
      </trkpt>
      <trkpt lat="22.734160085457418" lon="113.95279926849766">
        <ele>48.685293981805444</ele>
        <time>2026-09-10T12:33:29.900000Z</time>
        <extensions>
          <gpxtpx:TrackPointExtension>
            <gpxtpx:hr>109</gpxtpx:hr>
          </gpxtpx:TrackPointExtension>
        </extensions>
      </trkpt>
      <trkpt lat="22.734154367513803" lon="113.9528395067769">
        <ele>48.64919211901724</ele>
        <time>2026-09-10T12:33:30.900000Z</time>
        <extensions>
          <gpxtpx:TrackPointExtension>
            <gpxtpx:hr>109</gpxtpx:hr>
          </gpxtpx:TrackPointExtension>
        </extensions>
      </trkpt>
      <trkpt lat="22.73414903799861" lon="113.95287934365582">
        <ele>48.615107166580856</ele>
        <time>2026-09-10T12:33:31.900000Z</time>
        <extensions>
          <gpxtpx:TrackPointExtension>
            <gpxtpx:hr>110</gpxtpx:hr>
          </gpxtpx:TrackPointExtension>
        </extensions>
      </trkpt>
      <trkpt lat="22.7341445730575" lon="113.95291855892836">
        <ele>48.58301719464362</ele>
        <time>2026-09-10T12:33:32.900000Z</time>
        <extensions>
          <gpxtpx:TrackPointExtension>
            <gpxtpx:hr>110</gpxtpx:hr>
          </gpxtpx:TrackPointExtension>
        </extensions>
      </trkpt>
      <trkpt lat="22.734140779213728" lon="113.9529573996081">
        <ele>48.55197211448103</ele>
        <time>2026-09-10T12:33:33.900000Z</time>
        <extensions>
          <gpxtpx:TrackPointExtension>
            <gpxtpx:hr>110</gpxtpx:hr>
          </gpxtpx:TrackPointExtension>
        </extensions>
      </trkpt>
      <trkpt lat="22.73413749315994" lon="113.952995392603">
        <ele>48.52013280428946</ele>
        <time>2026-09-10T12:33:34.900000Z</time>
        <extensions>
          <gpxtpx:TrackPointExtension>
            <gpxtpx:hr>110</gpxtpx:hr>
          </gpxtpx:TrackPointExtension>
        </extensions>
      </trkpt>
      <trkpt lat="22.73413490858753" lon="113.95303225640423">
        <ele>48.48480560909957</ele>
        <time>2026-09-10T12:33:35.900000Z</time>
        <extensions>
          <gpxtpx:TrackPointExtension>
            <gpxtpx:hr>110</gpxtpx:hr>
          </gpxtpx:TrackPointExtension>
        </extensions>
      </trkpt>
      <trkpt lat="22.7341332061843" lon="113.95306899796127">
        <ele>48.442272822372615</ele>
        <time>2026-09-10T12:33:36.900000Z</time>
        <extensions>
          <gpxtpx:TrackPointExtension>
            <gpxtpx:hr>112</gpxtpx:hr>
          </gpxtpx:TrackPointExtension>
        </extensions>
      </trkpt>
      <trkpt lat="22.734132387312087" lon="113.95310582879107">
        <ele>48.387469947338104</ele>
        <time>2026-09-10T12:33:37.900000Z</time>
        <extensions>
          <gpxtpx:TrackPointExtension>
            <gpxtpx:hr>112</gpxtpx:hr>
          </gpxtpx:TrackPointExtension>
        </extensions>
      </trkpt>
      <trkpt lat="22.734132247618664" lon="113.95314215657736">
        <ele>48.31347343791276</ele>
        <time>2026-09-10T12:33:38.900000Z</time>
        <extensions>
          <gpxtpx:TrackPointExtension>
            <gpxtpx:hr>112</gpxtpx:hr>
          </gpxtpx:TrackPointExtension>
        </extensions>
      </trkpt>
      <trkpt lat="22.734132637493133" lon="113.95317590635901">
        <ele>48.22053988557309</ele>
        <time>2026-09-10T12:33:39.800000Z</time>
        <extensions>
          <gpxtpx:TrackPointExtension>
            <gpxtpx:hr>112</gpxtpx:hr>
          </gpxtpx:TrackPointExtension>
        </extensions>
      </trkpt>
      <trkpt lat="22.73413268117931" lon="113.95317820692416">
        <ele>48.2133296597749</ele>
        <time>2026-09-10T12:33:39.900000Z</time>
        <extensions>
          <gpxtpx:TrackPointExtension>
            <gpxtpx:hr>112</gpxtpx:hr>
          </gpxtpx:TrackPointExtension>
        </extensions>
      </trkpt>
      <trkpt lat="22.73413212242264" lon="113.95321593932859">
        <ele>48.1161978347227</ele>
        <time>2026-09-10T12:33:40.900000Z</time>
        <extensions>
          <gpxtpx:TrackPointExtension>
            <gpxtpx:hr>112</gpxtpx:hr>
          </gpxtpx:TrackPointExtension>
        </extensions>
      </trkpt>
      <trkpt lat="22.734129732021724" lon="113.95325593418893">
        <ele>48.04513143002987</ele>
        <time>2026-09-10T12:33:41.900000Z</time>
        <extensions>
          <gpxtpx:TrackPointExtension>
            <gpxtpx:hr>112</gpxtpx:hr>
          </gpxtpx:TrackPointExtension>
        </extensions>
      </trkpt>
      <trkpt lat="22.734126530335338" lon="113.9532962660057">
        <ele>47.99021652247757</ele>
        <time>2026-09-10T12:33:42.900000Z</time>
        <extensions>
          <gpxtpx:TrackPointExtension>
            <gpxtpx:hr>112</gpxtpx:hr>
          </gpxtpx:TrackPointExtension>
        </extensions>
      </trkpt>
      <trkpt lat="22.73412323809799" lon="113.95333532035822">
        <ele>47.94356098305434</ele>
        <time>2026-09-10T12:33:43.900000Z</time>
        <extensions>
          <gpxtpx:TrackPointExtension>
            <gpxtpx:hr>107</gpxtpx:hr>
          </gpxtpx:TrackPointExtension>
        </extensions>
      </trkpt>
      <trkpt lat="22.73412008762279" lon="113.95337273841984">
        <ele>47.89869351964444</ele>
        <time>2026-09-10T12:33:44.900000Z</time>
        <extensions>
          <gpxtpx:TrackPointExtension>
            <gpxtpx:hr>107</gpxtpx:hr>
          </gpxtpx:TrackPointExtension>
        </extensions>
      </trkpt>
      <trkpt lat="22.734116928189962" lon="113.95340918580132">
        <ele>47.850039357319474</ele>
        <time>2026-09-10T12:33:45.900000Z</time>
        <extensions>
          <gpxtpx:TrackPointExtension>
            <gpxtpx:hr>107</gpxtpx:hr>
          </gpxtpx:TrackPointExtension>
        </extensions>
      </trkpt>
      <trkpt lat="22.73411361690138" lon="113.95344439416">
        <ele>47.79249456059188</ele>
        <time>2026-09-10T12:33:46.900000Z</time>
        <extensions>
          <gpxtpx:TrackPointExtension>
            <gpxtpx:hr>107</gpxtpx:hr>
          </gpxtpx:TrackPointExtension>
        </extensions>
      </trkpt>
      <trkpt lat="22.734110481014422" lon="113.95347817707025">
        <ele>47.72118278965354</ele>
        <time>2026-09-10T12:33:47.900000Z</time>
        <extensions>
          <gpxtpx:TrackPointExtension>
            <gpxtpx:hr>107</gpxtpx:hr>
          </gpxtpx:TrackPointExtension>
        </extensions>
      </trkpt>
      <trkpt lat="22.734107944163576" lon="113.9535111381217">
        <ele>47.63138788565993</ele>
        <time>2026-09-10T12:33:48.900000Z</time>
        <extensions>
          <gpxtpx:TrackPointExtension>
            <gpxtpx:hr>107</gpxtpx:hr>
          </gpxtpx:TrackPointExtension>
        </extensions>
      </trkpt>
      <trkpt lat="22.73410533987336" lon="113.9535440775384">
        <ele>47.51868110522628</ele>
        <time>2026-09-10T12:33:49.900000Z</time>
        <extensions>
          <gpxtpx:TrackPointExtension>
            <gpxtpx:hr>109</gpxtpx:hr>
          </gpxtpx:TrackPointExtension>
        </extensions>
      </trkpt>
      <trkpt lat="22.73410215285747" lon="113.9535771608302">
        <ele>47.3794532045722</ele>
        <time>2026-09-10T12:33:50.900000Z</time>
        <extensions>
          <gpxtpx:TrackPointExtension>
            <gpxtpx:hr>109</gpxtpx:hr>
          </gpxtpx:TrackPointExtension>
        </extensions>
      </trkpt>
      <trkpt lat="22.734098060887394" lon="113.95361100766587">
        <ele>47.212125251069665</ele>
        <time>2026-09-10T12:33:51.900000Z</time>
        <extensions>
          <gpxtpx:TrackPointExtension>
            <gpxtpx:hr>109</gpxtpx:hr>
          </gpxtpx:TrackPointExtension>
        </extensions>
      </trkpt>
      <trkpt lat="22.73409229296794" lon="113.95364551932198">
        <ele>47.01922419294715</ele>
        <time>2026-09-10T12:33:52.900000Z</time>
        <extensions>
          <gpxtpx:TrackPointExtension>
            <gpxtpx:hr>109</gpxtpx:hr>
          </gpxtpx:TrackPointExtension>
        </extensions>
      </trkpt>
      <trkpt lat="22.734083992976952" lon="113.95367991064671">
        <ele>46.81047434732318</ele>
        <time>2026-09-10T12:33:53.900000Z</time>
        <extensions>
          <gpxtpx:TrackPointExtension>
            <gpxtpx:hr>109</gpxtpx:hr>
          </gpxtpx:TrackPointExtension>
        </extensions>
      </trkpt>
      <trkpt lat="22.73407181381288" lon="113.95371402550228">
        <ele>46.60706919617951</ele>
        <time>2026-09-10T12:33:54.900000Z</time>
        <extensions>
          <gpxtpx:TrackPointExtension>
            <gpxtpx:hr>109</gpxtpx:hr>
          </gpxtpx:TrackPointExtension>
        </extensions>
      </trkpt>
      <trkpt lat="22.734053585432317" lon="113.95374779343462">
        <ele>46.44287941977382</ele>
        <time>2026-09-10T12:33:55.900000Z</time>
        <extensions>
          <gpxtpx:TrackPointExtension>
            <gpxtpx:hr>104</gpxtpx:hr>
          </gpxtpx:TrackPointExtension>
        </extensions>
      </trkpt>
      <trkpt lat="22.733687873166172" lon="113.95394479763624">
        <ele>46.76908006053418</ele>
        <time>2026-09-10T12:34:03.800000Z</time>
        <extensions>
          <gpxtpx:TrackPointExtension>
            <gpxtpx:hr>94</gpxtpx:hr>
          </gpxtpx:TrackPointExtension>
        </extensions>
      </trkpt>
      <trkpt lat="22.733535017661378" lon="113.95398159057368">
        <ele>46.830940323881805</ele>
        <time>2026-09-10T12:34:06.800000Z</time>
        <extensions>
          <gpxtpx:TrackPointExtension>
            <gpxtpx:hr>94</gpxtpx:hr>
          </gpxtpx:TrackPointExtension>
        </extensions>
      </trkpt>
      <trkpt lat="22.733500921618788" lon="113.95399118550091">
        <ele>46.63825422897935</ele>
        <time>2026-09-10T12:34:07.800000Z</time>
        <extensions>
          <gpxtpx:TrackPointExtension>
            <gpxtpx:hr>94</gpxtpx:hr>
          </gpxtpx:TrackPointExtension>
        </extensions>
      </trkpt>
      <trkpt lat="22.733461729776746" lon="113.95400219780905">
        <ele>46.42470453772694</ele>
        <time>2026-09-10T12:34:08.800000Z</time>
        <extensions>
          <gpxtpx:TrackPointExtension>
            <gpxtpx:hr>94</gpxtpx:hr>
          </gpxtpx:TrackPointExtension>
        </extensions>
      </trkpt>
      <trkpt lat="22.733413750248275" lon="113.95401409567735">
        <ele>46.18836465198547</ele>
        <time>2026-09-10T12:34:09.900000Z</time>
        <extensions>
          <gpxtpx:TrackPointExtension>
            <gpxtpx:hr>94</gpxtpx:hr>
          </gpxtpx:TrackPointExtension>
        </extensions>
      </trkpt>
      <trkpt lat="22.733367840148123" lon="113.95402366887167">
        <ele>45.979089211672544</ele>
        <time>2026-09-10T12:34:10.900000Z</time>
        <extensions>
          <gpxtpx:TrackPointExtension>
            <gpxtpx:hr>92</gpxtpx:hr>
          </gpxtpx:TrackPointExtension>
        </extensions>
      </trkpt>
      <trkpt lat="22.733323025147428" lon="113.95403145957538">
        <ele>45.778558533638716</ele>
        <time>2026-09-10T12:34:11.900000Z</time>
        <extensions>
          <gpxtpx:TrackPointExtension>
            <gpxtpx:hr>92</gpxtpx:hr>
          </gpxtpx:TrackPointExtension>
        </extensions>
      </trkpt>
      <trkpt lat="22.73328332637052" lon="113.95403640590989">
        <ele>45.586544597521424</ele>
        <time>2026-09-10T12:34:12.900000Z</time>
        <extensions>
          <gpxtpx:TrackPointExtension>
            <gpxtpx:hr>92</gpxtpx:hr>
          </gpxtpx:TrackPointExtension>
        </extensions>
      </trkpt>
      <trkpt lat="22.733248472956475" lon="113.95403859007104">
        <ele>45.39980878122151</ele>
        <time>2026-09-10T12:34:13.900000Z</time>
        <extensions>
          <gpxtpx:TrackPointExtension>
            <gpxtpx:hr>92</gpxtpx:hr>
          </gpxtpx:TrackPointExtension>
        </extensions>
      </trkpt>
      <trkpt lat="22.733215079736848" lon="113.95403868815848">
        <ele>45.21300826314837</ele>
        <time>2026-09-10T12:34:14.900000Z</time>
        <extensions>
          <gpxtpx:TrackPointExtension>
            <gpxtpx:hr>92</gpxtpx:hr>
          </gpxtpx:TrackPointExtension>
        </extensions>
      </trkpt>
      <trkpt lat="22.733182340504307" lon="113.95403872152781">
        <ele>45.01908617094159</ele>
        <time>2026-09-10T12:34:15.900000Z</time>
        <extensions>
          <gpxtpx:TrackPointExtension>
            <gpxtpx:hr>92</gpxtpx:hr>
          </gpxtpx:TrackPointExtension>
        </extensions>
      </trkpt>
      <trkpt lat="22.733149434664586" lon="113.95404107017147">
        <ele>44.80931389518082</ele>
        <time>2026-09-10T12:34:16.900000Z</time>
        <extensions>
          <gpxtpx:TrackPointExtension>
            <gpxtpx:hr>92</gpxtpx:hr>
          </gpxtpx:TrackPointExtension>
        </extensions>
      </trkpt>
      <trkpt lat="22.733149427163184" lon="113.95404107093636">
        <ele>44.80926465522498</ele>
        <time>2026-09-10T12:34:16.900000Z</time>
        <extensions>
          <gpxtpx:TrackPointExtension>
            <gpxtpx:hr>92</gpxtpx:hr>
          </gpxtpx:TrackPointExtension>
        </extensions>
      </trkpt>
      <trkpt lat="22.733116837478114" lon="113.95404590147008">
        <ele>44.60814061947167</ele>
        <time>2026-09-10T12:34:17.900000Z</time>
        <extensions>
          <gpxtpx:TrackPointExtension>
            <gpxtpx:hr>87</gpxtpx:hr>
          </gpxtpx:TrackPointExtension>
        </extensions>
      </trkpt>
      <trkpt lat="22.73308532242578" lon="113.95405304119951">
        <ele>44.44113080203533</ele>
        <time>2026-09-10T12:34:18.900000Z</time>
        <extensions>
          <gpxtpx:TrackPointExtension>
            <gpxtpx:hr>87</gpxtpx:hr>
          </gpxtpx:TrackPointExtension>
        </extensions>
      </trkpt>
      <trkpt lat="22.733056447012835" lon="113.95406212936902">
        <ele>44.302136193960905</ele>
        <time>2026-09-10T12:34:19.900000Z</time>
        <extensions>
          <gpxtpx:TrackPointExtension>
            <gpxtpx:hr>87</gpxtpx:hr>
          </gpxtpx:TrackPointExtension>
        </extensions>
      </trkpt>
      <trkpt lat="22.73303136291329" lon="113.95407255357985">
        <ele>44.18764144089073</ele>
        <time>2026-09-10T12:34:20.900000Z</time>
        <extensions>
          <gpxtpx:TrackPointExtension>
            <gpxtpx:hr>87</gpxtpx:hr>
          </gpxtpx:TrackPointExtension>
        </extensions>
      </trkpt>
      <trkpt lat="22.733008888298517" lon="113.95408533370536">
        <ele>44.095585375092924</ele>
        <time>2026-09-10T12:34:21.900000Z</time>
        <extensions>
          <gpxtpx:TrackPointExtension>
            <gpxtpx:hr>87</gpxtpx:hr>
          </gpxtpx:TrackPointExtension>
        </extensions>
      </trkpt>
      <trkpt lat="22.73298787165416" lon="113.95410050104643">
        <ele>44.02422896400094</ele>
        <time>2026-09-10T12:34:22.900000Z</time>
        <extensions>
          <gpxtpx:TrackPointExtension>
            <gpxtpx:hr>87</gpxtpx:hr>
          </gpxtpx:TrackPointExtension>
        </extensions>
      </trkpt>
      <trkpt lat="22.732968164778033" lon="113.95411458130633">
        <ele>43.97108260914683</ele>
        <time>2026-09-10T12:34:23.900000Z</time>
        <extensions>
          <gpxtpx:TrackPointExtension>
            <gpxtpx:hr>87</gpxtpx:hr>
          </gpxtpx:TrackPointExtension>
        </extensions>
      </trkpt>
      <trkpt lat="22.73294771503075" lon="113.95412651165421">
        <ele>43.932474724948406</ele>
        <time>2026-09-10T12:34:24.900000Z</time>
        <extensions>
          <gpxtpx:TrackPointExtension>
            <gpxtpx:hr>87</gpxtpx:hr>
          </gpxtpx:TrackPointExtension>
        </extensions>
      </trkpt>
      <trkpt lat="22.73292473596689" lon="113.9541363527841">
        <ele>43.90403352957219</ele>
        <time>2026-09-10T12:34:25.900000Z</time>
        <extensions>
          <gpxtpx:TrackPointExtension>
            <gpxtpx:hr>87</gpxtpx:hr>
          </gpxtpx:TrackPointExtension>
        </extensions>
      </trkpt>
      <trkpt lat="22.732900017181088" lon="113.95414361528171">
        <ele>43.88137314841151</ele>
        <time>2026-09-10T12:34:26.900000Z</time>
        <extensions>
          <gpxtpx:TrackPointExtension>
            <gpxtpx:hr>89</gpxtpx:hr>
          </gpxtpx:TrackPointExtension>
        </extensions>
      </trkpt>
      <trkpt lat="22.732875522998008" lon="113.95414997072541">
        <ele>43.86060218792409</ele>
        <time>2026-09-10T12:34:27.900000Z</time>
        <extensions>
          <gpxtpx:TrackPointExtension>
            <gpxtpx:hr>89</gpxtpx:hr>
          </gpxtpx:TrackPointExtension>
        </extensions>
      </trkpt>
      <trkpt lat="22.732850101989808" lon="113.95415753934311">
        <ele>43.838723690249026</ele>
        <time>2026-09-10T12:34:28.900000Z</time>
        <extensions>
          <gpxtpx:TrackPointExtension>
            <gpxtpx:hr>89</gpxtpx:hr>
          </gpxtpx:TrackPointExtension>
        </extensions>
      </trkpt>
      <trkpt lat="22.732821340429176" lon="113.95416694954584">
        <ele>43.81379121448845</ele>
        <time>2026-09-10T12:34:29.900000Z</time>
        <extensions>
          <gpxtpx:TrackPointExtension>
            <gpxtpx:hr>89</gpxtpx:hr>
          </gpxtpx:TrackPointExtension>
        </extensions>
      </trkpt>
      <trkpt lat="22.732790227586193" lon="113.95417788159148">
        <ele>43.78477795608342</ele>
        <time>2026-09-10T12:34:30.900000Z</time>
        <extensions>
          <gpxtpx:TrackPointExtension>
            <gpxtpx:hr>89</gpxtpx:hr>
          </gpxtpx:TrackPointExtension>
        </extensions>
      </trkpt>
      <trkpt lat="22.73275818016649" lon="113.95419020430548">
        <ele>43.75136348325759</ele>
        <time>2026-09-10T12:34:31.900000Z</time>
        <extensions>
          <gpxtpx:TrackPointExtension>
            <gpxtpx:hr>89</gpxtpx:hr>
          </gpxtpx:TrackPointExtension>
        </extensions>
      </trkpt>
      <trkpt lat="22.732724671660595" lon="113.95420362246067">
        <ele>43.71373451501131</ele>
        <time>2026-09-10T12:34:32.900000Z</time>
        <extensions>
          <gpxtpx:TrackPointExtension>
            <gpxtpx:hr>89</gpxtpx:hr>
          </gpxtpx:TrackPointExtension>
        </extensions>
      </trkpt>
      <trkpt lat="22.73268950172571" lon="113.95421742145896">
        <ele>43.67241675592959</ele>
        <time>2026-09-10T12:34:33.900000Z</time>
        <extensions>
          <gpxtpx:TrackPointExtension>
            <gpxtpx:hr>87</gpxtpx:hr>
          </gpxtpx:TrackPointExtension>
        </extensions>
      </trkpt>
      <trkpt lat="22.732654048844825" lon="113.95423071691235">
        <ele>43.62817154172808</ele>
        <time>2026-09-10T12:34:34.900000Z</time>
        <extensions>
          <gpxtpx:TrackPointExtension>
            <gpxtpx:hr>87</gpxtpx:hr>
          </gpxtpx:TrackPointExtension>
        </extensions>
      </trkpt>
      <trkpt lat="22.73261810008346" lon="113.95424315648172">
        <ele>43.58194032590836</ele>
        <time>2026-09-10T12:34:35.900000Z</time>
        <extensions>
          <gpxtpx:TrackPointExtension>
            <gpxtpx:hr>87</gpxtpx:hr>
          </gpxtpx:TrackPointExtension>
        </extensions>
      </trkpt>
      <trkpt lat="22.73258190580518" lon="113.95425555650357">
        <ele>43.53479610104114</ele>
        <time>2026-09-10T12:34:36.900000Z</time>
        <extensions>
          <gpxtpx:TrackPointExtension>
            <gpxtpx:hr>87</gpxtpx:hr>
          </gpxtpx:TrackPointExtension>
        </extensions>
      </trkpt>
      <trkpt lat="22.73254605630749" lon="113.95426795030492">
        <ele>43.48781986627728</ele>
        <time>2026-09-10T12:34:37.900000Z</time>
        <extensions>
          <gpxtpx:TrackPointExtension>
            <gpxtpx:hr>88</gpxtpx:hr>
          </gpxtpx:TrackPointExtension>
        </extensions>
      </trkpt>
      <trkpt lat="22.732510383421456" lon="113.95427963507228">
        <ele>43.441892004571855</ele>
        <time>2026-09-10T12:34:38.900000Z</time>
        <extensions>
          <gpxtpx:TrackPointExtension>
            <gpxtpx:hr>88</gpxtpx:hr>
          </gpxtpx:TrackPointExtension>
        </extensions>
      </trkpt>
      <trkpt lat="22.73247461415574" lon="113.95429078713484">
        <ele>43.39756618347019</ele>
        <time>2026-09-10T12:34:39.900000Z</time>
        <extensions>
          <gpxtpx:TrackPointExtension>
            <gpxtpx:hr>88</gpxtpx:hr>
          </gpxtpx:TrackPointExtension>
        </extensions>
      </trkpt>
      <trkpt lat="22.732438738025035" lon="113.9543009817932">
        <ele>43.35514151118696</ele>
        <time>2026-09-10T12:34:40.900000Z</time>
        <extensions>
          <gpxtpx:TrackPointExtension>
            <gpxtpx:hr>88</gpxtpx:hr>
          </gpxtpx:TrackPointExtension>
        </extensions>
      </trkpt>
      <trkpt lat="22.732403182859667" lon="113.9543096563198">
        <ele>43.31479823496193</ele>
        <time>2026-09-10T12:34:41.900000Z</time>
        <extensions>
          <gpxtpx:TrackPointExtension>
            <gpxtpx:hr>88</gpxtpx:hr>
          </gpxtpx:TrackPointExtension>
        </extensions>
      </trkpt>
      <trkpt lat="22.732368056629046" lon="113.9543171507118">
        <ele>43.27668082714081</ele>
        <time>2026-09-10T12:34:42.900000Z</time>
        <extensions>
          <gpxtpx:TrackPointExtension>
            <gpxtpx:hr>85</gpxtpx:hr>
          </gpxtpx:TrackPointExtension>
        </extensions>
      </trkpt>
      <trkpt lat="22.732333561326794" lon="113.95432352317862">
        <ele>43.240931525826454</ele>
        <time>2026-09-10T12:34:43.900000Z</time>
        <extensions>
          <gpxtpx:TrackPointExtension>
            <gpxtpx:hr>85</gpxtpx:hr>
          </gpxtpx:TrackPointExtension>
        </extensions>
      </trkpt>
      <trkpt lat="22.732299651641945" lon="113.95432839617692">
        <ele>43.20767341181636</ele>
        <time>2026-09-10T12:34:44.900000Z</time>
        <extensions>
          <gpxtpx:TrackPointExtension>
            <gpxtpx:hr>85</gpxtpx:hr>
          </gpxtpx:TrackPointExtension>
        </extensions>
      </trkpt>
      <trkpt lat="22.7322668106945" lon="113.9543305466733">
        <ele>43.17693817988038</ele>
        <time>2026-09-10T12:34:45.900000Z</time>
        <extensions>
          <gpxtpx:TrackPointExtension>
            <gpxtpx:hr>85</gpxtpx:hr>
          </gpxtpx:TrackPointExtension>
        </extensions>
      </trkpt>
      <trkpt lat="22.73223480277145" lon="113.95432870320398">
        <ele>43.148575752042234</ele>
        <time>2026-09-10T12:34:46.900000Z</time>
        <extensions>
          <gpxtpx:TrackPointExtension>
            <gpxtpx:hr>85</gpxtpx:hr>
          </gpxtpx:TrackPointExtension>
        </extensions>
      </trkpt>
      <trkpt lat="22.732203359097813" lon="113.95432208949536">
        <ele>43.12224866077304</ele>
        <time>2026-09-10T12:34:47.900000Z</time>
        <extensions>
          <gpxtpx:TrackPointExtension>
            <gpxtpx:hr>85</gpxtpx:hr>
          </gpxtpx:TrackPointExtension>
        </extensions>
      </trkpt>
      <trkpt lat="22.73217352651038" lon="113.9543109511927">
        <ele>43.09753221273422</ele>
        <time>2026-09-10T12:34:48.900000Z</time>
        <extensions>
          <gpxtpx:TrackPointExtension>
            <gpxtpx:hr>85</gpxtpx:hr>
          </gpxtpx:TrackPointExtension>
        </extensions>
      </trkpt>
      <trkpt lat="22.732146038809358" lon="113.95429546531544">
        <ele>43.07402760069817</ele>
        <time>2026-09-10T12:34:49.900000Z</time>
        <extensions>
          <gpxtpx:TrackPointExtension>
            <gpxtpx:hr>85</gpxtpx:hr>
          </gpxtpx:TrackPointExtension>
        </extensions>
      </trkpt>
      <trkpt lat="22.732122409296384" lon="113.95427489136938">
        <ele>43.05144068785012</ele>
        <time>2026-09-10T12:34:50.900000Z</time>
        <extensions>
          <gpxtpx:TrackPointExtension>
            <gpxtpx:hr>85</gpxtpx:hr>
          </gpxtpx:TrackPointExtension>
        </extensions>
      </trkpt>
      <trkpt lat="22.73210462143294" lon="113.95424934399767">
        <ele>43.02962962910533</ele>
        <time>2026-09-10T12:34:51.900000Z</time>
        <extensions>
          <gpxtpx:TrackPointExtension>
            <gpxtpx:hr>85</gpxtpx:hr>
          </gpxtpx:TrackPointExtension>
        </extensions>
      </trkpt>
      <trkpt lat="22.732092353330618" lon="113.95421958022841">
        <ele>43.00859054643661</ele>
        <time>2026-09-10T12:34:52.900000Z</time>
        <extensions>
          <gpxtpx:TrackPointExtension>
            <gpxtpx:hr>85</gpxtpx:hr>
          </gpxtpx:TrackPointExtension>
        </extensions>
      </trkpt>
      <trkpt lat="22.73208292288943" lon="113.95418723266658">
        <ele>42.988369018770754</ele>
        <time>2026-09-10T12:34:53.900000Z</time>
        <extensions>
          <gpxtpx:TrackPointExtension>
            <gpxtpx:hr>89</gpxtpx:hr>
          </gpxtpx:TrackPointExtension>
        </extensions>
      </trkpt>
      <trkpt lat="22.732074305456774" lon="113.95415312843389">
        <ele>42.96894378867</ele>
        <time>2026-09-10T12:34:54.900000Z</time>
        <extensions>
          <gpxtpx:TrackPointExtension>
            <gpxtpx:hr>89</gpxtpx:hr>
          </gpxtpx:TrackPointExtension>
        </extensions>
      </trkpt>
      <trkpt lat="22.732065248158587" lon="113.95411725120144">
        <ele>42.95011787954718</ele>
        <time>2026-09-10T12:34:55.900000Z</time>
        <extensions>
          <gpxtpx:TrackPointExtension>
            <gpxtpx:hr>89</gpxtpx:hr>
          </gpxtpx:TrackPointExtension>
        </extensions>
      </trkpt>
      <trkpt lat="22.73205575689541" lon="113.95408074621831">
        <ele>42.93141903541982</ele>
        <time>2026-09-10T12:34:56.900000Z</time>
        <extensions>
          <gpxtpx:TrackPointExtension>
            <gpxtpx:hr>89</gpxtpx:hr>
          </gpxtpx:TrackPointExtension>
        </extensions>
      </trkpt>
      <trkpt lat="22.73204650592708" lon="113.95404418266169">
        <ele>42.912082069553435</ele>
        <time>2026-09-10T12:34:57.900000Z</time>
        <extensions>
          <gpxtpx:TrackPointExtension>
            <gpxtpx:hr>90</gpxtpx:hr>
          </gpxtpx:TrackPointExtension>
        </extensions>
      </trkpt>
      <trkpt lat="22.732037263419684" lon="113.95400665290207">
        <ele>42.891169547103345</ele>
        <time>2026-09-10T12:34:58.900000Z</time>
        <extensions>
          <gpxtpx:TrackPointExtension>
            <gpxtpx:hr>90</gpxtpx:hr>
          </gpxtpx:TrackPointExtension>
        </extensions>
      </trkpt>
      <trkpt lat="22.732027411755155" lon="113.95396773531037">
        <ele>42.86772879306227</ele>
        <time>2026-09-10T12:34:59.900000Z</time>
        <extensions>
          <gpxtpx:TrackPointExtension>
            <gpxtpx:hr>90</gpxtpx:hr>
          </gpxtpx:TrackPointExtension>
        </extensions>
      </trkpt>
      <trkpt lat="22.732016400936267" lon="113.95392804127569">
        <ele>42.840894780121744</ele>
        <time>2026-09-10T12:35:00.900000Z</time>
        <extensions>
          <gpxtpx:TrackPointExtension>
            <gpxtpx:hr>90</gpxtpx:hr>
          </gpxtpx:TrackPointExtension>
        </extensions>
      </trkpt>
      <trkpt lat="22.732004316741175" lon="113.95388840574984">
        <ele>42.80997409205884</ele>
        <time>2026-09-10T12:35:01.900000Z</time>
        <extensions>
          <gpxtpx:TrackPointExtension>
            <gpxtpx:hr>90</gpxtpx:hr>
          </gpxtpx:TrackPointExtension>
        </extensions>
      </trkpt>
      <trkpt lat="22.731991935966423" lon="113.95384944092397">
        <ele>42.77448442298919</ele>
        <time>2026-09-10T12:35:02.900000Z</time>
        <extensions>
          <gpxtpx:TrackPointExtension>
            <gpxtpx:hr>97</gpxtpx:hr>
          </gpxtpx:TrackPointExtension>
        </extensions>
      </trkpt>
      <trkpt lat="22.73197973469592" lon="113.95381127977441">
        <ele>42.73410711996257</ele>
        <time>2026-09-10T12:35:03.900000Z</time>
        <extensions>
          <gpxtpx:TrackPointExtension>
            <gpxtpx:hr>97</gpxtpx:hr>
          </gpxtpx:TrackPointExtension>
        </extensions>
      </trkpt>
      <trkpt lat="22.731967748238052" lon="113.95377371472878">
        <ele>42.68864106852561</ele>
        <time>2026-09-10T12:35:04.900000Z</time>
        <extensions>
          <gpxtpx:TrackPointExtension>
            <gpxtpx:hr>97</gpxtpx:hr>
          </gpxtpx:TrackPointExtension>
        </extensions>
      </trkpt>
      <trkpt lat="22.73195599280025" lon="113.95373623273194">
        <ele>42.638010994531214</ele>
        <time>2026-09-10T12:35:05.900000Z</time>
        <extensions>
          <gpxtpx:TrackPointExtension>
            <gpxtpx:hr>97</gpxtpx:hr>
          </gpxtpx:TrackPointExtension>
        </extensions>
      </trkpt>
      <trkpt lat="22.731943813499438" lon="113.95369797097531">
        <ele>42.582339042797685</ele>
        <time>2026-09-10T12:35:06.900000Z</time>
        <extensions>
          <gpxtpx:TrackPointExtension>
            <gpxtpx:hr>97</gpxtpx:hr>
          </gpxtpx:TrackPointExtension>
        </extensions>
      </trkpt>
      <trkpt lat="22.731930323086594" lon="113.95365885632812">
        <ele>42.52206060755998</ele>
        <time>2026-09-10T12:35:07.900000Z</time>
        <extensions>
          <gpxtpx:TrackPointExtension>
            <gpxtpx:hr>97</gpxtpx:hr>
          </gpxtpx:TrackPointExtension>
        </extensions>
      </trkpt>
      <trkpt lat="22.731915574262327" lon="113.95361926248023">
        <ele>42.45804557856172</ele>
        <time>2026-09-10T12:35:08.900000Z</time>
        <extensions>
          <gpxtpx:TrackPointExtension>
            <gpxtpx:hr>91</gpxtpx:hr>
          </gpxtpx:TrackPointExtension>
        </extensions>
      </trkpt>
      <trkpt lat="22.731900204170568" lon="113.95357934972184">
        <ele>42.39168581273407</ele>
        <time>2026-09-10T12:35:09.900000Z</time>
        <extensions>
          <gpxtpx:TrackPointExtension>
            <gpxtpx:hr>91</gpxtpx:hr>
          </gpxtpx:TrackPointExtension>
        </extensions>
      </trkpt>
      <trkpt lat="22.73188478095816" lon="113.95353935251845">
        <ele>42.32477793190628</ele>
        <time>2026-09-10T12:35:10.900000Z</time>
        <extensions>
          <gpxtpx:TrackPointExtension>
            <gpxtpx:hr>91</gpxtpx:hr>
          </gpxtpx:TrackPointExtension>
        </extensions>
      </trkpt>
      <trkpt lat="22.731869793033418" lon="113.95349946903615">
        <ele>42.259156392887235</ele>
        <time>2026-09-10T12:35:11.900000Z</time>
        <extensions>
          <gpxtpx:TrackPointExtension>
            <gpxtpx:hr>91</gpxtpx:hr>
          </gpxtpx:TrackPointExtension>
        </extensions>
      </trkpt>
      <trkpt lat="22.731855554952077" lon="113.95345992721526">
        <ele>42.19635402876884</ele>
        <time>2026-09-10T12:35:12.900000Z</time>
        <extensions>
          <gpxtpx:TrackPointExtension>
            <gpxtpx:hr>90</gpxtpx:hr>
          </gpxtpx:TrackPointExtension>
        </extensions>
      </trkpt>
      <trkpt lat="22.731842234718012" lon="113.95342077599075">
        <ele>42.13747233059257</ele>
        <time>2026-09-10T12:35:13.900000Z</time>
        <extensions>
          <gpxtpx:TrackPointExtension>
            <gpxtpx:hr>90</gpxtpx:hr>
          </gpxtpx:TrackPointExtension>
        </extensions>
      </trkpt>
      <trkpt lat="22.731829887300833" lon="113.95338173275215">
        <ele>42.083152721636</ele>
        <time>2026-09-10T12:35:14.900000Z</time>
        <extensions>
          <gpxtpx:TrackPointExtension>
            <gpxtpx:hr>90</gpxtpx:hr>
          </gpxtpx:TrackPointExtension>
        </extensions>
      </trkpt>
      <trkpt lat="22.73181829243813" lon="113.95334303380682">
        <ele>42.03364064916968</ele>
        <time>2026-09-10T12:35:15.900000Z</time>
        <extensions>
          <gpxtpx:TrackPointExtension>
            <gpxtpx:hr>90</gpxtpx:hr>
          </gpxtpx:TrackPointExtension>
        </extensions>
      </trkpt>
      <trkpt lat="22.731807178213415" lon="113.95330566258093">
        <ele>41.98895655479282</ele>
        <time>2026-09-10T12:35:16.900000Z</time>
        <extensions>
          <gpxtpx:TrackPointExtension>
            <gpxtpx:hr>90</gpxtpx:hr>
          </gpxtpx:TrackPointExtension>
        </extensions>
      </trkpt>
      <trkpt lat="22.731796076078332" lon="113.95326992422027">
        <ele>41.949017168954015</ele>
        <time>2026-09-10T12:35:17.900000Z</time>
        <extensions>
          <gpxtpx:TrackPointExtension>
            <gpxtpx:hr>90</gpxtpx:hr>
          </gpxtpx:TrackPointExtension>
        </extensions>
      </trkpt>
      <trkpt lat="22.731785027213018" lon="113.95323553436965">
        <ele>41.9136049086228</ele>
        <time>2026-09-10T12:35:18.900000Z</time>
        <extensions>
          <gpxtpx:TrackPointExtension>
            <gpxtpx:hr>90</gpxtpx:hr>
          </gpxtpx:TrackPointExtension>
        </extensions>
      </trkpt>
      <trkpt lat="22.73177445653102" lon="113.95320187093506">
        <ele>41.88224655203521</ele>
        <time>2026-09-10T12:35:19.900000Z</time>
        <extensions>
          <gpxtpx:TrackPointExtension>
            <gpxtpx:hr>90</gpxtpx:hr>
          </gpxtpx:TrackPointExtension>
        </extensions>
      </trkpt>
      <trkpt lat="22.731764089611605" lon="113.9531684813574">
        <ele>41.85416095890105</ele>
        <time>2026-09-10T12:35:20.900000Z</time>
        <extensions>
          <gpxtpx:TrackPointExtension>
            <gpxtpx:hr>90</gpxtpx:hr>
          </gpxtpx:TrackPointExtension>
        </extensions>
      </trkpt>
      <trkpt lat="22.731753712398497" lon="113.95313555725576">
        <ele>41.82834920100868</ele>
        <time>2026-09-10T12:35:21.900000Z</time>
        <extensions>
          <gpxtpx:TrackPointExtension>
            <gpxtpx:hr>90</gpxtpx:hr>
          </gpxtpx:TrackPointExtension>
        </extensions>
      </trkpt>
      <trkpt lat="22.731743081386956" lon="113.95310315323958">
        <ele>41.803731619380414</ele>
        <time>2026-09-10T12:35:22.900000Z</time>
        <extensions>
          <gpxtpx:TrackPointExtension>
            <gpxtpx:hr>90</gpxtpx:hr>
          </gpxtpx:TrackPointExtension>
        </extensions>
      </trkpt>
      <trkpt lat="22.731731933414828" lon="113.95307069008491">
        <ele>41.779293831437826</ele>
        <time>2026-09-10T12:35:23.900000Z</time>
        <extensions>
          <gpxtpx:TrackPointExtension>
            <gpxtpx:hr>87</gpxtpx:hr>
          </gpxtpx:TrackPointExtension>
        </extensions>
      </trkpt>
      <trkpt lat="22.73172026215077" lon="113.95303809647669">
        <ele>41.754248534329236</ele>
        <time>2026-09-10T12:35:24.900000Z</time>
        <extensions>
          <gpxtpx:TrackPointExtension>
            <gpxtpx:hr>87</gpxtpx:hr>
          </gpxtpx:TrackPointExtension>
        </extensions>
      </trkpt>
      <trkpt lat="22.73170804008417" lon="113.95300532393519">
        <ele>41.72808506060392</ele>
        <time>2026-09-10T12:35:25.900000Z</time>
        <extensions>
          <gpxtpx:TrackPointExtension>
            <gpxtpx:hr>87</gpxtpx:hr>
          </gpxtpx:TrackPointExtension>
        </extensions>
      </trkpt>
      <trkpt lat="22.73169580061077" lon="113.95297253110105">
        <ele>41.70048025902361</ele>
        <time>2026-09-10T12:35:26.900000Z</time>
        <extensions>
          <gpxtpx:TrackPointExtension>
            <gpxtpx:hr>87</gpxtpx:hr>
          </gpxtpx:TrackPointExtension>
        </extensions>
      </trkpt>
      <trkpt lat="22.731684108210146" lon="113.9529406308577">
        <ele>41.67118321545422</ele>
        <time>2026-09-10T12:35:27.900000Z</time>
        <extensions>
          <gpxtpx:TrackPointExtension>
            <gpxtpx:hr>87</gpxtpx:hr>
          </gpxtpx:TrackPointExtension>
        </extensions>
      </trkpt>
      <trkpt lat="22.731673408908293" lon="113.952909933833">
        <ele>41.640012758783996</ele>
        <time>2026-09-10T12:35:28.900000Z</time>
        <extensions>
          <gpxtpx:TrackPointExtension>
            <gpxtpx:hr>88</gpxtpx:hr>
          </gpxtpx:TrackPointExtension>
        </extensions>
      </trkpt>
      <trkpt lat="22.731663982435702" lon="113.95288107476868">
        <ele>41.60693751741201</ele>
        <time>2026-09-10T12:35:29.900000Z</time>
        <extensions>
          <gpxtpx:TrackPointExtension>
            <gpxtpx:hr>88</gpxtpx:hr>
          </gpxtpx:TrackPointExtension>
        </extensions>
      </trkpt>
      <trkpt lat="22.731655578121163" lon="113.95285483888854">
        <ele>41.5721077863127</ele>
        <time>2026-09-10T12:35:30.900000Z</time>
        <extensions>
          <gpxtpx:TrackPointExtension>
            <gpxtpx:hr>88</gpxtpx:hr>
          </gpxtpx:TrackPointExtension>
        </extensions>
      </trkpt>
      <trkpt lat="22.73164779619173" lon="113.95283152568">
        <ele>41.535752303898335</ele>
        <time>2026-09-10T12:35:31.900000Z</time>
        <extensions>
          <gpxtpx:TrackPointExtension>
            <gpxtpx:hr>88</gpxtpx:hr>
          </gpxtpx:TrackPointExtension>
        </extensions>
      </trkpt>
      <trkpt lat="22.73164109636281" lon="113.95281031512529">
        <ele>41.4980598539114</ele>
        <time>2026-09-10T12:35:32.900000Z</time>
        <extensions>
          <gpxtpx:TrackPointExtension>
            <gpxtpx:hr>88</gpxtpx:hr>
          </gpxtpx:TrackPointExtension>
        </extensions>
      </trkpt>
      <trkpt lat="22.731637004664645" lon="113.9527899474732">
        <ele>41.459195364266634</ele>
        <time>2026-09-10T12:35:33.900000Z</time>
        <extensions>
          <gpxtpx:TrackPointExtension>
            <gpxtpx:hr>88</gpxtpx:hr>
          </gpxtpx:TrackPointExtension>
        </extensions>
      </trkpt>
      <trkpt lat="22.73163479127039" lon="113.95277054145994">
        <ele>41.41942580230534</ele>
        <time>2026-09-10T12:35:34.900000Z</time>
        <extensions>
          <gpxtpx:TrackPointExtension>
            <gpxtpx:hr>88</gpxtpx:hr>
          </gpxtpx:TrackPointExtension>
        </extensions>
      </trkpt>
      <trkpt lat="22.731632427028053" lon="113.95275388456737">
        <ele>41.37924609147012</ele>
        <time>2026-09-10T12:35:35.900000Z</time>
        <extensions>
          <gpxtpx:TrackPointExtension>
            <gpxtpx:hr>88</gpxtpx:hr>
          </gpxtpx:TrackPointExtension>
        </extensions>
      </trkpt>
      <trkpt lat="22.73162920498941" lon="113.95274195990476">
        <ele>41.33940471895039</ele>
        <time>2026-09-10T12:35:36.900000Z</time>
        <extensions>
          <gpxtpx:TrackPointExtension>
            <gpxtpx:hr>88</gpxtpx:hr>
          </gpxtpx:TrackPointExtension>
        </extensions>
      </trkpt>
      <trkpt lat="22.731625853358153" lon="113.9527352289867">
        <ele>41.300869579426944</ele>
        <time>2026-09-10T12:35:37.900000Z</time>
        <extensions>
          <gpxtpx:TrackPointExtension>
            <gpxtpx:hr>88</gpxtpx:hr>
          </gpxtpx:TrackPointExtension>
        </extensions>
      </trkpt>
      <trkpt lat="22.731623773587774" lon="113.95273281785174">
        <ele>41.264741658233106</ele>
        <time>2026-09-10T12:35:38.900000Z</time>
        <extensions>
          <gpxtpx:TrackPointExtension>
            <gpxtpx:hr>88</gpxtpx:hr>
          </gpxtpx:TrackPointExtension>
        </extensions>
      </trkpt>
      <trkpt lat="22.731622877369738" lon="113.95273289076557">
        <ele>41.23209684807807</ele>
        <time>2026-09-10T12:35:39.900000Z</time>
        <extensions>
          <gpxtpx:TrackPointExtension>
            <gpxtpx:hr>88</gpxtpx:hr>
          </gpxtpx:TrackPointExtension>
        </extensions>
      </trkpt>
      <trkpt lat="22.731622351903674" lon="113.95273374957455">
        <ele>41.20376195013523</ele>
        <time>2026-09-10T12:35:40.900000Z</time>
        <extensions>
          <gpxtpx:TrackPointExtension>
            <gpxtpx:hr>87</gpxtpx:hr>
          </gpxtpx:TrackPointExtension>
        </extensions>
      </trkpt>
      <trkpt lat="22.73162205102806" lon="113.95273485031272">
        <ele>41.17990103550255</ele>
        <time>2026-09-10T12:35:41.900000Z</time>
        <extensions>
          <gpxtpx:TrackPointExtension>
            <gpxtpx:hr>87</gpxtpx:hr>
          </gpxtpx:TrackPointExtension>
        </extensions>
      </trkpt>
      <trkpt lat="22.731622031072483" lon="113.95273607102445">
        <ele>41.16028488334268</ele>
        <time>2026-09-10T12:35:42.900000Z</time>
        <extensions>
          <gpxtpx:TrackPointExtension>
            <gpxtpx:hr>87</gpxtpx:hr>
          </gpxtpx:TrackPointExtension>
        </extensions>
      </trkpt>
      <trkpt lat="22.731622160820567" lon="113.9527372412729">
        <ele>41.14443935640156</ele>
        <time>2026-09-10T12:35:43.900000Z</time>
        <extensions>
          <gpxtpx:TrackPointExtension>
            <gpxtpx:hr>87</gpxtpx:hr>
          </gpxtpx:TrackPointExtension>
        </extensions>
      </trkpt>
      <trkpt lat="22.73162237104661" lon="113.95273830457243">
        <ele>41.13195035234094</ele>
        <time>2026-09-10T12:35:44.900000Z</time>
        <extensions>
          <gpxtpx:TrackPointExtension>
            <gpxtpx:hr>87</gpxtpx:hr>
          </gpxtpx:TrackPointExtension>
        </extensions>
      </trkpt>
      <trkpt lat="22.73162259107906" lon="113.95273921598061">
        <ele>41.12248078174889</ele>
        <time>2026-09-10T12:35:45.900000Z</time>
        <extensions>
          <gpxtpx:TrackPointExtension>
            <gpxtpx:hr>87</gpxtpx:hr>
          </gpxtpx:TrackPointExtension>
        </extensions>
      </trkpt>
      <trkpt lat="22.731622790756077" lon="113.95273996987652">
        <ele>41.115778889507055</ele>
        <time>2026-09-10T12:35:46.900000Z</time>
        <extensions>
          <gpxtpx:TrackPointExtension>
            <gpxtpx:hr>96</gpxtpx:hr>
          </gpxtpx:TrackPointExtension>
        </extensions>
      </trkpt>
      <trkpt lat="22.731622958191807" lon="113.9527405736645">
        <ele>41.111668850295246</ele>
        <time>2026-09-10T12:35:47.900000Z</time>
        <extensions>
          <gpxtpx:TrackPointExtension>
            <gpxtpx:hr>96</gpxtpx:hr>
          </gpxtpx:TrackPointExtension>
        </extensions>
      </trkpt>
      <trkpt lat="22.731623090560714" lon="113.95274104142028">
        <ele>41.1100411824882</ele>
        <time>2026-09-10T12:35:48.900000Z</time>
        <extensions>
          <gpxtpx:TrackPointExtension>
            <gpxtpx:hr>96</gpxtpx:hr>
          </gpxtpx:TrackPointExtension>
        </extensions>
      </trkpt>
      <trkpt lat="22.731623188707548" lon="113.95274138771185">
        <ele>41.11084462329745</ele>
        <time>2026-09-10T12:35:49.900000Z</time>
        <extensions>
          <gpxtpx:TrackPointExtension>
            <gpxtpx:hr>96</gpxtpx:hr>
          </gpxtpx:TrackPointExtension>
        </extensions>
      </trkpt>
      <trkpt lat="22.73162325556048" lon="113.9527416282926">
        <ele>41.11407927889377</ele>
        <time>2026-09-10T12:35:50.900000Z</time>
        <extensions>
          <gpxtpx:TrackPointExtension>
            <gpxtpx:hr>96</gpxtpx:hr>
          </gpxtpx:TrackPointExtension>
        </extensions>
      </trkpt>
      <trkpt lat="22.731623294908292" lon="113.95274177891686">
        <ele>41.119789582677186</ele>
        <time>2026-09-10T12:35:51.900000Z</time>
        <extensions>
          <gpxtpx:TrackPointExtension>
            <gpxtpx:hr>96</gpxtpx:hr>
          </gpxtpx:TrackPointExtension>
        </extensions>
      </trkpt>
      <trkpt lat="22.73162330986089" lon="113.95274185174435">
        <ele>41.12805579788983</ele>
        <time>2026-09-10T12:35:52.900000Z</time>
        <extensions>
          <gpxtpx:TrackPointExtension>
            <gpxtpx:hr>92</gpxtpx:hr>
          </gpxtpx:TrackPointExtension>
        </extensions>
      </trkpt>
      <trkpt lat="22.731623303259184" lon="113.95274185743902">
        <ele>41.13898511976004</ele>
        <time>2026-09-10T12:35:53.900000Z</time>
        <extensions>
          <gpxtpx:TrackPointExtension>
            <gpxtpx:hr>92</gpxtpx:hr>
          </gpxtpx:TrackPointExtension>
        </extensions>
      </trkpt>
      <trkpt lat="22.731623276011526" lon="113.95274180112492">
        <ele>41.152706522494555</ele>
        <time>2026-09-10T12:35:54.900000Z</time>
        <extensions>
          <gpxtpx:TrackPointExtension>
            <gpxtpx:hr>92</gpxtpx:hr>
          </gpxtpx:TrackPointExtension>
        </extensions>
      </trkpt>
      <trkpt lat="22.73162322636949" lon="113.95274168114055">
        <ele>41.16936544235796</ele>
        <time>2026-09-10T12:35:55.900000Z</time>
        <extensions>
          <gpxtpx:TrackPointExtension>
            <gpxtpx:hr>92</gpxtpx:hr>
          </gpxtpx:TrackPointExtension>
        </extensions>
      </trkpt>
      <trkpt lat="22.731623148735544" lon="113.95274148624183">
        <ele>41.189108886756</ele>
        <time>2026-09-10T12:35:56.900000Z</time>
        <extensions>
          <gpxtpx:TrackPointExtension>
            <gpxtpx:hr>92</gpxtpx:hr>
          </gpxtpx:TrackPointExtension>
        </extensions>
      </trkpt>
      <trkpt lat="22.731623019540745" lon="113.95274116224063">
        <ele>41.21206886507571</ele>
        <time>2026-09-10T12:35:57.900000Z</time>
        <extensions>
          <gpxtpx:TrackPointExtension>
            <gpxtpx:hr>85</gpxtpx:hr>
          </gpxtpx:TrackPointExtension>
        </extensions>
      </trkpt>
      <trkpt lat="22.73162281401105" lon="113.95274065795324">
        <ele>41.238344779238105</ele>
        <time>2026-09-10T12:35:58.900000Z</time>
        <extensions>
          <gpxtpx:TrackPointExtension>
            <gpxtpx:hr>85</gpxtpx:hr>
          </gpxtpx:TrackPointExtension>
        </extensions>
      </trkpt>
      <trkpt lat="22.731622510906544" lon="113.95273994365613">
        <ele>41.267970885150135</ele>
        <time>2026-09-10T12:35:59.900000Z</time>
        <extensions>
          <gpxtpx:TrackPointExtension>
            <gpxtpx:hr>85</gpxtpx:hr>
          </gpxtpx:TrackPointExtension>
        </extensions>
      </trkpt>
      <trkpt lat="22.73162206079366" lon="113.95273894377674">
        <ele>41.30087654385716</ele>
        <time>2026-09-10T12:36:00.900000Z</time>
        <extensions>
          <gpxtpx:TrackPointExtension>
            <gpxtpx:hr>85</gpxtpx:hr>
          </gpxtpx:TrackPointExtension>
        </extensions>
      </trkpt>
      <trkpt lat="22.731621365242724" lon="113.95273751030605">
        <ele>41.33683923166245</ele>
        <time>2026-09-10T12:36:01.900000Z</time>
        <extensions>
          <gpxtpx:TrackPointExtension>
            <gpxtpx:hr>85</gpxtpx:hr>
          </gpxtpx:TrackPointExtension>
        </extensions>
      </trkpt>
      <trkpt lat="22.73162023067329" lon="113.9527353599745">
        <ele>41.37541270535439</ele>
        <time>2026-09-10T12:36:02.900000Z</time>
        <extensions>
          <gpxtpx:TrackPointExtension>
            <gpxtpx:hr>85</gpxtpx:hr>
          </gpxtpx:TrackPointExtension>
        </extensions>
      </trkpt>
      <trkpt lat="22.731618266337566" lon="113.95273193118562">
        <ele>41.41582761704922</ele>
        <time>2026-09-10T12:36:03.900000Z</time>
        <extensions>
          <gpxtpx:TrackPointExtension>
            <gpxtpx:hr>85</gpxtpx:hr>
          </gpxtpx:TrackPointExtension>
        </extensions>
      </trkpt>
      <trkpt lat="22.73161470089958" lon="113.95272613661132">
        <ele>41.456866580061615</ele>
        <time>2026-09-10T12:36:04.900000Z</time>
        <extensions>
          <gpxtpx:TrackPointExtension>
            <gpxtpx:hr>85</gpxtpx:hr>
          </gpxtpx:TrackPointExtension>
        </extensions>
      </trkpt>
      <trkpt lat="22.73160858722566" lon="113.95271648876948">
        <ele>41.496893310919404</ele>
        <time>2026-09-10T12:36:05.900000Z</time>
        <extensions>
          <gpxtpx:TrackPointExtension>
            <gpxtpx:hr>85</gpxtpx:hr>
          </gpxtpx:TrackPointExtension>
        </extensions>
      </trkpt>
      <trkpt lat="22.7315998899188" lon="113.95270342044002">
        <ele>41.53419003915042</ele>
        <time>2026-09-10T12:36:06.900000Z</time>
        <extensions>
          <gpxtpx:TrackPointExtension>
            <gpxtpx:hr>85</gpxtpx:hr>
          </gpxtpx:TrackPointExtension>
        </extensions>
      </trkpt>
      <trkpt lat="22.731589839073248" lon="113.95268788070545">
        <ele>41.567273867316544</ele>
        <time>2026-09-10T12:36:07.900000Z</time>
        <extensions>
          <gpxtpx:TrackPointExtension>
            <gpxtpx:hr>85</gpxtpx:hr>
          </gpxtpx:TrackPointExtension>
        </extensions>
      </trkpt>
      <trkpt lat="22.731578723873525" lon="113.95266963537313">
        <ele>41.5949868792668</ele>
        <time>2026-09-10T12:36:08.900000Z</time>
        <extensions>
          <gpxtpx:TrackPointExtension>
            <gpxtpx:hr>85</gpxtpx:hr>
          </gpxtpx:TrackPointExtension>
        </extensions>
      </trkpt>
      <trkpt lat="22.731565575536646" lon="113.9526474240149">
        <ele>41.61553125735372</ele>
        <time>2026-09-10T12:36:09.900000Z</time>
        <extensions>
          <gpxtpx:TrackPointExtension>
            <gpxtpx:hr>85</gpxtpx:hr>
          </gpxtpx:TrackPointExtension>
        </extensions>
      </trkpt>
      <trkpt lat="22.731552799203598" lon="113.95262618863163">
        <ele>41.624180297367275</ele>
        <time>2026-09-10T12:36:10.900000Z</time>
        <extensions>
          <gpxtpx:TrackPointExtension>
            <gpxtpx:hr>85</gpxtpx:hr>
          </gpxtpx:TrackPointExtension>
        </extensions>
      </trkpt>
      <trkpt lat="22.731537744933977" lon="113.9526046559308">
        <ele>41.62347196228802</ele>
        <time>2026-09-10T12:36:11.900000Z</time>
        <extensions>
          <gpxtpx:TrackPointExtension>
            <gpxtpx:hr>85</gpxtpx:hr>
          </gpxtpx:TrackPointExtension>
        </extensions>
      </trkpt>
      <trkpt lat="22.731520632310023" lon="113.95258528181853">
        <ele>41.6125922370702</ele>
        <time>2026-09-10T12:36:12.900000Z</time>
        <extensions>
          <gpxtpx:TrackPointExtension>
            <gpxtpx:hr>100</gpxtpx:hr>
          </gpxtpx:TrackPointExtension>
        </extensions>
      </trkpt>
      <trkpt lat="22.73150240624124" lon="113.95256829415652">
        <ele>41.5908270701766</ele>
        <time>2026-09-10T12:36:13.900000Z</time>
        <extensions>
          <gpxtpx:TrackPointExtension>
            <gpxtpx:hr>100</gpxtpx:hr>
          </gpxtpx:TrackPointExtension>
        </extensions>
      </trkpt>
      <trkpt lat="22.731484616793836" lon="113.95255330301843">
        <ele>41.55738093517721</ele>
        <time>2026-09-10T12:36:14.900000Z</time>
        <extensions>
          <gpxtpx:TrackPointExtension>
            <gpxtpx:hr>100</gpxtpx:hr>
          </gpxtpx:TrackPointExtension>
        </extensions>
      </trkpt>
      <trkpt lat="22.731467811374294" lon="113.95253976440785">
        <ele>41.51117079611868</ele>
        <time>2026-09-10T12:36:15.900000Z</time>
        <extensions>
          <gpxtpx:TrackPointExtension>
            <gpxtpx:hr>100</gpxtpx:hr>
          </gpxtpx:TrackPointExtension>
        </extensions>
      </trkpt>
      <trkpt lat="22.731452944355905" lon="113.9525275830492">
        <ele>41.450765980407596</ele>
        <time>2026-09-10T12:36:16.900000Z</time>
        <extensions>
          <gpxtpx:TrackPointExtension>
            <gpxtpx:hr>100</gpxtpx:hr>
          </gpxtpx:TrackPointExtension>
        </extensions>
      </trkpt>
      <trkpt lat="22.73144116741982" lon="113.95251792670597">
        <ele>41.374395774677396</ele>
        <time>2026-09-10T12:36:17.900000Z</time>
        <extensions>
          <gpxtpx:TrackPointExtension>
            <gpxtpx:hr>100</gpxtpx:hr>
          </gpxtpx:TrackPointExtension>
        </extensions>
      </trkpt>
      <trkpt lat="22.731432656857834" lon="113.9525126302052">
        <ele>41.279821147210896</ele>
        <time>2026-09-10T12:36:18.900000Z</time>
        <extensions>
          <gpxtpx:TrackPointExtension>
            <gpxtpx:hr>98</gpxtpx:hr>
          </gpxtpx:TrackPointExtension>
        </extensions>
      </trkpt>
      <trkpt lat="22.731427394097654" lon="113.95251132688054">
        <ele>41.16416424047202</ele>
        <time>2026-09-10T12:36:19.900000Z</time>
        <extensions>
          <gpxtpx:TrackPointExtension>
            <gpxtpx:hr>98</gpxtpx:hr>
          </gpxtpx:TrackPointExtension>
        </extensions>
      </trkpt>
      <trkpt lat="22.731425198208964" lon="113.95251202207454">
        <ele>41.023753479123116</ele>
        <time>2026-09-10T12:36:20.900000Z</time>
        <extensions>
          <gpxtpx:TrackPointExtension>
            <gpxtpx:hr>98</gpxtpx:hr>
          </gpxtpx:TrackPointExtension>
        </extensions>
      </trkpt>
      <trkpt lat="22.731425119044314" lon="113.95251341888537">
        <ele>40.8540487550199</ele>
        <time>2026-09-10T12:36:21.900000Z</time>
        <extensions>
          <gpxtpx:TrackPointExtension>
            <gpxtpx:hr>94</gpxtpx:hr>
          </gpxtpx:TrackPointExtension>
        </extensions>
      </trkpt>
      <trkpt lat="22.731425963413965" lon="113.95251497622158">
        <ele>40.649751712568104</ele>
        <time>2026-09-10T12:36:22.900000Z</time>
        <extensions>
          <gpxtpx:TrackPointExtension>
            <gpxtpx:hr>94</gpxtpx:hr>
          </gpxtpx:TrackPointExtension>
        </extensions>
      </trkpt>
      <trkpt lat="22.731426934573435" lon="113.95251646604636">
        <ele>40.40509027428925</ele>
        <time>2026-09-10T12:36:23.900000Z</time>
        <extensions>
          <gpxtpx:TrackPointExtension>
            <gpxtpx:hr>94</gpxtpx:hr>
          </gpxtpx:TrackPointExtension>
        </extensions>
      </trkpt>
      <trkpt lat="22.731427793353983" lon="113.95251776040436">
        <ele>40.11417045816779</ele>
        <time>2026-09-10T12:36:24.900000Z</time>
        <extensions>
          <gpxtpx:TrackPointExtension>
            <gpxtpx:hr>94</gpxtpx:hr>
          </gpxtpx:TrackPointExtension>
        </extensions>
      </trkpt>
      <trkpt lat="22.731428564199767" lon="113.95251878576644">
        <ele>39.771300912834704</ele>
        <time>2026-09-10T12:36:25.900000Z</time>
        <extensions>
          <gpxtpx:TrackPointExtension>
            <gpxtpx:hr>94</gpxtpx:hr>
          </gpxtpx:TrackPointExtension>
        </extensions>
      </trkpt>
      <trkpt lat="22.731428962753636" lon="113.95251956630119">
        <ele>39.37166585680097</ele>
        <time>2026-09-10T12:36:26.900000Z</time>
        <extensions>
          <gpxtpx:TrackPointExtension>
            <gpxtpx:hr>102</gpxtpx:hr>
          </gpxtpx:TrackPointExtension>
        </extensions>
      </trkpt>
      <trkpt lat="22.731428563310903" lon="113.9525201700837">
        <ele>38.912747281603515</ele>
        <time>2026-09-10T12:36:27.900000Z</time>
        <extensions>
          <gpxtpx:TrackPointExtension>
            <gpxtpx:hr>102</gpxtpx:hr>
          </gpxtpx:TrackPointExtension>
        </extensions>
      </trkpt>
      <trkpt lat="22.731427751459563" lon="113.95252059440759">
        <ele>38.39618879277259</ele>
        <time>2026-09-10T12:36:28.900000Z</time>
        <extensions>
          <gpxtpx:TrackPointExtension>
            <gpxtpx:hr>102</gpxtpx:hr>
          </gpxtpx:TrackPointExtension>
        </extensions>
      </trkpt>
      <trkpt lat="22.731427304368847" lon="113.9525208246974">
        <ele>37.82921037264168</ele>
        <time>2026-09-10T12:36:29.900000Z</time>
        <extensions>
          <gpxtpx:TrackPointExtension>
            <gpxtpx:hr>102</gpxtpx:hr>
          </gpxtpx:TrackPointExtension>
        </extensions>
      </trkpt>
      <trkpt lat="22.73142714452501" lon="113.95252094488474">
        <ele>37.22572586964816</ele>
        <time>2026-09-10T12:36:30.900000Z</time>
        <extensions>
          <gpxtpx:TrackPointExtension>
            <gpxtpx:hr>102</gpxtpx:hr>
          </gpxtpx:TrackPointExtension>
        </extensions>
      </trkpt>
    </trkseg>
  </trk>
</gpx>