<?xml version="1.0" encoding="UTF-8"?>
<gpx xmlns="http://www.topografix.com/GPX/1/1" xmlns:gpxtpx="http://www.garmin.com/xmlschemas/TrackPointExtension/v1" xmlns:xsi="http://www.w3.org/2001/XMLSchema-instance" xsi:schemaLocation="http://www.topografix.com/GPX/1/1 http://www.topografix.com/GPX/1/1/gpx.xsd" version="1.1" creator="gpx.py -- https://github.com/tkrajina/gpxpy">
  <trk>
    <name>gpx from keep</name>
    <type>Run</type>
    <trkseg>
      <trkpt lat="22.72983335775991" lon="113.95303214568916">
        <ele>41.972410498186946</ele>
        <time>7644-06-23T13:12:05.299988Z</time>
      </trkpt>
      <trkpt lat="22.72982297188528" lon="113.95302091069931">
        <ele>41.72275470755994</ele>
        <time>1970-01-01T00:00:01Z</time>
        <extensions>
          <gpxtpx:TrackPointExtension>
            <gpxtpx:hr>112</gpxtpx:hr>
          </gpxtpx:TrackPointExtension>
        </extensions>
      </trkpt>
      <trkpt lat="22.729810834731534" lon="113.95300908145919">
        <ele>41.550178626552224</ele>
        <time>1970-01-01T00:00:02Z</time>
        <extensions>
          <gpxtpx:TrackPointExtension>
            <gpxtpx:hr>112</gpxtpx:hr>
          </gpxtpx:TrackPointExtension>
        </extensions>
      </trkpt>
      <trkpt lat="22.72979833248897" lon="113.95299608958014">
        <ele>41.46913394331932</ele>
        <time>1970-01-01T00:00:03Z</time>
        <extensions>
          <gpxtpx:TrackPointExtension>
            <gpxtpx:hr>115</gpxtpx:hr>
          </gpxtpx:TrackPointExtension>
        </extensions>
      </trkpt>
      <trkpt lat="22.729786127587058" lon="113.95298219314367">
        <ele>41.47638780903071</ele>
        <time>1970-01-01T00:00:04Z</time>
        <extensions>
          <gpxtpx:TrackPointExtension>
            <gpxtpx:hr>115</gpxtpx:hr>
          </gpxtpx:TrackPointExtension>
        </extensions>
      </trkpt>
      <trkpt lat="22.72977368594733" lon="113.95296815372866">
        <ele>41.549159064888954</ele>
        <time>1970-01-01T00:00:05Z</time>
        <extensions>
          <gpxtpx:TrackPointExtension>
            <gpxtpx:hr>115</gpxtpx:hr>
          </gpxtpx:TrackPointExtension>
        </extensions>
      </trkpt>
      <trkpt lat="22.72976124418664" lon="113.95295343605964">
        <ele>41.65317177027464</ele>
        <time>1970-01-01T00:00:06Z</time>
        <extensions>
          <gpxtpx:TrackPointExtension>
            <gpxtpx:hr>115</gpxtpx:hr>
          </gpxtpx:TrackPointExtension>
        </extensions>
      </trkpt>
      <trkpt lat="22.729749077069613" lon="113.9529379540382">
        <ele>41.760344927199185</ele>
        <time>1970-01-01T00:00:07Z</time>
        <extensions>
          <gpxtpx:TrackPointExtension>
            <gpxtpx:hr>115</gpxtpx:hr>
          </gpxtpx:TrackPointExtension>
        </extensions>
      </trkpt>
      <trkpt lat="22.729738479838804" lon="113.95291974339776">
        <ele>41.85520126018673</ele>
        <time>1970-01-01T00:00:07.900000Z</time>
        <extensions>
          <gpxtpx:TrackPointExtension>
            <gpxtpx:hr>115</gpxtpx:hr>
          </gpxtpx:TrackPointExtension>
        </extensions>
      </trkpt>
      <trkpt lat="22.7297288524403" lon="113.95289821406598">
        <ele>41.9310666359961</ele>
        <time>1970-01-01T00:00:08.900000Z</time>
        <extensions>
          <gpxtpx:TrackPointExtension>
            <gpxtpx:hr>119</gpxtpx:hr>
          </gpxtpx:TrackPointExtension>
        </extensions>
      </trkpt>
      <trkpt lat="22.72971792946385" lon="113.95287579315475">
        <ele>41.98623481485993</ele>
        <time>1970-01-01T00:00:09.900000Z</time>
        <extensions>
          <gpxtpx:TrackPointExtension>
            <gpxtpx:hr>119</gpxtpx:hr>
          </gpxtpx:TrackPointExtension>
        </extensions>
      </trkpt>
      <trkpt lat="22.729705601828165" lon="113.95285392851686">
        <ele>42.022099177353084</ele>
        <time>1970-01-01T00:00:10.900000Z</time>
        <extensions>
          <gpxtpx:TrackPointExtension>
            <gpxtpx:hr>119</gpxtpx:hr>
          </gpxtpx:TrackPointExtension>
        </extensions>
      </trkpt>
      <trkpt lat="22.72969237646213" lon="113.952832693846">
        <ele>42.041494347155094</ele>
        <time>1970-01-01T00:00:11.900000Z</time>
        <extensions>
          <gpxtpx:TrackPointExtension>
            <gpxtpx:hr>119</gpxtpx:hr>
          </gpxtpx:TrackPointExtension>
        </extensions>
      </trkpt>
      <trkpt lat="22.729678917729323" lon="113.95281132745687">
        <ele>42.047852530144155</ele>
        <time>1970-01-01T00:00:12.900000Z</time>
        <extensions>
          <gpxtpx:TrackPointExtension>
            <gpxtpx:hr>119</gpxtpx:hr>
          </gpxtpx:TrackPointExtension>
        </extensions>
      </trkpt>
      <trkpt lat="22.72966588607263" lon="113.9527891828949">
        <ele>42.0446129180491</ele>
        <time>1970-01-01T00:00:13.900000Z</time>
        <extensions>
          <gpxtpx:TrackPointExtension>
            <gpxtpx:hr>119</gpxtpx:hr>
          </gpxtpx:TrackPointExtension>
        </extensions>
      </trkpt>
      <trkpt lat="22.729654019902508" lon="113.95276632783816">
        <ele>42.03488778043538</ele>
        <time>1970-01-01T00:00:14.900000Z</time>
        <extensions>
          <gpxtpx:TrackPointExtension>
            <gpxtpx:hr>119</gpxtpx:hr>
          </gpxtpx:TrackPointExtension>
        </extensions>
      </trkpt>
      <trkpt lat="22.729643459211868" lon="113.95274335887987">
        <ele>42.02129741292447</ele>
        <time>1970-01-01T00:00:15.900000Z</time>
        <extensions>
          <gpxtpx:TrackPointExtension>
            <gpxtpx:hr>119</gpxtpx:hr>
          </gpxtpx:TrackPointExtension>
        </extensions>
      </trkpt>
      <trkpt lat="22.729633876400044" lon="113.95272086830633">
        <ele>42.00584168266505</ele>
        <time>1970-01-01T00:00:16.900000Z</time>
        <extensions>
          <gpxtpx:TrackPointExtension>
            <gpxtpx:hr>131</gpxtpx:hr>
          </gpxtpx:TrackPointExtension>
        </extensions>
      </trkpt>
      <trkpt lat="22.729624378254" lon="113.95269840588453">
        <ele>41.98992359917611</ele>
        <time>1970-01-01T00:00:17.900000Z</time>
        <extensions>
          <gpxtpx:TrackPointExtension>
            <gpxtpx:hr>131</gpxtpx:hr>
          </gpxtpx:TrackPointExtension>
        </extensions>
      </trkpt>
      <trkpt lat="22.72961359463704" lon="113.95267483022256">
        <ele>41.97451917361468</ele>
        <time>1970-01-01T00:00:18.900000Z</time>
        <extensions>
          <gpxtpx:TrackPointExtension>
            <gpxtpx:hr>131</gpxtpx:hr>
          </gpxtpx:TrackPointExtension>
        </extensions>
      </trkpt>
      <trkpt lat="22.729600987505442" lon="113.9526501112723">
        <ele>41.96027351450175</ele>
        <time>1970-01-01T00:00:19.900000Z</time>
        <extensions>
          <gpxtpx:TrackPointExtension>
            <gpxtpx:hr>131</gpxtpx:hr>
          </gpxtpx:TrackPointExtension>
        </extensions>
      </trkpt>
      <trkpt lat="22.729586987444154" lon="113.95262494219267">
        <ele>41.94752854295075</ele>
        <time>1970-01-01T00:00:20.900000Z</time>
        <extensions>
          <gpxtpx:TrackPointExtension>
            <gpxtpx:hr>131</gpxtpx:hr>
          </gpxtpx:TrackPointExtension>
        </extensions>
      </trkpt>
      <trkpt lat="22.729572173751322" lon="113.95259932704484">
        <ele>41.9362869001925</ele>
        <time>1970-01-01T00:00:21.900000Z</time>
        <extensions>
          <gpxtpx:TrackPointExtension>
            <gpxtpx:hr>131</gpxtpx:hr>
          </gpxtpx:TrackPointExtension>
        </extensions>
      </trkpt>
      <trkpt lat="22.729556561007637" lon="113.95257325407975">
        <ele>41.92626779805869</ele>
        <time>1970-01-01T00:00:22.900000Z</time>
        <extensions>
          <gpxtpx:TrackPointExtension>
            <gpxtpx:hr>132</gpxtpx:hr>
          </gpxtpx:TrackPointExtension>
        </extensions>
      </trkpt>
      <trkpt lat="22.729539959724452" lon="113.95254733384948">
        <ele>41.91717203613371</ele>
        <time>1970-01-01T00:00:23.900000Z</time>
        <extensions>
          <gpxtpx:TrackPointExtension>
            <gpxtpx:hr>132</gpxtpx:hr>
          </gpxtpx:TrackPointExtension>
        </extensions>
      </trkpt>
      <trkpt lat="22.729522692985643" lon="113.95252222080819">
        <ele>41.9085374828428</ele>
        <time>1970-01-01T00:00:24.900000Z</time>
        <extensions>
          <gpxtpx:TrackPointExtension>
            <gpxtpx:hr>132</gpxtpx:hr>
          </gpxtpx:TrackPointExtension>
        </extensions>
      </trkpt>
      <trkpt lat="22.729505748839188" lon="113.95249832818322">
        <ele>41.914792065508664</ele>
        <time>1970-01-01T00:00:25.900000Z</time>
        <extensions>
          <gpxtpx:TrackPointExtension>
            <gpxtpx:hr>132</gpxtpx:hr>
          </gpxtpx:TrackPointExtension>
        </extensions>
      </trkpt>
      <trkpt lat="22.72948975531944" lon="113.95247551422614">
        <ele>41.90524760168046</ele>
        <time>1970-01-01T00:00:26.900000Z</time>
        <extensions>
          <gpxtpx:TrackPointExtension>
            <gpxtpx:hr>132</gpxtpx:hr>
          </gpxtpx:TrackPointExtension>
        </extensions>
      </trkpt>
      <trkpt lat="22.729474632644195" lon="113.95245326738801">
        <ele>41.86893209442496</ele>
        <time>1970-01-01T00:00:27.900000Z</time>
        <extensions>
          <gpxtpx:TrackPointExtension>
            <gpxtpx:hr>136</gpxtpx:hr>
          </gpxtpx:TrackPointExtension>
        </extensions>
      </trkpt>
      <trkpt lat="22.72945960491743" lon="113.95243065283408">
        <ele>41.77756453119218</ele>
        <time>1970-01-01T00:00:28.900000Z</time>
        <extensions>
          <gpxtpx:TrackPointExtension>
            <gpxtpx:hr>136</gpxtpx:hr>
          </gpxtpx:TrackPointExtension>
        </extensions>
      </trkpt>
      <trkpt lat="22.729444641179658" lon="113.95240795710328">
        <ele>41.63913281541318</ele>
        <time>1970-01-01T00:00:29.900000Z</time>
        <extensions>
          <gpxtpx:TrackPointExtension>
            <gpxtpx:hr>136</gpxtpx:hr>
          </gpxtpx:TrackPointExtension>
        </extensions>
      </trkpt>
      <trkpt lat="22.72942941560206" lon="113.95238491747827">
        <ele>41.48772418964654</ele>
        <time>1970-01-01T00:00:30.900000Z</time>
        <extensions>
          <gpxtpx:TrackPointExtension>
            <gpxtpx:hr>136</gpxtpx:hr>
          </gpxtpx:TrackPointExtension>
        </extensions>
      </trkpt>
      <trkpt lat="22.729413507992895" lon="113.95236103090157">
        <ele>41.30233486928046</ele>
        <time>1970-01-01T00:00:31.900000Z</time>
        <extensions>
          <gpxtpx:TrackPointExtension>
            <gpxtpx:hr>136</gpxtpx:hr>
          </gpxtpx:TrackPointExtension>
        </extensions>
      </trkpt>
      <trkpt lat="22.729396498498154" lon="113.95233631019286">
        <ele>41.07878262642771</ele>
        <time>1970-01-01T00:00:32.900000Z</time>
        <extensions>
          <gpxtpx:TrackPointExtension>
            <gpxtpx:hr>138</gpxtpx:hr>
          </gpxtpx:TrackPointExtension>
        </extensions>
      </trkpt>
      <trkpt lat="22.729378710581678" lon="113.95231149530977">
        <ele>40.8205197872594</ele>
        <time>1970-01-01T00:00:33.900000Z</time>
        <extensions>
          <gpxtpx:TrackPointExtension>
            <gpxtpx:hr>138</gpxtpx:hr>
          </gpxtpx:TrackPointExtension>
        </extensions>
      </trkpt>
      <trkpt lat="22.729360871098777" lon="113.95228694224735">
        <ele>40.54302446357906</ele>
        <time>1970-01-01T00:00:34.900000Z</time>
        <extensions>
          <gpxtpx:TrackPointExtension>
            <gpxtpx:hr>138</gpxtpx:hr>
          </gpxtpx:TrackPointExtension>
        </extensions>
      </trkpt>
      <trkpt lat="22.729343273780476" lon="113.95226243622139">
        <ele>40.28144895285368</ele>
        <time>1970-01-01T00:00:35.900000Z</time>
        <extensions>
          <gpxtpx:TrackPointExtension>
            <gpxtpx:hr>138</gpxtpx:hr>
          </gpxtpx:TrackPointExtension>
        </extensions>
      </trkpt>
      <trkpt lat="22.729325780349093" lon="113.95223729497934">
        <ele>40.085549036972225</ele>
        <time>1970-01-01T00:00:36.900000Z</time>
        <extensions>
          <gpxtpx:TrackPointExtension>
            <gpxtpx:hr>142</gpxtpx:hr>
          </gpxtpx:TrackPointExtension>
        </extensions>
      </trkpt>
      <trkpt lat="22.72930720371362" lon="113.95220972177333">
        <ele>40.00114846602082</ele>
        <time>1970-01-01T00:00:37.900000Z</time>
        <extensions>
          <gpxtpx:TrackPointExtension>
            <gpxtpx:hr>142</gpxtpx:hr>
          </gpxtpx:TrackPointExtension>
        </extensions>
      </trkpt>
      <trkpt lat="22.729210644787052" lon="113.95206159590889">
        <ele>40.77554943598807</ele>
        <time>1970-01-01T00:00:43Z</time>
        <extensions>
          <gpxtpx:TrackPointExtension>
            <gpxtpx:hr>143</gpxtpx:hr>
          </gpxtpx:TrackPointExtension>
        </extensions>
      </trkpt>
      <trkpt lat="22.729192810183157" lon="113.95203383576427">
        <ele>41.04949645604938</ele>
        <time>1970-01-01T00:00:44Z</time>
        <extensions>
          <gpxtpx:TrackPointExtension>
            <gpxtpx:hr>143</gpxtpx:hr>
          </gpxtpx:TrackPointExtension>
        </extensions>
      </trkpt>
      <trkpt lat="22.729176786681084" lon="113.95200906049205">
        <ele>41.241563335992396</ele>
        <time>1970-01-01T00:00:45Z</time>
        <extensions>
          <gpxtpx:TrackPointExtension>
            <gpxtpx:hr>143</gpxtpx:hr>
          </gpxtpx:TrackPointExtension>
        </extensions>
      </trkpt>
      <trkpt lat="22.72916155687629" lon="113.95198582127357">
        <ele>41.37173109874129</ele>
        <time>1970-01-01T00:00:46Z</time>
        <extensions>
          <gpxtpx:TrackPointExtension>
            <gpxtpx:hr>143</gpxtpx:hr>
          </gpxtpx:TrackPointExtension>
        </extensions>
      </trkpt>
      <trkpt lat="22.72914635692663" lon="113.95196370140587">
        <ele>41.45690372772515</ele>
        <time>1970-01-01T00:00:47Z</time>
        <extensions>
          <gpxtpx:TrackPointExtension>
            <gpxtpx:hr>143</gpxtpx:hr>
          </gpxtpx:TrackPointExtension>
        </extensions>
      </trkpt>
      <trkpt lat="22.729130915986165" lon="113.95194251912754">
        <ele>41.50991124007851</ele>
        <time>1970-01-01T00:00:48Z</time>
        <extensions>
          <gpxtpx:TrackPointExtension>
            <gpxtpx:hr>143</gpxtpx:hr>
          </gpxtpx:TrackPointExtension>
        </extensions>
      </trkpt>
      <trkpt lat="22.729115221717613" lon="113.95192214665336">
        <ele>41.539685416035354</ele>
        <time>1970-01-01T00:00:49Z</time>
        <extensions>
          <gpxtpx:TrackPointExtension>
            <gpxtpx:hr>143</gpxtpx:hr>
          </gpxtpx:TrackPointExtension>
        </extensions>
      </trkpt>
      <trkpt lat="22.729099330184034" lon="113.95190228740984">
        <ele>41.55224561318755</ele>
        <time>1970-01-01T00:00:50Z</time>
        <extensions>
          <gpxtpx:TrackPointExtension>
            <gpxtpx:hr>143</gpxtpx:hr>
          </gpxtpx:TrackPointExtension>
        </extensions>
      </trkpt>
      <trkpt lat="22.72908322411159" lon="113.95188233993657">
        <ele>41.55213271640241</ele>
        <time>1970-01-01T00:00:51Z</time>
        <extensions>
          <gpxtpx:TrackPointExtension>
            <gpxtpx:hr>143</gpxtpx:hr>
          </gpxtpx:TrackPointExtension>
        </extensions>
      </trkpt>
      <trkpt lat="22.729067191361008" lon="113.95186207690233">
        <ele>41.54288173560053</ele>
        <time>1970-01-01T00:00:52Z</time>
        <extensions>
          <gpxtpx:TrackPointExtension>
            <gpxtpx:hr>143</gpxtpx:hr>
          </gpxtpx:TrackPointExtension>
        </extensions>
      </trkpt>
      <trkpt lat="22.729051303275885" lon="113.95184182013486">
        <ele>41.52764722891152</ele>
        <time>1970-01-01T00:00:53Z</time>
        <extensions>
          <gpxtpx:TrackPointExtension>
            <gpxtpx:hr>143</gpxtpx:hr>
          </gpxtpx:TrackPointExtension>
        </extensions>
      </trkpt>
      <trkpt lat="22.729035578951883" lon="113.95182239536587">
        <ele>41.509446538984776</ele>
        <time>1970-01-01T00:00:54Z</time>
        <extensions>
          <gpxtpx:TrackPointExtension>
            <gpxtpx:hr>147</gpxtpx:hr>
          </gpxtpx:TrackPointExtension>
        </extensions>
      </trkpt>
      <trkpt lat="22.729019578317555" lon="113.95180352400695">
        <ele>41.49117938335985</ele>
        <time>1970-01-01T00:00:55Z</time>
        <extensions>
          <gpxtpx:TrackPointExtension>
            <gpxtpx:hr>147</gpxtpx:hr>
          </gpxtpx:TrackPointExtension>
        </extensions>
      </trkpt>
      <trkpt lat="22.72900255807435" lon="113.95178494092174">
        <ele>41.475330317392945</ele>
        <time>1970-01-01T00:00:56Z</time>
        <extensions>
          <gpxtpx:TrackPointExtension>
            <gpxtpx:hr>147</gpxtpx:hr>
          </gpxtpx:TrackPointExtension>
        </extensions>
      </trkpt>
      <trkpt lat="22.728984155992546" lon="113.95176668547128">
        <ele>41.46399505902082</ele>
        <time>1970-01-01T00:00:57Z</time>
        <extensions>
          <gpxtpx:TrackPointExtension>
            <gpxtpx:hr>148</gpxtpx:hr>
          </gpxtpx:TrackPointExtension>
        </extensions>
      </trkpt>
      <trkpt lat="22.72896506918219" lon="113.95174863567262">
        <ele>41.45846467092633</ele>
        <time>1970-01-01T00:00:58Z</time>
        <extensions>
          <gpxtpx:TrackPointExtension>
            <gpxtpx:hr>148</gpxtpx:hr>
          </gpxtpx:TrackPointExtension>
        </extensions>
      </trkpt>
      <trkpt lat="22.728945840425446" lon="113.95173029206994">
        <ele>41.45906116720289</ele>
        <time>1970-01-01T00:00:59Z</time>
        <extensions>
          <gpxtpx:TrackPointExtension>
            <gpxtpx:hr>148</gpxtpx:hr>
          </gpxtpx:TrackPointExtension>
        </extensions>
      </trkpt>
      <trkpt lat="22.728926893372762" lon="113.95171161940523">
        <ele>41.465356566011906</ele>
        <time>1970-01-01T00:01:00Z</time>
        <extensions>
          <gpxtpx:TrackPointExtension>
            <gpxtpx:hr>151</gpxtpx:hr>
          </gpxtpx:TrackPointExtension>
        </extensions>
      </trkpt>
      <trkpt lat="22.72890838009689" lon="113.95169249784566">
        <ele>41.476375713944435</ele>
        <time>1970-01-01T00:01:01Z</time>
        <extensions>
          <gpxtpx:TrackPointExtension>
            <gpxtpx:hr>151</gpxtpx:hr>
          </gpxtpx:TrackPointExtension>
        </extensions>
      </trkpt>
      <trkpt lat="22.728890479213483" lon="113.95167297319769">
        <ele>41.49063449818641</ele>
        <time>1970-01-01T00:01:02Z</time>
        <extensions>
          <gpxtpx:TrackPointExtension>
            <gpxtpx:hr>151</gpxtpx:hr>
          </gpxtpx:TrackPointExtension>
        </extensions>
      </trkpt>
      <trkpt lat="22.72887299474095" lon="113.95165324075403">
        <ele>41.506404352374375</ele>
        <time>1970-01-01T00:01:03Z</time>
        <extensions>
          <gpxtpx:TrackPointExtension>
            <gpxtpx:hr>151</gpxtpx:hr>
          </gpxtpx:TrackPointExtension>
        </extensions>
      </trkpt>
      <trkpt lat="22.728855504964002" lon="113.95163361260565">
        <ele>41.52207048702985</ele>
        <time>1970-01-01T00:01:04Z</time>
        <extensions>
          <gpxtpx:TrackPointExtension>
            <gpxtpx:hr>151</gpxtpx:hr>
          </gpxtpx:TrackPointExtension>
        </extensions>
      </trkpt>
      <trkpt lat="22.728837941277813" lon="113.95161369027919">
        <ele>41.53648762498051</ele>
        <time>1970-01-01T00:01:05Z</time>
        <extensions>
          <gpxtpx:TrackPointExtension>
            <gpxtpx:hr>151</gpxtpx:hr>
          </gpxtpx:TrackPointExtension>
        </extensions>
      </trkpt>
      <trkpt lat="22.7288205233687" lon="113.95159340231618">
        <ele>41.548428448848426</ele>
        <time>1970-01-01T00:01:06Z</time>
        <extensions>
          <gpxtpx:TrackPointExtension>
            <gpxtpx:hr>151</gpxtpx:hr>
          </gpxtpx:TrackPointExtension>
        </extensions>
      </trkpt>
      <trkpt lat="22.72880324050709" lon="113.95157295897954">
        <ele>41.557086788117886</ele>
        <time>1970-01-01T00:01:07Z</time>
        <extensions>
          <gpxtpx:TrackPointExtension>
            <gpxtpx:hr>152</gpxtpx:hr>
          </gpxtpx:TrackPointExtension>
        </extensions>
      </trkpt>
      <trkpt lat="22.728786034974554" lon="113.95155244012739">
        <ele>41.56224621180445</ele>
        <time>1970-01-01T00:01:08Z</time>
        <extensions>
          <gpxtpx:TrackPointExtension>
            <gpxtpx:hr>152</gpxtpx:hr>
          </gpxtpx:TrackPointExtension>
        </extensions>
      </trkpt>
      <trkpt lat="22.728768677628487" lon="113.95153200307462">
        <ele>41.56426680833101</ele>
        <time>1970-01-01T00:01:09Z</time>
        <extensions>
          <gpxtpx:TrackPointExtension>
            <gpxtpx:hr>152</gpxtpx:hr>
          </gpxtpx:TrackPointExtension>
        </extensions>
      </trkpt>
      <trkpt lat="22.72875111375054" lon="113.95151183878816">
        <ele>41.563504211604595</ele>
        <time>1970-01-01T00:01:10Z</time>
        <extensions>
          <gpxtpx:TrackPointExtension>
            <gpxtpx:hr>152</gpxtpx:hr>
          </gpxtpx:TrackPointExtension>
        </extensions>
      </trkpt>
      <trkpt lat="22.728733066618275" lon="113.95149181315497">
        <ele>41.560388619080186</ele>
        <time>1970-01-01T00:01:11Z</time>
        <extensions>
          <gpxtpx:TrackPointExtension>
            <gpxtpx:hr>152</gpxtpx:hr>
          </gpxtpx:TrackPointExtension>
        </extensions>
      </trkpt>
      <trkpt lat="22.728714721104332" lon="113.95147220229927">
        <ele>41.55514116678387</ele>
        <time>1970-01-01T00:01:12Z</time>
        <extensions>
          <gpxtpx:TrackPointExtension>
            <gpxtpx:hr>152</gpxtpx:hr>
          </gpxtpx:TrackPointExtension>
        </extensions>
      </trkpt>
      <trkpt lat="22.728695755364033" lon="113.95145302266224">
        <ele>41.54766662232578</ele>
        <time>1970-01-01T00:01:13Z</time>
        <extensions>
          <gpxtpx:TrackPointExtension>
            <gpxtpx:hr>152</gpxtpx:hr>
          </gpxtpx:TrackPointExtension>
        </extensions>
      </trkpt>
      <trkpt lat="22.728676194339585" lon="113.95143392601634">
        <ele>41.537564993835986</ele>
        <time>1970-01-01T00:01:14Z</time>
        <extensions>
          <gpxtpx:TrackPointExtension>
            <gpxtpx:hr>152</gpxtpx:hr>
          </gpxtpx:TrackPointExtension>
        </extensions>
      </trkpt>
      <trkpt lat="22.72865698659981" lon="113.95141466264755">
        <ele>41.52472605928779</ele>
        <time>1970-01-01T00:01:15Z</time>
        <extensions>
          <gpxtpx:TrackPointExtension>
            <gpxtpx:hr>152</gpxtpx:hr>
          </gpxtpx:TrackPointExtension>
        </extensions>
      </trkpt>
      <trkpt lat="22.728638448792115" lon="113.95139548603372">
        <ele>41.50978167634457</ele>
        <time>1970-01-01T00:01:16Z</time>
        <extensions>
          <gpxtpx:TrackPointExtension>
            <gpxtpx:hr>152</gpxtpx:hr>
          </gpxtpx:TrackPointExtension>
        </extensions>
      </trkpt>
      <trkpt lat="22.728620313651085" lon="113.95137623007601">
        <ele>41.493966832756996</ele>
        <time>1970-01-01T00:01:17Z</time>
        <extensions>
          <gpxtpx:TrackPointExtension>
            <gpxtpx:hr>152</gpxtpx:hr>
          </gpxtpx:TrackPointExtension>
        </extensions>
      </trkpt>
      <trkpt lat="22.728602915513303" lon="113.95135644859022">
        <ele>41.4786989223212</ele>
        <time>1970-01-01T00:01:18Z</time>
        <extensions>
          <gpxtpx:TrackPointExtension>
            <gpxtpx:hr>153</gpxtpx:hr>
          </gpxtpx:TrackPointExtension>
        </extensions>
      </trkpt>
      <trkpt lat="22.728585643252796" lon="113.95133631017524">
        <ele>41.46495711989701</ele>
        <time>1970-01-01T00:01:19Z</time>
        <extensions>
          <gpxtpx:TrackPointExtension>
            <gpxtpx:hr>153</gpxtpx:hr>
          </gpxtpx:TrackPointExtension>
        </extensions>
      </trkpt>
      <trkpt lat="22.728567627860304" lon="113.95131636116088">
        <ele>41.45329748187214</ele>
        <time>1970-01-01T00:01:20Z</time>
        <extensions>
          <gpxtpx:TrackPointExtension>
            <gpxtpx:hr>153</gpxtpx:hr>
          </gpxtpx:TrackPointExtension>
        </extensions>
      </trkpt>
      <trkpt lat="22.728548793778444" lon="113.95129654137605">
        <ele>41.44361690804362</ele>
        <time>1970-01-01T00:01:21Z</time>
        <extensions>
          <gpxtpx:TrackPointExtension>
            <gpxtpx:hr>155</gpxtpx:hr>
          </gpxtpx:TrackPointExtension>
        </extensions>
      </trkpt>
      <trkpt lat="22.728529471786455" lon="113.9512765792706">
        <ele>41.43526950106025</ele>
        <time>1970-01-01T00:01:22Z</time>
        <extensions>
          <gpxtpx:TrackPointExtension>
            <gpxtpx:hr>155</gpxtpx:hr>
          </gpxtpx:TrackPointExtension>
        </extensions>
      </trkpt>
      <trkpt lat="22.728510071066637" lon="113.95125615033272">
        <ele>41.42734755575657</ele>
        <time>1970-01-01T00:01:23Z</time>
        <extensions>
          <gpxtpx:TrackPointExtension>
            <gpxtpx:hr>155</gpxtpx:hr>
          </gpxtpx:TrackPointExtension>
        </extensions>
      </trkpt>
      <trkpt lat="22.728491405354795" lon="113.95123481662687">
        <ele>41.41917886584997</ele>
        <time>1970-01-01T00:01:23.900000Z</time>
        <extensions>
          <gpxtpx:TrackPointExtension>
            <gpxtpx:hr>155</gpxtpx:hr>
          </gpxtpx:TrackPointExtension>
        </extensions>
      </trkpt>
      <trkpt lat="22.728473540741028" lon="113.95121253165469">
        <ele>41.41015485301614</ele>
        <time>1970-01-01T00:01:24.900000Z</time>
        <extensions>
          <gpxtpx:TrackPointExtension>
            <gpxtpx:hr>157</gpxtpx:hr>
          </gpxtpx:TrackPointExtension>
        </extensions>
      </trkpt>
      <trkpt lat="22.72845584576005" lon="113.95118992822215">
        <ele>41.3995864270255</ele>
        <time>1970-01-01T00:01:26Z</time>
        <extensions>
          <gpxtpx:TrackPointExtension>
            <gpxtpx:hr>157</gpxtpx:hr>
          </gpxtpx:TrackPointExtension>
        </extensions>
      </trkpt>
      <trkpt lat="22.728438246211415" lon="113.95116778341817">
        <ele>41.386715144850314</ele>
        <time>1970-01-01T00:01:26.900000Z</time>
        <extensions>
          <gpxtpx:TrackPointExtension>
            <gpxtpx:hr>157</gpxtpx:hr>
          </gpxtpx:TrackPointExtension>
        </extensions>
      </trkpt>
      <trkpt lat="22.728420828057228" lon="113.95114649344852">
        <ele>41.3709385804832</ele>
        <time>1970-01-01T00:01:27.900000Z</time>
        <extensions>
          <gpxtpx:TrackPointExtension>
            <gpxtpx:hr>157</gpxtpx:hr>
          </gpxtpx:TrackPointExtension>
        </extensions>
      </trkpt>
      <trkpt lat="22.728403722501064" lon="113.95112590250228">
        <ele>41.352087086066604</ele>
        <time>1970-01-01T00:01:28.900000Z</time>
        <extensions>
          <gpxtpx:TrackPointExtension>
            <gpxtpx:hr>157</gpxtpx:hr>
          </gpxtpx:TrackPointExtension>
        </extensions>
      </trkpt>
      <trkpt lat="22.728387131175772" lon="113.95110574615136">
        <ele>41.33028930705041</ele>
        <time>1970-01-01T00:01:29.900000Z</time>
        <extensions>
          <gpxtpx:TrackPointExtension>
            <gpxtpx:hr>157</gpxtpx:hr>
          </gpxtpx:TrackPointExtension>
        </extensions>
      </trkpt>
      <trkpt lat="22.728371361231975" lon="113.95108608400189">
        <ele>41.30595786496997</ele>
        <time>1970-01-01T00:01:30.900000Z</time>
        <extensions>
          <gpxtpx:TrackPointExtension>
            <gpxtpx:hr>158</gpxtpx:hr>
          </gpxtpx:TrackPointExtension>
        </extensions>
      </trkpt>
      <trkpt lat="22.728355708148314" lon="113.95106774162517">
        <ele>41.279776602983475</ele>
        <time>1970-01-01T00:01:31.900000Z</time>
        <extensions>
          <gpxtpx:TrackPointExtension>
            <gpxtpx:hr>158</gpxtpx:hr>
          </gpxtpx:TrackPointExtension>
        </extensions>
      </trkpt>
      <trkpt lat="22.72833970174711" lon="113.95105216325824">
        <ele>41.252304745838046</ele>
        <time>1970-01-01T00:01:32.900000Z</time>
        <extensions>
          <gpxtpx:TrackPointExtension>
            <gpxtpx:hr>158</gpxtpx:hr>
          </gpxtpx:TrackPointExtension>
        </extensions>
      </trkpt>
      <trkpt lat="22.728322793170314" lon="113.95104149863158">
        <ele>41.22401272226125</ele>
        <time>1970-01-01T00:01:33.900000Z</time>
        <extensions>
          <gpxtpx:TrackPointExtension>
            <gpxtpx:hr>158</gpxtpx:hr>
          </gpxtpx:TrackPointExtension>
        </extensions>
      </trkpt>
      <trkpt lat="22.728304885630315" lon="113.95103728824198">
        <ele>41.19532262440771</ele>
        <time>1970-01-01T00:01:34.900000Z</time>
        <extensions>
          <gpxtpx:TrackPointExtension>
            <gpxtpx:hr>158</gpxtpx:hr>
          </gpxtpx:TrackPointExtension>
        </extensions>
      </trkpt>
      <trkpt lat="22.728285932615094" lon="113.95103896756707">
        <ele>41.16679706145078</ele>
        <time>1970-01-01T00:01:35.900000Z</time>
        <extensions>
          <gpxtpx:TrackPointExtension>
            <gpxtpx:hr>159</gpxtpx:hr>
          </gpxtpx:TrackPointExtension>
        </extensions>
      </trkpt>
      <trkpt lat="22.728266477068132" lon="113.95104530322729">
        <ele>41.13929123990238</ele>
        <time>1970-01-01T00:01:36.900000Z</time>
        <extensions>
          <gpxtpx:TrackPointExtension>
            <gpxtpx:hr>159</gpxtpx:hr>
          </gpxtpx:TrackPointExtension>
        </extensions>
      </trkpt>
      <trkpt lat="22.728247587725523" lon="113.95105498000389">
        <ele>41.11362923402339</ele>
        <time>1970-01-01T00:01:37.900000Z</time>
        <extensions>
          <gpxtpx:TrackPointExtension>
            <gpxtpx:hr>159</gpxtpx:hr>
          </gpxtpx:TrackPointExtension>
        </extensions>
      </trkpt>
      <trkpt lat="22.72823020072731" lon="113.95106672410068">
        <ele>41.09079666621983</ele>
        <time>1970-01-01T00:01:38.900000Z</time>
        <extensions>
          <gpxtpx:TrackPointExtension>
            <gpxtpx:hr>159</gpxtpx:hr>
          </gpxtpx:TrackPointExtension>
        </extensions>
      </trkpt>
      <trkpt lat="22.728214237232553" lon="113.95108029347399">
        <ele>41.07174446526915</ele>
        <time>1970-01-01T00:01:39.900000Z</time>
        <extensions>
          <gpxtpx:TrackPointExtension>
            <gpxtpx:hr>159</gpxtpx:hr>
          </gpxtpx:TrackPointExtension>
        </extensions>
      </trkpt>
      <trkpt lat="22.72819919453415" lon="113.95109596774178">
        <ele>41.057225779630244</ele>
        <time>1970-01-01T00:01:40.900000Z</time>
        <extensions>
          <gpxtpx:TrackPointExtension>
            <gpxtpx:hr>159</gpxtpx:hr>
          </gpxtpx:TrackPointExtension>
        </extensions>
      </trkpt>
      <trkpt lat="22.72818512942063" lon="113.95111387265355">
        <ele>41.04778800159693</ele>
        <time>1970-01-01T00:01:41.900000Z</time>
        <extensions>
          <gpxtpx:TrackPointExtension>
            <gpxtpx:hr>159</gpxtpx:hr>
          </gpxtpx:TrackPointExtension>
        </extensions>
      </trkpt>
      <trkpt lat="22.72817354823256" lon="113.95113383957774">
        <ele>41.04401466064155</ele>
        <time>1970-01-01T00:01:42.900000Z</time>
        <extensions>
          <gpxtpx:TrackPointExtension>
            <gpxtpx:hr>159</gpxtpx:hr>
          </gpxtpx:TrackPointExtension>
        </extensions>
      </trkpt>
      <trkpt lat="22.72816683701357" lon="113.95115592210853">
        <ele>41.04606054164469</ele>
        <time>1970-01-01T00:01:43.900000Z</time>
        <extensions>
          <gpxtpx:TrackPointExtension>
            <gpxtpx:hr>159</gpxtpx:hr>
          </gpxtpx:TrackPointExtension>
        </extensions>
      </trkpt>
      <trkpt lat="22.72816630219298" lon="113.9511801557199">
        <ele>41.05371390841901</ele>
        <time>1970-01-01T00:01:44.900000Z</time>
        <extensions>
          <gpxtpx:TrackPointExtension>
            <gpxtpx:hr>159</gpxtpx:hr>
          </gpxtpx:TrackPointExtension>
        </extensions>
      </trkpt>
      <trkpt lat="22.728171884361934" lon="113.95120524098125">
        <ele>41.06659212335944</ele>
        <time>1970-01-01T00:01:45.900000Z</time>
        <extensions>
          <gpxtpx:TrackPointExtension>
            <gpxtpx:hr>160</gpxtpx:hr>
          </gpxtpx:TrackPointExtension>
        </extensions>
      </trkpt>
      <trkpt lat="22.728182929767023" lon="113.95122921267686">
        <ele>41.08402612991631</ele>
        <time>1970-01-01T00:01:46.900000Z</time>
        <extensions>
          <gpxtpx:TrackPointExtension>
            <gpxtpx:hr>160</gpxtpx:hr>
          </gpxtpx:TrackPointExtension>
        </extensions>
      </trkpt>
      <trkpt lat="22.72819812187286" lon="113.95125126373308">
        <ele>41.104848835617304</ele>
        <time>1970-01-01T00:01:47.900000Z</time>
        <extensions>
          <gpxtpx:TrackPointExtension>
            <gpxtpx:hr>160</gpxtpx:hr>
          </gpxtpx:TrackPointExtension>
        </extensions>
      </trkpt>
      <trkpt lat="22.728215854330056" lon="113.95127260166099">
        <ele>41.127523810602725</ele>
        <time>1970-01-01T00:01:48.900000Z</time>
        <extensions>
          <gpxtpx:TrackPointExtension>
            <gpxtpx:hr>160</gpxtpx:hr>
          </gpxtpx:TrackPointExtension>
        </extensions>
      </trkpt>
      <trkpt lat="22.728234490261332" lon="113.95129371108364">
        <ele>41.15032264776528</ele>
        <time>1970-01-01T00:01:49.900000Z</time>
        <extensions>
          <gpxtpx:TrackPointExtension>
            <gpxtpx:hr>161</gpxtpx:hr>
          </gpxtpx:TrackPointExtension>
        </extensions>
      </trkpt>
      <trkpt lat="22.728253312318486" lon="113.95131387324261">
        <ele>41.1713898871094</ele>
        <time>1970-01-01T00:01:50.900000Z</time>
        <extensions>
          <gpxtpx:TrackPointExtension>
            <gpxtpx:hr>161</gpxtpx:hr>
          </gpxtpx:TrackPointExtension>
        </extensions>
      </trkpt>
      <trkpt lat="22.728272253860936" lon="113.9513328275411">
        <ele>41.1892279330641</ele>
        <time>1970-01-01T00:01:51.900000Z</time>
        <extensions>
          <gpxtpx:TrackPointExtension>
            <gpxtpx:hr>161</gpxtpx:hr>
          </gpxtpx:TrackPointExtension>
        </extensions>
      </trkpt>
      <trkpt lat="22.728291234862468" lon="113.95135140697352">
        <ele>41.20302311517298</ele>
        <time>1970-01-01T00:01:52.900000Z</time>
        <extensions>
          <gpxtpx:TrackPointExtension>
            <gpxtpx:hr>161</gpxtpx:hr>
          </gpxtpx:TrackPointExtension>
        </extensions>
      </trkpt>
      <trkpt lat="22.728310290864055" lon="113.95137012123641">
        <ele>41.212890891358256</ele>
        <time>1970-01-01T00:01:53.900000Z</time>
        <extensions>
          <gpxtpx:TrackPointExtension>
            <gpxtpx:hr>161</gpxtpx:hr>
          </gpxtpx:TrackPointExtension>
        </extensions>
      </trkpt>
      <trkpt lat="22.728328931338325" lon="113.9513886580254">
        <ele>41.21974085923284</ele>
        <time>1970-01-01T00:01:54.900000Z</time>
        <extensions>
          <gpxtpx:TrackPointExtension>
            <gpxtpx:hr>161</gpxtpx:hr>
          </gpxtpx:TrackPointExtension>
        </extensions>
      </trkpt>
      <trkpt lat="22.728347075990794" lon="113.95140644097991">
        <ele>41.225048121996224</ele>
        <time>1970-01-01T00:01:55.900000Z</time>
        <extensions>
          <gpxtpx:TrackPointExtension>
            <gpxtpx:hr>161</gpxtpx:hr>
          </gpxtpx:TrackPointExtension>
        </extensions>
      </trkpt>
      <trkpt lat="22.72836493940638" lon="113.95142396246588">
        <ele>41.23028293158859</ele>
        <time>1970-01-01T00:01:56.900000Z</time>
        <extensions>
          <gpxtpx:TrackPointExtension>
            <gpxtpx:hr>160</gpxtpx:hr>
          </gpxtpx:TrackPointExtension>
        </extensions>
      </trkpt>
      <trkpt lat="22.72838278180754" lon="113.95144194078762">
        <ele>41.23667991627008</ele>
        <time>1970-01-01T00:01:57.900000Z</time>
        <extensions>
          <gpxtpx:TrackPointExtension>
            <gpxtpx:hr>160</gpxtpx:hr>
          </gpxtpx:TrackPointExtension>
        </extensions>
      </trkpt>
      <trkpt lat="22.72840055196916" lon="113.95145968542839">
        <ele>41.24491615220904</ele>
        <time>1970-01-01T00:01:58.900000Z</time>
        <extensions>
          <gpxtpx:TrackPointExtension>
            <gpxtpx:hr>160</gpxtpx:hr>
          </gpxtpx:TrackPointExtension>
        </extensions>
      </trkpt>
      <trkpt lat="22.728418816440087" lon="113.9514770061386">
        <ele>41.254901678301394</ele>
        <time>1970-01-01T00:01:59.900000Z</time>
        <extensions>
          <gpxtpx:TrackPointExtension>
            <gpxtpx:hr>160</gpxtpx:hr>
          </gpxtpx:TrackPointExtension>
        </extensions>
      </trkpt>
      <trkpt lat="22.728437927564485" lon="113.95149417932018">
        <ele>41.26594513747841</ele>
        <time>1970-01-01T00:02:00.900000Z</time>
        <extensions>
          <gpxtpx:TrackPointExtension>
            <gpxtpx:hr>160</gpxtpx:hr>
          </gpxtpx:TrackPointExtension>
        </extensions>
      </trkpt>
      <trkpt lat="22.728457779059873" lon="113.95151130532479">
        <ele>41.27715370245278</ele>
        <time>1970-01-01T00:02:01.900000Z</time>
        <extensions>
          <gpxtpx:TrackPointExtension>
            <gpxtpx:hr>160</gpxtpx:hr>
          </gpxtpx:TrackPointExtension>
        </extensions>
      </trkpt>
      <trkpt lat="22.728477406232106" lon="113.95152806916956">
        <ele>41.28751024324447</ele>
        <time>1970-01-01T00:02:02.900000Z</time>
        <extensions>
          <gpxtpx:TrackPointExtension>
            <gpxtpx:hr>160</gpxtpx:hr>
          </gpxtpx:TrackPointExtension>
        </extensions>
      </trkpt>
      <trkpt lat="22.728496664592015" lon="113.95154413149709">
        <ele>41.29606883134693</ele>
        <time>1970-01-01T00:02:03.900000Z</time>
        <extensions>
          <gpxtpx:TrackPointExtension>
            <gpxtpx:hr>160</gpxtpx:hr>
          </gpxtpx:TrackPointExtension>
        </extensions>
      </trkpt>
      <trkpt lat="22.728515886347566" lon="113.95155952440275">
        <ele>41.30236850865185</ele>
        <time>1970-01-01T00:02:04.900000Z</time>
        <extensions>
          <gpxtpx:TrackPointExtension>
            <gpxtpx:hr>160</gpxtpx:hr>
          </gpxtpx:TrackPointExtension>
        </extensions>
      </trkpt>
      <trkpt lat="22.7285347889623" lon="113.95157508172446">
        <ele>41.30634226184338</ele>
        <time>1970-01-01T00:02:05.900000Z</time>
        <extensions>
          <gpxtpx:TrackPointExtension>
            <gpxtpx:hr>159</gpxtpx:hr>
          </gpxtpx:TrackPointExtension>
        </extensions>
      </trkpt>
      <trkpt lat="22.728552812050637" lon="113.95159131720045">
        <ele>41.308201875537634</ele>
        <time>1970-01-01T00:02:06.900000Z</time>
        <extensions>
          <gpxtpx:TrackPointExtension>
            <gpxtpx:hr>159</gpxtpx:hr>
          </gpxtpx:TrackPointExtension>
        </extensions>
      </trkpt>
      <trkpt lat="22.728569762004657" lon="113.95160813412899">
        <ele>41.308497914113104</ele>
        <time>1970-01-01T00:02:07.900000Z</time>
        <extensions>
          <gpxtpx:TrackPointExtension>
            <gpxtpx:hr>159</gpxtpx:hr>
          </gpxtpx:TrackPointExtension>
        </extensions>
      </trkpt>
      <trkpt lat="22.728585999378858" lon="113.95162490819156">
        <ele>41.30815293267369</ele>
        <time>1970-01-01T00:02:08.900000Z</time>
        <extensions>
          <gpxtpx:TrackPointExtension>
            <gpxtpx:hr>159</gpxtpx:hr>
          </gpxtpx:TrackPointExtension>
        </extensions>
      </trkpt>
      <trkpt lat="22.72860166214533" lon="113.95164174574406">
        <ele>41.308247132226825</ele>
        <time>1970-01-01T00:02:09.900000Z</time>
        <extensions>
          <gpxtpx:TrackPointExtension>
            <gpxtpx:hr>159</gpxtpx:hr>
          </gpxtpx:TrackPointExtension>
        </extensions>
      </trkpt>
      <trkpt lat="22.728616658674174" lon="113.95165971287757">
        <ele>41.30983505025506</ele>
        <time>1970-01-01T00:02:10.900000Z</time>
        <extensions>
          <gpxtpx:TrackPointExtension>
            <gpxtpx:hr>159</gpxtpx:hr>
          </gpxtpx:TrackPointExtension>
        </extensions>
      </trkpt>
      <trkpt lat="22.72863134193085" lon="113.95167858132636">
        <ele>41.31360836792737</ele>
        <time>1970-01-01T00:02:11.900000Z</time>
        <extensions>
          <gpxtpx:TrackPointExtension>
            <gpxtpx:hr>159</gpxtpx:hr>
          </gpxtpx:TrackPointExtension>
        </extensions>
      </trkpt>
      <trkpt lat="22.72864682740989" lon="113.9516973754276">
        <ele>41.31975110806525</ele>
        <time>1970-01-01T00:02:12.900000Z</time>
        <extensions>
          <gpxtpx:TrackPointExtension>
            <gpxtpx:hr>159</gpxtpx:hr>
          </gpxtpx:TrackPointExtension>
        </extensions>
      </trkpt>
      <trkpt lat="22.72866340015811" lon="113.9517150690594">
        <ele>41.32781500555575</ele>
        <time>1970-01-01T00:02:13.900000Z</time>
        <extensions>
          <gpxtpx:TrackPointExtension>
            <gpxtpx:hr>159</gpxtpx:hr>
          </gpxtpx:TrackPointExtension>
        </extensions>
      </trkpt>
      <trkpt lat="22.72868074831477" lon="113.9517318887907">
        <ele>41.337194791063666</ele>
        <time>1970-01-01T00:02:14.900000Z</time>
        <extensions>
          <gpxtpx:TrackPointExtension>
            <gpxtpx:hr>159</gpxtpx:hr>
          </gpxtpx:TrackPointExtension>
        </extensions>
      </trkpt>
      <trkpt lat="22.72869820795433" lon="113.95174916417851">
        <ele>41.34718282613903</ele>
        <time>1970-01-01T00:02:15.900000Z</time>
        <extensions>
          <gpxtpx:TrackPointExtension>
            <gpxtpx:hr>159</gpxtpx:hr>
          </gpxtpx:TrackPointExtension>
        </extensions>
      </trkpt>
      <trkpt lat="22.728715267690063" lon="113.95176765375096">
        <ele>41.357146909460425</ele>
        <time>1970-01-01T00:02:16.900000Z</time>
        <extensions>
          <gpxtpx:TrackPointExtension>
            <gpxtpx:hr>159</gpxtpx:hr>
          </gpxtpx:TrackPointExtension>
        </extensions>
      </trkpt>
      <trkpt lat="22.728731439484932" lon="113.9517863766472">
        <ele>41.36661332473159</ele>
        <time>1970-01-01T00:02:17.900000Z</time>
        <extensions>
          <gpxtpx:TrackPointExtension>
            <gpxtpx:hr>159</gpxtpx:hr>
          </gpxtpx:TrackPointExtension>
        </extensions>
      </trkpt>
      <trkpt lat="22.728747161077646" lon="113.95180515116743">
        <ele>41.37544797733426</ele>
        <time>1970-01-01T00:02:18.900000Z</time>
        <extensions>
          <gpxtpx:TrackPointExtension>
            <gpxtpx:hr>159</gpxtpx:hr>
          </gpxtpx:TrackPointExtension>
        </extensions>
      </trkpt>
      <trkpt lat="22.72876233894816" lon="113.95182417674033">
        <ele>41.38364749029279</ele>
        <time>1970-01-01T00:02:19.900000Z</time>
        <extensions>
          <gpxtpx:TrackPointExtension>
            <gpxtpx:hr>159</gpxtpx:hr>
          </gpxtpx:TrackPointExtension>
        </extensions>
      </trkpt>
      <trkpt lat="22.72877707478646" lon="113.95184312150609">
        <ele>41.39136512298137</ele>
        <time>1970-01-01T00:02:20.900000Z</time>
        <extensions>
          <gpxtpx:TrackPointExtension>
            <gpxtpx:hr>157</gpxtpx:hr>
          </gpxtpx:TrackPointExtension>
        </extensions>
      </trkpt>
      <trkpt lat="22.728792038637295" lon="113.95186169485673">
        <ele>41.398857404477894</ele>
        <time>1970-01-01T00:02:21.900000Z</time>
        <extensions>
          <gpxtpx:TrackPointExtension>
            <gpxtpx:hr>157</gpxtpx:hr>
          </gpxtpx:TrackPointExtension>
        </extensions>
      </trkpt>
      <trkpt lat="22.728807689014417" lon="113.95187979410687">
        <ele>41.4063859814778</ele>
        <time>1970-01-01T00:02:22.900000Z</time>
        <extensions>
          <gpxtpx:TrackPointExtension>
            <gpxtpx:hr>157</gpxtpx:hr>
          </gpxtpx:TrackPointExtension>
        </extensions>
      </trkpt>
      <trkpt lat="22.72882402447925" lon="113.95189719615308">
        <ele>41.41395942028612</ele>
        <time>1970-01-01T00:02:23.900000Z</time>
        <extensions>
          <gpxtpx:TrackPointExtension>
            <gpxtpx:hr>157</gpxtpx:hr>
          </gpxtpx:TrackPointExtension>
        </extensions>
      </trkpt>
      <trkpt lat="22.728840754158334" lon="113.95191391459458">
        <ele>41.42121622804552</ele>
        <time>1970-01-01T00:02:24.900000Z</time>
        <extensions>
          <gpxtpx:TrackPointExtension>
            <gpxtpx:hr>157</gpxtpx:hr>
          </gpxtpx:TrackPointExtension>
        </extensions>
      </trkpt>
      <trkpt lat="22.728857356477114" lon="113.95193079540154">
        <ele>41.427656206302345</ele>
        <time>1970-01-01T00:02:25.900000Z</time>
        <extensions>
          <gpxtpx:TrackPointExtension>
            <gpxtpx:hr>157</gpxtpx:hr>
          </gpxtpx:TrackPointExtension>
        </extensions>
      </trkpt>
      <trkpt lat="22.728873172543757" lon="113.95194841231978">
        <ele>41.43289142753929</ele>
        <time>1970-01-01T00:02:26.900000Z</time>
        <extensions>
          <gpxtpx:TrackPointExtension>
            <gpxtpx:hr>157</gpxtpx:hr>
          </gpxtpx:TrackPointExtension>
        </extensions>
      </trkpt>
      <trkpt lat="22.728888021716838" lon="113.95196683021166">
        <ele>41.43668760545552</ele>
        <time>1970-01-01T00:02:27.900000Z</time>
        <extensions>
          <gpxtpx:TrackPointExtension>
            <gpxtpx:hr>157</gpxtpx:hr>
          </gpxtpx:TrackPointExtension>
        </extensions>
      </trkpt>
      <trkpt lat="22.728901970813084" lon="113.95198575437107">
        <ele>41.438889116980135</ele>
        <time>1970-01-01T00:02:28.900000Z</time>
        <extensions>
          <gpxtpx:TrackPointExtension>
            <gpxtpx:hr>157</gpxtpx:hr>
          </gpxtpx:TrackPointExtension>
        </extensions>
      </trkpt>
      <trkpt lat="22.72891584254545" lon="113.9520045425978">
        <ele>41.439849983900785</ele>
        <time>1970-01-01T00:02:29.900000Z</time>
        <extensions>
          <gpxtpx:TrackPointExtension>
            <gpxtpx:hr>157</gpxtpx:hr>
          </gpxtpx:TrackPointExtension>
        </extensions>
      </trkpt>
      <trkpt lat="22.7289301343789" lon="113.95202258982577">
        <ele>41.44018695410341</ele>
        <time>1970-01-01T00:02:30.900000Z</time>
        <extensions>
          <gpxtpx:TrackPointExtension>
            <gpxtpx:hr>157</gpxtpx:hr>
          </gpxtpx:TrackPointExtension>
        </extensions>
      </trkpt>
      <trkpt lat="22.728944790349193" lon="113.95203973964493">
        <ele>41.44055494945496</ele>
        <time>1970-01-01T00:02:31.900000Z</time>
        <extensions>
          <gpxtpx:TrackPointExtension>
            <gpxtpx:hr>157</gpxtpx:hr>
          </gpxtpx:TrackPointExtension>
        </extensions>
      </trkpt>
      <trkpt lat="22.728959307776517" lon="113.95205646439067">
        <ele>41.440912385471165</ele>
        <time>1970-01-01T00:02:32.900000Z</time>
        <extensions>
          <gpxtpx:TrackPointExtension>
            <gpxtpx:hr>159</gpxtpx:hr>
          </gpxtpx:TrackPointExtension>
        </extensions>
      </trkpt>
      <trkpt lat="22.72897387639875" lon="113.95207388977006">
        <ele>41.44115521758795</ele>
        <time>1970-01-01T00:02:33.900000Z</time>
        <extensions>
          <gpxtpx:TrackPointExtension>
            <gpxtpx:hr>159</gpxtpx:hr>
          </gpxtpx:TrackPointExtension>
        </extensions>
      </trkpt>
      <trkpt lat="22.728988634880423" lon="113.95209204910383">
        <ele>41.441115925088525</ele>
        <time>1970-01-01T00:02:34.900000Z</time>
        <extensions>
          <gpxtpx:TrackPointExtension>
            <gpxtpx:hr>159</gpxtpx:hr>
          </gpxtpx:TrackPointExtension>
        </extensions>
      </trkpt>
      <trkpt lat="22.729003583742877" lon="113.95210996150972">
        <ele>41.440560416318476</ele>
        <time>1970-01-01T00:02:35.900000Z</time>
        <extensions>
          <gpxtpx:TrackPointExtension>
            <gpxtpx:hr>159</gpxtpx:hr>
          </gpxtpx:TrackPointExtension>
        </extensions>
      </trkpt>
      <trkpt lat="22.729018634619145" lon="113.95212696221962">
        <ele>41.43910865858197</ele>
        <time>1970-01-01T00:02:36.900000Z</time>
        <extensions>
          <gpxtpx:TrackPointExtension>
            <gpxtpx:hr>159</gpxtpx:hr>
          </gpxtpx:TrackPointExtension>
        </extensions>
      </trkpt>
      <trkpt lat="22.72903378929763" lon="113.95214282306334">
        <ele>41.43652994185686</ele>
        <time>1970-01-01T00:02:37.900000Z</time>
        <extensions>
          <gpxtpx:TrackPointExtension>
            <gpxtpx:hr>159</gpxtpx:hr>
          </gpxtpx:TrackPointExtension>
        </extensions>
      </trkpt>
      <trkpt lat="22.729049436346898" lon="113.95215736892166">
        <ele>41.43216104898602</ele>
        <time>1970-01-01T00:02:38.900000Z</time>
        <extensions>
          <gpxtpx:TrackPointExtension>
            <gpxtpx:hr>159</gpxtpx:hr>
          </gpxtpx:TrackPointExtension>
        </extensions>
      </trkpt>
      <trkpt lat="22.729065898367022" lon="113.9521708497158">
        <ele>41.425058644264936</ele>
        <time>1970-01-01T00:02:39.900000Z</time>
        <extensions>
          <gpxtpx:TrackPointExtension>
            <gpxtpx:hr>159</gpxtpx:hr>
          </gpxtpx:TrackPointExtension>
        </extensions>
      </trkpt>
      <trkpt lat="22.729083881254788" lon="113.95218419542161">
        <ele>41.41438542958349</ele>
        <time>1970-01-01T00:02:40.900000Z</time>
        <extensions>
          <gpxtpx:TrackPointExtension>
            <gpxtpx:hr>159</gpxtpx:hr>
          </gpxtpx:TrackPointExtension>
        </extensions>
      </trkpt>
      <trkpt lat="22.72910287863308" lon="113.95219887316743">
        <ele>41.40001772902906</ele>
        <time>1970-01-01T00:02:41.900000Z</time>
        <extensions>
          <gpxtpx:TrackPointExtension>
            <gpxtpx:hr>159</gpxtpx:hr>
          </gpxtpx:TrackPointExtension>
        </extensions>
      </trkpt>
      <trkpt lat="22.72912045521281" lon="113.95221551218697">
        <ele>41.34989172779024</ele>
        <time>1970-01-01T00:02:42.900000Z</time>
        <extensions>
          <gpxtpx:TrackPointExtension>
            <gpxtpx:hr>159</gpxtpx:hr>
          </gpxtpx:TrackPointExtension>
        </extensions>
      </trkpt>
      <trkpt lat="22.72913564385474" lon="113.95223448875674">
        <ele>41.30432831402868</ele>
        <time>1970-01-01T00:02:43.900000Z</time>
        <extensions>
          <gpxtpx:TrackPointExtension>
            <gpxtpx:hr>158</gpxtpx:hr>
          </gpxtpx:TrackPointExtension>
        </extensions>
      </trkpt>
      <trkpt lat="22.729148605648682" lon="113.95225413129005">
        <ele>41.258863545022905</ele>
        <time>1970-01-01T00:02:44.900000Z</time>
        <extensions>
          <gpxtpx:TrackPointExtension>
            <gpxtpx:hr>158</gpxtpx:hr>
          </gpxtpx:TrackPointExtension>
        </extensions>
      </trkpt>
      <trkpt lat="22.729160292326153" lon="113.95227424538197">
        <ele>41.21541553828865</ele>
        <time>1970-01-01T00:02:45.900000Z</time>
        <extensions>
          <gpxtpx:TrackPointExtension>
            <gpxtpx:hr>158</gpxtpx:hr>
          </gpxtpx:TrackPointExtension>
        </extensions>
      </trkpt>
      <trkpt lat="22.729171466342656" lon="113.95229554676374">
        <ele>41.17752827052027</ele>
        <time>1970-01-01T00:02:46.900000Z</time>
        <extensions>
          <gpxtpx:TrackPointExtension>
            <gpxtpx:hr>158</gpxtpx:hr>
          </gpxtpx:TrackPointExtension>
        </extensions>
      </trkpt>
      <trkpt lat="22.729182170051374" lon="113.95231778109006">
        <ele>41.14889603108168</ele>
        <time>1970-01-01T00:02:47.900000Z</time>
        <extensions>
          <gpxtpx:TrackPointExtension>
            <gpxtpx:hr>158</gpxtpx:hr>
          </gpxtpx:TrackPointExtension>
        </extensions>
      </trkpt>
      <trkpt lat="22.729192906092393" lon="113.95234046193252">
        <ele>41.13423895370215</ele>
        <time>1970-01-01T00:02:48.900000Z</time>
        <extensions>
          <gpxtpx:TrackPointExtension>
            <gpxtpx:hr>158</gpxtpx:hr>
          </gpxtpx:TrackPointExtension>
        </extensions>
      </trkpt>
      <trkpt lat="22.7292041116058" lon="113.95236328113646">
        <ele>41.14105216227472</ele>
        <time>1970-01-01T00:02:49.900000Z</time>
        <extensions>
          <gpxtpx:TrackPointExtension>
            <gpxtpx:hr>158</gpxtpx:hr>
          </gpxtpx:TrackPointExtension>
        </extensions>
      </trkpt>
      <trkpt lat="22.72921535621491" lon="113.95238552863232">
        <ele>41.18117325939238</ele>
        <time>1970-01-01T00:02:50.900000Z</time>
        <extensions>
          <gpxtpx:TrackPointExtension>
            <gpxtpx:hr>158</gpxtpx:hr>
          </gpxtpx:TrackPointExtension>
        </extensions>
      </trkpt>
      <trkpt lat="22.729226371573265" lon="113.9524070846919">
        <ele>41.272726433351636</ele>
        <time>1970-01-01T00:02:51.900000Z</time>
        <extensions>
          <gpxtpx:TrackPointExtension>
            <gpxtpx:hr>158</gpxtpx:hr>
          </gpxtpx:TrackPointExtension>
        </extensions>
      </trkpt>
      <trkpt lat="22.72927225777868" lon="113.95249031704964">
        <ele>41.56531113293022</ele>
        <time>1970-01-01T00:02:55.900000Z</time>
        <extensions>
          <gpxtpx:TrackPointExtension>
            <gpxtpx:hr>156</gpxtpx:hr>
          </gpxtpx:TrackPointExtension>
        </extensions>
      </trkpt>
      <trkpt lat="22.729284792194388" lon="113.95251219676521">
        <ele>41.55103608034551</ele>
        <time>1970-01-01T00:02:56.900000Z</time>
        <extensions>
          <gpxtpx:TrackPointExtension>
            <gpxtpx:hr>157</gpxtpx:hr>
          </gpxtpx:TrackPointExtension>
        </extensions>
      </trkpt>
      <trkpt lat="22.729284819811923" lon="113.95251294715762">
        <ele>41.55445345491171</ele>
        <time>1970-01-01T00:02:56.900000Z</time>
        <extensions>
          <gpxtpx:TrackPointExtension>
            <gpxtpx:hr>157</gpxtpx:hr>
          </gpxtpx:TrackPointExtension>
        </extensions>
      </trkpt>
      <trkpt lat="22.72929799915595" lon="113.95253464842527">
        <ele>41.505675710737705</ele>
        <time>1970-01-01T00:02:57.900000Z</time>
        <extensions>
          <gpxtpx:TrackPointExtension>
            <gpxtpx:hr>157</gpxtpx:hr>
          </gpxtpx:TrackPointExtension>
        </extensions>
      </trkpt>
      <trkpt lat="22.72931129596095" lon="113.95255686487037">
        <ele>41.46612857095897</ele>
        <time>1970-01-01T00:02:58.900000Z</time>
        <extensions>
          <gpxtpx:TrackPointExtension>
            <gpxtpx:hr>157</gpxtpx:hr>
          </gpxtpx:TrackPointExtension>
        </extensions>
      </trkpt>
      <trkpt lat="22.72932422407355" lon="113.95257891757878">
        <ele>41.4357171356678</ele>
        <time>1970-01-01T00:02:59.900000Z</time>
        <extensions>
          <gpxtpx:TrackPointExtension>
            <gpxtpx:hr>157</gpxtpx:hr>
          </gpxtpx:TrackPointExtension>
        </extensions>
      </trkpt>
      <trkpt lat="22.729336855657767" lon="113.95260058471672">
        <ele>41.41311559546739</ele>
        <time>1970-01-01T00:03:00.900000Z</time>
        <extensions>
          <gpxtpx:TrackPointExtension>
            <gpxtpx:hr>157</gpxtpx:hr>
          </gpxtpx:TrackPointExtension>
        </extensions>
      </trkpt>
      <trkpt lat="22.72934946396688" lon="113.95262212606839">
        <ele>41.396769773215055</ele>
        <time>1970-01-01T00:03:01.900000Z</time>
        <extensions>
          <gpxtpx:TrackPointExtension>
            <gpxtpx:hr>157</gpxtpx:hr>
          </gpxtpx:TrackPointExtension>
        </extensions>
      </trkpt>
      <trkpt lat="22.729362070473194" lon="113.95264371648449">
        <ele>41.38569735921919</ele>
        <time>1970-01-01T00:03:02.900000Z</time>
        <extensions>
          <gpxtpx:TrackPointExtension>
            <gpxtpx:hr>157</gpxtpx:hr>
          </gpxtpx:TrackPointExtension>
        </extensions>
      </trkpt>
      <trkpt lat="22.729374437004655" lon="113.95266552445793">
        <ele>41.37944064382464</ele>
        <time>1970-01-01T00:03:03.900000Z</time>
        <extensions>
          <gpxtpx:TrackPointExtension>
            <gpxtpx:hr>158</gpxtpx:hr>
          </gpxtpx:TrackPointExtension>
        </extensions>
      </trkpt>
      <trkpt lat="22.72938662792136" lon="113.95268762806346">
        <ele>41.37775919213891</ele>
        <time>1970-01-01T00:03:04.900000Z</time>
        <extensions>
          <gpxtpx:TrackPointExtension>
            <gpxtpx:hr>158</gpxtpx:hr>
          </gpxtpx:TrackPointExtension>
        </extensions>
      </trkpt>
      <trkpt lat="22.72939870768081" lon="113.95270975181097">
        <ele>41.38017630018294</ele>
        <time>1970-01-01T00:03:05.900000Z</time>
        <extensions>
          <gpxtpx:TrackPointExtension>
            <gpxtpx:hr>158</gpxtpx:hr>
          </gpxtpx:TrackPointExtension>
        </extensions>
      </trkpt>
      <trkpt lat="22.72941072049628" lon="113.9527316347082">
        <ele>41.386141947470605</ele>
        <time>1970-01-01T00:03:06.900000Z</time>
        <extensions>
          <gpxtpx:TrackPointExtension>
            <gpxtpx:hr>158</gpxtpx:hr>
          </gpxtpx:TrackPointExtension>
        </extensions>
      </trkpt>
      <trkpt lat="22.729422906323894" lon="113.95275378080669">
        <ele>41.394906831905246</ele>
        <time>1970-01-01T00:03:07.900000Z</time>
        <extensions>
          <gpxtpx:TrackPointExtension>
            <gpxtpx:hr>158</gpxtpx:hr>
          </gpxtpx:TrackPointExtension>
        </extensions>
      </trkpt>
      <trkpt lat="22.729434735164475" lon="113.95277675672702">
        <ele>41.40565926581621</ele>
        <time>1970-01-01T00:03:08.900000Z</time>
        <extensions>
          <gpxtpx:TrackPointExtension>
            <gpxtpx:hr>158</gpxtpx:hr>
          </gpxtpx:TrackPointExtension>
        </extensions>
      </trkpt>
      <trkpt lat="22.729446024646055" lon="113.95279974123018">
        <ele>41.417806410230696</ele>
        <time>1970-01-01T00:03:09.900000Z</time>
        <extensions>
          <gpxtpx:TrackPointExtension>
            <gpxtpx:hr>158</gpxtpx:hr>
          </gpxtpx:TrackPointExtension>
        </extensions>
      </trkpt>
      <trkpt lat="22.72945719331366" lon="113.95282227443349">
        <ele>41.43106655403972</ele>
        <time>1970-01-01T00:03:10.900000Z</time>
        <extensions>
          <gpxtpx:TrackPointExtension>
            <gpxtpx:hr>158</gpxtpx:hr>
          </gpxtpx:TrackPointExtension>
        </extensions>
      </trkpt>
      <trkpt lat="22.729468694623545" lon="113.95284432075192">
        <ele>41.44511979445815</ele>
        <time>1970-01-01T00:03:11.900000Z</time>
        <extensions>
          <gpxtpx:TrackPointExtension>
            <gpxtpx:hr>158</gpxtpx:hr>
          </gpxtpx:TrackPointExtension>
        </extensions>
      </trkpt>
      <trkpt lat="22.729480796702827" lon="113.95286577862244">
        <ele>41.45938220620155</ele>
        <time>1970-01-01T00:03:12.900000Z</time>
        <extensions>
          <gpxtpx:TrackPointExtension>
            <gpxtpx:hr>160</gpxtpx:hr>
          </gpxtpx:TrackPointExtension>
        </extensions>
      </trkpt>
      <trkpt lat="22.729493101674414" lon="113.95288720188628">
        <ele>41.473082405515015</ele>
        <time>1970-01-01T00:03:13.900000Z</time>
        <extensions>
          <gpxtpx:TrackPointExtension>
            <gpxtpx:hr>160</gpxtpx:hr>
          </gpxtpx:TrackPointExtension>
        </extensions>
      </trkpt>
      <trkpt lat="22.72950531734495" lon="113.9529088823825">
        <ele>41.48544925265014</ele>
        <time>1970-01-01T00:03:14.900000Z</time>
        <extensions>
          <gpxtpx:TrackPointExtension>
            <gpxtpx:hr>160</gpxtpx:hr>
          </gpxtpx:TrackPointExtension>
        </extensions>
      </trkpt>
      <trkpt lat="22.729517416418386" lon="113.95293085887354">
        <ele>41.49607697222382</ele>
        <time>1970-01-01T00:03:15.900000Z</time>
        <extensions>
          <gpxtpx:TrackPointExtension>
            <gpxtpx:hr>160</gpxtpx:hr>
          </gpxtpx:TrackPointExtension>
        </extensions>
      </trkpt>
      <trkpt lat="22.72952936842757" lon="113.95295295252717">
        <ele>41.504998218268156</ele>
        <time>1970-01-01T00:03:16.900000Z</time>
        <extensions>
          <gpxtpx:TrackPointExtension>
            <gpxtpx:hr>160</gpxtpx:hr>
          </gpxtpx:TrackPointExtension>
        </extensions>
      </trkpt>
      <trkpt lat="22.72954132711643" lon="113.95297506382117">
        <ele>41.512574039399624</ele>
        <time>1970-01-01T00:03:17.900000Z</time>
        <extensions>
          <gpxtpx:TrackPointExtension>
            <gpxtpx:hr>160</gpxtpx:hr>
          </gpxtpx:TrackPointExtension>
        </extensions>
      </trkpt>
      <trkpt lat="22.729553176626816" lon="113.95299799070634">
        <ele>41.51922014169395</ele>
        <time>1970-01-01T00:03:18.900000Z</time>
        <extensions>
          <gpxtpx:TrackPointExtension>
            <gpxtpx:hr>160</gpxtpx:hr>
          </gpxtpx:TrackPointExtension>
        </extensions>
      </trkpt>
      <trkpt lat="22.72956490998213" lon="113.95302143294461">
        <ele>41.525392710231245</ele>
        <time>1970-01-01T00:03:19.900000Z</time>
        <extensions>
          <gpxtpx:TrackPointExtension>
            <gpxtpx:hr>159</gpxtpx:hr>
          </gpxtpx:TrackPointExtension>
        </extensions>
      </trkpt>
      <trkpt lat="22.729576905008635" lon="113.95304415314716">
        <ele>41.53155906777829</ele>
        <time>1970-01-01T00:03:20.900000Z</time>
        <extensions>
          <gpxtpx:TrackPointExtension>
            <gpxtpx:hr>159</gpxtpx:hr>
          </gpxtpx:TrackPointExtension>
        </extensions>
      </trkpt>
      <trkpt lat="22.729589087872217" lon="113.95306590062994">
        <ele>41.53795947879553</ele>
        <time>1970-01-01T00:03:21.900000Z</time>
        <extensions>
          <gpxtpx:TrackPointExtension>
            <gpxtpx:hr>159</gpxtpx:hr>
          </gpxtpx:TrackPointExtension>
        </extensions>
      </trkpt>
      <trkpt lat="22.729601377600837" lon="113.95308707172502">
        <ele>41.544555394910276</ele>
        <time>1970-01-01T00:03:22.900000Z</time>
        <extensions>
          <gpxtpx:TrackPointExtension>
            <gpxtpx:hr>159</gpxtpx:hr>
          </gpxtpx:TrackPointExtension>
        </extensions>
      </trkpt>
      <trkpt lat="22.72961378593999" lon="113.95310796615817">
        <ele>41.551338974386454</ele>
        <time>1970-01-01T00:03:23.900000Z</time>
        <extensions>
          <gpxtpx:TrackPointExtension>
            <gpxtpx:hr>159</gpxtpx:hr>
          </gpxtpx:TrackPointExtension>
        </extensions>
      </trkpt>
      <trkpt lat="22.72962604192153" lon="113.95312907984915">
        <ele>41.55823825486004</ele>
        <time>1970-01-01T00:03:24.900000Z</time>
        <extensions>
          <gpxtpx:TrackPointExtension>
            <gpxtpx:hr>158</gpxtpx:hr>
          </gpxtpx:TrackPointExtension>
        </extensions>
      </trkpt>
      <trkpt lat="22.729638365943945" lon="113.95315075403396">
        <ele>41.56494532618672</ele>
        <time>1970-01-01T00:03:25.900000Z</time>
        <extensions>
          <gpxtpx:TrackPointExtension>
            <gpxtpx:hr>158</gpxtpx:hr>
          </gpxtpx:TrackPointExtension>
        </extensions>
      </trkpt>
      <trkpt lat="22.729650994237353" lon="113.95317220909382">
        <ele>41.57124579511583</ele>
        <time>1970-01-01T00:03:26.900000Z</time>
        <extensions>
          <gpxtpx:TrackPointExtension>
            <gpxtpx:hr>158</gpxtpx:hr>
          </gpxtpx:TrackPointExtension>
        </extensions>
      </trkpt>
      <trkpt lat="22.72966410675467" lon="113.95319318575834">
        <ele>41.577310723252594</ele>
        <time>1970-01-01T00:03:27.900000Z</time>
        <extensions>
          <gpxtpx:TrackPointExtension>
            <gpxtpx:hr>158</gpxtpx:hr>
          </gpxtpx:TrackPointExtension>
        </extensions>
      </trkpt>
      <trkpt lat="22.72967751101642" lon="113.95321371681274">
        <ele>41.58366713579744</ele>
        <time>1970-01-01T00:03:28.900000Z</time>
        <extensions>
          <gpxtpx:TrackPointExtension>
            <gpxtpx:hr>159</gpxtpx:hr>
          </gpxtpx:TrackPointExtension>
        </extensions>
      </trkpt>
      <trkpt lat="22.729690831901664" lon="113.95323425461531">
        <ele>41.59097705408931</ele>
        <time>1970-01-01T00:03:29.900000Z</time>
        <extensions>
          <gpxtpx:TrackPointExtension>
            <gpxtpx:hr>159</gpxtpx:hr>
          </gpxtpx:TrackPointExtension>
        </extensions>
      </trkpt>
      <trkpt lat="22.729703737083074" lon="113.95325476499457">
        <ele>41.59978768788278</ele>
        <time>1970-01-01T00:03:30.900000Z</time>
        <extensions>
          <gpxtpx:TrackPointExtension>
            <gpxtpx:hr>159</gpxtpx:hr>
          </gpxtpx:TrackPointExtension>
        </extensions>
      </trkpt>
      <trkpt lat="22.7297163489544" lon="113.9532753778219">
        <ele>41.610318241640925</ele>
        <time>1970-01-01T00:03:31.900000Z</time>
        <extensions>
          <gpxtpx:TrackPointExtension>
            <gpxtpx:hr>159</gpxtpx:hr>
          </gpxtpx:TrackPointExtension>
        </extensions>
      </trkpt>
      <trkpt lat="22.729728861271152" lon="113.95329639790445">
        <ele>41.6223521027714</ele>
        <time>1970-01-01T00:03:32.900000Z</time>
        <extensions>
          <gpxtpx:TrackPointExtension>
            <gpxtpx:hr>159</gpxtpx:hr>
          </gpxtpx:TrackPointExtension>
        </extensions>
      </trkpt>
      <trkpt lat="22.729741973385995" lon="113.9533180243979">
        <ele>41.63505988102406</ele>
        <time>1970-01-01T00:03:33.900000Z</time>
        <extensions>
          <gpxtpx:TrackPointExtension>
            <gpxtpx:hr>159</gpxtpx:hr>
          </gpxtpx:TrackPointExtension>
        </extensions>
      </trkpt>
      <trkpt lat="22.729756247992785" lon="113.95333986940618">
        <ele>41.64750649314374</ele>
        <time>1970-01-01T00:03:34.900000Z</time>
        <extensions>
          <gpxtpx:TrackPointExtension>
            <gpxtpx:hr>163</gpxtpx:hr>
          </gpxtpx:TrackPointExtension>
        </extensions>
      </trkpt>
      <trkpt lat="22.729771385248625" lon="113.95336153094198">
        <ele>41.65896709263325</ele>
        <time>1970-01-01T00:03:35.900000Z</time>
        <extensions>
          <gpxtpx:TrackPointExtension>
            <gpxtpx:hr>163</gpxtpx:hr>
          </gpxtpx:TrackPointExtension>
        </extensions>
      </trkpt>
      <trkpt lat="22.72978693803578" lon="113.95338280545545">
        <ele>41.66899775993079</ele>
        <time>1970-01-01T00:03:36.900000Z</time>
        <extensions>
          <gpxtpx:TrackPointExtension>
            <gpxtpx:hr>163</gpxtpx:hr>
          </gpxtpx:TrackPointExtension>
        </extensions>
      </trkpt>
      <trkpt lat="22.729802537586462" lon="113.9534037442888">
        <ele>41.67727296054363</ele>
        <time>1970-01-01T00:03:37.900000Z</time>
        <extensions>
          <gpxtpx:TrackPointExtension>
            <gpxtpx:hr>163</gpxtpx:hr>
          </gpxtpx:TrackPointExtension>
        </extensions>
      </trkpt>
      <trkpt lat="22.729817972537212" lon="113.95342480151527">
        <ele>41.683771170675755</ele>
        <time>1970-01-01T00:03:38.900000Z</time>
        <extensions>
          <gpxtpx:TrackPointExtension>
            <gpxtpx:hr>163</gpxtpx:hr>
          </gpxtpx:TrackPointExtension>
        </extensions>
      </trkpt>
      <trkpt lat="22.72983283030703" lon="113.95344607243287">
        <ele>41.688516503199935</ele>
        <time>1970-01-01T00:03:39.900000Z</time>
        <extensions>
          <gpxtpx:TrackPointExtension>
            <gpxtpx:hr>163</gpxtpx:hr>
          </gpxtpx:TrackPointExtension>
        </extensions>
      </trkpt>
      <trkpt lat="22.72984684135234" lon="113.95346766599482">
        <ele>41.691511707380414</ele>
        <time>1970-01-01T00:03:40.900000Z</time>
        <extensions>
          <gpxtpx:TrackPointExtension>
            <gpxtpx:hr>163</gpxtpx:hr>
          </gpxtpx:TrackPointExtension>
        </extensions>
      </trkpt>
      <trkpt lat="22.729860022415178" lon="113.95348919054676">
        <ele>41.69275851082057</ele>
        <time>1970-01-01T00:03:41.900000Z</time>
        <extensions>
          <gpxtpx:TrackPointExtension>
            <gpxtpx:hr>163</gpxtpx:hr>
          </gpxtpx:TrackPointExtension>
        </extensions>
      </trkpt>
      <trkpt lat="22.72987264817851" lon="113.95351052658938">
        <ele>41.69244753848761</ele>
        <time>1970-01-01T00:03:42.900000Z</time>
        <extensions>
          <gpxtpx:TrackPointExtension>
            <gpxtpx:hr>166</gpxtpx:hr>
          </gpxtpx:TrackPointExtension>
        </extensions>
      </trkpt>
      <trkpt lat="22.729884610612253" lon="113.95353206873042">
        <ele>41.690905653871596</ele>
        <time>1970-01-01T00:03:43.900000Z</time>
        <extensions>
          <gpxtpx:TrackPointExtension>
            <gpxtpx:hr>166</gpxtpx:hr>
          </gpxtpx:TrackPointExtension>
        </extensions>
      </trkpt>
      <trkpt lat="22.72989611589754" lon="113.95355470876004">
        <ele>41.68855862878263</ele>
        <time>1970-01-01T00:03:44.900000Z</time>
        <extensions>
          <gpxtpx:TrackPointExtension>
            <gpxtpx:hr>166</gpxtpx:hr>
          </gpxtpx:TrackPointExtension>
        </extensions>
      </trkpt>
      <trkpt lat="22.72990730728666" lon="113.95357803187686">
        <ele>41.68588692881167</ele>
        <time>1970-01-01T00:03:45.900000Z</time>
        <extensions>
          <gpxtpx:TrackPointExtension>
            <gpxtpx:hr>166</gpxtpx:hr>
          </gpxtpx:TrackPointExtension>
        </extensions>
      </trkpt>
      <trkpt lat="22.729918572497013" lon="113.95360135586765">
        <ele>41.683461734093726</ele>
        <time>1970-01-01T00:03:46.900000Z</time>
        <extensions>
          <gpxtpx:TrackPointExtension>
            <gpxtpx:hr>166</gpxtpx:hr>
          </gpxtpx:TrackPointExtension>
        </extensions>
      </trkpt>
      <trkpt lat="22.729930166559225" lon="113.95362442672007">
        <ele>41.68165281135589</ele>
        <time>1970-01-01T00:03:47.900000Z</time>
        <extensions>
          <gpxtpx:TrackPointExtension>
            <gpxtpx:hr>166</gpxtpx:hr>
          </gpxtpx:TrackPointExtension>
        </extensions>
      </trkpt>
      <trkpt lat="22.729942386313347" lon="113.95364743696193">
        <ele>41.680585267953575</ele>
        <time>1970-01-01T00:03:48.900000Z</time>
        <extensions>
          <gpxtpx:TrackPointExtension>
            <gpxtpx:hr>166</gpxtpx:hr>
          </gpxtpx:TrackPointExtension>
        </extensions>
      </trkpt>
      <trkpt lat="22.729955247232464" lon="113.9536706574071">
        <ele>41.680257129482925</ele>
        <time>1970-01-01T00:03:49.900000Z</time>
        <extensions>
          <gpxtpx:TrackPointExtension>
            <gpxtpx:hr>166</gpxtpx:hr>
          </gpxtpx:TrackPointExtension>
        </extensions>
      </trkpt>
      <trkpt lat="22.729968234682943" lon="113.95369345195927">
        <ele>41.680696211755276</ele>
        <time>1970-01-01T00:03:50.900000Z</time>
        <extensions>
          <gpxtpx:TrackPointExtension>
            <gpxtpx:hr>166</gpxtpx:hr>
          </gpxtpx:TrackPointExtension>
        </extensions>
      </trkpt>
      <trkpt lat="22.729981433082138" lon="113.95371555645927">
        <ele>41.68198814056814</ele>
        <time>1970-01-01T00:03:51.900000Z</time>
        <extensions>
          <gpxtpx:TrackPointExtension>
            <gpxtpx:hr>166</gpxtpx:hr>
          </gpxtpx:TrackPointExtension>
        </extensions>
      </trkpt>
      <trkpt lat="22.729995363741825" lon="113.95373746258447">
        <ele>41.68439789582044</ele>
        <time>1970-01-01T00:03:52.900000Z</time>
        <extensions>
          <gpxtpx:TrackPointExtension>
            <gpxtpx:hr>166</gpxtpx:hr>
          </gpxtpx:TrackPointExtension>
        </extensions>
      </trkpt>
      <trkpt lat="22.7300097775583" lon="113.95375988251755">
        <ele>41.688234196044505</ele>
        <time>1970-01-01T00:03:53.900000Z</time>
        <extensions>
          <gpxtpx:TrackPointExtension>
            <gpxtpx:hr>166</gpxtpx:hr>
          </gpxtpx:TrackPointExtension>
        </extensions>
      </trkpt>
      <trkpt lat="22.730023797152022" lon="113.95378258403504">
        <ele>41.6937355780974</ele>
        <time>1970-01-01T00:03:54.900000Z</time>
        <extensions>
          <gpxtpx:TrackPointExtension>
            <gpxtpx:hr>165</gpxtpx:hr>
          </gpxtpx:TrackPointExtension>
        </extensions>
      </trkpt>
      <trkpt lat="22.730037416288734" lon="113.95380543533132">
        <ele>41.7009150730446</ele>
        <time>1970-01-01T00:03:55.900000Z</time>
        <extensions>
          <gpxtpx:TrackPointExtension>
            <gpxtpx:hr>165</gpxtpx:hr>
          </gpxtpx:TrackPointExtension>
        </extensions>
      </trkpt>
      <trkpt lat="22.73005130656492" lon="113.95382850712471">
        <ele>41.7094399696216</ele>
        <time>1970-01-01T00:03:56.900000Z</time>
        <extensions>
          <gpxtpx:TrackPointExtension>
            <gpxtpx:hr>165</gpxtpx:hr>
          </gpxtpx:TrackPointExtension>
        </extensions>
      </trkpt>
      <trkpt lat="22.730065776133557" lon="113.95385172358665">
        <ele>41.71875212807208</ele>
        <time>1970-01-01T00:03:57.900000Z</time>
        <extensions>
          <gpxtpx:TrackPointExtension>
            <gpxtpx:hr>165</gpxtpx:hr>
          </gpxtpx:TrackPointExtension>
        </extensions>
      </trkpt>
      <trkpt lat="22.730080362943756" lon="113.95387444212734">
        <ele>41.72819758951664</ele>
        <time>1970-01-01T00:03:58.900000Z</time>
        <extensions>
          <gpxtpx:TrackPointExtension>
            <gpxtpx:hr>165</gpxtpx:hr>
          </gpxtpx:TrackPointExtension>
        </extensions>
      </trkpt>
      <trkpt lat="22.730095177959896" lon="113.95389648137447">
        <ele>41.73711330536753</ele>
        <time>1970-01-01T00:03:59.900000Z</time>
        <extensions>
          <gpxtpx:TrackPointExtension>
            <gpxtpx:hr>165</gpxtpx:hr>
          </gpxtpx:TrackPointExtension>
        </extensions>
      </trkpt>
      <trkpt lat="22.730110271094283" lon="113.95391820594892">
        <ele>41.74480058439076</ele>
        <time>1970-01-01T00:04:00.900000Z</time>
        <extensions>
          <gpxtpx:TrackPointExtension>
            <gpxtpx:hr>165</gpxtpx:hr>
          </gpxtpx:TrackPointExtension>
        </extensions>
      </trkpt>
      <trkpt lat="22.730125428221655" lon="113.9539399608695">
        <ele>41.75108093768358</ele>
        <time>1970-01-01T00:04:01.900000Z</time>
        <extensions>
          <gpxtpx:TrackPointExtension>
            <gpxtpx:hr>165</gpxtpx:hr>
          </gpxtpx:TrackPointExtension>
        </extensions>
      </trkpt>
      <trkpt lat="22.73014009772788" lon="113.95396209488719">
        <ele>41.75600790977478</ele>
        <time>1970-01-01T00:04:02.900000Z</time>
        <extensions>
          <gpxtpx:TrackPointExtension>
            <gpxtpx:hr>167</gpxtpx:hr>
          </gpxtpx:TrackPointExtension>
        </extensions>
      </trkpt>
      <trkpt lat="22.730154075951585" lon="113.95398473243918">
        <ele>41.7598473271355</ele>
        <time>1970-01-01T00:04:03.900000Z</time>
        <extensions>
          <gpxtpx:TrackPointExtension>
            <gpxtpx:hr>167</gpxtpx:hr>
          </gpxtpx:TrackPointExtension>
        </extensions>
      </trkpt>
      <trkpt lat="22.730167573984293" lon="113.95400745790317">
        <ele>41.76305476669222</ele>
        <time>1970-01-01T00:04:04.900000Z</time>
        <extensions>
          <gpxtpx:TrackPointExtension>
            <gpxtpx:hr>167</gpxtpx:hr>
          </gpxtpx:TrackPointExtension>
        </extensions>
      </trkpt>
      <trkpt lat="22.730180795205573" lon="113.95403014211905">
        <ele>41.76645193155855</ele>
        <time>1970-01-01T00:04:05.900000Z</time>
        <extensions>
          <gpxtpx:TrackPointExtension>
            <gpxtpx:hr>167</gpxtpx:hr>
          </gpxtpx:TrackPointExtension>
        </extensions>
      </trkpt>
      <trkpt lat="22.730193904201357" lon="113.95405317013669">
        <ele>41.77061357535422</ele>
        <time>1970-01-01T00:04:06.900000Z</time>
        <extensions>
          <gpxtpx:TrackPointExtension>
            <gpxtpx:hr>167</gpxtpx:hr>
          </gpxtpx:TrackPointExtension>
        </extensions>
      </trkpt>
      <trkpt lat="22.730206727402276" lon="113.9540764851673">
        <ele>41.77617424633354</ele>
        <time>1970-01-01T00:04:07.900000Z</time>
        <extensions>
          <gpxtpx:TrackPointExtension>
            <gpxtpx:hr>167</gpxtpx:hr>
          </gpxtpx:TrackPointExtension>
        </extensions>
      </trkpt>
      <trkpt lat="22.730219335044687" lon="113.95409934735045">
        <ele>41.78362113144249</ele>
        <time>1970-01-01T00:04:08.900000Z</time>
        <extensions>
          <gpxtpx:TrackPointExtension>
            <gpxtpx:hr>167</gpxtpx:hr>
          </gpxtpx:TrackPointExtension>
        </extensions>
      </trkpt>
      <trkpt lat="22.730232188701578" lon="113.95412153465342">
        <ele>41.79304788634181</ele>
        <time>1970-01-01T00:04:09.900000Z</time>
        <extensions>
          <gpxtpx:TrackPointExtension>
            <gpxtpx:hr>167</gpxtpx:hr>
          </gpxtpx:TrackPointExtension>
        </extensions>
      </trkpt>
      <trkpt lat="22.730245572833997" lon="113.95414346078364">
        <ele>41.80384210497141</ele>
        <time>1970-01-01T00:04:10.900000Z</time>
        <extensions>
          <gpxtpx:TrackPointExtension>
            <gpxtpx:hr>166</gpxtpx:hr>
          </gpxtpx:TrackPointExtension>
        </extensions>
      </trkpt>
      <trkpt lat="22.730259373867902" lon="113.954165327871">
        <ele>41.81520172115415</ele>
        <time>1970-01-01T00:04:11.900000Z</time>
        <extensions>
          <gpxtpx:TrackPointExtension>
            <gpxtpx:hr>166</gpxtpx:hr>
          </gpxtpx:TrackPointExtension>
        </extensions>
      </trkpt>
      <trkpt lat="22.730273112759964" lon="113.95418754129929">
        <ele>41.825976454652846</ele>
        <time>1970-01-01T00:04:12.900000Z</time>
        <extensions>
          <gpxtpx:TrackPointExtension>
            <gpxtpx:hr>166</gpxtpx:hr>
          </gpxtpx:TrackPointExtension>
        </extensions>
      </trkpt>
      <trkpt lat="22.730286009839705" lon="113.95421053033853">
        <ele>41.83499274216592</ele>
        <time>1970-01-01T00:04:13.900000Z</time>
        <extensions>
          <gpxtpx:TrackPointExtension>
            <gpxtpx:hr>166</gpxtpx:hr>
          </gpxtpx:TrackPointExtension>
        </extensions>
      </trkpt>
      <trkpt lat="22.73029777366522" lon="113.95423458022475">
        <ele>41.84144944231957</ele>
        <time>1970-01-01T00:04:14.900000Z</time>
        <extensions>
          <gpxtpx:TrackPointExtension>
            <gpxtpx:hr>166</gpxtpx:hr>
          </gpxtpx:TrackPointExtension>
        </extensions>
      </trkpt>
      <trkpt lat="22.73030863280488" lon="113.95425889765586">
        <ele>41.84528641961515</ele>
        <time>1970-01-01T00:04:15.900000Z</time>
        <extensions>
          <gpxtpx:TrackPointExtension>
            <gpxtpx:hr>166</gpxtpx:hr>
          </gpxtpx:TrackPointExtension>
        </extensions>
      </trkpt>
      <trkpt lat="22.730319333059953" lon="113.95428337545923">
        <ele>41.84678873885423</ele>
        <time>1970-01-01T00:04:16.900000Z</time>
        <extensions>
          <gpxtpx:TrackPointExtension>
            <gpxtpx:hr>165</gpxtpx:hr>
          </gpxtpx:TrackPointExtension>
        </extensions>
      </trkpt>
      <trkpt lat="22.73033014134348" lon="113.95430813397263">
        <ele>41.84670075867325</ele>
        <time>1970-01-01T00:04:17.900000Z</time>
        <extensions>
          <gpxtpx:TrackPointExtension>
            <gpxtpx:hr>165</gpxtpx:hr>
          </gpxtpx:TrackPointExtension>
        </extensions>
      </trkpt>
      <trkpt lat="22.73034076195155" lon="113.9543333997789">
        <ele>41.8460989696905</ele>
        <time>1970-01-01T00:04:18.900000Z</time>
        <extensions>
          <gpxtpx:TrackPointExtension>
            <gpxtpx:hr>165</gpxtpx:hr>
          </gpxtpx:TrackPointExtension>
        </extensions>
      </trkpt>
      <trkpt lat="22.73035107525008" lon="113.95435912403958">
        <ele>41.84641401376575</ele>
        <time>1970-01-01T00:04:19.900000Z</time>
        <extensions>
          <gpxtpx:TrackPointExtension>
            <gpxtpx:hr>165</gpxtpx:hr>
          </gpxtpx:TrackPointExtension>
        </extensions>
      </trkpt>
      <trkpt lat="22.730361390104292" lon="113.9543849758541">
        <ele>41.84874810837209</ele>
        <time>1970-01-01T00:04:20.900000Z</time>
        <extensions>
          <gpxtpx:TrackPointExtension>
            <gpxtpx:hr>165</gpxtpx:hr>
          </gpxtpx:TrackPointExtension>
        </extensions>
      </trkpt>
      <trkpt lat="22.73037196419201" lon="113.9544106150529">
        <ele>41.85346026811749</ele>
        <time>1970-01-01T00:04:21.900000Z</time>
        <extensions>
          <gpxtpx:TrackPointExtension>
            <gpxtpx:hr>162</gpxtpx:hr>
          </gpxtpx:TrackPointExtension>
        </extensions>
      </trkpt>
      <trkpt lat="22.730382784733514" lon="113.95443550369815">
        <ele>41.86024752352387</ele>
        <time>1970-01-01T00:04:22.900000Z</time>
        <extensions>
          <gpxtpx:TrackPointExtension>
            <gpxtpx:hr>162</gpxtpx:hr>
          </gpxtpx:TrackPointExtension>
        </extensions>
      </trkpt>
      <trkpt lat="22.73039371764752" lon="113.95445930718259">
        <ele>41.86843461450189</ele>
        <time>1970-01-01T00:04:23.900000Z</time>
        <extensions>
          <gpxtpx:TrackPointExtension>
            <gpxtpx:hr>162</gpxtpx:hr>
          </gpxtpx:TrackPointExtension>
        </extensions>
      </trkpt>
      <trkpt lat="22.730404854378786" lon="113.95448293438827">
        <ele>41.87704740464687</ele>
        <time>1970-01-01T00:04:24.900000Z</time>
        <extensions>
          <gpxtpx:TrackPointExtension>
            <gpxtpx:hr>162</gpxtpx:hr>
          </gpxtpx:TrackPointExtension>
        </extensions>
      </trkpt>
      <trkpt lat="22.730416189699817" lon="113.95450656610673">
        <ele>41.88531850092113</ele>
        <time>1970-01-01T00:04:25.900000Z</time>
        <extensions>
          <gpxtpx:TrackPointExtension>
            <gpxtpx:hr>162</gpxtpx:hr>
          </gpxtpx:TrackPointExtension>
        </extensions>
      </trkpt>
      <trkpt lat="22.73042787212677" lon="113.95452999268733">
        <ele>41.89307542704046</ele>
        <time>1970-01-01T00:04:26.900000Z</time>
        <extensions>
          <gpxtpx:TrackPointExtension>
            <gpxtpx:hr>162</gpxtpx:hr>
          </gpxtpx:TrackPointExtension>
        </extensions>
      </trkpt>
      <trkpt lat="22.730439972993064" lon="113.95455333461346">
        <ele>41.90056164097041</ele>
        <time>1970-01-01T00:04:27.900000Z</time>
        <extensions>
          <gpxtpx:TrackPointExtension>
            <gpxtpx:hr>162</gpxtpx:hr>
          </gpxtpx:TrackPointExtension>
        </extensions>
      </trkpt>
      <trkpt lat="22.73045218694152" lon="113.95457668488895">
        <ele>41.90802123118192</ele>
        <time>1970-01-01T00:04:28.900000Z</time>
        <extensions>
          <gpxtpx:TrackPointExtension>
            <gpxtpx:hr>161</gpxtpx:hr>
          </gpxtpx:TrackPointExtension>
        </extensions>
      </trkpt>
      <trkpt lat="22.73046418773291" lon="113.95459990391042">
        <ele>41.915235025808215</ele>
        <time>1970-01-01T00:04:29.900000Z</time>
        <extensions>
          <gpxtpx:TrackPointExtension>
            <gpxtpx:hr>161</gpxtpx:hr>
          </gpxtpx:TrackPointExtension>
        </extensions>
      </trkpt>
      <trkpt lat="22.730475669356906" lon="113.95462281781269">
        <ele>41.921741909347475</ele>
        <time>1970-01-01T00:04:30.900000Z</time>
        <extensions>
          <gpxtpx:TrackPointExtension>
            <gpxtpx:hr>161</gpxtpx:hr>
          </gpxtpx:TrackPointExtension>
        </extensions>
      </trkpt>
      <trkpt lat="22.730486938016725" lon="113.95464523538496">
        <ele>41.92716681025922</ele>
        <time>1970-01-01T00:04:31.900000Z</time>
        <extensions>
          <gpxtpx:TrackPointExtension>
            <gpxtpx:hr>161</gpxtpx:hr>
          </gpxtpx:TrackPointExtension>
        </extensions>
      </trkpt>
      <trkpt lat="22.730498864762048" lon="113.9546675314668">
        <ele>41.931395407766104</ele>
        <time>1970-01-01T00:04:32.900000Z</time>
        <extensions>
          <gpxtpx:TrackPointExtension>
            <gpxtpx:hr>161</gpxtpx:hr>
          </gpxtpx:TrackPointExtension>
        </extensions>
      </trkpt>
      <trkpt lat="22.73051158226126" lon="113.95469019711874">
        <ele>41.93452515359968</ele>
        <time>1970-01-01T00:04:33.900000Z</time>
        <extensions>
          <gpxtpx:TrackPointExtension>
            <gpxtpx:hr>161</gpxtpx:hr>
          </gpxtpx:TrackPointExtension>
        </extensions>
      </trkpt>
      <trkpt lat="22.73052480434268" lon="113.95471338218833">
        <ele>41.936911100521684</ele>
        <time>1970-01-01T00:04:34.900000Z</time>
        <extensions>
          <gpxtpx:TrackPointExtension>
            <gpxtpx:hr>161</gpxtpx:hr>
          </gpxtpx:TrackPointExtension>
        </extensions>
      </trkpt>
      <trkpt lat="22.730538494719756" lon="113.95473664425735">
        <ele>41.93896224256605</ele>
        <time>1970-01-01T00:04:35.900000Z</time>
        <extensions>
          <gpxtpx:TrackPointExtension>
            <gpxtpx:hr>161</gpxtpx:hr>
          </gpxtpx:TrackPointExtension>
        </extensions>
      </trkpt>
      <trkpt lat="22.7305524898206" lon="113.95475986768253">
        <ele>41.94103192631155</ele>
        <time>1970-01-01T00:04:36.900000Z</time>
        <extensions>
          <gpxtpx:TrackPointExtension>
            <gpxtpx:hr>161</gpxtpx:hr>
          </gpxtpx:TrackPointExtension>
        </extensions>
      </trkpt>
      <trkpt lat="22.73056676719749" lon="113.95478344524568">
        <ele>41.94347757380456</ele>
        <time>1970-01-01T00:04:37.900000Z</time>
        <extensions>
          <gpxtpx:TrackPointExtension>
            <gpxtpx:hr>165</gpxtpx:hr>
          </gpxtpx:TrackPointExtension>
        </extensions>
      </trkpt>
      <trkpt lat="22.730581388112007" lon="113.95480697408792">
        <ele>41.94668560475111</ele>
        <time>1970-01-01T00:04:38.900000Z</time>
        <extensions>
          <gpxtpx:TrackPointExtension>
            <gpxtpx:hr>165</gpxtpx:hr>
          </gpxtpx:TrackPointExtension>
        </extensions>
      </trkpt>
      <trkpt lat="22.730595968968878" lon="113.95482993628619">
        <ele>41.95127494446933</ele>
        <time>1970-01-01T00:04:39.900000Z</time>
        <extensions>
          <gpxtpx:TrackPointExtension>
            <gpxtpx:hr>165</gpxtpx:hr>
          </gpxtpx:TrackPointExtension>
        </extensions>
      </trkpt>
      <trkpt lat="22.730609919719203" lon="113.95485221206896">
        <ele>41.957917359657586</ele>
        <time>1970-01-01T00:04:40.900000Z</time>
        <extensions>
          <gpxtpx:TrackPointExtension>
            <gpxtpx:hr>165</gpxtpx:hr>
          </gpxtpx:TrackPointExtension>
        </extensions>
      </trkpt>
      <trkpt lat="22.730623588669346" lon="113.95487465001418">
        <ele>41.967133480124176</ele>
        <time>1970-01-01T00:04:41.900000Z</time>
        <extensions>
          <gpxtpx:TrackPointExtension>
            <gpxtpx:hr>165</gpxtpx:hr>
          </gpxtpx:TrackPointExtension>
        </extensions>
      </trkpt>
      <trkpt lat="22.730636836799544" lon="113.95489804934117">
        <ele>41.979182192124426</ele>
        <time>1970-01-01T00:04:42.900000Z</time>
        <extensions>
          <gpxtpx:TrackPointExtension>
            <gpxtpx:hr>165</gpxtpx:hr>
          </gpxtpx:TrackPointExtension>
        </extensions>
      </trkpt>
      <trkpt lat="22.730649461574814" lon="113.9549220821054">
        <ele>41.99410688132048</ele>
        <time>1970-01-01T00:04:43.900000Z</time>
        <extensions>
          <gpxtpx:TrackPointExtension>
            <gpxtpx:hr>165</gpxtpx:hr>
          </gpxtpx:TrackPointExtension>
        </extensions>
      </trkpt>
      <trkpt lat="22.7306614835798" lon="113.9549462465289">
        <ele>42.01196647528559</ele>
        <time>1970-01-01T00:04:44.900000Z</time>
        <extensions>
          <gpxtpx:TrackPointExtension>
            <gpxtpx:hr>165</gpxtpx:hr>
          </gpxtpx:TrackPointExtension>
        </extensions>
      </trkpt>
      <trkpt lat="22.73067333861176" lon="113.95497065096512">
        <ele>42.03278458677232</ele>
        <time>1970-01-01T00:04:45.900000Z</time>
        <extensions>
          <gpxtpx:TrackPointExtension>
            <gpxtpx:hr>165</gpxtpx:hr>
          </gpxtpx:TrackPointExtension>
        </extensions>
      </trkpt>
      <trkpt lat="22.730685325770846" lon="113.95499483667159">
        <ele>42.05650123022497</ele>
        <time>1970-01-01T00:04:46.900000Z</time>
        <extensions>
          <gpxtpx:TrackPointExtension>
            <gpxtpx:hr>165</gpxtpx:hr>
          </gpxtpx:TrackPointExtension>
        </extensions>
      </trkpt>
      <trkpt lat="22.730697773586318" lon="113.9550190857444">
        <ele>42.082882463000715</ele>
        <time>1970-01-01T00:04:47.900000Z</time>
        <extensions>
          <gpxtpx:TrackPointExtension>
            <gpxtpx:hr>172</gpxtpx:hr>
          </gpxtpx:TrackPointExtension>
        </extensions>
      </trkpt>
      <trkpt lat="22.730710712206058" lon="113.95504393261433">
        <ele>42.11160377133638</ele>
        <time>1970-01-01T00:04:48.900000Z</time>
        <extensions>
          <gpxtpx:TrackPointExtension>
            <gpxtpx:hr>172</gpxtpx:hr>
          </gpxtpx:TrackPointExtension>
        </extensions>
      </trkpt>
      <trkpt lat="22.730723747223948" lon="113.95506947187812">
        <ele>42.142290650866926</ele>
        <time>1970-01-01T00:04:49.900000Z</time>
        <extensions>
          <gpxtpx:TrackPointExtension>
            <gpxtpx:hr>172</gpxtpx:hr>
          </gpxtpx:TrackPointExtension>
        </extensions>
      </trkpt>
      <trkpt lat="22.730736339121425" lon="113.95509522941967">
        <ele>42.17458707746118</ele>
        <time>1970-01-01T00:04:50.900000Z</time>
        <extensions>
          <gpxtpx:TrackPointExtension>
            <gpxtpx:hr>172</gpxtpx:hr>
          </gpxtpx:TrackPointExtension>
        </extensions>
      </trkpt>
      <trkpt lat="22.7307478387693" lon="113.9551202648721">
        <ele>42.20822191238403</ele>
        <time>1970-01-01T00:04:51.900000Z</time>
        <extensions>
          <gpxtpx:TrackPointExtension>
            <gpxtpx:hr>172</gpxtpx:hr>
          </gpxtpx:TrackPointExtension>
        </extensions>
      </trkpt>
      <trkpt lat="22.73075854211268" lon="113.95514405373187">
        <ele>42.24305448587984</ele>
        <time>1970-01-01T00:04:52.900000Z</time>
        <extensions>
          <gpxtpx:TrackPointExtension>
            <gpxtpx:hr>172</gpxtpx:hr>
          </gpxtpx:TrackPointExtension>
        </extensions>
      </trkpt>
      <trkpt lat="22.73076894774083" lon="113.95516612012413">
        <ele>42.278980888426304</ele>
        <time>1970-01-01T00:04:53.900000Z</time>
        <extensions>
          <gpxtpx:TrackPointExtension>
            <gpxtpx:hr>172</gpxtpx:hr>
          </gpxtpx:TrackPointExtension>
        </extensions>
      </trkpt>
      <trkpt lat="22.73077953373227" lon="113.95518749975632">
        <ele>42.3157474398613</ele>
        <time>1970-01-01T00:04:54.900000Z</time>
        <extensions>
          <gpxtpx:TrackPointExtension>
            <gpxtpx:hr>172</gpxtpx:hr>
          </gpxtpx:TrackPointExtension>
        </extensions>
      </trkpt>
      <trkpt lat="22.730790462335243" lon="113.95520911407004">
        <ele>42.352980251424015</ele>
        <time>1970-01-01T00:04:55.900000Z</time>
        <extensions>
          <gpxtpx:TrackPointExtension>
            <gpxtpx:hr>172</gpxtpx:hr>
          </gpxtpx:TrackPointExtension>
        </extensions>
      </trkpt>
      <trkpt lat="22.730801835446652" lon="113.95523097919283">
        <ele>42.390293745324016</ele>
        <time>1970-01-01T00:04:56.900000Z</time>
        <extensions>
          <gpxtpx:TrackPointExtension>
            <gpxtpx:hr>172</gpxtpx:hr>
          </gpxtpx:TrackPointExtension>
        </extensions>
      </trkpt>
      <trkpt lat="22.730813184734558" lon="113.9552529097835">
        <ele>42.42753691505641</ele>
        <time>1970-01-01T00:04:57.900000Z</time>
        <extensions>
          <gpxtpx:TrackPointExtension>
            <gpxtpx:hr>173</gpxtpx:hr>
          </gpxtpx:TrackPointExtension>
        </extensions>
      </trkpt>
      <trkpt lat="22.730824277280842" lon="113.95527550403607">
        <ele>42.464669524692</ele>
        <time>1970-01-01T00:04:58.900000Z</time>
        <extensions>
          <gpxtpx:TrackPointExtension>
            <gpxtpx:hr>173</gpxtpx:hr>
          </gpxtpx:TrackPointExtension>
        </extensions>
      </trkpt>
      <trkpt lat="22.73083465417668" lon="113.95529886217824">
        <ele>42.50164492893964</ele>
        <time>1970-01-01T00:04:59.900000Z</time>
        <extensions>
          <gpxtpx:TrackPointExtension>
            <gpxtpx:hr>173</gpxtpx:hr>
          </gpxtpx:TrackPointExtension>
        </extensions>
      </trkpt>
      <trkpt lat="22.730843899128203" lon="113.95532235551853">
        <ele>42.5383437871933</ele>
        <time>1970-01-01T00:05:00.900000Z</time>
        <extensions>
          <gpxtpx:TrackPointExtension>
            <gpxtpx:hr>173</gpxtpx:hr>
          </gpxtpx:TrackPointExtension>
        </extensions>
      </trkpt>
      <trkpt lat="22.7308524073668" lon="113.95534556914521">
        <ele>42.574567086063325</ele>
        <time>1970-01-01T00:05:01.900000Z</time>
        <extensions>
          <gpxtpx:TrackPointExtension>
            <gpxtpx:hr>173</gpxtpx:hr>
          </gpxtpx:TrackPointExtension>
        </extensions>
      </trkpt>
      <trkpt lat="22.73086111591258" lon="113.95536823228665">
        <ele>42.61023462098092</ele>
        <time>1970-01-01T00:05:02.900000Z</time>
        <extensions>
          <gpxtpx:TrackPointExtension>
            <gpxtpx:hr>173</gpxtpx:hr>
          </gpxtpx:TrackPointExtension>
        </extensions>
      </trkpt>
      <trkpt lat="22.730870616685124" lon="113.95539045189439">
        <ele>42.64531066734344</ele>
        <time>1970-01-01T00:05:03.900000Z</time>
        <extensions>
          <gpxtpx:TrackPointExtension>
            <gpxtpx:hr>173</gpxtpx:hr>
          </gpxtpx:TrackPointExtension>
        </extensions>
      </trkpt>
      <trkpt lat="22.730880590466107" lon="113.95541238319569">
        <ele>42.67990182712674</ele>
        <time>1970-01-01T00:05:04.900000Z</time>
        <extensions>
          <gpxtpx:TrackPointExtension>
            <gpxtpx:hr>173</gpxtpx:hr>
          </gpxtpx:TrackPointExtension>
        </extensions>
      </trkpt>
      <trkpt lat="22.73089059890659" lon="113.95543385948872">
        <ele>42.714291870594025</ele>
        <time>1970-01-01T00:05:05.900000Z</time>
        <extensions>
          <gpxtpx:TrackPointExtension>
            <gpxtpx:hr>173</gpxtpx:hr>
          </gpxtpx:TrackPointExtension>
        </extensions>
      </trkpt>
      <trkpt lat="22.730900531963954" lon="113.95545492836324">
        <ele>42.748892662115395</ele>
        <time>1970-01-01T00:05:06.900000Z</time>
        <extensions>
          <gpxtpx:TrackPointExtension>
            <gpxtpx:hr>173</gpxtpx:hr>
          </gpxtpx:TrackPointExtension>
        </extensions>
      </trkpt>
      <trkpt lat="22.730910506375256" lon="113.95547658037593">
        <ele>42.78376837912947</ele>
        <time>1970-01-01T00:05:07.900000Z</time>
        <extensions>
          <gpxtpx:TrackPointExtension>
            <gpxtpx:hr>173</gpxtpx:hr>
          </gpxtpx:TrackPointExtension>
        </extensions>
      </trkpt>
      <trkpt lat="22.73092007792846" lon="113.95549960313521">
        <ele>42.81888646166772</ele>
        <time>1970-01-01T00:05:08.900000Z</time>
        <extensions>
          <gpxtpx:TrackPointExtension>
            <gpxtpx:hr>173</gpxtpx:hr>
          </gpxtpx:TrackPointExtension>
        </extensions>
      </trkpt>
      <trkpt lat="22.730928444827942" lon="113.95552342761916">
        <ele>42.854280109517276</ele>
        <time>1970-01-01T00:05:09.900000Z</time>
        <extensions>
          <gpxtpx:TrackPointExtension>
            <gpxtpx:hr>173</gpxtpx:hr>
          </gpxtpx:TrackPointExtension>
        </extensions>
      </trkpt>
      <trkpt lat="22.730935440671196" lon="113.95554700727993">
        <ele>42.89017765596509</ele>
        <time>1970-01-01T00:05:10.900000Z</time>
        <extensions>
          <gpxtpx:TrackPointExtension>
            <gpxtpx:hr>173</gpxtpx:hr>
          </gpxtpx:TrackPointExtension>
        </extensions>
      </trkpt>
      <trkpt lat="22.730941389687686" lon="113.95557007574678">
        <ele>42.9267014330253</ele>
        <time>1970-01-01T00:05:11.900000Z</time>
        <extensions>
          <gpxtpx:TrackPointExtension>
            <gpxtpx:hr>173</gpxtpx:hr>
          </gpxtpx:TrackPointExtension>
        </extensions>
      </trkpt>
      <trkpt lat="22.73094707417945" lon="113.9555925332463">
        <ele>42.96384458988905</ele>
        <time>1970-01-01T00:05:12.900000Z</time>
        <extensions>
          <gpxtpx:TrackPointExtension>
            <gpxtpx:hr>173</gpxtpx:hr>
          </gpxtpx:TrackPointExtension>
        </extensions>
      </trkpt>
      <trkpt lat="22.730953325053058" lon="113.9556149580403">
        <ele>43.00146035570651</ele>
        <time>1970-01-01T00:05:13.900000Z</time>
        <extensions>
          <gpxtpx:TrackPointExtension>
            <gpxtpx:hr>172</gpxtpx:hr>
          </gpxtpx:TrackPointExtension>
        </extensions>
      </trkpt>
      <trkpt lat="22.730960619856475" lon="113.95563767425415">
        <ele>43.039312296546996</ele>
        <time>1970-01-01T00:05:14.900000Z</time>
        <extensions>
          <gpxtpx:TrackPointExtension>
            <gpxtpx:hr>172</gpxtpx:hr>
          </gpxtpx:TrackPointExtension>
        </extensions>
      </trkpt>
      <trkpt lat="22.730969219909902" lon="113.9556595118679">
        <ele>43.07687000092119</ele>
        <time>1970-01-01T00:05:15.900000Z</time>
        <extensions>
          <gpxtpx:TrackPointExtension>
            <gpxtpx:hr>172</gpxtpx:hr>
          </gpxtpx:TrackPointExtension>
        </extensions>
      </trkpt>
      <trkpt lat="22.730979109170725" lon="113.95568009199052">
        <ele>43.11373935919255</ele>
        <time>1970-01-01T00:05:16.900000Z</time>
        <extensions>
          <gpxtpx:TrackPointExtension>
            <gpxtpx:hr>172</gpxtpx:hr>
          </gpxtpx:TrackPointExtension>
        </extensions>
      </trkpt>
      <trkpt lat="22.730989682898482" lon="113.95570039181855">
        <ele>43.14997544512153</ele>
        <time>1970-01-01T00:05:17.900000Z</time>
        <extensions>
          <gpxtpx:TrackPointExtension>
            <gpxtpx:hr>172</gpxtpx:hr>
          </gpxtpx:TrackPointExtension>
        </extensions>
      </trkpt>
      <trkpt lat="22.73100039509398" lon="113.95572113711859">
        <ele>43.18588779401034</ele>
        <time>1970-01-01T00:05:18.900000Z</time>
        <extensions>
          <gpxtpx:TrackPointExtension>
            <gpxtpx:hr>173</gpxtpx:hr>
          </gpxtpx:TrackPointExtension>
        </extensions>
      </trkpt>
      <trkpt lat="22.7310108699583" lon="113.95574224425532">
        <ele>43.22164135891944</ele>
        <time>1970-01-01T00:05:19.900000Z</time>
        <extensions>
          <gpxtpx:TrackPointExtension>
            <gpxtpx:hr>173</gpxtpx:hr>
          </gpxtpx:TrackPointExtension>
        </extensions>
      </trkpt>
      <trkpt lat="22.731020854705015" lon="113.9557636543755">
        <ele>43.25737603753805</ele>
        <time>1970-01-01T00:05:20.900000Z</time>
        <extensions>
          <gpxtpx:TrackPointExtension>
            <gpxtpx:hr>173</gpxtpx:hr>
          </gpxtpx:TrackPointExtension>
        </extensions>
      </trkpt>
      <trkpt lat="22.731030709780462" lon="113.9557853150385">
        <ele>43.29309904947877</ele>
        <time>1970-01-01T00:05:21.900000Z</time>
        <extensions>
          <gpxtpx:TrackPointExtension>
            <gpxtpx:hr>173</gpxtpx:hr>
          </gpxtpx:TrackPointExtension>
        </extensions>
      </trkpt>
      <trkpt lat="22.731041023186652" lon="113.95580692865707">
        <ele>43.32861941866577</ele>
        <time>1970-01-01T00:05:22.900000Z</time>
        <extensions>
          <gpxtpx:TrackPointExtension>
            <gpxtpx:hr>172</gpxtpx:hr>
          </gpxtpx:TrackPointExtension>
        </extensions>
      </trkpt>
      <trkpt lat="22.731051456170153" lon="113.95582859682155">
        <ele>43.36371203698218</ele>
        <time>1970-01-01T00:05:23.900000Z</time>
        <extensions>
          <gpxtpx:TrackPointExtension>
            <gpxtpx:hr>172</gpxtpx:hr>
          </gpxtpx:TrackPointExtension>
        </extensions>
      </trkpt>
      <trkpt lat="22.73106166468729" lon="113.95585035585047">
        <ele>43.398230865597725</ele>
        <time>1970-01-01T00:05:24.900000Z</time>
        <extensions>
          <gpxtpx:TrackPointExtension>
            <gpxtpx:hr>172</gpxtpx:hr>
          </gpxtpx:TrackPointExtension>
        </extensions>
      </trkpt>
      <trkpt lat="22.73107225457921" lon="113.95587210916653">
        <ele>43.43293305672705</ele>
        <time>1970-01-01T00:05:25.900000Z</time>
        <extensions>
          <gpxtpx:TrackPointExtension>
            <gpxtpx:hr>172</gpxtpx:hr>
          </gpxtpx:TrackPointExtension>
        </extensions>
      </trkpt>
      <trkpt lat="22.731083417882907" lon="113.95589380454891">
        <ele>43.468857509084046</ele>
        <time>1970-01-01T00:05:26.900000Z</time>
        <extensions>
          <gpxtpx:TrackPointExtension>
            <gpxtpx:hr>172</gpxtpx:hr>
          </gpxtpx:TrackPointExtension>
        </extensions>
      </trkpt>
      <trkpt lat="22.731095085831146" lon="113.95591536042356">
        <ele>43.50680290535092</ele>
        <time>1970-01-01T00:05:27.900000Z</time>
        <extensions>
          <gpxtpx:TrackPointExtension>
            <gpxtpx:hr>172</gpxtpx:hr>
          </gpxtpx:TrackPointExtension>
        </extensions>
      </trkpt>
      <trkpt lat="22.731106536227724" lon="113.95593701848424">
        <ele>43.547030431218445</ele>
        <time>1970-01-01T00:05:28.900000Z</time>
        <extensions>
          <gpxtpx:TrackPointExtension>
            <gpxtpx:hr>172</gpxtpx:hr>
          </gpxtpx:TrackPointExtension>
        </extensions>
      </trkpt>
      <trkpt lat="22.73111728357385" lon="113.95595877060303">
        <ele>43.589527539908886</ele>
        <time>1970-01-01T00:05:29.900000Z</time>
        <extensions>
          <gpxtpx:TrackPointExtension>
            <gpxtpx:hr>172</gpxtpx:hr>
          </gpxtpx:TrackPointExtension>
        </extensions>
      </trkpt>
      <trkpt lat="22.73112765721799" lon="113.955980898386">
        <ele>43.63396415859461</ele>
        <time>1970-01-01T00:05:30.900000Z</time>
        <extensions>
          <gpxtpx:TrackPointExtension>
            <gpxtpx:hr>170</gpxtpx:hr>
          </gpxtpx:TrackPointExtension>
        </extensions>
      </trkpt>
      <trkpt lat="22.73113788329577" lon="113.95600355306114">
        <ele>43.67995274811983</ele>
        <time>1970-01-01T00:05:31.900000Z</time>
        <extensions>
          <gpxtpx:TrackPointExtension>
            <gpxtpx:hr>170</gpxtpx:hr>
          </gpxtpx:TrackPointExtension>
        </extensions>
      </trkpt>
      <trkpt lat="22.73114840379204" lon="113.95602647134746">
        <ele>43.727164703421295</ele>
        <time>1970-01-01T00:05:32.900000Z</time>
        <extensions>
          <gpxtpx:TrackPointExtension>
            <gpxtpx:hr>170</gpxtpx:hr>
          </gpxtpx:TrackPointExtension>
        </extensions>
      </trkpt>
      <trkpt lat="22.731159102823458" lon="113.95604914838077">
        <ele>43.7751546157524</ele>
        <time>1970-01-01T00:05:33.900000Z</time>
        <extensions>
          <gpxtpx:TrackPointExtension>
            <gpxtpx:hr>170</gpxtpx:hr>
          </gpxtpx:TrackPointExtension>
        </extensions>
      </trkpt>
      <trkpt lat="22.731169554496052" lon="113.95607160435392">
        <ele>43.82291459478438</ele>
        <time>1970-01-01T00:05:34.900000Z</time>
        <extensions>
          <gpxtpx:TrackPointExtension>
            <gpxtpx:hr>169</gpxtpx:hr>
          </gpxtpx:TrackPointExtension>
        </extensions>
      </trkpt>
      <trkpt lat="22.73117963037891" lon="113.95609419765006">
        <ele>43.86935821548104</ele>
        <time>1970-01-01T00:05:35.900000Z</time>
        <extensions>
          <gpxtpx:TrackPointExtension>
            <gpxtpx:hr>169</gpxtpx:hr>
          </gpxtpx:TrackPointExtension>
        </extensions>
      </trkpt>
      <trkpt lat="22.73118951069275" lon="113.95611718672386">
        <ele>43.913394801318645</ele>
        <time>1970-01-01T00:05:36.900000Z</time>
        <extensions>
          <gpxtpx:TrackPointExtension>
            <gpxtpx:hr>169</gpxtpx:hr>
          </gpxtpx:TrackPointExtension>
        </extensions>
      </trkpt>
      <trkpt lat="22.73119945471252" lon="113.95614042446094">
        <ele>43.954353843815625</ele>
        <time>1970-01-01T00:05:37.900000Z</time>
        <extensions>
          <gpxtpx:TrackPointExtension>
            <gpxtpx:hr>169</gpxtpx:hr>
          </gpxtpx:TrackPointExtension>
        </extensions>
      </trkpt>
      <trkpt lat="22.731209415239316" lon="113.95616347398693">
        <ele>43.992314925417304</ele>
        <time>1970-01-01T00:05:38.900000Z</time>
        <extensions>
          <gpxtpx:TrackPointExtension>
            <gpxtpx:hr>169</gpxtpx:hr>
          </gpxtpx:TrackPointExtension>
        </extensions>
      </trkpt>
      <trkpt lat="22.73121984256947" lon="113.95618592347685">
        <ele>44.0280153946951</ele>
        <time>1970-01-01T00:05:39.900000Z</time>
        <extensions>
          <gpxtpx:TrackPointExtension>
            <gpxtpx:hr>170</gpxtpx:hr>
          </gpxtpx:TrackPointExtension>
        </extensions>
      </trkpt>
      <trkpt lat="22.731231192873846" lon="113.95620767384978">
        <ele>44.06248393654823</ele>
        <time>1970-01-01T00:05:40.900000Z</time>
        <extensions>
          <gpxtpx:TrackPointExtension>
            <gpxtpx:hr>170</gpxtpx:hr>
          </gpxtpx:TrackPointExtension>
        </extensions>
      </trkpt>
      <trkpt lat="22.731242960749043" lon="113.95622908762185">
        <ele>44.09699807688594</ele>
        <time>1970-01-01T00:05:41.900000Z</time>
        <extensions>
          <gpxtpx:TrackPointExtension>
            <gpxtpx:hr>170</gpxtpx:hr>
          </gpxtpx:TrackPointExtension>
        </extensions>
      </trkpt>
      <trkpt lat="22.731254434205386" lon="113.95625054474274">
        <ele>44.13300625234842</ele>
        <time>1970-01-01T00:05:42.900000Z</time>
        <extensions>
          <gpxtpx:TrackPointExtension>
            <gpxtpx:hr>170</gpxtpx:hr>
          </gpxtpx:TrackPointExtension>
        </extensions>
      </trkpt>
      <trkpt lat="22.731265033231107" lon="113.95627255102976">
        <ele>44.17191478423774</ele>
        <time>1970-01-01T00:05:43.900000Z</time>
        <extensions>
          <gpxtpx:TrackPointExtension>
            <gpxtpx:hr>170</gpxtpx:hr>
          </gpxtpx:TrackPointExtension>
        </extensions>
      </trkpt>
      <trkpt lat="22.73127482986446" lon="113.95629482554915">
        <ele>44.21478363033384</ele>
        <time>1970-01-01T00:05:44.900000Z</time>
        <extensions>
          <gpxtpx:TrackPointExtension>
            <gpxtpx:hr>170</gpxtpx:hr>
          </gpxtpx:TrackPointExtension>
        </extensions>
      </trkpt>
      <trkpt lat="22.73128466012489" lon="113.95631741233308">
        <ele>44.261769469827414</ele>
        <time>1970-01-01T00:05:45.900000Z</time>
        <extensions>
          <gpxtpx:TrackPointExtension>
            <gpxtpx:hr>170</gpxtpx:hr>
          </gpxtpx:TrackPointExtension>
        </extensions>
      </trkpt>
      <trkpt lat="22.731294654499646" lon="113.95634022499856">
        <ele>44.31221225578338</ele>
        <time>1970-01-01T00:05:46.900000Z</time>
        <extensions>
          <gpxtpx:TrackPointExtension>
            <gpxtpx:hr>170</gpxtpx:hr>
          </gpxtpx:TrackPointExtension>
        </extensions>
      </trkpt>
      <trkpt lat="22.73130450773161" lon="113.95636331473632">
        <ele>44.36496338900179</ele>
        <time>1970-01-01T00:05:47.900000Z</time>
        <extensions>
          <gpxtpx:TrackPointExtension>
            <gpxtpx:hr>169</gpxtpx:hr>
          </gpxtpx:TrackPointExtension>
        </extensions>
      </trkpt>
      <trkpt lat="22.73131392891601" lon="113.95638698369949">
        <ele>44.41867957357317</ele>
        <time>1970-01-01T00:05:48.900000Z</time>
        <extensions>
          <gpxtpx:TrackPointExtension>
            <gpxtpx:hr>169</gpxtpx:hr>
          </gpxtpx:TrackPointExtension>
        </extensions>
      </trkpt>
      <trkpt lat="22.73132310167694" lon="113.95641101356833">
        <ele>44.47207373287529</ele>
        <time>1970-01-01T00:05:49.900000Z</time>
        <extensions>
          <gpxtpx:TrackPointExtension>
            <gpxtpx:hr>169</gpxtpx:hr>
          </gpxtpx:TrackPointExtension>
        </extensions>
      </trkpt>
      <trkpt lat="22.73133227793875" lon="113.95643489245388">
        <ele>44.524049951694906</ele>
        <time>1970-01-01T00:05:50.900000Z</time>
        <extensions>
          <gpxtpx:TrackPointExtension>
            <gpxtpx:hr>169</gpxtpx:hr>
          </gpxtpx:TrackPointExtension>
        </extensions>
      </trkpt>
      <trkpt lat="22.731341568241866" lon="113.95645844743534">
        <ele>44.57371788378805</ele>
        <time>1970-01-01T00:05:51.900000Z</time>
        <extensions>
          <gpxtpx:TrackPointExtension>
            <gpxtpx:hr>169</gpxtpx:hr>
          </gpxtpx:TrackPointExtension>
        </extensions>
      </trkpt>
      <trkpt lat="22.731350463768923" lon="113.95648204721086">
        <ele>44.62037295103073</ele>
        <time>1970-01-01T00:05:52.900000Z</time>
        <extensions>
          <gpxtpx:TrackPointExtension>
            <gpxtpx:hr>168</gpxtpx:hr>
          </gpxtpx:TrackPointExtension>
        </extensions>
      </trkpt>
      <trkpt lat="22.731358137846964" lon="113.9565061995363">
        <ele>44.66349717974663</ele>
        <time>1970-01-01T00:05:53.900000Z</time>
        <extensions>
          <gpxtpx:TrackPointExtension>
            <gpxtpx:hr>168</gpxtpx:hr>
          </gpxtpx:TrackPointExtension>
        </extensions>
      </trkpt>
      <trkpt lat="22.73136436716042" lon="113.95653113552811">
        <ele>44.7028045700863</ele>
        <time>1970-01-01T00:05:54.900000Z</time>
        <extensions>
          <gpxtpx:TrackPointExtension>
            <gpxtpx:hr>168</gpxtpx:hr>
          </gpxtpx:TrackPointExtension>
        </extensions>
      </trkpt>
      <trkpt lat="22.731369750172014" lon="113.95655625009321">
        <ele>44.73837223276496</ele>
        <time>1970-01-01T00:05:55.900000Z</time>
        <extensions>
          <gpxtpx:TrackPointExtension>
            <gpxtpx:hr>168</gpxtpx:hr>
          </gpxtpx:TrackPointExtension>
        </extensions>
      </trkpt>
      <trkpt lat="22.7313754939432" lon="113.95658114408809">
        <ele>44.77061278838664</ele>
        <time>1970-01-01T00:05:56.900000Z</time>
        <extensions>
          <gpxtpx:TrackPointExtension>
            <gpxtpx:hr>168</gpxtpx:hr>
          </gpxtpx:TrackPointExtension>
        </extensions>
      </trkpt>
      <trkpt lat="22.731382587255506" lon="113.95660541118886">
        <ele>44.80018300563097</ele>
        <time>1970-01-01T00:05:57.900000Z</time>
        <extensions>
          <gpxtpx:TrackPointExtension>
            <gpxtpx:hr>168</gpxtpx:hr>
          </gpxtpx:TrackPointExtension>
        </extensions>
      </trkpt>
      <trkpt lat="22.731391219385607" lon="113.9566293075048">
        <ele>44.8274458097294</ele>
        <time>1970-01-01T00:05:58.900000Z</time>
        <extensions>
          <gpxtpx:TrackPointExtension>
            <gpxtpx:hr>167</gpxtpx:hr>
          </gpxtpx:TrackPointExtension>
        </extensions>
      </trkpt>
      <trkpt lat="22.731400631263938" lon="113.95665306617241">
        <ele>44.852698779664934</ele>
        <time>1970-01-01T00:05:59.900000Z</time>
        <extensions>
          <gpxtpx:TrackPointExtension>
            <gpxtpx:hr>167</gpxtpx:hr>
          </gpxtpx:TrackPointExtension>
        </extensions>
      </trkpt>
      <trkpt lat="22.73140997663699" lon="113.9566766780191">
        <ele>44.87622951902449</ele>
        <time>1970-01-01T00:06:00.900000Z</time>
        <extensions>
          <gpxtpx:TrackPointExtension>
            <gpxtpx:hr>167</gpxtpx:hr>
          </gpxtpx:TrackPointExtension>
        </extensions>
      </trkpt>
      <trkpt lat="22.73141879509005" lon="113.95670037786992">
        <ele>44.898298484273255</ele>
        <time>1970-01-01T00:06:01.900000Z</time>
        <extensions>
          <gpxtpx:TrackPointExtension>
            <gpxtpx:hr>167</gpxtpx:hr>
          </gpxtpx:TrackPointExtension>
        </extensions>
      </trkpt>
      <trkpt lat="22.731427063164332" lon="113.95672436079091">
        <ele>44.918965986929834</ele>
        <time>1970-01-01T00:06:02.900000Z</time>
        <extensions>
          <gpxtpx:TrackPointExtension>
            <gpxtpx:hr>167</gpxtpx:hr>
          </gpxtpx:TrackPointExtension>
        </extensions>
      </trkpt>
      <trkpt lat="22.73143507467282" lon="113.95674862243563">
        <ele>44.938331719487906</ele>
        <time>1970-01-01T00:06:03.900000Z</time>
        <extensions>
          <gpxtpx:TrackPointExtension>
            <gpxtpx:hr>167</gpxtpx:hr>
          </gpxtpx:TrackPointExtension>
        </extensions>
      </trkpt>
      <trkpt lat="22.731442987121195" lon="113.95677258073788">
        <ele>44.95640657283366</ele>
        <time>1970-01-01T00:06:04.900000Z</time>
        <extensions>
          <gpxtpx:TrackPointExtension>
            <gpxtpx:hr>167</gpxtpx:hr>
          </gpxtpx:TrackPointExtension>
        </extensions>
      </trkpt>
      <trkpt lat="22.73145090903421" lon="113.95679633878785">
        <ele>44.97306913603097</ele>
        <time>1970-01-01T00:06:05.900000Z</time>
        <extensions>
          <gpxtpx:TrackPointExtension>
            <gpxtpx:hr>167</gpxtpx:hr>
          </gpxtpx:TrackPointExtension>
        </extensions>
      </trkpt>
      <trkpt lat="22.73145850641336" lon="113.95682020884772">
        <ele>44.987938126549125</ele>
        <time>1970-01-01T00:06:06.900000Z</time>
        <extensions>
          <gpxtpx:TrackPointExtension>
            <gpxtpx:hr>165</gpxtpx:hr>
          </gpxtpx:TrackPointExtension>
        </extensions>
      </trkpt>
      <trkpt lat="22.731465554608135" lon="113.95684460297693">
        <ele>45.000754416920245</ele>
        <time>1970-01-01T00:06:07.900000Z</time>
        <extensions>
          <gpxtpx:TrackPointExtension>
            <gpxtpx:hr>165</gpxtpx:hr>
          </gpxtpx:TrackPointExtension>
        </extensions>
      </trkpt>
      <trkpt lat="22.731472242838223" lon="113.9568691776428">
        <ele>45.011734017170966</ele>
        <time>1970-01-01T00:06:08.900000Z</time>
        <extensions>
          <gpxtpx:TrackPointExtension>
            <gpxtpx:hr>165</gpxtpx:hr>
          </gpxtpx:TrackPointExtension>
        </extensions>
      </trkpt>
      <trkpt lat="22.731479520405333" lon="113.95689303204853">
        <ele>45.02142700832337</ele>
        <time>1970-01-01T00:06:09.900000Z</time>
        <extensions>
          <gpxtpx:TrackPointExtension>
            <gpxtpx:hr>165</gpxtpx:hr>
          </gpxtpx:TrackPointExtension>
        </extensions>
      </trkpt>
      <trkpt lat="22.73148790425808" lon="113.95691569038263">
        <ele>45.03047509957105</ele>
        <time>1970-01-01T00:06:10.900000Z</time>
        <extensions>
          <gpxtpx:TrackPointExtension>
            <gpxtpx:hr>165</gpxtpx:hr>
          </gpxtpx:TrackPointExtension>
        </extensions>
      </trkpt>
      <trkpt lat="22.731496943927137" lon="113.95693770720708">
        <ele>45.03938061185181</ele>
        <time>1970-01-01T00:06:11.900000Z</time>
        <extensions>
          <gpxtpx:TrackPointExtension>
            <gpxtpx:hr>165</gpxtpx:hr>
          </gpxtpx:TrackPointExtension>
        </extensions>
      </trkpt>
      <trkpt lat="22.73150607926735" lon="113.95696022715596">
        <ele>45.048328794538975</ele>
        <time>1970-01-01T00:06:12.900000Z</time>
        <extensions>
          <gpxtpx:TrackPointExtension>
            <gpxtpx:hr>165</gpxtpx:hr>
          </gpxtpx:TrackPointExtension>
        </extensions>
      </trkpt>
      <trkpt lat="22.731515243400622" lon="113.95698384253102">
        <ele>45.057325509376824</ele>
        <time>1970-01-01T00:06:13.900000Z</time>
        <extensions>
          <gpxtpx:TrackPointExtension>
            <gpxtpx:hr>165</gpxtpx:hr>
          </gpxtpx:TrackPointExtension>
        </extensions>
      </trkpt>
      <trkpt lat="22.73152477661016" lon="113.95700764450922">
        <ele>45.066355710849166</ele>
        <time>1970-01-01T00:06:14.900000Z</time>
        <extensions>
          <gpxtpx:TrackPointExtension>
            <gpxtpx:hr>166</gpxtpx:hr>
          </gpxtpx:TrackPointExtension>
        </extensions>
      </trkpt>
      <trkpt lat="22.73153472348354" lon="113.95703055837143">
        <ele>45.075662441551685</ele>
        <time>1970-01-01T00:06:15.900000Z</time>
        <extensions>
          <gpxtpx:TrackPointExtension>
            <gpxtpx:hr>166</gpxtpx:hr>
          </gpxtpx:TrackPointExtension>
        </extensions>
      </trkpt>
      <trkpt lat="22.731545094369324" lon="113.95705302941849">
        <ele>45.08544023428112</ele>
        <time>1970-01-01T00:06:16.900000Z</time>
        <extensions>
          <gpxtpx:TrackPointExtension>
            <gpxtpx:hr>166</gpxtpx:hr>
          </gpxtpx:TrackPointExtension>
        </extensions>
      </trkpt>
      <trkpt lat="22.73155585751073" lon="113.95707508891392">
        <ele>45.09588593058288</ele>
        <time>1970-01-01T00:06:17.900000Z</time>
        <extensions>
          <gpxtpx:TrackPointExtension>
            <gpxtpx:hr>166</gpxtpx:hr>
          </gpxtpx:TrackPointExtension>
        </extensions>
      </trkpt>
      <trkpt lat="22.731566964105227" lon="113.95709674183583">
        <ele>45.10721389763057</ele>
        <time>1970-01-01T00:06:18.900000Z</time>
        <extensions>
          <gpxtpx:TrackPointExtension>
            <gpxtpx:hr>166</gpxtpx:hr>
          </gpxtpx:TrackPointExtension>
        </extensions>
      </trkpt>
      <trkpt lat="22.731578010832717" lon="113.95711815314205">
        <ele>45.119675611145794</ele>
        <time>1970-01-01T00:06:19.900000Z</time>
        <extensions>
          <gpxtpx:TrackPointExtension>
            <gpxtpx:hr>165</gpxtpx:hr>
          </gpxtpx:TrackPointExtension>
        </extensions>
      </trkpt>
      <trkpt lat="22.731588495735977" lon="113.95714029315329">
        <ele>45.13339117076248</ele>
        <time>1970-01-01T00:06:20.900000Z</time>
        <extensions>
          <gpxtpx:TrackPointExtension>
            <gpxtpx:hr>165</gpxtpx:hr>
          </gpxtpx:TrackPointExtension>
        </extensions>
      </trkpt>
      <trkpt lat="22.731598271624375" lon="113.95716290159002">
        <ele>45.14858352858573</ele>
        <time>1970-01-01T00:06:21.900000Z</time>
        <extensions>
          <gpxtpx:TrackPointExtension>
            <gpxtpx:hr>165</gpxtpx:hr>
          </gpxtpx:TrackPointExtension>
        </extensions>
      </trkpt>
      <trkpt lat="22.731607503542005" lon="113.95718545049651">
        <ele>45.16538756340742</ele>
        <time>1970-01-01T00:06:22.900000Z</time>
        <extensions>
          <gpxtpx:TrackPointExtension>
            <gpxtpx:hr>165</gpxtpx:hr>
          </gpxtpx:TrackPointExtension>
        </extensions>
      </trkpt>
      <trkpt lat="22.731616080827106" lon="113.95720797406292">
        <ele>45.1838057031855</ele>
        <time>1970-01-01T00:06:23.900000Z</time>
        <extensions>
          <gpxtpx:TrackPointExtension>
            <gpxtpx:hr>165</gpxtpx:hr>
          </gpxtpx:TrackPointExtension>
        </extensions>
      </trkpt>
      <trkpt lat="22.731624391301228" lon="113.95723089888915">
        <ele>45.2038277676329</ele>
        <time>1970-01-01T00:06:24.900000Z</time>
        <extensions>
          <gpxtpx:TrackPointExtension>
            <gpxtpx:hr>165</gpxtpx:hr>
          </gpxtpx:TrackPointExtension>
        </extensions>
      </trkpt>
      <trkpt lat="22.731633079471646" lon="113.95725440984725">
        <ele>45.22577305790037</ele>
        <time>1970-01-01T00:06:25.900000Z</time>
        <extensions>
          <gpxtpx:TrackPointExtension>
            <gpxtpx:hr>165</gpxtpx:hr>
          </gpxtpx:TrackPointExtension>
        </extensions>
      </trkpt>
      <trkpt lat="22.73164274769027" lon="113.95727767441517">
        <ele>45.25011147465557</ele>
        <time>1970-01-01T00:06:26.900000Z</time>
        <extensions>
          <gpxtpx:TrackPointExtension>
            <gpxtpx:hr>165</gpxtpx:hr>
          </gpxtpx:TrackPointExtension>
        </extensions>
      </trkpt>
      <trkpt lat="22.731653303747485" lon="113.95730063142535">
        <ele>45.27739930618554</ele>
        <time>1970-01-01T00:06:27.900000Z</time>
        <extensions>
          <gpxtpx:TrackPointExtension>
            <gpxtpx:hr>165</gpxtpx:hr>
          </gpxtpx:TrackPointExtension>
        </extensions>
      </trkpt>
      <trkpt lat="22.731663633756146" lon="113.95732316124013">
        <ele>45.30792994052172</ele>
        <time>1970-01-01T00:06:28.900000Z</time>
        <extensions>
          <gpxtpx:TrackPointExtension>
            <gpxtpx:hr>165</gpxtpx:hr>
          </gpxtpx:TrackPointExtension>
        </extensions>
      </trkpt>
      <trkpt lat="22.731673077042363" lon="113.95734539694892">
        <ele>45.341507273726165</ele>
        <time>1970-01-01T00:06:29.900000Z</time>
        <extensions>
          <gpxtpx:TrackPointExtension>
            <gpxtpx:hr>165</gpxtpx:hr>
          </gpxtpx:TrackPointExtension>
        </extensions>
      </trkpt>
      <trkpt lat="22.73168151842208" lon="113.95736760248036">
        <ele>45.37738695926964</ele>
        <time>1970-01-01T00:06:30.900000Z</time>
        <extensions>
          <gpxtpx:TrackPointExtension>
            <gpxtpx:hr>165</gpxtpx:hr>
          </gpxtpx:TrackPointExtension>
        </extensions>
      </trkpt>
      <trkpt lat="22.731689539337857" lon="113.95738987387398">
        <ele>45.41482213512063</ele>
        <time>1970-01-01T00:06:31.900000Z</time>
        <extensions>
          <gpxtpx:TrackPointExtension>
            <gpxtpx:hr>167</gpxtpx:hr>
          </gpxtpx:TrackPointExtension>
        </extensions>
      </trkpt>
      <trkpt lat="22.731697504201733" lon="113.95741189801356">
        <ele>45.45299929007888</ele>
        <time>1970-01-01T00:06:32.900000Z</time>
        <extensions>
          <gpxtpx:TrackPointExtension>
            <gpxtpx:hr>167</gpxtpx:hr>
          </gpxtpx:TrackPointExtension>
        </extensions>
      </trkpt>
      <trkpt lat="22.73170584982229" lon="113.9574334637007">
        <ele>45.491129542700946</ele>
        <time>1970-01-01T00:06:33.900000Z</time>
        <extensions>
          <gpxtpx:TrackPointExtension>
            <gpxtpx:hr>167</gpxtpx:hr>
          </gpxtpx:TrackPointExtension>
        </extensions>
      </trkpt>
      <trkpt lat="22.731714992356327" lon="113.9574541114343">
        <ele>45.52861167676747</ele>
        <time>1970-01-01T00:06:34.900000Z</time>
        <extensions>
          <gpxtpx:TrackPointExtension>
            <gpxtpx:hr>167</gpxtpx:hr>
          </gpxtpx:TrackPointExtension>
        </extensions>
      </trkpt>
      <trkpt lat="22.731725009039003" lon="113.95747387577991">
        <ele>45.565328447148204</ele>
        <time>1970-01-01T00:06:35.900000Z</time>
        <extensions>
          <gpxtpx:TrackPointExtension>
            <gpxtpx:hr>167</gpxtpx:hr>
          </gpxtpx:TrackPointExtension>
        </extensions>
      </trkpt>
      <trkpt lat="22.73173559133451" lon="113.9574935692913">
        <ele>45.60138589050621</ele>
        <time>1970-01-01T00:06:36.900000Z</time>
        <extensions>
          <gpxtpx:TrackPointExtension>
            <gpxtpx:hr>167</gpxtpx:hr>
          </gpxtpx:TrackPointExtension>
        </extensions>
      </trkpt>
      <trkpt lat="22.73174597122548" lon="113.95751379560036">
        <ele>45.6371873896569</ele>
        <time>1970-01-01T00:06:37.900000Z</time>
        <extensions>
          <gpxtpx:TrackPointExtension>
            <gpxtpx:hr>169</gpxtpx:hr>
          </gpxtpx:TrackPointExtension>
        </extensions>
      </trkpt>
      <trkpt lat="22.731755830898145" lon="113.957534825446">
        <ele>45.673429215326905</ele>
        <time>1970-01-01T00:06:38.900000Z</time>
        <extensions>
          <gpxtpx:TrackPointExtension>
            <gpxtpx:hr>169</gpxtpx:hr>
          </gpxtpx:TrackPointExtension>
        </extensions>
      </trkpt>
      <trkpt lat="22.731765078209207" lon="113.95755652126759">
        <ele>45.710630090907216</ele>
        <time>1970-01-01T00:06:39.900000Z</time>
        <extensions>
          <gpxtpx:TrackPointExtension>
            <gpxtpx:hr>169</gpxtpx:hr>
          </gpxtpx:TrackPointExtension>
        </extensions>
      </trkpt>
      <trkpt lat="22.73177376500748" lon="113.95757871204925">
        <ele>45.7489447304979</ele>
        <time>1970-01-01T00:06:40.900000Z</time>
        <extensions>
          <gpxtpx:TrackPointExtension>
            <gpxtpx:hr>169</gpxtpx:hr>
          </gpxtpx:TrackPointExtension>
        </extensions>
      </trkpt>
      <trkpt lat="22.731782130834194" lon="113.95760098552276">
        <ele>45.78793087415397</ele>
        <time>1970-01-01T00:06:41.900000Z</time>
        <extensions>
          <gpxtpx:TrackPointExtension>
            <gpxtpx:hr>169</gpxtpx:hr>
          </gpxtpx:TrackPointExtension>
        </extensions>
      </trkpt>
      <trkpt lat="22.731790578989056" lon="113.95762353394379">
        <ele>45.826582100242376</ele>
        <time>1970-01-01T00:06:42.900000Z</time>
        <extensions>
          <gpxtpx:TrackPointExtension>
            <gpxtpx:hr>169</gpxtpx:hr>
          </gpxtpx:TrackPointExtension>
        </extensions>
      </trkpt>
      <trkpt lat="22.73179922254964" lon="113.95764653250397">
        <ele>45.863440623506904</ele>
        <time>1970-01-01T00:06:43.900000Z</time>
        <extensions>
          <gpxtpx:TrackPointExtension>
            <gpxtpx:hr>169</gpxtpx:hr>
          </gpxtpx:TrackPointExtension>
        </extensions>
      </trkpt>
      <trkpt lat="22.731808309126624" lon="113.95766962198834">
        <ele>45.89732346870005</ele>
        <time>1970-01-01T00:06:44.900000Z</time>
        <extensions>
          <gpxtpx:TrackPointExtension>
            <gpxtpx:hr>169</gpxtpx:hr>
          </gpxtpx:TrackPointExtension>
        </extensions>
      </trkpt>
      <trkpt lat="22.731817796342998" lon="113.95769221500768">
        <ele>45.927384368143976</ele>
        <time>1970-01-01T00:06:45.900000Z</time>
        <extensions>
          <gpxtpx:TrackPointExtension>
            <gpxtpx:hr>169</gpxtpx:hr>
          </gpxtpx:TrackPointExtension>
        </extensions>
      </trkpt>
      <trkpt lat="22.73182703668579" lon="113.95771460579346">
        <ele>45.95327279064804</ele>
        <time>1970-01-01T00:06:46.900000Z</time>
        <extensions>
          <gpxtpx:TrackPointExtension>
            <gpxtpx:hr>169</gpxtpx:hr>
          </gpxtpx:TrackPointExtension>
        </extensions>
      </trkpt>
      <trkpt lat="22.73183564025713" lon="113.95773735440942">
        <ele>45.97514449711889</ele>
        <time>1970-01-01T00:06:47.900000Z</time>
        <extensions>
          <gpxtpx:TrackPointExtension>
            <gpxtpx:hr>169</gpxtpx:hr>
          </gpxtpx:TrackPointExtension>
        </extensions>
      </trkpt>
      <trkpt lat="22.731843352727434" lon="113.95775986560258">
        <ele>45.993466946296394</ele>
        <time>1970-01-01T00:06:48.900000Z</time>
        <extensions>
          <gpxtpx:TrackPointExtension>
            <gpxtpx:hr>169</gpxtpx:hr>
          </gpxtpx:TrackPointExtension>
        </extensions>
      </trkpt>
      <trkpt lat="22.731850325923578" lon="113.95778186856174">
        <ele>46.00955714005977</ele>
        <time>1970-01-01T00:06:49.900000Z</time>
        <extensions>
          <gpxtpx:TrackPointExtension>
            <gpxtpx:hr>169</gpxtpx:hr>
          </gpxtpx:TrackPointExtension>
        </extensions>
      </trkpt>
      <trkpt lat="22.73185692545979" lon="113.95780365295246">
        <ele>46.024957329034805</ele>
        <time>1970-01-01T00:06:50.900000Z</time>
        <extensions>
          <gpxtpx:TrackPointExtension>
            <gpxtpx:hr>169</gpxtpx:hr>
          </gpxtpx:TrackPointExtension>
        </extensions>
      </trkpt>
      <trkpt lat="22.731864006058107" lon="113.95782579782035">
        <ele>46.04113719519228</ele>
        <time>1970-01-01T00:06:51.900000Z</time>
        <extensions>
          <gpxtpx:TrackPointExtension>
            <gpxtpx:hr>169</gpxtpx:hr>
          </gpxtpx:TrackPointExtension>
        </extensions>
      </trkpt>
      <trkpt lat="22.731872189663825" lon="113.95784840177346">
        <ele>46.05925075896084</ele>
        <time>1970-01-01T00:06:52.900000Z</time>
        <extensions>
          <gpxtpx:TrackPointExtension>
            <gpxtpx:hr>169</gpxtpx:hr>
          </gpxtpx:TrackPointExtension>
        </extensions>
      </trkpt>
      <trkpt lat="22.731881025024126" lon="113.95787159662109">
        <ele>46.0800559585914</ele>
        <time>1970-01-01T00:06:53.900000Z</time>
        <extensions>
          <gpxtpx:TrackPointExtension>
            <gpxtpx:hr>169</gpxtpx:hr>
          </gpxtpx:TrackPointExtension>
        </extensions>
      </trkpt>
      <trkpt lat="22.73188945733068" lon="113.95789508675357">
        <ele>46.103936524130404</ele>
        <time>1970-01-01T00:06:54.900000Z</time>
        <extensions>
          <gpxtpx:TrackPointExtension>
            <gpxtpx:hr>169</gpxtpx:hr>
          </gpxtpx:TrackPointExtension>
        </extensions>
      </trkpt>
      <trkpt lat="22.731897225111844" lon="113.95791839441638">
        <ele>46.131129085086286</ele>
        <time>1970-01-01T00:06:55.900000Z</time>
        <extensions>
          <gpxtpx:TrackPointExtension>
            <gpxtpx:hr>168</gpxtpx:hr>
          </gpxtpx:TrackPointExtension>
        </extensions>
      </trkpt>
      <trkpt lat="22.731904868359713" lon="113.95794131956757">
        <ele>46.161874753423035</ele>
        <time>1970-01-01T00:06:56.900000Z</time>
        <extensions>
          <gpxtpx:TrackPointExtension>
            <gpxtpx:hr>168</gpxtpx:hr>
          </gpxtpx:TrackPointExtension>
        </extensions>
      </trkpt>
      <trkpt lat="22.731912826757803" lon="113.95796417834629">
        <ele>46.19616094045341</ele>
        <time>1970-01-01T00:06:57.900000Z</time>
        <extensions>
          <gpxtpx:TrackPointExtension>
            <gpxtpx:hr>168</gpxtpx:hr>
          </gpxtpx:TrackPointExtension>
        </extensions>
      </trkpt>
      <trkpt lat="22.731921084904904" lon="113.95798728183645">
        <ele>46.233789874240756</ele>
        <time>1970-01-01T00:06:58.900000Z</time>
        <extensions>
          <gpxtpx:TrackPointExtension>
            <gpxtpx:hr>168</gpxtpx:hr>
          </gpxtpx:TrackPointExtension>
        </extensions>
      </trkpt>
      <trkpt lat="22.731929300887664" lon="113.95801045430623">
        <ele>46.2738619428128</ele>
        <time>1970-01-01T00:06:59.900000Z</time>
        <extensions>
          <gpxtpx:TrackPointExtension>
            <gpxtpx:hr>168</gpxtpx:hr>
          </gpxtpx:TrackPointExtension>
        </extensions>
      </trkpt>
      <trkpt lat="22.731937275123357" lon="113.95803384147898">
        <ele>46.31498297676444</ele>
        <time>1970-01-01T00:07:00.900000Z</time>
        <extensions>
          <gpxtpx:TrackPointExtension>
            <gpxtpx:hr>168</gpxtpx:hr>
          </gpxtpx:TrackPointExtension>
        </extensions>
      </trkpt>
      <trkpt lat="22.731944899379375" lon="113.95805713290486">
        <ele>46.3555979821831</ele>
        <time>1970-01-01T00:07:01.900000Z</time>
        <extensions>
          <gpxtpx:TrackPointExtension>
            <gpxtpx:hr>168</gpxtpx:hr>
          </gpxtpx:TrackPointExtension>
        </extensions>
      </trkpt>
      <trkpt lat="22.73195261000143" lon="113.95808010411703">
        <ele>46.39475338254124</ele>
        <time>1970-01-01T00:07:02.900000Z</time>
        <extensions>
          <gpxtpx:TrackPointExtension>
            <gpxtpx:hr>164</gpxtpx:hr>
          </gpxtpx:TrackPointExtension>
        </extensions>
      </trkpt>
      <trkpt lat="22.731960557366442" lon="113.95810312923096">
        <ele>46.43165597599</ele>
        <time>1970-01-01T00:07:03.900000Z</time>
        <extensions>
          <gpxtpx:TrackPointExtension>
            <gpxtpx:hr>164</gpxtpx:hr>
          </gpxtpx:TrackPointExtension>
        </extensions>
      </trkpt>
      <trkpt lat="22.7319687615477" lon="113.95812635204804">
        <ele>46.465579418465495</ele>
        <time>1970-01-01T00:07:04.900000Z</time>
        <extensions>
          <gpxtpx:TrackPointExtension>
            <gpxtpx:hr>164</gpxtpx:hr>
          </gpxtpx:TrackPointExtension>
        </extensions>
      </trkpt>
      <trkpt lat="22.73197728062842" lon="113.95814968078243">
        <ele>46.496078313328326</ele>
        <time>1970-01-01T00:07:05.900000Z</time>
        <extensions>
          <gpxtpx:TrackPointExtension>
            <gpxtpx:hr>164</gpxtpx:hr>
          </gpxtpx:TrackPointExtension>
        </extensions>
      </trkpt>
      <trkpt lat="22.731985957984598" lon="113.95817332278845">
        <ele>46.52330781146884</ele>
        <time>1970-01-01T00:07:06.900000Z</time>
        <extensions>
          <gpxtpx:TrackPointExtension>
            <gpxtpx:hr>164</gpxtpx:hr>
          </gpxtpx:TrackPointExtension>
        </extensions>
      </trkpt>
      <trkpt lat="22.731994416070197" lon="113.95819662082386">
        <ele>46.54779469873756</ele>
        <time>1970-01-01T00:07:07.900000Z</time>
        <extensions>
          <gpxtpx:TrackPointExtension>
            <gpxtpx:hr>164</gpxtpx:hr>
          </gpxtpx:TrackPointExtension>
        </extensions>
      </trkpt>
      <trkpt lat="22.732002532258424" lon="113.95821930365258">
        <ele>46.57062143366784</ele>
        <time>1970-01-01T00:07:08.900000Z</time>
        <extensions>
          <gpxtpx:TrackPointExtension>
            <gpxtpx:hr>164</gpxtpx:hr>
          </gpxtpx:TrackPointExtension>
        </extensions>
      </trkpt>
      <trkpt lat="22.732010798192245" lon="113.95824212558972">
        <ele>46.593120753765106</ele>
        <time>1970-01-01T00:07:09.900000Z</time>
        <extensions>
          <gpxtpx:TrackPointExtension>
            <gpxtpx:hr>163</gpxtpx:hr>
          </gpxtpx:TrackPointExtension>
        </extensions>
      </trkpt>
      <trkpt lat="22.73201938747053" lon="113.95826527124204">
        <ele>46.61643553338945</ele>
        <time>1970-01-01T00:07:10.900000Z</time>
        <extensions>
          <gpxtpx:TrackPointExtension>
            <gpxtpx:hr>163</gpxtpx:hr>
          </gpxtpx:TrackPointExtension>
        </extensions>
      </trkpt>
      <trkpt lat="22.732028161696025" lon="113.95828871785713">
        <ele>46.64090946968645</ele>
        <time>1970-01-01T00:07:11.900000Z</time>
        <extensions>
          <gpxtpx:TrackPointExtension>
            <gpxtpx:hr>163</gpxtpx:hr>
          </gpxtpx:TrackPointExtension>
        </extensions>
      </trkpt>
      <trkpt lat="22.732037075685266" lon="113.95831212958589">
        <ele>46.66627092845738</ele>
        <time>1970-01-01T00:07:12.900000Z</time>
        <extensions>
          <gpxtpx:TrackPointExtension>
            <gpxtpx:hr>163</gpxtpx:hr>
          </gpxtpx:TrackPointExtension>
        </extensions>
      </trkpt>
      <trkpt lat="22.73204602812709" lon="113.95833511204168">
        <ele>46.691607660613954</ele>
        <time>1970-01-01T00:07:13.900000Z</time>
        <extensions>
          <gpxtpx:TrackPointExtension>
            <gpxtpx:hr>163</gpxtpx:hr>
          </gpxtpx:TrackPointExtension>
        </extensions>
      </trkpt>
      <trkpt lat="22.732054491351267" lon="113.95835743485198">
        <ele>46.715978232212365</ele>
        <time>1970-01-01T00:07:14.900000Z</time>
        <extensions>
          <gpxtpx:TrackPointExtension>
            <gpxtpx:hr>163</gpxtpx:hr>
          </gpxtpx:TrackPointExtension>
        </extensions>
      </trkpt>
      <trkpt lat="22.732062359941974" lon="113.95837944037956">
        <ele>46.7388001261279</ele>
        <time>1970-01-01T00:07:15.900000Z</time>
        <extensions>
          <gpxtpx:TrackPointExtension>
            <gpxtpx:hr>165</gpxtpx:hr>
          </gpxtpx:TrackPointExtension>
        </extensions>
      </trkpt>
      <trkpt lat="22.732069557292757" lon="113.9584010611264">
        <ele>46.76004958059639</ele>
        <time>1970-01-01T00:07:16.900000Z</time>
        <extensions>
          <gpxtpx:TrackPointExtension>
            <gpxtpx:hr>165</gpxtpx:hr>
          </gpxtpx:TrackPointExtension>
        </extensions>
      </trkpt>
      <trkpt lat="22.732076264938087" lon="113.95842246285874">
        <ele>46.78002715110779</ele>
        <time>1970-01-01T00:07:17.900000Z</time>
        <extensions>
          <gpxtpx:TrackPointExtension>
            <gpxtpx:hr>165</gpxtpx:hr>
          </gpxtpx:TrackPointExtension>
        </extensions>
      </trkpt>
      <trkpt lat="22.73208269456934" lon="113.95844389391627">
        <ele>46.79947655182332</ele>
        <time>1970-01-01T00:07:18.900000Z</time>
        <extensions>
          <gpxtpx:TrackPointExtension>
            <gpxtpx:hr>165</gpxtpx:hr>
          </gpxtpx:TrackPointExtension>
        </extensions>
      </trkpt>
      <trkpt lat="22.73208899144574" lon="113.95846544929869">
        <ele>46.81945261824876</ele>
        <time>1970-01-01T00:07:19.900000Z</time>
        <extensions>
          <gpxtpx:TrackPointExtension>
            <gpxtpx:hr>165</gpxtpx:hr>
          </gpxtpx:TrackPointExtension>
        </extensions>
      </trkpt>
      <trkpt lat="22.732095052328074" lon="113.95848738815447">
        <ele>46.841140650212765</ele>
        <time>1970-01-01T00:07:20.900000Z</time>
        <extensions>
          <gpxtpx:TrackPointExtension>
            <gpxtpx:hr>168</gpxtpx:hr>
          </gpxtpx:TrackPointExtension>
        </extensions>
      </trkpt>
      <trkpt lat="22.73210041359977" lon="113.95850973668499">
        <ele>46.8655512817204</ele>
        <time>1970-01-01T00:07:21.900000Z</time>
        <extensions>
          <gpxtpx:TrackPointExtension>
            <gpxtpx:hr>168</gpxtpx:hr>
          </gpxtpx:TrackPointExtension>
        </extensions>
      </trkpt>
      <trkpt lat="22.732105392002392" lon="113.95853253529837">
        <ele>46.893112254329026</ele>
        <time>1970-01-01T00:07:22.900000Z</time>
        <extensions>
          <gpxtpx:TrackPointExtension>
            <gpxtpx:hr>168</gpxtpx:hr>
          </gpxtpx:TrackPointExtension>
        </extensions>
      </trkpt>
      <trkpt lat="22.732110757588643" lon="113.95855553101366">
        <ele>46.923780135810375</ele>
        <time>1970-01-01T00:07:23.900000Z</time>
        <extensions>
          <gpxtpx:TrackPointExtension>
            <gpxtpx:hr>168</gpxtpx:hr>
          </gpxtpx:TrackPointExtension>
        </extensions>
      </trkpt>
      <trkpt lat="22.732116744043427" lon="113.95857848044537">
        <ele>46.95704429689795</ele>
        <time>1970-01-01T00:07:24.900000Z</time>
        <extensions>
          <gpxtpx:TrackPointExtension>
            <gpxtpx:hr>168</gpxtpx:hr>
          </gpxtpx:TrackPointExtension>
        </extensions>
      </trkpt>
      <trkpt lat="22.732122803519594" lon="113.95860147030645">
        <ele>46.991761916317046</ele>
        <time>1970-01-01T00:07:25.900000Z</time>
        <extensions>
          <gpxtpx:TrackPointExtension>
            <gpxtpx:hr>168</gpxtpx:hr>
          </gpxtpx:TrackPointExtension>
        </extensions>
      </trkpt>
      <trkpt lat="22.732128598694967" lon="113.95862455743358">
        <ele>47.02654460631311</ele>
        <time>1970-01-01T00:07:26.900000Z</time>
        <extensions>
          <gpxtpx:TrackPointExtension>
            <gpxtpx:hr>168</gpxtpx:hr>
          </gpxtpx:TrackPointExtension>
        </extensions>
      </trkpt>
      <trkpt lat="22.732134095848025" lon="113.95864757107194">
        <ele>47.060534660704434</ele>
        <time>1970-01-01T00:07:27.900000Z</time>
        <extensions>
          <gpxtpx:TrackPointExtension>
            <gpxtpx:hr>168</gpxtpx:hr>
          </gpxtpx:TrackPointExtension>
        </extensions>
      </trkpt>
      <trkpt lat="22.732139674592318" lon="113.95867042616153">
        <ele>47.093115787021816</ele>
        <time>1970-01-01T00:07:28.900000Z</time>
        <extensions>
          <gpxtpx:TrackPointExtension>
            <gpxtpx:hr>168</gpxtpx:hr>
          </gpxtpx:TrackPointExtension>
        </extensions>
      </trkpt>
      <trkpt lat="22.732145735546634" lon="113.95869279656928">
        <ele>47.12368724774569</ele>
        <time>1970-01-01T00:07:29.900000Z</time>
        <extensions>
          <gpxtpx:TrackPointExtension>
            <gpxtpx:hr>168</gpxtpx:hr>
          </gpxtpx:TrackPointExtension>
        </extensions>
      </trkpt>
      <trkpt lat="22.7321526964553" lon="113.95871493057928">
        <ele>47.151883262209594</ele>
        <time>1970-01-01T00:07:30.900000Z</time>
        <extensions>
          <gpxtpx:TrackPointExtension>
            <gpxtpx:hr>168</gpxtpx:hr>
          </gpxtpx:TrackPointExtension>
        </extensions>
      </trkpt>
      <trkpt lat="22.732160286689084" lon="113.95873800292078">
        <ele>47.17771805636585</ele>
        <time>1970-01-01T00:07:31.900000Z</time>
        <extensions>
          <gpxtpx:TrackPointExtension>
            <gpxtpx:hr>168</gpxtpx:hr>
          </gpxtpx:TrackPointExtension>
        </extensions>
      </trkpt>
      <trkpt lat="22.732167725875172" lon="113.95876232781633">
        <ele>47.201285309158266</ele>
        <time>1970-01-01T00:07:32.900000Z</time>
        <extensions>
          <gpxtpx:TrackPointExtension>
            <gpxtpx:hr>168</gpxtpx:hr>
          </gpxtpx:TrackPointExtension>
        </extensions>
      </trkpt>
      <trkpt lat="22.73217480751163" lon="113.95878731741159">
        <ele>47.22295336890966</ele>
        <time>1970-01-01T00:07:33.900000Z</time>
        <extensions>
          <gpxtpx:TrackPointExtension>
            <gpxtpx:hr>168</gpxtpx:hr>
          </gpxtpx:TrackPointExtension>
        </extensions>
      </trkpt>
      <trkpt lat="22.732181525557337" lon="113.95881172307303">
        <ele>47.24351116549224</ele>
        <time>1970-01-01T00:07:34.900000Z</time>
        <extensions>
          <gpxtpx:TrackPointExtension>
            <gpxtpx:hr>163</gpxtpx:hr>
          </gpxtpx:TrackPointExtension>
        </extensions>
      </trkpt>
      <trkpt lat="22.73218808326342" lon="113.9588352487092">
        <ele>47.264391844160855</ele>
        <time>1970-01-01T00:07:35.900000Z</time>
        <extensions>
          <gpxtpx:TrackPointExtension>
            <gpxtpx:hr>163</gpxtpx:hr>
          </gpxtpx:TrackPointExtension>
        </extensions>
      </trkpt>
      <trkpt lat="22.73219469782573" lon="113.95885843323892">
        <ele>47.286962111480534</ele>
        <time>1970-01-01T00:07:36.900000Z</time>
        <extensions>
          <gpxtpx:TrackPointExtension>
            <gpxtpx:hr>163</gpxtpx:hr>
          </gpxtpx:TrackPointExtension>
        </extensions>
      </trkpt>
      <trkpt lat="22.732201596298655" lon="113.95888127505717">
        <ele>47.311791487038136</ele>
        <time>1970-01-01T00:07:37.900000Z</time>
        <extensions>
          <gpxtpx:TrackPointExtension>
            <gpxtpx:hr>163</gpxtpx:hr>
          </gpxtpx:TrackPointExtension>
        </extensions>
      </trkpt>
      <trkpt lat="22.732208532302455" lon="113.95890377635328">
        <ele>47.338542161509395</ele>
        <time>1970-01-01T00:07:38.900000Z</time>
        <extensions>
          <gpxtpx:TrackPointExtension>
            <gpxtpx:hr>163</gpxtpx:hr>
          </gpxtpx:TrackPointExtension>
        </extensions>
      </trkpt>
      <trkpt lat="22.732214803625283" lon="113.95892636174351">
        <ele>47.3662276500836</ele>
        <time>1970-01-01T00:07:39.900000Z</time>
        <extensions>
          <gpxtpx:TrackPointExtension>
            <gpxtpx:hr>163</gpxtpx:hr>
          </gpxtpx:TrackPointExtension>
        </extensions>
      </trkpt>
      <trkpt lat="22.732220090419073" lon="113.95894916933945">
        <ele>47.393729301169515</ele>
        <time>1970-01-01T00:07:40.900000Z</time>
        <extensions>
          <gpxtpx:TrackPointExtension>
            <gpxtpx:hr>163</gpxtpx:hr>
          </gpxtpx:TrackPointExtension>
        </extensions>
      </trkpt>
      <trkpt lat="22.73222448632577" lon="113.95897217578617">
        <ele>47.42001413367689</ele>
        <time>1970-01-01T00:07:41.900000Z</time>
        <extensions>
          <gpxtpx:TrackPointExtension>
            <gpxtpx:hr>163</gpxtpx:hr>
          </gpxtpx:TrackPointExtension>
        </extensions>
      </trkpt>
      <trkpt lat="22.73222832851781" lon="113.95899533553461">
        <ele>47.44461469911039</ele>
        <time>1970-01-01T00:07:42.900000Z</time>
        <extensions>
          <gpxtpx:TrackPointExtension>
            <gpxtpx:hr>163</gpxtpx:hr>
          </gpxtpx:TrackPointExtension>
        </extensions>
      </trkpt>
      <trkpt lat="22.73223183196749" lon="113.959018082546">
        <ele>47.46763402502984</ele>
        <time>1970-01-01T00:07:43.900000Z</time>
        <extensions>
          <gpxtpx:TrackPointExtension>
            <gpxtpx:hr>170</gpxtpx:hr>
          </gpxtpx:TrackPointExtension>
        </extensions>
      </trkpt>
      <trkpt lat="22.732235104632423" lon="113.95904049543859">
        <ele>47.489224943332374</ele>
        <time>1970-01-01T00:07:44.900000Z</time>
        <extensions>
          <gpxtpx:TrackPointExtension>
            <gpxtpx:hr>170</gpxtpx:hr>
          </gpxtpx:TrackPointExtension>
        </extensions>
      </trkpt>
      <trkpt lat="22.732238629202968" lon="113.9590624821304">
        <ele>47.509600665420294</ele>
        <time>1970-01-01T00:07:45.900000Z</time>
        <extensions>
          <gpxtpx:TrackPointExtension>
            <gpxtpx:hr>170</gpxtpx:hr>
          </gpxtpx:TrackPointExtension>
        </extensions>
      </trkpt>
      <trkpt lat="22.732242586333115" lon="113.95908397359868">
        <ele>47.52912254538387</ele>
        <time>1970-01-01T00:07:46.900000Z</time>
        <extensions>
          <gpxtpx:TrackPointExtension>
            <gpxtpx:hr>170</gpxtpx:hr>
          </gpxtpx:TrackPointExtension>
        </extensions>
      </trkpt>
      <trkpt lat="22.732247201234742" lon="113.95910541000968">
        <ele>47.548494216986</ele>
        <time>1970-01-01T00:07:47.900000Z</time>
        <extensions>
          <gpxtpx:TrackPointExtension>
            <gpxtpx:hr>170</gpxtpx:hr>
          </gpxtpx:TrackPointExtension>
        </extensions>
      </trkpt>
      <trkpt lat="22.732252848519515" lon="113.95912707288963">
        <ele>47.56864845659584</ele>
        <time>1970-01-01T00:07:48.900000Z</time>
        <extensions>
          <gpxtpx:TrackPointExtension>
            <gpxtpx:hr>170</gpxtpx:hr>
          </gpxtpx:TrackPointExtension>
        </extensions>
      </trkpt>
      <trkpt lat="22.732259123676982" lon="113.95914942652142">
        <ele>47.5906696151942</ele>
        <time>1970-01-01T00:07:49.900000Z</time>
        <extensions>
          <gpxtpx:TrackPointExtension>
            <gpxtpx:hr>169</gpxtpx:hr>
          </gpxtpx:TrackPointExtension>
        </extensions>
      </trkpt>
      <trkpt lat="22.732265245130865" lon="113.95917237943809">
        <ele>47.61534177605063</ele>
        <time>1970-01-01T00:07:50.900000Z</time>
        <extensions>
          <gpxtpx:TrackPointExtension>
            <gpxtpx:hr>169</gpxtpx:hr>
          </gpxtpx:TrackPointExtension>
        </extensions>
      </trkpt>
      <trkpt lat="22.732271607583233" lon="113.9591952611302">
        <ele>47.64310251548886</ele>
        <time>1970-01-01T00:07:51.900000Z</time>
        <extensions>
          <gpxtpx:TrackPointExtension>
            <gpxtpx:hr>169</gpxtpx:hr>
          </gpxtpx:TrackPointExtension>
        </extensions>
      </trkpt>
      <trkpt lat="22.732278428316466" lon="113.95921813260419">
        <ele>47.673958173021674</ele>
        <time>1970-01-01T00:07:52.900000Z</time>
        <extensions>
          <gpxtpx:TrackPointExtension>
            <gpxtpx:hr>169</gpxtpx:hr>
          </gpxtpx:TrackPointExtension>
        </extensions>
      </trkpt>
      <trkpt lat="22.732285270374152" lon="113.95924101799872">
        <ele>47.70739283040166</ele>
        <time>1970-01-01T00:07:53.900000Z</time>
        <extensions>
          <gpxtpx:TrackPointExtension>
            <gpxtpx:hr>169</gpxtpx:hr>
          </gpxtpx:TrackPointExtension>
        </extensions>
      </trkpt>
      <trkpt lat="22.732291978386527" lon="113.95926378046623">
        <ele>47.742585740983486</ele>
        <time>1970-01-01T00:07:54.900000Z</time>
        <extensions>
          <gpxtpx:TrackPointExtension>
            <gpxtpx:hr>169</gpxtpx:hr>
          </gpxtpx:TrackPointExtension>
        </extensions>
      </trkpt>
      <trkpt lat="22.732298703776802" lon="113.95928669230982">
        <ele>47.778305809013546</ele>
        <time>1970-01-01T00:07:55.900000Z</time>
        <extensions>
          <gpxtpx:TrackPointExtension>
            <gpxtpx:hr>168</gpxtpx:hr>
          </gpxtpx:TrackPointExtension>
        </extensions>
      </trkpt>
      <trkpt lat="22.732305241194947" lon="113.95930999232263">
        <ele>47.81316729448736</ele>
        <time>1970-01-01T00:07:56.900000Z</time>
        <extensions>
          <gpxtpx:TrackPointExtension>
            <gpxtpx:hr>168</gpxtpx:hr>
          </gpxtpx:TrackPointExtension>
        </extensions>
      </trkpt>
      <trkpt lat="22.732311134825945" lon="113.95933354585245">
        <ele>47.84587622154504</ele>
        <time>1970-01-01T00:07:57.900000Z</time>
        <extensions>
          <gpxtpx:TrackPointExtension>
            <gpxtpx:hr>168</gpxtpx:hr>
          </gpxtpx:TrackPointExtension>
        </extensions>
      </trkpt>
      <trkpt lat="22.7323162250914" lon="113.95935738700567">
        <ele>47.87556202430278</ele>
        <time>1970-01-01T00:07:58.900000Z</time>
        <extensions>
          <gpxtpx:TrackPointExtension>
            <gpxtpx:hr>168</gpxtpx:hr>
          </gpxtpx:TrackPointExtension>
        </extensions>
      </trkpt>
      <trkpt lat="22.732320939708448" lon="113.95938143208625">
        <ele>47.901483186520636</ele>
        <time>1970-01-01T00:07:59.900000Z</time>
        <extensions>
          <gpxtpx:TrackPointExtension>
            <gpxtpx:hr>168</gpxtpx:hr>
          </gpxtpx:TrackPointExtension>
        </extensions>
      </trkpt>
      <trkpt lat="22.732325528007962" lon="113.95940559679333">
        <ele>47.923462154343724</ele>
        <time>1970-01-01T00:08:00.900000Z</time>
        <extensions>
          <gpxtpx:TrackPointExtension>
            <gpxtpx:hr>168</gpxtpx:hr>
          </gpxtpx:TrackPointExtension>
        </extensions>
      </trkpt>
      <trkpt lat="22.73233016539467" lon="113.9594299660792">
        <ele>47.94180314987898</ele>
        <time>1970-01-01T00:08:01.900000Z</time>
        <extensions>
          <gpxtpx:TrackPointExtension>
            <gpxtpx:hr>168</gpxtpx:hr>
          </gpxtpx:TrackPointExtension>
        </extensions>
      </trkpt>
      <trkpt lat="22.732334926863235" lon="113.95945456459913">
        <ele>47.9571468681097</ele>
        <time>1970-01-01T00:08:02.900000Z</time>
        <extensions>
          <gpxtpx:TrackPointExtension>
            <gpxtpx:hr>167</gpxtpx:hr>
          </gpxtpx:TrackPointExtension>
        </extensions>
      </trkpt>
      <trkpt lat="22.73233974623255" lon="113.95947958890456">
        <ele>47.97030532453209</ele>
        <time>1970-01-01T00:08:03.900000Z</time>
        <extensions>
          <gpxtpx:TrackPointExtension>
            <gpxtpx:hr>167</gpxtpx:hr>
          </gpxtpx:TrackPointExtension>
        </extensions>
      </trkpt>
      <trkpt lat="22.732344825967303" lon="113.95950481313852">
        <ele>47.9825575100258</ele>
        <time>1970-01-01T00:08:04.900000Z</time>
        <extensions>
          <gpxtpx:TrackPointExtension>
            <gpxtpx:hr>167</gpxtpx:hr>
          </gpxtpx:TrackPointExtension>
        </extensions>
      </trkpt>
      <trkpt lat="22.73235023651829" lon="113.95952973463042">
        <ele>47.995290672406554</ele>
        <time>1970-01-01T00:08:05.900000Z</time>
        <extensions>
          <gpxtpx:TrackPointExtension>
            <gpxtpx:hr>167</gpxtpx:hr>
          </gpxtpx:TrackPointExtension>
        </extensions>
      </trkpt>
      <trkpt lat="22.73235624053576" lon="113.95955440571629">
        <ele>48.00975401606411</ele>
        <time>1970-01-01T00:08:06.900000Z</time>
        <extensions>
          <gpxtpx:TrackPointExtension>
            <gpxtpx:hr>167</gpxtpx:hr>
          </gpxtpx:TrackPointExtension>
        </extensions>
      </trkpt>
      <trkpt lat="22.73236213587087" lon="113.95957912991514">
        <ele>48.02678886987269</ele>
        <time>1970-01-01T00:08:07.900000Z</time>
        <extensions>
          <gpxtpx:TrackPointExtension>
            <gpxtpx:hr>164</gpxtpx:hr>
          </gpxtpx:TrackPointExtension>
        </extensions>
      </trkpt>
      <trkpt lat="22.732367156427454" lon="113.95960385024699">
        <ele>48.04716099705547</ele>
        <time>1970-01-01T00:08:08.900000Z</time>
        <extensions>
          <gpxtpx:TrackPointExtension>
            <gpxtpx:hr>164</gpxtpx:hr>
          </gpxtpx:TrackPointExtension>
        </extensions>
      </trkpt>
      <trkpt lat="22.7323712015834" lon="113.95962854937689">
        <ele>48.07090693060309</ele>
        <time>1970-01-01T00:08:09.900000Z</time>
        <extensions>
          <gpxtpx:TrackPointExtension>
            <gpxtpx:hr>164</gpxtpx:hr>
          </gpxtpx:TrackPointExtension>
        </extensions>
      </trkpt>
      <trkpt lat="22.732373818598894" lon="113.95965286139749">
        <ele>48.09732837881893</ele>
        <time>1970-01-01T00:08:10.900000Z</time>
        <extensions>
          <gpxtpx:TrackPointExtension>
            <gpxtpx:hr>164</gpxtpx:hr>
          </gpxtpx:TrackPointExtension>
        </extensions>
      </trkpt>
      <trkpt lat="22.732375163600484" lon="113.95967656911732">
        <ele>48.12526601366699</ele>
        <time>1970-01-01T00:08:11.900000Z</time>
        <extensions>
          <gpxtpx:TrackPointExtension>
            <gpxtpx:hr>164</gpxtpx:hr>
          </gpxtpx:TrackPointExtension>
        </extensions>
      </trkpt>
      <trkpt lat="22.732375937051085" lon="113.9596996493024">
        <ele>48.153577021323144</ele>
        <time>1970-01-01T00:08:12.900000Z</time>
        <extensions>
          <gpxtpx:TrackPointExtension>
            <gpxtpx:hr>164</gpxtpx:hr>
          </gpxtpx:TrackPointExtension>
        </extensions>
      </trkpt>
      <trkpt lat="22.73237669424174" lon="113.95972297306454">
        <ele>48.18122662603855</ele>
        <time>1970-01-01T00:08:13.900000Z</time>
        <extensions>
          <gpxtpx:TrackPointExtension>
            <gpxtpx:hr>164</gpxtpx:hr>
          </gpxtpx:TrackPointExtension>
        </extensions>
      </trkpt>
      <trkpt lat="22.732378078361116" lon="113.95974660355012">
        <ele>48.20777453109622</ele>
        <time>1970-01-01T00:08:14.900000Z</time>
        <extensions>
          <gpxtpx:TrackPointExtension>
            <gpxtpx:hr>164</gpxtpx:hr>
          </gpxtpx:TrackPointExtension>
        </extensions>
      </trkpt>
      <trkpt lat="22.732381129900478" lon="113.95976985634573">
        <ele>48.23352902196348</ele>
        <time>1970-01-01T00:08:15.900000Z</time>
        <extensions>
          <gpxtpx:TrackPointExtension>
            <gpxtpx:hr>164</gpxtpx:hr>
          </gpxtpx:TrackPointExtension>
        </extensions>
      </trkpt>
      <trkpt lat="22.73238645188195" lon="113.95979289663856">
        <ele>48.259339820593596</ele>
        <time>1970-01-01T00:08:16.900000Z</time>
        <extensions>
          <gpxtpx:TrackPointExtension>
            <gpxtpx:hr>164</gpxtpx:hr>
          </gpxtpx:TrackPointExtension>
        </extensions>
      </trkpt>
      <trkpt lat="22.732393431512158" lon="113.95981591462653">
        <ele>48.28596309479326</ele>
        <time>1970-01-01T00:08:17.900000Z</time>
        <extensions>
          <gpxtpx:TrackPointExtension>
            <gpxtpx:hr>164</gpxtpx:hr>
          </gpxtpx:TrackPointExtension>
        </extensions>
      </trkpt>
      <trkpt lat="22.732401444066905" lon="113.9598390167324">
        <ele>48.31391385756433</ele>
        <time>1970-01-01T00:08:18.900000Z</time>
        <extensions>
          <gpxtpx:TrackPointExtension>
            <gpxtpx:hr>164</gpxtpx:hr>
          </gpxtpx:TrackPointExtension>
        </extensions>
      </trkpt>
      <trkpt lat="22.732410195078565" lon="113.95986229158389">
        <ele>48.34329909738153</ele>
        <time>1970-01-01T00:08:19.900000Z</time>
        <extensions>
          <gpxtpx:TrackPointExtension>
            <gpxtpx:hr>164</gpxtpx:hr>
          </gpxtpx:TrackPointExtension>
        </extensions>
      </trkpt>
      <trkpt lat="22.732419025878638" lon="113.95988557076373">
        <ele>48.37388438265771</ele>
        <time>1970-01-01T00:08:20.900000Z</time>
        <extensions>
          <gpxtpx:TrackPointExtension>
            <gpxtpx:hr>165</gpxtpx:hr>
          </gpxtpx:TrackPointExtension>
        </extensions>
      </trkpt>
      <trkpt lat="22.732426600926612" lon="113.95990818107013">
        <ele>48.40509097650647</ele>
        <time>1970-01-01T00:08:21.900000Z</time>
        <extensions>
          <gpxtpx:TrackPointExtension>
            <gpxtpx:hr>165</gpxtpx:hr>
          </gpxtpx:TrackPointExtension>
        </extensions>
      </trkpt>
      <trkpt lat="22.732432332573374" lon="113.95993044857678">
        <ele>48.436472124420106</ele>
        <time>1970-01-01T00:08:22.900000Z</time>
        <extensions>
          <gpxtpx:TrackPointExtension>
            <gpxtpx:hr>165</gpxtpx:hr>
          </gpxtpx:TrackPointExtension>
        </extensions>
      </trkpt>
      <trkpt lat="22.732436178155695" lon="113.9599514286373">
        <ele>48.46781305409968</ele>
        <time>1970-01-01T00:08:23.900000Z</time>
        <extensions>
          <gpxtpx:TrackPointExtension>
            <gpxtpx:hr>165</gpxtpx:hr>
          </gpxtpx:TrackPointExtension>
        </extensions>
      </trkpt>
      <trkpt lat="22.73244002853493" lon="113.95997339810926">
        <ele>48.49912156444043</ele>
        <time>1970-01-01T00:08:24.900000Z</time>
        <extensions>
          <gpxtpx:TrackPointExtension>
            <gpxtpx:hr>165</gpxtpx:hr>
          </gpxtpx:TrackPointExtension>
        </extensions>
      </trkpt>
      <trkpt lat="22.732444041060738" lon="113.95999573339871">
        <ele>48.53050017543137</ele>
        <time>1970-01-01T00:08:25.900000Z</time>
        <extensions>
          <gpxtpx:TrackPointExtension>
            <gpxtpx:hr>165</gpxtpx:hr>
          </gpxtpx:TrackPointExtension>
        </extensions>
      </trkpt>
      <trkpt lat="22.732448404951217" lon="113.96001806639664">
        <ele>48.56201074551791</ele>
        <time>1970-01-01T00:08:26.900000Z</time>
        <extensions>
          <gpxtpx:TrackPointExtension>
            <gpxtpx:hr>166</gpxtpx:hr>
          </gpxtpx:TrackPointExtension>
        </extensions>
      </trkpt>
      <trkpt lat="22.73245305354994" lon="113.96004019845414">
        <ele>48.59332311246544</ele>
        <time>1970-01-01T00:08:27.900000Z</time>
        <extensions>
          <gpxtpx:TrackPointExtension>
            <gpxtpx:hr>166</gpxtpx:hr>
          </gpxtpx:TrackPointExtension>
        </extensions>
      </trkpt>
      <trkpt lat="22.732457652705982" lon="113.96006170167779">
        <ele>48.62409471999854</ele>
        <time>1970-01-01T00:08:28.900000Z</time>
        <extensions>
          <gpxtpx:TrackPointExtension>
            <gpxtpx:hr>166</gpxtpx:hr>
          </gpxtpx:TrackPointExtension>
        </extensions>
      </trkpt>
      <trkpt lat="22.732462080099545" lon="113.96008252281592">
        <ele>48.654097373597324</ele>
        <time>1970-01-01T00:08:29.900000Z</time>
        <extensions>
          <gpxtpx:TrackPointExtension>
            <gpxtpx:hr>166</gpxtpx:hr>
          </gpxtpx:TrackPointExtension>
        </extensions>
      </trkpt>
      <trkpt lat="22.732466232130637" lon="113.96010266728081">
        <ele>48.6834532469511</ele>
        <time>1970-01-01T00:08:30.900000Z</time>
        <extensions>
          <gpxtpx:TrackPointExtension>
            <gpxtpx:hr>166</gpxtpx:hr>
          </gpxtpx:TrackPointExtension>
        </extensions>
      </trkpt>
      <trkpt lat="22.732469700026417" lon="113.96012262517458">
        <ele>48.7121333675459</ele>
        <time>1970-01-01T00:08:31.900000Z</time>
        <extensions>
          <gpxtpx:TrackPointExtension>
            <gpxtpx:hr>166</gpxtpx:hr>
          </gpxtpx:TrackPointExtension>
        </extensions>
      </trkpt>
      <trkpt lat="22.732472059032542" lon="113.96014219737519">
        <ele>48.740547453053296</ele>
        <time>1970-01-01T00:08:32.900000Z</time>
        <extensions>
          <gpxtpx:TrackPointExtension>
            <gpxtpx:hr>166</gpxtpx:hr>
          </gpxtpx:TrackPointExtension>
        </extensions>
      </trkpt>
      <trkpt lat="22.732473613633303" lon="113.96016074061347">
        <ele>48.76924092043191</ele>
        <time>1970-01-01T00:08:33.900000Z</time>
        <extensions>
          <gpxtpx:TrackPointExtension>
            <gpxtpx:hr>166</gpxtpx:hr>
          </gpxtpx:TrackPointExtension>
        </extensions>
      </trkpt>
      <trkpt lat="22.732475158879264" lon="113.9601793228139">
        <ele>48.798699208535254</ele>
        <time>1970-01-01T00:08:34.900000Z</time>
        <extensions>
          <gpxtpx:TrackPointExtension>
            <gpxtpx:hr>169</gpxtpx:hr>
          </gpxtpx:TrackPointExtension>
        </extensions>
      </trkpt>
      <trkpt lat="22.732477552025827" lon="113.96019860820941">
        <ele>48.82904114108533</ele>
        <time>1970-01-01T00:08:35.900000Z</time>
        <extensions>
          <gpxtpx:TrackPointExtension>
            <gpxtpx:hr>169</gpxtpx:hr>
          </gpxtpx:TrackPointExtension>
        </extensions>
      </trkpt>
      <trkpt lat="22.73248091997979" lon="113.9602180005675">
        <ele>48.86061530467123</ele>
        <time>1970-01-01T00:08:36.900000Z</time>
        <extensions>
          <gpxtpx:TrackPointExtension>
            <gpxtpx:hr>169</gpxtpx:hr>
          </gpxtpx:TrackPointExtension>
        </extensions>
      </trkpt>
      <trkpt lat="22.73248546823254" lon="113.96023768988167">
        <ele>48.89323342498392</ele>
        <time>1970-01-01T00:08:37.900000Z</time>
        <extensions>
          <gpxtpx:TrackPointExtension>
            <gpxtpx:hr>169</gpxtpx:hr>
          </gpxtpx:TrackPointExtension>
        </extensions>
      </trkpt>
      <trkpt lat="22.732491800580952" lon="113.96025829399817">
        <ele>48.925991017371416</ele>
        <time>1970-01-01T00:08:38.900000Z</time>
        <extensions>
          <gpxtpx:TrackPointExtension>
            <gpxtpx:hr>169</gpxtpx:hr>
          </gpxtpx:TrackPointExtension>
        </extensions>
      </trkpt>
      <trkpt lat="22.73250021645541" lon="113.96028059719248">
        <ele>48.957498957403004</ele>
        <time>1970-01-01T00:08:39.900000Z</time>
        <extensions>
          <gpxtpx:TrackPointExtension>
            <gpxtpx:hr>169</gpxtpx:hr>
          </gpxtpx:TrackPointExtension>
        </extensions>
      </trkpt>
      <trkpt lat="22.732510472303108" lon="113.9603046998498">
        <ele>48.98651452176273</ele>
        <time>1970-01-01T00:08:40.900000Z</time>
        <extensions>
          <gpxtpx:TrackPointExtension>
            <gpxtpx:hr>169</gpxtpx:hr>
          </gpxtpx:TrackPointExtension>
        </extensions>
      </trkpt>
      <trkpt lat="22.732521817118336" lon="113.96033035612822">
        <ele>49.01266859378666</ele>
        <time>1970-01-01T00:08:41.900000Z</time>
        <extensions>
          <gpxtpx:TrackPointExtension>
            <gpxtpx:hr>169</gpxtpx:hr>
          </gpxtpx:TrackPointExtension>
        </extensions>
      </trkpt>
      <trkpt lat="22.732533405867144" lon="113.96035745523061">
        <ele>49.036450220271945</ele>
        <time>1970-01-01T00:08:42.900000Z</time>
        <extensions>
          <gpxtpx:TrackPointExtension>
            <gpxtpx:hr>169</gpxtpx:hr>
          </gpxtpx:TrackPointExtension>
        </extensions>
      </trkpt>
      <trkpt lat="22.732544480861932" lon="113.96038606137022">
        <ele>49.05900128930807</ele>
        <time>1970-01-01T00:08:43.900000Z</time>
        <extensions>
          <gpxtpx:TrackPointExtension>
            <gpxtpx:hr>169</gpxtpx:hr>
          </gpxtpx:TrackPointExtension>
        </extensions>
      </trkpt>
      <trkpt lat="22.732554796155867" lon="113.9604160019927">
        <ele>49.08165452349931</ele>
        <time>1970-01-01T00:08:44.900000Z</time>
        <extensions>
          <gpxtpx:TrackPointExtension>
            <gpxtpx:hr>172</gpxtpx:hr>
          </gpxtpx:TrackPointExtension>
        </extensions>
      </trkpt>
      <trkpt lat="22.732564806900406" lon="113.9604463718497">
        <ele>49.10564846266061</ele>
        <time>1970-01-01T00:08:45.900000Z</time>
        <extensions>
          <gpxtpx:TrackPointExtension>
            <gpxtpx:hr>172</gpxtpx:hr>
          </gpxtpx:TrackPointExtension>
        </extensions>
      </trkpt>
      <trkpt lat="22.732574658718274" lon="113.96047679491451">
        <ele>49.13135198317468</ele>
        <time>1970-01-01T00:08:46.900000Z</time>
        <extensions>
          <gpxtpx:TrackPointExtension>
            <gpxtpx:hr>172</gpxtpx:hr>
          </gpxtpx:TrackPointExtension>
        </extensions>
      </trkpt>
      <trkpt lat="22.73258431073387" lon="113.9605065137291">
        <ele>49.158503144048154</ele>
        <time>1970-01-01T00:08:47.900000Z</time>
        <extensions>
          <gpxtpx:TrackPointExtension>
            <gpxtpx:hr>172</gpxtpx:hr>
          </gpxtpx:TrackPointExtension>
        </extensions>
      </trkpt>
      <trkpt lat="22.732594055395428" lon="113.96053397100575">
        <ele>49.18654900230467</ele>
        <time>1970-01-01T00:08:48.900000Z</time>
        <extensions>
          <gpxtpx:TrackPointExtension>
            <gpxtpx:hr>172</gpxtpx:hr>
          </gpxtpx:TrackPointExtension>
        </extensions>
      </trkpt>
      <trkpt lat="22.732604340260075" lon="113.96055974213395">
        <ele>49.21497781295329</ele>
        <time>1970-01-01T00:08:49.900000Z</time>
        <extensions>
          <gpxtpx:TrackPointExtension>
            <gpxtpx:hr>172</gpxtpx:hr>
          </gpxtpx:TrackPointExtension>
        </extensions>
      </trkpt>
      <trkpt lat="22.732615607893877" lon="113.96058515579816">
        <ele>49.24303809646517</ele>
        <time>1970-01-01T00:08:50.900000Z</time>
        <extensions>
          <gpxtpx:TrackPointExtension>
            <gpxtpx:hr>172</gpxtpx:hr>
          </gpxtpx:TrackPointExtension>
        </extensions>
      </trkpt>
      <trkpt lat="22.732627515337043" lon="113.96061051739585">
        <ele>49.269890991039574</ele>
        <time>1970-01-01T00:08:51.900000Z</time>
        <extensions>
          <gpxtpx:TrackPointExtension>
            <gpxtpx:hr>172</gpxtpx:hr>
          </gpxtpx:TrackPointExtension>
        </extensions>
      </trkpt>
      <trkpt lat="22.732639571506844" lon="113.96063632844546">
        <ele>49.29472310747951</ele>
        <time>1970-01-01T00:08:52.900000Z</time>
        <extensions>
          <gpxtpx:TrackPointExtension>
            <gpxtpx:hr>172</gpxtpx:hr>
          </gpxtpx:TrackPointExtension>
        </extensions>
      </trkpt>
      <trkpt lat="22.732651999232708" lon="113.96066278270399">
        <ele>49.31693979818374</ele>
        <time>1970-01-01T00:08:53.900000Z</time>
        <extensions>
          <gpxtpx:TrackPointExtension>
            <gpxtpx:hr>172</gpxtpx:hr>
          </gpxtpx:TrackPointExtension>
        </extensions>
      </trkpt>
      <trkpt lat="22.732664796895055" lon="113.96068897532055">
        <ele>49.33650431968272</ele>
        <time>1970-01-01T00:08:54.900000Z</time>
        <extensions>
          <gpxtpx:TrackPointExtension>
            <gpxtpx:hr>173</gpxtpx:hr>
          </gpxtpx:TrackPointExtension>
        </extensions>
      </trkpt>
      <trkpt lat="22.732677798216923" lon="113.96071417370847">
        <ele>49.35999524407089</ele>
        <time>1970-01-01T00:08:55.900000Z</time>
        <extensions>
          <gpxtpx:TrackPointExtension>
            <gpxtpx:hr>173</gpxtpx:hr>
          </gpxtpx:TrackPointExtension>
        </extensions>
      </trkpt>
      <trkpt lat="22.732691206657964" lon="113.96073888677601">
        <ele>49.389429674483836</ele>
        <time>1970-01-01T00:08:56.900000Z</time>
        <extensions>
          <gpxtpx:TrackPointExtension>
            <gpxtpx:hr>173</gpxtpx:hr>
          </gpxtpx:TrackPointExtension>
        </extensions>
      </trkpt>
      <trkpt lat="22.732704505401262" lon="113.9607630848227">
        <ele>49.419641667976975</ele>
        <time>1970-01-01T00:08:57.900000Z</time>
        <extensions>
          <gpxtpx:TrackPointExtension>
            <gpxtpx:hr>173</gpxtpx:hr>
          </gpxtpx:TrackPointExtension>
        </extensions>
      </trkpt>
      <trkpt lat="22.732717610913674" lon="113.96078676864127">
        <ele>49.45059243310243</ele>
        <time>1970-01-01T00:08:58.900000Z</time>
        <extensions>
          <gpxtpx:TrackPointExtension>
            <gpxtpx:hr>172</gpxtpx:hr>
          </gpxtpx:TrackPointExtension>
        </extensions>
      </trkpt>
      <trkpt lat="22.73273103759313" lon="113.96081000294691">
        <ele>49.48253665305674</ele>
        <time>1970-01-01T00:08:59.900000Z</time>
        <extensions>
          <gpxtpx:TrackPointExtension>
            <gpxtpx:hr>172</gpxtpx:hr>
          </gpxtpx:TrackPointExtension>
        </extensions>
      </trkpt>
      <trkpt lat="22.732744774381604" lon="113.96083226849099">
        <ele>49.51493648160249</ele>
        <time>1970-01-01T00:09:00.900000Z</time>
        <extensions>
          <gpxtpx:TrackPointExtension>
            <gpxtpx:hr>172</gpxtpx:hr>
          </gpxtpx:TrackPointExtension>
        </extensions>
      </trkpt>
      <trkpt lat="22.73275857697344" lon="113.96085293582853">
        <ele>49.545795468613505</ele>
        <time>1970-01-01T00:09:01.900000Z</time>
        <extensions>
          <gpxtpx:TrackPointExtension>
            <gpxtpx:hr>172</gpxtpx:hr>
          </gpxtpx:TrackPointExtension>
        </extensions>
      </trkpt>
      <trkpt lat="22.73277290693774" lon="113.96087194792112">
        <ele>49.57103023864329</ele>
        <time>1970-01-01T00:09:02.900000Z</time>
        <extensions>
          <gpxtpx:TrackPointExtension>
            <gpxtpx:hr>172</gpxtpx:hr>
          </gpxtpx:TrackPointExtension>
        </extensions>
      </trkpt>
      <trkpt lat="22.732788186708767" lon="113.96088963346224">
        <ele>49.58390616439283</ele>
        <time>1970-01-01T00:09:03.900000Z</time>
        <extensions>
          <gpxtpx:TrackPointExtension>
            <gpxtpx:hr>168</gpxtpx:hr>
          </gpxtpx:TrackPointExtension>
        </extensions>
      </trkpt>
      <trkpt lat="22.73280454778238" lon="113.96090563582933">
        <ele>49.57449504826218</ele>
        <time>1970-01-01T00:09:04.900000Z</time>
        <extensions>
          <gpxtpx:TrackPointExtension>
            <gpxtpx:hr>168</gpxtpx:hr>
          </gpxtpx:TrackPointExtension>
        </extensions>
      </trkpt>
      <trkpt lat="22.732813417672908" lon="113.96091291394964">
        <ele>49.56644014455378</ele>
        <time>1970-01-01T00:09:05.500000Z</time>
        <extensions>
          <gpxtpx:TrackPointExtension>
            <gpxtpx:hr>168</gpxtpx:hr>
          </gpxtpx:TrackPointExtension>
        </extensions>
      </trkpt>
      <trkpt lat="22.732821725234626" lon="113.96091897935725">
        <ele>49.557913039810956</ele>
        <time>1970-01-01T00:09:05.900000Z</time>
        <extensions>
          <gpxtpx:TrackPointExtension>
            <gpxtpx:hr>168</gpxtpx:hr>
          </gpxtpx:TrackPointExtension>
        </extensions>
      </trkpt>
      <trkpt lat="22.732839069847223" lon="113.96092743217149">
        <ele>49.54947885032743</ele>
        <time>1970-01-01T00:09:06.900000Z</time>
        <extensions>
          <gpxtpx:TrackPointExtension>
            <gpxtpx:hr>168</gpxtpx:hr>
          </gpxtpx:TrackPointExtension>
        </extensions>
      </trkpt>
      <trkpt lat="22.73285658302229" lon="113.96092902509197">
        <ele>49.561966832727194</ele>
        <time>1970-01-01T00:09:07.900000Z</time>
        <extensions>
          <gpxtpx:TrackPointExtension>
            <gpxtpx:hr>168</gpxtpx:hr>
          </gpxtpx:TrackPointExtension>
        </extensions>
      </trkpt>
      <trkpt lat="22.732873778680318" lon="113.96092483116561">
        <ele>49.586352162994444</ele>
        <time>1970-01-01T00:09:08.900000Z</time>
        <extensions>
          <gpxtpx:TrackPointExtension>
            <gpxtpx:hr>168</gpxtpx:hr>
          </gpxtpx:TrackPointExtension>
        </extensions>
      </trkpt>
      <trkpt lat="22.732890426134897" lon="113.96091614518555">
        <ele>49.6157918414101</ele>
        <time>1970-01-01T00:09:09.900000Z</time>
        <extensions>
          <gpxtpx:TrackPointExtension>
            <gpxtpx:hr>168</gpxtpx:hr>
          </gpxtpx:TrackPointExtension>
        </extensions>
      </trkpt>
      <trkpt lat="22.732906267768527" lon="113.9609027786204">
        <ele>49.645736190490425</ele>
        <time>1970-01-01T00:09:10.900000Z</time>
        <extensions>
          <gpxtpx:TrackPointExtension>
            <gpxtpx:hr>168</gpxtpx:hr>
          </gpxtpx:TrackPointExtension>
        </extensions>
      </trkpt>
      <trkpt lat="22.73292057948041" lon="113.96088417892378">
        <ele>49.67335069552064</ele>
        <time>1970-01-01T00:09:11.900000Z</time>
        <extensions>
          <gpxtpx:TrackPointExtension>
            <gpxtpx:hr>169</gpxtpx:hr>
          </gpxtpx:TrackPointExtension>
        </extensions>
      </trkpt>
      <trkpt lat="22.73293233640232" lon="113.96086093274296">
        <ele>49.69674241542816</ele>
        <time>1970-01-01T00:09:12.900000Z</time>
        <extensions>
          <gpxtpx:TrackPointExtension>
            <gpxtpx:hr>169</gpxtpx:hr>
          </gpxtpx:TrackPointExtension>
        </extensions>
      </trkpt>
      <trkpt lat="22.732941247278788" lon="113.96083493348135">
        <ele>49.714451214298606</ele>
        <time>1970-01-01T00:09:13.900000Z</time>
        <extensions>
          <gpxtpx:TrackPointExtension>
            <gpxtpx:hr>169</gpxtpx:hr>
          </gpxtpx:TrackPointExtension>
        </extensions>
      </trkpt>
      <trkpt lat="22.732947690847986" lon="113.96080776849946">
        <ele>49.72551139537245</ele>
        <time>1970-01-01T00:09:14.900000Z</time>
        <extensions>
          <gpxtpx:TrackPointExtension>
            <gpxtpx:hr>169</gpxtpx:hr>
          </gpxtpx:TrackPointExtension>
        </extensions>
      </trkpt>
      <trkpt lat="22.732950813806404" lon="113.9607799827569">
        <ele>49.72905589453876</ele>
        <time>1970-01-01T00:09:15.900000Z</time>
        <extensions>
          <gpxtpx:TrackPointExtension>
            <gpxtpx:hr>168</gpxtpx:hr>
          </gpxtpx:TrackPointExtension>
        </extensions>
      </trkpt>
      <trkpt lat="22.732949244091714" lon="113.96075159694321">
        <ele>49.72417848277837</ele>
        <time>1970-01-01T00:09:16.900000Z</time>
        <extensions>
          <gpxtpx:TrackPointExtension>
            <gpxtpx:hr>168</gpxtpx:hr>
          </gpxtpx:TrackPointExtension>
        </extensions>
      </trkpt>
      <trkpt lat="22.732942849804743" lon="113.96072221657238">
        <ele>49.70996369794011</ele>
        <time>1970-01-01T00:09:17.900000Z</time>
        <extensions>
          <gpxtpx:TrackPointExtension>
            <gpxtpx:hr>168</gpxtpx:hr>
          </gpxtpx:TrackPointExtension>
        </extensions>
      </trkpt>
      <trkpt lat="22.732932759823967" lon="113.96069175089791">
        <ele>49.685977841727436</ele>
        <time>1970-01-01T00:09:18.900000Z</time>
        <extensions>
          <gpxtpx:TrackPointExtension>
            <gpxtpx:hr>167</gpxtpx:hr>
          </gpxtpx:TrackPointExtension>
        </extensions>
      </trkpt>
      <trkpt lat="22.73292055982437" lon="113.96066061968011">
        <ele>49.652902455069125</ele>
        <time>1970-01-01T00:09:19.900000Z</time>
        <extensions>
          <gpxtpx:TrackPointExtension>
            <gpxtpx:hr>167</gpxtpx:hr>
          </gpxtpx:TrackPointExtension>
        </extensions>
      </trkpt>
      <trkpt lat="22.73290763236251" lon="113.96062981861503">
        <ele>49.612367265857756</ele>
        <time>1970-01-01T00:09:20.900000Z</time>
        <extensions>
          <gpxtpx:TrackPointExtension>
            <gpxtpx:hr>167</gpxtpx:hr>
          </gpxtpx:TrackPointExtension>
        </extensions>
      </trkpt>
      <trkpt lat="22.73289480081153" lon="113.96060001815412">
        <ele>49.5665432959795</ele>
        <time>1970-01-01T00:09:21.900000Z</time>
        <extensions>
          <gpxtpx:TrackPointExtension>
            <gpxtpx:hr>167</gpxtpx:hr>
          </gpxtpx:TrackPointExtension>
        </extensions>
      </trkpt>
      <trkpt lat="22.73288218449657" lon="113.9605713647801">
        <ele>49.51765087619424</ele>
        <time>1970-01-01T00:09:22.900000Z</time>
        <extensions>
          <gpxtpx:TrackPointExtension>
            <gpxtpx:hr>167</gpxtpx:hr>
          </gpxtpx:TrackPointExtension>
        </extensions>
      </trkpt>
      <trkpt lat="22.73286977672625" lon="113.96054407701638">
        <ele>49.46752889920026</ele>
        <time>1970-01-01T00:09:23.900000Z</time>
        <extensions>
          <gpxtpx:TrackPointExtension>
            <gpxtpx:hr>168</gpxtpx:hr>
          </gpxtpx:TrackPointExtension>
        </extensions>
      </trkpt>
      <trkpt lat="22.732857484823185" lon="113.96051745036361">
        <ele>49.4175866311416</ele>
        <time>1970-01-01T00:09:24.900000Z</time>
        <extensions>
          <gpxtpx:TrackPointExtension>
            <gpxtpx:hr>168</gpxtpx:hr>
          </gpxtpx:TrackPointExtension>
        </extensions>
      </trkpt>
      <trkpt lat="22.73284496403437" lon="113.96049063402636">
        <ele>49.36887771170586</ele>
        <time>1970-01-01T00:09:25.900000Z</time>
        <extensions>
          <gpxtpx:TrackPointExtension>
            <gpxtpx:hr>168</gpxtpx:hr>
          </gpxtpx:TrackPointExtension>
        </extensions>
      </trkpt>
      <trkpt lat="22.732831964084053" lon="113.96046350616476">
        <ele>49.32231491431594</ele>
        <time>1970-01-01T00:09:26.900000Z</time>
        <extensions>
          <gpxtpx:TrackPointExtension>
            <gpxtpx:hr>168</gpxtpx:hr>
          </gpxtpx:TrackPointExtension>
        </extensions>
      </trkpt>
      <trkpt lat="22.732819105593716" lon="113.96043649983388">
        <ele>49.27843858487904</ele>
        <time>1970-01-01T00:09:27.900000Z</time>
        <extensions>
          <gpxtpx:TrackPointExtension>
            <gpxtpx:hr>168</gpxtpx:hr>
          </gpxtpx:TrackPointExtension>
        </extensions>
      </trkpt>
      <trkpt lat="22.73280702311611" lon="113.96041040909718">
        <ele>49.23764611966908</ele>
        <time>1970-01-01T00:09:28.900000Z</time>
        <extensions>
          <gpxtpx:TrackPointExtension>
            <gpxtpx:hr>168</gpxtpx:hr>
          </gpxtpx:TrackPointExtension>
        </extensions>
      </trkpt>
      <trkpt lat="22.732795332341023" lon="113.96038564696784">
        <ele>49.200013656169176</ele>
        <time>1970-01-01T00:09:29.900000Z</time>
        <extensions>
          <gpxtpx:TrackPointExtension>
            <gpxtpx:hr>168</gpxtpx:hr>
          </gpxtpx:TrackPointExtension>
        </extensions>
      </trkpt>
      <trkpt lat="22.732783620664893" lon="113.96036162396115">
        <ele>49.16531287506223</ele>
        <time>1970-01-01T00:09:30.900000Z</time>
        <extensions>
          <gpxtpx:TrackPointExtension>
            <gpxtpx:hr>168</gpxtpx:hr>
          </gpxtpx:TrackPointExtension>
        </extensions>
      </trkpt>
      <trkpt lat="22.732772011019385" lon="113.96033806743942">
        <ele>49.13318333029747</ele>
        <time>1970-01-01T00:09:31.900000Z</time>
        <extensions>
          <gpxtpx:TrackPointExtension>
            <gpxtpx:hr>168</gpxtpx:hr>
          </gpxtpx:TrackPointExtension>
        </extensions>
      </trkpt>
      <trkpt lat="22.73276054629249" lon="113.96031499187484">
        <ele>49.10330356750637</ele>
        <time>1970-01-01T00:09:32.900000Z</time>
        <extensions>
          <gpxtpx:TrackPointExtension>
            <gpxtpx:hr>168</gpxtpx:hr>
          </gpxtpx:TrackPointExtension>
        </extensions>
      </trkpt>
      <trkpt lat="22.732749863552797" lon="113.96029226736458">
        <ele>49.07516500167549</ele>
        <time>1970-01-01T00:09:33.900000Z</time>
        <extensions>
          <gpxtpx:TrackPointExtension>
            <gpxtpx:hr>169</gpxtpx:hr>
          </gpxtpx:TrackPointExtension>
        </extensions>
      </trkpt>
      <trkpt lat="22.732740477850385" lon="113.96026938080215">
        <ele>49.04795771185309</ele>
        <time>1970-01-01T00:09:34.900000Z</time>
        <extensions>
          <gpxtpx:TrackPointExtension>
            <gpxtpx:hr>169</gpxtpx:hr>
          </gpxtpx:TrackPointExtension>
        </extensions>
      </trkpt>
      <trkpt lat="22.732731696029198" lon="113.96024588324325">
        <ele>49.0207100873813</ele>
        <time>1970-01-01T00:09:35.900000Z</time>
        <extensions>
          <gpxtpx:TrackPointExtension>
            <gpxtpx:hr>169</gpxtpx:hr>
          </gpxtpx:TrackPointExtension>
        </extensions>
      </trkpt>
      <trkpt lat="22.73272310875211" lon="113.96022238553574">
        <ele>48.9926157835871</ele>
        <time>1970-01-01T00:09:36.900000Z</time>
        <extensions>
          <gpxtpx:TrackPointExtension>
            <gpxtpx:hr>169</gpxtpx:hr>
          </gpxtpx:TrackPointExtension>
        </extensions>
      </trkpt>
      <trkpt lat="22.732715376439458" lon="113.96019909597308">
        <ele>48.96314082853496</ele>
        <time>1970-01-01T00:09:37.900000Z</time>
        <extensions>
          <gpxtpx:TrackPointExtension>
            <gpxtpx:hr>169</gpxtpx:hr>
          </gpxtpx:TrackPointExtension>
        </extensions>
      </trkpt>
      <trkpt lat="22.732708859554368" lon="113.96017584947823">
        <ele>48.9321083733812</ele>
        <time>1970-01-01T00:09:38.900000Z</time>
        <extensions>
          <gpxtpx:TrackPointExtension>
            <gpxtpx:hr>169</gpxtpx:hr>
          </gpxtpx:TrackPointExtension>
        </extensions>
      </trkpt>
      <trkpt lat="22.732702592629824" lon="113.96015294935289">
        <ele>48.899665645323694</ele>
        <time>1970-01-01T00:09:39.900000Z</time>
        <extensions>
          <gpxtpx:TrackPointExtension>
            <gpxtpx:hr>169</gpxtpx:hr>
          </gpxtpx:TrackPointExtension>
        </extensions>
      </trkpt>
      <trkpt lat="22.732696023327268" lon="113.96013098967707">
        <ele>48.866295013576746</ele>
        <time>1970-01-01T00:09:40.900000Z</time>
        <extensions>
          <gpxtpx:TrackPointExtension>
            <gpxtpx:hr>169</gpxtpx:hr>
          </gpxtpx:TrackPointExtension>
        </extensions>
      </trkpt>
      <trkpt lat="22.732689583442305" lon="113.96011007216097">
        <ele>48.832600987516344</ele>
        <time>1970-01-01T00:09:41.900000Z</time>
        <extensions>
          <gpxtpx:TrackPointExtension>
            <gpxtpx:hr>169</gpxtpx:hr>
          </gpxtpx:TrackPointExtension>
        </extensions>
      </trkpt>
      <trkpt lat="22.732683888381537" lon="113.96008940321065">
        <ele>48.798942068591714</ele>
        <time>1970-01-01T00:09:42.900000Z</time>
        <extensions>
          <gpxtpx:TrackPointExtension>
            <gpxtpx:hr>169</gpxtpx:hr>
          </gpxtpx:TrackPointExtension>
        </extensions>
      </trkpt>
      <trkpt lat="22.732679346268686" lon="113.96006834208119">
        <ele>48.765472820959985</ele>
        <time>1970-01-01T00:09:43.900000Z</time>
        <extensions>
          <gpxtpx:TrackPointExtension>
            <gpxtpx:hr>169</gpxtpx:hr>
          </gpxtpx:TrackPointExtension>
        </extensions>
      </trkpt>
      <trkpt lat="22.732675803645872" lon="113.96004687160861">
        <ele>48.73219277057797</ele>
        <time>1970-01-01T00:09:44.900000Z</time>
        <extensions>
          <gpxtpx:TrackPointExtension>
            <gpxtpx:hr>170</gpxtpx:hr>
          </gpxtpx:TrackPointExtension>
        </extensions>
      </trkpt>
      <trkpt lat="22.732671957249885" lon="113.96002448158248">
        <ele>48.69899623375386</ele>
        <time>1970-01-01T00:09:45.900000Z</time>
        <extensions>
          <gpxtpx:TrackPointExtension>
            <gpxtpx:hr>170</gpxtpx:hr>
          </gpxtpx:TrackPointExtension>
        </extensions>
      </trkpt>
      <trkpt lat="22.732666643367843" lon="113.96000107239037">
        <ele>48.66572111658752</ele>
        <time>1970-01-01T00:09:46.900000Z</time>
        <extensions>
          <gpxtpx:TrackPointExtension>
            <gpxtpx:hr>170</gpxtpx:hr>
          </gpxtpx:TrackPointExtension>
        </extensions>
      </trkpt>
      <trkpt lat="22.732660202049008" lon="113.9599777224092">
        <ele>48.632301431149244</ele>
        <time>1970-01-01T00:09:47.900000Z</time>
        <extensions>
          <gpxtpx:TrackPointExtension>
            <gpxtpx:hr>170</gpxtpx:hr>
          </gpxtpx:TrackPointExtension>
        </extensions>
      </trkpt>
      <trkpt lat="22.732653620929163" lon="113.95995526870142">
        <ele>48.598685533739626</ele>
        <time>1970-01-01T00:09:48.900000Z</time>
        <extensions>
          <gpxtpx:TrackPointExtension>
            <gpxtpx:hr>170</gpxtpx:hr>
          </gpxtpx:TrackPointExtension>
        </extensions>
      </trkpt>
      <trkpt lat="22.732647290451073" lon="113.9599339881718">
        <ele>48.564680218696594</ele>
        <time>1970-01-01T00:09:49.900000Z</time>
        <extensions>
          <gpxtpx:TrackPointExtension>
            <gpxtpx:hr>170</gpxtpx:hr>
          </gpxtpx:TrackPointExtension>
        </extensions>
      </trkpt>
      <trkpt lat="22.732641264669105" lon="113.95991362895151">
        <ele>48.53008535504341</ele>
        <time>1970-01-01T00:09:50.900000Z</time>
        <extensions>
          <gpxtpx:TrackPointExtension>
            <gpxtpx:hr>170</gpxtpx:hr>
          </gpxtpx:TrackPointExtension>
        </extensions>
      </trkpt>
      <trkpt lat="22.732635776361338" lon="113.95989295216863">
        <ele>48.494747245684266</ele>
        <time>1970-01-01T00:09:51.900000Z</time>
        <extensions>
          <gpxtpx:TrackPointExtension>
            <gpxtpx:hr>170</gpxtpx:hr>
          </gpxtpx:TrackPointExtension>
        </extensions>
      </trkpt>
      <trkpt lat="22.732630623479455" lon="113.95987124827667">
        <ele>48.4588027857244</ele>
        <time>1970-01-01T00:09:52.900000Z</time>
        <extensions>
          <gpxtpx:TrackPointExtension>
            <gpxtpx:hr>170</gpxtpx:hr>
          </gpxtpx:TrackPointExtension>
        </extensions>
      </trkpt>
      <trkpt lat="22.732625342541535" lon="113.95984834807587">
        <ele>48.42269657365978</ele>
        <time>1970-01-01T00:09:53.900000Z</time>
        <extensions>
          <gpxtpx:TrackPointExtension>
            <gpxtpx:hr>170</gpxtpx:hr>
          </gpxtpx:TrackPointExtension>
        </extensions>
      </trkpt>
      <trkpt lat="22.73261999622511" lon="113.95982357055809">
        <ele>48.387166410684586</ele>
        <time>1970-01-01T00:09:54.900000Z</time>
        <extensions>
          <gpxtpx:TrackPointExtension>
            <gpxtpx:hr>170</gpxtpx:hr>
          </gpxtpx:TrackPointExtension>
        </extensions>
      </trkpt>
      <trkpt lat="22.732614513686684" lon="113.9597961363464">
        <ele>48.35267673060298</ele>
        <time>1970-01-01T00:09:55.900000Z</time>
        <extensions>
          <gpxtpx:TrackPointExtension>
            <gpxtpx:hr>170</gpxtpx:hr>
          </gpxtpx:TrackPointExtension>
        </extensions>
      </trkpt>
      <trkpt lat="22.732608723646095" lon="113.95976688044536">
        <ele>48.31969346571714</ele>
        <time>1970-01-01T00:09:56.900000Z</time>
        <extensions>
          <gpxtpx:TrackPointExtension>
            <gpxtpx:hr>170</gpxtpx:hr>
          </gpxtpx:TrackPointExtension>
        </extensions>
      </trkpt>
      <trkpt lat="22.73260272432537" lon="113.95973758016025">
        <ele>48.2884291280061</ele>
        <time>1970-01-01T00:09:57.900000Z</time>
        <extensions>
          <gpxtpx:TrackPointExtension>
            <gpxtpx:hr>171</gpxtpx:hr>
          </gpxtpx:TrackPointExtension>
        </extensions>
      </trkpt>
      <trkpt lat="22.73259667083611" lon="113.95970877624971">
        <ele>48.25868918560445</ele>
        <time>1970-01-01T00:09:58.900000Z</time>
        <extensions>
          <gpxtpx:TrackPointExtension>
            <gpxtpx:hr>171</gpxtpx:hr>
          </gpxtpx:TrackPointExtension>
        </extensions>
      </trkpt>
      <trkpt lat="22.73259074471389" lon="113.95968034235149">
        <ele>48.229763731360435</ele>
        <time>1970-01-01T00:09:59.900000Z</time>
        <extensions>
          <gpxtpx:TrackPointExtension>
            <gpxtpx:hr>171</gpxtpx:hr>
          </gpxtpx:TrackPointExtension>
        </extensions>
      </trkpt>
      <trkpt lat="22.732585156744374" lon="113.95965255363922">
        <ele>48.20112202782184</ele>
        <time>1970-01-01T00:10:00.900000Z</time>
        <extensions>
          <gpxtpx:TrackPointExtension>
            <gpxtpx:hr>171</gpxtpx:hr>
          </gpxtpx:TrackPointExtension>
        </extensions>
      </trkpt>
      <trkpt lat="22.732579839895294" lon="113.95962545292564">
        <ele>48.172009342350066</ele>
        <time>1970-01-01T00:10:01.900000Z</time>
        <extensions>
          <gpxtpx:TrackPointExtension>
            <gpxtpx:hr>171</gpxtpx:hr>
          </gpxtpx:TrackPointExtension>
        </extensions>
      </trkpt>
      <trkpt lat="22.73257482684801" lon="113.95959901001561">
        <ele>48.14153745863587</ele>
        <time>1970-01-01T00:10:02.900000Z</time>
        <extensions>
          <gpxtpx:TrackPointExtension>
            <gpxtpx:hr>171</gpxtpx:hr>
          </gpxtpx:TrackPointExtension>
        </extensions>
      </trkpt>
      <trkpt lat="22.73257027748529" lon="113.95957389472765">
        <ele>48.10892236512154</ele>
        <time>1970-01-01T00:10:03.900000Z</time>
        <extensions>
          <gpxtpx:TrackPointExtension>
            <gpxtpx:hr>171</gpxtpx:hr>
          </gpxtpx:TrackPointExtension>
        </extensions>
      </trkpt>
      <trkpt lat="22.732565912362954" lon="113.95955012325527">
        <ele>48.073817510157824</ele>
        <time>1970-01-01T00:10:04.900000Z</time>
        <extensions>
          <gpxtpx:TrackPointExtension>
            <gpxtpx:hr>171</gpxtpx:hr>
          </gpxtpx:TrackPointExtension>
        </extensions>
      </trkpt>
      <trkpt lat="22.732561561425083" lon="113.95952601167488">
        <ele>48.03634260687977</ele>
        <time>1970-01-01T00:10:05.900000Z</time>
        <extensions>
          <gpxtpx:TrackPointExtension>
            <gpxtpx:hr>171</gpxtpx:hr>
          </gpxtpx:TrackPointExtension>
        </extensions>
      </trkpt>
      <trkpt lat="22.73255708469498" lon="113.95949984523149">
        <ele>47.99718112964183</ele>
        <time>1970-01-01T00:10:06.900000Z</time>
        <extensions>
          <gpxtpx:TrackPointExtension>
            <gpxtpx:hr>171</gpxtpx:hr>
          </gpxtpx:TrackPointExtension>
        </extensions>
      </trkpt>
      <trkpt lat="22.732552241672252" lon="113.95947181601194">
        <ele>47.95750759076327</ele>
        <time>1970-01-01T00:10:07.900000Z</time>
        <extensions>
          <gpxtpx:TrackPointExtension>
            <gpxtpx:hr>172</gpxtpx:hr>
          </gpxtpx:TrackPointExtension>
        </extensions>
      </trkpt>
      <trkpt lat="22.73254742349606" lon="113.95944333284632">
        <ele>47.91884446982294</ele>
        <time>1970-01-01T00:10:08.900000Z</time>
        <extensions>
          <gpxtpx:TrackPointExtension>
            <gpxtpx:hr>172</gpxtpx:hr>
          </gpxtpx:TrackPointExtension>
        </extensions>
      </trkpt>
      <trkpt lat="22.73254303736695" lon="113.95941554099467">
        <ele>47.88254223577678</ele>
        <time>1970-01-01T00:10:09.900000Z</time>
        <extensions>
          <gpxtpx:TrackPointExtension>
            <gpxtpx:hr>172</gpxtpx:hr>
          </gpxtpx:TrackPointExtension>
        </extensions>
      </trkpt>
      <trkpt lat="22.732539207888586" lon="113.95938852888385">
        <ele>47.84911292977631</ele>
        <time>1970-01-01T00:10:10.900000Z</time>
        <extensions>
          <gpxtpx:TrackPointExtension>
            <gpxtpx:hr>172</gpxtpx:hr>
          </gpxtpx:TrackPointExtension>
        </extensions>
      </trkpt>
      <trkpt lat="22.732535893227872" lon="113.95936191806287">
        <ele>47.818355249240994</ele>
        <time>1970-01-01T00:10:11.900000Z</time>
        <extensions>
          <gpxtpx:TrackPointExtension>
            <gpxtpx:hr>172</gpxtpx:hr>
          </gpxtpx:TrackPointExtension>
        </extensions>
      </trkpt>
      <trkpt lat="22.732532547128713" lon="113.95933552135718">
        <ele>47.78963367175311</ele>
        <time>1970-01-01T00:10:12.900000Z</time>
        <extensions>
          <gpxtpx:TrackPointExtension>
            <gpxtpx:hr>172</gpxtpx:hr>
          </gpxtpx:TrackPointExtension>
        </extensions>
      </trkpt>
      <trkpt lat="22.73252919342285" lon="113.95930931792232">
        <ele>47.76233452279121</ele>
        <time>1970-01-01T00:10:13.900000Z</time>
        <extensions>
          <gpxtpx:TrackPointExtension>
            <gpxtpx:hr>172</gpxtpx:hr>
          </gpxtpx:TrackPointExtension>
        </extensions>
      </trkpt>
      <trkpt lat="22.732526298519137" lon="113.95928269549296">
        <ele>47.735936620272696</ele>
        <time>1970-01-01T00:10:14.900000Z</time>
        <extensions>
          <gpxtpx:TrackPointExtension>
            <gpxtpx:hr>172</gpxtpx:hr>
          </gpxtpx:TrackPointExtension>
        </extensions>
      </trkpt>
      <trkpt lat="22.7325226475408" lon="113.95925488440602">
        <ele>47.71001004893333</ele>
        <time>1970-01-01T00:10:15.900000Z</time>
        <extensions>
          <gpxtpx:TrackPointExtension>
            <gpxtpx:hr>172</gpxtpx:hr>
          </gpxtpx:TrackPointExtension>
        </extensions>
      </trkpt>
      <trkpt lat="22.732516839170092" lon="113.95922659116778">
        <ele>47.684213088825345</ele>
        <time>1970-01-01T00:10:16.900000Z</time>
        <extensions>
          <gpxtpx:TrackPointExtension>
            <gpxtpx:hr>172</gpxtpx:hr>
          </gpxtpx:TrackPointExtension>
        </extensions>
      </trkpt>
      <trkpt lat="22.732509202694928" lon="113.9591991232915">
        <ele>47.658304317854345</ele>
        <time>1970-01-01T00:10:17.900000Z</time>
        <extensions>
          <gpxtpx:TrackPointExtension>
            <gpxtpx:hr>172</gpxtpx:hr>
          </gpxtpx:TrackPointExtension>
        </extensions>
      </trkpt>
      <trkpt lat="22.732500797173838" lon="113.95917185196926">
        <ele>47.63174615614116</ele>
        <time>1970-01-01T00:10:18.900000Z</time>
        <extensions>
          <gpxtpx:TrackPointExtension>
            <gpxtpx:hr>172</gpxtpx:hr>
          </gpxtpx:TrackPointExtension>
        </extensions>
      </trkpt>
      <trkpt lat="22.732492870417406" lon="113.95914411007242">
        <ele>47.60403879545629</ele>
        <time>1970-01-01T00:10:19.900000Z</time>
        <extensions>
          <gpxtpx:TrackPointExtension>
            <gpxtpx:hr>172</gpxtpx:hr>
          </gpxtpx:TrackPointExtension>
        </extensions>
      </trkpt>
      <trkpt lat="22.73248598390606" lon="113.9591167880346">
        <ele>47.57498742546886</ele>
        <time>1970-01-01T00:10:20.900000Z</time>
        <extensions>
          <gpxtpx:TrackPointExtension>
            <gpxtpx:hr>172</gpxtpx:hr>
          </gpxtpx:TrackPointExtension>
        </extensions>
      </trkpt>
      <trkpt lat="22.73247981865661" lon="113.9590907374314">
        <ele>47.54461799748242</ele>
        <time>1970-01-01T00:10:21.900000Z</time>
        <extensions>
          <gpxtpx:TrackPointExtension>
            <gpxtpx:hr>172</gpxtpx:hr>
          </gpxtpx:TrackPointExtension>
        </extensions>
      </trkpt>
      <trkpt lat="22.732473378602354" lon="113.95906569270144">
        <ele>47.512846388854086</ele>
        <time>1970-01-01T00:10:22.900000Z</time>
        <extensions>
          <gpxtpx:TrackPointExtension>
            <gpxtpx:hr>172</gpxtpx:hr>
          </gpxtpx:TrackPointExtension>
        </extensions>
      </trkpt>
      <trkpt lat="22.732466253383528" lon="113.9590402777011">
        <ele>47.479331359267235</ele>
        <time>1970-01-01T00:10:23.900000Z</time>
        <extensions>
          <gpxtpx:TrackPointExtension>
            <gpxtpx:hr>172</gpxtpx:hr>
          </gpxtpx:TrackPointExtension>
        </extensions>
      </trkpt>
      <trkpt lat="22.7324588736585" lon="113.95901387827246">
        <ele>47.44360000919551</ele>
        <time>1970-01-01T00:10:24.900000Z</time>
        <extensions>
          <gpxtpx:TrackPointExtension>
            <gpxtpx:hr>171</gpxtpx:hr>
          </gpxtpx:TrackPointExtension>
        </extensions>
      </trkpt>
      <trkpt lat="22.732451078319173" lon="113.95898685311019">
        <ele>47.40538231097162</ele>
        <time>1970-01-01T00:10:25.900000Z</time>
        <extensions>
          <gpxtpx:TrackPointExtension>
            <gpxtpx:hr>171</gpxtpx:hr>
          </gpxtpx:TrackPointExtension>
        </extensions>
      </trkpt>
      <trkpt lat="22.7324426515097" lon="113.95895983424793">
        <ele>47.36483918596059</ele>
        <time>1970-01-01T00:10:26.900000Z</time>
        <extensions>
          <gpxtpx:TrackPointExtension>
            <gpxtpx:hr>171</gpxtpx:hr>
          </gpxtpx:TrackPointExtension>
        </extensions>
      </trkpt>
      <trkpt lat="22.732434393035017" lon="113.95893352933219">
        <ele>47.322443421930075</ele>
        <time>1970-01-01T00:10:27.900000Z</time>
        <extensions>
          <gpxtpx:TrackPointExtension>
            <gpxtpx:hr>171</gpxtpx:hr>
          </gpxtpx:TrackPointExtension>
        </extensions>
      </trkpt>
      <trkpt lat="22.73242662040279" lon="113.95890788188804">
        <ele>47.27922176849097</ele>
        <time>1970-01-01T00:10:28.900000Z</time>
        <extensions>
          <gpxtpx:TrackPointExtension>
            <gpxtpx:hr>171</gpxtpx:hr>
          </gpxtpx:TrackPointExtension>
        </extensions>
      </trkpt>
      <trkpt lat="22.73241864217767" lon="113.958882269872">
        <ele>47.236430319957435</ele>
        <time>1970-01-01T00:10:29.900000Z</time>
        <extensions>
          <gpxtpx:TrackPointExtension>
            <gpxtpx:hr>171</gpxtpx:hr>
          </gpxtpx:TrackPointExtension>
        </extensions>
      </trkpt>
      <trkpt lat="22.732410751795467" lon="113.95885647846686">
        <ele>47.19517491012812</ele>
        <time>1970-01-01T00:10:30.900000Z</time>
        <extensions>
          <gpxtpx:TrackPointExtension>
            <gpxtpx:hr>171</gpxtpx:hr>
          </gpxtpx:TrackPointExtension>
        </extensions>
      </trkpt>
      <trkpt lat="22.732403800748678" lon="113.95883084951667">
        <ele>47.15612033661455</ele>
        <time>1970-01-01T00:10:31.900000Z</time>
        <extensions>
          <gpxtpx:TrackPointExtension>
            <gpxtpx:hr>171</gpxtpx:hr>
          </gpxtpx:TrackPointExtension>
        </extensions>
      </trkpt>
      <trkpt lat="22.732397510436005" lon="113.95880532542816">
        <ele>47.11965642962605</ele>
        <time>1970-01-01T00:10:32.900000Z</time>
        <extensions>
          <gpxtpx:TrackPointExtension>
            <gpxtpx:hr>171</gpxtpx:hr>
          </gpxtpx:TrackPointExtension>
        </extensions>
      </trkpt>
      <trkpt lat="22.732391120407108" lon="113.95877976670755">
        <ele>47.086260821670294</ele>
        <time>1970-01-01T00:10:33.900000Z</time>
        <extensions>
          <gpxtpx:TrackPointExtension>
            <gpxtpx:hr>171</gpxtpx:hr>
          </gpxtpx:TrackPointExtension>
        </extensions>
      </trkpt>
      <trkpt lat="22.732384808874045" lon="113.95875447262245">
        <ele>47.05633897334337</ele>
        <time>1970-01-01T00:10:34.900000Z</time>
        <extensions>
          <gpxtpx:TrackPointExtension>
            <gpxtpx:hr>171</gpxtpx:hr>
          </gpxtpx:TrackPointExtension>
        </extensions>
      </trkpt>
      <trkpt lat="22.73237918895091" lon="113.9587296268472">
        <ele>47.030014543794096</ele>
        <time>1970-01-01T00:10:35.900000Z</time>
        <extensions>
          <gpxtpx:TrackPointExtension>
            <gpxtpx:hr>171</gpxtpx:hr>
          </gpxtpx:TrackPointExtension>
        </extensions>
      </trkpt>
      <trkpt lat="22.732373717054468" lon="113.9587049491513">
        <ele>47.00661642849445</ele>
        <time>1970-01-01T00:10:36.900000Z</time>
        <extensions>
          <gpxtpx:TrackPointExtension>
            <gpxtpx:hr>171</gpxtpx:hr>
          </gpxtpx:TrackPointExtension>
        </extensions>
      </trkpt>
      <trkpt lat="22.73236757260981" lon="113.95868072111752">
        <ele>46.98499643243849</ele>
        <time>1970-01-01T00:10:37.900000Z</time>
        <extensions>
          <gpxtpx:TrackPointExtension>
            <gpxtpx:hr>171</gpxtpx:hr>
          </gpxtpx:TrackPointExtension>
        </extensions>
      </trkpt>
      <trkpt lat="22.732360655733185" lon="113.95865691273096">
        <ele>46.96403008606285</ele>
        <time>1970-01-01T00:10:38.900000Z</time>
        <extensions>
          <gpxtpx:TrackPointExtension>
            <gpxtpx:hr>171</gpxtpx:hr>
          </gpxtpx:TrackPointExtension>
        </extensions>
      </trkpt>
      <trkpt lat="22.732353102474757" lon="113.95863295485184">
        <ele>46.94269644934684</ele>
        <time>1970-01-01T00:10:39.900000Z</time>
        <extensions>
          <gpxtpx:TrackPointExtension>
            <gpxtpx:hr>171</gpxtpx:hr>
          </gpxtpx:TrackPointExtension>
        </extensions>
      </trkpt>
      <trkpt lat="22.732344812150743" lon="113.95860909193321">
        <ele>46.92020714934915</ele>
        <time>1970-01-01T00:10:40.900000Z</time>
        <extensions>
          <gpxtpx:TrackPointExtension>
            <gpxtpx:hr>171</gpxtpx:hr>
          </gpxtpx:TrackPointExtension>
        </extensions>
      </trkpt>
      <trkpt lat="22.73233602184982" lon="113.95858587586056">
        <ele>46.89633691124618</ele>
        <time>1970-01-01T00:10:41.900000Z</time>
        <extensions>
          <gpxtpx:TrackPointExtension>
            <gpxtpx:hr>171</gpxtpx:hr>
          </gpxtpx:TrackPointExtension>
        </extensions>
      </trkpt>
      <trkpt lat="22.732327521010586" lon="113.95856384855507">
        <ele>46.87111244071275</ele>
        <time>1970-01-01T00:10:42.900000Z</time>
        <extensions>
          <gpxtpx:TrackPointExtension>
            <gpxtpx:hr>171</gpxtpx:hr>
          </gpxtpx:TrackPointExtension>
        </extensions>
      </trkpt>
      <trkpt lat="22.7323194785404" lon="113.9585428623893">
        <ele>46.844450612552464</ele>
        <time>1970-01-01T00:10:43.900000Z</time>
        <extensions>
          <gpxtpx:TrackPointExtension>
            <gpxtpx:hr>171</gpxtpx:hr>
          </gpxtpx:TrackPointExtension>
        </extensions>
      </trkpt>
      <trkpt lat="22.73231160648337" lon="113.95852245874266">
        <ele>46.81636263523251</ele>
        <time>1970-01-01T00:10:44.900000Z</time>
        <extensions>
          <gpxtpx:TrackPointExtension>
            <gpxtpx:hr>171</gpxtpx:hr>
          </gpxtpx:TrackPointExtension>
        </extensions>
      </trkpt>
      <trkpt lat="22.732304075786004" lon="113.95850192073515">
        <ele>46.787434813566506</ele>
        <time>1970-01-01T00:10:45.900000Z</time>
        <extensions>
          <gpxtpx:TrackPointExtension>
            <gpxtpx:hr>171</gpxtpx:hr>
          </gpxtpx:TrackPointExtension>
        </extensions>
      </trkpt>
      <trkpt lat="22.732297077190427" lon="113.9584804460478">
        <ele>46.75856438558549</ele>
        <time>1970-01-01T00:10:46.900000Z</time>
        <extensions>
          <gpxtpx:TrackPointExtension>
            <gpxtpx:hr>171</gpxtpx:hr>
          </gpxtpx:TrackPointExtension>
        </extensions>
      </trkpt>
      <trkpt lat="22.732290110400218" lon="113.9584580643687">
        <ele>46.73066444322467</ele>
        <time>1970-01-01T00:10:47.900000Z</time>
        <extensions>
          <gpxtpx:TrackPointExtension>
            <gpxtpx:hr>171</gpxtpx:hr>
          </gpxtpx:TrackPointExtension>
        </extensions>
      </trkpt>
      <trkpt lat="22.732283060189168" lon="113.95843575206743">
        <ele>46.70429522357881</ele>
        <time>1970-01-01T00:10:48.900000Z</time>
        <extensions>
          <gpxtpx:TrackPointExtension>
            <gpxtpx:hr>171</gpxtpx:hr>
          </gpxtpx:TrackPointExtension>
        </extensions>
      </trkpt>
      <trkpt lat="22.732276087102075" lon="113.95841383926252">
        <ele>46.67951370496303</ele>
        <time>1970-01-01T00:10:49.900000Z</time>
        <extensions>
          <gpxtpx:TrackPointExtension>
            <gpxtpx:hr>171</gpxtpx:hr>
          </gpxtpx:TrackPointExtension>
        </extensions>
      </trkpt>
      <trkpt lat="22.732269171604568" lon="113.9583918692922">
        <ele>46.65590598247945</ele>
        <time>1970-01-01T00:10:50.900000Z</time>
        <extensions>
          <gpxtpx:TrackPointExtension>
            <gpxtpx:hr>171</gpxtpx:hr>
          </gpxtpx:TrackPointExtension>
        </extensions>
      </trkpt>
      <trkpt lat="22.732262386770042" lon="113.95836921746256">
        <ele>46.63241869490594</ele>
        <time>1970-01-01T00:10:51.900000Z</time>
        <extensions>
          <gpxtpx:TrackPointExtension>
            <gpxtpx:hr>169</gpxtpx:hr>
          </gpxtpx:TrackPointExtension>
        </extensions>
      </trkpt>
      <trkpt lat="22.732256109060724" lon="113.9583464584219">
        <ele>46.607942370697856</ele>
        <time>1970-01-01T00:10:52.900000Z</time>
        <extensions>
          <gpxtpx:TrackPointExtension>
            <gpxtpx:hr>169</gpxtpx:hr>
          </gpxtpx:TrackPointExtension>
        </extensions>
      </trkpt>
      <trkpt lat="22.732250363642397" lon="113.95832395278913">
        <ele>46.58160670287907</ele>
        <time>1970-01-01T00:10:53.900000Z</time>
        <extensions>
          <gpxtpx:TrackPointExtension>
            <gpxtpx:hr>169</gpxtpx:hr>
          </gpxtpx:TrackPointExtension>
        </extensions>
      </trkpt>
      <trkpt lat="22.732245177587696" lon="113.95830096325709">
        <ele>46.552872287109494</ele>
        <time>1970-01-01T00:10:54.900000Z</time>
        <extensions>
          <gpxtpx:TrackPointExtension>
            <gpxtpx:hr>169</gpxtpx:hr>
          </gpxtpx:TrackPointExtension>
        </extensions>
      </trkpt>
      <trkpt lat="22.73224059999434" lon="113.95827753558636">
        <ele>46.52791809104383</ele>
        <time>1970-01-01T00:10:55.900000Z</time>
        <extensions>
          <gpxtpx:TrackPointExtension>
            <gpxtpx:hr>169</gpxtpx:hr>
          </gpxtpx:TrackPointExtension>
        </extensions>
      </trkpt>
      <trkpt lat="22.73223601109428" lon="113.95825353607613">
        <ele>46.506080529652536</ele>
        <time>1970-01-01T00:10:56.900000Z</time>
        <extensions>
          <gpxtpx:TrackPointExtension>
            <gpxtpx:hr>169</gpxtpx:hr>
          </gpxtpx:TrackPointExtension>
        </extensions>
      </trkpt>
      <trkpt lat="22.732230100063422" lon="113.95822906233317">
        <ele>46.48249117843807</ele>
        <time>1970-01-01T00:10:57.900000Z</time>
        <extensions>
          <gpxtpx:TrackPointExtension>
            <gpxtpx:hr>169</gpxtpx:hr>
          </gpxtpx:TrackPointExtension>
        </extensions>
      </trkpt>
      <trkpt lat="22.732221868183927" lon="113.95820381033151">
        <ele>46.456100618466735</ele>
        <time>1970-01-01T00:10:58.900000Z</time>
        <extensions>
          <gpxtpx:TrackPointExtension>
            <gpxtpx:hr>169</gpxtpx:hr>
          </gpxtpx:TrackPointExtension>
        </extensions>
      </trkpt>
      <trkpt lat="22.732211172876237" lon="113.95817721127857">
        <ele>46.426199331879616</ele>
        <time>1970-01-01T00:10:59.900000Z</time>
        <extensions>
          <gpxtpx:TrackPointExtension>
            <gpxtpx:hr>169</gpxtpx:hr>
          </gpxtpx:TrackPointExtension>
        </extensions>
      </trkpt>
      <trkpt lat="22.732198036663632" lon="113.95814937117368">
        <ele>46.39194869156927</ele>
        <time>1970-01-01T00:11:00.900000Z</time>
        <extensions>
          <gpxtpx:TrackPointExtension>
            <gpxtpx:hr>169</gpxtpx:hr>
          </gpxtpx:TrackPointExtension>
        </extensions>
      </trkpt>
      <trkpt lat="22.732183610448935" lon="113.9581211531702">
        <ele>46.351737504824996</ele>
        <time>1970-01-01T00:11:01.900000Z</time>
        <extensions>
          <gpxtpx:TrackPointExtension>
            <gpxtpx:hr>169</gpxtpx:hr>
          </gpxtpx:TrackPointExtension>
        </extensions>
      </trkpt>
      <trkpt lat="22.73216981874979" lon="113.95809275058488">
        <ele>46.30274560023099</ele>
        <time>1970-01-01T00:11:02.900000Z</time>
        <extensions>
          <gpxtpx:TrackPointExtension>
            <gpxtpx:hr>169</gpxtpx:hr>
          </gpxtpx:TrackPointExtension>
        </extensions>
      </trkpt>
      <trkpt lat="22.732157620228968" lon="113.95806405499793">
        <ele>46.240240508690476</ele>
        <time>1970-01-01T00:11:03.900000Z</time>
        <extensions>
          <gpxtpx:TrackPointExtension>
            <gpxtpx:hr>169</gpxtpx:hr>
          </gpxtpx:TrackPointExtension>
        </extensions>
      </trkpt>
      <trkpt lat="22.732147073372428" lon="113.95803601206154">
        <ele>46.15684453677386</ele>
        <time>1970-01-01T00:11:04.900000Z</time>
        <extensions>
          <gpxtpx:TrackPointExtension>
            <gpxtpx:hr>169</gpxtpx:hr>
          </gpxtpx:TrackPointExtension>
        </extensions>
      </trkpt>
      <trkpt lat="22.732142997757506" lon="113.95802421525455">
        <ele>46.12047452758998</ele>
        <time>1970-01-01T00:11:05.400000Z</time>
        <extensions>
          <gpxtpx:TrackPointExtension>
            <gpxtpx:hr>169</gpxtpx:hr>
          </gpxtpx:TrackPointExtension>
        </extensions>
      </trkpt>
      <trkpt lat="22.732137876251652" lon="113.95800877495739">
        <ele>46.070485095493495</ele>
        <time>1970-01-01T00:11:05.900000Z</time>
        <extensions>
          <gpxtpx:TrackPointExtension>
            <gpxtpx:hr>169</gpxtpx:hr>
          </gpxtpx:TrackPointExtension>
        </extensions>
      </trkpt>
      <trkpt lat="22.732129637840085" lon="113.95798104373237">
        <ele>45.99642898980528</ele>
        <time>1970-01-01T00:11:06.900000Z</time>
        <extensions>
          <gpxtpx:TrackPointExtension>
            <gpxtpx:hr>169</gpxtpx:hr>
          </gpxtpx:TrackPointExtension>
        </extensions>
      </trkpt>
      <trkpt lat="22.732122051381648" lon="113.95795227025425">
        <ele>45.94559000711888</ele>
        <time>1970-01-01T00:11:07.900000Z</time>
        <extensions>
          <gpxtpx:TrackPointExtension>
            <gpxtpx:hr>169</gpxtpx:hr>
          </gpxtpx:TrackPointExtension>
        </extensions>
      </trkpt>
      <trkpt lat="22.732114105790934" lon="113.95792271716266">
        <ele>45.909506648778915</ele>
        <time>1970-01-01T00:11:08.900000Z</time>
        <extensions>
          <gpxtpx:TrackPointExtension>
            <gpxtpx:hr>171</gpxtpx:hr>
          </gpxtpx:TrackPointExtension>
        </extensions>
      </trkpt>
      <trkpt lat="22.73210552860959" lon="113.95789346797652">
        <ele>45.882112108170986</ele>
        <time>1970-01-01T00:11:09.900000Z</time>
        <extensions>
          <gpxtpx:TrackPointExtension>
            <gpxtpx:hr>171</gpxtpx:hr>
          </gpxtpx:TrackPointExtension>
        </extensions>
      </trkpt>
      <trkpt lat="22.73209670894745" lon="113.95786544775784">
        <ele>45.85928908921778</ele>
        <time>1970-01-01T00:11:10.900000Z</time>
        <extensions>
          <gpxtpx:TrackPointExtension>
            <gpxtpx:hr>171</gpxtpx:hr>
          </gpxtpx:TrackPointExtension>
        </extensions>
      </trkpt>
      <trkpt lat="22.732087822271303" lon="113.95783916334801">
        <ele>45.838265870697796</ele>
        <time>1970-01-01T00:11:11.900000Z</time>
        <extensions>
          <gpxtpx:TrackPointExtension>
            <gpxtpx:hr>171</gpxtpx:hr>
          </gpxtpx:TrackPointExtension>
        </extensions>
      </trkpt>
      <trkpt lat="22.73207877869893" lon="113.95781490225883">
        <ele>45.81726090889424</ele>
        <time>1970-01-01T00:11:12.900000Z</time>
        <extensions>
          <gpxtpx:TrackPointExtension>
            <gpxtpx:hr>171</gpxtpx:hr>
          </gpxtpx:TrackPointExtension>
        </extensions>
      </trkpt>
      <trkpt lat="22.7320696352201" lon="113.9577927381061">
        <ele>45.795315528288484</ele>
        <time>1970-01-01T00:11:13.900000Z</time>
        <extensions>
          <gpxtpx:TrackPointExtension>
            <gpxtpx:hr>171</gpxtpx:hr>
          </gpxtpx:TrackPointExtension>
        </extensions>
      </trkpt>
      <trkpt lat="22.7320608079518" lon="113.9577721458797">
        <ele>45.77208004985005</ele>
        <time>1970-01-01T00:11:14.900000Z</time>
        <extensions>
          <gpxtpx:TrackPointExtension>
            <gpxtpx:hr>171</gpxtpx:hr>
          </gpxtpx:TrackPointExtension>
        </extensions>
      </trkpt>
      <trkpt lat="22.732052445521308" lon="113.95775265648102">
        <ele>45.74767030682415</ele>
        <time>1970-01-01T00:11:15.900000Z</time>
        <extensions>
          <gpxtpx:TrackPointExtension>
            <gpxtpx:hr>171</gpxtpx:hr>
          </gpxtpx:TrackPointExtension>
        </extensions>
      </trkpt>
      <trkpt lat="22.73204391440424" lon="113.95773414611767">
        <ele>45.72236999031156</ele>
        <time>1970-01-01T00:11:16.900000Z</time>
        <extensions>
          <gpxtpx:TrackPointExtension>
            <gpxtpx:hr>171</gpxtpx:hr>
          </gpxtpx:TrackPointExtension>
        </extensions>
      </trkpt>
      <trkpt lat="22.732034812522954" lon="113.9577155376517">
        <ele>45.69635992590338</ele>
        <time>1970-01-01T00:11:17.900000Z</time>
        <extensions>
          <gpxtpx:TrackPointExtension>
            <gpxtpx:hr>171</gpxtpx:hr>
          </gpxtpx:TrackPointExtension>
        </extensions>
      </trkpt>
      <trkpt lat="22.732025669789838" lon="113.95769574186833">
        <ele>45.669276596046984</ele>
        <time>1970-01-01T00:11:18.900000Z</time>
        <extensions>
          <gpxtpx:TrackPointExtension>
            <gpxtpx:hr>171</gpxtpx:hr>
          </gpxtpx:TrackPointExtension>
        </extensions>
      </trkpt>
      <trkpt lat="22.732017667661935" lon="113.9576746106973">
        <ele>45.6410544058308</ele>
        <time>1970-01-01T00:11:19.900000Z</time>
        <extensions>
          <gpxtpx:TrackPointExtension>
            <gpxtpx:hr>171</gpxtpx:hr>
          </gpxtpx:TrackPointExtension>
        </extensions>
      </trkpt>
      <trkpt lat="22.73201124428027" lon="113.95765204328703">
        <ele>45.61158961895853</ele>
        <time>1970-01-01T00:11:20.900000Z</time>
        <extensions>
          <gpxtpx:TrackPointExtension>
            <gpxtpx:hr>171</gpxtpx:hr>
          </gpxtpx:TrackPointExtension>
        </extensions>
      </trkpt>
      <trkpt lat="22.732006275887155" lon="113.95762816478661">
        <ele>45.580906784161925</ele>
        <time>1970-01-01T00:11:21.900000Z</time>
        <extensions>
          <gpxtpx:TrackPointExtension>
            <gpxtpx:hr>172</gpxtpx:hr>
          </gpxtpx:TrackPointExtension>
        </extensions>
      </trkpt>
      <trkpt lat="22.732002304634864" lon="113.95760412264144">
        <ele>45.54915091674775</ele>
        <time>1970-01-01T00:11:22.900000Z</time>
        <extensions>
          <gpxtpx:TrackPointExtension>
            <gpxtpx:hr>172</gpxtpx:hr>
          </gpxtpx:TrackPointExtension>
        </extensions>
      </trkpt>
      <trkpt lat="22.731998896332446" lon="113.95758066752549">
        <ele>45.516772013157606</ele>
        <time>1970-01-01T00:11:23.900000Z</time>
        <extensions>
          <gpxtpx:TrackPointExtension>
            <gpxtpx:hr>172</gpxtpx:hr>
          </gpxtpx:TrackPointExtension>
        </extensions>
      </trkpt>
      <trkpt lat="22.731996085205814" lon="113.95755711985552">
        <ele>45.484300242736936</ele>
        <time>1970-01-01T00:11:24.900000Z</time>
        <extensions>
          <gpxtpx:TrackPointExtension>
            <gpxtpx:hr>172</gpxtpx:hr>
          </gpxtpx:TrackPointExtension>
        </extensions>
      </trkpt>
      <trkpt lat="22.731993174161822" lon="113.95753278876315">
        <ele>45.4524489287287</ele>
        <time>1970-01-01T00:11:25.900000Z</time>
        <extensions>
          <gpxtpx:TrackPointExtension>
            <gpxtpx:hr>172</gpxtpx:hr>
          </gpxtpx:TrackPointExtension>
        </extensions>
      </trkpt>
      <trkpt lat="22.731988958931524" lon="113.95750748154576">
        <ele>45.42205691616982</ele>
        <time>1970-01-01T00:11:26.900000Z</time>
        <extensions>
          <gpxtpx:TrackPointExtension>
            <gpxtpx:hr>172</gpxtpx:hr>
          </gpxtpx:TrackPointExtension>
        </extensions>
      </trkpt>
      <trkpt lat="22.731982987688312" lon="113.95748155397617">
        <ele>45.39379470143467</ele>
        <time>1970-01-01T00:11:27.900000Z</time>
        <extensions>
          <gpxtpx:TrackPointExtension>
            <gpxtpx:hr>171</gpxtpx:hr>
          </gpxtpx:TrackPointExtension>
        </extensions>
      </trkpt>
      <trkpt lat="22.731975349762468" lon="113.95745592807573">
        <ele>45.367767070420086</ele>
        <time>1970-01-01T00:11:28.900000Z</time>
        <extensions>
          <gpxtpx:TrackPointExtension>
            <gpxtpx:hr>171</gpxtpx:hr>
          </gpxtpx:TrackPointExtension>
        </extensions>
      </trkpt>
      <trkpt lat="22.731966004837915" lon="113.95743100117528">
        <ele>45.34335404261947</ele>
        <time>1970-01-01T00:11:29.900000Z</time>
        <extensions>
          <gpxtpx:TrackPointExtension>
            <gpxtpx:hr>171</gpxtpx:hr>
          </gpxtpx:TrackPointExtension>
        </extensions>
      </trkpt>
      <trkpt lat="22.731955491359656" lon="113.95740608861574">
        <ele>45.319425103254616</ele>
        <time>1970-01-01T00:11:30.900000Z</time>
        <extensions>
          <gpxtpx:TrackPointExtension>
            <gpxtpx:hr>171</gpxtpx:hr>
          </gpxtpx:TrackPointExtension>
        </extensions>
      </trkpt>
      <trkpt lat="22.73194494710324" lon="113.95738047444446">
        <ele>45.294803908094764</ele>
        <time>1970-01-01T00:11:31.900000Z</time>
        <extensions>
          <gpxtpx:TrackPointExtension>
            <gpxtpx:hr>169</gpxtpx:hr>
          </gpxtpx:TrackPointExtension>
        </extensions>
      </trkpt>
      <trkpt lat="22.731935115935613" lon="113.95735434251856">
        <ele>45.26875880267471</ele>
        <time>1970-01-01T00:11:32.900000Z</time>
        <extensions>
          <gpxtpx:TrackPointExtension>
            <gpxtpx:hr>169</gpxtpx:hr>
          </gpxtpx:TrackPointExtension>
        </extensions>
      </trkpt>
      <trkpt lat="22.731925953464355" lon="113.95732833318563">
        <ele>45.24089721310884</ele>
        <time>1970-01-01T00:11:33.900000Z</time>
        <extensions>
          <gpxtpx:TrackPointExtension>
            <gpxtpx:hr>169</gpxtpx:hr>
          </gpxtpx:TrackPointExtension>
        </extensions>
      </trkpt>
      <trkpt lat="22.7319172204235" lon="113.95730288736166">
        <ele>45.21128635853529</ele>
        <time>1970-01-01T00:11:34.900000Z</time>
        <extensions>
          <gpxtpx:TrackPointExtension>
            <gpxtpx:hr>169</gpxtpx:hr>
          </gpxtpx:TrackPointExtension>
        </extensions>
      </trkpt>
      <trkpt lat="22.731908923659617" lon="113.95727850887432">
        <ele>45.18041538912803</ele>
        <time>1970-01-01T00:11:35.900000Z</time>
        <extensions>
          <gpxtpx:TrackPointExtension>
            <gpxtpx:hr>169</gpxtpx:hr>
          </gpxtpx:TrackPointExtension>
        </extensions>
      </trkpt>
      <trkpt lat="22.731901060379982" lon="113.95725562631137">
        <ele>45.14916379377246</ele>
        <time>1970-01-01T00:11:36.900000Z</time>
        <extensions>
          <gpxtpx:TrackPointExtension>
            <gpxtpx:hr>169</gpxtpx:hr>
          </gpxtpx:TrackPointExtension>
        </extensions>
      </trkpt>
      <trkpt lat="22.731893187526968" lon="113.95723361314263">
        <ele>45.118267795071006</ele>
        <time>1970-01-01T00:11:37.900000Z</time>
        <extensions>
          <gpxtpx:TrackPointExtension>
            <gpxtpx:hr>169</gpxtpx:hr>
          </gpxtpx:TrackPointExtension>
        </extensions>
      </trkpt>
      <trkpt lat="22.731884624275366" lon="113.9572114785632">
        <ele>45.08847976848483</ele>
        <time>1970-01-01T00:11:38.900000Z</time>
        <extensions>
          <gpxtpx:TrackPointExtension>
            <gpxtpx:hr>169</gpxtpx:hr>
          </gpxtpx:TrackPointExtension>
        </extensions>
      </trkpt>
      <trkpt lat="22.73187502334813" lon="113.9571887814654">
        <ele>45.06039122119546</ele>
        <time>1970-01-01T00:11:39.900000Z</time>
        <extensions>
          <gpxtpx:TrackPointExtension>
            <gpxtpx:hr>169</gpxtpx:hr>
          </gpxtpx:TrackPointExtension>
        </extensions>
      </trkpt>
      <trkpt lat="22.731864949635714" lon="113.95716496317564">
        <ele>45.03429794125259</ele>
        <time>1970-01-01T00:11:40.900000Z</time>
        <extensions>
          <gpxtpx:TrackPointExtension>
            <gpxtpx:hr>169</gpxtpx:hr>
          </gpxtpx:TrackPointExtension>
        </extensions>
      </trkpt>
      <trkpt lat="22.731855494646616" lon="113.9571403431097">
        <ele>45.010070002637804</ele>
        <time>1970-01-01T00:11:41.900000Z</time>
        <extensions>
          <gpxtpx:TrackPointExtension>
            <gpxtpx:hr>169</gpxtpx:hr>
          </gpxtpx:TrackPointExtension>
        </extensions>
      </trkpt>
      <trkpt lat="22.73184728445151" lon="113.95711609301993">
        <ele>44.98717960063368</ele>
        <time>1970-01-01T00:11:42.900000Z</time>
        <extensions>
          <gpxtpx:TrackPointExtension>
            <gpxtpx:hr>169</gpxtpx:hr>
          </gpxtpx:TrackPointExtension>
        </extensions>
      </trkpt>
      <trkpt lat="22.73184000630798" lon="113.95709228287177">
        <ele>44.96471651829779</ele>
        <time>1970-01-01T00:11:43.900000Z</time>
        <extensions>
          <gpxtpx:TrackPointExtension>
            <gpxtpx:hr>169</gpxtpx:hr>
          </gpxtpx:TrackPointExtension>
        </extensions>
      </trkpt>
      <trkpt lat="22.731832866267595" lon="113.95706891023679">
        <ele>44.94164273887873</ele>
        <time>1970-01-01T00:11:44.900000Z</time>
        <extensions>
          <gpxtpx:TrackPointExtension>
            <gpxtpx:hr>169</gpxtpx:hr>
          </gpxtpx:TrackPointExtension>
        </extensions>
      </trkpt>
      <trkpt lat="22.731825764110596" lon="113.95704610762338">
        <ele>44.91707193106413</ele>
        <time>1970-01-01T00:11:45.900000Z</time>
        <extensions>
          <gpxtpx:TrackPointExtension>
            <gpxtpx:hr>169</gpxtpx:hr>
          </gpxtpx:TrackPointExtension>
        </extensions>
      </trkpt>
      <trkpt lat="22.73181900622528" lon="113.95702360112928">
        <ele>44.89050534926355</ele>
        <time>1970-01-01T00:11:46.900000Z</time>
        <extensions>
          <gpxtpx:TrackPointExtension>
            <gpxtpx:hr>170</gpxtpx:hr>
          </gpxtpx:TrackPointExtension>
        </extensions>
      </trkpt>
      <trkpt lat="22.73181240113238" lon="113.9570019215669">
        <ele>44.86194945126772</ele>
        <time>1970-01-01T00:11:47.900000Z</time>
        <extensions>
          <gpxtpx:TrackPointExtension>
            <gpxtpx:hr>170</gpxtpx:hr>
          </gpxtpx:TrackPointExtension>
        </extensions>
      </trkpt>
      <trkpt lat="22.7318052721256" lon="113.95698140314865">
        <ele>44.831867426633835</ele>
        <time>1970-01-01T00:11:48.900000Z</time>
        <extensions>
          <gpxtpx:TrackPointExtension>
            <gpxtpx:hr>170</gpxtpx:hr>
          </gpxtpx:TrackPointExtension>
        </extensions>
      </trkpt>
      <trkpt lat="22.73179725969684" lon="113.956961223856">
        <ele>44.800914039835334</ele>
        <time>1970-01-01T00:11:49.900000Z</time>
        <extensions>
          <gpxtpx:TrackPointExtension>
            <gpxtpx:hr>170</gpxtpx:hr>
          </gpxtpx:TrackPointExtension>
        </extensions>
      </trkpt>
      <trkpt lat="22.731788414185335" lon="113.95694080277114">
        <ele>44.76969339605421</ele>
        <time>1970-01-01T00:11:50.900000Z</time>
        <extensions>
          <gpxtpx:TrackPointExtension>
            <gpxtpx:hr>170</gpxtpx:hr>
          </gpxtpx:TrackPointExtension>
        </extensions>
      </trkpt>
      <trkpt lat="22.73177894792445" lon="113.95691996464949">
        <ele>44.73864882532507</ele>
        <time>1970-01-01T00:11:51.900000Z</time>
        <extensions>
          <gpxtpx:TrackPointExtension>
            <gpxtpx:hr>170</gpxtpx:hr>
          </gpxtpx:TrackPointExtension>
        </extensions>
      </trkpt>
      <trkpt lat="22.73176902155082" lon="113.95689809151744">
        <ele>44.708249722607434</ele>
        <time>1970-01-01T00:11:52.900000Z</time>
        <extensions>
          <gpxtpx:TrackPointExtension>
            <gpxtpx:hr>170</gpxtpx:hr>
          </gpxtpx:TrackPointExtension>
        </extensions>
      </trkpt>
      <trkpt lat="22.731758598608263" lon="113.95687405740678">
        <ele>44.678759335540235</ele>
        <time>1970-01-01T00:11:53.900000Z</time>
        <extensions>
          <gpxtpx:TrackPointExtension>
            <gpxtpx:hr>170</gpxtpx:hr>
          </gpxtpx:TrackPointExtension>
        </extensions>
      </trkpt>
      <trkpt lat="22.731747900903958" lon="113.95684883547095">
        <ele>44.65017525292933</ele>
        <time>1970-01-01T00:11:54.900000Z</time>
        <extensions>
          <gpxtpx:TrackPointExtension>
            <gpxtpx:hr>170</gpxtpx:hr>
          </gpxtpx:TrackPointExtension>
        </extensions>
      </trkpt>
      <trkpt lat="22.731736759656386" lon="113.95682404386913">
        <ele>44.62232073023915</ele>
        <time>1970-01-01T00:11:55.900000Z</time>
        <extensions>
          <gpxtpx:TrackPointExtension>
            <gpxtpx:hr>170</gpxtpx:hr>
          </gpxtpx:TrackPointExtension>
        </extensions>
      </trkpt>
      <trkpt lat="22.731725149520383" lon="113.95679910353738">
        <ele>44.59515042603016</ele>
        <time>1970-01-01T00:11:56.900000Z</time>
        <extensions>
          <gpxtpx:TrackPointExtension>
            <gpxtpx:hr>170</gpxtpx:hr>
          </gpxtpx:TrackPointExtension>
        </extensions>
      </trkpt>
      <trkpt lat="22.73171391984449" lon="113.95677399956575">
        <ele>44.56831061281264</ele>
        <time>1970-01-01T00:11:57.900000Z</time>
        <extensions>
          <gpxtpx:TrackPointExtension>
            <gpxtpx:hr>166</gpxtpx:hr>
          </gpxtpx:TrackPointExtension>
        </extensions>
      </trkpt>
      <trkpt lat="22.731703209902324" lon="113.95674954904895">
        <ele>44.54142339900136</ele>
        <time>1970-01-01T00:11:58.900000Z</time>
        <extensions>
          <gpxtpx:TrackPointExtension>
            <gpxtpx:hr>166</gpxtpx:hr>
          </gpxtpx:TrackPointExtension>
        </extensions>
      </trkpt>
      <trkpt lat="22.731692293508406" lon="113.95672569677218">
        <ele>44.514233304187655</ele>
        <time>1970-01-01T00:11:59.900000Z</time>
        <extensions>
          <gpxtpx:TrackPointExtension>
            <gpxtpx:hr>166</gpxtpx:hr>
          </gpxtpx:TrackPointExtension>
        </extensions>
      </trkpt>
      <trkpt lat="22.731681227112862" lon="113.95670149101238">
        <ele>44.486934126354754</ele>
        <time>1970-01-01T00:12:00.900000Z</time>
        <extensions>
          <gpxtpx:TrackPointExtension>
            <gpxtpx:hr>166</gpxtpx:hr>
          </gpxtpx:TrackPointExtension>
        </extensions>
      </trkpt>
      <trkpt lat="22.73167041748546" lon="113.95667690449054">
        <ele>44.45957917813212</ele>
        <time>1970-01-01T00:12:01.900000Z</time>
        <extensions>
          <gpxtpx:TrackPointExtension>
            <gpxtpx:hr>166</gpxtpx:hr>
          </gpxtpx:TrackPointExtension>
        </extensions>
      </trkpt>
      <trkpt lat="22.73165982046256" lon="113.95665337141781">
        <ele>44.431993833743036</ele>
        <time>1970-01-01T00:12:02.900000Z</time>
        <extensions>
          <gpxtpx:TrackPointExtension>
            <gpxtpx:hr>164</gpxtpx:hr>
          </gpxtpx:TrackPointExtension>
        </extensions>
      </trkpt>
      <trkpt lat="22.7316491086418" lon="113.95663069056266">
        <ele>44.403793973848224</ele>
        <time>1970-01-01T00:12:03.900000Z</time>
        <extensions>
          <gpxtpx:TrackPointExtension>
            <gpxtpx:hr>164</gpxtpx:hr>
          </gpxtpx:TrackPointExtension>
        </extensions>
      </trkpt>
      <trkpt lat="22.731638008824028" lon="113.95660797094055">
        <ele>44.374535985291004</ele>
        <time>1970-01-01T00:12:04.900000Z</time>
        <extensions>
          <gpxtpx:TrackPointExtension>
            <gpxtpx:hr>164</gpxtpx:hr>
          </gpxtpx:TrackPointExtension>
        </extensions>
      </trkpt>
      <trkpt lat="22.731626903548932" lon="113.95658554057034">
        <ele>44.3438521893695</ele>
        <time>1970-01-01T00:12:05.900000Z</time>
        <extensions>
          <gpxtpx:TrackPointExtension>
            <gpxtpx:hr>164</gpxtpx:hr>
          </gpxtpx:TrackPointExtension>
        </extensions>
      </trkpt>
      <trkpt lat="22.731615583305487" lon="113.95656284130577">
        <ele>44.311945267021656</ele>
        <time>1970-01-01T00:12:06.900000Z</time>
        <extensions>
          <gpxtpx:TrackPointExtension>
            <gpxtpx:hr>164</gpxtpx:hr>
          </gpxtpx:TrackPointExtension>
        </extensions>
      </trkpt>
      <trkpt lat="22.731603422514468" lon="113.95653934785877">
        <ele>44.279468070715666</ele>
        <time>1970-01-01T00:12:07.900000Z</time>
        <extensions>
          <gpxtpx:TrackPointExtension>
            <gpxtpx:hr>161</gpxtpx:hr>
          </gpxtpx:TrackPointExtension>
        </extensions>
      </trkpt>
      <trkpt lat="22.7315908788914" lon="113.95651560878004">
        <ele>44.24723760038614</ele>
        <time>1970-01-01T00:12:08.900000Z</time>
        <extensions>
          <gpxtpx:TrackPointExtension>
            <gpxtpx:hr>161</gpxtpx:hr>
          </gpxtpx:TrackPointExtension>
        </extensions>
      </trkpt>
      <trkpt lat="22.731579095859594" lon="113.95649194347743">
        <ele>44.215917790308595</ele>
        <time>1970-01-01T00:12:09.900000Z</time>
        <extensions>
          <gpxtpx:TrackPointExtension>
            <gpxtpx:hr>161</gpxtpx:hr>
          </gpxtpx:TrackPointExtension>
        </extensions>
      </trkpt>
      <trkpt lat="22.731568093238387" lon="113.95646851659741">
        <ele>44.18555782362819</ele>
        <time>1970-01-01T00:12:10.900000Z</time>
        <extensions>
          <gpxtpx:TrackPointExtension>
            <gpxtpx:hr>161</gpxtpx:hr>
          </gpxtpx:TrackPointExtension>
        </extensions>
      </trkpt>
      <trkpt lat="22.731556915330742" lon="113.95644511038348">
        <ele>44.15566726401448</ele>
        <time>1970-01-01T00:12:11.900000Z</time>
        <extensions>
          <gpxtpx:TrackPointExtension>
            <gpxtpx:hr>161</gpxtpx:hr>
          </gpxtpx:TrackPointExtension>
        </extensions>
      </trkpt>
      <trkpt lat="22.731545396273756" lon="113.95642144862262">
        <ele>44.125293200835586</ele>
        <time>1970-01-01T00:12:12.900000Z</time>
        <extensions>
          <gpxtpx:TrackPointExtension>
            <gpxtpx:hr>161</gpxtpx:hr>
          </gpxtpx:TrackPointExtension>
        </extensions>
      </trkpt>
      <trkpt lat="22.731533495413448" lon="113.95639810888581">
        <ele>44.09315270092338</ele>
        <time>1970-01-01T00:12:13.900000Z</time>
        <extensions>
          <gpxtpx:TrackPointExtension>
            <gpxtpx:hr>161</gpxtpx:hr>
          </gpxtpx:TrackPointExtension>
        </extensions>
      </trkpt>
      <trkpt lat="22.731521666349856" lon="113.9563752928175">
        <ele>44.0574693903327</ele>
        <time>1970-01-01T00:12:14.900000Z</time>
        <extensions>
          <gpxtpx:TrackPointExtension>
            <gpxtpx:hr>161</gpxtpx:hr>
          </gpxtpx:TrackPointExtension>
        </extensions>
      </trkpt>
      <trkpt lat="22.731510075273643" lon="113.95635297728384">
        <ele>44.01748683024198</ele>
        <time>1970-01-01T00:12:15.900000Z</time>
        <extensions>
          <gpxtpx:TrackPointExtension>
            <gpxtpx:hr>161</gpxtpx:hr>
          </gpxtpx:TrackPointExtension>
        </extensions>
      </trkpt>
      <trkpt lat="22.73149808137794" lon="113.95633119146994">
        <ele>43.97295152582228</ele>
        <time>1970-01-01T00:12:16.900000Z</time>
        <extensions>
          <gpxtpx:TrackPointExtension>
            <gpxtpx:hr>161</gpxtpx:hr>
          </gpxtpx:TrackPointExtension>
        </extensions>
      </trkpt>
      <trkpt lat="22.73148596053226" lon="113.95630927652408">
        <ele>43.92426315974444</ele>
        <time>1970-01-01T00:12:17.900000Z</time>
        <extensions>
          <gpxtpx:TrackPointExtension>
            <gpxtpx:hr>164</gpxtpx:hr>
          </gpxtpx:TrackPointExtension>
        </extensions>
      </trkpt>
      <trkpt lat="22.7314736810289" lon="113.95628725094741">
        <ele>43.87247799895704</ele>
        <time>1970-01-01T00:12:18.900000Z</time>
        <extensions>
          <gpxtpx:TrackPointExtension>
            <gpxtpx:hr>164</gpxtpx:hr>
          </gpxtpx:TrackPointExtension>
        </extensions>
      </trkpt>
      <trkpt lat="22.731461462262665" lon="113.95626553867412">
        <ele>43.81938449386507</ele>
        <time>1970-01-01T00:12:19.900000Z</time>
        <extensions>
          <gpxtpx:TrackPointExtension>
            <gpxtpx:hr>164</gpxtpx:hr>
          </gpxtpx:TrackPointExtension>
        </extensions>
      </trkpt>
      <trkpt lat="22.731449918826517" lon="113.95624422228943">
        <ele>43.766835978254676</ele>
        <time>1970-01-01T00:12:20.900000Z</time>
        <extensions>
          <gpxtpx:TrackPointExtension>
            <gpxtpx:hr>164</gpxtpx:hr>
          </gpxtpx:TrackPointExtension>
        </extensions>
      </trkpt>
      <trkpt lat="22.7314387306333" lon="113.95622335833043">
        <ele>43.71683879941702</ele>
        <time>1970-01-01T00:12:21.900000Z</time>
        <extensions>
          <gpxtpx:TrackPointExtension>
            <gpxtpx:hr>164</gpxtpx:hr>
          </gpxtpx:TrackPointExtension>
        </extensions>
      </trkpt>
      <trkpt lat="22.731427950563166" lon="113.95620224507769">
        <ele>43.67136946693063</ele>
        <time>1970-01-01T00:12:22.900000Z</time>
        <extensions>
          <gpxtpx:TrackPointExtension>
            <gpxtpx:hr>164</gpxtpx:hr>
          </gpxtpx:TrackPointExtension>
        </extensions>
      </trkpt>
      <trkpt lat="22.731418046970095" lon="113.9561803235651">
        <ele>43.63195134233683</ele>
        <time>1970-01-01T00:12:23.900000Z</time>
        <extensions>
          <gpxtpx:TrackPointExtension>
            <gpxtpx:hr>164</gpxtpx:hr>
          </gpxtpx:TrackPointExtension>
        </extensions>
      </trkpt>
      <trkpt lat="22.731408568972054" lon="113.95615807561597">
        <ele>43.59915850777179</ele>
        <time>1970-01-01T00:12:24.900000Z</time>
        <extensions>
          <gpxtpx:TrackPointExtension>
            <gpxtpx:hr>164</gpxtpx:hr>
          </gpxtpx:TrackPointExtension>
        </extensions>
      </trkpt>
      <trkpt lat="22.731398611876426" lon="113.95613583801278">
        <ele>43.57216563075781</ele>
        <time>1970-01-01T00:12:25.900000Z</time>
        <extensions>
          <gpxtpx:TrackPointExtension>
            <gpxtpx:hr>164</gpxtpx:hr>
          </gpxtpx:TrackPointExtension>
        </extensions>
      </trkpt>
      <trkpt lat="22.73138835569429" lon="113.95611313200143">
        <ele>43.54909015446901</ele>
        <time>1970-01-01T00:12:26.900000Z</time>
        <extensions>
          <gpxtpx:TrackPointExtension>
            <gpxtpx:hr>167</gpxtpx:hr>
          </gpxtpx:TrackPointExtension>
        </extensions>
      </trkpt>
      <trkpt lat="22.73137839901893" lon="113.95608997473853">
        <ele>43.52761920914054</ele>
        <time>1970-01-01T00:12:27.900000Z</time>
        <extensions>
          <gpxtpx:TrackPointExtension>
            <gpxtpx:hr>167</gpxtpx:hr>
          </gpxtpx:TrackPointExtension>
        </extensions>
      </trkpt>
      <trkpt lat="22.73136827518543" lon="113.95606716794686">
        <ele>43.50561020150781</ele>
        <time>1970-01-01T00:12:28.900000Z</time>
        <extensions>
          <gpxtpx:TrackPointExtension>
            <gpxtpx:hr>167</gpxtpx:hr>
          </gpxtpx:TrackPointExtension>
        </extensions>
      </trkpt>
      <trkpt lat="22.731357844802535" lon="113.95604483455145">
        <ele>43.48131106887013</ele>
        <time>1970-01-01T00:12:29.900000Z</time>
        <extensions>
          <gpxtpx:TrackPointExtension>
            <gpxtpx:hr>167</gpxtpx:hr>
          </gpxtpx:TrackPointExtension>
        </extensions>
      </trkpt>
      <trkpt lat="22.73134759819557" lon="113.95602197179369">
        <ele>43.4538171319291</ele>
        <time>1970-01-01T00:12:30.900000Z</time>
        <extensions>
          <gpxtpx:TrackPointExtension>
            <gpxtpx:hr>167</gpxtpx:hr>
          </gpxtpx:TrackPointExtension>
        </extensions>
      </trkpt>
      <trkpt lat="22.731337379020236" lon="113.95599817541404">
        <ele>43.423008086159825</ele>
        <time>1970-01-01T00:12:31.900000Z</time>
        <extensions>
          <gpxtpx:TrackPointExtension>
            <gpxtpx:hr>168</gpxtpx:hr>
          </gpxtpx:TrackPointExtension>
        </extensions>
      </trkpt>
      <trkpt lat="22.731327019361206" lon="113.95597443275773">
        <ele>43.3893799316138</ele>
        <time>1970-01-01T00:12:32.900000Z</time>
        <extensions>
          <gpxtpx:TrackPointExtension>
            <gpxtpx:hr>168</gpxtpx:hr>
          </gpxtpx:TrackPointExtension>
        </extensions>
      </trkpt>
      <trkpt lat="22.731316692276984" lon="113.95595145578342">
        <ele>43.35341426823288</ele>
        <time>1970-01-01T00:12:33.900000Z</time>
        <extensions>
          <gpxtpx:TrackPointExtension>
            <gpxtpx:hr>168</gpxtpx:hr>
          </gpxtpx:TrackPointExtension>
        </extensions>
      </trkpt>
      <trkpt lat="22.731306172174936" lon="113.95592887037766">
        <ele>43.31574714463204</ele>
        <time>1970-01-01T00:12:34.900000Z</time>
        <extensions>
          <gpxtpx:TrackPointExtension>
            <gpxtpx:hr>168</gpxtpx:hr>
          </gpxtpx:TrackPointExtension>
        </extensions>
      </trkpt>
      <trkpt lat="22.731295088430546" lon="113.95590570179732">
        <ele>43.27719584014267</ele>
        <time>1970-01-01T00:12:35.900000Z</time>
        <extensions>
          <gpxtpx:TrackPointExtension>
            <gpxtpx:hr>168</gpxtpx:hr>
          </gpxtpx:TrackPointExtension>
        </extensions>
      </trkpt>
      <trkpt lat="22.731283459553964" lon="113.95588225870553">
        <ele>43.238637431524694</ele>
        <time>1970-01-01T00:12:36.900000Z</time>
        <extensions>
          <gpxtpx:TrackPointExtension>
            <gpxtpx:hr>170</gpxtpx:hr>
          </gpxtpx:TrackPointExtension>
        </extensions>
      </trkpt>
      <trkpt lat="22.73127139320146" lon="113.95585986827709">
        <ele>43.200709470547736</ele>
        <time>1970-01-01T00:12:37.900000Z</time>
        <extensions>
          <gpxtpx:TrackPointExtension>
            <gpxtpx:hr>170</gpxtpx:hr>
          </gpxtpx:TrackPointExtension>
        </extensions>
      </trkpt>
      <trkpt lat="22.731258870860955" lon="113.9558385480866">
        <ele>43.16380659956485</ele>
        <time>1970-01-01T00:12:38.900000Z</time>
        <extensions>
          <gpxtpx:TrackPointExtension>
            <gpxtpx:hr>170</gpxtpx:hr>
          </gpxtpx:TrackPointExtension>
        </extensions>
      </trkpt>
      <trkpt lat="22.731246297680133" lon="113.95581675127528">
        <ele>43.127930987626314</ele>
        <time>1970-01-01T00:12:39.900000Z</time>
        <extensions>
          <gpxtpx:TrackPointExtension>
            <gpxtpx:hr>170</gpxtpx:hr>
          </gpxtpx:TrackPointExtension>
        </extensions>
      </trkpt>
      <trkpt lat="22.731234116410775" lon="113.95579378555466">
        <ele>43.09279574081302</ele>
        <time>1970-01-01T00:12:40.900000Z</time>
        <extensions>
          <gpxtpx:TrackPointExtension>
            <gpxtpx:hr>170</gpxtpx:hr>
          </gpxtpx:TrackPointExtension>
        </extensions>
      </trkpt>
      <trkpt lat="22.731222037898142" lon="113.95577065271954">
        <ele>43.058083483949304</ele>
        <time>1970-01-01T00:12:41.900000Z</time>
        <extensions>
          <gpxtpx:TrackPointExtension>
            <gpxtpx:hr>170</gpxtpx:hr>
          </gpxtpx:TrackPointExtension>
        </extensions>
      </trkpt>
      <trkpt lat="22.731210111347714" lon="113.95574817938683">
        <ele>43.02392481453717</ele>
        <time>1970-01-01T00:12:42.900000Z</time>
        <extensions>
          <gpxtpx:TrackPointExtension>
            <gpxtpx:hr>170</gpxtpx:hr>
          </gpxtpx:TrackPointExtension>
        </extensions>
      </trkpt>
      <trkpt lat="22.7311986682392" lon="113.9557254070771">
        <ele>42.9904462993145</ele>
        <time>1970-01-01T00:12:43.900000Z</time>
        <extensions>
          <gpxtpx:TrackPointExtension>
            <gpxtpx:hr>170</gpxtpx:hr>
          </gpxtpx:TrackPointExtension>
        </extensions>
      </trkpt>
      <trkpt lat="22.731187466772734" lon="113.95570216726816">
        <ele>42.95794375240803</ele>
        <time>1970-01-01T00:12:44.900000Z</time>
        <extensions>
          <gpxtpx:TrackPointExtension>
            <gpxtpx:hr>170</gpxtpx:hr>
          </gpxtpx:TrackPointExtension>
        </extensions>
      </trkpt>
      <trkpt lat="22.73117606789831" lon="113.95567942540198">
        <ele>42.92662502638996</ele>
        <time>1970-01-01T00:12:45.900000Z</time>
        <extensions>
          <gpxtpx:TrackPointExtension>
            <gpxtpx:hr>170</gpxtpx:hr>
          </gpxtpx:TrackPointExtension>
        </extensions>
      </trkpt>
      <trkpt lat="22.73116466228498" lon="113.95565719137693">
        <ele>42.89647758565843</ele>
        <time>1970-01-01T00:12:46.900000Z</time>
        <extensions>
          <gpxtpx:TrackPointExtension>
            <gpxtpx:hr>170</gpxtpx:hr>
          </gpxtpx:TrackPointExtension>
        </extensions>
      </trkpt>
      <trkpt lat="22.73115371558743" lon="113.95563539531474">
        <ele>42.86715226620436</ele>
        <time>1970-01-01T00:12:47.900000Z</time>
        <extensions>
          <gpxtpx:TrackPointExtension>
            <gpxtpx:hr>168</gpxtpx:hr>
          </gpxtpx:TrackPointExtension>
        </extensions>
      </trkpt>
      <trkpt lat="22.731142935535598" lon="113.95561426676736">
        <ele>42.83810763526708</ele>
        <time>1970-01-01T00:12:48.900000Z</time>
        <extensions>
          <gpxtpx:TrackPointExtension>
            <gpxtpx:hr>168</gpxtpx:hr>
          </gpxtpx:TrackPointExtension>
        </extensions>
      </trkpt>
      <trkpt lat="22.73113162035428" lon="113.95559325256225">
        <ele>42.80860500223935</ele>
        <time>1970-01-01T00:12:49.900000Z</time>
        <extensions>
          <gpxtpx:TrackPointExtension>
            <gpxtpx:hr>168</gpxtpx:hr>
          </gpxtpx:TrackPointExtension>
        </extensions>
      </trkpt>
      <trkpt lat="22.731119588376774" lon="113.95557137123328">
        <ele>42.77776298113167</ele>
        <time>1970-01-01T00:12:50.900000Z</time>
        <extensions>
          <gpxtpx:TrackPointExtension>
            <gpxtpx:hr>168</gpxtpx:hr>
          </gpxtpx:TrackPointExtension>
        </extensions>
      </trkpt>
      <trkpt lat="22.73110766009762" lon="113.95554895658833">
        <ele>42.7446094378829</ele>
        <time>1970-01-01T00:12:51.900000Z</time>
        <extensions>
          <gpxtpx:TrackPointExtension>
            <gpxtpx:hr>168</gpxtpx:hr>
          </gpxtpx:TrackPointExtension>
        </extensions>
      </trkpt>
      <trkpt lat="22.731096210725905" lon="113.9555267788836">
        <ele>42.708438685163856</ele>
        <time>1970-01-01T00:12:52.900000Z</time>
        <extensions>
          <gpxtpx:TrackPointExtension>
            <gpxtpx:hr>167</gpxtpx:hr>
          </gpxtpx:TrackPointExtension>
        </extensions>
      </trkpt>
      <trkpt lat="22.731084496204538" lon="113.95550480699227">
        <ele>42.66928208898753</ele>
        <time>1970-01-01T00:12:53.900000Z</time>
        <extensions>
          <gpxtpx:TrackPointExtension>
            <gpxtpx:hr>167</gpxtpx:hr>
          </gpxtpx:TrackPointExtension>
        </extensions>
      </trkpt>
      <trkpt lat="22.73107229085932" lon="113.95548283951437">
        <ele>42.62773296888918</ele>
        <time>1970-01-01T00:12:54.900000Z</time>
        <extensions>
          <gpxtpx:TrackPointExtension>
            <gpxtpx:hr>167</gpxtpx:hr>
          </gpxtpx:TrackPointExtension>
        </extensions>
      </trkpt>
      <trkpt lat="22.73106018007271" lon="113.95546153865995">
        <ele>42.58778638392687</ele>
        <time>1970-01-01T00:12:55.900000Z</time>
        <extensions>
          <gpxtpx:TrackPointExtension>
            <gpxtpx:hr>167</gpxtpx:hr>
          </gpxtpx:TrackPointExtension>
        </extensions>
      </trkpt>
      <trkpt lat="22.731047813114547" lon="113.95544044555714">
        <ele>42.555140911601484</ele>
        <time>1970-01-01T00:12:56.900000Z</time>
        <extensions>
          <gpxtpx:TrackPointExtension>
            <gpxtpx:hr>167</gpxtpx:hr>
          </gpxtpx:TrackPointExtension>
        </extensions>
      </trkpt>
      <trkpt lat="22.73103552178284" lon="113.95541931117856">
        <ele>42.52250553946942</ele>
        <time>1970-01-01T00:12:57.900000Z</time>
        <extensions>
          <gpxtpx:TrackPointExtension>
            <gpxtpx:hr>167</gpxtpx:hr>
          </gpxtpx:TrackPointExtension>
        </extensions>
      </trkpt>
      <trkpt lat="22.73102377134019" lon="113.95539712646703">
        <ele>42.4887904599309</ele>
        <time>1970-01-01T00:12:58.900000Z</time>
        <extensions>
          <gpxtpx:TrackPointExtension>
            <gpxtpx:hr>166</gpxtpx:hr>
          </gpxtpx:TrackPointExtension>
        </extensions>
      </trkpt>
      <trkpt lat="22.731012180000626" lon="113.95537428967879">
        <ele>42.453551376238465</ele>
        <time>1970-01-01T00:12:59.900000Z</time>
        <extensions>
          <gpxtpx:TrackPointExtension>
            <gpxtpx:hr>166</gpxtpx:hr>
          </gpxtpx:TrackPointExtension>
        </extensions>
      </trkpt>
      <trkpt lat="22.731000229306552" lon="113.9553516188492">
        <ele>42.41640676930547</ele>
        <time>1970-01-01T00:13:00.900000Z</time>
        <extensions>
          <gpxtpx:TrackPointExtension>
            <gpxtpx:hr>166</gpxtpx:hr>
          </gpxtpx:TrackPointExtension>
        </extensions>
      </trkpt>
      <trkpt lat="22.730988179335895" lon="113.95532809145621">
        <ele>42.37615282740444</ele>
        <time>1970-01-01T00:13:01.900000Z</time>
        <extensions>
          <gpxtpx:TrackPointExtension>
            <gpxtpx:hr>166</gpxtpx:hr>
          </gpxtpx:TrackPointExtension>
        </extensions>
      </trkpt>
      <trkpt lat="22.730977117856423" lon="113.95530360334672">
        <ele>42.33000133745372</ele>
        <time>1970-01-01T00:13:02.900000Z</time>
        <extensions>
          <gpxtpx:TrackPointExtension>
            <gpxtpx:hr>163</gpxtpx:hr>
          </gpxtpx:TrackPointExtension>
        </extensions>
      </trkpt>
      <trkpt lat="22.73096726285816" lon="113.95527916873766">
        <ele>42.27300257049501</ele>
        <time>1970-01-01T00:13:03.900000Z</time>
        <extensions>
          <gpxtpx:TrackPointExtension>
            <gpxtpx:hr>163</gpxtpx:hr>
          </gpxtpx:TrackPointExtension>
        </extensions>
      </trkpt>
      <trkpt lat="22.730957492975474" lon="113.95525551322785">
        <ele>42.19754461478442</ele>
        <time>1970-01-01T00:13:04.900000Z</time>
        <extensions>
          <gpxtpx:TrackPointExtension>
            <gpxtpx:hr>163</gpxtpx:hr>
          </gpxtpx:TrackPointExtension>
        </extensions>
      </trkpt>
      <trkpt lat="22.73094998056881" lon="113.95523850121806">
        <ele>42.13304481655359</ele>
        <time>1970-01-01T00:13:05.700000Z</time>
        <extensions>
          <gpxtpx:TrackPointExtension>
            <gpxtpx:hr>163</gpxtpx:hr>
          </gpxtpx:TrackPointExtension>
        </extensions>
      </trkpt>
      <trkpt lat="22.730947145491005" lon="113.95523215823933">
        <ele>42.11110698711127</ele>
        <time>1970-01-01T00:13:05.900000Z</time>
        <extensions>
          <gpxtpx:TrackPointExtension>
            <gpxtpx:hr>163</gpxtpx:hr>
          </gpxtpx:TrackPointExtension>
        </extensions>
      </trkpt>
      <trkpt lat="22.730936473111605" lon="113.95520885632565">
        <ele>42.03082400280982</ele>
        <time>1970-01-01T00:13:06.900000Z</time>
        <extensions>
          <gpxtpx:TrackPointExtension>
            <gpxtpx:hr>163</gpxtpx:hr>
          </gpxtpx:TrackPointExtension>
        </extensions>
      </trkpt>
      <trkpt lat="22.730925143100286" lon="113.95518593285439">
        <ele>41.97636099718511</ele>
        <time>1970-01-01T00:13:07.900000Z</time>
        <extensions>
          <gpxtpx:TrackPointExtension>
            <gpxtpx:hr>160</gpxtpx:hr>
          </gpxtpx:TrackPointExtension>
        </extensions>
      </trkpt>
      <trkpt lat="22.730912756112446" lon="113.955162929431">
        <ele>41.93883427605033</ele>
        <time>1970-01-01T00:13:08.900000Z</time>
        <extensions>
          <gpxtpx:TrackPointExtension>
            <gpxtpx:hr>160</gpxtpx:hr>
          </gpxtpx:TrackPointExtension>
        </extensions>
      </trkpt>
      <trkpt lat="22.730899617522628" lon="113.95513982888191">
        <ele>41.911302470602095</ele>
        <time>1970-01-01T00:13:09.900000Z</time>
        <extensions>
          <gpxtpx:TrackPointExtension>
            <gpxtpx:hr>160</gpxtpx:hr>
          </gpxtpx:TrackPointExtension>
        </extensions>
      </trkpt>
      <trkpt lat="22.730886514565135" lon="113.955117648879">
        <ele>41.88886119052768</ele>
        <time>1970-01-01T00:13:10.900000Z</time>
        <extensions>
          <gpxtpx:TrackPointExtension>
            <gpxtpx:hr>159</gpxtpx:hr>
          </gpxtpx:TrackPointExtension>
        </extensions>
      </trkpt>
      <trkpt lat="22.730873465059755" lon="113.9550964185635">
        <ele>41.868091023527086</ele>
        <time>1970-01-01T00:13:11.900000Z</time>
        <extensions>
          <gpxtpx:TrackPointExtension>
            <gpxtpx:hr>159</gpxtpx:hr>
          </gpxtpx:TrackPointExtension>
        </extensions>
      </trkpt>
      <trkpt lat="22.730860167779362" lon="113.95507537600584">
        <ele>41.846798359416425</ele>
        <time>1970-01-01T00:13:12.900000Z</time>
        <extensions>
          <gpxtpx:TrackPointExtension>
            <gpxtpx:hr>159</gpxtpx:hr>
          </gpxtpx:TrackPointExtension>
        </extensions>
      </trkpt>
      <trkpt lat="22.73084721974634" lon="113.95505424657586">
        <ele>41.82367711234838</ele>
        <time>1970-01-01T00:13:13.900000Z</time>
        <extensions>
          <gpxtpx:TrackPointExtension>
            <gpxtpx:hr>159</gpxtpx:hr>
          </gpxtpx:TrackPointExtension>
        </extensions>
      </trkpt>
      <trkpt lat="22.730834541856975" lon="113.95503252475977">
        <ele>41.79801056813449</ele>
        <time>1970-01-01T00:13:14.900000Z</time>
        <extensions>
          <gpxtpx:TrackPointExtension>
            <gpxtpx:hr>161</gpxtpx:hr>
          </gpxtpx:TrackPointExtension>
        </extensions>
      </trkpt>
      <trkpt lat="22.730821804389972" lon="113.95501036286267">
        <ele>41.769360673613846</ele>
        <time>1970-01-01T00:13:15.900000Z</time>
        <extensions>
          <gpxtpx:TrackPointExtension>
            <gpxtpx:hr>161</gpxtpx:hr>
          </gpxtpx:TrackPointExtension>
        </extensions>
      </trkpt>
      <trkpt lat="22.730809503278465" lon="113.95498911603147">
        <ele>41.73723639640957</ele>
        <time>1970-01-01T00:13:16.900000Z</time>
        <extensions>
          <gpxtpx:TrackPointExtension>
            <gpxtpx:hr>161</gpxtpx:hr>
          </gpxtpx:TrackPointExtension>
        </extensions>
      </trkpt>
      <trkpt lat="22.730797286814106" lon="113.95496894244623">
        <ele>41.70113525353372</ele>
        <time>1970-01-01T00:13:17.900000Z</time>
        <extensions>
          <gpxtpx:TrackPointExtension>
            <gpxtpx:hr>161</gpxtpx:hr>
          </gpxtpx:TrackPointExtension>
        </extensions>
      </trkpt>
      <trkpt lat="22.730784379598532" lon="113.95494930650291">
        <ele>41.6607123343274</ele>
        <time>1970-01-01T00:13:18.900000Z</time>
        <extensions>
          <gpxtpx:TrackPointExtension>
            <gpxtpx:hr>161</gpxtpx:hr>
          </gpxtpx:TrackPointExtension>
        </extensions>
      </trkpt>
      <trkpt lat="22.730770611541775" lon="113.9549309164833">
        <ele>41.61622051615268</ele>
        <time>1970-01-01T00:13:19.900000Z</time>
        <extensions>
          <gpxtpx:TrackPointExtension>
            <gpxtpx:hr>161</gpxtpx:hr>
          </gpxtpx:TrackPointExtension>
        </extensions>
      </trkpt>
      <trkpt lat="22.730756350018986" lon="113.95491426730938">
        <ele>41.56811694987118</ele>
        <time>1970-01-01T00:13:20.900000Z</time>
        <extensions>
          <gpxtpx:TrackPointExtension>
            <gpxtpx:hr>161</gpxtpx:hr>
          </gpxtpx:TrackPointExtension>
        </extensions>
      </trkpt>
      <trkpt lat="22.730741912216093" lon="113.95489790249486">
        <ele>41.517313617281616</ele>
        <time>1970-01-01T00:13:21.900000Z</time>
        <extensions>
          <gpxtpx:TrackPointExtension>
            <gpxtpx:hr>165</gpxtpx:hr>
          </gpxtpx:TrackPointExtension>
        </extensions>
      </trkpt>
      <trkpt lat="22.730727756254982" lon="113.95488066765677">
        <ele>41.46501774992794</ele>
        <time>1970-01-01T00:13:22.900000Z</time>
        <extensions>
          <gpxtpx:TrackPointExtension>
            <gpxtpx:hr>165</gpxtpx:hr>
          </gpxtpx:TrackPointExtension>
        </extensions>
      </trkpt>
      <trkpt lat="22.73071456901481" lon="113.95486322150485">
        <ele>41.4125572713092</ele>
        <time>1970-01-01T00:13:23.900000Z</time>
        <extensions>
          <gpxtpx:TrackPointExtension>
            <gpxtpx:hr>165</gpxtpx:hr>
          </gpxtpx:TrackPointExtension>
        </extensions>
      </trkpt>
      <trkpt lat="22.73070231342312" lon="113.9548460594918">
        <ele>41.36110895406455</ele>
        <time>1970-01-01T00:13:24.900000Z</time>
        <extensions>
          <gpxtpx:TrackPointExtension>
            <gpxtpx:hr>165</gpxtpx:hr>
          </gpxtpx:TrackPointExtension>
        </extensions>
      </trkpt>
      <trkpt lat="22.730690154965853" lon="113.95482830653903">
        <ele>41.31178560946137</ele>
        <time>1970-01-01T00:13:25.900000Z</time>
        <extensions>
          <gpxtpx:TrackPointExtension>
            <gpxtpx:hr>165</gpxtpx:hr>
          </gpxtpx:TrackPointExtension>
        </extensions>
      </trkpt>
      <trkpt lat="22.730678175093814" lon="113.95481050415093">
        <ele>41.276930569671094</ele>
        <time>1970-01-01T00:13:26.900000Z</time>
        <extensions>
          <gpxtpx:TrackPointExtension>
            <gpxtpx:hr>164</gpxtpx:hr>
          </gpxtpx:TrackPointExtension>
        </extensions>
      </trkpt>
      <trkpt lat="22.730666216225035" lon="113.9547927919653">
        <ele>41.24727344047278</ele>
        <time>1970-01-01T00:13:27.900000Z</time>
        <extensions>
          <gpxtpx:TrackPointExtension>
            <gpxtpx:hr>164</gpxtpx:hr>
          </gpxtpx:TrackPointExtension>
        </extensions>
      </trkpt>
      <trkpt lat="22.730654262392765" lon="113.95477426524066">
        <ele>41.22310104500502</ele>
        <time>1970-01-01T00:13:28.900000Z</time>
        <extensions>
          <gpxtpx:TrackPointExtension>
            <gpxtpx:hr>164</gpxtpx:hr>
          </gpxtpx:TrackPointExtension>
        </extensions>
      </trkpt>
      <trkpt lat="22.730642151464757" lon="113.95475423179282">
        <ele>41.20495060272515</ele>
        <time>1970-01-01T00:13:29.900000Z</time>
        <extensions>
          <gpxtpx:TrackPointExtension>
            <gpxtpx:hr>164</gpxtpx:hr>
          </gpxtpx:TrackPointExtension>
        </extensions>
      </trkpt>
      <trkpt lat="22.73062958802137" lon="113.95473434504876">
        <ele>41.1924052387476</ele>
        <time>1970-01-01T00:13:30.900000Z</time>
        <extensions>
          <gpxtpx:TrackPointExtension>
            <gpxtpx:hr>164</gpxtpx:hr>
          </gpxtpx:TrackPointExtension>
        </extensions>
      </trkpt>
      <trkpt lat="22.730616822930735" lon="113.95471560805692">
        <ele>41.183620613999665</ele>
        <time>1970-01-01T00:13:31.900000Z</time>
        <extensions>
          <gpxtpx:TrackPointExtension>
            <gpxtpx:hr>164</gpxtpx:hr>
          </gpxtpx:TrackPointExtension>
        </extensions>
      </trkpt>
      <trkpt lat="22.730604252583678" lon="113.95469709177422">
        <ele>41.175003703683615</ele>
        <time>1970-01-01T00:13:32.900000Z</time>
        <extensions>
          <gpxtpx:TrackPointExtension>
            <gpxtpx:hr>161</gpxtpx:hr>
          </gpxtpx:TrackPointExtension>
        </extensions>
      </trkpt>
      <trkpt lat="22.730591503968082" lon="113.95467816767518">
        <ele>41.161023708060384</ele>
        <time>1970-01-01T00:13:33.900000Z</time>
        <extensions>
          <gpxtpx:TrackPointExtension>
            <gpxtpx:hr>161</gpxtpx:hr>
          </gpxtpx:TrackPointExtension>
        </extensions>
      </trkpt>
      <trkpt lat="22.730578356906232" lon="113.95465957919384">
        <ele>41.133860752917826</ele>
        <time>1970-01-01T00:13:34.900000Z</time>
        <extensions>
          <gpxtpx:TrackPointExtension>
            <gpxtpx:hr>161</gpxtpx:hr>
          </gpxtpx:TrackPointExtension>
        </extensions>
      </trkpt>
      <trkpt lat="22.730565181129624" lon="113.954641609281">
        <ele>41.082566757686436</ele>
        <time>1970-01-01T00:13:35.900000Z</time>
        <extensions>
          <gpxtpx:TrackPointExtension>
            <gpxtpx:hr>161</gpxtpx:hr>
          </gpxtpx:TrackPointExtension>
        </extensions>
      </trkpt>
      <trkpt lat="22.730565121083327" lon="113.95464148201617">
        <ele>41.08806378394365</ele>
        <time>1970-01-01T00:13:36Z</time>
        <extensions>
          <gpxtpx:TrackPointExtension>
            <gpxtpx:hr>161</gpxtpx:hr>
          </gpxtpx:TrackPointExtension>
        </extensions>
      </trkpt>
      <trkpt lat="22.73055202811907" lon="113.95462423047373">
        <ele>41.03995250631124</ele>
        <time>1970-01-01T00:13:36.900000Z</time>
        <extensions>
          <gpxtpx:TrackPointExtension>
            <gpxtpx:hr>161</gpxtpx:hr>
          </gpxtpx:TrackPointExtension>
        </extensions>
      </trkpt>
      <trkpt lat="22.730538642764227" lon="113.95460760442083">
        <ele>41.02105753682554</ele>
        <time>1970-01-01T00:13:37.900000Z</time>
        <extensions>
          <gpxtpx:TrackPointExtension>
            <gpxtpx:hr>161</gpxtpx:hr>
          </gpxtpx:TrackPointExtension>
        </extensions>
      </trkpt>
      <trkpt lat="22.730525210696246" lon="113.95459083403907">
        <ele>41.019780782051384</ele>
        <time>1970-01-01T00:13:38.900000Z</time>
        <extensions>
          <gpxtpx:TrackPointExtension>
            <gpxtpx:hr>161</gpxtpx:hr>
          </gpxtpx:TrackPointExtension>
        </extensions>
      </trkpt>
      <trkpt lat="22.730512473527952" lon="113.95457337346544">
        <ele>41.02728416863829</ele>
        <time>1970-01-01T00:13:39.900000Z</time>
        <extensions>
          <gpxtpx:TrackPointExtension>
            <gpxtpx:hr>161</gpxtpx:hr>
          </gpxtpx:TrackPointExtension>
        </extensions>
      </trkpt>
      <trkpt lat="22.730500499156435" lon="113.9545549322521">
        <ele>41.03768746834248</ele>
        <time>1970-01-01T00:13:40.900000Z</time>
        <extensions>
          <gpxtpx:TrackPointExtension>
            <gpxtpx:hr>161</gpxtpx:hr>
          </gpxtpx:TrackPointExtension>
        </extensions>
      </trkpt>
      <trkpt lat="22.730488570771406" lon="113.9545351454484">
        <ele>41.047447837889194</ele>
        <time>1970-01-01T00:13:41.900000Z</time>
        <extensions>
          <gpxtpx:TrackPointExtension>
            <gpxtpx:hr>159</gpxtpx:hr>
          </gpxtpx:TrackPointExtension>
        </extensions>
      </trkpt>
      <trkpt lat="22.730477013477763" lon="113.95451366221988">
        <ele>41.05461601819843</ele>
        <time>1970-01-01T00:13:42.900000Z</time>
        <extensions>
          <gpxtpx:TrackPointExtension>
            <gpxtpx:hr>159</gpxtpx:hr>
          </gpxtpx:TrackPointExtension>
        </extensions>
      </trkpt>
      <trkpt lat="22.730466260075907" lon="113.95449068453571">
        <ele>41.05826593656093</ele>
        <time>1970-01-01T00:13:43.900000Z</time>
        <extensions>
          <gpxtpx:TrackPointExtension>
            <gpxtpx:hr>159</gpxtpx:hr>
          </gpxtpx:TrackPointExtension>
        </extensions>
      </trkpt>
      <trkpt lat="22.73045562205631" lon="113.95446693495306">
        <ele>41.058365520089865</ele>
        <time>1970-01-01T00:13:44.900000Z</time>
        <extensions>
          <gpxtpx:TrackPointExtension>
            <gpxtpx:hr>159</gpxtpx:hr>
          </gpxtpx:TrackPointExtension>
        </extensions>
      </trkpt>
      <trkpt lat="22.730444427737325" lon="113.95444306765633">
        <ele>41.05524406675249</ele>
        <time>1970-01-01T00:13:45.900000Z</time>
        <extensions>
          <gpxtpx:TrackPointExtension>
            <gpxtpx:hr>159</gpxtpx:hr>
          </gpxtpx:TrackPointExtension>
        </extensions>
      </trkpt>
      <trkpt lat="22.73043308921089" lon="113.95441933482147">
        <ele>41.01138616446406</ele>
        <time>1970-01-01T00:13:46.900000Z</time>
        <extensions>
          <gpxtpx:TrackPointExtension>
            <gpxtpx:hr>160</gpxtpx:hr>
          </gpxtpx:TrackPointExtension>
        </extensions>
      </trkpt>
      <trkpt lat="22.73042221704071" lon="113.95439551294086">
        <ele>40.972139997407794</ele>
        <time>1970-01-01T00:13:47.900000Z</time>
        <extensions>
          <gpxtpx:TrackPointExtension>
            <gpxtpx:hr>160</gpxtpx:hr>
          </gpxtpx:TrackPointExtension>
        </extensions>
      </trkpt>
      <trkpt lat="22.730411398862614" lon="113.95437132716592">
        <ele>40.928538345731795</ele>
        <time>1970-01-01T00:13:48.900000Z</time>
        <extensions>
          <gpxtpx:TrackPointExtension>
            <gpxtpx:hr>160</gpxtpx:hr>
          </gpxtpx:TrackPointExtension>
        </extensions>
      </trkpt>
      <trkpt lat="22.730400117836126" lon="113.95434687541022">
        <ele>40.880882234312594</ele>
        <time>1970-01-01T00:13:49.900000Z</time>
        <extensions>
          <gpxtpx:TrackPointExtension>
            <gpxtpx:hr>160</gpxtpx:hr>
          </gpxtpx:TrackPointExtension>
        </extensions>
      </trkpt>
      <trkpt lat="22.730388448609187" lon="113.95432228579206">
        <ele>40.83079996146262</ele>
        <time>1970-01-01T00:13:50.900000Z</time>
        <extensions>
          <gpxtpx:TrackPointExtension>
            <gpxtpx:hr>160</gpxtpx:hr>
          </gpxtpx:TrackPointExtension>
        </extensions>
      </trkpt>
      <trkpt lat="22.730376993068553" lon="113.95429805742128">
        <ele>40.78114885278046</ele>
        <time>1970-01-01T00:13:51.900000Z</time>
        <extensions>
          <gpxtpx:TrackPointExtension>
            <gpxtpx:hr>165</gpxtpx:hr>
          </gpxtpx:TrackPointExtension>
        </extensions>
      </trkpt>
      <trkpt lat="22.73036558619369" lon="113.9542743120935">
        <ele>40.73673992045224</ele>
        <time>1970-01-01T00:13:52.900000Z</time>
        <extensions>
          <gpxtpx:TrackPointExtension>
            <gpxtpx:hr>165</gpxtpx:hr>
          </gpxtpx:TrackPointExtension>
        </extensions>
      </trkpt>
      <trkpt lat="22.730353597054958" lon="113.95425064025504">
        <ele>40.70610404852778</ele>
        <time>1970-01-01T00:13:53.900000Z</time>
        <extensions>
          <gpxtpx:TrackPointExtension>
            <gpxtpx:hr>165</gpxtpx:hr>
          </gpxtpx:TrackPointExtension>
        </extensions>
      </trkpt>
      <trkpt lat="22.730341258544303" lon="113.95422719830681">
        <ele>40.703787931241095</ele>
        <time>1970-01-01T00:13:54.900000Z</time>
        <extensions>
          <gpxtpx:TrackPointExtension>
            <gpxtpx:hr>165</gpxtpx:hr>
          </gpxtpx:TrackPointExtension>
        </extensions>
      </trkpt>
      <trkpt lat="22.730328746687732" lon="113.95420482032709">
        <ele>40.752768446691334</ele>
        <time>1970-01-01T00:13:55.900000Z</time>
        <extensions>
          <gpxtpx:TrackPointExtension>
            <gpxtpx:hr>165</gpxtpx:hr>
          </gpxtpx:TrackPointExtension>
        </extensions>
      </trkpt>
      <trkpt lat="22.730264555897108" lon="113.95409959643214">
        <ele>41.16006679739803</ele>
        <time>1970-01-01T00:14:00.900000Z</time>
        <extensions>
          <gpxtpx:TrackPointExtension>
            <gpxtpx:hr>167</gpxtpx:hr>
          </gpxtpx:TrackPointExtension>
        </extensions>
      </trkpt>
      <trkpt lat="22.730252012680072" lon="113.95407876388555">
        <ele>41.202425230294466</ele>
        <time>1970-01-01T00:14:01.900000Z</time>
        <extensions>
          <gpxtpx:TrackPointExtension>
            <gpxtpx:hr>167</gpxtpx:hr>
          </gpxtpx:TrackPointExtension>
        </extensions>
      </trkpt>
      <trkpt lat="22.73024015523358" lon="113.9540580176238">
        <ele>41.19469289109111</ele>
        <time>1970-01-01T00:14:02.900000Z</time>
        <extensions>
          <gpxtpx:TrackPointExtension>
            <gpxtpx:hr>167</gpxtpx:hr>
          </gpxtpx:TrackPointExtension>
        </extensions>
      </trkpt>
      <trkpt lat="22.730228230650354" lon="113.95403770079686">
        <ele>41.160633963532746</ele>
        <time>1970-01-01T00:14:03.900000Z</time>
        <extensions>
          <gpxtpx:TrackPointExtension>
            <gpxtpx:hr>167</gpxtpx:hr>
          </gpxtpx:TrackPointExtension>
        </extensions>
      </trkpt>
      <trkpt lat="22.730216302202507" lon="113.9540176103739">
        <ele>41.11627470329404</ele>
        <time>1970-01-01T00:14:04.900000Z</time>
        <extensions>
          <gpxtpx:TrackPointExtension>
            <gpxtpx:hr>167</gpxtpx:hr>
          </gpxtpx:TrackPointExtension>
        </extensions>
      </trkpt>
      <trkpt lat="22.730204590815003" lon="113.95399711656128">
        <ele>41.07143882289529</ele>
        <time>1970-01-01T00:14:05.900000Z</time>
        <extensions>
          <gpxtpx:TrackPointExtension>
            <gpxtpx:hr>167</gpxtpx:hr>
          </gpxtpx:TrackPointExtension>
        </extensions>
      </trkpt>
      <trkpt lat="22.73019335217047" lon="113.95397604693845">
        <ele>41.03100573271513</ele>
        <time>1970-01-01T00:14:06.900000Z</time>
        <extensions>
          <gpxtpx:TrackPointExtension>
            <gpxtpx:hr>167</gpxtpx:hr>
          </gpxtpx:TrackPointExtension>
        </extensions>
      </trkpt>
      <trkpt lat="22.730183062653428" lon="113.9539549621866">
        <ele>40.99612210597843</ele>
        <time>1970-01-01T00:14:07.900000Z</time>
        <extensions>
          <gpxtpx:TrackPointExtension>
            <gpxtpx:hr>168</gpxtpx:hr>
          </gpxtpx:TrackPointExtension>
        </extensions>
      </trkpt>
      <trkpt lat="22.730173178983083" lon="113.95393376418168">
        <ele>40.96586615219712</ele>
        <time>1970-01-01T00:14:08.900000Z</time>
        <extensions>
          <gpxtpx:TrackPointExtension>
            <gpxtpx:hr>168</gpxtpx:hr>
          </gpxtpx:TrackPointExtension>
        </extensions>
      </trkpt>
      <trkpt lat="22.73016276493411" lon="113.95391235960183">
        <ele>40.938706459477544</ele>
        <time>1970-01-01T00:14:09.900000Z</time>
        <extensions>
          <gpxtpx:TrackPointExtension>
            <gpxtpx:hr>168</gpxtpx:hr>
          </gpxtpx:TrackPointExtension>
        </extensions>
      </trkpt>
      <trkpt lat="22.730151682500484" lon="113.95389152474041">
        <ele>40.91359406802803</ele>
        <time>1970-01-01T00:14:10.900000Z</time>
        <extensions>
          <gpxtpx:TrackPointExtension>
            <gpxtpx:hr>168</gpxtpx:hr>
          </gpxtpx:TrackPointExtension>
        </extensions>
      </trkpt>
      <trkpt lat="22.730140840436636" lon="113.9538718386868">
        <ele>40.89007371477783</ele>
        <time>1970-01-01T00:14:11.900000Z</time>
        <extensions>
          <gpxtpx:TrackPointExtension>
            <gpxtpx:hr>168</gpxtpx:hr>
          </gpxtpx:TrackPointExtension>
        </extensions>
      </trkpt>
      <trkpt lat="22.7301310350332" lon="113.95385320851534">
        <ele>40.86828016862273</ele>
        <time>1970-01-01T00:14:12.900000Z</time>
        <extensions>
          <gpxtpx:TrackPointExtension>
            <gpxtpx:hr>168</gpxtpx:hr>
          </gpxtpx:TrackPointExtension>
        </extensions>
      </trkpt>
      <trkpt lat="22.730122303079323" lon="113.95383506322769">
        <ele>40.848696620203555</ele>
        <time>1970-01-01T00:14:13.900000Z</time>
        <extensions>
          <gpxtpx:TrackPointExtension>
            <gpxtpx:hr>168</gpxtpx:hr>
          </gpxtpx:TrackPointExtension>
        </extensions>
      </trkpt>
      <trkpt lat="22.7301143827694" lon="113.95381701966258">
        <ele>40.831769119016826</ele>
        <time>1970-01-01T00:14:14.900000Z</time>
        <extensions>
          <gpxtpx:TrackPointExtension>
            <gpxtpx:hr>168</gpxtpx:hr>
          </gpxtpx:TrackPointExtension>
        </extensions>
      </trkpt>
      <trkpt lat="22.73010664439972" lon="113.95379904936348">
        <ele>40.81748815160245</ele>
        <time>1970-01-01T00:14:15.900000Z</time>
        <extensions>
          <gpxtpx:TrackPointExtension>
            <gpxtpx:hr>168</gpxtpx:hr>
          </gpxtpx:TrackPointExtension>
        </extensions>
      </trkpt>
      <trkpt lat="22.730099035852177" lon="113.95378118652471">
        <ele>40.80568842217326</ele>
        <time>1970-01-01T00:14:16.900000Z</time>
        <extensions>
          <gpxtpx:TrackPointExtension>
            <gpxtpx:hr>168</gpxtpx:hr>
          </gpxtpx:TrackPointExtension>
        </extensions>
      </trkpt>
      <trkpt lat="22.7300915964152" lon="113.95376323500491">
        <ele>40.796403815969825</ele>
        <time>1970-01-01T00:14:17.900000Z</time>
        <extensions>
          <gpxtpx:TrackPointExtension>
            <gpxtpx:hr>168</gpxtpx:hr>
          </gpxtpx:TrackPointExtension>
        </extensions>
      </trkpt>
      <trkpt lat="22.730083764871516" lon="113.95374469166948">
        <ele>40.78967765998095</ele>
        <time>1970-01-01T00:14:18.900000Z</time>
        <extensions>
          <gpxtpx:TrackPointExtension>
            <gpxtpx:hr>168</gpxtpx:hr>
          </gpxtpx:TrackPointExtension>
        </extensions>
      </trkpt>
      <trkpt lat="22.73007515775652" lon="113.9537251716488">
        <ele>40.7851716382429</ele>
        <time>1970-01-01T00:14:19.900000Z</time>
        <extensions>
          <gpxtpx:TrackPointExtension>
            <gpxtpx:hr>168</gpxtpx:hr>
          </gpxtpx:TrackPointExtension>
        </extensions>
      </trkpt>
      <trkpt lat="22.730066111465526" lon="113.9537048780465">
        <ele>40.782460891641676</ele>
        <time>1970-01-01T00:14:20.900000Z</time>
        <extensions>
          <gpxtpx:TrackPointExtension>
            <gpxtpx:hr>168</gpxtpx:hr>
          </gpxtpx:TrackPointExtension>
        </extensions>
      </trkpt>
      <trkpt lat="22.730056451303202" lon="113.95368364810675">
        <ele>40.78102285414934</ele>
        <time>1970-01-01T00:14:21.900000Z</time>
        <extensions>
          <gpxtpx:TrackPointExtension>
            <gpxtpx:hr>171</gpxtpx:hr>
          </gpxtpx:TrackPointExtension>
        </extensions>
      </trkpt>
      <trkpt lat="22.73004589334667" lon="113.9536619173942">
        <ele>40.78038742206991</ele>
        <time>1970-01-01T00:14:22.900000Z</time>
        <extensions>
          <gpxtpx:TrackPointExtension>
            <gpxtpx:hr>171</gpxtpx:hr>
          </gpxtpx:TrackPointExtension>
        </extensions>
      </trkpt>
      <trkpt lat="22.730034420149096" lon="113.95364121150247">
        <ele>40.780334304086864</ele>
        <time>1970-01-01T00:14:23.900000Z</time>
        <extensions>
          <gpxtpx:TrackPointExtension>
            <gpxtpx:hr>171</gpxtpx:hr>
          </gpxtpx:TrackPointExtension>
        </extensions>
      </trkpt>
      <trkpt lat="22.73002288893072" lon="113.953622030428">
        <ele>40.78131008334458</ele>
        <time>1970-01-01T00:14:24.900000Z</time>
        <extensions>
          <gpxtpx:TrackPointExtension>
            <gpxtpx:hr>171</gpxtpx:hr>
          </gpxtpx:TrackPointExtension>
        </extensions>
      </trkpt>
      <trkpt lat="22.730012308917612" lon="113.95360328656804">
        <ele>40.783655162900686</ele>
        <time>1970-01-01T00:14:25.900000Z</time>
        <extensions>
          <gpxtpx:TrackPointExtension>
            <gpxtpx:hr>171</gpxtpx:hr>
          </gpxtpx:TrackPointExtension>
        </extensions>
      </trkpt>
      <trkpt lat="22.73000302561201" lon="113.95358389842032">
        <ele>40.787736386060715</ele>
        <time>1970-01-01T00:14:26.900000Z</time>
        <extensions>
          <gpxtpx:TrackPointExtension>
            <gpxtpx:hr>171</gpxtpx:hr>
          </gpxtpx:TrackPointExtension>
        </extensions>
      </trkpt>
      <trkpt lat="22.729994883776666" lon="113.95356335459108">
        <ele>40.79371501505375</ele>
        <time>1970-01-01T00:14:27.900000Z</time>
        <extensions>
          <gpxtpx:TrackPointExtension>
            <gpxtpx:hr>171</gpxtpx:hr>
          </gpxtpx:TrackPointExtension>
        </extensions>
      </trkpt>
      <trkpt lat="22.72998688284045" lon="113.95354166003085">
        <ele>40.80142453312874</ele>
        <time>1970-01-01T00:14:28.900000Z</time>
        <extensions>
          <gpxtpx:TrackPointExtension>
            <gpxtpx:hr>171</gpxtpx:hr>
          </gpxtpx:TrackPointExtension>
        </extensions>
      </trkpt>
      <trkpt lat="22.729978755917198" lon="113.95351896899265">
        <ele>40.81010152306408</ele>
        <time>1970-01-01T00:14:29.900000Z</time>
        <extensions>
          <gpxtpx:TrackPointExtension>
            <gpxtpx:hr>171</gpxtpx:hr>
          </gpxtpx:TrackPointExtension>
        </extensions>
      </trkpt>
      <trkpt lat="22.72997046977569" lon="113.95349540140325">
        <ele>40.818619614467025</ele>
        <time>1970-01-01T00:14:30.900000Z</time>
        <extensions>
          <gpxtpx:TrackPointExtension>
            <gpxtpx:hr>171</gpxtpx:hr>
          </gpxtpx:TrackPointExtension>
        </extensions>
      </trkpt>
      <trkpt lat="22.729961445353194" lon="113.9534718971895">
        <ele>40.82571010943502</ele>
        <time>1970-01-01T00:14:31.900000Z</time>
        <extensions>
          <gpxtpx:TrackPointExtension>
            <gpxtpx:hr>171</gpxtpx:hr>
          </gpxtpx:TrackPointExtension>
        </extensions>
      </trkpt>
      <trkpt lat="22.72995076038331" lon="113.95344944755297">
        <ele>40.830284780822694</ele>
        <time>1970-01-01T00:14:32.900000Z</time>
        <extensions>
          <gpxtpx:TrackPointExtension>
            <gpxtpx:hr>170</gpxtpx:hr>
          </gpxtpx:TrackPointExtension>
        </extensions>
      </trkpt>
      <trkpt lat="22.72993842128178" lon="113.95342836303612">
        <ele>40.83163720835</ele>
        <time>1970-01-01T00:14:33.900000Z</time>
        <extensions>
          <gpxtpx:TrackPointExtension>
            <gpxtpx:hr>170</gpxtpx:hr>
          </gpxtpx:TrackPointExtension>
        </extensions>
      </trkpt>
      <trkpt lat="22.729925537661703" lon="113.95340786849636">
        <ele>40.829691520892084</ele>
        <time>1970-01-01T00:14:34.900000Z</time>
        <extensions>
          <gpxtpx:TrackPointExtension>
            <gpxtpx:hr>170</gpxtpx:hr>
          </gpxtpx:TrackPointExtension>
        </extensions>
      </trkpt>
      <trkpt lat="22.729912949190254" lon="113.95338733860692">
        <ele>40.82519867271185</ele>
        <time>1970-01-01T00:14:35.900000Z</time>
        <extensions>
          <gpxtpx:TrackPointExtension>
            <gpxtpx:hr>170</gpxtpx:hr>
          </gpxtpx:TrackPointExtension>
        </extensions>
      </trkpt>
      <trkpt lat="22.729900940265914" lon="113.95336688899248">
        <ele>40.81934079527855</ele>
        <time>1970-01-01T00:14:36.900000Z</time>
        <extensions>
          <gpxtpx:TrackPointExtension>
            <gpxtpx:hr>170</gpxtpx:hr>
          </gpxtpx:TrackPointExtension>
        </extensions>
      </trkpt>
      <trkpt lat="22.729889698759937" lon="113.95334725872087">
        <ele>40.81321911048144</ele>
        <time>1970-01-01T00:14:37.900000Z</time>
        <extensions>
          <gpxtpx:TrackPointExtension>
            <gpxtpx:hr>168</gpxtpx:hr>
          </gpxtpx:TrackPointExtension>
        </extensions>
      </trkpt>
      <trkpt lat="22.729879222471535" lon="113.95332890050628">
        <ele>40.80739514250308</ele>
        <time>1970-01-01T00:14:38.900000Z</time>
        <extensions>
          <gpxtpx:TrackPointExtension>
            <gpxtpx:hr>168</gpxtpx:hr>
          </gpxtpx:TrackPointExtension>
        </extensions>
      </trkpt>
      <trkpt lat="22.729869160811635" lon="113.95331131074153">
        <ele>40.80216039530933</ele>
        <time>1970-01-01T00:14:39.900000Z</time>
        <extensions>
          <gpxtpx:TrackPointExtension>
            <gpxtpx:hr>168</gpxtpx:hr>
          </gpxtpx:TrackPointExtension>
        </extensions>
      </trkpt>
      <trkpt lat="22.729859089843117" lon="113.9532934370187">
        <ele>40.79728414397687</ele>
        <time>1970-01-01T00:14:40.900000Z</time>
        <extensions>
          <gpxtpx:TrackPointExtension>
            <gpxtpx:hr>168</gpxtpx:hr>
          </gpxtpx:TrackPointExtension>
        </extensions>
      </trkpt>
      <trkpt lat="22.72984874309095" lon="113.95327419167424">
        <ele>40.79220295138657</ele>
        <time>1970-01-01T00:14:41.900000Z</time>
        <extensions>
          <gpxtpx:TrackPointExtension>
            <gpxtpx:hr>168</gpxtpx:hr>
          </gpxtpx:TrackPointExtension>
        </extensions>
      </trkpt>
      <trkpt lat="22.729837814793065" lon="113.95325341865778">
        <ele>40.78619360085577</ele>
        <time>1970-01-01T00:14:42.900000Z</time>
        <extensions>
          <gpxtpx:TrackPointExtension>
            <gpxtpx:hr>168</gpxtpx:hr>
          </gpxtpx:TrackPointExtension>
        </extensions>
      </trkpt>
      <trkpt lat="22.729825833866858" lon="113.95323252575912">
        <ele>40.77883191499859</ele>
        <time>1970-01-01T00:14:43.900000Z</time>
        <extensions>
          <gpxtpx:TrackPointExtension>
            <gpxtpx:hr>167</gpxtpx:hr>
          </gpxtpx:TrackPointExtension>
        </extensions>
      </trkpt>
      <trkpt lat="22.72981296169464" lon="113.95321276130173">
        <ele>40.76953162346035</ele>
        <time>1970-01-01T00:14:44.900000Z</time>
        <extensions>
          <gpxtpx:TrackPointExtension>
            <gpxtpx:hr>167</gpxtpx:hr>
          </gpxtpx:TrackPointExtension>
        </extensions>
      </trkpt>
      <trkpt lat="22.729799673953536" lon="113.95319389043887">
        <ele>40.7577504273504</ele>
        <time>1970-01-01T00:14:45.900000Z</time>
        <extensions>
          <gpxtpx:TrackPointExtension>
            <gpxtpx:hr>167</gpxtpx:hr>
          </gpxtpx:TrackPointExtension>
        </extensions>
      </trkpt>
      <trkpt lat="22.729785881445718" lon="113.95317507716135">
        <ele>40.74313867930323</ele>
        <time>1970-01-01T00:14:46.900000Z</time>
        <extensions>
          <gpxtpx:TrackPointExtension>
            <gpxtpx:hr>168</gpxtpx:hr>
          </gpxtpx:TrackPointExtension>
        </extensions>
      </trkpt>
      <trkpt lat="22.729771484972712" lon="113.95315560106717">
        <ele>40.725786454975605</ele>
        <time>1970-01-01T00:14:47.900000Z</time>
        <extensions>
          <gpxtpx:TrackPointExtension>
            <gpxtpx:hr>168</gpxtpx:hr>
          </gpxtpx:TrackPointExtension>
        </extensions>
      </trkpt>
      <trkpt lat="22.729756732280823" lon="113.953134813018">
        <ele>40.70609198324382</ele>
        <time>1970-01-01T00:14:48.900000Z</time>
        <extensions>
          <gpxtpx:TrackPointExtension>
            <gpxtpx:hr>168</gpxtpx:hr>
          </gpxtpx:TrackPointExtension>
        </extensions>
      </trkpt>
      <trkpt lat="22.72974159526955" lon="113.95311274717193">
        <ele>40.68488055933267</ele>
        <time>1970-01-01T00:14:49.900000Z</time>
        <extensions>
          <gpxtpx:TrackPointExtension>
            <gpxtpx:hr>168</gpxtpx:hr>
          </gpxtpx:TrackPointExtension>
        </extensions>
      </trkpt>
      <trkpt lat="22.729726468034176" lon="113.95309015402785">
        <ele>40.663554915226996</ele>
        <time>1970-01-01T00:14:50.900000Z</time>
        <extensions>
          <gpxtpx:TrackPointExtension>
            <gpxtpx:hr>169</gpxtpx:hr>
          </gpxtpx:TrackPointExtension>
        </extensions>
      </trkpt>
      <trkpt lat="22.729712005217017" lon="113.95306750058731">
        <ele>40.64383510872722</ele>
        <time>1970-01-01T00:14:51.900000Z</time>
        <extensions>
          <gpxtpx:TrackPointExtension>
            <gpxtpx:hr>169</gpxtpx:hr>
          </gpxtpx:TrackPointExtension>
        </extensions>
      </trkpt>
      <trkpt lat="22.729698214983028" lon="113.95304435355638">
        <ele>40.62740673497319</ele>
        <time>1970-01-01T00:14:52.900000Z</time>
        <extensions>
          <gpxtpx:TrackPointExtension>
            <gpxtpx:hr>169</gpxtpx:hr>
          </gpxtpx:TrackPointExtension>
        </extensions>
      </trkpt>
      <trkpt lat="22.729684938012426" lon="113.95302028973455">
        <ele>40.61479243822396</ele>
        <time>1970-01-01T00:14:53.900000Z</time>
        <extensions>
          <gpxtpx:TrackPointExtension>
            <gpxtpx:hr>169</gpxtpx:hr>
          </gpxtpx:TrackPointExtension>
        </extensions>
      </trkpt>
      <trkpt lat="22.729673056486806" lon="113.9529958376072">
        <ele>40.605890691280365</ele>
        <time>1970-01-01T00:14:54.900000Z</time>
        <extensions>
          <gpxtpx:TrackPointExtension>
            <gpxtpx:hr>169</gpxtpx:hr>
          </gpxtpx:TrackPointExtension>
        </extensions>
      </trkpt>
      <trkpt lat="22.729663157970897" lon="113.95297169275352">
        <ele>40.600154106505215</ele>
        <time>1970-01-01T00:14:55.900000Z</time>
        <extensions>
          <gpxtpx:TrackPointExtension>
            <gpxtpx:hr>169</gpxtpx:hr>
          </gpxtpx:TrackPointExtension>
        </extensions>
      </trkpt>
      <trkpt lat="22.72965452296336" lon="113.95294852904097">
        <ele>40.59683991689235</ele>
        <time>1970-01-01T00:14:56.900000Z</time>
        <extensions>
          <gpxtpx:TrackPointExtension>
            <gpxtpx:hr>169</gpxtpx:hr>
          </gpxtpx:TrackPointExtension>
        </extensions>
      </trkpt>
      <trkpt lat="22.729645779518012" lon="113.95292673221184">
        <ele>40.59506198950112</ele>
        <time>1970-01-01T00:14:57.900000Z</time>
        <extensions>
          <gpxtpx:TrackPointExtension>
            <gpxtpx:hr>167</gpxtpx:hr>
          </gpxtpx:TrackPointExtension>
        </extensions>
      </trkpt>
      <trkpt lat="22.729635515702007" lon="113.95290575192122">
        <ele>40.59431772772223</ele>
        <time>1970-01-01T00:14:58.900000Z</time>
        <extensions>
          <gpxtpx:TrackPointExtension>
            <gpxtpx:hr>167</gpxtpx:hr>
          </gpxtpx:TrackPointExtension>
        </extensions>
      </trkpt>
      <trkpt lat="22.729623506265096" lon="113.95288459994654">
        <ele>40.59417334757745</ele>
        <time>1970-01-01T00:14:59.900000Z</time>
        <extensions>
          <gpxtpx:TrackPointExtension>
            <gpxtpx:hr>167</gpxtpx:hr>
          </gpxtpx:TrackPointExtension>
        </extensions>
      </trkpt>
      <trkpt lat="22.729610269862462" lon="113.95286252117397">
        <ele>40.593966042622924</ele>
        <time>1970-01-01T00:15:00.900000Z</time>
        <extensions>
          <gpxtpx:TrackPointExtension>
            <gpxtpx:hr>167</gpxtpx:hr>
          </gpxtpx:TrackPointExtension>
        </extensions>
      </trkpt>
      <trkpt lat="22.729596788104963" lon="113.95283955272129">
        <ele>40.59271200187504</ele>
        <time>1970-01-01T00:15:01.900000Z</time>
        <extensions>
          <gpxtpx:TrackPointExtension>
            <gpxtpx:hr>167</gpxtpx:hr>
          </gpxtpx:TrackPointExtension>
        </extensions>
      </trkpt>
      <trkpt lat="22.72958382910261" lon="113.95281626175499">
        <ele>40.589797243475914</ele>
        <time>1970-01-01T00:15:02.900000Z</time>
        <extensions>
          <gpxtpx:TrackPointExtension>
            <gpxtpx:hr>167</gpxtpx:hr>
          </gpxtpx:TrackPointExtension>
        </extensions>
      </trkpt>
      <trkpt lat="22.729571066860473" lon="113.95279221132749">
        <ele>40.585296569392085</ele>
        <time>1970-01-01T00:15:03.900000Z</time>
        <extensions>
          <gpxtpx:TrackPointExtension>
            <gpxtpx:hr>167</gpxtpx:hr>
          </gpxtpx:TrackPointExtension>
        </extensions>
      </trkpt>
      <trkpt lat="22.729558180104004" lon="113.95276695876774">
        <ele>40.57974348869175</ele>
        <time>1970-01-01T00:15:04.900000Z</time>
        <extensions>
          <gpxtpx:TrackPointExtension>
            <gpxtpx:hr>167</gpxtpx:hr>
          </gpxtpx:TrackPointExtension>
        </extensions>
      </trkpt>
      <trkpt lat="22.729545385664718" lon="113.95274160403756">
        <ele>40.5736960619688</ele>
        <time>1970-01-01T00:15:05.900000Z</time>
        <extensions>
          <gpxtpx:TrackPointExtension>
            <gpxtpx:hr>167</gpxtpx:hr>
          </gpxtpx:TrackPointExtension>
        </extensions>
      </trkpt>
      <trkpt lat="22.729532475166337" lon="113.952717081494">
        <ele>40.56735520251095</ele>
        <time>1970-01-01T00:15:06.900000Z</time>
        <extensions>
          <gpxtpx:TrackPointExtension>
            <gpxtpx:hr>167</gpxtpx:hr>
          </gpxtpx:TrackPointExtension>
        </extensions>
      </trkpt>
      <trkpt lat="22.729519044308578" lon="113.95269330127594">
        <ele>40.56040476728231</ele>
        <time>1970-01-01T00:15:07.900000Z</time>
        <extensions>
          <gpxtpx:TrackPointExtension>
            <gpxtpx:hr>167</gpxtpx:hr>
          </gpxtpx:TrackPointExtension>
        </extensions>
      </trkpt>
      <trkpt lat="22.729504714647636" lon="113.95266956204863">
        <ele>40.55226938333362</ele>
        <time>1970-01-01T00:15:08.900000Z</time>
        <extensions>
          <gpxtpx:TrackPointExtension>
            <gpxtpx:hr>167</gpxtpx:hr>
          </gpxtpx:TrackPointExtension>
        </extensions>
      </trkpt>
      <trkpt lat="22.729489771800065" lon="113.95264510618166">
        <ele>40.542283209972084</ele>
        <time>1970-01-01T00:15:09.900000Z</time>
        <extensions>
          <gpxtpx:TrackPointExtension>
            <gpxtpx:hr>167</gpxtpx:hr>
          </gpxtpx:TrackPointExtension>
        </extensions>
      </trkpt>
      <trkpt lat="22.729474842855556" lon="113.9526199055342">
        <ele>40.529982837848365</ele>
        <time>1970-01-01T00:15:10.900000Z</time>
        <extensions>
          <gpxtpx:TrackPointExtension>
            <gpxtpx:hr>167</gpxtpx:hr>
          </gpxtpx:TrackPointExtension>
        </extensions>
      </trkpt>
      <trkpt lat="22.729460068530667" lon="113.95259469756931">
        <ele>40.51553747989237</ele>
        <time>1970-01-01T00:15:11.900000Z</time>
        <extensions>
          <gpxtpx:TrackPointExtension>
            <gpxtpx:hr>167</gpxtpx:hr>
          </gpxtpx:TrackPointExtension>
        </extensions>
      </trkpt>
      <trkpt lat="22.72944580758008" lon="113.95257024692178">
        <ele>40.499586855992675</ele>
        <time>1970-01-01T00:15:12.900000Z</time>
        <extensions>
          <gpxtpx:TrackPointExtension>
            <gpxtpx:hr>166</gpxtpx:hr>
          </gpxtpx:TrackPointExtension>
        </extensions>
      </trkpt>
      <trkpt lat="22.729432442427306" lon="113.95254690874587">
        <ele>40.482774425297976</ele>
        <time>1970-01-01T00:15:13.900000Z</time>
        <extensions>
          <gpxtpx:TrackPointExtension>
            <gpxtpx:hr>166</gpxtpx:hr>
          </gpxtpx:TrackPointExtension>
        </extensions>
      </trkpt>
      <trkpt lat="22.72941951046081" lon="113.95252498504294">
        <ele>40.46571134869009</ele>
        <time>1970-01-01T00:15:14.900000Z</time>
        <extensions>
          <gpxtpx:TrackPointExtension>
            <gpxtpx:hr>166</gpxtpx:hr>
          </gpxtpx:TrackPointExtension>
        </extensions>
      </trkpt>
      <trkpt lat="22.729406655539055" lon="113.95250491477088">
        <ele>40.44896786287427</ele>
        <time>1970-01-01T00:15:15.900000Z</time>
        <extensions>
          <gpxtpx:TrackPointExtension>
            <gpxtpx:hr>166</gpxtpx:hr>
          </gpxtpx:TrackPointExtension>
        </extensions>
      </trkpt>
      <trkpt lat="22.72939378282877" lon="113.95248657419286">
        <ele>40.43358355946839</ele>
        <time>1970-01-01T00:15:16.900000Z</time>
        <extensions>
          <gpxtpx:TrackPointExtension>
            <gpxtpx:hr>166</gpxtpx:hr>
          </gpxtpx:TrackPointExtension>
        </extensions>
      </trkpt>
      <trkpt lat="22.729380817273192" lon="113.9524691480259">
        <ele>40.420620350167155</ele>
        <time>1970-01-01T00:15:17.900000Z</time>
        <extensions>
          <gpxtpx:TrackPointExtension>
            <gpxtpx:hr>165</gpxtpx:hr>
          </gpxtpx:TrackPointExtension>
        </extensions>
      </trkpt>
      <trkpt lat="22.729367944072525" lon="113.95245204754832">
        <ele>40.410500719211996</ele>
        <time>1970-01-01T00:15:18.900000Z</time>
        <extensions>
          <gpxtpx:TrackPointExtension>
            <gpxtpx:hr>165</gpxtpx:hr>
          </gpxtpx:TrackPointExtension>
        </extensions>
      </trkpt>
      <trkpt lat="22.729355297875316" lon="113.9524345797434">
        <ele>40.4028445314616</ele>
        <time>1970-01-01T00:15:19.900000Z</time>
        <extensions>
          <gpxtpx:TrackPointExtension>
            <gpxtpx:hr>165</gpxtpx:hr>
          </gpxtpx:TrackPointExtension>
        </extensions>
      </trkpt>
      <trkpt lat="22.72934314947573" lon="113.95241613188497">
        <ele>40.39669035747647</ele>
        <time>1970-01-01T00:15:20.900000Z</time>
        <extensions>
          <gpxtpx:TrackPointExtension>
            <gpxtpx:hr>165</gpxtpx:hr>
          </gpxtpx:TrackPointExtension>
        </extensions>
      </trkpt>
      <trkpt lat="22.729332545982448" lon="113.95239686815093">
        <ele>40.391123516485095</ele>
        <time>1970-01-01T00:15:21.900000Z</time>
        <extensions>
          <gpxtpx:TrackPointExtension>
            <gpxtpx:hr>166</gpxtpx:hr>
          </gpxtpx:TrackPointExtension>
        </extensions>
      </trkpt>
      <trkpt lat="22.729323949856514" lon="113.9523768127967">
        <ele>40.38518432620913</ele>
        <time>1970-01-01T00:15:22.900000Z</time>
        <extensions>
          <gpxtpx:TrackPointExtension>
            <gpxtpx:hr>166</gpxtpx:hr>
          </gpxtpx:TrackPointExtension>
        </extensions>
      </trkpt>
      <trkpt lat="22.729315594961353" lon="113.9523565062491">
        <ele>40.378257336094975</ele>
        <time>1970-01-01T00:15:23.900000Z</time>
        <extensions>
          <gpxtpx:TrackPointExtension>
            <gpxtpx:hr>166</gpxtpx:hr>
          </gpxtpx:TrackPointExtension>
        </extensions>
      </trkpt>
      <trkpt lat="22.729305354869236" lon="113.95233637439021">
        <ele>40.37012513447553</ele>
        <time>1970-01-01T00:15:24.900000Z</time>
        <extensions>
          <gpxtpx:TrackPointExtension>
            <gpxtpx:hr>166</gpxtpx:hr>
          </gpxtpx:TrackPointExtension>
        </extensions>
      </trkpt>
      <trkpt lat="22.729293496457466" lon="113.95231542879655">
        <ele>40.360453398898244</ele>
        <time>1970-01-01T00:15:25.900000Z</time>
        <extensions>
          <gpxtpx:TrackPointExtension>
            <gpxtpx:hr>166</gpxtpx:hr>
          </gpxtpx:TrackPointExtension>
        </extensions>
      </trkpt>
      <trkpt lat="22.729281241611943" lon="113.95229326366014">
        <ele>40.34887552540749</ele>
        <time>1970-01-01T00:15:26.900000Z</time>
        <extensions>
          <gpxtpx:TrackPointExtension>
            <gpxtpx:hr>167</gpxtpx:hr>
          </gpxtpx:TrackPointExtension>
        </extensions>
      </trkpt>
      <trkpt lat="22.729268456266798" lon="113.95227054670626">
        <ele>40.335359428077936</ele>
        <time>1970-01-01T00:15:27.900000Z</time>
        <extensions>
          <gpxtpx:TrackPointExtension>
            <gpxtpx:hr>167</gpxtpx:hr>
          </gpxtpx:TrackPointExtension>
        </extensions>
      </trkpt>
      <trkpt lat="22.72925494443255" lon="113.95224802215382">
        <ele>40.32061199191958</ele>
        <time>1970-01-01T00:15:28.900000Z</time>
        <extensions>
          <gpxtpx:TrackPointExtension>
            <gpxtpx:hr>167</gpxtpx:hr>
          </gpxtpx:TrackPointExtension>
        </extensions>
      </trkpt>
      <trkpt lat="22.729240513599198" lon="113.95222579463491">
        <ele>40.305867618881166</ele>
        <time>1970-01-01T00:15:29.900000Z</time>
        <extensions>
          <gpxtpx:TrackPointExtension>
            <gpxtpx:hr>167</gpxtpx:hr>
          </gpxtpx:TrackPointExtension>
        </extensions>
      </trkpt>
      <trkpt lat="22.729225664437422" lon="113.95220407537973">
        <ele>40.29257033672184</ele>
        <time>1970-01-01T00:15:30.900000Z</time>
        <extensions>
          <gpxtpx:TrackPointExtension>
            <gpxtpx:hr>167</gpxtpx:hr>
          </gpxtpx:TrackPointExtension>
        </extensions>
      </trkpt>
      <trkpt lat="22.72921079360421" lon="113.95218263014598">
        <ele>40.28186780773103</ele>
        <time>1970-01-01T00:15:31.900000Z</time>
        <extensions>
          <gpxtpx:TrackPointExtension>
            <gpxtpx:hr>167</gpxtpx:hr>
          </gpxtpx:TrackPointExtension>
        </extensions>
      </trkpt>
      <trkpt lat="22.729195703470022" lon="113.95216089530594">
        <ele>40.2743920609355</ele>
        <time>1970-01-01T00:15:32.900000Z</time>
        <extensions>
          <gpxtpx:TrackPointExtension>
            <gpxtpx:hr>167</gpxtpx:hr>
          </gpxtpx:TrackPointExtension>
        </extensions>
      </trkpt>
      <trkpt lat="22.729181337992625" lon="113.95213904331996">
        <ele>40.27018496859819</ele>
        <time>1970-01-01T00:15:33.900000Z</time>
        <extensions>
          <gpxtpx:TrackPointExtension>
            <gpxtpx:hr>167</gpxtpx:hr>
          </gpxtpx:TrackPointExtension>
        </extensions>
      </trkpt>
      <trkpt lat="22.72916834930429" lon="113.95211821401071">
        <ele>40.26873700786382</ele>
        <time>1970-01-01T00:15:34.900000Z</time>
        <extensions>
          <gpxtpx:TrackPointExtension>
            <gpxtpx:hr>167</gpxtpx:hr>
          </gpxtpx:TrackPointExtension>
        </extensions>
      </trkpt>
      <trkpt lat="22.7291558656216" lon="113.9520988348322">
        <ele>40.26919137593359</ele>
        <time>1970-01-01T00:15:35.900000Z</time>
        <extensions>
          <gpxtpx:TrackPointExtension>
            <gpxtpx:hr>167</gpxtpx:hr>
          </gpxtpx:TrackPointExtension>
        </extensions>
      </trkpt>
      <trkpt lat="22.729143002607884" lon="113.95207997119014">
        <ele>40.27037622965872</ele>
        <time>1970-01-01T00:15:36.900000Z</time>
        <extensions>
          <gpxtpx:TrackPointExtension>
            <gpxtpx:hr>168</gpxtpx:hr>
          </gpxtpx:TrackPointExtension>
        </extensions>
      </trkpt>
      <trkpt lat="22.729129221839983" lon="113.95206089998143">
        <ele>40.271093528717756</ele>
        <time>1970-01-01T00:15:37.900000Z</time>
        <extensions>
          <gpxtpx:TrackPointExtension>
            <gpxtpx:hr>168</gpxtpx:hr>
          </gpxtpx:TrackPointExtension>
        </extensions>
      </trkpt>
      <trkpt lat="22.72911463296948" lon="113.95204207421374">
        <ele>40.27039265446365</ele>
        <time>1970-01-01T00:15:38.900000Z</time>
        <extensions>
          <gpxtpx:TrackPointExtension>
            <gpxtpx:hr>168</gpxtpx:hr>
          </gpxtpx:TrackPointExtension>
        </extensions>
      </trkpt>
      <trkpt lat="22.729100500964016" lon="113.9520240460415">
        <ele>40.26793843694031</ele>
        <time>1970-01-01T00:15:39.900000Z</time>
        <extensions>
          <gpxtpx:TrackPointExtension>
            <gpxtpx:hr>168</gpxtpx:hr>
          </gpxtpx:TrackPointExtension>
        </extensions>
      </trkpt>
      <trkpt lat="22.729087386949008" lon="113.95200667074042">
        <ele>40.26365611702204</ele>
        <time>1970-01-01T00:15:40.900000Z</time>
        <extensions>
          <gpxtpx:TrackPointExtension>
            <gpxtpx:hr>166</gpxtpx:hr>
          </gpxtpx:TrackPointExtension>
        </extensions>
      </trkpt>
      <trkpt lat="22.72907501028542" lon="113.95198975396852">
        <ele>40.25770095735788</ele>
        <time>1970-01-01T00:15:41.900000Z</time>
        <extensions>
          <gpxtpx:TrackPointExtension>
            <gpxtpx:hr>166</gpxtpx:hr>
          </gpxtpx:TrackPointExtension>
        </extensions>
      </trkpt>
      <trkpt lat="22.729062746984916" lon="113.95197316667712">
        <ele>40.250377115793526</ele>
        <time>1970-01-01T00:15:42.900000Z</time>
        <extensions>
          <gpxtpx:TrackPointExtension>
            <gpxtpx:hr>166</gpxtpx:hr>
          </gpxtpx:TrackPointExtension>
        </extensions>
      </trkpt>
      <trkpt lat="22.729049464299926" lon="113.95195688976195">
        <ele>40.2420513946563</ele>
        <time>1970-01-01T00:15:43.900000Z</time>
        <extensions>
          <gpxtpx:TrackPointExtension>
            <gpxtpx:hr>166</gpxtpx:hr>
          </gpxtpx:TrackPointExtension>
        </extensions>
      </trkpt>
      <trkpt lat="22.729035176170058" lon="113.9519407734845">
        <ele>40.23321979865432</ele>
        <time>1970-01-01T00:15:44.900000Z</time>
        <extensions>
          <gpxtpx:TrackPointExtension>
            <gpxtpx:hr>166</gpxtpx:hr>
          </gpxtpx:TrackPointExtension>
        </extensions>
      </trkpt>
      <trkpt lat="22.729020042228193" lon="113.95192509818087">
        <ele>40.22461329307407</ele>
        <time>1970-01-01T00:15:45.900000Z</time>
        <extensions>
          <gpxtpx:TrackPointExtension>
            <gpxtpx:hr>166</gpxtpx:hr>
          </gpxtpx:TrackPointExtension>
        </extensions>
      </trkpt>
      <trkpt lat="22.72900415468299" lon="113.95191018065972">
        <ele>40.21704903803766</ele>
        <time>1970-01-01T00:15:46.900000Z</time>
        <extensions>
          <gpxtpx:TrackPointExtension>
            <gpxtpx:hr>166</gpxtpx:hr>
          </gpxtpx:TrackPointExtension>
        </extensions>
      </trkpt>
      <trkpt lat="22.728987854249677" lon="113.95189564944576">
        <ele>40.21124392841011</ele>
        <time>1970-01-01T00:15:47.900000Z</time>
        <extensions>
          <gpxtpx:TrackPointExtension>
            <gpxtpx:hr>166</gpxtpx:hr>
          </gpxtpx:TrackPointExtension>
        </extensions>
      </trkpt>
      <trkpt lat="22.728971787948023" lon="113.95188142325999">
        <ele>40.20757420826703</ele>
        <time>1970-01-01T00:15:48.900000Z</time>
        <extensions>
          <gpxtpx:TrackPointExtension>
            <gpxtpx:hr>166</gpxtpx:hr>
          </gpxtpx:TrackPointExtension>
        </extensions>
      </trkpt>
      <trkpt lat="22.728956928596517" lon="113.95186676160911">
        <ele>40.20634612441063</ele>
        <time>1970-01-01T00:15:49.900000Z</time>
        <extensions>
          <gpxtpx:TrackPointExtension>
            <gpxtpx:hr>166</gpxtpx:hr>
          </gpxtpx:TrackPointExtension>
        </extensions>
      </trkpt>
      <trkpt lat="22.728942995340287" lon="113.95185207781901">
        <ele>40.20753880776465</ele>
        <time>1970-01-01T00:15:50.900000Z</time>
        <extensions>
          <gpxtpx:TrackPointExtension>
            <gpxtpx:hr>166</gpxtpx:hr>
          </gpxtpx:TrackPointExtension>
        </extensions>
      </trkpt>
      <trkpt lat="22.728929140622913" lon="113.95183866566575">
        <ele>40.210801367647946</ele>
        <time>1970-01-01T00:15:51.900000Z</time>
        <extensions>
          <gpxtpx:TrackPointExtension>
            <gpxtpx:hr>166</gpxtpx:hr>
          </gpxtpx:TrackPointExtension>
        </extensions>
      </trkpt>
      <trkpt lat="22.728915132820383" lon="113.95182706077173">
        <ele>40.215482973493636</ele>
        <time>1970-01-01T00:15:52.900000Z</time>
        <extensions>
          <gpxtpx:TrackPointExtension>
            <gpxtpx:hr>167</gpxtpx:hr>
          </gpxtpx:TrackPointExtension>
        </extensions>
      </trkpt>
      <trkpt lat="22.7289009019531" lon="113.95181714337006">
        <ele>40.22103407699615</ele>
        <time>1970-01-01T00:15:53.900000Z</time>
        <extensions>
          <gpxtpx:TrackPointExtension>
            <gpxtpx:hr>167</gpxtpx:hr>
          </gpxtpx:TrackPointExtension>
        </extensions>
      </trkpt>
      <trkpt lat="22.728885957198397" lon="113.95180599600137">
        <ele>40.22661509271711</ele>
        <time>1970-01-01T00:15:54.900000Z</time>
        <extensions>
          <gpxtpx:TrackPointExtension>
            <gpxtpx:hr>167</gpxtpx:hr>
          </gpxtpx:TrackPointExtension>
        </extensions>
      </trkpt>
      <trkpt lat="22.72887029184305" lon="113.95179075513245">
        <ele>40.23147127777338</ele>
        <time>1970-01-01T00:15:55.900000Z</time>
        <extensions>
          <gpxtpx:TrackPointExtension>
            <gpxtpx:hr>167</gpxtpx:hr>
          </gpxtpx:TrackPointExtension>
        </extensions>
      </trkpt>
      <trkpt lat="22.728854597149873" lon="113.95177210652193">
        <ele>40.235154051333666</ele>
        <time>1970-01-01T00:15:56.900000Z</time>
        <extensions>
          <gpxtpx:TrackPointExtension>
            <gpxtpx:hr>167</gpxtpx:hr>
          </gpxtpx:TrackPointExtension>
        </extensions>
      </trkpt>
      <trkpt lat="22.728839652187162" lon="113.95175210946263">
        <ele>40.23769227415323</ele>
        <time>1970-01-01T00:15:57.900000Z</time>
        <extensions>
          <gpxtpx:TrackPointExtension>
            <gpxtpx:hr>167</gpxtpx:hr>
          </gpxtpx:TrackPointExtension>
        </extensions>
      </trkpt>
      <trkpt lat="22.72882555263203" lon="113.95173206061342">
        <ele>40.239044141955674</ele>
        <time>1970-01-01T00:15:58.900000Z</time>
        <extensions>
          <gpxtpx:TrackPointExtension>
            <gpxtpx:hr>167</gpxtpx:hr>
          </gpxtpx:TrackPointExtension>
        </extensions>
      </trkpt>
      <trkpt lat="22.72881188059729" lon="113.95171274076166">
        <ele>40.23885853309184</ele>
        <time>1970-01-01T00:15:59.900000Z</time>
        <extensions>
          <gpxtpx:TrackPointExtension>
            <gpxtpx:hr>167</gpxtpx:hr>
          </gpxtpx:TrackPointExtension>
        </extensions>
      </trkpt>
      <trkpt lat="22.72879807095412" lon="113.95169392371804">
        <ele>40.23663467913866</ele>
        <time>1970-01-01T00:16:00.900000Z</time>
        <extensions>
          <gpxtpx:TrackPointExtension>
            <gpxtpx:hr>168</gpxtpx:hr>
          </gpxtpx:TrackPointExtension>
        </extensions>
      </trkpt>
      <trkpt lat="22.728784029716664" lon="113.95167487026546">
        <ele>40.232002914883196</ele>
        <time>1970-01-01T00:16:01.900000Z</time>
        <extensions>
          <gpxtpx:TrackPointExtension>
            <gpxtpx:hr>168</gpxtpx:hr>
          </gpxtpx:TrackPointExtension>
        </extensions>
      </trkpt>
      <trkpt lat="22.72876953331193" lon="113.95165504374481">
        <ele>40.22484961245209</ele>
        <time>1970-01-01T00:16:02.900000Z</time>
        <extensions>
          <gpxtpx:TrackPointExtension>
            <gpxtpx:hr>168</gpxtpx:hr>
          </gpxtpx:TrackPointExtension>
        </extensions>
      </trkpt>
      <trkpt lat="22.728754011448203" lon="113.95163428058385">
        <ele>40.21545717213303</ele>
        <time>1970-01-01T00:16:03.900000Z</time>
        <extensions>
          <gpxtpx:TrackPointExtension>
            <gpxtpx:hr>168</gpxtpx:hr>
          </gpxtpx:TrackPointExtension>
        </extensions>
      </trkpt>
      <trkpt lat="22.728737436772224" lon="113.95161299059727">
        <ele>40.20470789633691</ele>
        <time>1970-01-01T00:16:04.900000Z</time>
        <extensions>
          <gpxtpx:TrackPointExtension>
            <gpxtpx:hr>168</gpxtpx:hr>
          </gpxtpx:TrackPointExtension>
        </extensions>
      </trkpt>
      <trkpt lat="22.7287201442671" lon="113.9515919341431">
        <ele>40.1937404666096</ele>
        <time>1970-01-01T00:16:05.900000Z</time>
        <extensions>
          <gpxtpx:TrackPointExtension>
            <gpxtpx:hr>168</gpxtpx:hr>
          </gpxtpx:TrackPointExtension>
        </extensions>
      </trkpt>
      <trkpt lat="22.728702596351592" lon="113.95157090204415">
        <ele>40.18349291943014</ele>
        <time>1970-01-01T00:16:06.900000Z</time>
        <extensions>
          <gpxtpx:TrackPointExtension>
            <gpxtpx:hr>168</gpxtpx:hr>
          </gpxtpx:TrackPointExtension>
        </extensions>
      </trkpt>
      <trkpt lat="22.72868559120019" lon="113.95155013636386">
        <ele>40.17428218387067</ele>
        <time>1970-01-01T00:16:07.900000Z</time>
        <extensions>
          <gpxtpx:TrackPointExtension>
            <gpxtpx:hr>169</gpxtpx:hr>
          </gpxtpx:TrackPointExtension>
        </extensions>
      </trkpt>
      <trkpt lat="22.728669281445264" lon="113.95153094430962">
        <ele>40.1661916077137</ele>
        <time>1970-01-01T00:16:08.900000Z</time>
        <extensions>
          <gpxtpx:TrackPointExtension>
            <gpxtpx:hr>169</gpxtpx:hr>
          </gpxtpx:TrackPointExtension>
        </extensions>
      </trkpt>
      <trkpt lat="22.72865262354734" lon="113.95151400729914">
        <ele>40.1590441018343</ele>
        <time>1970-01-01T00:16:09.900000Z</time>
        <extensions>
          <gpxtpx:TrackPointExtension>
            <gpxtpx:hr>169</gpxtpx:hr>
          </gpxtpx:TrackPointExtension>
        </extensions>
      </trkpt>
      <trkpt lat="22.72863498457663" lon="113.95149987029643">
        <ele>40.152502339333296</ele>
        <time>1970-01-01T00:16:10.900000Z</time>
        <extensions>
          <gpxtpx:TrackPointExtension>
            <gpxtpx:hr>169</gpxtpx:hr>
          </gpxtpx:TrackPointExtension>
        </extensions>
      </trkpt>
      <trkpt lat="22.72861659945497" lon="113.95148872845711">
        <ele>40.14614859316498</ele>
        <time>1970-01-01T00:16:11.900000Z</time>
        <extensions>
          <gpxtpx:TrackPointExtension>
            <gpxtpx:hr>169</gpxtpx:hr>
          </gpxtpx:TrackPointExtension>
        </extensions>
      </trkpt>
      <trkpt lat="22.728597771277293" lon="113.95147915365135">
        <ele>40.13973716273904</ele>
        <time>1970-01-01T00:16:12.900000Z</time>
        <extensions>
          <gpxtpx:TrackPointExtension>
            <gpxtpx:hr>170</gpxtpx:hr>
          </gpxtpx:TrackPointExtension>
        </extensions>
      </trkpt>
      <trkpt lat="22.7285791739892" lon="113.95146919824849">
        <ele>40.13274130690843</ele>
        <time>1970-01-01T00:16:13.900000Z</time>
        <extensions>
          <gpxtpx:TrackPointExtension>
            <gpxtpx:hr>170</gpxtpx:hr>
          </gpxtpx:TrackPointExtension>
        </extensions>
      </trkpt>
      <trkpt lat="22.728562002122487" lon="113.951456560093">
        <ele>40.124563632532954</ele>
        <time>1970-01-01T00:16:14.900000Z</time>
        <extensions>
          <gpxtpx:TrackPointExtension>
            <gpxtpx:hr>170</gpxtpx:hr>
          </gpxtpx:TrackPointExtension>
        </extensions>
      </trkpt>
      <trkpt lat="22.728547092799932" lon="113.95144011406934">
        <ele>40.11478653457016</ele>
        <time>1970-01-01T00:16:15.900000Z</time>
        <extensions>
          <gpxtpx:TrackPointExtension>
            <gpxtpx:hr>170</gpxtpx:hr>
          </gpxtpx:TrackPointExtension>
        </extensions>
      </trkpt>
      <trkpt lat="22.728534003812015" lon="113.95141983506232">
        <ele>40.10315538197756</ele>
        <time>1970-01-01T00:16:16.900000Z</time>
        <extensions>
          <gpxtpx:TrackPointExtension>
            <gpxtpx:hr>170</gpxtpx:hr>
          </gpxtpx:TrackPointExtension>
        </extensions>
      </trkpt>
      <trkpt lat="22.728521665819525" lon="113.95139641280919">
        <ele>40.08989170007408</ele>
        <time>1970-01-01T00:16:17.900000Z</time>
        <extensions>
          <gpxtpx:TrackPointExtension>
            <gpxtpx:hr>171</gpxtpx:hr>
          </gpxtpx:TrackPointExtension>
        </extensions>
      </trkpt>
      <trkpt lat="22.72850903100246" lon="113.95137179708543">
        <ele>40.07582878693938</ele>
        <time>1970-01-01T00:16:18.900000Z</time>
        <extensions>
          <gpxtpx:TrackPointExtension>
            <gpxtpx:hr>171</gpxtpx:hr>
          </gpxtpx:TrackPointExtension>
        </extensions>
      </trkpt>
      <trkpt lat="22.72849595867131" lon="113.95134709977121">
        <ele>40.06232276279479</ele>
        <time>1970-01-01T00:16:19.900000Z</time>
        <extensions>
          <gpxtpx:TrackPointExtension>
            <gpxtpx:hr>171</gpxtpx:hr>
          </gpxtpx:TrackPointExtension>
        </extensions>
      </trkpt>
      <trkpt lat="22.728482964593262" lon="113.95132319899577">
        <ele>40.05094055458903</ele>
        <time>1970-01-01T00:16:20.900000Z</time>
        <extensions>
          <gpxtpx:TrackPointExtension>
            <gpxtpx:hr>171</gpxtpx:hr>
          </gpxtpx:TrackPointExtension>
        </extensions>
      </trkpt>
      <trkpt lat="22.728470074057736" lon="113.95130074918902">
        <ele>40.04338573012501</ele>
        <time>1970-01-01T00:16:21.900000Z</time>
        <extensions>
          <gpxtpx:TrackPointExtension>
            <gpxtpx:hr>171</gpxtpx:hr>
          </gpxtpx:TrackPointExtension>
        </extensions>
      </trkpt>
      <trkpt lat="22.72845670411098" lon="113.95127976670062">
        <ele>40.040750697255135</ele>
        <time>1970-01-01T00:16:22.900000Z</time>
        <extensions>
          <gpxtpx:TrackPointExtension>
            <gpxtpx:hr>171</gpxtpx:hr>
          </gpxtpx:TrackPointExtension>
        </extensions>
      </trkpt>
      <trkpt lat="22.72844263346962" lon="113.95126013460975">
        <ele>40.04350224044174</ele>
        <time>1970-01-01T00:16:23.900000Z</time>
        <extensions>
          <gpxtpx:TrackPointExtension>
            <gpxtpx:hr>171</gpxtpx:hr>
          </gpxtpx:TrackPointExtension>
        </extensions>
      </trkpt>
      <trkpt lat="22.728428323455454" lon="113.95124162069357">
        <ele>40.05125316884369</ele>
        <time>1970-01-01T00:16:24.900000Z</time>
        <extensions>
          <gpxtpx:TrackPointExtension>
            <gpxtpx:hr>171</gpxtpx:hr>
          </gpxtpx:TrackPointExtension>
        </extensions>
      </trkpt>
      <trkpt lat="22.728414217397308" lon="113.95122385809651">
        <ele>40.062488093972206</ele>
        <time>1970-01-01T00:16:25.900000Z</time>
        <extensions>
          <gpxtpx:TrackPointExtension>
            <gpxtpx:hr>171</gpxtpx:hr>
          </gpxtpx:TrackPointExtension>
        </extensions>
      </trkpt>
      <trkpt lat="22.72840053791403" lon="113.95120654280535">
        <ele>40.074904755689204</ele>
        <time>1970-01-01T00:16:26.900000Z</time>
        <extensions>
          <gpxtpx:TrackPointExtension>
            <gpxtpx:hr>167</gpxtpx:hr>
          </gpxtpx:TrackPointExtension>
        </extensions>
      </trkpt>
      <trkpt lat="22.728387321821234" lon="113.95118940849399">
        <ele>40.08634398598224</ele>
        <time>1970-01-01T00:16:27.900000Z</time>
        <extensions>
          <gpxtpx:TrackPointExtension>
            <gpxtpx:hr>167</gpxtpx:hr>
          </gpxtpx:TrackPointExtension>
        </extensions>
      </trkpt>
      <trkpt lat="22.728374538365937" lon="113.95117244784002">
        <ele>40.09482425265014</ele>
        <time>1970-01-01T00:16:28.900000Z</time>
        <extensions>
          <gpxtpx:TrackPointExtension>
            <gpxtpx:hr>167</gpxtpx:hr>
          </gpxtpx:TrackPointExtension>
        </extensions>
      </trkpt>
      <trkpt lat="22.72836216039106" lon="113.95115580016036">
        <ele>40.09871320333332</ele>
        <time>1970-01-01T00:16:29.900000Z</time>
        <extensions>
          <gpxtpx:TrackPointExtension>
            <gpxtpx:hr>167</gpxtpx:hr>
          </gpxtpx:TrackPointExtension>
        </extensions>
      </trkpt>
      <trkpt lat="22.72834996242498" lon="113.95113991706035">
        <ele>40.09714088123292</ele>
        <time>1970-01-01T00:16:30.900000Z</time>
        <extensions>
          <gpxtpx:TrackPointExtension>
            <gpxtpx:hr>167</gpxtpx:hr>
          </gpxtpx:TrackPointExtension>
        </extensions>
      </trkpt>
      <trkpt lat="22.728337130762956" lon="113.95112487221883">
        <ele>40.08995699789375</ele>
        <time>1970-01-01T00:16:31.900000Z</time>
        <extensions>
          <gpxtpx:TrackPointExtension>
            <gpxtpx:hr>167</gpxtpx:hr>
          </gpxtpx:TrackPointExtension>
        </extensions>
      </trkpt>
      <trkpt lat="22.728322999373752" lon="113.9511103744414">
        <ele>40.07775447331369</ele>
        <time>1970-01-01T00:16:32.900000Z</time>
        <extensions>
          <gpxtpx:TrackPointExtension>
            <gpxtpx:hr>167</gpxtpx:hr>
          </gpxtpx:TrackPointExtension>
        </extensions>
      </trkpt>
      <trkpt lat="22.72830761493667" lon="113.95109734374454">
        <ele>40.0618545524776</ele>
        <time>1970-01-01T00:16:33.900000Z</time>
        <extensions>
          <gpxtpx:TrackPointExtension>
            <gpxtpx:hr>164</gpxtpx:hr>
          </gpxtpx:TrackPointExtension>
        </extensions>
      </trkpt>
      <trkpt lat="22.72829145484226" lon="113.95108755925847">
        <ele>40.04423860087991</ele>
        <time>1970-01-01T00:16:34.900000Z</time>
        <extensions>
          <gpxtpx:TrackPointExtension>
            <gpxtpx:hr>164</gpxtpx:hr>
          </gpxtpx:TrackPointExtension>
        </extensions>
      </trkpt>
      <trkpt lat="22.728275116759256" lon="113.95108296719313">
        <ele>40.02718070615083</ele>
        <time>1970-01-01T00:16:35.900000Z</time>
        <extensions>
          <gpxtpx:TrackPointExtension>
            <gpxtpx:hr>164</gpxtpx:hr>
          </gpxtpx:TrackPointExtension>
        </extensions>
      </trkpt>
      <trkpt lat="22.72825992602145" lon="113.95108444037254">
        <ele>40.012762458994985</ele>
        <time>1970-01-01T00:16:36.900000Z</time>
        <extensions>
          <gpxtpx:TrackPointExtension>
            <gpxtpx:hr>164</gpxtpx:hr>
          </gpxtpx:TrackPointExtension>
        </extensions>
      </trkpt>
      <trkpt lat="22.728246646312744" lon="113.95109192004723">
        <ele>40.00228746701032</ele>
        <time>1970-01-01T00:16:37.900000Z</time>
        <extensions>
          <gpxtpx:TrackPointExtension>
            <gpxtpx:hr>163</gpxtpx:hr>
          </gpxtpx:TrackPointExtension>
        </extensions>
      </trkpt>
      <trkpt lat="22.728236072161135" lon="113.95110501616007">
        <ele>39.99617577530444</ele>
        <time>1970-01-01T00:16:38.900000Z</time>
        <extensions>
          <gpxtpx:TrackPointExtension>
            <gpxtpx:hr>163</gpxtpx:hr>
          </gpxtpx:TrackPointExtension>
        </extensions>
      </trkpt>
      <trkpt lat="22.728230228367103" lon="113.95112212814355">
        <ele>39.99417213816196</ele>
        <time>1970-01-01T00:16:39.900000Z</time>
        <extensions>
          <gpxtpx:TrackPointExtension>
            <gpxtpx:hr>163</gpxtpx:hr>
          </gpxtpx:TrackPointExtension>
        </extensions>
      </trkpt>
      <trkpt lat="22.728230432098137" lon="113.95114080707641">
        <ele>39.995427931658924</ele>
        <time>1970-01-01T00:16:40.900000Z</time>
        <extensions>
          <gpxtpx:TrackPointExtension>
            <gpxtpx:hr>163</gpxtpx:hr>
          </gpxtpx:TrackPointExtension>
        </extensions>
      </trkpt>
      <trkpt lat="22.72823638958504" lon="113.95115946796277">
        <ele>39.99871960002929</ele>
        <time>1970-01-01T00:16:41.900000Z</time>
        <extensions>
          <gpxtpx:TrackPointExtension>
            <gpxtpx:hr>163</gpxtpx:hr>
          </gpxtpx:TrackPointExtension>
        </extensions>
      </trkpt>
      <trkpt lat="22.728246775691524" lon="113.95117698572015">
        <ele>40.002936551347375</ele>
        <time>1970-01-01T00:16:42.900000Z</time>
        <extensions>
          <gpxtpx:TrackPointExtension>
            <gpxtpx:hr>162</gpxtpx:hr>
          </gpxtpx:TrackPointExtension>
        </extensions>
      </trkpt>
      <trkpt lat="22.728260020910486" lon="113.9511930950788">
        <ele>40.00736919604242</ele>
        <time>1970-01-01T00:16:43.900000Z</time>
        <extensions>
          <gpxtpx:TrackPointExtension>
            <gpxtpx:hr>162</gpxtpx:hr>
          </gpxtpx:TrackPointExtension>
        </extensions>
      </trkpt>
      <trkpt lat="22.728274451019377" lon="113.95120783702232">
        <ele>40.01163038145751</ele>
        <time>1970-01-01T00:16:44.900000Z</time>
        <extensions>
          <gpxtpx:TrackPointExtension>
            <gpxtpx:hr>162</gpxtpx:hr>
          </gpxtpx:TrackPointExtension>
        </extensions>
      </trkpt>
      <trkpt lat="22.72828870038125" lon="113.95122114999748">
        <ele>40.015477826818824</ele>
        <time>1970-01-01T00:16:45.900000Z</time>
        <extensions>
          <gpxtpx:TrackPointExtension>
            <gpxtpx:hr>162</gpxtpx:hr>
          </gpxtpx:TrackPointExtension>
        </extensions>
      </trkpt>
      <trkpt lat="22.728302606729688" lon="113.95123383857722">
        <ele>40.01902534998953</ele>
        <time>1970-01-01T00:16:46.900000Z</time>
        <extensions>
          <gpxtpx:TrackPointExtension>
            <gpxtpx:hr>162</gpxtpx:hr>
          </gpxtpx:TrackPointExtension>
        </extensions>
      </trkpt>
      <trkpt lat="22.72831618047463" lon="113.95124694564308">
        <ele>40.02267059870064</ele>
        <time>1970-01-01T00:16:47.900000Z</time>
        <extensions>
          <gpxtpx:TrackPointExtension>
            <gpxtpx:hr>162</gpxtpx:hr>
          </gpxtpx:TrackPointExtension>
        </extensions>
      </trkpt>
      <trkpt lat="22.728329126705788" lon="113.95126081699759">
        <ele>40.026914013549685</ele>
        <time>1970-01-01T00:16:48.900000Z</time>
        <extensions>
          <gpxtpx:TrackPointExtension>
            <gpxtpx:hr>162</gpxtpx:hr>
          </gpxtpx:TrackPointExtension>
        </extensions>
      </trkpt>
      <trkpt lat="22.7283404172551" lon="113.95127526690645">
        <ele>40.032445864751935</ele>
        <time>1970-01-01T00:16:49.900000Z</time>
        <extensions>
          <gpxtpx:TrackPointExtension>
            <gpxtpx:hr>162</gpxtpx:hr>
          </gpxtpx:TrackPointExtension>
        </extensions>
      </trkpt>
      <trkpt lat="22.728349130904384" lon="113.95129030870652">
        <ele>40.03980634827167</ele>
        <time>1970-01-01T00:16:50.900000Z</time>
        <extensions>
          <gpxtpx:TrackPointExtension>
            <gpxtpx:hr>162</gpxtpx:hr>
          </gpxtpx:TrackPointExtension>
        </extensions>
      </trkpt>
      <trkpt lat="22.728355280421876" lon="113.95130562484154">
        <ele>40.04912533890456</ele>
        <time>1970-01-01T00:16:51.900000Z</time>
        <extensions>
          <gpxtpx:TrackPointExtension>
            <gpxtpx:hr>164</gpxtpx:hr>
          </gpxtpx:TrackPointExtension>
        </extensions>
      </trkpt>
      <trkpt lat="22.72835988813261" lon="113.95132090074667">
        <ele>40.05991506855935</ele>
        <time>1970-01-01T00:16:52.900000Z</time>
        <extensions>
          <gpxtpx:TrackPointExtension>
            <gpxtpx:hr>164</gpxtpx:hr>
          </gpxtpx:TrackPointExtension>
        </extensions>
      </trkpt>
      <trkpt lat="22.728364843795443" lon="113.95133585419224">
        <ele>40.071376513689756</ele>
        <time>1970-01-01T00:16:53.900000Z</time>
        <extensions>
          <gpxtpx:TrackPointExtension>
            <gpxtpx:hr>164</gpxtpx:hr>
          </gpxtpx:TrackPointExtension>
        </extensions>
      </trkpt>
      <trkpt lat="22.72837196009975" lon="113.95135094291841">
        <ele>40.082493976689875</ele>
        <time>1970-01-01T00:16:54.900000Z</time>
        <extensions>
          <gpxtpx:TrackPointExtension>
            <gpxtpx:hr>164</gpxtpx:hr>
          </gpxtpx:TrackPointExtension>
        </extensions>
      </trkpt>
      <trkpt lat="22.728381425603" lon="113.95136661436409">
        <ele>40.09237931482494</ele>
        <time>1970-01-01T00:16:55.900000Z</time>
        <extensions>
          <gpxtpx:TrackPointExtension>
            <gpxtpx:hr>164</gpxtpx:hr>
          </gpxtpx:TrackPointExtension>
        </extensions>
      </trkpt>
      <trkpt lat="22.728392382413137" lon="113.95138277093798">
        <ele>40.10050138738006</ele>
        <time>1970-01-01T00:16:56.900000Z</time>
        <extensions>
          <gpxtpx:TrackPointExtension>
            <gpxtpx:hr>164</gpxtpx:hr>
          </gpxtpx:TrackPointExtension>
        </extensions>
      </trkpt>
      <trkpt lat="22.72840377697502" lon="113.95139872400003">
        <ele>40.10681676585227</ele>
        <time>1970-01-01T00:16:57.900000Z</time>
        <extensions>
          <gpxtpx:TrackPointExtension>
            <gpxtpx:hr>164</gpxtpx:hr>
          </gpxtpx:TrackPointExtension>
        </extensions>
      </trkpt>
      <trkpt lat="22.7284153663204" lon="113.95141521160039">
        <ele>40.111637375317514</ele>
        <time>1970-01-01T00:16:58.900000Z</time>
        <extensions>
          <gpxtpx:TrackPointExtension>
            <gpxtpx:hr>164</gpxtpx:hr>
          </gpxtpx:TrackPointExtension>
        </extensions>
      </trkpt>
      <trkpt lat="22.728427400501563" lon="113.95143344739729">
        <ele>40.1155989440158</ele>
        <time>1970-01-01T00:16:59.900000Z</time>
        <extensions>
          <gpxtpx:TrackPointExtension>
            <gpxtpx:hr>164</gpxtpx:hr>
          </gpxtpx:TrackPointExtension>
        </extensions>
      </trkpt>
      <trkpt lat="22.728440079309486" lon="113.95145333668293">
        <ele>40.119608017615974</ele>
        <time>1970-01-01T00:17:00.900000Z</time>
        <extensions>
          <gpxtpx:TrackPointExtension>
            <gpxtpx:hr>164</gpxtpx:hr>
          </gpxtpx:TrackPointExtension>
        </extensions>
      </trkpt>
      <trkpt lat="22.72845391886435" lon="113.95147420207923">
        <ele>40.12456064578146</ele>
        <time>1970-01-01T00:17:01.900000Z</time>
        <extensions>
          <gpxtpx:TrackPointExtension>
            <gpxtpx:hr>165</gpxtpx:hr>
          </gpxtpx:TrackPointExtension>
        </extensions>
      </trkpt>
      <trkpt lat="22.72846904623374" lon="113.95149469010346">
        <ele>40.13102396670729</ele>
        <time>1970-01-01T00:17:02.900000Z</time>
        <extensions>
          <gpxtpx:TrackPointExtension>
            <gpxtpx:hr>165</gpxtpx:hr>
          </gpxtpx:TrackPointExtension>
        </extensions>
      </trkpt>
      <trkpt lat="22.728485752371977" lon="113.95151419035042">
        <ele>40.13900733180344</ele>
        <time>1970-01-01T00:17:03.900000Z</time>
        <extensions>
          <gpxtpx:TrackPointExtension>
            <gpxtpx:hr>165</gpxtpx:hr>
          </gpxtpx:TrackPointExtension>
        </extensions>
      </trkpt>
      <trkpt lat="22.72850406993913" lon="113.95153306326353">
        <ele>40.148218288086355</ele>
        <time>1970-01-01T00:17:04.900000Z</time>
        <extensions>
          <gpxtpx:TrackPointExtension>
            <gpxtpx:hr>165</gpxtpx:hr>
          </gpxtpx:TrackPointExtension>
        </extensions>
      </trkpt>
      <trkpt lat="22.728523221765947" lon="113.95155118909727">
        <ele>40.15821777284145</ele>
        <time>1970-01-01T00:17:05.900000Z</time>
        <extensions>
          <gpxtpx:TrackPointExtension>
            <gpxtpx:hr>165</gpxtpx:hr>
          </gpxtpx:TrackPointExtension>
        </extensions>
      </trkpt>
      <trkpt lat="22.728542574351295" lon="113.95156888302489">
        <ele>40.16856144554913</ele>
        <time>1970-01-01T00:17:06.900000Z</time>
        <extensions>
          <gpxtpx:TrackPointExtension>
            <gpxtpx:hr>164</gpxtpx:hr>
          </gpxtpx:TrackPointExtension>
        </extensions>
      </trkpt>
      <trkpt lat="22.72856172367603" lon="113.95158637086857">
        <ele>40.17888441402465</ele>
        <time>1970-01-01T00:17:07.900000Z</time>
        <extensions>
          <gpxtpx:TrackPointExtension>
            <gpxtpx:hr>164</gpxtpx:hr>
          </gpxtpx:TrackPointExtension>
        </extensions>
      </trkpt>
      <trkpt lat="22.728580924891343" lon="113.95160371894981">
        <ele>40.189099297858775</ele>
        <time>1970-01-01T00:17:08.900000Z</time>
        <extensions>
          <gpxtpx:TrackPointExtension>
            <gpxtpx:hr>164</gpxtpx:hr>
          </gpxtpx:TrackPointExtension>
        </extensions>
      </trkpt>
      <trkpt lat="22.728600134707953" lon="113.95162091845067">
        <ele>40.19916815124452</ele>
        <time>1970-01-01T00:17:09.900000Z</time>
        <extensions>
          <gpxtpx:TrackPointExtension>
            <gpxtpx:hr>164</gpxtpx:hr>
          </gpxtpx:TrackPointExtension>
        </extensions>
      </trkpt>
      <trkpt lat="22.728618608531438" lon="113.95163761807285">
        <ele>40.20897210016847</ele>
        <time>1970-01-01T00:17:10.900000Z</time>
        <extensions>
          <gpxtpx:TrackPointExtension>
            <gpxtpx:hr>164</gpxtpx:hr>
          </gpxtpx:TrackPointExtension>
        </extensions>
      </trkpt>
      <trkpt lat="22.728636024112227" lon="113.95165378257381">
        <ele>40.21830936614424</ele>
        <time>1970-01-01T00:17:11.900000Z</time>
        <extensions>
          <gpxtpx:TrackPointExtension>
            <gpxtpx:hr>165</gpxtpx:hr>
          </gpxtpx:TrackPointExtension>
        </extensions>
      </trkpt>
      <trkpt lat="22.72865231165433" lon="113.95166989207428">
        <ele>40.226966430433095</ele>
        <time>1970-01-01T00:17:12.900000Z</time>
        <extensions>
          <gpxtpx:TrackPointExtension>
            <gpxtpx:hr>165</gpxtpx:hr>
          </gpxtpx:TrackPointExtension>
        </extensions>
      </trkpt>
      <trkpt lat="22.72866802289097" lon="113.95168653938123">
        <ele>40.23497701622546</ele>
        <time>1970-01-01T00:17:13.900000Z</time>
        <extensions>
          <gpxtpx:TrackPointExtension>
            <gpxtpx:hr>165</gpxtpx:hr>
          </gpxtpx:TrackPointExtension>
        </extensions>
      </trkpt>
      <trkpt lat="22.728683605519564" lon="113.9517033936578">
        <ele>40.24263939540833</ele>
        <time>1970-01-01T00:17:14.900000Z</time>
        <extensions>
          <gpxtpx:TrackPointExtension>
            <gpxtpx:hr>165</gpxtpx:hr>
          </gpxtpx:TrackPointExtension>
        </extensions>
      </trkpt>
      <trkpt lat="22.728698504033083" lon="113.95172019535042">
        <ele>40.25033623445779</ele>
        <time>1970-01-01T00:17:15.900000Z</time>
        <extensions>
          <gpxtpx:TrackPointExtension>
            <gpxtpx:hr>165</gpxtpx:hr>
          </gpxtpx:TrackPointExtension>
        </extensions>
      </trkpt>
      <trkpt lat="22.728712278443968" lon="113.95173684352422">
        <ele>40.25814737286419</ele>
        <time>1970-01-01T00:17:16.900000Z</time>
        <extensions>
          <gpxtpx:TrackPointExtension>
            <gpxtpx:hr>166</gpxtpx:hr>
          </gpxtpx:TrackPointExtension>
        </extensions>
      </trkpt>
      <trkpt lat="22.72872534883475" lon="113.95175377509064">
        <ele>40.26604056823999</ele>
        <time>1970-01-01T00:17:17.900000Z</time>
        <extensions>
          <gpxtpx:TrackPointExtension>
            <gpxtpx:hr>166</gpxtpx:hr>
          </gpxtpx:TrackPointExtension>
        </extensions>
      </trkpt>
      <trkpt lat="22.728738081030038" lon="113.95177137852959">
        <ele>40.27380080334842</ele>
        <time>1970-01-01T00:17:18.900000Z</time>
        <extensions>
          <gpxtpx:TrackPointExtension>
            <gpxtpx:hr>166</gpxtpx:hr>
          </gpxtpx:TrackPointExtension>
        </extensions>
      </trkpt>
      <trkpt lat="22.72875047072621" lon="113.95178921956497">
        <ele>40.27719266247004</ele>
        <time>1970-01-01T00:17:19.900000Z</time>
        <extensions>
          <gpxtpx:TrackPointExtension>
            <gpxtpx:hr>166</gpxtpx:hr>
          </gpxtpx:TrackPointExtension>
        </extensions>
      </trkpt>
      <trkpt lat="22.728761886513645" lon="113.95180692752345">
        <ele>40.280019879341125</ele>
        <time>1970-01-01T00:17:20.900000Z</time>
        <extensions>
          <gpxtpx:TrackPointExtension>
            <gpxtpx:hr>166</gpxtpx:hr>
          </gpxtpx:TrackPointExtension>
        </extensions>
      </trkpt>
      <trkpt lat="22.728772245406336" lon="113.95182463346046">
        <ele>40.212035939097404</ele>
        <time>1970-01-01T00:17:21.900000Z</time>
        <extensions>
          <gpxtpx:TrackPointExtension>
            <gpxtpx:hr>166</gpxtpx:hr>
          </gpxtpx:TrackPointExtension>
        </extensions>
      </trkpt>
      <trkpt lat="22.72878178165055" lon="113.95184226778936">
        <ele>40.17372180707753</ele>
        <time>1970-01-01T00:17:22.900000Z</time>
        <extensions>
          <gpxtpx:TrackPointExtension>
            <gpxtpx:hr>167</gpxtpx:hr>
          </gpxtpx:TrackPointExtension>
        </extensions>
      </trkpt>
      <trkpt lat="22.72879049989494" lon="113.95185925491488">
        <ele>40.13507734145969</ele>
        <time>1970-01-01T00:17:23.900000Z</time>
        <extensions>
          <gpxtpx:TrackPointExtension>
            <gpxtpx:hr>167</gpxtpx:hr>
          </gpxtpx:TrackPointExtension>
        </extensions>
      </trkpt>
      <trkpt lat="22.728799245456837" lon="113.95187640917753">
        <ele>40.09842524304986</ele>
        <time>1970-01-01T00:17:24.900000Z</time>
        <extensions>
          <gpxtpx:TrackPointExtension>
            <gpxtpx:hr>167</gpxtpx:hr>
          </gpxtpx:TrackPointExtension>
        </extensions>
      </trkpt>
      <trkpt lat="22.728808939759052" lon="113.95189473504766">
        <ele>40.06819463893771</ele>
        <time>1970-01-01T00:17:25.900000Z</time>
        <extensions>
          <gpxtpx:TrackPointExtension>
            <gpxtpx:hr>168</gpxtpx:hr>
          </gpxtpx:TrackPointExtension>
        </extensions>
      </trkpt>
      <trkpt lat="22.728820247179456" lon="113.95191422514947">
        <ele>40.052099265158176</ele>
        <time>1970-01-01T00:17:26.900000Z</time>
        <extensions>
          <gpxtpx:TrackPointExtension>
            <gpxtpx:hr>168</gpxtpx:hr>
          </gpxtpx:TrackPointExtension>
        </extensions>
      </trkpt>
      <trkpt lat="22.728833719013593" lon="113.95193439917084">
        <ele>40.0607826448977</ele>
        <time>1970-01-01T00:17:27.900000Z</time>
        <extensions>
          <gpxtpx:TrackPointExtension>
            <gpxtpx:hr>168</gpxtpx:hr>
          </gpxtpx:TrackPointExtension>
        </extensions>
      </trkpt>
      <trkpt lat="22.728850023155086" lon="113.9519547433363">
        <ele>40.111288947984576</ele>
        <time>1970-01-01T00:17:28.900000Z</time>
        <extensions>
          <gpxtpx:TrackPointExtension>
            <gpxtpx:hr>168</gpxtpx:hr>
          </gpxtpx:TrackPointExtension>
        </extensions>
      </trkpt>
      <trkpt lat="22.728871830995146" lon="113.95197584553694">
        <ele>40.229242131114006</ele>
        <time>1970-01-01T00:17:29.900000Z</time>
        <extensions>
          <gpxtpx:TrackPointExtension>
            <gpxtpx:hr>168</gpxtpx:hr>
          </gpxtpx:TrackPointExtension>
        </extensions>
      </trkpt>
      <trkpt lat="22.729233778055516" lon="113.95221961276253">
        <ele>41.26587464939803</ele>
        <time>1970-01-01T00:17:42.300000Z</time>
        <extensions>
          <gpxtpx:TrackPointExtension>
            <gpxtpx:hr>168</gpxtpx:hr>
          </gpxtpx:TrackPointExtension>
        </extensions>
      </trkpt>
      <trkpt lat="22.729257326627962" lon="113.95223475177288">
        <ele>41.214271233417094</ele>
        <time>1970-01-01T00:17:43.300000Z</time>
        <extensions>
          <gpxtpx:TrackPointExtension>
            <gpxtpx:hr>167</gpxtpx:hr>
          </gpxtpx:TrackPointExtension>
        </extensions>
      </trkpt>
      <trkpt lat="22.729269710171607" lon="113.95224550937881">
        <ele>41.1035785805434</ele>
        <time>1970-01-01T00:17:44.300000Z</time>
        <extensions>
          <gpxtpx:TrackPointExtension>
            <gpxtpx:hr>167</gpxtpx:hr>
          </gpxtpx:TrackPointExtension>
        </extensions>
      </trkpt>
      <trkpt lat="22.7292770874166" lon="113.95225672847867">
        <ele>40.974023735150695</ele>
        <time>1970-01-01T00:17:45.300000Z</time>
        <extensions>
          <gpxtpx:TrackPointExtension>
            <gpxtpx:hr>167</gpxtpx:hr>
          </gpxtpx:TrackPointExtension>
        </extensions>
      </trkpt>
      <trkpt lat="22.729283038382352" lon="113.95227109277664">
        <ele>40.845725590363145</ele>
        <time>1970-01-01T00:17:46.300000Z</time>
        <extensions>
          <gpxtpx:TrackPointExtension>
            <gpxtpx:hr>167</gpxtpx:hr>
          </gpxtpx:TrackPointExtension>
        </extensions>
      </trkpt>
      <trkpt lat="22.729281851670518" lon="113.95228333468218">
        <ele>40.76562848314643</ele>
        <time>1970-01-01T00:17:46.900000Z</time>
        <extensions>
          <gpxtpx:TrackPointExtension>
            <gpxtpx:hr>167</gpxtpx:hr>
          </gpxtpx:TrackPointExtension>
        </extensions>
      </trkpt>
      <trkpt lat="22.729285145626207" lon="113.95229988423353">
        <ele>40.669226229190826</ele>
        <time>1970-01-01T00:17:47.900000Z</time>
        <extensions>
          <gpxtpx:TrackPointExtension>
            <gpxtpx:hr>167</gpxtpx:hr>
          </gpxtpx:TrackPointExtension>
        </extensions>
      </trkpt>
      <trkpt lat="22.72929235140621" lon="113.9523155733406">
        <ele>40.601444776169956</ele>
        <time>1970-01-01T00:17:48.900000Z</time>
        <extensions>
          <gpxtpx:TrackPointExtension>
            <gpxtpx:hr>167</gpxtpx:hr>
          </gpxtpx:TrackPointExtension>
        </extensions>
      </trkpt>
      <trkpt lat="22.72930380507862" lon="113.95233213834213">
        <ele>40.557553470134735</ele>
        <time>1970-01-01T00:17:49.900000Z</time>
        <extensions>
          <gpxtpx:TrackPointExtension>
            <gpxtpx:hr>167</gpxtpx:hr>
          </gpxtpx:TrackPointExtension>
        </extensions>
      </trkpt>
      <trkpt lat="22.72931807994543" lon="113.9523502747706">
        <ele>40.53244479186833</ele>
        <time>1970-01-01T00:17:50.900000Z</time>
        <extensions>
          <gpxtpx:TrackPointExtension>
            <gpxtpx:hr>168</gpxtpx:hr>
          </gpxtpx:TrackPointExtension>
        </extensions>
      </trkpt>
      <trkpt lat="22.729332595136796" lon="113.95236964822318">
        <ele>40.52153362426907</ele>
        <time>1970-01-01T00:17:51.900000Z</time>
        <extensions>
          <gpxtpx:TrackPointExtension>
            <gpxtpx:hr>168</gpxtpx:hr>
          </gpxtpx:TrackPointExtension>
        </extensions>
      </trkpt>
      <trkpt lat="22.72934536943846" lon="113.95238821652204">
        <ele>40.52096898108721</ele>
        <time>1970-01-01T00:17:52.900000Z</time>
        <extensions>
          <gpxtpx:TrackPointExtension>
            <gpxtpx:hr>168</gpxtpx:hr>
          </gpxtpx:TrackPointExtension>
        </extensions>
      </trkpt>
      <trkpt lat="22.72935641503935" lon="113.95240608092828">
        <ele>40.52777684573084</ele>
        <time>1970-01-01T00:17:53.900000Z</time>
        <extensions>
          <gpxtpx:TrackPointExtension>
            <gpxtpx:hr>168</gpxtpx:hr>
          </gpxtpx:TrackPointExtension>
        </extensions>
      </trkpt>
      <trkpt lat="22.72936596832279" lon="113.95242451665042">
        <ele>40.53895628359169</ele>
        <time>1970-01-01T00:17:54.900000Z</time>
        <extensions>
          <gpxtpx:TrackPointExtension>
            <gpxtpx:hr>168</gpxtpx:hr>
          </gpxtpx:TrackPointExtension>
        </extensions>
      </trkpt>
      <trkpt lat="22.729373296929005" lon="113.95244405634777">
        <ele>40.5524685587734</ele>
        <time>1970-01-01T00:17:55.900000Z</time>
        <extensions>
          <gpxtpx:TrackPointExtension>
            <gpxtpx:hr>172</gpxtpx:hr>
          </gpxtpx:TrackPointExtension>
        </extensions>
      </trkpt>
      <trkpt lat="22.729378750533485" lon="113.95246498761121">
        <ele>40.56739111803472</ele>
        <time>1970-01-01T00:17:56.900000Z</time>
        <extensions>
          <gpxtpx:TrackPointExtension>
            <gpxtpx:hr>172</gpxtpx:hr>
          </gpxtpx:TrackPointExtension>
        </extensions>
      </trkpt>
      <trkpt lat="22.729383254328454" lon="113.95248681329923">
        <ele>40.583460150286555</ele>
        <time>1970-01-01T00:17:57.900000Z</time>
        <extensions>
          <gpxtpx:TrackPointExtension>
            <gpxtpx:hr>172</gpxtpx:hr>
          </gpxtpx:TrackPointExtension>
        </extensions>
      </trkpt>
      <trkpt lat="22.729387581911563" lon="113.95250889206122">
        <ele>40.60011265799403</ele>
        <time>1970-01-01T00:17:58.900000Z</time>
        <extensions>
          <gpxtpx:TrackPointExtension>
            <gpxtpx:hr>172</gpxtpx:hr>
          </gpxtpx:TrackPointExtension>
        </extensions>
      </trkpt>
      <trkpt lat="22.72939244690173" lon="113.952531217627">
        <ele>40.61696767807007</ele>
        <time>1970-01-01T00:17:59.900000Z</time>
        <extensions>
          <gpxtpx:TrackPointExtension>
            <gpxtpx:hr>172</gpxtpx:hr>
          </gpxtpx:TrackPointExtension>
        </extensions>
      </trkpt>
      <trkpt lat="22.729392707815748" lon="113.95254898848789">
        <ele>40.64441795926541</ele>
        <time>1970-01-01T00:18:00.900000Z</time>
        <extensions>
          <gpxtpx:TrackPointExtension>
            <gpxtpx:hr>172</gpxtpx:hr>
          </gpxtpx:TrackPointExtension>
        </extensions>
      </trkpt>
      <trkpt lat="22.729393983932233" lon="113.95256828515498">
        <ele>40.67023410554975</ele>
        <time>1970-01-01T00:18:01.900000Z</time>
        <extensions>
          <gpxtpx:TrackPointExtension>
            <gpxtpx:hr>172</gpxtpx:hr>
          </gpxtpx:TrackPointExtension>
        </extensions>
      </trkpt>
      <trkpt lat="22.729396164508454" lon="113.95258808141634">
        <ele>40.692647841759026</ele>
        <time>1970-01-01T00:18:02.900000Z</time>
        <extensions>
          <gpxtpx:TrackPointExtension>
            <gpxtpx:hr>176</gpxtpx:hr>
          </gpxtpx:TrackPointExtension>
        </extensions>
      </trkpt>
      <trkpt lat="22.729398768608974" lon="113.95260795721184">
        <ele>40.7112186383456</ele>
        <time>1970-01-01T00:18:03.900000Z</time>
        <extensions>
          <gpxtpx:TrackPointExtension>
            <gpxtpx:hr>176</gpxtpx:hr>
          </gpxtpx:TrackPointExtension>
        </extensions>
      </trkpt>
      <trkpt lat="22.72940104576938" lon="113.95262756916667">
        <ele>40.72629031352699</ele>
        <time>1970-01-01T00:18:04.900000Z</time>
        <extensions>
          <gpxtpx:TrackPointExtension>
            <gpxtpx:hr>176</gpxtpx:hr>
          </gpxtpx:TrackPointExtension>
        </extensions>
      </trkpt>
      <trkpt lat="22.729403080913936" lon="113.95264692797211">
        <ele>40.73783934675157</ele>
        <time>1970-01-01T00:18:05.900000Z</time>
        <extensions>
          <gpxtpx:TrackPointExtension>
            <gpxtpx:hr>176</gpxtpx:hr>
          </gpxtpx:TrackPointExtension>
        </extensions>
      </trkpt>
      <trkpt lat="22.72940529623439" lon="113.95266563858317">
        <ele>40.744342755526304</ele>
        <time>1970-01-01T00:18:06.900000Z</time>
        <extensions>
          <gpxtpx:TrackPointExtension>
            <gpxtpx:hr>176</gpxtpx:hr>
          </gpxtpx:TrackPointExtension>
        </extensions>
      </trkpt>
      <trkpt lat="22.72940777711594" lon="113.95268375944967">
        <ele>40.741878050379455</ele>
        <time>1970-01-01T00:18:07.900000Z</time>
        <extensions>
          <gpxtpx:TrackPointExtension>
            <gpxtpx:hr>176</gpxtpx:hr>
          </gpxtpx:TrackPointExtension>
        </extensions>
      </trkpt>
      <trkpt lat="22.72941100918767" lon="113.95270145612628">
        <ele>40.723209395073354</ele>
        <time>1970-01-01T00:18:08.900000Z</time>
        <extensions>
          <gpxtpx:TrackPointExtension>
            <gpxtpx:hr>176</gpxtpx:hr>
          </gpxtpx:TrackPointExtension>
        </extensions>
      </trkpt>
      <trkpt lat="22.729415823320473" lon="113.95271891599478">
        <ele>40.677101406268775</ele>
        <time>1970-01-01T00:18:09.900000Z</time>
        <extensions>
          <gpxtpx:TrackPointExtension>
            <gpxtpx:hr>176</gpxtpx:hr>
          </gpxtpx:TrackPointExtension>
        </extensions>
      </trkpt>
      <trkpt lat="22.729415979663496" lon="113.95271947392897">
        <ele>40.68285004328936</ele>
        <time>1970-01-01T00:18:09.900000Z</time>
        <extensions>
          <gpxtpx:TrackPointExtension>
            <gpxtpx:hr>176</gpxtpx:hr>
          </gpxtpx:TrackPointExtension>
        </extensions>
      </trkpt>
      <trkpt lat="22.729420743479402" lon="113.95273494814343">
        <ele>40.63629009202123</ele>
        <time>1970-01-01T00:18:10.900000Z</time>
        <extensions>
          <gpxtpx:TrackPointExtension>
            <gpxtpx:hr>176</gpxtpx:hr>
          </gpxtpx:TrackPointExtension>
        </extensions>
      </trkpt>
      <trkpt lat="22.72942501685975" lon="113.95274990001029">
        <ele>40.616046032868326</ele>
        <time>1970-01-01T00:18:11.900000Z</time>
        <extensions>
          <gpxtpx:TrackPointExtension>
            <gpxtpx:hr>176</gpxtpx:hr>
          </gpxtpx:TrackPointExtension>
        </extensions>
      </trkpt>
      <trkpt lat="22.729430472722125" lon="113.95276772969346">
        <ele>40.61130189616233</ele>
        <time>1970-01-01T00:18:12.900000Z</time>
        <extensions>
          <gpxtpx:TrackPointExtension>
            <gpxtpx:hr>176</gpxtpx:hr>
          </gpxtpx:TrackPointExtension>
        </extensions>
      </trkpt>
      <trkpt lat="22.72943720145558" lon="113.95278843115278">
        <ele>40.61480899527669</ele>
        <time>1970-01-01T00:18:13.900000Z</time>
        <extensions>
          <gpxtpx:TrackPointExtension>
            <gpxtpx:hr>176</gpxtpx:hr>
          </gpxtpx:TrackPointExtension>
        </extensions>
      </trkpt>
      <trkpt lat="22.72944523985793" lon="113.95281065653205">
        <ele>40.621889013797045</ele>
        <time>1970-01-01T00:18:14.900000Z</time>
        <extensions>
          <gpxtpx:TrackPointExtension>
            <gpxtpx:hr>176</gpxtpx:hr>
          </gpxtpx:TrackPointExtension>
        </extensions>
      </trkpt>
      <trkpt lat="22.729454822046648" lon="113.95283335019536">
        <ele>40.62979661580175</ele>
        <time>1970-01-01T00:18:15.900000Z</time>
        <extensions>
          <gpxtpx:TrackPointExtension>
            <gpxtpx:hr>176</gpxtpx:hr>
          </gpxtpx:TrackPointExtension>
        </extensions>
      </trkpt>
      <trkpt lat="22.729465899454045" lon="113.95285673152557">
        <ele>40.63712207786739</ele>
        <time>1970-01-01T00:18:16.900000Z</time>
        <extensions>
          <gpxtpx:TrackPointExtension>
            <gpxtpx:hr>176</gpxtpx:hr>
          </gpxtpx:TrackPointExtension>
        </extensions>
      </trkpt>
      <trkpt lat="22.72947751107834" lon="113.95288115323619">
        <ele>40.64368358347565</ele>
        <time>1970-01-01T00:18:17.900000Z</time>
        <extensions>
          <gpxtpx:TrackPointExtension>
            <gpxtpx:hr>176</gpxtpx:hr>
          </gpxtpx:TrackPointExtension>
        </extensions>
      </trkpt>
      <trkpt lat="22.72948859813741" lon="113.952906461105">
        <ele>40.65006649401039</ele>
        <time>1970-01-01T00:18:18.900000Z</time>
        <extensions>
          <gpxtpx:TrackPointExtension>
            <gpxtpx:hr>176</gpxtpx:hr>
          </gpxtpx:TrackPointExtension>
        </extensions>
      </trkpt>
      <trkpt lat="22.729498648626556" lon="113.95293180937969">
        <ele>40.65718273818493</ele>
        <time>1970-01-01T00:18:19.900000Z</time>
        <extensions>
          <gpxtpx:TrackPointExtension>
            <gpxtpx:hr>176</gpxtpx:hr>
          </gpxtpx:TrackPointExtension>
        </extensions>
      </trkpt>
      <trkpt lat="22.729507960720515" lon="113.95295644760024">
        <ele>40.66591108869761</ele>
        <time>1970-01-01T00:18:20.900000Z</time>
        <extensions>
          <gpxtpx:TrackPointExtension>
            <gpxtpx:hr>176</gpxtpx:hr>
          </gpxtpx:TrackPointExtension>
        </extensions>
      </trkpt>
      <trkpt lat="22.72951717053077" lon="113.9529800605374">
        <ele>40.676711490377784</ele>
        <time>1970-01-01T00:18:21.900000Z</time>
        <extensions>
          <gpxtpx:TrackPointExtension>
            <gpxtpx:hr>172</gpxtpx:hr>
          </gpxtpx:TrackPointExtension>
        </extensions>
      </trkpt>
      <trkpt lat="22.729527164129518" lon="113.95300305214799">
        <ele>40.68947180360556</ele>
        <time>1970-01-01T00:18:22.900000Z</time>
        <extensions>
          <gpxtpx:TrackPointExtension>
            <gpxtpx:hr>172</gpxtpx:hr>
          </gpxtpx:TrackPointExtension>
        </extensions>
      </trkpt>
      <trkpt lat="22.729538391556115" lon="113.95302626717218">
        <ele>40.70386159326881</ele>
        <time>1970-01-01T00:18:23.900000Z</time>
        <extensions>
          <gpxtpx:TrackPointExtension>
            <gpxtpx:hr>172</gpxtpx:hr>
          </gpxtpx:TrackPointExtension>
        </extensions>
      </trkpt>
      <trkpt lat="22.729550530815356" lon="113.95305006120891">
        <ele>40.719698392786086</ele>
        <time>1970-01-01T00:18:24.900000Z</time>
        <extensions>
          <gpxtpx:TrackPointExtension>
            <gpxtpx:hr>172</gpxtpx:hr>
          </gpxtpx:TrackPointExtension>
        </extensions>
      </trkpt>
      <trkpt lat="22.729562974514852" lon="113.95307403750851">
        <ele>40.74163337145001</ele>
        <time>1970-01-01T00:18:25.900000Z</time>
        <extensions>
          <gpxtpx:TrackPointExtension>
            <gpxtpx:hr>172</gpxtpx:hr>
          </gpxtpx:TrackPointExtension>
        </extensions>
      </trkpt>
      <trkpt lat="22.72957566248549" lon="113.95309822327255">
        <ele>40.77256209217012</ele>
        <time>1970-01-01T00:18:26.900000Z</time>
        <extensions>
          <gpxtpx:TrackPointExtension>
            <gpxtpx:hr>172</gpxtpx:hr>
          </gpxtpx:TrackPointExtension>
        </extensions>
      </trkpt>
      <trkpt lat="22.729588140513762" lon="113.95312222807172">
        <ele>40.8047246998176</ele>
        <time>1970-01-01T00:18:27.900000Z</time>
        <extensions>
          <gpxtpx:TrackPointExtension>
            <gpxtpx:hr>172</gpxtpx:hr>
          </gpxtpx:TrackPointExtension>
        </extensions>
      </trkpt>
      <trkpt lat="22.72960038737568" lon="113.95314624530684">
        <ele>40.83606430143118</ele>
        <time>1970-01-01T00:18:28.900000Z</time>
        <extensions>
          <gpxtpx:TrackPointExtension>
            <gpxtpx:hr>173</gpxtpx:hr>
          </gpxtpx:TrackPointExtension>
        </extensions>
      </trkpt>
      <trkpt lat="22.729612308991175" lon="113.95316996777487">
        <ele>40.86518439743668</ele>
        <time>1970-01-01T00:18:29.900000Z</time>
        <extensions>
          <gpxtpx:TrackPointExtension>
            <gpxtpx:hr>173</gpxtpx:hr>
          </gpxtpx:TrackPointExtension>
        </extensions>
      </trkpt>
      <trkpt lat="22.729623805337855" lon="113.95319316932559">
        <ele>40.89082449674606</ele>
        <time>1970-01-01T00:18:30.900000Z</time>
        <extensions>
          <gpxtpx:TrackPointExtension>
            <gpxtpx:hr>173</gpxtpx:hr>
          </gpxtpx:TrackPointExtension>
        </extensions>
      </trkpt>
      <trkpt lat="22.72963529605421" lon="113.95321629282977">
        <ele>40.91113823000342</ele>
        <time>1970-01-01T00:18:31.900000Z</time>
        <extensions>
          <gpxtpx:TrackPointExtension>
            <gpxtpx:hr>174</gpxtpx:hr>
          </gpxtpx:TrackPointExtension>
        </extensions>
      </trkpt>
      <trkpt lat="22.72964751192596" lon="113.95323972468748">
        <ele>40.92290529143065</ele>
        <time>1970-01-01T00:18:32.900000Z</time>
        <extensions>
          <gpxtpx:TrackPointExtension>
            <gpxtpx:hr>174</gpxtpx:hr>
          </gpxtpx:TrackPointExtension>
        </extensions>
      </trkpt>
      <trkpt lat="22.729660984818146" lon="113.95326328566219">
        <ele>40.92024807445705</ele>
        <time>1970-01-01T00:18:33.900000Z</time>
        <extensions>
          <gpxtpx:TrackPointExtension>
            <gpxtpx:hr>174</gpxtpx:hr>
          </gpxtpx:TrackPointExtension>
        </extensions>
      </trkpt>
      <trkpt lat="22.729675821289984" lon="113.95328631034317">
        <ele>40.894376556389034</ele>
        <time>1970-01-01T00:18:34.900000Z</time>
        <extensions>
          <gpxtpx:TrackPointExtension>
            <gpxtpx:hr>174</gpxtpx:hr>
          </gpxtpx:TrackPointExtension>
        </extensions>
      </trkpt>
      <trkpt lat="22.72968541971472" lon="113.95330015857712">
        <ele>40.871503309346735</ele>
        <time>1970-01-01T00:18:35.600000Z</time>
        <extensions>
          <gpxtpx:TrackPointExtension>
            <gpxtpx:hr>176</gpxtpx:hr>
          </gpxtpx:TrackPointExtension>
        </extensions>
      </trkpt>
      <trkpt lat="22.729691383807342" lon="113.95330862830544">
        <ele>40.85759336035699</ele>
        <time>1970-01-01T00:18:35.900000Z</time>
        <extensions>
          <gpxtpx:TrackPointExtension>
            <gpxtpx:hr>176</gpxtpx:hr>
          </gpxtpx:TrackPointExtension>
        </extensions>
      </trkpt>
      <trkpt lat="22.729706532411143" lon="113.95333048533034">
        <ele>40.82676735986024</ele>
        <time>1970-01-01T00:18:36.900000Z</time>
        <extensions>
          <gpxtpx:TrackPointExtension>
            <gpxtpx:hr>176</gpxtpx:hr>
          </gpxtpx:TrackPointExtension>
        </extensions>
      </trkpt>
      <trkpt lat="22.729720993731434" lon="113.95335228778877">
        <ele>40.81791064888239</ele>
        <time>1970-01-01T00:18:37.900000Z</time>
        <extensions>
          <gpxtpx:TrackPointExtension>
            <gpxtpx:hr>176</gpxtpx:hr>
          </gpxtpx:TrackPointExtension>
        </extensions>
      </trkpt>
      <trkpt lat="22.729734586215532" lon="113.95337408713422">
        <ele>40.82251154631376</ele>
        <time>1970-01-01T00:18:38.900000Z</time>
        <extensions>
          <gpxtpx:TrackPointExtension>
            <gpxtpx:hr>176</gpxtpx:hr>
          </gpxtpx:TrackPointExtension>
        </extensions>
      </trkpt>
      <trkpt lat="22.729747785913126" lon="113.95339564670093">
        <ele>40.83440628927201</ele>
        <time>1970-01-01T00:18:39.900000Z</time>
        <extensions>
          <gpxtpx:TrackPointExtension>
            <gpxtpx:hr>176</gpxtpx:hr>
          </gpxtpx:TrackPointExtension>
        </extensions>
      </trkpt>
      <trkpt lat="22.72976091488936" lon="113.95341649374022">
        <ele>40.84915137011558</ele>
        <time>1970-01-01T00:18:40.900000Z</time>
        <extensions>
          <gpxtpx:TrackPointExtension>
            <gpxtpx:hr>176</gpxtpx:hr>
          </gpxtpx:TrackPointExtension>
        </extensions>
      </trkpt>
      <trkpt lat="22.729774009695664" lon="113.9534367240606">
        <ele>40.86404148489237</ele>
        <time>1970-01-01T00:18:41.900000Z</time>
        <extensions>
          <gpxtpx:TrackPointExtension>
            <gpxtpx:hr>175</gpxtpx:hr>
          </gpxtpx:TrackPointExtension>
        </extensions>
      </trkpt>
      <trkpt lat="22.729787053772963" lon="113.95345674538851">
        <ele>40.87818149570376</ele>
        <time>1970-01-01T00:18:42.900000Z</time>
        <extensions>
          <gpxtpx:TrackPointExtension>
            <gpxtpx:hr>175</gpxtpx:hr>
          </gpxtpx:TrackPointExtension>
        </extensions>
      </trkpt>
      <trkpt lat="22.729799783538613" lon="113.95347636192507">
        <ele>40.89172349777073</ele>
        <time>1970-01-01T00:18:43.900000Z</time>
        <extensions>
          <gpxtpx:TrackPointExtension>
            <gpxtpx:hr>175</gpxtpx:hr>
          </gpxtpx:TrackPointExtension>
        </extensions>
      </trkpt>
      <trkpt lat="22.729812414750615" lon="113.95349546257457">
        <ele>40.90510597359389</ele>
        <time>1970-01-01T00:18:44.900000Z</time>
        <extensions>
          <gpxtpx:TrackPointExtension>
            <gpxtpx:hr>175</gpxtpx:hr>
          </gpxtpx:TrackPointExtension>
        </extensions>
      </trkpt>
      <trkpt lat="22.729825393527364" lon="113.95351361320485">
        <ele>40.918587908148766</ele>
        <time>1970-01-01T00:18:45.900000Z</time>
        <extensions>
          <gpxtpx:TrackPointExtension>
            <gpxtpx:hr>175</gpxtpx:hr>
          </gpxtpx:TrackPointExtension>
        </extensions>
      </trkpt>
      <trkpt lat="22.72983866917804" lon="113.95353031925536">
        <ele>40.93202015198767</ele>
        <time>1970-01-01T00:18:46.900000Z</time>
        <extensions>
          <gpxtpx:TrackPointExtension>
            <gpxtpx:hr>172</gpxtpx:hr>
          </gpxtpx:TrackPointExtension>
        </extensions>
      </trkpt>
      <trkpt lat="22.729851721488846" lon="113.95354596459534">
        <ele>40.9450965160504</ele>
        <time>1970-01-01T00:18:47.900000Z</time>
        <extensions>
          <gpxtpx:TrackPointExtension>
            <gpxtpx:hr>172</gpxtpx:hr>
          </gpxtpx:TrackPointExtension>
        </extensions>
      </trkpt>
      <trkpt lat="22.729863992044365" lon="113.95356130211238">
        <ele>40.95763645041734</ele>
        <time>1970-01-01T00:18:48.900000Z</time>
        <extensions>
          <gpxtpx:TrackPointExtension>
            <gpxtpx:hr>172</gpxtpx:hr>
          </gpxtpx:TrackPointExtension>
        </extensions>
      </trkpt>
      <trkpt lat="22.729874921089866" lon="113.95357680464087">
        <ele>40.97001043614</ele>
        <time>1970-01-01T00:18:49.900000Z</time>
        <extensions>
          <gpxtpx:TrackPointExtension>
            <gpxtpx:hr>172</gpxtpx:hr>
          </gpxtpx:TrackPointExtension>
        </extensions>
      </trkpt>
      <trkpt lat="22.729884209912818" lon="113.95359305167958">
        <ele>40.98263134714216</ele>
        <time>1970-01-01T00:18:50.900000Z</time>
        <extensions>
          <gpxtpx:TrackPointExtension>
            <gpxtpx:hr>172</gpxtpx:hr>
          </gpxtpx:TrackPointExtension>
        </extensions>
      </trkpt>
      <trkpt lat="22.729892451720197" lon="113.95361059579015">
        <ele>40.99601632729173</ele>
        <time>1970-01-01T00:18:51.900000Z</time>
        <extensions>
          <gpxtpx:TrackPointExtension>
            <gpxtpx:hr>172</gpxtpx:hr>
          </gpxtpx:TrackPointExtension>
        </extensions>
      </trkpt>
      <trkpt lat="22.72990044283652" lon="113.95362950502836">
        <ele>41.01050544157624</ele>
        <time>1970-01-01T00:18:52.900000Z</time>
        <extensions>
          <gpxtpx:TrackPointExtension>
            <gpxtpx:hr>169</gpxtpx:hr>
          </gpxtpx:TrackPointExtension>
        </extensions>
      </trkpt>
      <trkpt lat="22.729908149664443" lon="113.95364940772969">
        <ele>41.026179902255535</ele>
        <time>1970-01-01T00:18:53.900000Z</time>
        <extensions>
          <gpxtpx:TrackPointExtension>
            <gpxtpx:hr>169</gpxtpx:hr>
          </gpxtpx:TrackPointExtension>
        </extensions>
      </trkpt>
      <trkpt lat="22.72991518231782" lon="113.95367009968707">
        <ele>41.04299235064536</ele>
        <time>1970-01-01T00:18:54.900000Z</time>
        <extensions>
          <gpxtpx:TrackPointExtension>
            <gpxtpx:hr>169</gpxtpx:hr>
          </gpxtpx:TrackPointExtension>
        </extensions>
      </trkpt>
      <trkpt lat="22.729921301709567" lon="113.95369155491329">
        <ele>41.06039809435606</ele>
        <time>1970-01-01T00:18:55.900000Z</time>
        <extensions>
          <gpxtpx:TrackPointExtension>
            <gpxtpx:hr>169</gpxtpx:hr>
          </gpxtpx:TrackPointExtension>
        </extensions>
      </trkpt>
      <trkpt lat="22.729926572279684" lon="113.95371328138869">
        <ele>41.07753470726311</ele>
        <time>1970-01-01T00:18:56.900000Z</time>
        <extensions>
          <gpxtpx:TrackPointExtension>
            <gpxtpx:hr>169</gpxtpx:hr>
          </gpxtpx:TrackPointExtension>
        </extensions>
      </trkpt>
      <trkpt lat="22.729932103844426" lon="113.95373516485007">
        <ele>41.09334174450487</ele>
        <time>1970-01-01T00:18:57.900000Z</time>
        <extensions>
          <gpxtpx:TrackPointExtension>
            <gpxtpx:hr>169</gpxtpx:hr>
          </gpxtpx:TrackPointExtension>
        </extensions>
      </trkpt>
      <trkpt lat="22.7299391898907" lon="113.95375703016288">
        <ele>41.10683914087713</ele>
        <time>1970-01-01T00:18:58.900000Z</time>
        <extensions>
          <gpxtpx:TrackPointExtension>
            <gpxtpx:hr>166</gpxtpx:hr>
          </gpxtpx:TrackPointExtension>
        </extensions>
      </trkpt>
      <trkpt lat="22.729948522924555" lon="113.95377867368164">
        <ele>41.11726331431419</ele>
        <time>1970-01-01T00:18:59.900000Z</time>
        <extensions>
          <gpxtpx:TrackPointExtension>
            <gpxtpx:hr>166</gpxtpx:hr>
          </gpxtpx:TrackPointExtension>
        </extensions>
      </trkpt>
      <trkpt lat="22.729960272752113" lon="113.95380036141036">
        <ele>41.12463978398591</ele>
        <time>1970-01-01T00:19:00.900000Z</time>
        <extensions>
          <gpxtpx:TrackPointExtension>
            <gpxtpx:hr>166</gpxtpx:hr>
          </gpxtpx:TrackPointExtension>
        </extensions>
      </trkpt>
      <trkpt lat="22.72997362647932" lon="113.95382216932667">
        <ele>41.1294386619702</ele>
        <time>1970-01-01T00:19:01.900000Z</time>
        <extensions>
          <gpxtpx:TrackPointExtension>
            <gpxtpx:hr>166</gpxtpx:hr>
          </gpxtpx:TrackPointExtension>
        </extensions>
      </trkpt>
      <trkpt lat="22.729987297385566" lon="113.95384363296378">
        <ele>41.132244867272675</ele>
        <time>1970-01-01T00:19:02.900000Z</time>
        <extensions>
          <gpxtpx:TrackPointExtension>
            <gpxtpx:hr>166</gpxtpx:hr>
          </gpxtpx:TrackPointExtension>
        </extensions>
      </trkpt>
      <trkpt lat="22.730000226972827" lon="113.95386469520243">
        <ele>41.13359333202243</ele>
        <time>1970-01-01T00:19:03.900000Z</time>
        <extensions>
          <gpxtpx:TrackPointExtension>
            <gpxtpx:hr>166</gpxtpx:hr>
          </gpxtpx:TrackPointExtension>
        </extensions>
      </trkpt>
      <trkpt lat="22.73001211605318" lon="113.95388556703271">
        <ele>41.13431607093662</ele>
        <time>1970-01-01T00:19:04.900000Z</time>
        <extensions>
          <gpxtpx:TrackPointExtension>
            <gpxtpx:hr>166</gpxtpx:hr>
          </gpxtpx:TrackPointExtension>
        </extensions>
      </trkpt>
      <trkpt lat="22.73002336654304" lon="113.95390712066471">
        <ele>41.1352964034304</ele>
        <time>1970-01-01T00:19:05.900000Z</time>
        <extensions>
          <gpxtpx:TrackPointExtension>
            <gpxtpx:hr>166</gpxtpx:hr>
          </gpxtpx:TrackPointExtension>
        </extensions>
      </trkpt>
      <trkpt lat="22.73003384580282" lon="113.95392953579078">
        <ele>41.137336015701294</ele>
        <time>1970-01-01T00:19:06.900000Z</time>
        <extensions>
          <gpxtpx:TrackPointExtension>
            <gpxtpx:hr>166</gpxtpx:hr>
          </gpxtpx:TrackPointExtension>
        </extensions>
      </trkpt>
      <trkpt lat="22.730043986349386" lon="113.9539525132367">
        <ele>41.14091701991856</ele>
        <time>1970-01-01T00:19:07.900000Z</time>
        <extensions>
          <gpxtpx:TrackPointExtension>
            <gpxtpx:hr>166</gpxtpx:hr>
          </gpxtpx:TrackPointExtension>
        </extensions>
      </trkpt>
      <trkpt lat="22.730054331144427" lon="113.95397566951726">
        <ele>41.14631045144051</ele>
        <time>1970-01-01T00:19:08.900000Z</time>
        <extensions>
          <gpxtpx:TrackPointExtension>
            <gpxtpx:hr>166</gpxtpx:hr>
          </gpxtpx:TrackPointExtension>
        </extensions>
      </trkpt>
      <trkpt lat="22.730064678310463" lon="113.95399833512877">
        <ele>41.15329821407795</ele>
        <time>1970-01-01T00:19:09.900000Z</time>
        <extensions>
          <gpxtpx:TrackPointExtension>
            <gpxtpx:hr>166</gpxtpx:hr>
          </gpxtpx:TrackPointExtension>
        </extensions>
      </trkpt>
      <trkpt lat="22.73007512098257" lon="113.95402046556869">
        <ele>41.16123255901039</ele>
        <time>1970-01-01T00:19:10.900000Z</time>
        <extensions>
          <gpxtpx:TrackPointExtension>
            <gpxtpx:hr>166</gpxtpx:hr>
          </gpxtpx:TrackPointExtension>
        </extensions>
      </trkpt>
      <trkpt lat="22.730086015500227" lon="113.95404265104838">
        <ele>41.169334278441966</ele>
        <time>1970-01-01T00:19:11.900000Z</time>
        <extensions>
          <gpxtpx:TrackPointExtension>
            <gpxtpx:hr>166</gpxtpx:hr>
          </gpxtpx:TrackPointExtension>
        </extensions>
      </trkpt>
      <trkpt lat="22.730097255301274" lon="113.95406499508951">
        <ele>41.17704689968377</ele>
        <time>1970-01-01T00:19:12.900000Z</time>
        <extensions>
          <gpxtpx:TrackPointExtension>
            <gpxtpx:hr>166</gpxtpx:hr>
          </gpxtpx:TrackPointExtension>
        </extensions>
      </trkpt>
      <trkpt lat="22.730108828939855" lon="113.95408712938675">
        <ele>41.18409646023065</ele>
        <time>1970-01-01T00:19:13.900000Z</time>
        <extensions>
          <gpxtpx:TrackPointExtension>
            <gpxtpx:hr>166</gpxtpx:hr>
          </gpxtpx:TrackPointExtension>
        </extensions>
      </trkpt>
      <trkpt lat="22.730120814850906" lon="113.95410824843874">
        <ele>41.19060476589948</ele>
        <time>1970-01-01T00:19:14.900000Z</time>
        <extensions>
          <gpxtpx:TrackPointExtension>
            <gpxtpx:hr>167</gpxtpx:hr>
          </gpxtpx:TrackPointExtension>
        </extensions>
      </trkpt>
      <trkpt lat="22.73013335234409" lon="113.95412822962163">
        <ele>41.19711264409125</ele>
        <time>1970-01-01T00:19:15.900000Z</time>
        <extensions>
          <gpxtpx:TrackPointExtension>
            <gpxtpx:hr>167</gpxtpx:hr>
          </gpxtpx:TrackPointExtension>
        </extensions>
      </trkpt>
      <trkpt lat="22.73014623399944" lon="113.95414767561056">
        <ele>41.20430500339717</ele>
        <time>1970-01-01T00:19:16.900000Z</time>
        <extensions>
          <gpxtpx:TrackPointExtension>
            <gpxtpx:hr>167</gpxtpx:hr>
          </gpxtpx:TrackPointExtension>
        </extensions>
      </trkpt>
      <trkpt lat="22.730159474491245" lon="113.95416715064772">
        <ele>41.2126539926976</ele>
        <time>1970-01-01T00:19:17.900000Z</time>
        <extensions>
          <gpxtpx:TrackPointExtension>
            <gpxtpx:hr>167</gpxtpx:hr>
          </gpxtpx:TrackPointExtension>
        </extensions>
      </trkpt>
      <trkpt lat="22.730173252546923" lon="113.95418676790474">
        <ele>41.222159545868635</ele>
        <time>1970-01-01T00:19:18.900000Z</time>
        <extensions>
          <gpxtpx:TrackPointExtension>
            <gpxtpx:hr>167</gpxtpx:hr>
          </gpxtpx:TrackPointExtension>
        </extensions>
      </trkpt>
      <trkpt lat="22.730187433544895" lon="113.95420650274842">
        <ele>41.23248286731541</ele>
        <time>1970-01-01T00:19:19.900000Z</time>
        <extensions>
          <gpxtpx:TrackPointExtension>
            <gpxtpx:hr>167</gpxtpx:hr>
          </gpxtpx:TrackPointExtension>
        </extensions>
      </trkpt>
      <trkpt lat="22.730201738941137" lon="113.95422606010331">
        <ele>41.243276704102755</ele>
        <time>1970-01-01T00:19:20.900000Z</time>
        <extensions>
          <gpxtpx:TrackPointExtension>
            <gpxtpx:hr>167</gpxtpx:hr>
          </gpxtpx:TrackPointExtension>
        </extensions>
      </trkpt>
      <trkpt lat="22.730215981042043" lon="113.95424535021047">
        <ele>41.25434663053602</ele>
        <time>1970-01-01T00:19:21.900000Z</time>
        <extensions>
          <gpxtpx:TrackPointExtension>
            <gpxtpx:hr>167</gpxtpx:hr>
          </gpxtpx:TrackPointExtension>
        </extensions>
      </trkpt>
      <trkpt lat="22.730229652356787" lon="113.95426476211162">
        <ele>41.26574244070798</ele>
        <time>1970-01-01T00:19:22.900000Z</time>
        <extensions>
          <gpxtpx:TrackPointExtension>
            <gpxtpx:hr>167</gpxtpx:hr>
          </gpxtpx:TrackPointExtension>
        </extensions>
      </trkpt>
      <trkpt lat="22.73024210062862" lon="113.95428491626862">
        <ele>41.277500888332725</ele>
        <time>1970-01-01T00:19:23.900000Z</time>
        <extensions>
          <gpxtpx:TrackPointExtension>
            <gpxtpx:hr>167</gpxtpx:hr>
          </gpxtpx:TrackPointExtension>
        </extensions>
      </trkpt>
      <trkpt lat="22.73025319224304" lon="113.95430594474645">
        <ele>41.28979012928903</ele>
        <time>1970-01-01T00:19:24.900000Z</time>
        <extensions>
          <gpxtpx:TrackPointExtension>
            <gpxtpx:hr>167</gpxtpx:hr>
          </gpxtpx:TrackPointExtension>
        </extensions>
      </trkpt>
      <trkpt lat="22.730262816759147" lon="113.9543269853256">
        <ele>41.30269108526409</ele>
        <time>1970-01-01T00:19:25.900000Z</time>
        <extensions>
          <gpxtpx:TrackPointExtension>
            <gpxtpx:hr>167</gpxtpx:hr>
          </gpxtpx:TrackPointExtension>
        </extensions>
      </trkpt>
      <trkpt lat="22.73027101102603" lon="113.95434763417222">
        <ele>41.3160996157676</ele>
        <time>1970-01-01T00:19:26.900000Z</time>
        <extensions>
          <gpxtpx:TrackPointExtension>
            <gpxtpx:hr>166</gpxtpx:hr>
          </gpxtpx:TrackPointExtension>
        </extensions>
      </trkpt>
      <trkpt lat="22.730278048953537" lon="113.95436846378128">
        <ele>41.3297984842211</ele>
        <time>1970-01-01T00:19:27.900000Z</time>
        <extensions>
          <gpxtpx:TrackPointExtension>
            <gpxtpx:hr>166</gpxtpx:hr>
          </gpxtpx:TrackPointExtension>
        </extensions>
      </trkpt>
      <trkpt lat="22.730283880144338" lon="113.95438993872521">
        <ele>41.343703472055495</ele>
        <time>1970-01-01T00:19:28.900000Z</time>
        <extensions>
          <gpxtpx:TrackPointExtension>
            <gpxtpx:hr>166</gpxtpx:hr>
          </gpxtpx:TrackPointExtension>
        </extensions>
      </trkpt>
      <trkpt lat="22.730288310389426" lon="113.95441203369363">
        <ele>41.357677264139056</ele>
        <time>1970-01-01T00:19:29.900000Z</time>
        <extensions>
          <gpxtpx:TrackPointExtension>
            <gpxtpx:hr>166</gpxtpx:hr>
          </gpxtpx:TrackPointExtension>
        </extensions>
      </trkpt>
      <trkpt lat="22.730292093475793" lon="113.9544338391446">
        <ele>41.37130201887339</ele>
        <time>1970-01-01T00:19:30.900000Z</time>
        <extensions>
          <gpxtpx:TrackPointExtension>
            <gpxtpx:hr>166</gpxtpx:hr>
          </gpxtpx:TrackPointExtension>
        </extensions>
      </trkpt>
      <trkpt lat="22.730295512423485" lon="113.95445476361459">
        <ele>41.3836979502812</ele>
        <time>1970-01-01T00:19:31.900000Z</time>
        <extensions>
          <gpxtpx:TrackPointExtension>
            <gpxtpx:hr>166</gpxtpx:hr>
          </gpxtpx:TrackPointExtension>
        </extensions>
      </trkpt>
      <trkpt lat="22.73029897091576" lon="113.95447564635876">
        <ele>41.39386565703899</ele>
        <time>1970-01-01T00:19:32.900000Z</time>
        <extensions>
          <gpxtpx:TrackPointExtension>
            <gpxtpx:hr>165</gpxtpx:hr>
          </gpxtpx:TrackPointExtension>
        </extensions>
      </trkpt>
      <trkpt lat="22.730303189835343" lon="113.95449610220383">
        <ele>41.40127752162516</ele>
        <time>1970-01-01T00:19:33.900000Z</time>
        <extensions>
          <gpxtpx:TrackPointExtension>
            <gpxtpx:hr>165</gpxtpx:hr>
          </gpxtpx:TrackPointExtension>
        </extensions>
      </trkpt>
      <trkpt lat="22.73030901614049" lon="113.95451580595586">
        <ele>41.405723999254405</ele>
        <time>1970-01-01T00:19:34.900000Z</time>
        <extensions>
          <gpxtpx:TrackPointExtension>
            <gpxtpx:hr>165</gpxtpx:hr>
          </gpxtpx:TrackPointExtension>
        </extensions>
      </trkpt>
      <trkpt lat="22.7303170785565" lon="113.95453541765016">
        <ele>41.40726796723902</ele>
        <time>1970-01-01T00:19:35.900000Z</time>
        <extensions>
          <gpxtpx:TrackPointExtension>
            <gpxtpx:hr>165</gpxtpx:hr>
          </gpxtpx:TrackPointExtension>
        </extensions>
      </trkpt>
      <trkpt lat="22.730326307460423" lon="113.95455517701973">
        <ele>41.40628566686064</ele>
        <time>1970-01-01T00:19:36.900000Z</time>
        <extensions>
          <gpxtpx:TrackPointExtension>
            <gpxtpx:hr>165</gpxtpx:hr>
          </gpxtpx:TrackPointExtension>
        </extensions>
      </trkpt>
      <trkpt lat="22.730335059127736" lon="113.95457553195824">
        <ele>41.403259419836104</ele>
        <time>1970-01-01T00:19:37.900000Z</time>
        <extensions>
          <gpxtpx:TrackPointExtension>
            <gpxtpx:hr>165</gpxtpx:hr>
          </gpxtpx:TrackPointExtension>
        </extensions>
      </trkpt>
      <trkpt lat="22.730343171717546" lon="113.95459811874002">
        <ele>41.39849605038762</ele>
        <time>1970-01-01T00:19:38.900000Z</time>
        <extensions>
          <gpxtpx:TrackPointExtension>
            <gpxtpx:hr>165</gpxtpx:hr>
          </gpxtpx:TrackPointExtension>
        </extensions>
      </trkpt>
      <trkpt lat="22.730351325200864" lon="113.95462299300945">
        <ele>41.39227634295821</ele>
        <time>1970-01-01T00:19:39.900000Z</time>
        <extensions>
          <gpxtpx:TrackPointExtension>
            <gpxtpx:hr>165</gpxtpx:hr>
          </gpxtpx:TrackPointExtension>
        </extensions>
      </trkpt>
      <trkpt lat="22.730360574289953" lon="113.95464781309484">
        <ele>41.385051348246634</ele>
        <time>1970-01-01T00:19:40.900000Z</time>
        <extensions>
          <gpxtpx:TrackPointExtension>
            <gpxtpx:hr>165</gpxtpx:hr>
          </gpxtpx:TrackPointExtension>
        </extensions>
      </trkpt>
      <trkpt lat="22.730371822444674" lon="113.95467092254503">
        <ele>41.37819725833833</ele>
        <time>1970-01-01T00:19:41.900000Z</time>
        <extensions>
          <gpxtpx:TrackPointExtension>
            <gpxtpx:hr>165</gpxtpx:hr>
          </gpxtpx:TrackPointExtension>
        </extensions>
      </trkpt>
      <trkpt lat="22.730385030441017" lon="113.95469304282014">
        <ele>41.373226444236934</ele>
        <time>1970-01-01T00:19:42.900000Z</time>
        <extensions>
          <gpxtpx:TrackPointExtension>
            <gpxtpx:hr>165</gpxtpx:hr>
          </gpxtpx:TrackPointExtension>
        </extensions>
      </trkpt>
      <trkpt lat="22.730399741059266" lon="113.95471602965179">
        <ele>41.37116577476263</ele>
        <time>1970-01-01T00:19:43.900000Z</time>
        <extensions>
          <gpxtpx:TrackPointExtension>
            <gpxtpx:hr>165</gpxtpx:hr>
          </gpxtpx:TrackPointExtension>
        </extensions>
      </trkpt>
      <trkpt lat="22.7304142297175" lon="113.95473997594112">
        <ele>41.37256405502558</ele>
        <time>1970-01-01T00:19:44.900000Z</time>
        <extensions>
          <gpxtpx:TrackPointExtension>
            <gpxtpx:hr>165</gpxtpx:hr>
          </gpxtpx:TrackPointExtension>
        </extensions>
      </trkpt>
      <trkpt lat="22.730427298419784" lon="113.95476335555574">
        <ele>41.3777961069718</ele>
        <time>1970-01-01T00:19:45.900000Z</time>
        <extensions>
          <gpxtpx:TrackPointExtension>
            <gpxtpx:hr>163</gpxtpx:hr>
          </gpxtpx:TrackPointExtension>
        </extensions>
      </trkpt>
      <trkpt lat="22.73043901124332" lon="113.954785262604">
        <ele>41.38688791450113</ele>
        <time>1970-01-01T00:19:46.900000Z</time>
        <extensions>
          <gpxtpx:TrackPointExtension>
            <gpxtpx:hr>163</gpxtpx:hr>
          </gpxtpx:TrackPointExtension>
        </extensions>
      </trkpt>
      <trkpt lat="22.730449550866492" lon="113.95480567575427">
        <ele>41.39982258249074</ele>
        <time>1970-01-01T00:19:47.900000Z</time>
        <extensions>
          <gpxtpx:TrackPointExtension>
            <gpxtpx:hr>163</gpxtpx:hr>
          </gpxtpx:TrackPointExtension>
        </extensions>
      </trkpt>
      <trkpt lat="22.730459601775163" lon="113.95482518965986">
        <ele>41.41667501069605</ele>
        <time>1970-01-01T00:19:48.900000Z</time>
        <extensions>
          <gpxtpx:TrackPointExtension>
            <gpxtpx:hr>163</gpxtpx:hr>
          </gpxtpx:TrackPointExtension>
        </extensions>
      </trkpt>
      <trkpt lat="22.73046942851764" lon="113.95484428979849">
        <ele>41.43739958666265</ele>
        <time>1970-01-01T00:19:49.900000Z</time>
        <extensions>
          <gpxtpx:TrackPointExtension>
            <gpxtpx:hr>163</gpxtpx:hr>
          </gpxtpx:TrackPointExtension>
        </extensions>
      </trkpt>
      <trkpt lat="22.730478737464118" lon="113.9548636413895">
        <ele>41.461380175314844</ele>
        <time>1970-01-01T00:19:50.900000Z</time>
        <extensions>
          <gpxtpx:TrackPointExtension>
            <gpxtpx:hr>163</gpxtpx:hr>
          </gpxtpx:TrackPointExtension>
        </extensions>
      </trkpt>
      <trkpt lat="22.730487956894674" lon="113.95488448246917">
        <ele>41.487235533073545</ele>
        <time>1970-01-01T00:19:51.900000Z</time>
        <extensions>
          <gpxtpx:TrackPointExtension>
            <gpxtpx:hr>165</gpxtpx:hr>
          </gpxtpx:TrackPointExtension>
        </extensions>
      </trkpt>
      <trkpt lat="22.73049724563092" lon="113.95490701237657">
        <ele>41.513294636271894</ele>
        <time>1970-01-01T00:19:52.900000Z</time>
        <extensions>
          <gpxtpx:TrackPointExtension>
            <gpxtpx:hr>165</gpxtpx:hr>
          </gpxtpx:TrackPointExtension>
        </extensions>
      </trkpt>
      <trkpt lat="22.730506886235997" lon="113.9549306125005">
        <ele>41.5382415689528</ele>
        <time>1970-01-01T00:19:53.900000Z</time>
        <extensions>
          <gpxtpx:TrackPointExtension>
            <gpxtpx:hr>165</gpxtpx:hr>
          </gpxtpx:TrackPointExtension>
        </extensions>
      </trkpt>
      <trkpt lat="22.730517310654932" lon="113.95495526884505">
        <ele>41.561426708474755</ele>
        <time>1970-01-01T00:19:54.900000Z</time>
        <extensions>
          <gpxtpx:TrackPointExtension>
            <gpxtpx:hr>165</gpxtpx:hr>
          </gpxtpx:TrackPointExtension>
        </extensions>
      </trkpt>
      <trkpt lat="22.730528298661994" lon="113.95497967703122">
        <ele>41.582671022973955</ele>
        <time>1970-01-01T00:19:55.900000Z</time>
        <extensions>
          <gpxtpx:TrackPointExtension>
            <gpxtpx:hr>167</gpxtpx:hr>
          </gpxtpx:TrackPointExtension>
        </extensions>
      </trkpt>
      <trkpt lat="22.73053988968987" lon="113.95500197432891">
        <ele>41.602515414357185</ele>
        <time>1970-01-01T00:19:56.900000Z</time>
        <extensions>
          <gpxtpx:TrackPointExtension>
            <gpxtpx:hr>167</gpxtpx:hr>
          </gpxtpx:TrackPointExtension>
        </extensions>
      </trkpt>
      <trkpt lat="22.730551766430292" lon="113.95502268543248">
        <ele>41.62181610800326</ele>
        <time>1970-01-01T00:19:57.900000Z</time>
        <extensions>
          <gpxtpx:TrackPointExtension>
            <gpxtpx:hr>167</gpxtpx:hr>
          </gpxtpx:TrackPointExtension>
        </extensions>
      </trkpt>
      <trkpt lat="22.730563305681784" lon="113.95504400320536">
        <ele>41.641449126414955</ele>
        <time>1970-01-01T00:19:58.900000Z</time>
        <extensions>
          <gpxtpx:TrackPointExtension>
            <gpxtpx:hr>167</gpxtpx:hr>
          </gpxtpx:TrackPointExtension>
        </extensions>
      </trkpt>
      <trkpt lat="22.73057447172815" lon="113.95506683136104">
        <ele>41.66213054955006</ele>
        <time>1970-01-01T00:19:59.900000Z</time>
        <extensions>
          <gpxtpx:TrackPointExtension>
            <gpxtpx:hr>167</gpxtpx:hr>
          </gpxtpx:TrackPointExtension>
        </extensions>
      </trkpt>
      <trkpt lat="22.73058564347425" lon="113.95509015235538">
        <ele>41.684638392180204</ele>
        <time>1970-01-01T00:20:00.900000Z</time>
        <extensions>
          <gpxtpx:TrackPointExtension>
            <gpxtpx:hr>169</gpxtpx:hr>
          </gpxtpx:TrackPointExtension>
        </extensions>
      </trkpt>
      <trkpt lat="22.730597775992045" lon="113.95511344230326">
        <ele>41.709563235752285</ele>
        <time>1970-01-01T00:20:01.900000Z</time>
        <extensions>
          <gpxtpx:TrackPointExtension>
            <gpxtpx:hr>169</gpxtpx:hr>
          </gpxtpx:TrackPointExtension>
        </extensions>
      </trkpt>
      <trkpt lat="22.730611713030807" lon="113.95513677123375">
        <ele>41.73735680244863</ele>
        <time>1970-01-01T00:20:02.900000Z</time>
        <extensions>
          <gpxtpx:TrackPointExtension>
            <gpxtpx:hr>169</gpxtpx:hr>
          </gpxtpx:TrackPointExtension>
        </extensions>
      </trkpt>
      <trkpt lat="22.730627285312327" lon="113.95515960426123">
        <ele>41.76821739971638</ele>
        <time>1970-01-01T00:20:03.900000Z</time>
        <extensions>
          <gpxtpx:TrackPointExtension>
            <gpxtpx:hr>169</gpxtpx:hr>
          </gpxtpx:TrackPointExtension>
        </extensions>
      </trkpt>
      <trkpt lat="22.73064389114008" lon="113.95518166277807">
        <ele>41.80184169206768</ele>
        <time>1970-01-01T00:20:04.900000Z</time>
        <extensions>
          <gpxtpx:TrackPointExtension>
            <gpxtpx:hr>169</gpxtpx:hr>
          </gpxtpx:TrackPointExtension>
        </extensions>
      </trkpt>
      <trkpt lat="22.730660513875552" lon="113.95520320813053">
        <ele>41.837352205999196</ele>
        <time>1970-01-01T00:20:05.900000Z</time>
        <extensions>
          <gpxtpx:TrackPointExtension>
            <gpxtpx:hr>169</gpxtpx:hr>
          </gpxtpx:TrackPointExtension>
        </extensions>
      </trkpt>
      <trkpt lat="22.730676265430972" lon="113.9552244407703">
        <ele>41.873699649237096</ele>
        <time>1970-01-01T00:20:06.900000Z</time>
        <extensions>
          <gpxtpx:TrackPointExtension>
            <gpxtpx:hr>169</gpxtpx:hr>
          </gpxtpx:TrackPointExtension>
        </extensions>
      </trkpt>
      <trkpt lat="22.7306914163842" lon="113.95524566452849">
        <ele>41.909730293788016</ele>
        <time>1970-01-01T00:20:07.900000Z</time>
        <extensions>
          <gpxtpx:TrackPointExtension>
            <gpxtpx:hr>171</gpxtpx:hr>
          </gpxtpx:TrackPointExtension>
        </extensions>
      </trkpt>
      <trkpt lat="22.73070654475542" lon="113.95526644762714">
        <ele>41.944332716055214</ele>
        <time>1970-01-01T00:20:08.900000Z</time>
        <extensions>
          <gpxtpx:TrackPointExtension>
            <gpxtpx:hr>171</gpxtpx:hr>
          </gpxtpx:TrackPointExtension>
        </extensions>
      </trkpt>
      <trkpt lat="22.730721706266884" lon="113.95528661048252">
        <ele>41.97692988533527</ele>
        <time>1970-01-01T00:20:09.900000Z</time>
        <extensions>
          <gpxtpx:TrackPointExtension>
            <gpxtpx:hr>171</gpxtpx:hr>
          </gpxtpx:TrackPointExtension>
        </extensions>
      </trkpt>
      <trkpt lat="22.730735920809632" lon="113.95530654104407">
        <ele>42.00744728464633</ele>
        <time>1970-01-01T00:20:10.900000Z</time>
        <extensions>
          <gpxtpx:TrackPointExtension>
            <gpxtpx:hr>171</gpxtpx:hr>
          </gpxtpx:TrackPointExtension>
        </extensions>
      </trkpt>
      <trkpt lat="22.730748641651886" lon="113.95532744848052">
        <ele>42.036321490071714</ele>
        <time>1970-01-01T00:20:11.900000Z</time>
        <extensions>
          <gpxtpx:TrackPointExtension>
            <gpxtpx:hr>171</gpxtpx:hr>
          </gpxtpx:TrackPointExtension>
        </extensions>
      </trkpt>
      <trkpt lat="22.730760873267467" lon="113.95534975317989">
        <ele>42.06448340974748</ele>
        <time>1970-01-01T00:20:12.900000Z</time>
        <extensions>
          <gpxtpx:TrackPointExtension>
            <gpxtpx:hr>170</gpxtpx:hr>
          </gpxtpx:TrackPointExtension>
        </extensions>
      </trkpt>
      <trkpt lat="22.73077329452373" lon="113.95537225603871">
        <ele>42.093428302556276</ele>
        <time>1970-01-01T00:20:13.900000Z</time>
        <extensions>
          <gpxtpx:TrackPointExtension>
            <gpxtpx:hr>170</gpxtpx:hr>
          </gpxtpx:TrackPointExtension>
        </extensions>
      </trkpt>
      <trkpt lat="22.730785576158503" lon="113.95539410547943">
        <ele>42.12436561938375</ele>
        <time>1970-01-01T00:20:14.900000Z</time>
        <extensions>
          <gpxtpx:TrackPointExtension>
            <gpxtpx:hr>170</gpxtpx:hr>
          </gpxtpx:TrackPointExtension>
        </extensions>
      </trkpt>
      <trkpt lat="22.730797528469896" lon="113.95541510540757">
        <ele>42.15817866101861</ele>
        <time>1970-01-01T00:20:15.900000Z</time>
        <extensions>
          <gpxtpx:TrackPointExtension>
            <gpxtpx:hr>170</gpxtpx:hr>
          </gpxtpx:TrackPointExtension>
        </extensions>
      </trkpt>
      <trkpt lat="22.730809210170893" lon="113.95543509643028">
        <ele>42.195312230847776</ele>
        <time>1970-01-01T00:20:16.900000Z</time>
        <extensions>
          <gpxtpx:TrackPointExtension>
            <gpxtpx:hr>170</gpxtpx:hr>
          </gpxtpx:TrackPointExtension>
        </extensions>
      </trkpt>
      <trkpt lat="22.730821231691827" lon="113.95545372568338">
        <ele>42.235746891237795</ele>
        <time>1970-01-01T00:20:17.900000Z</time>
        <extensions>
          <gpxtpx:TrackPointExtension>
            <gpxtpx:hr>172</gpxtpx:hr>
          </gpxtpx:TrackPointExtension>
        </extensions>
      </trkpt>
      <trkpt lat="22.730834104105245" lon="113.95547139244503">
        <ele>42.27903444413096</ele>
        <time>1970-01-01T00:20:18.900000Z</time>
        <extensions>
          <gpxtpx:TrackPointExtension>
            <gpxtpx:hr>172</gpxtpx:hr>
          </gpxtpx:TrackPointExtension>
        </extensions>
      </trkpt>
      <trkpt lat="22.73084751015449" lon="113.95548875738326">
        <ele>42.32390207890421</ele>
        <time>1970-01-01T00:20:19.900000Z</time>
        <extensions>
          <gpxtpx:TrackPointExtension>
            <gpxtpx:hr>172</gpxtpx:hr>
          </gpxtpx:TrackPointExtension>
        </extensions>
      </trkpt>
      <trkpt lat="22.730860698474263" lon="113.95550665877057">
        <ele>42.368846755474806</ele>
        <time>1970-01-01T00:20:20.900000Z</time>
        <extensions>
          <gpxtpx:TrackPointExtension>
            <gpxtpx:hr>172</gpxtpx:hr>
          </gpxtpx:TrackPointExtension>
        </extensions>
      </trkpt>
      <trkpt lat="22.730872916566113" lon="113.95552594685608">
        <ele>42.41254110541195</ele>
        <time>1970-01-01T00:20:21.900000Z</time>
        <extensions>
          <gpxtpx:TrackPointExtension>
            <gpxtpx:hr>172</gpxtpx:hr>
          </gpxtpx:TrackPointExtension>
        </extensions>
      </trkpt>
      <trkpt lat="22.730883956290718" lon="113.95554612996392">
        <ele>42.45416541676968</ele>
        <time>1970-01-01T00:20:22.900000Z</time>
        <extensions>
          <gpxtpx:TrackPointExtension>
            <gpxtpx:hr>172</gpxtpx:hr>
          </gpxtpx:TrackPointExtension>
        </extensions>
      </trkpt>
      <trkpt lat="22.73089393437167" lon="113.95556589873688">
        <ele>42.493340889923275</ele>
        <time>1970-01-01T00:20:23.900000Z</time>
        <extensions>
          <gpxtpx:TrackPointExtension>
            <gpxtpx:hr>172</gpxtpx:hr>
          </gpxtpx:TrackPointExtension>
        </extensions>
      </trkpt>
      <trkpt lat="22.730903790542538" lon="113.95558558322506">
        <ele>42.53055889066309</ele>
        <time>1970-01-01T00:20:24.900000Z</time>
        <extensions>
          <gpxtpx:TrackPointExtension>
            <gpxtpx:hr>172</gpxtpx:hr>
          </gpxtpx:TrackPointExtension>
        </extensions>
      </trkpt>
      <trkpt lat="22.73091463213779" lon="113.95560549282605">
        <ele>42.566657221876085</ele>
        <time>1970-01-01T00:20:25.900000Z</time>
        <extensions>
          <gpxtpx:TrackPointExtension>
            <gpxtpx:hr>172</gpxtpx:hr>
          </gpxtpx:TrackPointExtension>
        </extensions>
      </trkpt>
      <trkpt lat="22.730926590663714" lon="113.95562561012291">
        <ele>42.602318122051656</ele>
        <time>1970-01-01T00:20:26.900000Z</time>
        <extensions>
          <gpxtpx:TrackPointExtension>
            <gpxtpx:hr>174</gpxtpx:hr>
          </gpxtpx:TrackPointExtension>
        </extensions>
      </trkpt>
      <trkpt lat="22.730939230550916" lon="113.95564621427555">
        <ele>42.63779042288661</ele>
        <time>1970-01-01T00:20:27.900000Z</time>
        <extensions>
          <gpxtpx:TrackPointExtension>
            <gpxtpx:hr>174</gpxtpx:hr>
          </gpxtpx:TrackPointExtension>
        </extensions>
      </trkpt>
      <trkpt lat="22.73095186351418" lon="113.95566720209305">
        <ele>42.67343692667782</ele>
        <time>1970-01-01T00:20:28.900000Z</time>
        <extensions>
          <gpxtpx:TrackPointExtension>
            <gpxtpx:hr>174</gpxtpx:hr>
          </gpxtpx:TrackPointExtension>
        </extensions>
      </trkpt>
      <trkpt lat="22.730964091396217" lon="113.95568854374044">
        <ele>42.70983138401061</ele>
        <time>1970-01-01T00:20:29.900000Z</time>
        <extensions>
          <gpxtpx:TrackPointExtension>
            <gpxtpx:hr>174</gpxtpx:hr>
          </gpxtpx:TrackPointExtension>
        </extensions>
      </trkpt>
      <trkpt lat="22.73097590631697" lon="113.95571014751683">
        <ele>42.74763472005725</ele>
        <time>1970-01-01T00:20:30.900000Z</time>
        <extensions>
          <gpxtpx:TrackPointExtension>
            <gpxtpx:hr>174</gpxtpx:hr>
          </gpxtpx:TrackPointExtension>
        </extensions>
      </trkpt>
      <trkpt lat="22.73098749098039" lon="113.95573209678">
        <ele>42.78728695679456</ele>
        <time>1970-01-01T00:20:31.900000Z</time>
        <extensions>
          <gpxtpx:TrackPointExtension>
            <gpxtpx:hr>174</gpxtpx:hr>
          </gpxtpx:TrackPointExtension>
        </extensions>
      </trkpt>
      <trkpt lat="22.73099910082404" lon="113.95575427963463">
        <ele>42.82877203822136</ele>
        <time>1970-01-01T00:20:32.900000Z</time>
        <extensions>
          <gpxtpx:TrackPointExtension>
            <gpxtpx:hr>174</gpxtpx:hr>
          </gpxtpx:TrackPointExtension>
        </extensions>
      </trkpt>
      <trkpt lat="22.73101097845654" lon="113.95577634646146">
        <ele>42.87151429988444</ele>
        <time>1970-01-01T00:20:33.900000Z</time>
        <extensions>
          <gpxtpx:TrackPointExtension>
            <gpxtpx:hr>175</gpxtpx:hr>
          </gpxtpx:TrackPointExtension>
        </extensions>
      </trkpt>
      <trkpt lat="22.731022906147007" lon="113.95579876285439">
        <ele>42.914538628421724</ele>
        <time>1970-01-01T00:20:34.900000Z</time>
        <extensions>
          <gpxtpx:TrackPointExtension>
            <gpxtpx:hr>175</gpxtpx:hr>
          </gpxtpx:TrackPointExtension>
        </extensions>
      </trkpt>
      <trkpt lat="22.731033891992872" lon="113.95582132022943">
        <ele>42.956734855659306</ele>
        <time>1970-01-01T00:20:35.900000Z</time>
        <extensions>
          <gpxtpx:TrackPointExtension>
            <gpxtpx:hr>175</gpxtpx:hr>
          </gpxtpx:TrackPointExtension>
        </extensions>
      </trkpt>
      <trkpt lat="22.731043639017354" lon="113.95584381804616">
        <ele>42.9972194833681</ele>
        <time>1970-01-01T00:20:36.900000Z</time>
        <extensions>
          <gpxtpx:TrackPointExtension>
            <gpxtpx:hr>175</gpxtpx:hr>
          </gpxtpx:TrackPointExtension>
        </extensions>
      </trkpt>
      <trkpt lat="22.73105252969261" lon="113.95586549306398">
        <ele>43.03554475866258</ele>
        <time>1970-01-01T00:20:37.900000Z</time>
        <extensions>
          <gpxtpx:TrackPointExtension>
            <gpxtpx:hr>175</gpxtpx:hr>
          </gpxtpx:TrackPointExtension>
        </extensions>
      </trkpt>
      <trkpt lat="22.731061142679394" lon="113.95588555497952">
        <ele>43.07152801938355</ele>
        <time>1970-01-01T00:20:38.900000Z</time>
        <extensions>
          <gpxtpx:TrackPointExtension>
            <gpxtpx:hr>175</gpxtpx:hr>
          </gpxtpx:TrackPointExtension>
        </extensions>
      </trkpt>
      <trkpt lat="22.731069888835222" lon="113.95590440119445">
        <ele>43.10553819220513</ele>
        <time>1970-01-01T00:20:39.900000Z</time>
        <extensions>
          <gpxtpx:TrackPointExtension>
            <gpxtpx:hr>175</gpxtpx:hr>
          </gpxtpx:TrackPointExtension>
        </extensions>
      </trkpt>
      <trkpt lat="22.731078977711828" lon="113.9559229723768">
        <ele>43.1384139880538</ele>
        <time>1970-01-01T00:20:40.900000Z</time>
        <extensions>
          <gpxtpx:TrackPointExtension>
            <gpxtpx:hr>175</gpxtpx:hr>
          </gpxtpx:TrackPointExtension>
        </extensions>
      </trkpt>
      <trkpt lat="22.731088513544027" lon="113.95594215757599">
        <ele>43.17136483360082</ele>
        <time>1970-01-01T00:20:41.900000Z</time>
        <extensions>
          <gpxtpx:TrackPointExtension>
            <gpxtpx:hr>172</gpxtpx:hr>
          </gpxtpx:TrackPointExtension>
        </extensions>
      </trkpt>
      <trkpt lat="22.731098580057537" lon="113.95596242554107">
        <ele>43.20517591293901</ele>
        <time>1970-01-01T00:20:42.900000Z</time>
        <extensions>
          <gpxtpx:TrackPointExtension>
            <gpxtpx:hr>172</gpxtpx:hr>
          </gpxtpx:TrackPointExtension>
        </extensions>
      </trkpt>
      <trkpt lat="22.7311092639493" lon="113.95598347384771">
        <ele>43.24066220410168</ele>
        <time>1970-01-01T00:20:43.900000Z</time>
        <extensions>
          <gpxtpx:TrackPointExtension>
            <gpxtpx:hr>172</gpxtpx:hr>
          </gpxtpx:TrackPointExtension>
        </extensions>
      </trkpt>
      <trkpt lat="22.731120660537854" lon="113.9560050683704">
        <ele>43.27842020057142</ele>
        <time>1970-01-01T00:20:44.900000Z</time>
        <extensions>
          <gpxtpx:TrackPointExtension>
            <gpxtpx:hr>172</gpxtpx:hr>
          </gpxtpx:TrackPointExtension>
        </extensions>
      </trkpt>
      <trkpt lat="22.731132456433947" lon="113.95602696016219">
        <ele>43.31871596723795</ele>
        <time>1970-01-01T00:20:45.900000Z</time>
        <extensions>
          <gpxtpx:TrackPointExtension>
            <gpxtpx:hr>172</gpxtpx:hr>
          </gpxtpx:TrackPointExtension>
        </extensions>
      </trkpt>
      <trkpt lat="22.731144192130277" lon="113.95604894627496">
        <ele>43.3613410172984</ele>
        <time>1970-01-01T00:20:46.900000Z</time>
        <extensions>
          <gpxtpx:TrackPointExtension>
            <gpxtpx:hr>172</gpxtpx:hr>
          </gpxtpx:TrackPointExtension>
        </extensions>
      </trkpt>
      <trkpt lat="22.731155469491224" lon="113.9560710449935">
        <ele>43.406271626241505</ele>
        <time>1970-01-01T00:20:47.900000Z</time>
        <extensions>
          <gpxtpx:TrackPointExtension>
            <gpxtpx:hr>173</gpxtpx:hr>
          </gpxtpx:TrackPointExtension>
        </extensions>
      </trkpt>
      <trkpt lat="22.73116633122349" lon="113.95609319201377">
        <ele>43.45305706746876</ele>
        <time>1970-01-01T00:20:48.900000Z</time>
        <extensions>
          <gpxtpx:TrackPointExtension>
            <gpxtpx:hr>173</gpxtpx:hr>
          </gpxtpx:TrackPointExtension>
        </extensions>
      </trkpt>
      <trkpt lat="22.7311769080727" lon="113.95611519961456">
        <ele>43.50066754594445</ele>
        <time>1970-01-01T00:20:49.900000Z</time>
        <extensions>
          <gpxtpx:TrackPointExtension>
            <gpxtpx:hr>173</gpxtpx:hr>
          </gpxtpx:TrackPointExtension>
        </extensions>
      </trkpt>
      <trkpt lat="22.731187264221486" lon="113.95613736282954">
        <ele>43.5476956712082</ele>
        <time>1970-01-01T00:20:50.900000Z</time>
        <extensions>
          <gpxtpx:TrackPointExtension>
            <gpxtpx:hr>173</gpxtpx:hr>
          </gpxtpx:TrackPointExtension>
        </extensions>
      </trkpt>
      <trkpt lat="22.731197132308566" lon="113.95615982556605">
        <ele>43.5932157933712</ele>
        <time>1970-01-01T00:20:51.900000Z</time>
        <extensions>
          <gpxtpx:TrackPointExtension>
            <gpxtpx:hr>174</gpxtpx:hr>
          </gpxtpx:TrackPointExtension>
        </extensions>
      </trkpt>
      <trkpt lat="22.731206626273067" lon="113.956182589125">
        <ele>43.63664203695953</ele>
        <time>1970-01-01T00:20:52.900000Z</time>
        <extensions>
          <gpxtpx:TrackPointExtension>
            <gpxtpx:hr>174</gpxtpx:hr>
          </gpxtpx:TrackPointExtension>
        </extensions>
      </trkpt>
      <trkpt lat="22.731216219283603" lon="113.95620530486195">
        <ele>43.6780700115487</ele>
        <time>1970-01-01T00:20:53.900000Z</time>
        <extensions>
          <gpxtpx:TrackPointExtension>
            <gpxtpx:hr>174</gpxtpx:hr>
          </gpxtpx:TrackPointExtension>
        </extensions>
      </trkpt>
      <trkpt lat="22.73122608610665" lon="113.95622759487286">
        <ele>43.71807219367474</ele>
        <time>1970-01-01T00:20:54.900000Z</time>
        <extensions>
          <gpxtpx:TrackPointExtension>
            <gpxtpx:hr>174</gpxtpx:hr>
          </gpxtpx:TrackPointExtension>
        </extensions>
      </trkpt>
      <trkpt lat="22.731235969619615" lon="113.95624887692465">
        <ele>43.76440428476781</ele>
        <time>1970-01-01T00:20:55.900000Z</time>
        <extensions>
          <gpxtpx:TrackPointExtension>
            <gpxtpx:hr>174</gpxtpx:hr>
          </gpxtpx:TrackPointExtension>
        </extensions>
      </trkpt>
      <trkpt lat="22.731245432752903" lon="113.956269910103">
        <ele>43.815218133851886</ele>
        <time>1970-01-01T00:20:56.900000Z</time>
        <extensions>
          <gpxtpx:TrackPointExtension>
            <gpxtpx:hr>175</gpxtpx:hr>
          </gpxtpx:TrackPointExtension>
        </extensions>
      </trkpt>
      <trkpt lat="22.73125415239953" lon="113.95629132891025">
        <ele>43.86508525907993</ele>
        <time>1970-01-01T00:20:57.900000Z</time>
        <extensions>
          <gpxtpx:TrackPointExtension>
            <gpxtpx:hr>175</gpxtpx:hr>
          </gpxtpx:TrackPointExtension>
        </extensions>
      </trkpt>
      <trkpt lat="22.731262156157598" lon="113.95631354474622">
        <ele>43.911865677684546</ele>
        <time>1970-01-01T00:20:58.900000Z</time>
        <extensions>
          <gpxtpx:TrackPointExtension>
            <gpxtpx:hr>175</gpxtpx:hr>
          </gpxtpx:TrackPointExtension>
        </extensions>
      </trkpt>
      <trkpt lat="22.73126973022741" lon="113.95633630805737">
        <ele>43.95389820821583</ele>
        <time>1970-01-01T00:20:59.900000Z</time>
        <extensions>
          <gpxtpx:TrackPointExtension>
            <gpxtpx:hr>175</gpxtpx:hr>
          </gpxtpx:TrackPointExtension>
        </extensions>
      </trkpt>
      <trkpt lat="22.731277184877307" lon="113.95635918742904">
        <ele>43.98943834006786</ele>
        <time>1970-01-01T00:21:00.900000Z</time>
        <extensions>
          <gpxtpx:TrackPointExtension>
            <gpxtpx:hr>175</gpxtpx:hr>
          </gpxtpx:TrackPointExtension>
        </extensions>
      </trkpt>
      <trkpt lat="22.731284616076795" lon="113.95638186614542">
        <ele>44.01644973922521</ele>
        <time>1970-01-01T00:21:01.900000Z</time>
        <extensions>
          <gpxtpx:TrackPointExtension>
            <gpxtpx:hr>176</gpxtpx:hr>
          </gpxtpx:TrackPointExtension>
        </extensions>
      </trkpt>
      <trkpt lat="22.7312922034942" lon="113.95640411621628">
        <ele>44.032015250995755</ele>
        <time>1970-01-01T00:21:02.900000Z</time>
        <extensions>
          <gpxtpx:TrackPointExtension>
            <gpxtpx:hr>176</gpxtpx:hr>
          </gpxtpx:TrackPointExtension>
        </extensions>
      </trkpt>
      <trkpt lat="22.731300335178464" lon="113.9564258801312">
        <ele>44.03165685757995</ele>
        <time>1970-01-01T00:21:03.900000Z</time>
        <extensions>
          <gpxtpx:TrackPointExtension>
            <gpxtpx:hr>176</gpxtpx:hr>
          </gpxtpx:TrackPointExtension>
        </extensions>
      </trkpt>
      <trkpt lat="22.73130872939331" lon="113.9564469814265">
        <ele>44.00847523100674</ele>
        <time>1970-01-01T00:21:04.900000Z</time>
        <extensions>
          <gpxtpx:TrackPointExtension>
            <gpxtpx:hr>176</gpxtpx:hr>
          </gpxtpx:TrackPointExtension>
        </extensions>
      </trkpt>
      <trkpt lat="22.731311881016516" lon="113.95645486305149">
        <ele>44.00077109225094</ele>
        <time>1970-01-01T00:21:05.300000Z</time>
        <extensions>
          <gpxtpx:TrackPointExtension>
            <gpxtpx:hr>176</gpxtpx:hr>
          </gpxtpx:TrackPointExtension>
        </extensions>
      </trkpt>
      <trkpt lat="22.73131695606504" lon="113.95646795331662">
        <ele>43.98443686310202</ele>
        <time>1970-01-01T00:21:05.900000Z</time>
        <extensions>
          <gpxtpx:TrackPointExtension>
            <gpxtpx:hr>176</gpxtpx:hr>
          </gpxtpx:TrackPointExtension>
        </extensions>
      </trkpt>
      <trkpt lat="22.731324373782165" lon="113.95648916801">
        <ele>43.976171675138175</ele>
        <time>1970-01-01T00:21:06.900000Z</time>
        <extensions>
          <gpxtpx:TrackPointExtension>
            <gpxtpx:hr>176</gpxtpx:hr>
          </gpxtpx:TrackPointExtension>
        </extensions>
      </trkpt>
      <trkpt lat="22.731330900561083" lon="113.95651052329714">
        <ele>43.99430975224823</ele>
        <time>1970-01-01T00:21:07.900000Z</time>
        <extensions>
          <gpxtpx:TrackPointExtension>
            <gpxtpx:hr>176</gpxtpx:hr>
          </gpxtpx:TrackPointExtension>
        </extensions>
      </trkpt>
      <trkpt lat="22.731337123526192" lon="113.95653204552004">
        <ele>44.02975416276604</ele>
        <time>1970-01-01T00:21:08.900000Z</time>
        <extensions>
          <gpxtpx:TrackPointExtension>
            <gpxtpx:hr>176</gpxtpx:hr>
          </gpxtpx:TrackPointExtension>
        </extensions>
      </trkpt>
      <trkpt lat="22.731343666576244" lon="113.95655402884873">
        <ele>44.075342615135014</ele>
        <time>1970-01-01T00:21:09.900000Z</time>
        <extensions>
          <gpxtpx:TrackPointExtension>
            <gpxtpx:hr>176</gpxtpx:hr>
          </gpxtpx:TrackPointExtension>
        </extensions>
      </trkpt>
      <trkpt lat="22.73135060264433" lon="113.95657601462659">
        <ele>44.12559241242707</ele>
        <time>1970-01-01T00:21:10.900000Z</time>
        <extensions>
          <gpxtpx:TrackPointExtension>
            <gpxtpx:hr>173</gpxtpx:hr>
          </gpxtpx:TrackPointExtension>
        </extensions>
      </trkpt>
      <trkpt lat="22.73135813073984" lon="113.95659722759302">
        <ele>44.17654814850539</ele>
        <time>1970-01-01T00:21:11.900000Z</time>
        <extensions>
          <gpxtpx:TrackPointExtension>
            <gpxtpx:hr>173</gpxtpx:hr>
          </gpxtpx:TrackPointExtension>
        </extensions>
      </trkpt>
      <trkpt lat="22.73136624688095" lon="113.95661782490845">
        <ele>44.2009926084429</ele>
        <time>1970-01-01T00:21:12.900000Z</time>
        <extensions>
          <gpxtpx:TrackPointExtension>
            <gpxtpx:hr>173</gpxtpx:hr>
          </gpxtpx:TrackPointExtension>
        </extensions>
      </trkpt>
      <trkpt lat="22.73137412553653" lon="113.95663831090589">
        <ele>44.225268482230604</ele>
        <time>1970-01-01T00:21:13.900000Z</time>
        <extensions>
          <gpxtpx:TrackPointExtension>
            <gpxtpx:hr>173</gpxtpx:hr>
          </gpxtpx:TrackPointExtension>
        </extensions>
      </trkpt>
      <trkpt lat="22.731381698865153" lon="113.95665912111379">
        <ele>44.244588230736554</ele>
        <time>1970-01-01T00:21:14.900000Z</time>
        <extensions>
          <gpxtpx:TrackPointExtension>
            <gpxtpx:hr>173</gpxtpx:hr>
          </gpxtpx:TrackPointExtension>
        </extensions>
      </trkpt>
      <trkpt lat="22.731389507053994" lon="113.95668000159074">
        <ele>44.25912098400295</ele>
        <time>1970-01-01T00:21:15.900000Z</time>
        <extensions>
          <gpxtpx:TrackPointExtension>
            <gpxtpx:hr>173</gpxtpx:hr>
          </gpxtpx:TrackPointExtension>
        </extensions>
      </trkpt>
      <trkpt lat="22.73139797342403" lon="113.95670042948423">
        <ele>44.270428113639355</ele>
        <time>1970-01-01T00:21:16.900000Z</time>
        <extensions>
          <gpxtpx:TrackPointExtension>
            <gpxtpx:hr>173</gpxtpx:hr>
          </gpxtpx:TrackPointExtension>
        </extensions>
      </trkpt>
      <trkpt lat="22.731407360432463" lon="113.9567204000356">
        <ele>44.281028896570206</ele>
        <time>1970-01-01T00:21:17.900000Z</time>
        <extensions>
          <gpxtpx:TrackPointExtension>
            <gpxtpx:hr>173</gpxtpx:hr>
          </gpxtpx:TrackPointExtension>
        </extensions>
      </trkpt>
      <trkpt lat="22.73141709272151" lon="113.95674030071262">
        <ele>44.294466390274465</ele>
        <time>1970-01-01T00:21:18.900000Z</time>
        <extensions>
          <gpxtpx:TrackPointExtension>
            <gpxtpx:hr>173</gpxtpx:hr>
          </gpxtpx:TrackPointExtension>
        </extensions>
      </trkpt>
      <trkpt lat="22.731426385442578" lon="113.95676080020613">
        <ele>44.316577666439116</ele>
        <time>1970-01-01T00:21:19.900000Z</time>
        <extensions>
          <gpxtpx:TrackPointExtension>
            <gpxtpx:hr>173</gpxtpx:hr>
          </gpxtpx:TrackPointExtension>
        </extensions>
      </trkpt>
      <trkpt lat="22.731435205187125" lon="113.95678207829684">
        <ele>44.356976525858045</ele>
        <time>1970-01-01T00:21:20.900000Z</time>
        <extensions>
          <gpxtpx:TrackPointExtension>
            <gpxtpx:hr>172</gpxtpx:hr>
          </gpxtpx:TrackPointExtension>
        </extensions>
      </trkpt>
      <trkpt lat="22.731443866805478" lon="113.9568038869022">
        <ele>44.43076586164534</ele>
        <time>1970-01-01T00:21:21.900000Z</time>
        <extensions>
          <gpxtpx:TrackPointExtension>
            <gpxtpx:hr>172</gpxtpx:hr>
          </gpxtpx:TrackPointExtension>
        </extensions>
      </trkpt>
      <trkpt lat="22.731469635091408" lon="113.95686930730457">
        <ele>44.714982773177326</ele>
        <time>1970-01-01T00:21:24.900000Z</time>
        <extensions>
          <gpxtpx:TrackPointExtension>
            <gpxtpx:hr>172</gpxtpx:hr>
          </gpxtpx:TrackPointExtension>
        </extensions>
      </trkpt>
      <trkpt lat="22.731478113220764" lon="113.95689084955944">
        <ele>44.786471909843385</ele>
        <time>1970-01-01T00:21:25.900000Z</time>
        <extensions>
          <gpxtpx:TrackPointExtension>
            <gpxtpx:hr>172</gpxtpx:hr>
          </gpxtpx:TrackPointExtension>
        </extensions>
      </trkpt>
      <trkpt lat="22.731486547985867" lon="113.95691196418376">
        <ele>44.82505365088582</ele>
        <time>1970-01-01T00:21:26.900000Z</time>
        <extensions>
          <gpxtpx:TrackPointExtension>
            <gpxtpx:hr>172</gpxtpx:hr>
          </gpxtpx:TrackPointExtension>
        </extensions>
      </trkpt>
      <trkpt lat="22.73149504555865" lon="113.9569321667831">
        <ele>44.84448870271444</ele>
        <time>1970-01-01T00:21:27.900000Z</time>
        <extensions>
          <gpxtpx:TrackPointExtension>
            <gpxtpx:hr>172</gpxtpx:hr>
          </gpxtpx:TrackPointExtension>
        </extensions>
      </trkpt>
      <trkpt lat="22.731503460764557" lon="113.95695162342489">
        <ele>44.85338695067912</ele>
        <time>1970-01-01T00:21:28.900000Z</time>
        <extensions>
          <gpxtpx:TrackPointExtension>
            <gpxtpx:hr>172</gpxtpx:hr>
          </gpxtpx:TrackPointExtension>
        </extensions>
      </trkpt>
      <trkpt lat="22.73151188288278" lon="113.9569705164193">
        <ele>44.856798477470875</ele>
        <time>1970-01-01T00:21:29.900000Z</time>
        <extensions>
          <gpxtpx:TrackPointExtension>
            <gpxtpx:hr>172</gpxtpx:hr>
          </gpxtpx:TrackPointExtension>
        </extensions>
      </trkpt>
      <trkpt lat="22.731520259935518" lon="113.9569891666343">
        <ele>44.85790598671883</ele>
        <time>1970-01-01T00:21:30.900000Z</time>
        <extensions>
          <gpxtpx:TrackPointExtension>
            <gpxtpx:hr>172</gpxtpx:hr>
          </gpxtpx:TrackPointExtension>
        </extensions>
      </trkpt>
      <trkpt lat="22.73152804318209" lon="113.95700786591462">
        <ele>44.858701918274164</ele>
        <time>1970-01-01T00:21:31.900000Z</time>
        <extensions>
          <gpxtpx:TrackPointExtension>
            <gpxtpx:hr>172</gpxtpx:hr>
          </gpxtpx:TrackPointExtension>
        </extensions>
      </trkpt>
      <trkpt lat="22.731534928755657" lon="113.95702677715225">
        <ele>44.86013048887253</ele>
        <time>1970-01-01T00:21:32.900000Z</time>
        <extensions>
          <gpxtpx:TrackPointExtension>
            <gpxtpx:hr>172</gpxtpx:hr>
          </gpxtpx:TrackPointExtension>
        </extensions>
      </trkpt>
      <trkpt lat="22.731541114353472" lon="113.95704544876332">
        <ele>44.8625652063638</ele>
        <time>1970-01-01T00:21:33.900000Z</time>
        <extensions>
          <gpxtpx:TrackPointExtension>
            <gpxtpx:hr>172</gpxtpx:hr>
          </gpxtpx:TrackPointExtension>
        </extensions>
      </trkpt>
      <trkpt lat="22.73154773552193" lon="113.95706352428296">
        <ele>44.865892954170704</ele>
        <time>1970-01-01T00:21:34.900000Z</time>
        <extensions>
          <gpxtpx:TrackPointExtension>
            <gpxtpx:hr>172</gpxtpx:hr>
          </gpxtpx:TrackPointExtension>
        </extensions>
      </trkpt>
      <trkpt lat="22.73155549548163" lon="113.95708082438453">
        <ele>44.86998039204627</ele>
        <time>1970-01-01T00:21:35.900000Z</time>
        <extensions>
          <gpxtpx:TrackPointExtension>
            <gpxtpx:hr>172</gpxtpx:hr>
          </gpxtpx:TrackPointExtension>
        </extensions>
      </trkpt>
      <trkpt lat="22.731564038626075" lon="113.95709746862103">
        <ele>44.87497226335108</ele>
        <time>1970-01-01T00:21:36.900000Z</time>
        <extensions>
          <gpxtpx:TrackPointExtension>
            <gpxtpx:hr>172</gpxtpx:hr>
          </gpxtpx:TrackPointExtension>
        </extensions>
      </trkpt>
      <trkpt lat="22.731572345664866" lon="113.95711373551512">
        <ele>44.881580834276974</ele>
        <time>1970-01-01T00:21:37.900000Z</time>
        <extensions>
          <gpxtpx:TrackPointExtension>
            <gpxtpx:hr>172</gpxtpx:hr>
          </gpxtpx:TrackPointExtension>
        </extensions>
      </trkpt>
      <trkpt lat="22.73157967493041" lon="113.95713040356675">
        <ele>44.89055268187076</ele>
        <time>1970-01-01T00:21:38.900000Z</time>
        <extensions>
          <gpxtpx:TrackPointExtension>
            <gpxtpx:hr>172</gpxtpx:hr>
          </gpxtpx:TrackPointExtension>
        </extensions>
      </trkpt>
      <trkpt lat="22.73158602157694" lon="113.95714821150743">
        <ele>44.90273749362677</ele>
        <time>1970-01-01T00:21:39.900000Z</time>
        <extensions>
          <gpxtpx:TrackPointExtension>
            <gpxtpx:hr>172</gpxtpx:hr>
          </gpxtpx:TrackPointExtension>
        </extensions>
      </trkpt>
      <trkpt lat="22.731591654781038" lon="113.95716720592706">
        <ele>44.918795151636004</ele>
        <time>1970-01-01T00:21:40.900000Z</time>
        <extensions>
          <gpxtpx:TrackPointExtension>
            <gpxtpx:hr>172</gpxtpx:hr>
          </gpxtpx:TrackPointExtension>
        </extensions>
      </trkpt>
      <trkpt lat="22.731597196350872" lon="113.95718751126547">
        <ele>44.939084058627486</ele>
        <time>1970-01-01T00:21:41.900000Z</time>
        <extensions>
          <gpxtpx:TrackPointExtension>
            <gpxtpx:hr>172</gpxtpx:hr>
          </gpxtpx:TrackPointExtension>
        </extensions>
      </trkpt>
      <trkpt lat="22.73160301203846" lon="113.95720853763851">
        <ele>44.96358610969037</ele>
        <time>1970-01-01T00:21:42.900000Z</time>
        <extensions>
          <gpxtpx:TrackPointExtension>
            <gpxtpx:hr>172</gpxtpx:hr>
          </gpxtpx:TrackPointExtension>
        </extensions>
      </trkpt>
      <trkpt lat="22.731609307420747" lon="113.95722963208166">
        <ele>44.9918323084712</ele>
        <time>1970-01-01T00:21:43.900000Z</time>
        <extensions>
          <gpxtpx:TrackPointExtension>
            <gpxtpx:hr>172</gpxtpx:hr>
          </gpxtpx:TrackPointExtension>
        </extensions>
      </trkpt>
      <trkpt lat="22.731616287305545" lon="113.95725060034218">
        <ele>45.02298198919743</ele>
        <time>1970-01-01T00:21:44.900000Z</time>
        <extensions>
          <gpxtpx:TrackPointExtension>
            <gpxtpx:hr>172</gpxtpx:hr>
          </gpxtpx:TrackPointExtension>
        </extensions>
      </trkpt>
      <trkpt lat="22.731623858047104" lon="113.95727108824612">
        <ele>45.05591824743897</ele>
        <time>1970-01-01T00:21:45.900000Z</time>
        <extensions>
          <gpxtpx:TrackPointExtension>
            <gpxtpx:hr>172</gpxtpx:hr>
          </gpxtpx:TrackPointExtension>
        </extensions>
      </trkpt>
      <trkpt lat="22.731632063238795" lon="113.9572908413555">
        <ele>45.08945502806455</ele>
        <time>1970-01-01T00:21:46.900000Z</time>
        <extensions>
          <gpxtpx:TrackPointExtension>
            <gpxtpx:hr>172</gpxtpx:hr>
          </gpxtpx:TrackPointExtension>
        </extensions>
      </trkpt>
      <trkpt lat="22.731641103854123" lon="113.95731023541833">
        <ele>45.122670052573085</ele>
        <time>1970-01-01T00:21:47.900000Z</time>
        <extensions>
          <gpxtpx:TrackPointExtension>
            <gpxtpx:hr>174</gpxtpx:hr>
          </gpxtpx:TrackPointExtension>
        </extensions>
      </trkpt>
      <trkpt lat="22.731650664461956" lon="113.95732948919039">
        <ele>45.155162546783686</ele>
        <time>1970-01-01T00:21:48.900000Z</time>
        <extensions>
          <gpxtpx:TrackPointExtension>
            <gpxtpx:hr>174</gpxtpx:hr>
          </gpxtpx:TrackPointExtension>
        </extensions>
      </trkpt>
      <trkpt lat="22.73166004648754" lon="113.95734869293827">
        <ele>45.18687545508146</ele>
        <time>1970-01-01T00:21:49.900000Z</time>
        <extensions>
          <gpxtpx:TrackPointExtension>
            <gpxtpx:hr>174</gpxtpx:hr>
          </gpxtpx:TrackPointExtension>
        </extensions>
      </trkpt>
      <trkpt lat="22.731668524805336" lon="113.95736799906385">
        <ele>45.217862450517714</ele>
        <time>1970-01-01T00:21:50.900000Z</time>
        <extensions>
          <gpxtpx:TrackPointExtension>
            <gpxtpx:hr>174</gpxtpx:hr>
          </gpxtpx:TrackPointExtension>
        </extensions>
      </trkpt>
      <trkpt lat="22.731675806889424" lon="113.95738761774851">
        <ele>45.24835148639977</ele>
        <time>1970-01-01T00:21:51.900000Z</time>
        <extensions>
          <gpxtpx:TrackPointExtension>
            <gpxtpx:hr>174</gpxtpx:hr>
          </gpxtpx:TrackPointExtension>
        </extensions>
      </trkpt>
      <trkpt lat="22.73168206554145" lon="113.95740760709448">
        <ele>45.27864742092788</ele>
        <time>1970-01-01T00:21:52.900000Z</time>
        <extensions>
          <gpxtpx:TrackPointExtension>
            <gpxtpx:hr>174</gpxtpx:hr>
          </gpxtpx:TrackPointExtension>
        </extensions>
      </trkpt>
      <trkpt lat="22.731687368694985" lon="113.95742739457562">
        <ele>45.30905100610107</ele>
        <time>1970-01-01T00:21:53.900000Z</time>
        <extensions>
          <gpxtpx:TrackPointExtension>
            <gpxtpx:hr>173</gpxtpx:hr>
          </gpxtpx:TrackPointExtension>
        </extensions>
      </trkpt>
      <trkpt lat="22.731692056723606" lon="113.95744664084309">
        <ele>45.33992831967771</ele>
        <time>1970-01-01T00:21:54.900000Z</time>
        <extensions>
          <gpxtpx:TrackPointExtension>
            <gpxtpx:hr>173</gpxtpx:hr>
          </gpxtpx:TrackPointExtension>
        </extensions>
      </trkpt>
      <trkpt lat="22.731696952253646" lon="113.95746582412329">
        <ele>45.37174358777702</ele>
        <time>1970-01-01T00:21:55.900000Z</time>
        <extensions>
          <gpxtpx:TrackPointExtension>
            <gpxtpx:hr>173</gpxtpx:hr>
          </gpxtpx:TrackPointExtension>
        </extensions>
      </trkpt>
      <trkpt lat="22.731702800356423" lon="113.9574848889648">
        <ele>45.40465038828552</ele>
        <time>1970-01-01T00:21:56.900000Z</time>
        <extensions>
          <gpxtpx:TrackPointExtension>
            <gpxtpx:hr>173</gpxtpx:hr>
          </gpxtpx:TrackPointExtension>
        </extensions>
      </trkpt>
      <trkpt lat="22.731710206244454" lon="113.95750371390743">
        <ele>45.43865184858441</ele>
        <time>1970-01-01T00:21:57.900000Z</time>
        <extensions>
          <gpxtpx:TrackPointExtension>
            <gpxtpx:hr>173</gpxtpx:hr>
          </gpxtpx:TrackPointExtension>
        </extensions>
      </trkpt>
      <trkpt lat="22.731719310712617" lon="113.95752248514198">
        <ele>45.47370290663093</ele>
        <time>1970-01-01T00:21:58.900000Z</time>
        <extensions>
          <gpxtpx:TrackPointExtension>
            <gpxtpx:hr>173</gpxtpx:hr>
          </gpxtpx:TrackPointExtension>
        </extensions>
      </trkpt>
      <trkpt lat="22.731729685997255" lon="113.95754108563766">
        <ele>45.50959323439747</ele>
        <time>1970-01-01T00:21:59.900000Z</time>
        <extensions>
          <gpxtpx:TrackPointExtension>
            <gpxtpx:hr>173</gpxtpx:hr>
          </gpxtpx:TrackPointExtension>
        </extensions>
      </trkpt>
      <trkpt lat="22.73174081113056" lon="113.957559330806">
        <ele>45.54571178369224</ele>
        <time>1970-01-01T00:22:00.900000Z</time>
        <extensions>
          <gpxtpx:TrackPointExtension>
            <gpxtpx:hr>173</gpxtpx:hr>
          </gpxtpx:TrackPointExtension>
        </extensions>
      </trkpt>
      <trkpt lat="22.731752337602707" lon="113.95757686332965">
        <ele>45.5814655283466</ele>
        <time>1970-01-01T00:22:01.900000Z</time>
        <extensions>
          <gpxtpx:TrackPointExtension>
            <gpxtpx:hr>173</gpxtpx:hr>
          </gpxtpx:TrackPointExtension>
        </extensions>
      </trkpt>
      <trkpt lat="22.731764355303778" lon="113.95759352098958">
        <ele>45.61626655329019</ele>
        <time>1970-01-01T00:22:02.900000Z</time>
        <extensions>
          <gpxtpx:TrackPointExtension>
            <gpxtpx:hr>173</gpxtpx:hr>
          </gpxtpx:TrackPointExtension>
        </extensions>
      </trkpt>
      <trkpt lat="22.731776919836168" lon="113.95761001486214">
        <ele>45.64968376047909</ele>
        <time>1970-01-01T00:22:03.900000Z</time>
        <extensions>
          <gpxtpx:TrackPointExtension>
            <gpxtpx:hr>173</gpxtpx:hr>
          </gpxtpx:TrackPointExtension>
        </extensions>
      </trkpt>
      <trkpt lat="22.731789058543765" lon="113.95762681250848">
        <ele>45.681598582305014</ele>
        <time>1970-01-01T00:22:04.900000Z</time>
        <extensions>
          <gpxtpx:TrackPointExtension>
            <gpxtpx:hr>173</gpxtpx:hr>
          </gpxtpx:TrackPointExtension>
        </extensions>
      </trkpt>
      <trkpt lat="22.73179941452001" lon="113.95764419563189">
        <ele>45.71247205976397</ele>
        <time>1970-01-01T00:22:05.900000Z</time>
        <extensions>
          <gpxtpx:TrackPointExtension>
            <gpxtpx:hr>173</gpxtpx:hr>
          </gpxtpx:TrackPointExtension>
        </extensions>
      </trkpt>
      <trkpt lat="22.73180745325396" lon="113.9576626271538">
        <ele>45.74310307018459</ele>
        <time>1970-01-01T00:22:06.900000Z</time>
        <extensions>
          <gpxtpx:TrackPointExtension>
            <gpxtpx:hr>173</gpxtpx:hr>
          </gpxtpx:TrackPointExtension>
        </extensions>
      </trkpt>
      <trkpt lat="22.731813813541862" lon="113.95768215187636">
        <ele>45.77461390197277</ele>
        <time>1970-01-01T00:22:07.900000Z</time>
        <extensions>
          <gpxtpx:TrackPointExtension>
            <gpxtpx:hr>173</gpxtpx:hr>
          </gpxtpx:TrackPointExtension>
        </extensions>
      </trkpt>
      <trkpt lat="22.731819729484734" lon="113.9577025247617">
        <ele>45.80775971431285</ele>
        <time>1970-01-01T00:22:08.900000Z</time>
        <extensions>
          <gpxtpx:TrackPointExtension>
            <gpxtpx:hr>172</gpxtpx:hr>
          </gpxtpx:TrackPointExtension>
        </extensions>
      </trkpt>
      <trkpt lat="22.731825390547137" lon="113.95772369310923">
        <ele>45.842425122857094</ele>
        <time>1970-01-01T00:22:09.900000Z</time>
        <extensions>
          <gpxtpx:TrackPointExtension>
            <gpxtpx:hr>172</gpxtpx:hr>
          </gpxtpx:TrackPointExtension>
        </extensions>
      </trkpt>
      <trkpt lat="22.731830016006796" lon="113.9577458215637">
        <ele>45.87778266798705</ele>
        <time>1970-01-01T00:22:10.900000Z</time>
        <extensions>
          <gpxtpx:TrackPointExtension>
            <gpxtpx:hr>172</gpxtpx:hr>
          </gpxtpx:TrackPointExtension>
        </extensions>
      </trkpt>
      <trkpt lat="22.731833526943344" lon="113.95776912506234">
        <ele>45.91264201607555</ele>
        <time>1970-01-01T00:22:11.900000Z</time>
        <extensions>
          <gpxtpx:TrackPointExtension>
            <gpxtpx:hr>172</gpxtpx:hr>
          </gpxtpx:TrackPointExtension>
        </extensions>
      </trkpt>
      <trkpt lat="22.73183650066757" lon="113.95779363281451">
        <ele>45.945348244160414</ele>
        <time>1970-01-01T00:22:12.900000Z</time>
        <extensions>
          <gpxtpx:TrackPointExtension>
            <gpxtpx:hr>172</gpxtpx:hr>
          </gpxtpx:TrackPointExtension>
        </extensions>
      </trkpt>
      <trkpt lat="22.73184005919845" lon="113.95781890107955">
        <ele>45.974203820340335</ele>
        <time>1970-01-01T00:22:13.900000Z</time>
        <extensions>
          <gpxtpx:TrackPointExtension>
            <gpxtpx:hr>172</gpxtpx:hr>
          </gpxtpx:TrackPointExtension>
        </extensions>
      </trkpt>
      <trkpt lat="22.731845442158527" lon="113.9578437940536">
        <ele>45.99808047991246</ele>
        <time>1970-01-01T00:22:14.900000Z</time>
        <extensions>
          <gpxtpx:TrackPointExtension>
            <gpxtpx:hr>172</gpxtpx:hr>
          </gpxtpx:TrackPointExtension>
        </extensions>
      </trkpt>
      <trkpt lat="22.731853344743413" lon="113.95786773908729">
        <ele>46.016197672113776</ele>
        <time>1970-01-01T00:22:15.900000Z</time>
        <extensions>
          <gpxtpx:TrackPointExtension>
            <gpxtpx:hr>171</gpxtpx:hr>
          </gpxtpx:TrackPointExtension>
        </extensions>
      </trkpt>
      <trkpt lat="22.73186351245113" lon="113.95789133103487">
        <ele>46.02829213254154</ele>
        <time>1970-01-01T00:22:16.900000Z</time>
        <extensions>
          <gpxtpx:TrackPointExtension>
            <gpxtpx:hr>171</gpxtpx:hr>
          </gpxtpx:TrackPointExtension>
        </extensions>
      </trkpt>
      <trkpt lat="22.73187489988234" lon="113.95791544871881">
        <ele>46.03491067048162</ele>
        <time>1970-01-01T00:22:17.900000Z</time>
        <extensions>
          <gpxtpx:TrackPointExtension>
            <gpxtpx:hr>171</gpxtpx:hr>
          </gpxtpx:TrackPointExtension>
        </extensions>
      </trkpt>
      <trkpt lat="22.73188647354623" lon="113.95794020009052">
        <ele>46.037626824341714</ele>
        <time>1970-01-01T00:22:18.900000Z</time>
        <extensions>
          <gpxtpx:TrackPointExtension>
            <gpxtpx:hr>171</gpxtpx:hr>
          </gpxtpx:TrackPointExtension>
        </extensions>
      </trkpt>
      <trkpt lat="22.731897438089177" lon="113.95796481033028">
        <ele>46.03881779126823</ele>
        <time>1970-01-01T00:22:19.900000Z</time>
        <extensions>
          <gpxtpx:TrackPointExtension>
            <gpxtpx:hr>171</gpxtpx:hr>
          </gpxtpx:TrackPointExtension>
        </extensions>
      </trkpt>
      <trkpt lat="22.73190723736027" lon="113.95798870186951">
        <ele>46.041137530468404</ele>
        <time>1970-01-01T00:22:20.900000Z</time>
        <extensions>
          <gpxtpx:TrackPointExtension>
            <gpxtpx:hr>172</gpxtpx:hr>
          </gpxtpx:TrackPointExtension>
        </extensions>
      </trkpt>
      <trkpt lat="22.731915809998593" lon="113.95801178350145">
        <ele>46.046910741366446</ele>
        <time>1970-01-01T00:22:21.900000Z</time>
        <extensions>
          <gpxtpx:TrackPointExtension>
            <gpxtpx:hr>172</gpxtpx:hr>
          </gpxtpx:TrackPointExtension>
        </extensions>
      </trkpt>
      <trkpt lat="22.731923181030073" lon="113.95803436513481">
        <ele>46.057737002149224</ele>
        <time>1970-01-01T00:22:22.900000Z</time>
        <extensions>
          <gpxtpx:TrackPointExtension>
            <gpxtpx:hr>172</gpxtpx:hr>
          </gpxtpx:TrackPointExtension>
        </extensions>
      </trkpt>
      <trkpt lat="22.731929470516363" lon="113.95805713236467">
        <ele>46.07423825003207</ele>
        <time>1970-01-01T00:22:23.900000Z</time>
        <extensions>
          <gpxtpx:TrackPointExtension>
            <gpxtpx:hr>172</gpxtpx:hr>
          </gpxtpx:TrackPointExtension>
        </extensions>
      </trkpt>
      <trkpt lat="22.7319353108672" lon="113.95808014609702">
        <ele>46.09601836465299</ele>
        <time>1970-01-01T00:22:24.900000Z</time>
        <extensions>
          <gpxtpx:TrackPointExtension>
            <gpxtpx:hr>172</gpxtpx:hr>
          </gpxtpx:TrackPointExtension>
        </extensions>
      </trkpt>
      <trkpt lat="22.73194192781506" lon="113.95810279420704">
        <ele>46.12194377742708</ele>
        <time>1970-01-01T00:22:25.900000Z</time>
        <extensions>
          <gpxtpx:TrackPointExtension>
            <gpxtpx:hr>172</gpxtpx:hr>
          </gpxtpx:TrackPointExtension>
        </extensions>
      </trkpt>
      <trkpt lat="22.7319499141165" lon="113.95812471981388">
        <ele>46.15091567579657</ele>
        <time>1970-01-01T00:22:26.900000Z</time>
        <extensions>
          <gpxtpx:TrackPointExtension>
            <gpxtpx:hr>173</gpxtpx:hr>
          </gpxtpx:TrackPointExtension>
        </extensions>
      </trkpt>
      <trkpt lat="22.731959065323558" lon="113.95814602263371">
        <ele>46.18213037587702</ele>
        <time>1970-01-01T00:22:27.900000Z</time>
        <extensions>
          <gpxtpx:TrackPointExtension>
            <gpxtpx:hr>173</gpxtpx:hr>
          </gpxtpx:TrackPointExtension>
        </extensions>
      </trkpt>
      <trkpt lat="22.731968908699155" lon="113.95816703725617">
        <ele>46.21527167689055</ele>
        <time>1970-01-01T00:22:28.900000Z</time>
        <extensions>
          <gpxtpx:TrackPointExtension>
            <gpxtpx:hr>173</gpxtpx:hr>
          </gpxtpx:TrackPointExtension>
        </extensions>
      </trkpt>
      <trkpt lat="22.731978692467845" lon="113.9581882162022">
        <ele>46.24971984140575</ele>
        <time>1970-01-01T00:22:29.900000Z</time>
        <extensions>
          <gpxtpx:TrackPointExtension>
            <gpxtpx:hr>173</gpxtpx:hr>
          </gpxtpx:TrackPointExtension>
        </extensions>
      </trkpt>
      <trkpt lat="22.731987763947746" lon="113.95820976977231">
        <ele>46.285157724283636</ele>
        <time>1970-01-01T00:22:30.900000Z</time>
        <extensions>
          <gpxtpx:TrackPointExtension>
            <gpxtpx:hr>173</gpxtpx:hr>
          </gpxtpx:TrackPointExtension>
        </extensions>
      </trkpt>
      <trkpt lat="22.731995744274204" lon="113.95823142709517">
        <ele>46.32139076851308</ele>
        <time>1970-01-01T00:22:31.900000Z</time>
        <extensions>
          <gpxtpx:TrackPointExtension>
            <gpxtpx:hr>173</gpxtpx:hr>
          </gpxtpx:TrackPointExtension>
        </extensions>
      </trkpt>
      <trkpt lat="22.732002565300597" lon="113.95825295791873">
        <ele>46.35822956543416</ele>
        <time>1970-01-01T00:22:32.900000Z</time>
        <extensions>
          <gpxtpx:TrackPointExtension>
            <gpxtpx:hr>173</gpxtpx:hr>
          </gpxtpx:TrackPointExtension>
        </extensions>
      </trkpt>
      <trkpt lat="22.732007894638713" lon="113.95827379739512">
        <ele>46.39527182467282</ele>
        <time>1970-01-01T00:22:33.900000Z</time>
        <extensions>
          <gpxtpx:TrackPointExtension>
            <gpxtpx:hr>172</gpxtpx:hr>
          </gpxtpx:TrackPointExtension>
        </extensions>
      </trkpt>
      <trkpt lat="22.732012094017644" lon="113.95829323852061">
        <ele>46.43237264081836</ele>
        <time>1970-01-01T00:22:34.900000Z</time>
        <extensions>
          <gpxtpx:TrackPointExtension>
            <gpxtpx:hr>172</gpxtpx:hr>
          </gpxtpx:TrackPointExtension>
        </extensions>
      </trkpt>
      <trkpt lat="22.732016034246456" lon="113.95831105614742">
        <ele>46.46907813381404</ele>
        <time>1970-01-01T00:22:35.900000Z</time>
        <extensions>
          <gpxtpx:TrackPointExtension>
            <gpxtpx:hr>172</gpxtpx:hr>
          </gpxtpx:TrackPointExtension>
        </extensions>
      </trkpt>
      <trkpt lat="22.73202002151789" lon="113.95832779543898">
        <ele>46.50442584976554</ele>
        <time>1970-01-01T00:22:36.900000Z</time>
        <extensions>
          <gpxtpx:TrackPointExtension>
            <gpxtpx:hr>172</gpxtpx:hr>
          </gpxtpx:TrackPointExtension>
        </extensions>
      </trkpt>
      <trkpt lat="22.732024017533817" lon="113.95834448415877">
        <ele>46.53712000325322</ele>
        <time>1970-01-01T00:22:37.900000Z</time>
        <extensions>
          <gpxtpx:TrackPointExtension>
            <gpxtpx:hr>173</gpxtpx:hr>
          </gpxtpx:TrackPointExtension>
        </extensions>
      </trkpt>
      <trkpt lat="22.732027780551224" lon="113.95836168360543">
        <ele>46.56615919061005</ele>
        <time>1970-01-01T00:22:38.900000Z</time>
        <extensions>
          <gpxtpx:TrackPointExtension>
            <gpxtpx:hr>173</gpxtpx:hr>
          </gpxtpx:TrackPointExtension>
        </extensions>
      </trkpt>
      <trkpt lat="22.732031480324736" lon="113.95837933162738">
        <ele>46.591528471559286</ele>
        <time>1970-01-01T00:22:39.900000Z</time>
        <extensions>
          <gpxtpx:TrackPointExtension>
            <gpxtpx:hr>173</gpxtpx:hr>
          </gpxtpx:TrackPointExtension>
        </extensions>
      </trkpt>
      <trkpt lat="22.73203552935894" lon="113.9583968035089">
        <ele>46.613977576605976</ele>
        <time>1970-01-01T00:22:40.900000Z</time>
        <extensions>
          <gpxtpx:TrackPointExtension>
            <gpxtpx:hr>173</gpxtpx:hr>
          </gpxtpx:TrackPointExtension>
        </extensions>
      </trkpt>
      <trkpt lat="22.732039873262853" lon="113.9584137578684">
        <ele>46.634687156416476</ele>
        <time>1970-01-01T00:22:41.900000Z</time>
        <extensions>
          <gpxtpx:TrackPointExtension>
            <gpxtpx:hr>174</gpxtpx:hr>
          </gpxtpx:TrackPointExtension>
        </extensions>
      </trkpt>
      <trkpt lat="22.732044452050392" lon="113.95842986880793">
        <ele>46.65489388629794</ele>
        <time>1970-01-01T00:22:42.900000Z</time>
        <extensions>
          <gpxtpx:TrackPointExtension>
            <gpxtpx:hr>174</gpxtpx:hr>
          </gpxtpx:TrackPointExtension>
        </extensions>
      </trkpt>
      <trkpt lat="22.73204944201497" lon="113.9584448812244">
        <ele>46.675591917708516</ele>
        <time>1970-01-01T00:22:43.900000Z</time>
        <extensions>
          <gpxtpx:TrackPointExtension>
            <gpxtpx:hr>174</gpxtpx:hr>
          </gpxtpx:TrackPointExtension>
        </extensions>
      </trkpt>
      <trkpt lat="22.73205503993791" lon="113.95845932956303">
        <ele>46.69721787981689</ele>
        <time>1970-01-01T00:22:44.900000Z</time>
        <extensions>
          <gpxtpx:TrackPointExtension>
            <gpxtpx:hr>174</gpxtpx:hr>
          </gpxtpx:TrackPointExtension>
        </extensions>
      </trkpt>
      <trkpt lat="22.732061357935066" lon="113.9584748753205">
        <ele>46.719844033010304</ele>
        <time>1970-01-01T00:22:45.900000Z</time>
        <extensions>
          <gpxtpx:TrackPointExtension>
            <gpxtpx:hr>174</gpxtpx:hr>
          </gpxtpx:TrackPointExtension>
        </extensions>
      </trkpt>
      <trkpt lat="22.732068845290772" lon="113.95849291734021">
        <ele>46.74346682429314</ele>
        <time>1970-01-01T00:22:46.900000Z</time>
        <extensions>
          <gpxtpx:TrackPointExtension>
            <gpxtpx:hr>174</gpxtpx:hr>
          </gpxtpx:TrackPointExtension>
        </extensions>
      </trkpt>
      <trkpt lat="22.732077445862142" lon="113.95851300228381">
        <ele>46.768053338862956</ele>
        <time>1970-01-01T00:22:47.900000Z</time>
        <extensions>
          <gpxtpx:TrackPointExtension>
            <gpxtpx:hr>174</gpxtpx:hr>
          </gpxtpx:TrackPointExtension>
        </extensions>
      </trkpt>
      <trkpt lat="22.732086873951612" lon="113.95853405624564">
        <ele>46.7932758461684</ele>
        <time>1970-01-01T00:22:48.900000Z</time>
        <extensions>
          <gpxtpx:TrackPointExtension>
            <gpxtpx:hr>174</gpxtpx:hr>
          </gpxtpx:TrackPointExtension>
        </extensions>
      </trkpt>
      <trkpt lat="22.732096680383467" lon="113.95855503319727">
        <ele>46.818927155807614</ele>
        <time>1970-01-01T00:22:49.900000Z</time>
        <extensions>
          <gpxtpx:TrackPointExtension>
            <gpxtpx:hr>174</gpxtpx:hr>
          </gpxtpx:TrackPointExtension>
        </extensions>
      </trkpt>
      <trkpt lat="22.732105825763963" lon="113.95857562820977">
        <ele>46.8449155818671</ele>
        <time>1970-01-01T00:22:50.900000Z</time>
        <extensions>
          <gpxtpx:TrackPointExtension>
            <gpxtpx:hr>174</gpxtpx:hr>
          </gpxtpx:TrackPointExtension>
        </extensions>
      </trkpt>
      <trkpt lat="22.732113630486868" lon="113.95859616257816">
        <ele>46.87139087449759</ele>
        <time>1970-01-01T00:22:51.900000Z</time>
        <extensions>
          <gpxtpx:TrackPointExtension>
            <gpxtpx:hr>174</gpxtpx:hr>
          </gpxtpx:TrackPointExtension>
        </extensions>
      </trkpt>
      <trkpt lat="22.732120243341186" lon="113.95861748551839">
        <ele>46.89808175433427</ele>
        <time>1970-01-01T00:22:52.900000Z</time>
        <extensions>
          <gpxtpx:TrackPointExtension>
            <gpxtpx:hr>174</gpxtpx:hr>
          </gpxtpx:TrackPointExtension>
        </extensions>
      </trkpt>
      <trkpt lat="22.732125575876385" lon="113.95863984651285">
        <ele>46.92485884670168</ele>
        <time>1970-01-01T00:22:53.900000Z</time>
        <extensions>
          <gpxtpx:TrackPointExtension>
            <gpxtpx:hr>174</gpxtpx:hr>
          </gpxtpx:TrackPointExtension>
        </extensions>
      </trkpt>
      <trkpt lat="22.73212954524758" lon="113.95866345064881">
        <ele>46.95189331006259</ele>
        <time>1970-01-01T00:22:54.900000Z</time>
        <extensions>
          <gpxtpx:TrackPointExtension>
            <gpxtpx:hr>174</gpxtpx:hr>
          </gpxtpx:TrackPointExtension>
        </extensions>
      </trkpt>
      <trkpt lat="22.73213217582355" lon="113.95868761412584">
        <ele>46.97957357019186</ele>
        <time>1970-01-01T00:22:55.900000Z</time>
        <extensions>
          <gpxtpx:TrackPointExtension>
            <gpxtpx:hr>174</gpxtpx:hr>
          </gpxtpx:TrackPointExtension>
        </extensions>
      </trkpt>
      <trkpt lat="22.732133540514518" lon="113.95871110286984">
        <ele>47.0081980843097</ele>
        <time>1970-01-01T00:22:56.900000Z</time>
        <extensions>
          <gpxtpx:TrackPointExtension>
            <gpxtpx:hr>174</gpxtpx:hr>
          </gpxtpx:TrackPointExtension>
        </extensions>
      </trkpt>
      <trkpt lat="22.73213460381333" lon="113.95873333755972">
        <ele>47.038115040399134</ele>
        <time>1970-01-01T00:22:57.900000Z</time>
        <extensions>
          <gpxtpx:TrackPointExtension>
            <gpxtpx:hr>174</gpxtpx:hr>
          </gpxtpx:TrackPointExtension>
        </extensions>
      </trkpt>
      <trkpt lat="22.73213638788076" lon="113.95875466889323">
        <ele>47.06939918547869</ele>
        <time>1970-01-01T00:22:58.900000Z</time>
        <extensions>
          <gpxtpx:TrackPointExtension>
            <gpxtpx:hr>174</gpxtpx:hr>
          </gpxtpx:TrackPointExtension>
        </extensions>
      </trkpt>
      <trkpt lat="22.73213895445615" lon="113.95877587736567">
        <ele>47.10142912529409</ele>
        <time>1970-01-01T00:22:59.900000Z</time>
        <extensions>
          <gpxtpx:TrackPointExtension>
            <gpxtpx:hr>174</gpxtpx:hr>
          </gpxtpx:TrackPointExtension>
        </extensions>
      </trkpt>
      <trkpt lat="22.7321417874296" lon="113.95879700870708">
        <ele>47.1330611333251</ele>
        <time>1970-01-01T00:23:00.900000Z</time>
        <extensions>
          <gpxtpx:TrackPointExtension>
            <gpxtpx:hr>174</gpxtpx:hr>
          </gpxtpx:TrackPointExtension>
        </extensions>
      </trkpt>
      <trkpt lat="22.732144347274396" lon="113.95881760857029">
        <ele>47.163380357436836</ele>
        <time>1970-01-01T00:23:01.900000Z</time>
        <extensions>
          <gpxtpx:TrackPointExtension>
            <gpxtpx:hr>174</gpxtpx:hr>
          </gpxtpx:TrackPointExtension>
        </extensions>
      </trkpt>
      <trkpt lat="22.732147174537786" lon="113.95883908693447">
        <ele>47.19237033184618</ele>
        <time>1970-01-01T00:23:02.900000Z</time>
        <extensions>
          <gpxtpx:TrackPointExtension>
            <gpxtpx:hr>174</gpxtpx:hr>
          </gpxtpx:TrackPointExtension>
        </extensions>
      </trkpt>
      <trkpt lat="22.73215106112565" lon="113.95886213546748">
        <ele>47.220362884923816</ele>
        <time>1970-01-01T00:23:03.900000Z</time>
        <extensions>
          <gpxtpx:TrackPointExtension>
            <gpxtpx:hr>174</gpxtpx:hr>
          </gpxtpx:TrackPointExtension>
        </extensions>
      </trkpt>
      <trkpt lat="22.73215601502871" lon="113.95888561273617">
        <ele>47.24764227215201</ele>
        <time>1970-01-01T00:23:04.900000Z</time>
        <extensions>
          <gpxtpx:TrackPointExtension>
            <gpxtpx:hr>174</gpxtpx:hr>
          </gpxtpx:TrackPointExtension>
        </extensions>
      </trkpt>
      <trkpt lat="22.732161674064304" lon="113.95890882940762">
        <ele>47.27430862188339</ele>
        <time>1970-01-01T00:23:05.900000Z</time>
        <extensions>
          <gpxtpx:TrackPointExtension>
            <gpxtpx:hr>174</gpxtpx:hr>
          </gpxtpx:TrackPointExtension>
        </extensions>
      </trkpt>
      <trkpt lat="22.732167662124116" lon="113.9589315743703">
        <ele>47.30012352950871</ele>
        <time>1970-01-01T00:23:06.900000Z</time>
        <extensions>
          <gpxtpx:TrackPointExtension>
            <gpxtpx:hr>174</gpxtpx:hr>
          </gpxtpx:TrackPointExtension>
        </extensions>
      </trkpt>
      <trkpt lat="22.73217359895742" lon="113.95895372832123">
        <ele>47.32469693943858</ele>
        <time>1970-01-01T00:23:07.900000Z</time>
        <extensions>
          <gpxtpx:TrackPointExtension>
            <gpxtpx:hr>174</gpxtpx:hr>
          </gpxtpx:TrackPointExtension>
        </extensions>
      </trkpt>
      <trkpt lat="22.732179315016168" lon="113.95897527242097">
        <ele>47.352012917399406</ele>
        <time>1970-01-01T00:23:08.900000Z</time>
        <extensions>
          <gpxtpx:TrackPointExtension>
            <gpxtpx:hr>174</gpxtpx:hr>
          </gpxtpx:TrackPointExtension>
        </extensions>
      </trkpt>
      <trkpt lat="22.732185068120412" lon="113.95899680325459">
        <ele>47.36626223195344</ele>
        <time>1970-01-01T00:23:09.900000Z</time>
        <extensions>
          <gpxtpx:TrackPointExtension>
            <gpxtpx:hr>174</gpxtpx:hr>
          </gpxtpx:TrackPointExtension>
        </extensions>
      </trkpt>
      <trkpt lat="22.73219116695949" lon="113.9590192884112">
        <ele>47.31606330815703</ele>
        <time>1970-01-01T00:23:10.900000Z</time>
        <extensions>
          <gpxtpx:TrackPointExtension>
            <gpxtpx:hr>174</gpxtpx:hr>
          </gpxtpx:TrackPointExtension>
        </extensions>
      </trkpt>
      <trkpt lat="22.732197785370577" lon="113.95904282772493">
        <ele>47.28935648780316</ele>
        <time>1970-01-01T00:23:11.900000Z</time>
        <extensions>
          <gpxtpx:TrackPointExtension>
            <gpxtpx:hr>174</gpxtpx:hr>
          </gpxtpx:TrackPointExtension>
        </extensions>
      </trkpt>
      <trkpt lat="22.732204771700555" lon="113.95906664431179">
        <ele>47.25041006505489</ele>
        <time>1970-01-01T00:23:12.900000Z</time>
        <extensions>
          <gpxtpx:TrackPointExtension>
            <gpxtpx:hr>174</gpxtpx:hr>
          </gpxtpx:TrackPointExtension>
        </extensions>
      </trkpt>
      <trkpt lat="22.732211608467896" lon="113.95909000537304">
        <ele>47.19537632539868</ele>
        <time>1970-01-01T00:23:13.900000Z</time>
        <extensions>
          <gpxtpx:TrackPointExtension>
            <gpxtpx:hr>174</gpxtpx:hr>
          </gpxtpx:TrackPointExtension>
        </extensions>
      </trkpt>
      <trkpt lat="22.732218025505595" lon="113.95911269702036">
        <ele>47.121821601875126</ele>
        <time>1970-01-01T00:23:14.900000Z</time>
        <extensions>
          <gpxtpx:TrackPointExtension>
            <gpxtpx:hr>174</gpxtpx:hr>
          </gpxtpx:TrackPointExtension>
        </extensions>
      </trkpt>
      <trkpt lat="22.732224193456627" lon="113.95913511884028">
        <ele>47.02990741841495</ele>
        <time>1970-01-01T00:23:15.900000Z</time>
        <extensions>
          <gpxtpx:TrackPointExtension>
            <gpxtpx:hr>174</gpxtpx:hr>
          </gpxtpx:TrackPointExtension>
        </extensions>
      </trkpt>
      <trkpt lat="22.73222973087669" lon="113.95915723959739">
        <ele>46.925074426457286</ele>
        <time>1970-01-01T00:23:16.900000Z</time>
        <extensions>
          <gpxtpx:TrackPointExtension>
            <gpxtpx:hr>174</gpxtpx:hr>
          </gpxtpx:TrackPointExtension>
        </extensions>
      </trkpt>
      <trkpt lat="22.732234740827472" lon="113.95917926880428">
        <ele>46.82191223092377</ele>
        <time>1970-01-01T00:23:17.900000Z</time>
        <extensions>
          <gpxtpx:TrackPointExtension>
            <gpxtpx:hr>174</gpxtpx:hr>
          </gpxtpx:TrackPointExtension>
        </extensions>
      </trkpt>
      <trkpt lat="22.73223969909806" lon="113.95920189863135">
        <ele>46.749204620718956</ele>
        <time>1970-01-01T00:23:18.900000Z</time>
        <extensions>
          <gpxtpx:TrackPointExtension>
            <gpxtpx:hr>174</gpxtpx:hr>
          </gpxtpx:TrackPointExtension>
        </extensions>
      </trkpt>
      <trkpt lat="22.73234618245938" lon="113.95957037180102">
        <ele>48.75765873026103</ele>
        <time>1970-01-01T00:23:31.900000Z</time>
        <extensions>
          <gpxtpx:TrackPointExtension>
            <gpxtpx:hr>169</gpxtpx:hr>
          </gpxtpx:TrackPointExtension>
        </extensions>
      </trkpt>
      <trkpt lat="22.732380890019694" lon="113.95965401805691">
        <ele>49.06906515173614</ele>
        <time>1970-01-01T00:23:35.900000Z</time>
        <extensions>
          <gpxtpx:TrackPointExtension>
            <gpxtpx:hr>169</gpxtpx:hr>
          </gpxtpx:TrackPointExtension>
        </extensions>
      </trkpt>
      <trkpt lat="22.732396441261727" lon="113.95967085054619">
        <ele>48.880007456056774</ele>
        <time>1970-01-01T00:23:36.900000Z</time>
        <extensions>
          <gpxtpx:TrackPointExtension>
            <gpxtpx:hr>169</gpxtpx:hr>
          </gpxtpx:TrackPointExtension>
        </extensions>
      </trkpt>
      <trkpt lat="22.732407558872833" lon="113.95968509343727">
        <ele>48.70329672656953</ele>
        <time>1970-01-01T00:23:37.900000Z</time>
        <extensions>
          <gpxtpx:TrackPointExtension>
            <gpxtpx:hr>169</gpxtpx:hr>
          </gpxtpx:TrackPointExtension>
        </extensions>
      </trkpt>
      <trkpt lat="22.732416460964764" lon="113.95969800632918">
        <ele>48.552936610765755</ele>
        <time>1970-01-01T00:23:38.900000Z</time>
        <extensions>
          <gpxtpx:TrackPointExtension>
            <gpxtpx:hr>169</gpxtpx:hr>
          </gpxtpx:TrackPointExtension>
        </extensions>
      </trkpt>
      <trkpt lat="22.732421490726" lon="113.95970777675723">
        <ele>48.43349643051624</ele>
        <time>1970-01-01T00:23:39.900000Z</time>
        <extensions>
          <gpxtpx:TrackPointExtension>
            <gpxtpx:hr>169</gpxtpx:hr>
          </gpxtpx:TrackPointExtension>
        </extensions>
      </trkpt>
      <trkpt lat="22.732426121371518" lon="113.95971712581658">
        <ele>48.34433429501951</ele>
        <time>1970-01-01T00:23:40.900000Z</time>
        <extensions>
          <gpxtpx:TrackPointExtension>
            <gpxtpx:hr>169</gpxtpx:hr>
          </gpxtpx:TrackPointExtension>
        </extensions>
      </trkpt>
      <trkpt lat="22.73243062000601" lon="113.95972674051585">
        <ele>48.28220721613616</ele>
        <time>1970-01-01T00:23:41.900000Z</time>
        <extensions>
          <gpxtpx:TrackPointExtension>
            <gpxtpx:hr>169</gpxtpx:hr>
          </gpxtpx:TrackPointExtension>
        </extensions>
      </trkpt>
      <trkpt lat="22.73243475449026" lon="113.95973684908533">
        <ele>48.2428663354367</ele>
        <time>1970-01-01T00:23:42.900000Z</time>
        <extensions>
          <gpxtpx:TrackPointExtension>
            <gpxtpx:hr>169</gpxtpx:hr>
          </gpxtpx:TrackPointExtension>
        </extensions>
      </trkpt>
      <trkpt lat="22.732430839174917" lon="113.95976683455564">
        <ele>48.22186076641083</ele>
        <time>1970-01-01T00:23:43.900000Z</time>
        <extensions>
          <gpxtpx:TrackPointExtension>
            <gpxtpx:hr>169</gpxtpx:hr>
          </gpxtpx:TrackPointExtension>
        </extensions>
      </trkpt>
      <trkpt lat="22.732429577883583" lon="113.95978527280904">
        <ele>48.215271905995905</ele>
        <time>1970-01-01T00:23:44.900000Z</time>
        <extensions>
          <gpxtpx:TrackPointExtension>
            <gpxtpx:hr>169</gpxtpx:hr>
          </gpxtpx:TrackPointExtension>
        </extensions>
      </trkpt>
      <trkpt lat="22.732427178545155" lon="113.95979347256937">
        <ele>48.23086542915553</ele>
        <time>1970-01-01T00:23:45.900000Z</time>
        <extensions>
          <gpxtpx:TrackPointExtension>
            <gpxtpx:hr>169</gpxtpx:hr>
          </gpxtpx:TrackPointExtension>
        </extensions>
      </trkpt>
      <trkpt lat="22.732427678871677" lon="113.95980263271518">
        <ele>48.255892313085496</ele>
        <time>1970-01-01T00:23:46.900000Z</time>
        <extensions>
          <gpxtpx:TrackPointExtension>
            <gpxtpx:hr>169</gpxtpx:hr>
          </gpxtpx:TrackPointExtension>
        </extensions>
      </trkpt>
      <trkpt lat="22.732428177165655" lon="113.95981263295755">
        <ele>48.287759884260595</ele>
        <time>1970-01-01T00:23:47.900000Z</time>
        <extensions>
          <gpxtpx:TrackPointExtension>
            <gpxtpx:hr>169</gpxtpx:hr>
          </gpxtpx:TrackPointExtension>
        </extensions>
      </trkpt>
      <trkpt lat="22.732428073115074" lon="113.95982337635336">
        <ele>48.32476951368153</ele>
        <time>1970-01-01T00:23:48.900000Z</time>
        <extensions>
          <gpxtpx:TrackPointExtension>
            <gpxtpx:hr>169</gpxtpx:hr>
          </gpxtpx:TrackPointExtension>
        </extensions>
      </trkpt>
      <trkpt lat="22.732427187989035" lon="113.95983509240845">
        <ele>48.36459651309997</ele>
        <time>1970-01-01T00:23:49.900000Z</time>
        <extensions>
          <gpxtpx:TrackPointExtension>
            <gpxtpx:hr>169</gpxtpx:hr>
          </gpxtpx:TrackPointExtension>
        </extensions>
      </trkpt>
      <trkpt lat="22.732425490272092" lon="113.9598474915288">
        <ele>48.40393000096083</ele>
        <time>1970-01-01T00:23:50.900000Z</time>
        <extensions>
          <gpxtpx:TrackPointExtension>
            <gpxtpx:hr>169</gpxtpx:hr>
          </gpxtpx:TrackPointExtension>
        </extensions>
      </trkpt>
      <trkpt lat="22.732423021847055" lon="113.95986071514619">
        <ele>48.43846453540027</ele>
        <time>1970-01-01T00:23:51.900000Z</time>
        <extensions>
          <gpxtpx:TrackPointExtension>
            <gpxtpx:hr>169</gpxtpx:hr>
          </gpxtpx:TrackPointExtension>
        </extensions>
      </trkpt>
      <trkpt lat="22.732420179866427" lon="113.95987476701882">
        <ele>48.462544502690434</ele>
        <time>1970-01-01T00:23:52.900000Z</time>
        <extensions>
          <gpxtpx:TrackPointExtension>
            <gpxtpx:hr>169</gpxtpx:hr>
          </gpxtpx:TrackPointExtension>
        </extensions>
      </trkpt>
      <trkpt lat="22.732417599333004" lon="113.95988960536752">
        <ele>48.46841261256486</ele>
        <time>1970-01-01T00:23:53.900000Z</time>
        <extensions>
          <gpxtpx:TrackPointExtension>
            <gpxtpx:hr>168</gpxtpx:hr>
          </gpxtpx:TrackPointExtension>
        </extensions>
      </trkpt>
      <trkpt lat="22.73241621376069" lon="113.95990579485782">
        <ele>48.44550914876163</ele>
        <time>1970-01-01T00:23:54.900000Z</time>
        <extensions>
          <gpxtpx:TrackPointExtension>
            <gpxtpx:hr>168</gpxtpx:hr>
          </gpxtpx:TrackPointExtension>
        </extensions>
      </trkpt>
      <trkpt lat="22.73241620711412" lon="113.95990693845157">
        <ele>48.44877368118614</ele>
        <time>1970-01-01T00:23:54.900000Z</time>
        <extensions>
          <gpxtpx:TrackPointExtension>
            <gpxtpx:hr>168</gpxtpx:hr>
          </gpxtpx:TrackPointExtension>
        </extensions>
      </trkpt>
      <trkpt lat="22.732416305391897" lon="113.95992519480858">
        <ele>48.42423822544515</ele>
        <time>1970-01-01T00:23:55.900000Z</time>
        <extensions>
          <gpxtpx:TrackPointExtension>
            <gpxtpx:hr>168</gpxtpx:hr>
          </gpxtpx:TrackPointExtension>
        </extensions>
      </trkpt>
      <trkpt lat="22.732417588090062" lon="113.95994483983489">
        <ele>48.425017279572785</ele>
        <time>1970-01-01T00:23:56.900000Z</time>
        <extensions>
          <gpxtpx:TrackPointExtension>
            <gpxtpx:hr>168</gpxtpx:hr>
          </gpxtpx:TrackPointExtension>
        </extensions>
      </trkpt>
      <trkpt lat="22.732420076448257" lon="113.95996513604743">
        <ele>48.442033963277936</ele>
        <time>1970-01-01T00:23:57.900000Z</time>
        <extensions>
          <gpxtpx:TrackPointExtension>
            <gpxtpx:hr>168</gpxtpx:hr>
          </gpxtpx:TrackPointExtension>
        </extensions>
      </trkpt>
      <trkpt lat="22.732423562631354" lon="113.95998591204383">
        <ele>48.46930612064898</ele>
        <time>1970-01-01T00:23:58.900000Z</time>
        <extensions>
          <gpxtpx:TrackPointExtension>
            <gpxtpx:hr>167</gpxtpx:hr>
          </gpxtpx:TrackPointExtension>
        </extensions>
      </trkpt>
      <trkpt lat="22.732427663491293" lon="113.96000709181648">
        <ele>48.503470968455076</ele>
        <time>1970-01-01T00:23:59.900000Z</time>
        <extensions>
          <gpxtpx:TrackPointExtension>
            <gpxtpx:hr>167</gpxtpx:hr>
          </gpxtpx:TrackPointExtension>
        </extensions>
      </trkpt>
      <trkpt lat="22.73243217282031" lon="113.96002881096432">
        <ele>48.542664555832744</ele>
        <time>1970-01-01T00:24:00.900000Z</time>
        <extensions>
          <gpxtpx:TrackPointExtension>
            <gpxtpx:hr>167</gpxtpx:hr>
          </gpxtpx:TrackPointExtension>
        </extensions>
      </trkpt>
      <trkpt lat="22.732437677375867" lon="113.96005152255768">
        <ele>48.58568779192865</ele>
        <time>1970-01-01T00:24:01.900000Z</time>
        <extensions>
          <gpxtpx:TrackPointExtension>
            <gpxtpx:hr>167</gpxtpx:hr>
          </gpxtpx:TrackPointExtension>
        </extensions>
      </trkpt>
      <trkpt lat="22.732444145141535" lon="113.96007503133133">
        <ele>48.6319375494495</ele>
        <time>1970-01-01T00:24:02.900000Z</time>
        <extensions>
          <gpxtpx:TrackPointExtension>
            <gpxtpx:hr>167</gpxtpx:hr>
          </gpxtpx:TrackPointExtension>
        </extensions>
      </trkpt>
      <trkpt lat="22.732450486338735" lon="113.96009869026643">
        <ele>48.68073412030935</ele>
        <time>1970-01-01T00:24:03.900000Z</time>
        <extensions>
          <gpxtpx:TrackPointExtension>
            <gpxtpx:hr>167</gpxtpx:hr>
          </gpxtpx:TrackPointExtension>
        </extensions>
      </trkpt>
      <trkpt lat="22.73245596812708" lon="113.96012195802965">
        <ele>48.731161549687386</ele>
        <time>1970-01-01T00:24:04.900000Z</time>
        <extensions>
          <gpxtpx:TrackPointExtension>
            <gpxtpx:hr>167</gpxtpx:hr>
          </gpxtpx:TrackPointExtension>
        </extensions>
      </trkpt>
      <trkpt lat="22.7324607730573" lon="113.9601445227904">
        <ele>48.78178072813898</ele>
        <time>1970-01-01T00:24:05.900000Z</time>
        <extensions>
          <gpxtpx:TrackPointExtension>
            <gpxtpx:hr>167</gpxtpx:hr>
          </gpxtpx:TrackPointExtension>
        </extensions>
      </trkpt>
      <trkpt lat="22.7324654204866" lon="113.96016596840505">
        <ele>48.8307370506227</ele>
        <time>1970-01-01T00:24:06.900000Z</time>
        <extensions>
          <gpxtpx:TrackPointExtension>
            <gpxtpx:hr>168</gpxtpx:hr>
          </gpxtpx:TrackPointExtension>
        </extensions>
      </trkpt>
      <trkpt lat="22.732470447340535" lon="113.96018686718371">
        <ele>48.87595934048295</ele>
        <time>1970-01-01T00:24:07.900000Z</time>
        <extensions>
          <gpxtpx:TrackPointExtension>
            <gpxtpx:hr>168</gpxtpx:hr>
          </gpxtpx:TrackPointExtension>
        </extensions>
      </trkpt>
      <trkpt lat="22.732476497025804" lon="113.96020789333635">
        <ele>48.91613323427737</ele>
        <time>1970-01-01T00:24:08.900000Z</time>
        <extensions>
          <gpxtpx:TrackPointExtension>
            <gpxtpx:hr>168</gpxtpx:hr>
          </gpxtpx:TrackPointExtension>
        </extensions>
      </trkpt>
      <trkpt lat="22.73248350419332" lon="113.9602292335136">
        <ele>48.95066314842552</ele>
        <time>1970-01-01T00:24:09.900000Z</time>
        <extensions>
          <gpxtpx:TrackPointExtension>
            <gpxtpx:hr>168</gpxtpx:hr>
          </gpxtpx:TrackPointExtension>
        </extensions>
      </trkpt>
      <trkpt lat="22.732491122271657" lon="113.96025095928866">
        <ele>48.97956010978669</ele>
        <time>1970-01-01T00:24:10.900000Z</time>
        <extensions>
          <gpxtpx:TrackPointExtension>
            <gpxtpx:hr>171</gpxtpx:hr>
          </gpxtpx:TrackPointExtension>
        </extensions>
      </trkpt>
      <trkpt lat="22.732498964436456" lon="113.96027207631154">
        <ele>49.00325455982238</ele>
        <time>1970-01-01T00:24:11.900000Z</time>
        <extensions>
          <gpxtpx:TrackPointExtension>
            <gpxtpx:hr>171</gpxtpx:hr>
          </gpxtpx:TrackPointExtension>
        </extensions>
      </trkpt>
      <trkpt lat="22.732506798551032" lon="113.9602921949099">
        <ele>49.022695858962834</ele>
        <time>1970-01-01T00:24:12.900000Z</time>
        <extensions>
          <gpxtpx:TrackPointExtension>
            <gpxtpx:hr>171</gpxtpx:hr>
          </gpxtpx:TrackPointExtension>
        </extensions>
      </trkpt>
      <trkpt lat="22.73251454654042" lon="113.9603113384645">
        <ele>49.03946790006012</ele>
        <time>1970-01-01T00:24:13.900000Z</time>
        <extensions>
          <gpxtpx:TrackPointExtension>
            <gpxtpx:hr>171</gpxtpx:hr>
          </gpxtpx:TrackPointExtension>
        </extensions>
      </trkpt>
      <trkpt lat="22.732521971668127" lon="113.96032967763931">
        <ele>49.055557182990015</ele>
        <time>1970-01-01T00:24:14.900000Z</time>
        <extensions>
          <gpxtpx:TrackPointExtension>
            <gpxtpx:hr>171</gpxtpx:hr>
          </gpxtpx:TrackPointExtension>
        </extensions>
      </trkpt>
      <trkpt lat="22.732528967867264" lon="113.96034757574223">
        <ele>49.07304450683296</ele>
        <time>1970-01-01T00:24:15.900000Z</time>
        <extensions>
          <gpxtpx:TrackPointExtension>
            <gpxtpx:hr>171</gpxtpx:hr>
          </gpxtpx:TrackPointExtension>
        </extensions>
      </trkpt>
      <trkpt lat="22.732535660203848" lon="113.96036566906069">
        <ele>49.093371824361384</ele>
        <time>1970-01-01T00:24:16.900000Z</time>
        <extensions>
          <gpxtpx:TrackPointExtension>
            <gpxtpx:hr>171</gpxtpx:hr>
          </gpxtpx:TrackPointExtension>
        </extensions>
      </trkpt>
      <trkpt lat="22.732541984067804" lon="113.96038497785456">
        <ele>49.11745238862932</ele>
        <time>1970-01-01T00:24:17.900000Z</time>
        <extensions>
          <gpxtpx:TrackPointExtension>
            <gpxtpx:hr>168</gpxtpx:hr>
          </gpxtpx:TrackPointExtension>
        </extensions>
      </trkpt>
      <trkpt lat="22.732548320579355" lon="113.96040626817461">
        <ele>49.145279138349</ele>
        <time>1970-01-01T00:24:18.900000Z</time>
        <extensions>
          <gpxtpx:TrackPointExtension>
            <gpxtpx:hr>168</gpxtpx:hr>
          </gpxtpx:TrackPointExtension>
        </extensions>
      </trkpt>
      <trkpt lat="22.732555500020368" lon="113.96042969343135">
        <ele>49.17603597883135</ele>
        <time>1970-01-01T00:24:19.900000Z</time>
        <extensions>
          <gpxtpx:TrackPointExtension>
            <gpxtpx:hr>168</gpxtpx:hr>
          </gpxtpx:TrackPointExtension>
        </extensions>
      </trkpt>
      <trkpt lat="22.732563712378788" lon="113.96045449037413">
        <ele>49.208364428952336</ele>
        <time>1970-01-01T00:24:20.900000Z</time>
        <extensions>
          <gpxtpx:TrackPointExtension>
            <gpxtpx:hr>168</gpxtpx:hr>
          </gpxtpx:TrackPointExtension>
        </extensions>
      </trkpt>
      <trkpt lat="22.732572427562665" lon="113.9604794259865">
        <ele>49.241361822001636</ele>
        <time>1970-01-01T00:24:21.900000Z</time>
        <extensions>
          <gpxtpx:TrackPointExtension>
            <gpxtpx:hr>168</gpxtpx:hr>
          </gpxtpx:TrackPointExtension>
        </extensions>
      </trkpt>
      <trkpt lat="22.732580877087607" lon="113.96050381164956">
        <ele>49.27397865522653</ele>
        <time>1970-01-01T00:24:22.900000Z</time>
        <extensions>
          <gpxtpx:TrackPointExtension>
            <gpxtpx:hr>168</gpxtpx:hr>
          </gpxtpx:TrackPointExtension>
        </extensions>
      </trkpt>
      <trkpt lat="22.732588866321997" lon="113.96052803211998">
        <ele>49.30516822170466</ele>
        <time>1970-01-01T00:24:23.900000Z</time>
        <extensions>
          <gpxtpx:TrackPointExtension>
            <gpxtpx:hr>166</gpxtpx:hr>
          </gpxtpx:TrackPointExtension>
        </extensions>
      </trkpt>
      <trkpt lat="22.732596584612153" lon="113.96055246409239">
        <ele>49.334197921678424</ele>
        <time>1970-01-01T00:24:24.900000Z</time>
        <extensions>
          <gpxtpx:TrackPointExtension>
            <gpxtpx:hr>166</gpxtpx:hr>
          </gpxtpx:TrackPointExtension>
        </extensions>
      </trkpt>
      <trkpt lat="22.73260404351027" lon="113.9605763883778">
        <ele>49.360995423048735</ele>
        <time>1970-01-01T00:24:25.900000Z</time>
        <extensions>
          <gpxtpx:TrackPointExtension>
            <gpxtpx:hr>166</gpxtpx:hr>
          </gpxtpx:TrackPointExtension>
        </extensions>
      </trkpt>
      <trkpt lat="22.732611546782728" lon="113.96059953710694">
        <ele>49.38571069575846</ele>
        <time>1970-01-01T00:24:26.900000Z</time>
        <extensions>
          <gpxtpx:TrackPointExtension>
            <gpxtpx:hr>166</gpxtpx:hr>
          </gpxtpx:TrackPointExtension>
        </extensions>
      </trkpt>
      <trkpt lat="22.73261984957121" lon="113.96062293374511">
        <ele>49.40923922229558</ele>
        <time>1970-01-01T00:24:27.900000Z</time>
        <extensions>
          <gpxtpx:TrackPointExtension>
            <gpxtpx:hr>166</gpxtpx:hr>
          </gpxtpx:TrackPointExtension>
        </extensions>
      </trkpt>
      <trkpt lat="22.73262945891558" lon="113.96064706186714">
        <ele>49.433011029846966</ele>
        <time>1970-01-01T00:24:28.900000Z</time>
        <extensions>
          <gpxtpx:TrackPointExtension>
            <gpxtpx:hr>166</gpxtpx:hr>
          </gpxtpx:TrackPointExtension>
        </extensions>
      </trkpt>
      <trkpt lat="22.732640136004374" lon="113.96067137829735">
        <ele>49.4583099829033</ele>
        <time>1970-01-01T00:24:29.900000Z</time>
        <extensions>
          <gpxtpx:TrackPointExtension>
            <gpxtpx:hr>166</gpxtpx:hr>
          </gpxtpx:TrackPointExtension>
        </extensions>
      </trkpt>
      <trkpt lat="22.73265148488697" lon="113.96069531737007">
        <ele>49.48571796156466</ele>
        <time>1970-01-01T00:24:30.900000Z</time>
        <extensions>
          <gpxtpx:TrackPointExtension>
            <gpxtpx:hr>166</gpxtpx:hr>
          </gpxtpx:TrackPointExtension>
        </extensions>
      </trkpt>
      <trkpt lat="22.732663399471136" lon="113.96071813964494">
        <ele>49.51549412962049</ele>
        <time>1970-01-01T00:24:31.900000Z</time>
        <extensions>
          <gpxtpx:TrackPointExtension>
            <gpxtpx:hr>166</gpxtpx:hr>
          </gpxtpx:TrackPointExtension>
        </extensions>
      </trkpt>
      <trkpt lat="22.732675589804447" lon="113.96073955606211">
        <ele>49.547076642513275</ele>
        <time>1970-01-01T00:24:32.900000Z</time>
        <extensions>
          <gpxtpx:TrackPointExtension>
            <gpxtpx:hr>166</gpxtpx:hr>
          </gpxtpx:TrackPointExtension>
        </extensions>
      </trkpt>
      <trkpt lat="22.732687750266273" lon="113.9607605095811">
        <ele>49.5791281927377</ele>
        <time>1970-01-01T00:24:33.900000Z</time>
        <extensions>
          <gpxtpx:TrackPointExtension>
            <gpxtpx:hr>166</gpxtpx:hr>
          </gpxtpx:TrackPointExtension>
        </extensions>
      </trkpt>
      <trkpt lat="22.73270022581091" lon="113.96078165202213">
        <ele>49.61009295936674</ele>
        <time>1970-01-01T00:24:34.900000Z</time>
        <extensions>
          <gpxtpx:TrackPointExtension>
            <gpxtpx:hr>166</gpxtpx:hr>
          </gpxtpx:TrackPointExtension>
        </extensions>
      </trkpt>
      <trkpt lat="22.7327136239162" lon="113.96080235221187">
        <ele>49.63890927657485</ele>
        <time>1970-01-01T00:24:35.900000Z</time>
        <extensions>
          <gpxtpx:TrackPointExtension>
            <gpxtpx:hr>166</gpxtpx:hr>
          </gpxtpx:TrackPointExtension>
        </extensions>
      </trkpt>
      <trkpt lat="22.732728117073798" lon="113.96082201369757">
        <ele>49.66502921655774</ele>
        <time>1970-01-01T00:24:36.900000Z</time>
        <extensions>
          <gpxtpx:TrackPointExtension>
            <gpxtpx:hr>166</gpxtpx:hr>
          </gpxtpx:TrackPointExtension>
        </extensions>
      </trkpt>
      <trkpt lat="22.732743611520267" lon="113.96084018547955">
        <ele>49.68873246014118</ele>
        <time>1970-01-01T00:24:37.900000Z</time>
        <extensions>
          <gpxtpx:TrackPointExtension>
            <gpxtpx:hr>167</gpxtpx:hr>
          </gpxtpx:TrackPointExtension>
        </extensions>
      </trkpt>
      <trkpt lat="22.73276006585797" lon="113.9608561698081">
        <ele>49.71116156037897</ele>
        <time>1970-01-01T00:24:38.900000Z</time>
        <extensions>
          <gpxtpx:TrackPointExtension>
            <gpxtpx:hr>167</gpxtpx:hr>
          </gpxtpx:TrackPointExtension>
        </extensions>
      </trkpt>
      <trkpt lat="22.732777839458347" lon="113.96086926157066">
        <ele>49.73411479406059</ele>
        <time>1970-01-01T00:24:39.900000Z</time>
        <extensions>
          <gpxtpx:TrackPointExtension>
            <gpxtpx:hr>167</gpxtpx:hr>
          </gpxtpx:TrackPointExtension>
        </extensions>
      </trkpt>
      <trkpt lat="22.73279741348267" lon="113.96087873091348">
        <ele>49.75922152865678</ele>
        <time>1970-01-01T00:24:40.900000Z</time>
        <extensions>
          <gpxtpx:TrackPointExtension>
            <gpxtpx:hr>167</gpxtpx:hr>
          </gpxtpx:TrackPointExtension>
        </extensions>
      </trkpt>
      <trkpt lat="22.73281869750365" lon="113.96088423873427">
        <ele>49.78704765159637</ele>
        <time>1970-01-01T00:24:41.900000Z</time>
        <extensions>
          <gpxtpx:TrackPointExtension>
            <gpxtpx:hr>167</gpxtpx:hr>
          </gpxtpx:TrackPointExtension>
        </extensions>
      </trkpt>
      <trkpt lat="22.732840908462755" lon="113.96088529489089">
        <ele>49.816499238833785</ele>
        <time>1970-01-01T00:24:42.900000Z</time>
        <extensions>
          <gpxtpx:TrackPointExtension>
            <gpxtpx:hr>168</gpxtpx:hr>
          </gpxtpx:TrackPointExtension>
        </extensions>
      </trkpt>
      <trkpt lat="22.732863062348905" lon="113.96088169698788">
        <ele>49.8487755889073</ele>
        <time>1970-01-01T00:24:43.900000Z</time>
        <extensions>
          <gpxtpx:TrackPointExtension>
            <gpxtpx:hr>168</gpxtpx:hr>
          </gpxtpx:TrackPointExtension>
        </extensions>
      </trkpt>
      <trkpt lat="22.732883917373044" lon="113.96087436449619">
        <ele>49.884004722349346</ele>
        <time>1970-01-01T00:24:44.900000Z</time>
        <extensions>
          <gpxtpx:TrackPointExtension>
            <gpxtpx:hr>168</gpxtpx:hr>
          </gpxtpx:TrackPointExtension>
        </extensions>
      </trkpt>
      <trkpt lat="22.732902313717936" lon="113.96086493235414">
        <ele>49.91344316769391</ele>
        <time>1970-01-01T00:24:45.900000Z</time>
        <extensions>
          <gpxtpx:TrackPointExtension>
            <gpxtpx:hr>168</gpxtpx:hr>
          </gpxtpx:TrackPointExtension>
        </extensions>
      </trkpt>
      <trkpt lat="22.73291767705393" lon="113.9608542779717">
        <ele>49.90166805591434</ele>
        <time>1970-01-01T00:24:46.900000Z</time>
        <extensions>
          <gpxtpx:TrackPointExtension>
            <gpxtpx:hr>168</gpxtpx:hr>
          </gpxtpx:TrackPointExtension>
        </extensions>
      </trkpt>
      <trkpt lat="22.73293020029466" lon="113.96084309646191">
        <ele>49.91481721866876</ele>
        <time>1970-01-01T00:24:47.900000Z</time>
        <extensions>
          <gpxtpx:TrackPointExtension>
            <gpxtpx:hr>168</gpxtpx:hr>
          </gpxtpx:TrackPointExtension>
        </extensions>
      </trkpt>
      <trkpt lat="22.732940234781918" lon="113.96083115954002">
        <ele>49.929987367242575</ele>
        <time>1970-01-01T00:24:48.900000Z</time>
        <extensions>
          <gpxtpx:TrackPointExtension>
            <gpxtpx:hr>167</gpxtpx:hr>
          </gpxtpx:TrackPointExtension>
        </extensions>
      </trkpt>
      <trkpt lat="22.73294811292655" lon="113.96081695660854">
        <ele>49.94637031387538</ele>
        <time>1970-01-01T00:24:49.900000Z</time>
        <extensions>
          <gpxtpx:TrackPointExtension>
            <gpxtpx:hr>167</gpxtpx:hr>
          </gpxtpx:TrackPointExtension>
        </extensions>
      </trkpt>
      <trkpt lat="22.732953340872758" lon="113.9607991930439">
        <ele>49.9621173478663</ele>
        <time>1970-01-01T00:24:50.900000Z</time>
        <extensions>
          <gpxtpx:TrackPointExtension>
            <gpxtpx:hr>167</gpxtpx:hr>
          </gpxtpx:TrackPointExtension>
        </extensions>
      </trkpt>
      <trkpt lat="22.732954783026802" lon="113.96077750371681">
        <ele>49.974330003373325</ele>
        <time>1970-01-01T00:24:51.900000Z</time>
        <extensions>
          <gpxtpx:TrackPointExtension>
            <gpxtpx:hr>167</gpxtpx:hr>
          </gpxtpx:TrackPointExtension>
        </extensions>
      </trkpt>
      <trkpt lat="22.732952072548358" lon="113.96075254604679">
        <ele>49.98052832297981</ele>
        <time>1970-01-01T00:24:52.900000Z</time>
        <extensions>
          <gpxtpx:TrackPointExtension>
            <gpxtpx:hr>166</gpxtpx:hr>
          </gpxtpx:TrackPointExtension>
        </extensions>
      </trkpt>
      <trkpt lat="22.73294574689115" lon="113.96072619779751">
        <ele>49.98573926649988</ele>
        <time>1970-01-01T00:24:53.900000Z</time>
        <extensions>
          <gpxtpx:TrackPointExtension>
            <gpxtpx:hr>166</gpxtpx:hr>
          </gpxtpx:TrackPointExtension>
        </extensions>
      </trkpt>
      <trkpt lat="22.732936672574596" lon="113.96069939609252">
        <ele>50.01453411672264</ele>
        <time>1970-01-01T00:24:54.900000Z</time>
        <extensions>
          <gpxtpx:TrackPointExtension>
            <gpxtpx:hr>166</gpxtpx:hr>
          </gpxtpx:TrackPointExtension>
        </extensions>
      </trkpt>
      <trkpt lat="22.732779524106782" lon="113.96040653726492">
        <ele>50.466499890200794</ele>
        <time>1970-01-01T00:25:06.200000Z</time>
        <extensions>
          <gpxtpx:TrackPointExtension>
            <gpxtpx:hr>167</gpxtpx:hr>
          </gpxtpx:TrackPointExtension>
        </extensions>
      </trkpt>
      <trkpt lat="22.732754927531076" lon="113.96037090651608">
        <ele>50.26928869821131</ele>
        <time>1970-01-01T00:25:08.200000Z</time>
        <extensions>
          <gpxtpx:TrackPointExtension>
            <gpxtpx:hr>167</gpxtpx:hr>
          </gpxtpx:TrackPointExtension>
        </extensions>
      </trkpt>
      <trkpt lat="22.732748118431612" lon="113.9603596530329">
        <ele>50.05974602419883</ele>
        <time>1970-01-01T00:25:09.200000Z</time>
        <extensions>
          <gpxtpx:TrackPointExtension>
            <gpxtpx:hr>168</gpxtpx:hr>
          </gpxtpx:TrackPointExtension>
        </extensions>
      </trkpt>
      <trkpt lat="22.732738655328024" lon="113.96034360604074">
        <ele>49.85226796846837</ele>
        <time>1970-01-01T00:25:10.200000Z</time>
        <extensions>
          <gpxtpx:TrackPointExtension>
            <gpxtpx:hr>168</gpxtpx:hr>
          </gpxtpx:TrackPointExtension>
        </extensions>
      </trkpt>
      <trkpt lat="22.732729561017543" lon="113.96032811824352">
        <ele>49.71334863174707</ele>
        <time>1970-01-01T00:25:10.900000Z</time>
        <extensions>
          <gpxtpx:TrackPointExtension>
            <gpxtpx:hr>168</gpxtpx:hr>
          </gpxtpx:TrackPointExtension>
        </extensions>
      </trkpt>
      <trkpt lat="22.732714580011155" lon="113.96030172796105">
        <ele>49.548478906974196</ele>
        <time>1970-01-01T00:25:11.900000Z</time>
        <extensions>
          <gpxtpx:TrackPointExtension>
            <gpxtpx:hr>167</gpxtpx:hr>
          </gpxtpx:TrackPointExtension>
        </extensions>
      </trkpt>
      <trkpt lat="22.732698437872134" lon="113.96027266087033">
        <ele>49.41907563433051</ele>
        <time>1970-01-01T00:25:12.900000Z</time>
        <extensions>
          <gpxtpx:TrackPointExtension>
            <gpxtpx:hr>167</gpxtpx:hr>
          </gpxtpx:TrackPointExtension>
        </extensions>
      </trkpt>
      <trkpt lat="22.732682367401946" lon="113.96024397322584">
        <ele>49.320368411019444</ele>
        <time>1970-01-01T00:25:13.900000Z</time>
        <extensions>
          <gpxtpx:TrackPointExtension>
            <gpxtpx:hr>167</gpxtpx:hr>
          </gpxtpx:TrackPointExtension>
        </extensions>
      </trkpt>
      <trkpt lat="22.7326668287136" lon="113.96021693194437">
        <ele>49.24663647543639</ele>
        <time>1970-01-01T00:25:14.900000Z</time>
        <extensions>
          <gpxtpx:TrackPointExtension>
            <gpxtpx:hr>167</gpxtpx:hr>
          </gpxtpx:TrackPointExtension>
        </extensions>
      </trkpt>
      <trkpt lat="22.73265299946038" lon="113.96019222573081">
        <ele>49.192158985883</ele>
        <time>1970-01-01T00:25:15.900000Z</time>
        <extensions>
          <gpxtpx:TrackPointExtension>
            <gpxtpx:hr>167</gpxtpx:hr>
          </gpxtpx:TrackPointExtension>
        </extensions>
      </trkpt>
      <trkpt lat="22.732640416037317" lon="113.96016837203318">
        <ele>49.15148262027651</ele>
        <time>1970-01-01T00:25:16.900000Z</time>
        <extensions>
          <gpxtpx:TrackPointExtension>
            <gpxtpx:hr>167</gpxtpx:hr>
          </gpxtpx:TrackPointExtension>
        </extensions>
      </trkpt>
      <trkpt lat="22.732628798713634" lon="113.96014403315245">
        <ele>49.11997937131673</ele>
        <time>1970-01-01T00:25:17.900000Z</time>
        <extensions>
          <gpxtpx:TrackPointExtension>
            <gpxtpx:hr>167</gpxtpx:hr>
          </gpxtpx:TrackPointExtension>
        </extensions>
      </trkpt>
      <trkpt lat="22.732618481567684" lon="113.96011954445932">
        <ele>49.093580576591194</ele>
        <time>1970-01-01T00:25:18.900000Z</time>
        <extensions>
          <gpxtpx:TrackPointExtension>
            <gpxtpx:hr>167</gpxtpx:hr>
          </gpxtpx:TrackPointExtension>
        </extensions>
      </trkpt>
      <trkpt lat="22.732609479077585" lon="113.96009567675011">
        <ele>49.06891212426126</ele>
        <time>1970-01-01T00:25:19.900000Z</time>
        <extensions>
          <gpxtpx:TrackPointExtension>
            <gpxtpx:hr>167</gpxtpx:hr>
          </gpxtpx:TrackPointExtension>
        </extensions>
      </trkpt>
      <trkpt lat="22.732601535745832" lon="113.96007250056047">
        <ele>49.043469660915434</ele>
        <time>1970-01-01T00:25:20.900000Z</time>
        <extensions>
          <gpxtpx:TrackPointExtension>
            <gpxtpx:hr>167</gpxtpx:hr>
          </gpxtpx:TrackPointExtension>
        </extensions>
      </trkpt>
      <trkpt lat="22.732594076332806" lon="113.96004945019752">
        <ele>49.01577785983682</ele>
        <time>1970-01-01T00:25:21.900000Z</time>
        <extensions>
          <gpxtpx:TrackPointExtension>
            <gpxtpx:hr>167</gpxtpx:hr>
          </gpxtpx:TrackPointExtension>
        </extensions>
      </trkpt>
      <trkpt lat="22.73258703113002" lon="113.96002607224557">
        <ele>48.985216185450554</ele>
        <time>1970-01-01T00:25:22.900000Z</time>
        <extensions>
          <gpxtpx:TrackPointExtension>
            <gpxtpx:hr>167</gpxtpx:hr>
          </gpxtpx:TrackPointExtension>
        </extensions>
      </trkpt>
      <trkpt lat="22.73258128004394" lon="113.96000217976798">
        <ele>48.95199882891029</ele>
        <time>1970-01-01T00:25:23.900000Z</time>
        <extensions>
          <gpxtpx:TrackPointExtension>
            <gpxtpx:hr>167</gpxtpx:hr>
          </gpxtpx:TrackPointExtension>
        </extensions>
      </trkpt>
      <trkpt lat="22.732577413895815" lon="113.9599777551584">
        <ele>48.91699997801334</ele>
        <time>1970-01-01T00:25:24.900000Z</time>
        <extensions>
          <gpxtpx:TrackPointExtension>
            <gpxtpx:hr>167</gpxtpx:hr>
          </gpxtpx:TrackPointExtension>
        </extensions>
      </trkpt>
      <trkpt lat="22.73257520801674" lon="113.95995378874244">
        <ele>48.88158166222274</ele>
        <time>1970-01-01T00:25:25.900000Z</time>
        <extensions>
          <gpxtpx:TrackPointExtension>
            <gpxtpx:hr>167</gpxtpx:hr>
          </gpxtpx:TrackPointExtension>
        </extensions>
      </trkpt>
      <trkpt lat="22.73257437151541" lon="113.95993099867442">
        <ele>48.84706491790712</ele>
        <time>1970-01-01T00:25:26.900000Z</time>
        <extensions>
          <gpxtpx:TrackPointExtension>
            <gpxtpx:hr>169</gpxtpx:hr>
          </gpxtpx:TrackPointExtension>
        </extensions>
      </trkpt>
      <trkpt lat="22.7325742910343" lon="113.95990911355129">
        <ele>48.814206504262984</ele>
        <time>1970-01-01T00:25:27.900000Z</time>
        <extensions>
          <gpxtpx:TrackPointExtension>
            <gpxtpx:hr>169</gpxtpx:hr>
          </gpxtpx:TrackPointExtension>
        </extensions>
      </trkpt>
      <trkpt lat="22.732579090598357" lon="113.95988819857294">
        <ele>48.78324845340103</ele>
        <time>1970-01-01T00:25:28.900000Z</time>
        <extensions>
          <gpxtpx:TrackPointExtension>
            <gpxtpx:hr>169</gpxtpx:hr>
          </gpxtpx:TrackPointExtension>
        </extensions>
      </trkpt>
      <trkpt lat="22.732580747970022" lon="113.95986552486713">
        <ele>48.75405848771334</ele>
        <time>1970-01-01T00:25:29.900000Z</time>
        <extensions>
          <gpxtpx:TrackPointExtension>
            <gpxtpx:hr>169</gpxtpx:hr>
          </gpxtpx:TrackPointExtension>
        </extensions>
      </trkpt>
      <trkpt lat="22.732581817623153" lon="113.9598422334802">
        <ele>48.72612807247788</ele>
        <time>1970-01-01T00:25:30.900000Z</time>
        <extensions>
          <gpxtpx:TrackPointExtension>
            <gpxtpx:hr>169</gpxtpx:hr>
          </gpxtpx:TrackPointExtension>
        </extensions>
      </trkpt>
      <trkpt lat="22.732582602146767" lon="113.95981822072319">
        <ele>48.69881408289075</ele>
        <time>1970-01-01T00:25:31.900000Z</time>
        <extensions>
          <gpxtpx:TrackPointExtension>
            <gpxtpx:hr>169</gpxtpx:hr>
          </gpxtpx:TrackPointExtension>
        </extensions>
      </trkpt>
      <trkpt lat="22.732583100451432" lon="113.95979398037748">
        <ele>48.67177322600037</ele>
        <time>1970-01-01T00:25:32.900000Z</time>
        <extensions>
          <gpxtpx:TrackPointExtension>
            <gpxtpx:hr>168</gpxtpx:hr>
          </gpxtpx:TrackPointExtension>
        </extensions>
      </trkpt>
      <trkpt lat="22.732582486121395" lon="113.95976915516268">
        <ele>48.64485556259751</ele>
        <time>1970-01-01T00:25:33.900000Z</time>
        <extensions>
          <gpxtpx:TrackPointExtension>
            <gpxtpx:hr>168</gpxtpx:hr>
          </gpxtpx:TrackPointExtension>
        </extensions>
      </trkpt>
      <trkpt lat="22.73258102353313" lon="113.95974436799405">
        <ele>48.61790871992707</ele>
        <time>1970-01-01T00:25:34.900000Z</time>
        <extensions>
          <gpxtpx:TrackPointExtension>
            <gpxtpx:hr>168</gpxtpx:hr>
          </gpxtpx:TrackPointExtension>
        </extensions>
      </trkpt>
      <trkpt lat="22.73257980437203" lon="113.95971996622819">
        <ele>48.59046786930412</ele>
        <time>1970-01-01T00:25:35.900000Z</time>
        <extensions>
          <gpxtpx:TrackPointExtension>
            <gpxtpx:hr>168</gpxtpx:hr>
          </gpxtpx:TrackPointExtension>
        </extensions>
      </trkpt>
      <trkpt lat="22.73257905267437" lon="113.95969607230009">
        <ele>48.56208416353911</ele>
        <time>1970-01-01T00:25:36.900000Z</time>
        <extensions>
          <gpxtpx:TrackPointExtension>
            <gpxtpx:hr>168</gpxtpx:hr>
          </gpxtpx:TrackPointExtension>
        </extensions>
      </trkpt>
      <trkpt lat="22.73257851440827" lon="113.95967262598268">
        <ele>48.53257618006319</ele>
        <time>1970-01-01T00:25:37.900000Z</time>
        <extensions>
          <gpxtpx:TrackPointExtension>
            <gpxtpx:hr>168</gpxtpx:hr>
          </gpxtpx:TrackPointExtension>
        </extensions>
      </trkpt>
      <trkpt lat="22.732578520251817" lon="113.95964928937518">
        <ele>48.50207798741758</ele>
        <time>1970-01-01T00:25:38.900000Z</time>
        <extensions>
          <gpxtpx:TrackPointExtension>
            <gpxtpx:hr>168</gpxtpx:hr>
          </gpxtpx:TrackPointExtension>
        </extensions>
      </trkpt>
      <trkpt lat="22.732578800987056" lon="113.95962555333386">
        <ele>48.47083843592554</ele>
        <time>1970-01-01T00:25:39.900000Z</time>
        <extensions>
          <gpxtpx:TrackPointExtension>
            <gpxtpx:hr>168</gpxtpx:hr>
          </gpxtpx:TrackPointExtension>
        </extensions>
      </trkpt>
      <trkpt lat="22.73257846494466" lon="113.9596009374856">
        <ele>48.43953436240554</ele>
        <time>1970-01-01T00:25:40.900000Z</time>
        <extensions>
          <gpxtpx:TrackPointExtension>
            <gpxtpx:hr>168</gpxtpx:hr>
          </gpxtpx:TrackPointExtension>
        </extensions>
      </trkpt>
      <trkpt lat="22.73257719247546" lon="113.95957554220186">
        <ele>48.408871822059155</ele>
        <time>1970-01-01T00:25:41.900000Z</time>
        <extensions>
          <gpxtpx:TrackPointExtension>
            <gpxtpx:hr>168</gpxtpx:hr>
          </gpxtpx:TrackPointExtension>
        </extensions>
      </trkpt>
      <trkpt lat="22.732574876283312" lon="113.95955006854696">
        <ele>48.37917275168002</ele>
        <time>1970-01-01T00:25:42.900000Z</time>
        <extensions>
          <gpxtpx:TrackPointExtension>
            <gpxtpx:hr>168</gpxtpx:hr>
          </gpxtpx:TrackPointExtension>
        </extensions>
      </trkpt>
      <trkpt lat="22.73257170728742" lon="113.95952508646613">
        <ele>48.3503152159974</ele>
        <time>1970-01-01T00:25:43.900000Z</time>
        <extensions>
          <gpxtpx:TrackPointExtension>
            <gpxtpx:hr>168</gpxtpx:hr>
          </gpxtpx:TrackPointExtension>
        </extensions>
      </trkpt>
      <trkpt lat="22.73256792453001" lon="113.9595005540929">
        <ele>48.32224353868514</ele>
        <time>1970-01-01T00:25:44.900000Z</time>
        <extensions>
          <gpxtpx:TrackPointExtension>
            <gpxtpx:hr>168</gpxtpx:hr>
          </gpxtpx:TrackPointExtension>
        </extensions>
      </trkpt>
      <trkpt lat="22.732563908420644" lon="113.95947654121031">
        <ele>48.29499279242009</ele>
        <time>1970-01-01T00:25:45.900000Z</time>
        <extensions>
          <gpxtpx:TrackPointExtension>
            <gpxtpx:hr>168</gpxtpx:hr>
          </gpxtpx:TrackPointExtension>
        </extensions>
      </trkpt>
      <trkpt lat="22.732559648189827" lon="113.95945272020496">
        <ele>48.268632168881595</ele>
        <time>1970-01-01T00:25:46.900000Z</time>
        <extensions>
          <gpxtpx:TrackPointExtension>
            <gpxtpx:hr>168</gpxtpx:hr>
          </gpxtpx:TrackPointExtension>
        </extensions>
      </trkpt>
      <trkpt lat="22.732555209163863" lon="113.95942905657321">
        <ele>48.243061932735145</ele>
        <time>1970-01-01T00:25:47.900000Z</time>
        <extensions>
          <gpxtpx:TrackPointExtension>
            <gpxtpx:hr>168</gpxtpx:hr>
          </gpxtpx:TrackPointExtension>
        </extensions>
      </trkpt>
      <trkpt lat="22.732550787771537" lon="113.95940523879865">
        <ele>48.21787381730974</ele>
        <time>1970-01-01T00:25:48.900000Z</time>
        <extensions>
          <gpxtpx:TrackPointExtension>
            <gpxtpx:hr>168</gpxtpx:hr>
          </gpxtpx:TrackPointExtension>
        </extensions>
      </trkpt>
      <trkpt lat="22.732546557343635" lon="113.95938117495822">
        <ele>48.192083748057485</ele>
        <time>1970-01-01T00:25:49.900000Z</time>
        <extensions>
          <gpxtpx:TrackPointExtension>
            <gpxtpx:hr>168</gpxtpx:hr>
          </gpxtpx:TrackPointExtension>
        </extensions>
      </trkpt>
      <trkpt lat="22.73254231026608" lon="113.95935712437543">
        <ele>48.16474433336407</ele>
        <time>1970-01-01T00:25:50.900000Z</time>
        <extensions>
          <gpxtpx:TrackPointExtension>
            <gpxtpx:hr>168</gpxtpx:hr>
          </gpxtpx:TrackPointExtension>
        </extensions>
      </trkpt>
      <trkpt lat="22.732538020191626" lon="113.95933359634908">
        <ele>48.13504011090845</ele>
        <time>1970-01-01T00:25:51.900000Z</time>
        <extensions>
          <gpxtpx:TrackPointExtension>
            <gpxtpx:hr>168</gpxtpx:hr>
          </gpxtpx:TrackPointExtension>
        </extensions>
      </trkpt>
      <trkpt lat="22.732533764607663" lon="113.95931064402808">
        <ele>48.102630039677024</ele>
        <time>1970-01-01T00:25:52.900000Z</time>
        <extensions>
          <gpxtpx:TrackPointExtension>
            <gpxtpx:hr>168</gpxtpx:hr>
          </gpxtpx:TrackPointExtension>
        </extensions>
      </trkpt>
      <trkpt lat="22.732529279314676" lon="113.95928793086222">
        <ele>48.06768211349845</ele>
        <time>1970-01-01T00:25:53.900000Z</time>
        <extensions>
          <gpxtpx:TrackPointExtension>
            <gpxtpx:hr>168</gpxtpx:hr>
          </gpxtpx:TrackPointExtension>
        </extensions>
      </trkpt>
      <trkpt lat="22.73252451380585" lon="113.9592651280227">
        <ele>48.03086106479168</ele>
        <time>1970-01-01T00:25:54.900000Z</time>
        <extensions>
          <gpxtpx:TrackPointExtension>
            <gpxtpx:hr>169</gpxtpx:hr>
          </gpxtpx:TrackPointExtension>
        </extensions>
      </trkpt>
      <trkpt lat="22.73251986611631" lon="113.95924196309831">
        <ele>47.993189534172416</ele>
        <time>1970-01-01T00:25:55.900000Z</time>
        <extensions>
          <gpxtpx:TrackPointExtension>
            <gpxtpx:hr>169</gpxtpx:hr>
          </gpxtpx:TrackPointExtension>
        </extensions>
      </trkpt>
      <trkpt lat="22.73251548569824" lon="113.95921842781524">
        <ele>47.95587114896625</ele>
        <time>1970-01-01T00:25:56.900000Z</time>
        <extensions>
          <gpxtpx:TrackPointExtension>
            <gpxtpx:hr>169</gpxtpx:hr>
          </gpxtpx:TrackPointExtension>
        </extensions>
      </trkpt>
      <trkpt lat="22.732511148436856" lon="113.95919430954031">
        <ele>47.92010767105967</ele>
        <time>1970-01-01T00:25:57.900000Z</time>
        <extensions>
          <gpxtpx:TrackPointExtension>
            <gpxtpx:hr>169</gpxtpx:hr>
          </gpxtpx:TrackPointExtension>
        </extensions>
      </trkpt>
      <trkpt lat="22.732506646727245" lon="113.95916993874096">
        <ele>47.88679283950478</ele>
        <time>1970-01-01T00:25:58.900000Z</time>
        <extensions>
          <gpxtpx:TrackPointExtension>
            <gpxtpx:hr>169</gpxtpx:hr>
          </gpxtpx:TrackPointExtension>
        </extensions>
      </trkpt>
      <trkpt lat="22.732501735672823" lon="113.9591454353662">
        <ele>47.85643641836941</ele>
        <time>1970-01-01T00:25:59.900000Z</time>
        <extensions>
          <gpxtpx:TrackPointExtension>
            <gpxtpx:hr>169</gpxtpx:hr>
          </gpxtpx:TrackPointExtension>
        </extensions>
      </trkpt>
      <trkpt lat="22.732496498671914" lon="113.95912072433936">
        <ele>47.82878903951496</ele>
        <time>1970-01-01T00:26:00.900000Z</time>
        <extensions>
          <gpxtpx:TrackPointExtension>
            <gpxtpx:hr>173</gpxtpx:hr>
          </gpxtpx:TrackPointExtension>
        </extensions>
      </trkpt>
      <trkpt lat="22.732490980026473" lon="113.9590957270461">
        <ele>47.80303736962378</ele>
        <time>1970-01-01T00:26:01.900000Z</time>
        <extensions>
          <gpxtpx:TrackPointExtension>
            <gpxtpx:hr>173</gpxtpx:hr>
          </gpxtpx:TrackPointExtension>
        </extensions>
      </trkpt>
      <trkpt lat="22.732484921027176" lon="113.95907074130751">
        <ele>47.77815988007933</ele>
        <time>1970-01-01T00:26:02.900000Z</time>
        <extensions>
          <gpxtpx:TrackPointExtension>
            <gpxtpx:hr>173</gpxtpx:hr>
          </gpxtpx:TrackPointExtension>
        </extensions>
      </trkpt>
      <trkpt lat="22.732478207678145" lon="113.95904615568715">
        <ele>47.75332709494978</ele>
        <time>1970-01-01T00:26:03.900000Z</time>
        <extensions>
          <gpxtpx:TrackPointExtension>
            <gpxtpx:hr>173</gpxtpx:hr>
          </gpxtpx:TrackPointExtension>
        </extensions>
      </trkpt>
      <trkpt lat="22.73247090076857" lon="113.95902169580602">
        <ele>47.7276690620929</ele>
        <time>1970-01-01T00:26:04.900000Z</time>
        <extensions>
          <gpxtpx:TrackPointExtension>
            <gpxtpx:hr>173</gpxtpx:hr>
          </gpxtpx:TrackPointExtension>
        </extensions>
      </trkpt>
      <trkpt lat="22.732463257742673" lon="113.95899697049418">
        <ele>47.70051288232207</ele>
        <time>1970-01-01T00:26:05.900000Z</time>
        <extensions>
          <gpxtpx:TrackPointExtension>
            <gpxtpx:hr>173</gpxtpx:hr>
          </gpxtpx:TrackPointExtension>
        </extensions>
      </trkpt>
      <trkpt lat="22.73245563616326" lon="113.95897242354597">
        <ele>47.671471380628645</ele>
        <time>1970-01-01T00:26:06.900000Z</time>
        <extensions>
          <gpxtpx:TrackPointExtension>
            <gpxtpx:hr>174</gpxtpx:hr>
          </gpxtpx:TrackPointExtension>
        </extensions>
      </trkpt>
      <trkpt lat="22.732448116805713" lon="113.95894819277778">
        <ele>47.64046162646264</ele>
        <time>1970-01-01T00:26:07.900000Z</time>
        <extensions>
          <gpxtpx:TrackPointExtension>
            <gpxtpx:hr>174</gpxtpx:hr>
          </gpxtpx:TrackPointExtension>
        </extensions>
      </trkpt>
      <trkpt lat="22.732440586701156" lon="113.95892370193395">
        <ele>47.607575016096234</ele>
        <time>1970-01-01T00:26:08.900000Z</time>
        <extensions>
          <gpxtpx:TrackPointExtension>
            <gpxtpx:hr>174</gpxtpx:hr>
          </gpxtpx:TrackPointExtension>
        </extensions>
      </trkpt>
      <trkpt lat="22.732432812089947" lon="113.95889946397632">
        <ele>47.57335413526744</ele>
        <time>1970-01-01T00:26:09.900000Z</time>
        <extensions>
          <gpxtpx:TrackPointExtension>
            <gpxtpx:hr>174</gpxtpx:hr>
          </gpxtpx:TrackPointExtension>
        </extensions>
      </trkpt>
      <trkpt lat="22.73242510527479" lon="113.95887517115338">
        <ele>47.53871532063931</ele>
        <time>1970-01-01T00:26:10.900000Z</time>
        <extensions>
          <gpxtpx:TrackPointExtension>
            <gpxtpx:hr>175</gpxtpx:hr>
          </gpxtpx:TrackPointExtension>
        </extensions>
      </trkpt>
      <trkpt lat="22.732418587386483" lon="113.95885026541484">
        <ele>47.504727124236524</ele>
        <time>1970-01-01T00:26:11.900000Z</time>
        <extensions>
          <gpxtpx:TrackPointExtension>
            <gpxtpx:hr>175</gpxtpx:hr>
          </gpxtpx:TrackPointExtension>
        </extensions>
      </trkpt>
      <trkpt lat="22.73241389323357" lon="113.95882476947499">
        <ele>47.47236873116344</ele>
        <time>1970-01-01T00:26:12.900000Z</time>
        <extensions>
          <gpxtpx:TrackPointExtension>
            <gpxtpx:hr>175</gpxtpx:hr>
          </gpxtpx:TrackPointExtension>
        </extensions>
      </trkpt>
      <trkpt lat="22.73241040272588" lon="113.95879886521719">
        <ele>47.44232433009893</ele>
        <time>1970-01-01T00:26:13.900000Z</time>
        <extensions>
          <gpxtpx:TrackPointExtension>
            <gpxtpx:hr>175</gpxtpx:hr>
          </gpxtpx:TrackPointExtension>
        </extensions>
      </trkpt>
      <trkpt lat="22.732406897303687" lon="113.95877269501739">
        <ele>47.41478502377868</ele>
        <time>1970-01-01T00:26:14.900000Z</time>
        <extensions>
          <gpxtpx:TrackPointExtension>
            <gpxtpx:hr>175</gpxtpx:hr>
          </gpxtpx:TrackPointExtension>
        </extensions>
      </trkpt>
      <trkpt lat="22.732402962815023" lon="113.95874690015417">
        <ele>47.389351236633956</ele>
        <time>1970-01-01T00:26:15.900000Z</time>
        <extensions>
          <gpxtpx:TrackPointExtension>
            <gpxtpx:hr>175</gpxtpx:hr>
          </gpxtpx:TrackPointExtension>
        </extensions>
      </trkpt>
      <trkpt lat="22.732398647250758" lon="113.95872185722645">
        <ele>47.36511526722461</ele>
        <time>1970-01-01T00:26:16.900000Z</time>
        <extensions>
          <gpxtpx:TrackPointExtension>
            <gpxtpx:hr>175</gpxtpx:hr>
          </gpxtpx:TrackPointExtension>
        </extensions>
      </trkpt>
      <trkpt lat="22.73239351031382" lon="113.95869737790655">
        <ele>47.34102514479309</ele>
        <time>1970-01-01T00:26:17.900000Z</time>
        <extensions>
          <gpxtpx:TrackPointExtension>
            <gpxtpx:hr>175</gpxtpx:hr>
          </gpxtpx:TrackPointExtension>
        </extensions>
      </trkpt>
      <trkpt lat="22.73238707421489" lon="113.95867320681423">
        <ele>47.316203804686666</ele>
        <time>1970-01-01T00:26:18.900000Z</time>
        <extensions>
          <gpxtpx:TrackPointExtension>
            <gpxtpx:hr>175</gpxtpx:hr>
          </gpxtpx:TrackPointExtension>
        </extensions>
      </trkpt>
      <trkpt lat="22.73237963341082" lon="113.95864895805978">
        <ele>47.29006570298225</ele>
        <time>1970-01-01T00:26:19.900000Z</time>
        <extensions>
          <gpxtpx:TrackPointExtension>
            <gpxtpx:hr>175</gpxtpx:hr>
          </gpxtpx:TrackPointExtension>
        </extensions>
      </trkpt>
      <trkpt lat="22.73237219421379" lon="113.95862470894959">
        <ele>47.26234306395054</ele>
        <time>1970-01-01T00:26:20.900000Z</time>
        <extensions>
          <gpxtpx:TrackPointExtension>
            <gpxtpx:hr>175</gpxtpx:hr>
          </gpxtpx:TrackPointExtension>
        </extensions>
      </trkpt>
      <trkpt lat="22.732365033587833" lon="113.95860054813993">
        <ele>47.232984404079616</ele>
        <time>1970-01-01T00:26:21.900000Z</time>
        <extensions>
          <gpxtpx:TrackPointExtension>
            <gpxtpx:hr>175</gpxtpx:hr>
          </gpxtpx:TrackPointExtension>
        </extensions>
      </trkpt>
      <trkpt lat="22.732358002848283" lon="113.95857655082463">
        <ele>47.201985001564026</ele>
        <time>1970-01-01T00:26:22.900000Z</time>
        <extensions>
          <gpxtpx:TrackPointExtension>
            <gpxtpx:hr>174</gpxtpx:hr>
          </gpxtpx:TrackPointExtension>
        </extensions>
      </trkpt>
      <trkpt lat="22.732350873410354" lon="113.95855216086316">
        <ele>47.169513513334095</ele>
        <time>1970-01-01T00:26:23.900000Z</time>
        <extensions>
          <gpxtpx:TrackPointExtension>
            <gpxtpx:hr>174</gpxtpx:hr>
          </gpxtpx:TrackPointExtension>
        </extensions>
      </trkpt>
      <trkpt lat="22.732343434004605" lon="113.95852710454393">
        <ele>47.135810853913426</ele>
        <time>1970-01-01T00:26:24.900000Z</time>
        <extensions>
          <gpxtpx:TrackPointExtension>
            <gpxtpx:hr>174</gpxtpx:hr>
          </gpxtpx:TrackPointExtension>
        </extensions>
      </trkpt>
      <trkpt lat="22.732335589669017" lon="113.95850189739153">
        <ele>47.10115741752088</ele>
        <time>1970-01-01T00:26:25.900000Z</time>
        <extensions>
          <gpxtpx:TrackPointExtension>
            <gpxtpx:hr>174</gpxtpx:hr>
          </gpxtpx:TrackPointExtension>
        </extensions>
      </trkpt>
      <trkpt lat="22.732327390473227" lon="113.95847702471684">
        <ele>47.06597879528999</ele>
        <time>1970-01-01T00:26:26.900000Z</time>
        <extensions>
          <gpxtpx:TrackPointExtension>
            <gpxtpx:hr>174</gpxtpx:hr>
          </gpxtpx:TrackPointExtension>
        </extensions>
      </trkpt>
      <trkpt lat="22.73231879103064" lon="113.95845222954988">
        <ele>47.03081618528813</ele>
        <time>1970-01-01T00:26:27.900000Z</time>
        <extensions>
          <gpxtpx:TrackPointExtension>
            <gpxtpx:hr>174</gpxtpx:hr>
          </gpxtpx:TrackPointExtension>
        </extensions>
      </trkpt>
      <trkpt lat="22.732309849212047" lon="113.95842795364085">
        <ele>46.99613452889025</ele>
        <time>1970-01-01T00:26:28.900000Z</time>
        <extensions>
          <gpxtpx:TrackPointExtension>
            <gpxtpx:hr>174</gpxtpx:hr>
          </gpxtpx:TrackPointExtension>
        </extensions>
      </trkpt>
      <trkpt lat="22.732300577125695" lon="113.95840466758041">
        <ele>46.96235231682658</ele>
        <time>1970-01-01T00:26:29.900000Z</time>
        <extensions>
          <gpxtpx:TrackPointExtension>
            <gpxtpx:hr>174</gpxtpx:hr>
          </gpxtpx:TrackPointExtension>
        </extensions>
      </trkpt>
      <trkpt lat="22.732290646135638" lon="113.95838209140456">
        <ele>46.929941058158875</ele>
        <time>1970-01-01T00:26:30.900000Z</time>
        <extensions>
          <gpxtpx:TrackPointExtension>
            <gpxtpx:hr>174</gpxtpx:hr>
          </gpxtpx:TrackPointExtension>
        </extensions>
      </trkpt>
      <trkpt lat="22.73228039560989" lon="113.95835975351588">
        <ele>46.89926716405898</ele>
        <time>1970-01-01T00:26:31.900000Z</time>
        <extensions>
          <gpxtpx:TrackPointExtension>
            <gpxtpx:hr>174</gpxtpx:hr>
          </gpxtpx:TrackPointExtension>
        </extensions>
      </trkpt>
      <trkpt lat="22.732270336428744" lon="113.95833718003205">
        <ele>46.87046001199633</ele>
        <time>1970-01-01T00:26:32.900000Z</time>
        <extensions>
          <gpxtpx:TrackPointExtension>
            <gpxtpx:hr>173</gpxtpx:hr>
          </gpxtpx:TrackPointExtension>
        </extensions>
      </trkpt>
      <trkpt lat="22.73226048449725" lon="113.95831413934563">
        <ele>46.84337164554745</ele>
        <time>1970-01-01T00:26:33.900000Z</time>
        <extensions>
          <gpxtpx:TrackPointExtension>
            <gpxtpx:hr>173</gpxtpx:hr>
          </gpxtpx:TrackPointExtension>
        </extensions>
      </trkpt>
      <trkpt lat="22.732250846230485" lon="113.95829089571764">
        <ele>46.817602867260575</ele>
        <time>1970-01-01T00:26:34.900000Z</time>
        <extensions>
          <gpxtpx:TrackPointExtension>
            <gpxtpx:hr>173</gpxtpx:hr>
          </gpxtpx:TrackPointExtension>
        </extensions>
      </trkpt>
      <trkpt lat="22.73224132697127" lon="113.95826757387208">
        <ele>46.792503212578595</ele>
        <time>1970-01-01T00:26:35.900000Z</time>
        <extensions>
          <gpxtpx:TrackPointExtension>
            <gpxtpx:hr>173</gpxtpx:hr>
          </gpxtpx:TrackPointExtension>
        </extensions>
      </trkpt>
      <trkpt lat="22.732231939106246" lon="113.95824417157881">
        <ele>46.76740462053567</ele>
        <time>1970-01-01T00:26:36.900000Z</time>
        <extensions>
          <gpxtpx:TrackPointExtension>
            <gpxtpx:hr>173</gpxtpx:hr>
          </gpxtpx:TrackPointExtension>
        </extensions>
      </trkpt>
      <trkpt lat="22.732222716378168" lon="113.95822108190937">
        <ele>46.741807743906975</ele>
        <time>1970-01-01T00:26:37.900000Z</time>
        <extensions>
          <gpxtpx:TrackPointExtension>
            <gpxtpx:hr>173</gpxtpx:hr>
          </gpxtpx:TrackPointExtension>
        </extensions>
      </trkpt>
      <trkpt lat="22.732213598894273" lon="113.95819816501773">
        <ele>46.71548087708652</ele>
        <time>1970-01-01T00:26:38.900000Z</time>
        <extensions>
          <gpxtpx:TrackPointExtension>
            <gpxtpx:hr>173</gpxtpx:hr>
          </gpxtpx:TrackPointExtension>
        </extensions>
      </trkpt>
      <trkpt lat="22.732204694114984" lon="113.9581748573492">
        <ele>46.68842338770628</ele>
        <time>1970-01-01T00:26:39.900000Z</time>
        <extensions>
          <gpxtpx:TrackPointExtension>
            <gpxtpx:hr>173</gpxtpx:hr>
          </gpxtpx:TrackPointExtension>
        </extensions>
      </trkpt>
      <trkpt lat="22.732196177321132" lon="113.95815145689109">
        <ele>46.66099812369794</ele>
        <time>1970-01-01T00:26:40.900000Z</time>
        <extensions>
          <gpxtpx:TrackPointExtension>
            <gpxtpx:hr>173</gpxtpx:hr>
          </gpxtpx:TrackPointExtension>
        </extensions>
      </trkpt>
      <trkpt lat="22.732188139232257" lon="113.9581280916051">
        <ele>46.6334762442857</ele>
        <time>1970-01-01T00:26:41.900000Z</time>
        <extensions>
          <gpxtpx:TrackPointExtension>
            <gpxtpx:hr>173</gpxtpx:hr>
          </gpxtpx:TrackPointExtension>
        </extensions>
      </trkpt>
      <trkpt lat="22.73218063955252" lon="113.95810506230981">
        <ele>46.60604899842292</ele>
        <time>1970-01-01T00:26:42.900000Z</time>
        <extensions>
          <gpxtpx:TrackPointExtension>
            <gpxtpx:hr>171</gpxtpx:hr>
          </gpxtpx:TrackPointExtension>
        </extensions>
      </trkpt>
      <trkpt lat="22.73217336593531" lon="113.95808224931032">
        <ele>46.57865673676133</ele>
        <time>1970-01-01T00:26:43.900000Z</time>
        <extensions>
          <gpxtpx:TrackPointExtension>
            <gpxtpx:hr>171</gpxtpx:hr>
          </gpxtpx:TrackPointExtension>
        </extensions>
      </trkpt>
      <trkpt lat="22.73216627687848" lon="113.95805952418534">
        <ele>46.55088853370398</ele>
        <time>1970-01-01T00:26:44.900000Z</time>
        <extensions>
          <gpxtpx:TrackPointExtension>
            <gpxtpx:hr>171</gpxtpx:hr>
          </gpxtpx:TrackPointExtension>
        </extensions>
      </trkpt>
      <trkpt lat="22.732159445929028" lon="113.9580368567862">
        <ele>46.521826250478625</ele>
        <time>1970-01-01T00:26:45.900000Z</time>
        <extensions>
          <gpxtpx:TrackPointExtension>
            <gpxtpx:hr>171</gpxtpx:hr>
          </gpxtpx:TrackPointExtension>
        </extensions>
      </trkpt>
      <trkpt lat="22.732152475911374" lon="113.95801410572874">
        <ele>46.4908134015277</ele>
        <time>1970-01-01T00:26:46.900000Z</time>
        <extensions>
          <gpxtpx:TrackPointExtension>
            <gpxtpx:hr>171</gpxtpx:hr>
          </gpxtpx:TrackPointExtension>
        </extensions>
      </trkpt>
      <trkpt lat="22.732144999924696" lon="113.95799158273744">
        <ele>46.457346520386636</ele>
        <time>1970-01-01T00:26:47.900000Z</time>
        <extensions>
          <gpxtpx:TrackPointExtension>
            <gpxtpx:hr>171</gpxtpx:hr>
          </gpxtpx:TrackPointExtension>
        </extensions>
      </trkpt>
      <trkpt lat="22.732137111022922" lon="113.95796907283882">
        <ele>46.42117235250771</ele>
        <time>1970-01-01T00:26:48.900000Z</time>
        <extensions>
          <gpxtpx:TrackPointExtension>
            <gpxtpx:hr>171</gpxtpx:hr>
          </gpxtpx:TrackPointExtension>
        </extensions>
      </trkpt>
      <trkpt lat="22.732128994243947" lon="113.95794607138492">
        <ele>46.38226541876793</ele>
        <time>1970-01-01T00:26:49.900000Z</time>
        <extensions>
          <gpxtpx:TrackPointExtension>
            <gpxtpx:hr>171</gpxtpx:hr>
          </gpxtpx:TrackPointExtension>
        </extensions>
      </trkpt>
      <trkpt lat="22.73212106443309" lon="113.95792248758707">
        <ele>46.34107109066099</ele>
        <time>1970-01-01T00:26:50.900000Z</time>
        <extensions>
          <gpxtpx:TrackPointExtension>
            <gpxtpx:hr>171</gpxtpx:hr>
          </gpxtpx:TrackPointExtension>
        </extensions>
      </trkpt>
      <trkpt lat="22.732113578057586" lon="113.95789899458714">
        <ele>46.29851052071899</ele>
        <time>1970-01-01T00:26:51.900000Z</time>
        <extensions>
          <gpxtpx:TrackPointExtension>
            <gpxtpx:hr>173</gpxtpx:hr>
          </gpxtpx:TrackPointExtension>
        </extensions>
      </trkpt>
      <trkpt lat="22.732106610398542" lon="113.95787596609792">
        <ele>46.255856468342245</ele>
        <time>1970-01-01T00:26:52.900000Z</time>
        <extensions>
          <gpxtpx:TrackPointExtension>
            <gpxtpx:hr>173</gpxtpx:hr>
          </gpxtpx:TrackPointExtension>
        </extensions>
      </trkpt>
      <trkpt lat="22.732099843508532" lon="113.95785310302591">
        <ele>46.214523679576814</ele>
        <time>1970-01-01T00:26:53.900000Z</time>
        <extensions>
          <gpxtpx:TrackPointExtension>
            <gpxtpx:hr>173</gpxtpx:hr>
          </gpxtpx:TrackPointExtension>
        </extensions>
      </trkpt>
      <trkpt lat="22.73209242564009" lon="113.95782989439564">
        <ele>46.175626089796424</ele>
        <time>1970-01-01T00:26:54.900000Z</time>
        <extensions>
          <gpxtpx:TrackPointExtension>
            <gpxtpx:hr>173</gpxtpx:hr>
          </gpxtpx:TrackPointExtension>
        </extensions>
      </trkpt>
      <trkpt lat="22.732083966700877" lon="113.95780684734133">
        <ele>46.13974168151617</ele>
        <time>1970-01-01T00:26:55.900000Z</time>
        <extensions>
          <gpxtpx:TrackPointExtension>
            <gpxtpx:hr>173</gpxtpx:hr>
          </gpxtpx:TrackPointExtension>
        </extensions>
      </trkpt>
      <trkpt lat="22.732074772017157" lon="113.95778391157552">
        <ele>46.10665875021368</ele>
        <time>1970-01-01T00:26:56.900000Z</time>
        <extensions>
          <gpxtpx:TrackPointExtension>
            <gpxtpx:hr>173</gpxtpx:hr>
          </gpxtpx:TrackPointExtension>
        </extensions>
      </trkpt>
      <trkpt lat="22.73206524128144" lon="113.95776043295591">
        <ele>46.075543652288616</ele>
        <time>1970-01-01T00:26:57.900000Z</time>
        <extensions>
          <gpxtpx:TrackPointExtension>
            <gpxtpx:hr>173</gpxtpx:hr>
          </gpxtpx:TrackPointExtension>
        </extensions>
      </trkpt>
      <trkpt lat="22.732055694491166" lon="113.95773606833562">
        <ele>46.045203988440335</ele>
        <time>1970-01-01T00:26:58.900000Z</time>
        <extensions>
          <gpxtpx:TrackPointExtension>
            <gpxtpx:hr>173</gpxtpx:hr>
          </gpxtpx:TrackPointExtension>
        </extensions>
      </trkpt>
      <trkpt lat="22.732046583635356" lon="113.95771142952576">
        <ele>46.01499618962407</ele>
        <time>1970-01-01T00:26:59.900000Z</time>
        <extensions>
          <gpxtpx:TrackPointExtension>
            <gpxtpx:hr>173</gpxtpx:hr>
          </gpxtpx:TrackPointExtension>
        </extensions>
      </trkpt>
      <trkpt lat="22.732038235420912" lon="113.95768748624371">
        <ele>45.98451634217054</ele>
        <time>1970-01-01T00:27:00.900000Z</time>
        <extensions>
          <gpxtpx:TrackPointExtension>
            <gpxtpx:hr>173</gpxtpx:hr>
          </gpxtpx:TrackPointExtension>
        </extensions>
      </trkpt>
      <trkpt lat="22.732031047293667" lon="113.95766442229053">
        <ele>45.953540947288275</ele>
        <time>1970-01-01T00:27:01.900000Z</time>
        <extensions>
          <gpxtpx:TrackPointExtension>
            <gpxtpx:hr>174</gpxtpx:hr>
          </gpxtpx:TrackPointExtension>
        </extensions>
      </trkpt>
      <trkpt lat="22.732025031546723" lon="113.95764201321178">
        <ele>45.922045635059476</ele>
        <time>1970-01-01T00:27:02.900000Z</time>
        <extensions>
          <gpxtpx:TrackPointExtension>
            <gpxtpx:hr>174</gpxtpx:hr>
          </gpxtpx:TrackPointExtension>
        </extensions>
      </trkpt>
      <trkpt lat="22.732019284810136" lon="113.9576202423747">
        <ele>45.89041965641081</ele>
        <time>1970-01-01T00:27:03.900000Z</time>
        <extensions>
          <gpxtpx:TrackPointExtension>
            <gpxtpx:hr>174</gpxtpx:hr>
          </gpxtpx:TrackPointExtension>
        </extensions>
      </trkpt>
      <trkpt lat="22.732013157109236" lon="113.95759910165266">
        <ele>45.85920154955238</ele>
        <time>1970-01-01T00:27:04.900000Z</time>
        <extensions>
          <gpxtpx:TrackPointExtension>
            <gpxtpx:hr>174</gpxtpx:hr>
          </gpxtpx:TrackPointExtension>
        </extensions>
      </trkpt>
      <trkpt lat="22.73200634032629" lon="113.95757864082559">
        <ele>45.82914715912193</ele>
        <time>1970-01-01T00:27:05.900000Z</time>
        <extensions>
          <gpxtpx:TrackPointExtension>
            <gpxtpx:hr>174</gpxtpx:hr>
          </gpxtpx:TrackPointExtension>
        </extensions>
      </trkpt>
      <trkpt lat="22.73199882773509" lon="113.95755833876407">
        <ele>45.80100410617888</ele>
        <time>1970-01-01T00:27:06.900000Z</time>
        <extensions>
          <gpxtpx:TrackPointExtension>
            <gpxtpx:hr>173</gpxtpx:hr>
          </gpxtpx:TrackPointExtension>
        </extensions>
      </trkpt>
      <trkpt lat="22.731991325175088" lon="113.95753739460535">
        <ele>45.7752338796854</ele>
        <time>1970-01-01T00:27:07.900000Z</time>
        <extensions>
          <gpxtpx:TrackPointExtension>
            <gpxtpx:hr>173</gpxtpx:hr>
          </gpxtpx:TrackPointExtension>
        </extensions>
      </trkpt>
      <trkpt lat="22.731984373565787" lon="113.95751561010287">
        <ele>45.75168510340154</ele>
        <time>1970-01-01T00:27:08.900000Z</time>
        <extensions>
          <gpxtpx:TrackPointExtension>
            <gpxtpx:hr>173</gpxtpx:hr>
          </gpxtpx:TrackPointExtension>
        </extensions>
      </trkpt>
      <trkpt lat="22.73197802717711" lon="113.95749335771741">
        <ele>45.72976596560329</ele>
        <time>1970-01-01T00:27:09.900000Z</time>
        <extensions>
          <gpxtpx:TrackPointExtension>
            <gpxtpx:hr>173</gpxtpx:hr>
          </gpxtpx:TrackPointExtension>
        </extensions>
      </trkpt>
      <trkpt lat="22.731972121029326" lon="113.95747089456165">
        <ele>45.708522723056376</ele>
        <time>1970-01-01T00:27:10.900000Z</time>
        <extensions>
          <gpxtpx:TrackPointExtension>
            <gpxtpx:hr>173</gpxtpx:hr>
          </gpxtpx:TrackPointExtension>
        </extensions>
      </trkpt>
      <trkpt lat="22.731966425554635" lon="113.95744817490012">
        <ele>45.68699272163212</ele>
        <time>1970-01-01T00:27:11.900000Z</time>
        <extensions>
          <gpxtpx:TrackPointExtension>
            <gpxtpx:hr>173</gpxtpx:hr>
          </gpxtpx:TrackPointExtension>
        </extensions>
      </trkpt>
      <trkpt lat="22.731960635764644" lon="113.95742532730647">
        <ele>45.66445957869291</ele>
        <time>1970-01-01T00:27:12.900000Z</time>
        <extensions>
          <gpxtpx:TrackPointExtension>
            <gpxtpx:hr>173</gpxtpx:hr>
          </gpxtpx:TrackPointExtension>
        </extensions>
      </trkpt>
      <trkpt lat="22.731954007932995" lon="113.95740285070592">
        <ele>45.64075582660735</ele>
        <time>1970-01-01T00:27:13.900000Z</time>
        <extensions>
          <gpxtpx:TrackPointExtension>
            <gpxtpx:hr>173</gpxtpx:hr>
          </gpxtpx:TrackPointExtension>
        </extensions>
      </trkpt>
      <trkpt lat="22.73194623128069" lon="113.95738096019657">
        <ele>45.61575460154563</ele>
        <time>1970-01-01T00:27:14.900000Z</time>
        <extensions>
          <gpxtpx:TrackPointExtension>
            <gpxtpx:hr>173</gpxtpx:hr>
          </gpxtpx:TrackPointExtension>
        </extensions>
      </trkpt>
      <trkpt lat="22.731937801355436" lon="113.95735912130802">
        <ele>45.58946590684354</ele>
        <time>1970-01-01T00:27:15.900000Z</time>
        <extensions>
          <gpxtpx:TrackPointExtension>
            <gpxtpx:hr>173</gpxtpx:hr>
          </gpxtpx:TrackPointExtension>
        </extensions>
      </trkpt>
      <trkpt lat="22.731929621468325" lon="113.95733726800908">
        <ele>45.56201141513884</ele>
        <time>1970-01-01T00:27:16.900000Z</time>
        <extensions>
          <gpxtpx:TrackPointExtension>
            <gpxtpx:hr>173</gpxtpx:hr>
          </gpxtpx:TrackPointExtension>
        </extensions>
      </trkpt>
      <trkpt lat="22.7319223449479" lon="113.95731475393626">
        <ele>45.534055824391544</ele>
        <time>1970-01-01T00:27:17.900000Z</time>
        <extensions>
          <gpxtpx:TrackPointExtension>
            <gpxtpx:hr>171</gpxtpx:hr>
          </gpxtpx:TrackPointExtension>
        </extensions>
      </trkpt>
      <trkpt lat="22.73191564061721" lon="113.95729222313715">
        <ele>45.50611646287143</ele>
        <time>1970-01-01T00:27:18.900000Z</time>
        <extensions>
          <gpxtpx:TrackPointExtension>
            <gpxtpx:hr>171</gpxtpx:hr>
          </gpxtpx:TrackPointExtension>
        </extensions>
      </trkpt>
      <trkpt lat="22.73190899183828" lon="113.95726985158555">
        <ele>45.478354681283236</ele>
        <time>1970-01-01T00:27:19.900000Z</time>
        <extensions>
          <gpxtpx:TrackPointExtension>
            <gpxtpx:hr>171</gpxtpx:hr>
          </gpxtpx:TrackPointExtension>
        </extensions>
      </trkpt>
      <trkpt lat="22.731902445748307" lon="113.95724739284368">
        <ele>45.450684054754674</ele>
        <time>1970-01-01T00:27:20.900000Z</time>
        <extensions>
          <gpxtpx:TrackPointExtension>
            <gpxtpx:hr>171</gpxtpx:hr>
          </gpxtpx:TrackPointExtension>
        </extensions>
      </trkpt>
      <trkpt lat="22.731896040864328" lon="113.95722480850435">
        <ele>45.42301707994193</ele>
        <time>1970-01-01T00:27:21.900000Z</time>
        <extensions>
          <gpxtpx:TrackPointExtension>
            <gpxtpx:hr>171</gpxtpx:hr>
          </gpxtpx:TrackPointExtension>
        </extensions>
      </trkpt>
      <trkpt lat="22.731889627583286" lon="113.95720199959243">
        <ele>45.395229652523994</ele>
        <time>1970-01-01T00:27:22.900000Z</time>
        <extensions>
          <gpxtpx:TrackPointExtension>
            <gpxtpx:hr>171</gpxtpx:hr>
          </gpxtpx:TrackPointExtension>
        </extensions>
      </trkpt>
      <trkpt lat="22.73188295093795" lon="113.95717938943999">
        <ele>45.36762638296932</ele>
        <time>1970-01-01T00:27:23.900000Z</time>
        <extensions>
          <gpxtpx:TrackPointExtension>
            <gpxtpx:hr>171</gpxtpx:hr>
          </gpxtpx:TrackPointExtension>
        </extensions>
      </trkpt>
      <trkpt lat="22.7318759372341" lon="113.95715696159897">
        <ele>45.340969033539295</ele>
        <time>1970-01-01T00:27:24.900000Z</time>
        <extensions>
          <gpxtpx:TrackPointExtension>
            <gpxtpx:hr>171</gpxtpx:hr>
          </gpxtpx:TrackPointExtension>
        </extensions>
      </trkpt>
      <trkpt lat="22.731868707616734" lon="113.9571346041622">
        <ele>45.316130188293755</ele>
        <time>1970-01-01T00:27:25.900000Z</time>
        <extensions>
          <gpxtpx:TrackPointExtension>
            <gpxtpx:hr>171</gpxtpx:hr>
          </gpxtpx:TrackPointExtension>
        </extensions>
      </trkpt>
      <trkpt lat="22.731861237659594" lon="113.95711297389332">
        <ele>45.29360293317586</ele>
        <time>1970-01-01T00:27:26.900000Z</time>
        <extensions>
          <gpxtpx:TrackPointExtension>
            <gpxtpx:hr>171</gpxtpx:hr>
          </gpxtpx:TrackPointExtension>
        </extensions>
      </trkpt>
      <trkpt lat="22.731852992438906" lon="113.95709232343603">
        <ele>45.272915767505765</ele>
        <time>1970-01-01T00:27:27.900000Z</time>
        <extensions>
          <gpxtpx:TrackPointExtension>
            <gpxtpx:hr>170</gpxtpx:hr>
          </gpxtpx:TrackPointExtension>
        </extensions>
      </trkpt>
      <trkpt lat="22.731843286102322" lon="113.95707254099302">
        <ele>45.25293381884694</ele>
        <time>1970-01-01T00:27:28.900000Z</time>
        <extensions>
          <gpxtpx:TrackPointExtension>
            <gpxtpx:hr>170</gpxtpx:hr>
          </gpxtpx:TrackPointExtension>
        </extensions>
      </trkpt>
      <trkpt lat="22.731832556528463" lon="113.9570529080171">
        <ele>45.23243623226881</ele>
        <time>1970-01-01T00:27:29.900000Z</time>
        <extensions>
          <gpxtpx:TrackPointExtension>
            <gpxtpx:hr>170</gpxtpx:hr>
          </gpxtpx:TrackPointExtension>
        </extensions>
      </trkpt>
      <trkpt lat="22.73182201463241" lon="113.9570326102296">
        <ele>45.210465219803154</ele>
        <time>1970-01-01T00:27:30.900000Z</time>
        <extensions>
          <gpxtpx:TrackPointExtension>
            <gpxtpx:hr>170</gpxtpx:hr>
          </gpxtpx:TrackPointExtension>
        </extensions>
      </trkpt>
      <trkpt lat="22.731811735766176" lon="113.95701199231117">
        <ele>45.18630080949515</ele>
        <time>1970-01-01T00:27:31.900000Z</time>
        <extensions>
          <gpxtpx:TrackPointExtension>
            <gpxtpx:hr>170</gpxtpx:hr>
          </gpxtpx:TrackPointExtension>
        </extensions>
      </trkpt>
      <trkpt lat="22.731801433598445" lon="113.95699121219255">
        <ele>45.15966532099992</ele>
        <time>1970-01-01T00:27:32.900000Z</time>
        <extensions>
          <gpxtpx:TrackPointExtension>
            <gpxtpx:hr>170</gpxtpx:hr>
          </gpxtpx:TrackPointExtension>
        </extensions>
      </trkpt>
      <trkpt lat="22.73179140049812" lon="113.95697022613562">
        <ele>45.13071758765727</ele>
        <time>1970-01-01T00:27:33.900000Z</time>
        <extensions>
          <gpxtpx:TrackPointExtension>
            <gpxtpx:hr>170</gpxtpx:hr>
          </gpxtpx:TrackPointExtension>
        </extensions>
      </trkpt>
      <trkpt lat="22.731782107953876" lon="113.95694898846666">
        <ele>45.09991545602679</ele>
        <time>1970-01-01T00:27:34.900000Z</time>
        <extensions>
          <gpxtpx:TrackPointExtension>
            <gpxtpx:hr>170</gpxtpx:hr>
          </gpxtpx:TrackPointExtension>
        </extensions>
      </trkpt>
      <trkpt lat="22.731773227419538" lon="113.95692760756263">
        <ele>45.067857498303056</ele>
        <time>1970-01-01T00:27:35.900000Z</time>
        <extensions>
          <gpxtpx:TrackPointExtension>
            <gpxtpx:hr>170</gpxtpx:hr>
          </gpxtpx:TrackPointExtension>
        </extensions>
      </trkpt>
      <trkpt lat="22.7317647651101" lon="113.95690632537092">
        <ele>45.03539014235139</ele>
        <time>1970-01-01T00:27:36.900000Z</time>
        <extensions>
          <gpxtpx:TrackPointExtension>
            <gpxtpx:hr>170</gpxtpx:hr>
          </gpxtpx:TrackPointExtension>
        </extensions>
      </trkpt>
      <trkpt lat="22.731756532715444" lon="113.95688487069187">
        <ele>45.00353286974132</ele>
        <time>1970-01-01T00:27:37.900000Z</time>
        <extensions>
          <gpxtpx:TrackPointExtension>
            <gpxtpx:hr>169</gpxtpx:hr>
          </gpxtpx:TrackPointExtension>
        </extensions>
      </trkpt>
      <trkpt lat="22.73174823728803" lon="113.95686338768117">
        <ele>44.97309643216431</ele>
        <time>1970-01-01T00:27:38.900000Z</time>
        <extensions>
          <gpxtpx:TrackPointExtension>
            <gpxtpx:hr>169</gpxtpx:hr>
          </gpxtpx:TrackPointExtension>
        </extensions>
      </trkpt>
      <trkpt lat="22.731739516001348" lon="113.9568419967833">
        <ele>44.94440232217312</ele>
        <time>1970-01-01T00:27:39.900000Z</time>
        <extensions>
          <gpxtpx:TrackPointExtension>
            <gpxtpx:hr>169</gpxtpx:hr>
          </gpxtpx:TrackPointExtension>
        </extensions>
      </trkpt>
      <trkpt lat="22.731730356340673" lon="113.95682066068194">
        <ele>44.9174374807626</ele>
        <time>1970-01-01T00:27:40.900000Z</time>
        <extensions>
          <gpxtpx:TrackPointExtension>
            <gpxtpx:hr>169</gpxtpx:hr>
          </gpxtpx:TrackPointExtension>
        </extensions>
      </trkpt>
      <trkpt lat="22.731721193268744" lon="113.95679936268701">
        <ele>44.89181806240231</ele>
        <time>1970-01-01T00:27:41.900000Z</time>
        <extensions>
          <gpxtpx:TrackPointExtension>
            <gpxtpx:hr>169</gpxtpx:hr>
          </gpxtpx:TrackPointExtension>
        </extensions>
      </trkpt>
      <trkpt lat="22.7317119747674" lon="113.95677807984775">
        <ele>44.86702206078917</ele>
        <time>1970-01-01T00:27:42.900000Z</time>
        <extensions>
          <gpxtpx:TrackPointExtension>
            <gpxtpx:hr>169</gpxtpx:hr>
          </gpxtpx:TrackPointExtension>
        </extensions>
      </trkpt>
      <trkpt lat="22.73170317441967" lon="113.95675687202065">
        <ele>44.84268236160278</ele>
        <time>1970-01-01T00:27:43.900000Z</time>
        <extensions>
          <gpxtpx:TrackPointExtension>
            <gpxtpx:hr>169</gpxtpx:hr>
          </gpxtpx:TrackPointExtension>
        </extensions>
      </trkpt>
      <trkpt lat="22.731695557758307" lon="113.95673547804324">
        <ele>44.81881898175925</ele>
        <time>1970-01-01T00:27:44.900000Z</time>
        <extensions>
          <gpxtpx:TrackPointExtension>
            <gpxtpx:hr>169</gpxtpx:hr>
          </gpxtpx:TrackPointExtension>
        </extensions>
      </trkpt>
      <trkpt lat="22.731689715648063" lon="113.95671540953727">
        <ele>44.7956447256729</ele>
        <time>1970-01-01T00:27:45.900000Z</time>
        <extensions>
          <gpxtpx:TrackPointExtension>
            <gpxtpx:hr>169</gpxtpx:hr>
          </gpxtpx:TrackPointExtension>
        </extensions>
      </trkpt>
      <trkpt lat="22.731684710149235" lon="113.95669615243959">
        <ele>44.77371114026755</ele>
        <time>1970-01-01T00:27:46.900000Z</time>
        <extensions>
          <gpxtpx:TrackPointExtension>
            <gpxtpx:hr>169</gpxtpx:hr>
          </gpxtpx:TrackPointExtension>
        </extensions>
      </trkpt>
      <trkpt lat="22.73167838407409" lon="113.95667580736253">
        <ele>44.753400433808565</ele>
        <time>1970-01-01T00:27:47.900000Z</time>
        <extensions>
          <gpxtpx:TrackPointExtension>
            <gpxtpx:hr>170</gpxtpx:hr>
          </gpxtpx:TrackPointExtension>
        </extensions>
      </trkpt>
      <trkpt lat="22.731669738052453" lon="113.95665468142423">
        <ele>44.7347372090444</ele>
        <time>1970-01-01T00:27:48.900000Z</time>
        <extensions>
          <gpxtpx:TrackPointExtension>
            <gpxtpx:hr>170</gpxtpx:hr>
          </gpxtpx:TrackPointExtension>
        </extensions>
      </trkpt>
      <trkpt lat="22.731659507372978" lon="113.95663354835335">
        <ele>44.71718751359731</ele>
        <time>1970-01-01T00:27:49.900000Z</time>
        <extensions>
          <gpxtpx:TrackPointExtension>
            <gpxtpx:hr>170</gpxtpx:hr>
          </gpxtpx:TrackPointExtension>
        </extensions>
      </trkpt>
      <trkpt lat="22.73164851189208" lon="113.95661241627478">
        <ele>44.700167398899794</ele>
        <time>1970-01-01T00:27:50.900000Z</time>
        <extensions>
          <gpxtpx:TrackPointExtension>
            <gpxtpx:hr>170</gpxtpx:hr>
          </gpxtpx:TrackPointExtension>
        </extensions>
      </trkpt>
      <trkpt lat="22.731637059552085" lon="113.95659090507964">
        <ele>44.68272977974266</ele>
        <time>1970-01-01T00:27:51.900000Z</time>
        <extensions>
          <gpxtpx:TrackPointExtension>
            <gpxtpx:hr>170</gpxtpx:hr>
          </gpxtpx:TrackPointExtension>
        </extensions>
      </trkpt>
      <trkpt lat="22.731625714867835" lon="113.95656894484554">
        <ele>44.66393837239593</ele>
        <time>1970-01-01T00:27:52.900000Z</time>
        <extensions>
          <gpxtpx:TrackPointExtension>
            <gpxtpx:hr>170</gpxtpx:hr>
          </gpxtpx:TrackPointExtension>
        </extensions>
      </trkpt>
      <trkpt lat="22.73161513977324" lon="113.95654662627584">
        <ele>44.64312311634421</ele>
        <time>1970-01-01T00:27:53.900000Z</time>
        <extensions>
          <gpxtpx:TrackPointExtension>
            <gpxtpx:hr>170</gpxtpx:hr>
          </gpxtpx:TrackPointExtension>
        </extensions>
      </trkpt>
      <trkpt lat="22.731605082013893" lon="113.95652442106773">
        <ele>44.62033580802381</ele>
        <time>1970-01-01T00:27:54.900000Z</time>
        <extensions>
          <gpxtpx:TrackPointExtension>
            <gpxtpx:hr>170</gpxtpx:hr>
          </gpxtpx:TrackPointExtension>
        </extensions>
      </trkpt>
      <trkpt lat="22.73159470716323" lon="113.95650267435124">
        <ele>44.595469574443996</ele>
        <time>1970-01-01T00:27:55.900000Z</time>
        <extensions>
          <gpxtpx:TrackPointExtension>
            <gpxtpx:hr>170</gpxtpx:hr>
          </gpxtpx:TrackPointExtension>
        </extensions>
      </trkpt>
      <trkpt lat="22.73158404405696" lon="113.95648133622737">
        <ele>44.568986183963716</ele>
        <time>1970-01-01T00:27:56.900000Z</time>
        <extensions>
          <gpxtpx:TrackPointExtension>
            <gpxtpx:hr>170</gpxtpx:hr>
          </gpxtpx:TrackPointExtension>
        </extensions>
      </trkpt>
      <trkpt lat="22.73157344205249" lon="113.95646012646023">
        <ele>44.54173259716481</ele>
        <time>1970-01-01T00:27:57.900000Z</time>
        <extensions>
          <gpxtpx:TrackPointExtension>
            <gpxtpx:hr>168</gpxtpx:hr>
          </gpxtpx:TrackPointExtension>
        </extensions>
      </trkpt>
      <trkpt lat="22.731562784644264" lon="113.95643864051742">
        <ele>44.514563457109034</ele>
        <time>1970-01-01T00:27:58.900000Z</time>
        <extensions>
          <gpxtpx:TrackPointExtension>
            <gpxtpx:hr>168</gpxtpx:hr>
          </gpxtpx:TrackPointExtension>
        </extensions>
      </trkpt>
      <trkpt lat="22.73155197941877" lon="113.95641687740311">
        <ele>44.48772462736815</ele>
        <time>1970-01-01T00:27:59.900000Z</time>
        <extensions>
          <gpxtpx:TrackPointExtension>
            <gpxtpx:hr>168</gpxtpx:hr>
          </gpxtpx:TrackPointExtension>
        </extensions>
      </trkpt>
      <trkpt lat="22.731541400105613" lon="113.95639442482485">
        <ele>44.46094933990389</ele>
        <time>1970-01-01T00:28:00.900000Z</time>
        <extensions>
          <gpxtpx:TrackPointExtension>
            <gpxtpx:hr>168</gpxtpx:hr>
          </gpxtpx:TrackPointExtension>
        </extensions>
      </trkpt>
      <trkpt lat="22.73153129390676" lon="113.95637177897203">
        <ele>44.43325780052692</ele>
        <time>1970-01-01T00:28:01.900000Z</time>
        <extensions>
          <gpxtpx:TrackPointExtension>
            <gpxtpx:hr>168</gpxtpx:hr>
          </gpxtpx:TrackPointExtension>
        </extensions>
      </trkpt>
      <trkpt lat="22.731521038159023" lon="113.95634957214438">
        <ele>44.40321837551892</ele>
        <time>1970-01-01T00:28:02.900000Z</time>
        <extensions>
          <gpxtpx:TrackPointExtension>
            <gpxtpx:hr>168</gpxtpx:hr>
          </gpxtpx:TrackPointExtension>
        </extensions>
      </trkpt>
      <trkpt lat="22.731509843156704" lon="113.95632816749695">
        <ele>44.36936934385449</ele>
        <time>1970-01-01T00:28:03.900000Z</time>
        <extensions>
          <gpxtpx:TrackPointExtension>
            <gpxtpx:hr>168</gpxtpx:hr>
          </gpxtpx:TrackPointExtension>
        </extensions>
      </trkpt>
      <trkpt lat="22.731498330962637" lon="113.95630719175605">
        <ele>44.330673513934016</ele>
        <time>1970-01-01T00:28:04.900000Z</time>
        <extensions>
          <gpxtpx:TrackPointExtension>
            <gpxtpx:hr>168</gpxtpx:hr>
          </gpxtpx:TrackPointExtension>
        </extensions>
      </trkpt>
      <trkpt lat="22.73148668179126" lon="113.95628616985843">
        <ele>44.287388456985354</ele>
        <time>1970-01-01T00:28:05.900000Z</time>
        <extensions>
          <gpxtpx:TrackPointExtension>
            <gpxtpx:hr>168</gpxtpx:hr>
          </gpxtpx:TrackPointExtension>
        </extensions>
      </trkpt>
      <trkpt lat="22.731474576586926" lon="113.95626556193211">
        <ele>44.240669468417764</ele>
        <time>1970-01-01T00:28:06.900000Z</time>
        <extensions>
          <gpxtpx:TrackPointExtension>
            <gpxtpx:hr>168</gpxtpx:hr>
          </gpxtpx:TrackPointExtension>
        </extensions>
      </trkpt>
      <trkpt lat="22.731462173325312" lon="113.95624556580168">
        <ele>44.19214729126543</ele>
        <time>1970-01-01T00:28:07.900000Z</time>
        <extensions>
          <gpxtpx:TrackPointExtension>
            <gpxtpx:hr>168</gpxtpx:hr>
          </gpxtpx:TrackPointExtension>
        </extensions>
      </trkpt>
      <trkpt lat="22.731450071495175" lon="113.95622549438569">
        <ele>44.14360917825252</ele>
        <time>1970-01-01T00:28:08.900000Z</time>
        <extensions>
          <gpxtpx:TrackPointExtension>
            <gpxtpx:hr>168</gpxtpx:hr>
          </gpxtpx:TrackPointExtension>
        </extensions>
      </trkpt>
      <trkpt lat="22.731438233056718" lon="113.95620527945779">
        <ele>44.09681588038802</ele>
        <time>1970-01-01T00:28:09.900000Z</time>
        <extensions>
          <gpxtpx:TrackPointExtension>
            <gpxtpx:hr>168</gpxtpx:hr>
          </gpxtpx:TrackPointExtension>
        </extensions>
      </trkpt>
      <trkpt lat="22.731426694726927" lon="113.9561848594055">
        <ele>44.052899077534676</ele>
        <time>1970-01-01T00:28:10.900000Z</time>
        <extensions>
          <gpxtpx:TrackPointExtension>
            <gpxtpx:hr>168</gpxtpx:hr>
          </gpxtpx:TrackPointExtension>
        </extensions>
      </trkpt>
      <trkpt lat="22.73141549012814" lon="113.95616424383577">
        <ele>44.01252770796418</ele>
        <time>1970-01-01T00:28:11.900000Z</time>
        <extensions>
          <gpxtpx:TrackPointExtension>
            <gpxtpx:hr>168</gpxtpx:hr>
          </gpxtpx:TrackPointExtension>
        </extensions>
      </trkpt>
      <trkpt lat="22.73140453944375" lon="113.95614389995946">
        <ele>43.976083943620324</ele>
        <time>1970-01-01T00:28:12.900000Z</time>
        <extensions>
          <gpxtpx:TrackPointExtension>
            <gpxtpx:hr>168</gpxtpx:hr>
          </gpxtpx:TrackPointExtension>
        </extensions>
      </trkpt>
      <trkpt lat="22.731392858759964" lon="113.9561238377656">
        <ele>43.94365726970136</ele>
        <time>1970-01-01T00:28:13.900000Z</time>
        <extensions>
          <gpxtpx:TrackPointExtension>
            <gpxtpx:hr>167</gpxtpx:hr>
          </gpxtpx:TrackPointExtension>
        </extensions>
      </trkpt>
      <trkpt lat="22.73138023496513" lon="113.9561041119511">
        <ele>43.91484429407865</ele>
        <time>1970-01-01T00:28:14.900000Z</time>
        <extensions>
          <gpxtpx:TrackPointExtension>
            <gpxtpx:hr>167</gpxtpx:hr>
          </gpxtpx:TrackPointExtension>
        </extensions>
      </trkpt>
      <trkpt lat="22.73136768573648" lon="113.95608465806899">
        <ele>43.88875329401344</ele>
        <time>1970-01-01T00:28:15.900000Z</time>
        <extensions>
          <gpxtpx:TrackPointExtension>
            <gpxtpx:hr>167</gpxtpx:hr>
          </gpxtpx:TrackPointExtension>
        </extensions>
      </trkpt>
      <trkpt lat="22.731356072917453" lon="113.9560652406689">
        <ele>43.864094578661025</ele>
        <time>1970-01-01T00:28:16.900000Z</time>
        <extensions>
          <gpxtpx:TrackPointExtension>
            <gpxtpx:hr>166</gpxtpx:hr>
          </gpxtpx:TrackPointExtension>
        </extensions>
      </trkpt>
      <trkpt lat="22.7313453334587" lon="113.95604585654968">
        <ele>43.83931307028979</ele>
        <time>1970-01-01T00:28:17.900000Z</time>
        <extensions>
          <gpxtpx:TrackPointExtension>
            <gpxtpx:hr>166</gpxtpx:hr>
          </gpxtpx:TrackPointExtension>
        </extensions>
      </trkpt>
      <trkpt lat="22.73133518128057" lon="113.95602617216083">
        <ele>43.813454245217144</ele>
        <time>1970-01-01T00:28:18.900000Z</time>
        <extensions>
          <gpxtpx:TrackPointExtension>
            <gpxtpx:hr>166</gpxtpx:hr>
          </gpxtpx:TrackPointExtension>
        </extensions>
      </trkpt>
      <trkpt lat="22.73132570112321" lon="113.9560057326095">
        <ele>43.78609139658511</ele>
        <time>1970-01-01T00:28:19.900000Z</time>
        <extensions>
          <gpxtpx:TrackPointExtension>
            <gpxtpx:hr>167</gpxtpx:hr>
          </gpxtpx:TrackPointExtension>
        </extensions>
      </trkpt>
      <trkpt lat="22.731316691177074" lon="113.95598498281721">
        <ele>43.757352844811976</ele>
        <time>1970-01-01T00:28:20.900000Z</time>
        <extensions>
          <gpxtpx:TrackPointExtension>
            <gpxtpx:hr>167</gpxtpx:hr>
          </gpxtpx:TrackPointExtension>
        </extensions>
      </trkpt>
      <trkpt lat="22.73130757188935" lon="113.95596412331568">
        <ele>43.72784665878862</ele>
        <time>1970-01-01T00:28:21.900000Z</time>
        <extensions>
          <gpxtpx:TrackPointExtension>
            <gpxtpx:hr>167</gpxtpx:hr>
          </gpxtpx:TrackPointExtension>
        </extensions>
      </trkpt>
      <trkpt lat="22.731297906266928" lon="113.95594299623967">
        <ele>43.698753552511334</ele>
        <time>1970-01-01T00:28:22.900000Z</time>
        <extensions>
          <gpxtpx:TrackPointExtension>
            <gpxtpx:hr>167</gpxtpx:hr>
          </gpxtpx:TrackPointExtension>
        </extensions>
      </trkpt>
      <trkpt lat="22.731288320260045" lon="113.95592162088708">
        <ele>43.67093044798821</ele>
        <time>1970-01-01T00:28:23.900000Z</time>
        <extensions>
          <gpxtpx:TrackPointExtension>
            <gpxtpx:hr>167</gpxtpx:hr>
          </gpxtpx:TrackPointExtension>
        </extensions>
      </trkpt>
      <trkpt lat="22.73127926903559" lon="113.955900095732">
        <ele>43.65202613174915</ele>
        <time>1970-01-01T00:28:24.900000Z</time>
        <extensions>
          <gpxtpx:TrackPointExtension>
            <gpxtpx:hr>167</gpxtpx:hr>
          </gpxtpx:TrackPointExtension>
        </extensions>
      </trkpt>
      <trkpt lat="22.731270580410914" lon="113.95587886694217">
        <ele>43.62943744752556</ele>
        <time>1970-01-01T00:28:25.900000Z</time>
        <extensions>
          <gpxtpx:TrackPointExtension>
            <gpxtpx:hr>167</gpxtpx:hr>
          </gpxtpx:TrackPointExtension>
        </extensions>
      </trkpt>
      <trkpt lat="22.731261631009392" lon="113.95585733444734">
        <ele>43.60441027395427</ele>
        <time>1970-01-01T00:28:26.900000Z</time>
        <extensions>
          <gpxtpx:TrackPointExtension>
            <gpxtpx:hr>170</gpxtpx:hr>
          </gpxtpx:TrackPointExtension>
        </extensions>
      </trkpt>
      <trkpt lat="22.73125244615222" lon="113.95583583014499">
        <ele>43.570021039806306</ele>
        <time>1970-01-01T00:28:27.900000Z</time>
        <extensions>
          <gpxtpx:TrackPointExtension>
            <gpxtpx:hr>170</gpxtpx:hr>
          </gpxtpx:TrackPointExtension>
        </extensions>
      </trkpt>
      <trkpt lat="22.73124256151985" lon="113.95581380820371">
        <ele>43.49691794253886</ele>
        <time>1970-01-01T00:28:28.900000Z</time>
        <extensions>
          <gpxtpx:TrackPointExtension>
            <gpxtpx:hr>170</gpxtpx:hr>
          </gpxtpx:TrackPointExtension>
        </extensions>
      </trkpt>
      <trkpt lat="22.7312316633786" lon="113.95579139545522">
        <ele>43.4234216324985</ele>
        <time>1970-01-01T00:28:29.900000Z</time>
        <extensions>
          <gpxtpx:TrackPointExtension>
            <gpxtpx:hr>170</gpxtpx:hr>
          </gpxtpx:TrackPointExtension>
        </extensions>
      </trkpt>
      <trkpt lat="22.731220039917677" lon="113.95576884739326">
        <ele>43.34982396662235</ele>
        <time>1970-01-01T00:28:30.900000Z</time>
        <extensions>
          <gpxtpx:TrackPointExtension>
            <gpxtpx:hr>170</gpxtpx:hr>
          </gpxtpx:TrackPointExtension>
        </extensions>
      </trkpt>
      <trkpt lat="22.73120814309196" lon="113.95574603390578">
        <ele>43.2672253260389</ele>
        <time>1970-01-01T00:28:31.900000Z</time>
        <extensions>
          <gpxtpx:TrackPointExtension>
            <gpxtpx:hr>170</gpxtpx:hr>
          </gpxtpx:TrackPointExtension>
        </extensions>
      </trkpt>
      <trkpt lat="22.731196629877537" lon="113.95572298165634">
        <ele>43.17202782724053</ele>
        <time>1970-01-01T00:28:32.900000Z</time>
        <extensions>
          <gpxtpx:TrackPointExtension>
            <gpxtpx:hr>170</gpxtpx:hr>
          </gpxtpx:TrackPointExtension>
        </extensions>
      </trkpt>
      <trkpt lat="22.7311860832488" lon="113.95570023852501">
        <ele>43.06272201612592</ele>
        <time>1970-01-01T00:28:33.900000Z</time>
        <extensions>
          <gpxtpx:TrackPointExtension>
            <gpxtpx:hr>169</gpxtpx:hr>
          </gpxtpx:TrackPointExtension>
        </extensions>
      </trkpt>
      <trkpt lat="22.73117641933214" lon="113.95567781499086">
        <ele>42.942746030166745</ele>
        <time>1970-01-01T00:28:34.900000Z</time>
        <extensions>
          <gpxtpx:TrackPointExtension>
            <gpxtpx:hr>169</gpxtpx:hr>
          </gpxtpx:TrackPointExtension>
        </extensions>
      </trkpt>
      <trkpt lat="22.73116836322682" lon="113.9556579104974">
        <ele>42.83565271273255</ele>
        <time>1970-01-01T00:28:35.800000Z</time>
        <extensions>
          <gpxtpx:TrackPointExtension>
            <gpxtpx:hr>169</gpxtpx:hr>
          </gpxtpx:TrackPointExtension>
        </extensions>
      </trkpt>
      <trkpt lat="22.73116730103935" lon="113.95565521894514">
        <ele>42.8080605911091</ele>
        <time>1970-01-01T00:28:35.900000Z</time>
        <extensions>
          <gpxtpx:TrackPointExtension>
            <gpxtpx:hr>169</gpxtpx:hr>
          </gpxtpx:TrackPointExtension>
        </extensions>
      </trkpt>
      <trkpt lat="22.731157976409165" lon="113.95563218420962">
        <ele>42.741478263400495</ele>
        <time>1970-01-01T00:28:36.900000Z</time>
        <extensions>
          <gpxtpx:TrackPointExtension>
            <gpxtpx:hr>169</gpxtpx:hr>
          </gpxtpx:TrackPointExtension>
        </extensions>
      </trkpt>
      <trkpt lat="22.73108284300634" lon="113.95547242363934">
        <ele>43.11377568170428</ele>
        <time>1970-01-01T00:28:43.900000Z</time>
        <extensions>
          <gpxtpx:TrackPointExtension>
            <gpxtpx:hr>167</gpxtpx:hr>
          </gpxtpx:TrackPointExtension>
        </extensions>
      </trkpt>
      <trkpt lat="22.731071566511115" lon="113.95545030649983">
        <ele>43.16842732951045</ele>
        <time>1970-01-01T00:28:44.900000Z</time>
        <extensions>
          <gpxtpx:TrackPointExtension>
            <gpxtpx:hr>167</gpxtpx:hr>
          </gpxtpx:TrackPointExtension>
        </extensions>
      </trkpt>
      <trkpt lat="22.731061139252432" lon="113.9554288079822">
        <ele>43.14781093131751</ele>
        <time>1970-01-01T00:28:45.900000Z</time>
        <extensions>
          <gpxtpx:TrackPointExtension>
            <gpxtpx:hr>167</gpxtpx:hr>
          </gpxtpx:TrackPointExtension>
        </extensions>
      </trkpt>
      <trkpt lat="22.731050704273173" lon="113.955406880788">
        <ele>43.08460626285523</ele>
        <time>1970-01-01T00:28:46.900000Z</time>
        <extensions>
          <gpxtpx:TrackPointExtension>
            <gpxtpx:hr>166</gpxtpx:hr>
          </gpxtpx:TrackPointExtension>
        </extensions>
      </trkpt>
      <trkpt lat="22.731039521639474" lon="113.95538417360268">
        <ele>43.00010509695858</ele>
        <time>1970-01-01T00:28:47.900000Z</time>
        <extensions>
          <gpxtpx:TrackPointExtension>
            <gpxtpx:hr>166</gpxtpx:hr>
          </gpxtpx:TrackPointExtension>
        </extensions>
      </trkpt>
      <trkpt lat="22.731027269435156" lon="113.95536124075369">
        <ele>42.90727218799293</ele>
        <time>1970-01-01T00:28:48.900000Z</time>
        <extensions>
          <gpxtpx:TrackPointExtension>
            <gpxtpx:hr>166</gpxtpx:hr>
          </gpxtpx:TrackPointExtension>
        </extensions>
      </trkpt>
      <trkpt lat="22.73101438000824" lon="113.95533872187237">
        <ele>42.81349217053503</ele>
        <time>1970-01-01T00:28:49.900000Z</time>
        <extensions>
          <gpxtpx:TrackPointExtension>
            <gpxtpx:hr>166</gpxtpx:hr>
          </gpxtpx:TrackPointExtension>
        </extensions>
      </trkpt>
      <trkpt lat="22.731001502977502" lon="113.95531659591119">
        <ele>42.722928802482784</ele>
        <time>1970-01-01T00:28:50.900000Z</time>
        <extensions>
          <gpxtpx:TrackPointExtension>
            <gpxtpx:hr>166</gpxtpx:hr>
          </gpxtpx:TrackPointExtension>
        </extensions>
      </trkpt>
      <trkpt lat="22.73098882751839" lon="113.95529423044529">
        <ele>42.63798134215176</ele>
        <time>1970-01-01T00:28:51.900000Z</time>
        <extensions>
          <gpxtpx:TrackPointExtension>
            <gpxtpx:hr>166</gpxtpx:hr>
          </gpxtpx:TrackPointExtension>
        </extensions>
      </trkpt>
      <trkpt lat="22.730976177528444" lon="113.95527109753118">
        <ele>42.560328310355544</ele>
        <time>1970-01-01T00:28:52.900000Z</time>
        <extensions>
          <gpxtpx:TrackPointExtension>
            <gpxtpx:hr>166</gpxtpx:hr>
          </gpxtpx:TrackPointExtension>
        </extensions>
      </trkpt>
      <trkpt lat="22.730963568907995" lon="113.95524738254012">
        <ele>42.49116833508015</ele>
        <time>1970-01-01T00:28:53.900000Z</time>
        <extensions>
          <gpxtpx:TrackPointExtension>
            <gpxtpx:hr>166</gpxtpx:hr>
          </gpxtpx:TrackPointExtension>
        </extensions>
      </trkpt>
      <trkpt lat="22.730951479325043" lon="113.95522328233524">
        <ele>42.43120034597814</ele>
        <time>1970-01-01T00:28:54.900000Z</time>
        <extensions>
          <gpxtpx:TrackPointExtension>
            <gpxtpx:hr>166</gpxtpx:hr>
          </gpxtpx:TrackPointExtension>
        </extensions>
      </trkpt>
      <trkpt lat="22.7309399885733" lon="113.95519888542174">
        <ele>42.38051882945001</ele>
        <time>1970-01-01T00:28:55.900000Z</time>
        <extensions>
          <gpxtpx:TrackPointExtension>
            <gpxtpx:hr>166</gpxtpx:hr>
          </gpxtpx:TrackPointExtension>
        </extensions>
      </trkpt>
      <trkpt lat="22.730928304326905" lon="113.95517481328672">
        <ele>42.338401093147695</ele>
        <time>1970-01-01T00:28:56.900000Z</time>
        <extensions>
          <gpxtpx:TrackPointExtension>
            <gpxtpx:hr>165</gpxtpx:hr>
          </gpxtpx:TrackPointExtension>
        </extensions>
      </trkpt>
      <trkpt lat="22.730915879403017" lon="113.95515121463296">
        <ele>42.303489573299885</ele>
        <time>1970-01-01T00:28:57.900000Z</time>
        <extensions>
          <gpxtpx:TrackPointExtension>
            <gpxtpx:hr>165</gpxtpx:hr>
          </gpxtpx:TrackPointExtension>
        </extensions>
      </trkpt>
      <trkpt lat="22.730902771071438" lon="113.95512788920246">
        <ele>42.27395805902779</ele>
        <time>1970-01-01T00:28:58.900000Z</time>
        <extensions>
          <gpxtpx:TrackPointExtension>
            <gpxtpx:hr>165</gpxtpx:hr>
          </gpxtpx:TrackPointExtension>
        </extensions>
      </trkpt>
      <trkpt lat="22.730889204138577" lon="113.95510535490993">
        <ele>42.247623428702354</ele>
        <time>1970-01-01T00:28:59.900000Z</time>
        <extensions>
          <gpxtpx:TrackPointExtension>
            <gpxtpx:hr>165</gpxtpx:hr>
          </gpxtpx:TrackPointExtension>
        </extensions>
      </trkpt>
      <trkpt lat="22.730875617936793" lon="113.95508414153218">
        <ele>42.222347654402256</ele>
        <time>1970-01-01T00:29:00.900000Z</time>
        <extensions>
          <gpxtpx:TrackPointExtension>
            <gpxtpx:hr>165</gpxtpx:hr>
          </gpxtpx:TrackPointExtension>
        </extensions>
      </trkpt>
      <trkpt lat="22.730862076502323" lon="113.95506266562549">
        <ele>42.196468250826</ele>
        <time>1970-01-01T00:29:01.900000Z</time>
        <extensions>
          <gpxtpx:TrackPointExtension>
            <gpxtpx:hr>165</gpxtpx:hr>
          </gpxtpx:TrackPointExtension>
        </extensions>
      </trkpt>
      <trkpt lat="22.730848216535204" lon="113.95503979132657">
        <ele>42.16875615622848</ele>
        <time>1970-01-01T00:29:02.900000Z</time>
        <extensions>
          <gpxtpx:TrackPointExtension>
            <gpxtpx:hr>166</gpxtpx:hr>
          </gpxtpx:TrackPointExtension>
        </extensions>
      </trkpt>
      <trkpt lat="22.730833939303544" lon="113.95501650104993">
        <ele>42.13839769363403</ele>
        <time>1970-01-01T00:29:03.900000Z</time>
        <extensions>
          <gpxtpx:TrackPointExtension>
            <gpxtpx:hr>166</gpxtpx:hr>
          </gpxtpx:TrackPointExtension>
        </extensions>
      </trkpt>
      <trkpt lat="22.730819036967137" lon="113.9549937555851">
        <ele>42.10513019748032</ele>
        <time>1970-01-01T00:29:04.900000Z</time>
        <extensions>
          <gpxtpx:TrackPointExtension>
            <gpxtpx:hr>166</gpxtpx:hr>
          </gpxtpx:TrackPointExtension>
        </extensions>
      </trkpt>
      <trkpt lat="22.730803522061752" lon="113.95497226091132">
        <ele>42.06904701050371</ele>
        <time>1970-01-01T00:29:05.900000Z</time>
        <extensions>
          <gpxtpx:TrackPointExtension>
            <gpxtpx:hr>166</gpxtpx:hr>
          </gpxtpx:TrackPointExtension>
        </extensions>
      </trkpt>
      <trkpt lat="22.73078764523079" lon="113.95495185319139">
        <ele>42.030428542755544</ele>
        <time>1970-01-01T00:29:06.900000Z</time>
        <extensions>
          <gpxtpx:TrackPointExtension>
            <gpxtpx:hr>167</gpxtpx:hr>
          </gpxtpx:TrackPointExtension>
        </extensions>
      </trkpt>
      <trkpt lat="22.730771750790968" lon="113.95493214297487">
        <ele>41.98976236209273</ele>
        <time>1970-01-01T00:29:07.900000Z</time>
        <extensions>
          <gpxtpx:TrackPointExtension>
            <gpxtpx:hr>167</gpxtpx:hr>
          </gpxtpx:TrackPointExtension>
        </extensions>
      </trkpt>
      <trkpt lat="22.730755658476088" lon="113.9549122599247">
        <ele>41.9477684982121</ele>
        <time>1970-01-01T00:29:08.900000Z</time>
        <extensions>
          <gpxtpx:TrackPointExtension>
            <gpxtpx:hr>167</gpxtpx:hr>
          </gpxtpx:TrackPointExtension>
        </extensions>
      </trkpt>
      <trkpt lat="22.73073950512624" lon="113.95489178039146">
        <ele>41.905518505722284</ele>
        <time>1970-01-01T00:29:09.900000Z</time>
        <extensions>
          <gpxtpx:TrackPointExtension>
            <gpxtpx:hr>167</gpxtpx:hr>
          </gpxtpx:TrackPointExtension>
        </extensions>
      </trkpt>
      <trkpt lat="22.730723900633595" lon="113.95487136323933">
        <ele>41.86401308514178</ele>
        <time>1970-01-01T00:29:10.900000Z</time>
        <extensions>
          <gpxtpx:TrackPointExtension>
            <gpxtpx:hr>168</gpxtpx:hr>
          </gpxtpx:TrackPointExtension>
        </extensions>
      </trkpt>
      <trkpt lat="22.730708926325388" lon="113.95485109304651">
        <ele>41.8241300759837</ele>
        <time>1970-01-01T00:29:11.900000Z</time>
        <extensions>
          <gpxtpx:TrackPointExtension>
            <gpxtpx:hr>168</gpxtpx:hr>
          </gpxtpx:TrackPointExtension>
        </extensions>
      </trkpt>
      <trkpt lat="22.730694573120207" lon="113.95483067740143">
        <ele>41.786531917750835</ele>
        <time>1970-01-01T00:29:12.900000Z</time>
        <extensions>
          <gpxtpx:TrackPointExtension>
            <gpxtpx:hr>168</gpxtpx:hr>
          </gpxtpx:TrackPointExtension>
        </extensions>
      </trkpt>
      <trkpt lat="22.73068107554688" lon="113.95481064056777">
        <ele>41.75159571412951</ele>
        <time>1970-01-01T00:29:13.900000Z</time>
        <extensions>
          <gpxtpx:TrackPointExtension>
            <gpxtpx:hr>168</gpxtpx:hr>
          </gpxtpx:TrackPointExtension>
        </extensions>
      </trkpt>
      <trkpt lat="22.73066857075828" lon="113.95479179314525">
        <ele>41.719423591159284</ele>
        <time>1970-01-01T00:29:14.900000Z</time>
        <extensions>
          <gpxtpx:TrackPointExtension>
            <gpxtpx:hr>168</gpxtpx:hr>
          </gpxtpx:TrackPointExtension>
        </extensions>
      </trkpt>
      <trkpt lat="22.730656969255193" lon="113.95477401568611">
        <ele>41.690100884996355</ele>
        <time>1970-01-01T00:29:15.900000Z</time>
        <extensions>
          <gpxtpx:TrackPointExtension>
            <gpxtpx:hr>168</gpxtpx:hr>
          </gpxtpx:TrackPointExtension>
        </extensions>
      </trkpt>
      <trkpt lat="22.73064620849499" lon="113.95475660608477">
        <ele>41.66377752367407</ele>
        <time>1970-01-01T00:29:16.900000Z</time>
        <extensions>
          <gpxtpx:TrackPointExtension>
            <gpxtpx:hr>172</gpxtpx:hr>
          </gpxtpx:TrackPointExtension>
        </extensions>
      </trkpt>
      <trkpt lat="22.730636356295957" lon="113.95473893509987">
        <ele>41.64062809757888</ele>
        <time>1970-01-01T00:29:17.900000Z</time>
        <extensions>
          <gpxtpx:TrackPointExtension>
            <gpxtpx:hr>172</gpxtpx:hr>
          </gpxtpx:TrackPointExtension>
        </extensions>
      </trkpt>
      <trkpt lat="22.730627369537746" lon="113.95472104031215">
        <ele>41.620627930387855</ele>
        <time>1970-01-01T00:29:18.900000Z</time>
        <extensions>
          <gpxtpx:TrackPointExtension>
            <gpxtpx:hr>172</gpxtpx:hr>
          </gpxtpx:TrackPointExtension>
        </extensions>
      </trkpt>
      <trkpt lat="22.730618756081906" lon="113.95470310761816">
        <ele>41.6038506757468</ele>
        <time>1970-01-01T00:29:19.900000Z</time>
        <extensions>
          <gpxtpx:TrackPointExtension>
            <gpxtpx:hr>172</gpxtpx:hr>
          </gpxtpx:TrackPointExtension>
        </extensions>
      </trkpt>
      <trkpt lat="22.730610286570787" lon="113.95468574055074">
        <ele>41.59017020929605</ele>
        <time>1970-01-01T00:29:20.900000Z</time>
        <extensions>
          <gpxtpx:TrackPointExtension>
            <gpxtpx:hr>172</gpxtpx:hr>
          </gpxtpx:TrackPointExtension>
        </extensions>
      </trkpt>
      <trkpt lat="22.730602134676623" lon="113.95466941536142">
        <ele>41.579218653962016</ele>
        <time>1970-01-01T00:29:21.900000Z</time>
        <extensions>
          <gpxtpx:TrackPointExtension>
            <gpxtpx:hr>172</gpxtpx:hr>
          </gpxtpx:TrackPointExtension>
        </extensions>
      </trkpt>
      <trkpt lat="22.730593335582505" lon="113.95465419149242">
        <ele>41.57042868155986</ele>
        <time>1970-01-01T00:29:22.900000Z</time>
        <extensions>
          <gpxtpx:TrackPointExtension>
            <gpxtpx:hr>173</gpxtpx:hr>
          </gpxtpx:TrackPointExtension>
        </extensions>
      </trkpt>
      <trkpt lat="22.730582913700594" lon="113.95463953538103">
        <ele>41.563461765646935</ele>
        <time>1970-01-01T00:29:23.900000Z</time>
        <extensions>
          <gpxtpx:TrackPointExtension>
            <gpxtpx:hr>173</gpxtpx:hr>
          </gpxtpx:TrackPointExtension>
        </extensions>
      </trkpt>
      <trkpt lat="22.730571631987925" lon="113.95462485679408">
        <ele>41.557724783197045</ele>
        <time>1970-01-01T00:29:24.900000Z</time>
        <extensions>
          <gpxtpx:TrackPointExtension>
            <gpxtpx:hr>173</gpxtpx:hr>
          </gpxtpx:TrackPointExtension>
        </extensions>
      </trkpt>
      <trkpt lat="22.730560666005484" lon="113.95460994956227">
        <ele>41.552704012952745</ele>
        <time>1970-01-01T00:29:25.900000Z</time>
        <extensions>
          <gpxtpx:TrackPointExtension>
            <gpxtpx:hr>173</gpxtpx:hr>
          </gpxtpx:TrackPointExtension>
        </extensions>
      </trkpt>
      <trkpt lat="22.73055015981723" lon="113.9545945780821">
        <ele>41.54804241564125</ele>
        <time>1970-01-01T00:29:26.900000Z</time>
        <extensions>
          <gpxtpx:TrackPointExtension>
            <gpxtpx:hr>173</gpxtpx:hr>
          </gpxtpx:TrackPointExtension>
        </extensions>
      </trkpt>
      <trkpt lat="22.730539854659295" lon="113.95457865210655">
        <ele>41.543605130165815</ele>
        <time>1970-01-01T00:29:27.900000Z</time>
        <extensions>
          <gpxtpx:TrackPointExtension>
            <gpxtpx:hr>173</gpxtpx:hr>
          </gpxtpx:TrackPointExtension>
        </extensions>
      </trkpt>
      <trkpt lat="22.73052949772654" lon="113.95456217669225">
        <ele>41.53893726877868</ele>
        <time>1970-01-01T00:29:28.900000Z</time>
        <extensions>
          <gpxtpx:TrackPointExtension>
            <gpxtpx:hr>173</gpxtpx:hr>
          </gpxtpx:TrackPointExtension>
        </extensions>
      </trkpt>
      <trkpt lat="22.730519381320576" lon="113.95454488765023">
        <ele>41.53347021061927</ele>
        <time>1970-01-01T00:29:29.900000Z</time>
        <extensions>
          <gpxtpx:TrackPointExtension>
            <gpxtpx:hr>174</gpxtpx:hr>
          </gpxtpx:TrackPointExtension>
        </extensions>
      </trkpt>
      <trkpt lat="22.730510650790375" lon="113.95452692167595">
        <ele>41.526517774909735</ele>
        <time>1970-01-01T00:29:30.900000Z</time>
        <extensions>
          <gpxtpx:TrackPointExtension>
            <gpxtpx:hr>174</gpxtpx:hr>
          </gpxtpx:TrackPointExtension>
        </extensions>
      </trkpt>
      <trkpt lat="22.73050317603332" lon="113.95450737568433">
        <ele>41.51750908885151</ele>
        <time>1970-01-01T00:29:31.900000Z</time>
        <extensions>
          <gpxtpx:TrackPointExtension>
            <gpxtpx:hr>174</gpxtpx:hr>
          </gpxtpx:TrackPointExtension>
        </extensions>
      </trkpt>
      <trkpt lat="22.73049551455062" lon="113.95448470190719">
        <ele>41.506339765153825</ele>
        <time>1970-01-01T00:29:32.900000Z</time>
        <extensions>
          <gpxtpx:TrackPointExtension>
            <gpxtpx:hr>174</gpxtpx:hr>
          </gpxtpx:TrackPointExtension>
        </extensions>
      </trkpt>
      <trkpt lat="22.730486937721686" lon="113.95445969164025">
        <ele>41.49362483434379</ele>
        <time>1970-01-01T00:29:33.900000Z</time>
        <extensions>
          <gpxtpx:TrackPointExtension>
            <gpxtpx:hr>174</gpxtpx:hr>
          </gpxtpx:TrackPointExtension>
        </extensions>
      </trkpt>
      <trkpt lat="22.730477658140206" lon="113.95443475594097">
        <ele>41.48048164974898</ele>
        <time>1970-01-01T00:29:34.900000Z</time>
        <extensions>
          <gpxtpx:TrackPointExtension>
            <gpxtpx:hr>175</gpxtpx:hr>
          </gpxtpx:TrackPointExtension>
        </extensions>
      </trkpt>
      <trkpt lat="22.730467461748606" lon="113.95441104061543">
        <ele>41.468314305879176</ele>
        <time>1970-01-01T00:29:35.900000Z</time>
        <extensions>
          <gpxtpx:TrackPointExtension>
            <gpxtpx:hr>175</gpxtpx:hr>
          </gpxtpx:TrackPointExtension>
        </extensions>
      </trkpt>
      <trkpt lat="22.730455935497396" lon="113.95438865550287">
        <ele>41.45843669958413</ele>
        <time>1970-01-01T00:29:36.900000Z</time>
        <extensions>
          <gpxtpx:TrackPointExtension>
            <gpxtpx:hr>175</gpxtpx:hr>
          </gpxtpx:TrackPointExtension>
        </extensions>
      </trkpt>
      <trkpt lat="22.730443145218118" lon="113.9543678119346">
        <ele>41.45173088647425</ele>
        <time>1970-01-01T00:29:37.900000Z</time>
        <extensions>
          <gpxtpx:TrackPointExtension>
            <gpxtpx:hr>175</gpxtpx:hr>
          </gpxtpx:TrackPointExtension>
        </extensions>
      </trkpt>
      <trkpt lat="22.73042941576005" lon="113.95434885401747">
        <ele>41.44852779339999</ele>
        <time>1970-01-01T00:29:38.900000Z</time>
        <extensions>
          <gpxtpx:TrackPointExtension>
            <gpxtpx:hr>175</gpxtpx:hr>
          </gpxtpx:TrackPointExtension>
        </extensions>
      </trkpt>
      <trkpt lat="22.73041500478109" lon="113.95433209149277">
        <ele>41.448504753410816</ele>
        <time>1970-01-01T00:29:39.900000Z</time>
        <extensions>
          <gpxtpx:TrackPointExtension>
            <gpxtpx:hr>175</gpxtpx:hr>
          </gpxtpx:TrackPointExtension>
        </extensions>
      </trkpt>
      <trkpt lat="22.73040054632126" lon="113.95431790536132">
        <ele>41.450785897672176</ele>
        <time>1970-01-01T00:29:40.900000Z</time>
        <extensions>
          <gpxtpx:TrackPointExtension>
            <gpxtpx:hr>175</gpxtpx:hr>
          </gpxtpx:TrackPointExtension>
        </extensions>
      </trkpt>
      <trkpt lat="22.730386481667992" lon="113.95430485974003">
        <ele>41.4541031550616</ele>
        <time>1970-01-01T00:29:41.900000Z</time>
        <extensions>
          <gpxtpx:TrackPointExtension>
            <gpxtpx:hr>175</gpxtpx:hr>
          </gpxtpx:TrackPointExtension>
        </extensions>
      </trkpt>
      <trkpt lat="22.730372875052904" lon="113.95428979786408">
        <ele>41.45724719017744</ele>
        <time>1970-01-01T00:29:42.900000Z</time>
        <extensions>
          <gpxtpx:TrackPointExtension>
            <gpxtpx:hr>175</gpxtpx:hr>
          </gpxtpx:TrackPointExtension>
        </extensions>
      </trkpt>
      <trkpt lat="22.730359529581598" lon="113.95427015684534">
        <ele>41.45923746004701</ele>
        <time>1970-01-01T00:29:43.900000Z</time>
        <extensions>
          <gpxtpx:TrackPointExtension>
            <gpxtpx:hr>175</gpxtpx:hr>
          </gpxtpx:TrackPointExtension>
        </extensions>
      </trkpt>
      <trkpt lat="22.730346293593122" lon="113.95424587197554">
        <ele>41.459470093250275</ele>
        <time>1970-01-01T00:29:44.900000Z</time>
        <extensions>
          <gpxtpx:TrackPointExtension>
            <gpxtpx:hr>175</gpxtpx:hr>
          </gpxtpx:TrackPointExtension>
        </extensions>
      </trkpt>
      <trkpt lat="22.730333318384016" lon="113.95421868989366">
        <ele>41.457693298347294</ele>
        <time>1970-01-01T00:29:45.900000Z</time>
        <extensions>
          <gpxtpx:TrackPointExtension>
            <gpxtpx:hr>175</gpxtpx:hr>
          </gpxtpx:TrackPointExtension>
        </extensions>
      </trkpt>
      <trkpt lat="22.730320950732686" lon="113.95419028335333">
        <ele>41.45380478166044</ele>
        <time>1970-01-01T00:29:46.900000Z</time>
        <extensions>
          <gpxtpx:TrackPointExtension>
            <gpxtpx:hr>175</gpxtpx:hr>
          </gpxtpx:TrackPointExtension>
        </extensions>
      </trkpt>
      <trkpt lat="22.730309213842816" lon="113.95416170974715">
        <ele>41.44821276050061</ele>
        <time>1970-01-01T00:29:47.900000Z</time>
        <extensions>
          <gpxtpx:TrackPointExtension>
            <gpxtpx:hr>175</gpxtpx:hr>
          </gpxtpx:TrackPointExtension>
        </extensions>
      </trkpt>
      <trkpt lat="22.73029803216969" lon="113.95413383507987">
        <ele>41.44155957829207</ele>
        <time>1970-01-01T00:29:48.900000Z</time>
        <extensions>
          <gpxtpx:TrackPointExtension>
            <gpxtpx:hr>176</gpxtpx:hr>
          </gpxtpx:TrackPointExtension>
        </extensions>
      </trkpt>
      <trkpt lat="22.73028745717313" lon="113.95410729627243">
        <ele>41.434501215815544</ele>
        <time>1970-01-01T00:29:49.900000Z</time>
        <extensions>
          <gpxtpx:TrackPointExtension>
            <gpxtpx:hr>176</gpxtpx:hr>
          </gpxtpx:TrackPointExtension>
        </extensions>
      </trkpt>
      <trkpt lat="22.7302775907384" lon="113.9540821235108">
        <ele>41.42740682512522</ele>
        <time>1970-01-01T00:29:50.900000Z</time>
        <extensions>
          <gpxtpx:TrackPointExtension>
            <gpxtpx:hr>176</gpxtpx:hr>
          </gpxtpx:TrackPointExtension>
        </extensions>
      </trkpt>
      <trkpt lat="22.730268468916734" lon="113.95405816400812">
        <ele>41.42041039373726</ele>
        <time>1970-01-01T00:29:51.900000Z</time>
        <extensions>
          <gpxtpx:TrackPointExtension>
            <gpxtpx:hr>176</gpxtpx:hr>
          </gpxtpx:TrackPointExtension>
        </extensions>
      </trkpt>
      <trkpt lat="22.730259953930087" lon="113.95403564624846">
        <ele>41.41362063679844</ele>
        <time>1970-01-01T00:29:52.900000Z</time>
        <extensions>
          <gpxtpx:TrackPointExtension>
            <gpxtpx:hr>175</gpxtpx:hr>
          </gpxtpx:TrackPointExtension>
        </extensions>
      </trkpt>
      <trkpt lat="22.730251746893448" lon="113.95401493203364">
        <ele>41.406970547512174</ele>
        <time>1970-01-01T00:29:53.900000Z</time>
        <extensions>
          <gpxtpx:TrackPointExtension>
            <gpxtpx:hr>175</gpxtpx:hr>
          </gpxtpx:TrackPointExtension>
        </extensions>
      </trkpt>
      <trkpt lat="22.73024325319251" lon="113.95399558668186">
        <ele>41.40039511490613</ele>
        <time>1970-01-01T00:29:54.900000Z</time>
        <extensions>
          <gpxtpx:TrackPointExtension>
            <gpxtpx:hr>175</gpxtpx:hr>
          </gpxtpx:TrackPointExtension>
        </extensions>
      </trkpt>
      <trkpt lat="22.730234183741022" lon="113.95397743369448">
        <ele>41.39420832879841</ele>
        <time>1970-01-01T00:29:55.900000Z</time>
        <extensions>
          <gpxtpx:TrackPointExtension>
            <gpxtpx:hr>175</gpxtpx:hr>
          </gpxtpx:TrackPointExtension>
        </extensions>
      </trkpt>
      <trkpt lat="22.730224297777692" lon="113.95396048178377">
        <ele>41.388794341124594</ele>
        <time>1970-01-01T00:29:56.900000Z</time>
        <extensions>
          <gpxtpx:TrackPointExtension>
            <gpxtpx:hr>175</gpxtpx:hr>
          </gpxtpx:TrackPointExtension>
        </extensions>
      </trkpt>
      <trkpt lat="22.730213165183827" lon="113.95394458610306">
        <ele>41.383978269062936</ele>
        <time>1970-01-01T00:29:57.900000Z</time>
        <extensions>
          <gpxtpx:TrackPointExtension>
            <gpxtpx:hr>175</gpxtpx:hr>
          </gpxtpx:TrackPointExtension>
        </extensions>
      </trkpt>
      <trkpt lat="22.730200359253885" lon="113.9539296804015">
        <ele>41.37955844309181</ele>
        <time>1970-01-01T00:29:58.900000Z</time>
        <extensions>
          <gpxtpx:TrackPointExtension>
            <gpxtpx:hr>174</gpxtpx:hr>
          </gpxtpx:TrackPointExtension>
        </extensions>
      </trkpt>
      <trkpt lat="22.73018590414022" lon="113.9539154555345">
        <ele>41.37577138375491</ele>
        <time>1970-01-01T00:29:59.900000Z</time>
        <extensions>
          <gpxtpx:TrackPointExtension>
            <gpxtpx:hr>174</gpxtpx:hr>
          </gpxtpx:TrackPointExtension>
        </extensions>
      </trkpt>
      <trkpt lat="22.730170280731492" lon="113.95390174300508">
        <ele>41.37319702189416</ele>
        <time>1970-01-01T00:30:00.900000Z</time>
        <extensions>
          <gpxtpx:TrackPointExtension>
            <gpxtpx:hr>174</gpxtpx:hr>
          </gpxtpx:TrackPointExtension>
        </extensions>
      </trkpt>
      <trkpt lat="22.73015428348973" lon="113.95388864164134">
        <ele>41.37245091050863</ele>
        <time>1970-01-01T00:30:01.900000Z</time>
        <extensions>
          <gpxtpx:TrackPointExtension>
            <gpxtpx:hr>174</gpxtpx:hr>
          </gpxtpx:TrackPointExtension>
        </extensions>
      </trkpt>
      <trkpt lat="22.73013889808425" lon="113.95387601254407">
        <ele>41.37391912005842</ele>
        <time>1970-01-01T00:30:02.900000Z</time>
        <extensions>
          <gpxtpx:TrackPointExtension>
            <gpxtpx:hr>174</gpxtpx:hr>
          </gpxtpx:TrackPointExtension>
        </extensions>
      </trkpt>
      <trkpt lat="22.730124695611618" lon="113.95386245544671">
        <ele>41.377483827993274</ele>
        <time>1970-01-01T00:30:03.900000Z</time>
        <extensions>
          <gpxtpx:TrackPointExtension>
            <gpxtpx:hr>174</gpxtpx:hr>
          </gpxtpx:TrackPointExtension>
        </extensions>
      </trkpt>
      <trkpt lat="22.730111700937144" lon="113.95384696247083">
        <ele>41.38239679578692</ele>
        <time>1970-01-01T00:30:04.900000Z</time>
        <extensions>
          <gpxtpx:TrackPointExtension>
            <gpxtpx:hr>174</gpxtpx:hr>
          </gpxtpx:TrackPointExtension>
        </extensions>
      </trkpt>
      <trkpt lat="22.730100100503332" lon="113.95382892008094">
        <ele>41.38709673564881</ele>
        <time>1970-01-01T00:30:05.900000Z</time>
        <extensions>
          <gpxtpx:TrackPointExtension>
            <gpxtpx:hr>174</gpxtpx:hr>
          </gpxtpx:TrackPointExtension>
        </extensions>
      </trkpt>
      <trkpt lat="22.73009015340395" lon="113.95380796565664">
        <ele>41.38991194125265</ele>
        <time>1970-01-01T00:30:06.900000Z</time>
        <extensions>
          <gpxtpx:TrackPointExtension>
            <gpxtpx:hr>174</gpxtpx:hr>
          </gpxtpx:TrackPointExtension>
        </extensions>
      </trkpt>
      <trkpt lat="22.730082122426452" lon="113.9537849683953">
        <ele>41.389845036901534</ele>
        <time>1970-01-01T00:30:07.900000Z</time>
        <extensions>
          <gpxtpx:TrackPointExtension>
            <gpxtpx:hr>174</gpxtpx:hr>
          </gpxtpx:TrackPointExtension>
        </extensions>
      </trkpt>
      <trkpt lat="22.730075533228607" lon="113.95376125284008">
        <ele>41.38668472506106</ele>
        <time>1970-01-01T00:30:08.900000Z</time>
        <extensions>
          <gpxtpx:TrackPointExtension>
            <gpxtpx:hr>174</gpxtpx:hr>
          </gpxtpx:TrackPointExtension>
        </extensions>
      </trkpt>
      <trkpt lat="22.730069717577997" lon="113.95373844841619">
        <ele>41.38064564857632</ele>
        <time>1970-01-01T00:30:09.900000Z</time>
        <extensions>
          <gpxtpx:TrackPointExtension>
            <gpxtpx:hr>174</gpxtpx:hr>
          </gpxtpx:TrackPointExtension>
        </extensions>
      </trkpt>
      <trkpt lat="22.730063950189788" lon="113.9537176624609">
        <ele>41.37236272636801</ele>
        <time>1970-01-01T00:30:10.900000Z</time>
        <extensions>
          <gpxtpx:TrackPointExtension>
            <gpxtpx:hr>174</gpxtpx:hr>
          </gpxtpx:TrackPointExtension>
        </extensions>
      </trkpt>
      <trkpt lat="22.730058259771177" lon="113.9536977535351">
        <ele>41.36270368658006</ele>
        <time>1970-01-01T00:30:11.900000Z</time>
        <extensions>
          <gpxtpx:TrackPointExtension>
            <gpxtpx:hr>173</gpxtpx:hr>
          </gpxtpx:TrackPointExtension>
        </extensions>
      </trkpt>
      <trkpt lat="22.73005260073564" lon="113.95367757253098">
        <ele>41.3523346176371</ele>
        <time>1970-01-01T00:30:12.900000Z</time>
        <extensions>
          <gpxtpx:TrackPointExtension>
            <gpxtpx:hr>173</gpxtpx:hr>
          </gpxtpx:TrackPointExtension>
        </extensions>
      </trkpt>
      <trkpt lat="22.730046335337903" lon="113.95365704180944">
        <ele>41.34158361144364</ele>
        <time>1970-01-01T00:30:13.900000Z</time>
        <extensions>
          <gpxtpx:TrackPointExtension>
            <gpxtpx:hr>173</gpxtpx:hr>
          </gpxtpx:TrackPointExtension>
        </extensions>
      </trkpt>
      <trkpt lat="22.7300390590874" lon="113.95363633178367">
        <ele>41.330586448311806</ele>
        <time>1970-01-01T00:30:14.900000Z</time>
        <extensions>
          <gpxtpx:TrackPointExtension>
            <gpxtpx:hr>173</gpxtpx:hr>
          </gpxtpx:TrackPointExtension>
        </extensions>
      </trkpt>
      <trkpt lat="22.730030421949596" lon="113.95361602997671">
        <ele>41.320188188925385</ele>
        <time>1970-01-01T00:30:15.900000Z</time>
        <extensions>
          <gpxtpx:TrackPointExtension>
            <gpxtpx:hr>173</gpxtpx:hr>
          </gpxtpx:TrackPointExtension>
        </extensions>
      </trkpt>
      <trkpt lat="22.73002023395271" lon="113.95359639867237">
        <ele>41.31106872949749</ele>
        <time>1970-01-01T00:30:16.900000Z</time>
        <extensions>
          <gpxtpx:TrackPointExtension>
            <gpxtpx:hr>173</gpxtpx:hr>
          </gpxtpx:TrackPointExtension>
        </extensions>
      </trkpt>
      <trkpt lat="22.730008589217093" lon="113.95357815357913">
        <ele>41.30353517178446</ele>
        <time>1970-01-01T00:30:17.900000Z</time>
        <extensions>
          <gpxtpx:TrackPointExtension>
            <gpxtpx:hr>173</gpxtpx:hr>
          </gpxtpx:TrackPointExtension>
        </extensions>
      </trkpt>
      <trkpt lat="22.72999669689815" lon="113.95356155568761">
        <ele>41.2976711532101</ele>
        <time>1970-01-01T00:30:18.900000Z</time>
        <extensions>
          <gpxtpx:TrackPointExtension>
            <gpxtpx:hr>173</gpxtpx:hr>
          </gpxtpx:TrackPointExtension>
        </extensions>
      </trkpt>
      <trkpt lat="22.729986947762306" lon="113.9535465042647">
        <ele>41.29362510424107</ele>
        <time>1970-01-01T00:30:19.900000Z</time>
        <extensions>
          <gpxtpx:TrackPointExtension>
            <gpxtpx:hr>173</gpxtpx:hr>
          </gpxtpx:TrackPointExtension>
        </extensions>
      </trkpt>
      <trkpt lat="22.729980705919974" lon="113.95353444033982">
        <ele>41.290952266193926</ele>
        <time>1970-01-01T00:30:20.900000Z</time>
        <extensions>
          <gpxtpx:TrackPointExtension>
            <gpxtpx:hr>173</gpxtpx:hr>
          </gpxtpx:TrackPointExtension>
        </extensions>
      </trkpt>
      <trkpt lat="22.729976085884168" lon="113.95352508226333">
        <ele>41.28946983627975</ele>
        <time>1970-01-01T00:30:21.900000Z</time>
        <extensions>
          <gpxtpx:TrackPointExtension>
            <gpxtpx:hr>173</gpxtpx:hr>
          </gpxtpx:TrackPointExtension>
        </extensions>
      </trkpt>
      <trkpt lat="22.729969974378896" lon="113.95351439701469">
        <ele>41.28960395697504</ele>
        <time>1970-01-01T00:30:22.900000Z</time>
        <extensions>
          <gpxtpx:TrackPointExtension>
            <gpxtpx:hr>173</gpxtpx:hr>
          </gpxtpx:TrackPointExtension>
        </extensions>
      </trkpt>
      <trkpt lat="22.72996144785959" lon="113.95350054712293">
        <ele>41.292105523869395</ele>
        <time>1970-01-01T00:30:23.900000Z</time>
        <extensions>
          <gpxtpx:TrackPointExtension>
            <gpxtpx:hr>173</gpxtpx:hr>
          </gpxtpx:TrackPointExtension>
        </extensions>
      </trkpt>
      <trkpt lat="22.72995063900192" lon="113.95348386892246">
        <ele>41.2973525095731</ele>
        <time>1970-01-01T00:30:24.900000Z</time>
        <extensions>
          <gpxtpx:TrackPointExtension>
            <gpxtpx:hr>173</gpxtpx:hr>
          </gpxtpx:TrackPointExtension>
        </extensions>
      </trkpt>
      <trkpt lat="22.729937772135685" lon="113.95346470933018">
        <ele>41.30511137098074</ele>
        <time>1970-01-01T00:30:25.900000Z</time>
        <extensions>
          <gpxtpx:TrackPointExtension>
            <gpxtpx:hr>173</gpxtpx:hr>
          </gpxtpx:TrackPointExtension>
        </extensions>
      </trkpt>
      <trkpt lat="22.729923099643187" lon="113.95344427491628">
        <ele>41.31436910945922</ele>
        <time>1970-01-01T00:30:26.900000Z</time>
        <extensions>
          <gpxtpx:TrackPointExtension>
            <gpxtpx:hr>172</gpxtpx:hr>
          </gpxtpx:TrackPointExtension>
        </extensions>
      </trkpt>
      <trkpt lat="22.729906692403397" lon="113.95342281677488">
        <ele>41.32349931821227</ele>
        <time>1970-01-01T00:30:27.900000Z</time>
        <extensions>
          <gpxtpx:TrackPointExtension>
            <gpxtpx:hr>172</gpxtpx:hr>
          </gpxtpx:TrackPointExtension>
        </extensions>
      </trkpt>
      <trkpt lat="22.729889525182287" lon="113.9534002657526">
        <ele>41.330465075559914</ele>
        <time>1970-01-01T00:30:28.900000Z</time>
        <extensions>
          <gpxtpx:TrackPointExtension>
            <gpxtpx:hr>172</gpxtpx:hr>
          </gpxtpx:TrackPointExtension>
        </extensions>
      </trkpt>
      <trkpt lat="22.729873066465476" lon="113.95337699033169">
        <ele>41.333609220571816</ele>
        <time>1970-01-01T00:30:29.900000Z</time>
        <extensions>
          <gpxtpx:TrackPointExtension>
            <gpxtpx:hr>172</gpxtpx:hr>
          </gpxtpx:TrackPointExtension>
        </extensions>
      </trkpt>
      <trkpt lat="22.729858377650825" lon="113.95335317470645">
        <ele>41.33231839071959</ele>
        <time>1970-01-01T00:30:30.900000Z</time>
        <extensions>
          <gpxtpx:TrackPointExtension>
            <gpxtpx:hr>172</gpxtpx:hr>
          </gpxtpx:TrackPointExtension>
        </extensions>
      </trkpt>
      <trkpt lat="22.72984581545391" lon="113.95332854894131">
        <ele>41.326952614821494</ele>
        <time>1970-01-01T00:30:31.900000Z</time>
        <extensions>
          <gpxtpx:TrackPointExtension>
            <gpxtpx:hr>172</gpxtpx:hr>
          </gpxtpx:TrackPointExtension>
        </extensions>
      </trkpt>
      <trkpt lat="22.729835136443338" lon="113.95330324331161">
        <ele>41.3184457635507</ele>
        <time>1970-01-01T00:30:32.900000Z</time>
        <extensions>
          <gpxtpx:TrackPointExtension>
            <gpxtpx:hr>172</gpxtpx:hr>
          </gpxtpx:TrackPointExtension>
        </extensions>
      </trkpt>
      <trkpt lat="22.72982554231135" lon="113.9532779336396">
        <ele>41.3079628078267</ele>
        <time>1970-01-01T00:30:33.900000Z</time>
        <extensions>
          <gpxtpx:TrackPointExtension>
            <gpxtpx:hr>172</gpxtpx:hr>
          </gpxtpx:TrackPointExtension>
        </extensions>
      </trkpt>
      <trkpt lat="22.72981608181297" lon="113.95325341632957">
        <ele>41.29654945619404</ele>
        <time>1970-01-01T00:30:34.900000Z</time>
        <extensions>
          <gpxtpx:TrackPointExtension>
            <gpxtpx:hr>172</gpxtpx:hr>
          </gpxtpx:TrackPointExtension>
        </extensions>
      </trkpt>
      <trkpt lat="22.7298059325268" lon="113.95322978523119">
        <ele>41.284871404990554</ele>
        <time>1970-01-01T00:30:35.900000Z</time>
        <extensions>
          <gpxtpx:TrackPointExtension>
            <gpxtpx:hr>172</gpxtpx:hr>
          </gpxtpx:TrackPointExtension>
        </extensions>
      </trkpt>
      <trkpt lat="22.72979491474929" lon="113.95320721044303">
        <ele>41.27326429169625</ele>
        <time>1970-01-01T00:30:36.900000Z</time>
        <extensions>
          <gpxtpx:TrackPointExtension>
            <gpxtpx:hr>173</gpxtpx:hr>
          </gpxtpx:TrackPointExtension>
        </extensions>
      </trkpt>
      <trkpt lat="22.72978267715679" lon="113.95318485037124">
        <ele>41.2618854790926</ele>
        <time>1970-01-01T00:30:37.900000Z</time>
        <extensions>
          <gpxtpx:TrackPointExtension>
            <gpxtpx:hr>173</gpxtpx:hr>
          </gpxtpx:TrackPointExtension>
        </extensions>
      </trkpt>
      <trkpt lat="22.72976896680993" lon="113.95316171934627">
        <ele>41.251139930449426</ele>
        <time>1970-01-01T00:30:38.900000Z</time>
        <extensions>
          <gpxtpx:TrackPointExtension>
            <gpxtpx:hr>173</gpxtpx:hr>
          </gpxtpx:TrackPointExtension>
        </extensions>
      </trkpt>
      <trkpt lat="22.729754512566007" lon="113.95313754390835">
        <ele>41.241428901441395</ele>
        <time>1970-01-01T00:30:39.900000Z</time>
        <extensions>
          <gpxtpx:TrackPointExtension>
            <gpxtpx:hr>173</gpxtpx:hr>
          </gpxtpx:TrackPointExtension>
        </extensions>
      </trkpt>
      <trkpt lat="22.729740005224663" lon="113.95311250216231">
        <ele>41.23300285730511</ele>
        <time>1970-01-01T00:30:40.900000Z</time>
        <extensions>
          <gpxtpx:TrackPointExtension>
            <gpxtpx:hr>173</gpxtpx:hr>
          </gpxtpx:TrackPointExtension>
        </extensions>
      </trkpt>
      <trkpt lat="22.72972573915065" lon="113.95308712569894">
        <ele>41.225935054942966</ele>
        <time>1970-01-01T00:30:41.900000Z</time>
        <extensions>
          <gpxtpx:TrackPointExtension>
            <gpxtpx:hr>173</gpxtpx:hr>
          </gpxtpx:TrackPointExtension>
        </extensions>
      </trkpt>
      <trkpt lat="22.72971190250211" lon="113.95306244847342">
        <ele>41.220401003956795</ele>
        <time>1970-01-01T00:30:42.900000Z</time>
        <extensions>
          <gpxtpx:TrackPointExtension>
            <gpxtpx:hr>173</gpxtpx:hr>
          </gpxtpx:TrackPointExtension>
        </extensions>
      </trkpt>
      <trkpt lat="22.72969898417648" lon="113.9530400565604">
        <ele>41.216225715354085</ele>
        <time>1970-01-01T00:30:43.900000Z</time>
        <extensions>
          <gpxtpx:TrackPointExtension>
            <gpxtpx:hr>174</gpxtpx:hr>
          </gpxtpx:TrackPointExtension>
        </extensions>
      </trkpt>
      <trkpt lat="22.72968719062217" lon="113.95301976905648">
        <ele>41.2131070503965</ele>
        <time>1970-01-01T00:30:44.900000Z</time>
        <extensions>
          <gpxtpx:TrackPointExtension>
            <gpxtpx:hr>174</gpxtpx:hr>
          </gpxtpx:TrackPointExtension>
        </extensions>
      </trkpt>
      <trkpt lat="22.72967601725462" lon="113.95299978453164">
        <ele>41.210786025971174</ele>
        <time>1970-01-01T00:30:45.900000Z</time>
        <extensions>
          <gpxtpx:TrackPointExtension>
            <gpxtpx:hr>174</gpxtpx:hr>
          </gpxtpx:TrackPointExtension>
        </extensions>
      </trkpt>
      <trkpt lat="22.729665576693545" lon="113.952979374521">
        <ele>41.209305042400956</ele>
        <time>1970-01-01T00:30:46.900000Z</time>
        <extensions>
          <gpxtpx:TrackPointExtension>
            <gpxtpx:hr>175</gpxtpx:hr>
          </gpxtpx:TrackPointExtension>
        </extensions>
      </trkpt>
      <trkpt lat="22.729655642523277" lon="113.95295826054473">
        <ele>41.20853425189853</ele>
        <time>1970-01-01T00:30:47.900000Z</time>
        <extensions>
          <gpxtpx:TrackPointExtension>
            <gpxtpx:hr>175</gpxtpx:hr>
          </gpxtpx:TrackPointExtension>
        </extensions>
      </trkpt>
      <trkpt lat="22.729644885975773" lon="113.95293619617686">
        <ele>41.20815262012184</ele>
        <time>1970-01-01T00:30:48.900000Z</time>
        <extensions>
          <gpxtpx:TrackPointExtension>
            <gpxtpx:hr>175</gpxtpx:hr>
          </gpxtpx:TrackPointExtension>
        </extensions>
      </trkpt>
      <trkpt lat="22.729632947569968" lon="113.9529140600503">
        <ele>41.207846036180854</ele>
        <time>1970-01-01T00:30:49.900000Z</time>
        <extensions>
          <gpxtpx:TrackPointExtension>
            <gpxtpx:hr>175</gpxtpx:hr>
          </gpxtpx:TrackPointExtension>
        </extensions>
      </trkpt>
      <trkpt lat="22.729620092061708" lon="113.95289262067107">
        <ele>41.20748106949031</ele>
        <time>1970-01-01T00:30:50.900000Z</time>
        <extensions>
          <gpxtpx:TrackPointExtension>
            <gpxtpx:hr>175</gpxtpx:hr>
          </gpxtpx:TrackPointExtension>
        </extensions>
      </trkpt>
      <trkpt lat="22.72960622783089" lon="113.95287170407967">
        <ele>41.20693213865161</ele>
        <time>1970-01-01T00:30:51.900000Z</time>
        <extensions>
          <gpxtpx:TrackPointExtension>
            <gpxtpx:hr>175</gpxtpx:hr>
          </gpxtpx:TrackPointExtension>
        </extensions>
      </trkpt>
      <trkpt lat="22.729591532461495" lon="113.95285167336941">
        <ele>41.20645099878311</ele>
        <time>1970-01-01T00:30:52.900000Z</time>
        <extensions>
          <gpxtpx:TrackPointExtension>
            <gpxtpx:hr>175</gpxtpx:hr>
          </gpxtpx:TrackPointExtension>
        </extensions>
      </trkpt>
      <trkpt lat="22.729576793156124" lon="113.95283344916635">
        <ele>41.2067840769887</ele>
        <time>1970-01-01T00:30:53.900000Z</time>
        <extensions>
          <gpxtpx:TrackPointExtension>
            <gpxtpx:hr>175</gpxtpx:hr>
          </gpxtpx:TrackPointExtension>
        </extensions>
      </trkpt>
      <trkpt lat="22.729562916851012" lon="113.9528170803979">
        <ele>41.20873923692852</ele>
        <time>1970-01-01T00:30:54.900000Z</time>
        <extensions>
          <gpxtpx:TrackPointExtension>
            <gpxtpx:hr>175</gpxtpx:hr>
          </gpxtpx:TrackPointExtension>
        </extensions>
      </trkpt>
      <trkpt lat="22.72955068478785" lon="113.95280190744275">
        <ele>41.21927535999566</ele>
        <time>1970-01-01T00:30:55.900000Z</time>
        <extensions>
          <gpxtpx:TrackPointExtension>
            <gpxtpx:hr>175</gpxtpx:hr>
          </gpxtpx:TrackPointExtension>
        </extensions>
      </trkpt>
      <trkpt lat="22.72954078678909" lon="113.95278642151935">
        <ele>41.237113107927144</ele>
        <time>1970-01-01T00:30:56.900000Z</time>
        <extensions>
          <gpxtpx:TrackPointExtension>
            <gpxtpx:hr>175</gpxtpx:hr>
          </gpxtpx:TrackPointExtension>
        </extensions>
      </trkpt>
      <trkpt lat="22.72953308481051" lon="113.9527710193786">
        <ele>41.25595627352595</ele>
        <time>1970-01-01T00:30:57.900000Z</time>
        <extensions>
          <gpxtpx:TrackPointExtension>
            <gpxtpx:hr>174</gpxtpx:hr>
          </gpxtpx:TrackPointExtension>
        </extensions>
      </trkpt>
      <trkpt lat="22.729526347667974" lon="113.95275636960899">
        <ele>41.273444609716535</ele>
        <time>1970-01-01T00:30:58.900000Z</time>
        <extensions>
          <gpxtpx:TrackPointExtension>
            <gpxtpx:hr>174</gpxtpx:hr>
          </gpxtpx:TrackPointExtension>
        </extensions>
      </trkpt>
      <trkpt lat="22.729519344735245" lon="113.9527416221747">
        <ele>41.28802245296538</ele>
        <time>1970-01-01T00:30:59.900000Z</time>
        <extensions>
          <gpxtpx:TrackPointExtension>
            <gpxtpx:hr>174</gpxtpx:hr>
          </gpxtpx:TrackPointExtension>
        </extensions>
      </trkpt>
      <trkpt lat="22.729511268951246" lon="113.95272648533941">
        <ele>41.29848353471607</ele>
        <time>1970-01-01T00:31:00.900000Z</time>
        <extensions>
          <gpxtpx:TrackPointExtension>
            <gpxtpx:hr>174</gpxtpx:hr>
          </gpxtpx:TrackPointExtension>
        </extensions>
      </trkpt>
      <trkpt lat="22.729501661071104" lon="113.95271021500179">
        <ele>41.303218465298414</ele>
        <time>1970-01-01T00:31:01.900000Z</time>
        <extensions>
          <gpxtpx:TrackPointExtension>
            <gpxtpx:hr>174</gpxtpx:hr>
          </gpxtpx:TrackPointExtension>
        </extensions>
      </trkpt>
      <trkpt lat="22.72949058863248" lon="113.95269200698255">
        <ele>41.29891441296786</ele>
        <time>1970-01-01T00:31:02.900000Z</time>
        <extensions>
          <gpxtpx:TrackPointExtension>
            <gpxtpx:hr>174</gpxtpx:hr>
          </gpxtpx:TrackPointExtension>
        </extensions>
      </trkpt>
      <trkpt lat="22.72947867495803" lon="113.95267257828615">
        <ele>41.28006359189749</ele>
        <time>1970-01-01T00:31:03.900000Z</time>
        <extensions>
          <gpxtpx:TrackPointExtension>
            <gpxtpx:hr>174</gpxtpx:hr>
          </gpxtpx:TrackPointExtension>
        </extensions>
      </trkpt>
      <trkpt lat="22.729466749936897" lon="113.95265306089831">
        <ele>41.238079943694174</ele>
        <time>1970-01-01T00:31:04.900000Z</time>
        <extensions>
          <gpxtpx:TrackPointExtension>
            <gpxtpx:hr>174</gpxtpx:hr>
          </gpxtpx:TrackPointExtension>
        </extensions>
      </trkpt>
      <trkpt lat="22.729461719902524" lon="113.95264453476925">
        <ele>41.21881446894258</ele>
        <time>1970-01-01T00:31:05.400000Z</time>
        <extensions>
          <gpxtpx:TrackPointExtension>
            <gpxtpx:hr>174</gpxtpx:hr>
          </gpxtpx:TrackPointExtension>
        </extensions>
      </trkpt>
      <trkpt lat="22.729455306449033" lon="113.95263357661251">
        <ele>41.191202654503286</ele>
        <time>1970-01-01T00:31:05.900000Z</time>
        <extensions>
          <gpxtpx:TrackPointExtension>
            <gpxtpx:hr>174</gpxtpx:hr>
          </gpxtpx:TrackPointExtension>
        </extensions>
      </trkpt>
      <trkpt lat="22.729444213829794" lon="113.95261430263723">
        <ele>41.154560822062194</ele>
        <time>1970-01-01T00:31:06.900000Z</time>
        <extensions>
          <gpxtpx:TrackPointExtension>
            <gpxtpx:hr>172</gpxtpx:hr>
          </gpxtpx:TrackPointExtension>
        </extensions>
      </trkpt>
      <trkpt lat="22.729433149932632" lon="113.9525951434225">
        <ele>41.138630356639624</ele>
        <time>1970-01-01T00:31:07.900000Z</time>
        <extensions>
          <gpxtpx:TrackPointExtension>
            <gpxtpx:hr>172</gpxtpx:hr>
          </gpxtpx:TrackPointExtension>
        </extensions>
      </trkpt>
      <trkpt lat="22.729421607532267" lon="113.95257675547828">
        <ele>41.13398931361735</ele>
        <time>1970-01-01T00:31:08.900000Z</time>
        <extensions>
          <gpxtpx:TrackPointExtension>
            <gpxtpx:hr>172</gpxtpx:hr>
          </gpxtpx:TrackPointExtension>
        </extensions>
      </trkpt>
      <trkpt lat="22.729409544911082" lon="113.95255931546404">
        <ele>41.13372961804271</ele>
        <time>1970-01-01T00:31:09.900000Z</time>
        <extensions>
          <gpxtpx:TrackPointExtension>
            <gpxtpx:hr>172</gpxtpx:hr>
          </gpxtpx:TrackPointExtension>
        </extensions>
      </trkpt>
      <trkpt lat="22.729397681148164" lon="113.95254258470028">
        <ele>41.13328100927174</ele>
        <time>1970-01-01T00:31:10.900000Z</time>
        <extensions>
          <gpxtpx:TrackPointExtension>
            <gpxtpx:hr>172</gpxtpx:hr>
          </gpxtpx:TrackPointExtension>
        </extensions>
      </trkpt>
      <trkpt lat="22.729386620582826" lon="113.95252644671412">
        <ele>41.13011367991567</ele>
        <time>1970-01-01T00:31:11.900000Z</time>
        <extensions>
          <gpxtpx:TrackPointExtension>
            <gpxtpx:hr>172</gpxtpx:hr>
          </gpxtpx:TrackPointExtension>
        </extensions>
      </trkpt>
      <trkpt lat="22.729376727598623" lon="113.95251043623429">
        <ele>41.12340084929019</ele>
        <time>1970-01-01T00:31:12.900000Z</time>
        <extensions>
          <gpxtpx:TrackPointExtension>
            <gpxtpx:hr>173</gpxtpx:hr>
          </gpxtpx:TrackPointExtension>
        </extensions>
      </trkpt>
      <trkpt lat="22.729368555459974" lon="113.95249382101841">
        <ele>41.113610779866576</ele>
        <time>1970-01-01T00:31:13.900000Z</time>
        <extensions>
          <gpxtpx:TrackPointExtension>
            <gpxtpx:hr>173</gpxtpx:hr>
          </gpxtpx:TrackPointExtension>
        </extensions>
      </trkpt>
      <trkpt lat="22.729362159915883" lon="113.95247611863138">
        <ele>41.102100097574294</ele>
        <time>1970-01-01T00:31:14.900000Z</time>
        <extensions>
          <gpxtpx:TrackPointExtension>
            <gpxtpx:hr>173</gpxtpx:hr>
          </gpxtpx:TrackPointExtension>
        </extensions>
      </trkpt>
      <trkpt lat="22.729356503749198" lon="113.95245785239469">
        <ele>41.09085051342845</ele>
        <time>1970-01-01T00:31:15.900000Z</time>
        <extensions>
          <gpxtpx:TrackPointExtension>
            <gpxtpx:hr>173</gpxtpx:hr>
          </gpxtpx:TrackPointExtension>
        </extensions>
      </trkpt>
      <trkpt lat="22.729350752155717" lon="113.95243952513599">
        <ele>41.08125584665686</ele>
        <time>1970-01-01T00:31:16.900000Z</time>
        <extensions>
          <gpxtpx:TrackPointExtension>
            <gpxtpx:hr>173</gpxtpx:hr>
          </gpxtpx:TrackPointExtension>
        </extensions>
      </trkpt>
      <trkpt lat="22.729344745930877" lon="113.95242118365314">
        <ele>41.07408725563437</ele>
        <time>1970-01-01T00:31:17.900000Z</time>
        <extensions>
          <gpxtpx:TrackPointExtension>
            <gpxtpx:hr>173</gpxtpx:hr>
          </gpxtpx:TrackPointExtension>
        </extensions>
      </trkpt>
      <trkpt lat="22.72933784101676" lon="113.95240126043853">
        <ele>41.069348321296275</ele>
        <time>1970-01-01T00:31:18.900000Z</time>
        <extensions>
          <gpxtpx:TrackPointExtension>
            <gpxtpx:hr>173</gpxtpx:hr>
          </gpxtpx:TrackPointExtension>
        </extensions>
      </trkpt>
      <trkpt lat="22.729329475669942" lon="113.95237853595403">
        <ele>41.066493136808276</ele>
        <time>1970-01-01T00:31:19.900000Z</time>
        <extensions>
          <gpxtpx:TrackPointExtension>
            <gpxtpx:hr>173</gpxtpx:hr>
          </gpxtpx:TrackPointExtension>
        </extensions>
      </trkpt>
      <trkpt lat="22.729319365171712" lon="113.95235369403032">
        <ele>41.06429161969572</ele>
        <time>1970-01-01T00:31:20.900000Z</time>
        <extensions>
          <gpxtpx:TrackPointExtension>
            <gpxtpx:hr>173</gpxtpx:hr>
          </gpxtpx:TrackPointExtension>
        </extensions>
      </trkpt>
      <trkpt lat="22.72930725825049" lon="113.95232777662933">
        <ele>41.06164319161326</ele>
        <time>1970-01-01T00:31:21.900000Z</time>
        <extensions>
          <gpxtpx:TrackPointExtension>
            <gpxtpx:hr>173</gpxtpx:hr>
          </gpxtpx:TrackPointExtension>
        </extensions>
      </trkpt>
      <trkpt lat="22.729292874758347" lon="113.95230116146321">
        <ele>41.05759194213897</ele>
        <time>1970-01-01T00:31:22.900000Z</time>
        <extensions>
          <gpxtpx:TrackPointExtension>
            <gpxtpx:hr>173</gpxtpx:hr>
          </gpxtpx:TrackPointExtension>
        </extensions>
      </trkpt>
      <trkpt lat="22.72927598269644" lon="113.95227337087285">
        <ele>41.051328911446035</ele>
        <time>1970-01-01T00:31:23.900000Z</time>
        <extensions>
          <gpxtpx:TrackPointExtension>
            <gpxtpx:hr>173</gpxtpx:hr>
          </gpxtpx:TrackPointExtension>
        </extensions>
      </trkpt>
      <trkpt lat="22.72925731705649" lon="113.95224460097567">
        <ele>41.04239130485803</ele>
        <time>1970-01-01T00:31:24.900000Z</time>
        <extensions>
          <gpxtpx:TrackPointExtension>
            <gpxtpx:hr>173</gpxtpx:hr>
          </gpxtpx:TrackPointExtension>
        </extensions>
      </trkpt>
      <trkpt lat="22.72923812586449" lon="113.95221575282517">
        <ele>41.031072502955794</ele>
        <time>1970-01-01T00:31:25.900000Z</time>
        <extensions>
          <gpxtpx:TrackPointExtension>
            <gpxtpx:hr>173</gpxtpx:hr>
          </gpxtpx:TrackPointExtension>
        </extensions>
      </trkpt>
      <trkpt lat="22.72921930572584" lon="113.95218744363987">
        <ele>41.01860585715622</ele>
        <time>1970-01-01T00:31:26.900000Z</time>
        <extensions>
          <gpxtpx:TrackPointExtension>
            <gpxtpx:hr>173</gpxtpx:hr>
          </gpxtpx:TrackPointExtension>
        </extensions>
      </trkpt>
      <trkpt lat="22.729201244848998" lon="113.95215973874569">
        <ele>41.00689693726599</ele>
        <time>1970-01-01T00:31:27.900000Z</time>
        <extensions>
          <gpxtpx:TrackPointExtension>
            <gpxtpx:hr>173</gpxtpx:hr>
          </gpxtpx:TrackPointExtension>
        </extensions>
      </trkpt>
      <trkpt lat="22.72918375445984" lon="113.95213224667728">
        <ele>40.99811465945095</ele>
        <time>1970-01-01T00:31:28.900000Z</time>
        <extensions>
          <gpxtpx:TrackPointExtension>
            <gpxtpx:hr>175</gpxtpx:hr>
          </gpxtpx:TrackPointExtension>
        </extensions>
      </trkpt>
      <trkpt lat="22.729166509189216" lon="113.95210493433316">
        <ele>40.99354685936123</ele>
        <time>1970-01-01T00:31:29.900000Z</time>
        <extensions>
          <gpxtpx:TrackPointExtension>
            <gpxtpx:hr>175</gpxtpx:hr>
          </gpxtpx:TrackPointExtension>
        </extensions>
      </trkpt>
      <trkpt lat="22.729149573973324" lon="113.95207849149638">
        <ele>40.99370342306793</ele>
        <time>1970-01-01T00:31:30.900000Z</time>
        <extensions>
          <gpxtpx:TrackPointExtension>
            <gpxtpx:hr>175</gpxtpx:hr>
          </gpxtpx:TrackPointExtension>
        </extensions>
      </trkpt>
      <trkpt lat="22.72913312162277" lon="113.95205321023445">
        <ele>40.9982323134318</ele>
        <time>1970-01-01T00:31:31.900000Z</time>
        <extensions>
          <gpxtpx:TrackPointExtension>
            <gpxtpx:hr>175</gpxtpx:hr>
          </gpxtpx:TrackPointExtension>
        </extensions>
      </trkpt>
      <trkpt lat="22.729117232195975" lon="113.95202926842235">
        <ele>41.006082497537136</ele>
        <time>1970-01-01T00:31:32.900000Z</time>
        <extensions>
          <gpxtpx:TrackPointExtension>
            <gpxtpx:hr>175</gpxtpx:hr>
          </gpxtpx:TrackPointExtension>
        </extensions>
      </trkpt>
      <trkpt lat="22.72910174570778" lon="113.95200648650318">
        <ele>41.01574286073446</ele>
        <time>1970-01-01T00:31:33.900000Z</time>
        <extensions>
          <gpxtpx:TrackPointExtension>
            <gpxtpx:hr>175</gpxtpx:hr>
          </gpxtpx:TrackPointExtension>
        </extensions>
      </trkpt>
      <trkpt lat="22.729086751701267" lon="113.95198526379647">
        <ele>41.02561284881085</ele>
        <time>1970-01-01T00:31:34.900000Z</time>
        <extensions>
          <gpxtpx:TrackPointExtension>
            <gpxtpx:hr>175</gpxtpx:hr>
          </gpxtpx:TrackPointExtension>
        </extensions>
      </trkpt>
      <trkpt lat="22.7290725887182" lon="113.95196607315987">
        <ele>41.03411972336471</ele>
        <time>1970-01-01T00:31:35.900000Z</time>
        <extensions>
          <gpxtpx:TrackPointExtension>
            <gpxtpx:hr>175</gpxtpx:hr>
          </gpxtpx:TrackPointExtension>
        </extensions>
      </trkpt>
      <trkpt lat="22.729059651911513" lon="113.95194951973367">
        <ele>41.039955387823284</ele>
        <time>1970-01-01T00:31:36.900000Z</time>
        <extensions>
          <gpxtpx:TrackPointExtension>
            <gpxtpx:hr>174</gpxtpx:hr>
          </gpxtpx:TrackPointExtension>
        </extensions>
      </trkpt>
      <trkpt lat="22.729048229230422" lon="113.95193585306569">
        <ele>41.04233090393245</ele>
        <time>1970-01-01T00:31:37.900000Z</time>
        <extensions>
          <gpxtpx:TrackPointExtension>
            <gpxtpx:hr>174</gpxtpx:hr>
          </gpxtpx:TrackPointExtension>
        </extensions>
      </trkpt>
      <trkpt lat="22.72903860051854" lon="113.95192393664858">
        <ele>41.041115114465356</ele>
        <time>1970-01-01T00:31:38.900000Z</time>
        <extensions>
          <gpxtpx:TrackPointExtension>
            <gpxtpx:hr>174</gpxtpx:hr>
          </gpxtpx:TrackPointExtension>
        </extensions>
      </trkpt>
      <trkpt lat="22.72903046179705" lon="113.9519133178124">
        <ele>41.036926340311766</ele>
        <time>1970-01-01T00:31:39.900000Z</time>
        <extensions>
          <gpxtpx:TrackPointExtension>
            <gpxtpx:hr>174</gpxtpx:hr>
          </gpxtpx:TrackPointExtension>
        </extensions>
      </trkpt>
      <trkpt lat="22.72902273817079" lon="113.95190384611556">
        <ele>41.03547017276287</ele>
        <time>1970-01-01T00:31:40.900000Z</time>
        <extensions>
          <gpxtpx:TrackPointExtension>
            <gpxtpx:hr>174</gpxtpx:hr>
          </gpxtpx:TrackPointExtension>
        </extensions>
      </trkpt>
      <trkpt lat="22.729014396670085" lon="113.95189449697564">
        <ele>40.995958279818296</ele>
        <time>1970-01-01T00:31:41.900000Z</time>
        <extensions>
          <gpxtpx:TrackPointExtension>
            <gpxtpx:hr>174</gpxtpx:hr>
          </gpxtpx:TrackPointExtension>
        </extensions>
      </trkpt>
      <trkpt lat="22.72900448978735" lon="113.95188460882844">
        <ele>40.95841846708208</ele>
        <time>1970-01-01T00:31:42.900000Z</time>
        <extensions>
          <gpxtpx:TrackPointExtension>
            <gpxtpx:hr>174</gpxtpx:hr>
          </gpxtpx:TrackPointExtension>
        </extensions>
      </trkpt>
      <trkpt lat="22.728992535593047" lon="113.95187514518763">
        <ele>40.904240254312754</ele>
        <time>1970-01-01T00:31:43.900000Z</time>
        <extensions>
          <gpxtpx:TrackPointExtension>
            <gpxtpx:hr>174</gpxtpx:hr>
          </gpxtpx:TrackPointExtension>
        </extensions>
      </trkpt>
      <trkpt lat="22.728978617877967" lon="113.95186726050854">
        <ele>40.859728830866516</ele>
        <time>1970-01-01T00:31:44.900000Z</time>
        <extensions>
          <gpxtpx:TrackPointExtension>
            <gpxtpx:hr>174</gpxtpx:hr>
          </gpxtpx:TrackPointExtension>
        </extensions>
      </trkpt>
      <trkpt lat="22.728962967716637" lon="113.95186078167458">
        <ele>40.82052570208907</ele>
        <time>1970-01-01T00:31:45.900000Z</time>
        <extensions>
          <gpxtpx:TrackPointExtension>
            <gpxtpx:hr>174</gpxtpx:hr>
          </gpxtpx:TrackPointExtension>
        </extensions>
      </trkpt>
      <trkpt lat="22.728945823934648" lon="113.95185456950054">
        <ele>40.789440668188035</ele>
        <time>1970-01-01T00:31:46.900000Z</time>
        <extensions>
          <gpxtpx:TrackPointExtension>
            <gpxtpx:hr>174</gpxtpx:hr>
          </gpxtpx:TrackPointExtension>
        </extensions>
      </trkpt>
      <trkpt lat="22.728927764771306" lon="113.95184693077061">
        <ele>40.77157387975603</ele>
        <time>1970-01-01T00:31:47.900000Z</time>
        <extensions>
          <gpxtpx:TrackPointExtension>
            <gpxtpx:hr>174</gpxtpx:hr>
          </gpxtpx:TrackPointExtension>
        </extensions>
      </trkpt>
      <trkpt lat="22.728909506459722" lon="113.95183691404347">
        <ele>40.77584068570286</ele>
        <time>1970-01-01T00:31:48.900000Z</time>
        <extensions>
          <gpxtpx:TrackPointExtension>
            <gpxtpx:hr>174</gpxtpx:hr>
          </gpxtpx:TrackPointExtension>
        </extensions>
      </trkpt>
      <trkpt lat="22.728891807665647" lon="113.95182409251424">
        <ele>40.81751908920705</ele>
        <time>1970-01-01T00:31:49.900000Z</time>
        <extensions>
          <gpxtpx:TrackPointExtension>
            <gpxtpx:hr>174</gpxtpx:hr>
          </gpxtpx:TrackPointExtension>
        </extensions>
      </trkpt>
      <trkpt lat="22.72887531237979" lon="113.95180733129273">
        <ele>40.92093617003411</ele>
        <time>1970-01-01T00:31:50.900000Z</time>
        <extensions>
          <gpxtpx:TrackPointExtension>
            <gpxtpx:hr>174</gpxtpx:hr>
          </gpxtpx:TrackPointExtension>
        </extensions>
      </trkpt>
      <trkpt lat="22.728783882832687" lon="113.95167351728205">
        <ele>41.564328249543905</ele>
        <time>1970-01-01T00:31:56.900000Z</time>
        <extensions>
          <gpxtpx:TrackPointExtension>
            <gpxtpx:hr>173</gpxtpx:hr>
          </gpxtpx:TrackPointExtension>
        </extensions>
      </trkpt>
      <trkpt lat="22.728769770637548" lon="113.95165044079071">
        <ele>41.58541140612215</ele>
        <time>1970-01-01T00:31:57.900000Z</time>
        <extensions>
          <gpxtpx:TrackPointExtension>
            <gpxtpx:hr>173</gpxtpx:hr>
          </gpxtpx:TrackPointExtension>
        </extensions>
      </trkpt>
      <trkpt lat="22.728756600749158" lon="113.95163085882587">
        <ele>41.541571609675884</ele>
        <time>1970-01-01T00:31:58.900000Z</time>
        <extensions>
          <gpxtpx:TrackPointExtension>
            <gpxtpx:hr>173</gpxtpx:hr>
          </gpxtpx:TrackPointExtension>
        </extensions>
      </trkpt>
      <trkpt lat="22.72874378025372" lon="113.95161356077462">
        <ele>41.46471423096955</ele>
        <time>1970-01-01T00:31:59.900000Z</time>
        <extensions>
          <gpxtpx:TrackPointExtension>
            <gpxtpx:hr>173</gpxtpx:hr>
          </gpxtpx:TrackPointExtension>
        </extensions>
      </trkpt>
      <trkpt lat="22.728730520371588" lon="113.95159820499231">
        <ele>41.37671917676926</ele>
        <time>1970-01-01T00:32:00.900000Z</time>
        <extensions>
          <gpxtpx:TrackPointExtension>
            <gpxtpx:hr>171</gpxtpx:hr>
          </gpxtpx:TrackPointExtension>
        </extensions>
      </trkpt>
      <trkpt lat="22.72871614923888" lon="113.9515836332703">
        <ele>41.29086362943053</ele>
        <time>1970-01-01T00:32:01.900000Z</time>
        <extensions>
          <gpxtpx:TrackPointExtension>
            <gpxtpx:hr>171</gpxtpx:hr>
          </gpxtpx:TrackPointExtension>
        </extensions>
      </trkpt>
      <trkpt lat="22.72870064785666" lon="113.95156947286593">
        <ele>41.21392596885562</ele>
        <time>1970-01-01T00:32:02.900000Z</time>
        <extensions>
          <gpxtpx:TrackPointExtension>
            <gpxtpx:hr>171</gpxtpx:hr>
          </gpxtpx:TrackPointExtension>
        </extensions>
      </trkpt>
      <trkpt lat="22.728684239886757" lon="113.95155662681374">
        <ele>41.149011007510126</ele>
        <time>1970-01-01T00:32:03.900000Z</time>
        <extensions>
          <gpxtpx:TrackPointExtension>
            <gpxtpx:hr>171</gpxtpx:hr>
          </gpxtpx:TrackPointExtension>
        </extensions>
      </trkpt>
      <trkpt lat="22.728667056542037" lon="113.95154600711406">
        <ele>41.09707906190306</ele>
        <time>1970-01-01T00:32:04.900000Z</time>
        <extensions>
          <gpxtpx:TrackPointExtension>
            <gpxtpx:hr>171</gpxtpx:hr>
          </gpxtpx:TrackPointExtension>
        </extensions>
      </trkpt>
      <trkpt lat="22.728649375635126" lon="113.95153792313783">
        <ele>41.05778604000807</ele>
        <time>1970-01-01T00:32:05.900000Z</time>
        <extensions>
          <gpxtpx:TrackPointExtension>
            <gpxtpx:hr>171</gpxtpx:hr>
          </gpxtpx:TrackPointExtension>
        </extensions>
      </trkpt>
      <trkpt lat="22.728631228733477" lon="113.95153127593126">
        <ele>41.03019669279456</ele>
        <time>1970-01-01T00:32:06.900000Z</time>
        <extensions>
          <gpxtpx:TrackPointExtension>
            <gpxtpx:hr>171</gpxtpx:hr>
          </gpxtpx:TrackPointExtension>
        </extensions>
      </trkpt>
      <trkpt lat="22.728612817940096" lon="113.95152482383686">
        <ele>41.01310308370739</ele>
        <time>1970-01-01T00:32:07.900000Z</time>
        <extensions>
          <gpxtpx:TrackPointExtension>
            <gpxtpx:hr>171</gpxtpx:hr>
          </gpxtpx:TrackPointExtension>
        </extensions>
      </trkpt>
      <trkpt lat="22.728594540270677" lon="113.95151790418167">
        <ele>41.00478834845126</ele>
        <time>1970-01-01T00:32:08.900000Z</time>
        <extensions>
          <gpxtpx:TrackPointExtension>
            <gpxtpx:hr>171</gpxtpx:hr>
          </gpxtpx:TrackPointExtension>
        </extensions>
      </trkpt>
      <trkpt lat="22.728576448788363" lon="113.95150981847742">
        <ele>41.002853808924556</ele>
        <time>1970-01-01T00:32:09.900000Z</time>
        <extensions>
          <gpxtpx:TrackPointExtension>
            <gpxtpx:hr>171</gpxtpx:hr>
          </gpxtpx:TrackPointExtension>
        </extensions>
      </trkpt>
      <trkpt lat="22.728558832716175" lon="113.95150018789465">
        <ele>41.0044919885695</ele>
        <time>1970-01-01T00:32:10.900000Z</time>
        <extensions>
          <gpxtpx:TrackPointExtension>
            <gpxtpx:hr>171</gpxtpx:hr>
          </gpxtpx:TrackPointExtension>
        </extensions>
      </trkpt>
      <trkpt lat="22.7285423931969" lon="113.95148884260243">
        <ele>41.00697630178183</ele>
        <time>1970-01-01T00:32:11.900000Z</time>
        <extensions>
          <gpxtpx:TrackPointExtension>
            <gpxtpx:hr>171</gpxtpx:hr>
          </gpxtpx:TrackPointExtension>
        </extensions>
      </trkpt>
      <trkpt lat="22.728527743631478" lon="113.95147589306042">
        <ele>41.00824090093374</ele>
        <time>1970-01-01T00:32:12.900000Z</time>
        <extensions>
          <gpxtpx:TrackPointExtension>
            <gpxtpx:hr>171</gpxtpx:hr>
          </gpxtpx:TrackPointExtension>
        </extensions>
      </trkpt>
      <trkpt lat="22.728514437843916" lon="113.95146149040454">
        <ele>41.00712341349572</ele>
        <time>1970-01-01T00:32:13.900000Z</time>
        <extensions>
          <gpxtpx:TrackPointExtension>
            <gpxtpx:hr>171</gpxtpx:hr>
          </gpxtpx:TrackPointExtension>
        </extensions>
      </trkpt>
      <trkpt lat="22.728501986507325" lon="113.95144654595381">
        <ele>41.003408294171095</ele>
        <time>1970-01-01T00:32:14.900000Z</time>
        <extensions>
          <gpxtpx:TrackPointExtension>
            <gpxtpx:hr>171</gpxtpx:hr>
          </gpxtpx:TrackPointExtension>
        </extensions>
      </trkpt>
      <trkpt lat="22.728489970955774" lon="113.95143187003085">
        <ele>40.997398890554905</ele>
        <time>1970-01-01T00:32:15.900000Z</time>
        <extensions>
          <gpxtpx:TrackPointExtension>
            <gpxtpx:hr>171</gpxtpx:hr>
          </gpxtpx:TrackPointExtension>
        </extensions>
      </trkpt>
      <trkpt lat="22.728478295767527" lon="113.95141824761875">
        <ele>40.989829901605844</ele>
        <time>1970-01-01T00:32:16.900000Z</time>
        <extensions>
          <gpxtpx:TrackPointExtension>
            <gpxtpx:hr>171</gpxtpx:hr>
          </gpxtpx:TrackPointExtension>
        </extensions>
      </trkpt>
      <trkpt lat="22.72846662892232" lon="113.95140481225057">
        <ele>40.981312178075314</ele>
        <time>1970-01-01T00:32:17.900000Z</time>
        <extensions>
          <gpxtpx:TrackPointExtension>
            <gpxtpx:hr>170</gpxtpx:hr>
          </gpxtpx:TrackPointExtension>
        </extensions>
      </trkpt>
      <trkpt lat="22.72845477945147" lon="113.95139111479446">
        <ele>40.972109934315085</ele>
        <time>1970-01-01T00:32:18.900000Z</time>
        <extensions>
          <gpxtpx:TrackPointExtension>
            <gpxtpx:hr>170</gpxtpx:hr>
          </gpxtpx:TrackPointExtension>
        </extensions>
      </trkpt>
      <trkpt lat="22.728443105168843" lon="113.95137779724668">
        <ele>40.96192596666515</ele>
        <time>1970-01-01T00:32:19.900000Z</time>
        <extensions>
          <gpxtpx:TrackPointExtension>
            <gpxtpx:hr>170</gpxtpx:hr>
          </gpxtpx:TrackPointExtension>
        </extensions>
      </trkpt>
      <trkpt lat="22.7284322638927" lon="113.95136599690333">
        <ele>40.950821219943464</ele>
        <time>1970-01-01T00:32:20.900000Z</time>
        <extensions>
          <gpxtpx:TrackPointExtension>
            <gpxtpx:hr>170</gpxtpx:hr>
          </gpxtpx:TrackPointExtension>
        </extensions>
      </trkpt>
      <trkpt lat="22.728422898804517" lon="113.95135511130933">
        <ele>40.938729928806424</ele>
        <time>1970-01-01T00:32:21.900000Z</time>
        <extensions>
          <gpxtpx:TrackPointExtension>
            <gpxtpx:hr>170</gpxtpx:hr>
          </gpxtpx:TrackPointExtension>
        </extensions>
      </trkpt>
      <trkpt lat="22.728414520150153" lon="113.95134125935998">
        <ele>40.925378925167024</ele>
        <time>1970-01-01T00:32:22.900000Z</time>
        <extensions>
          <gpxtpx:TrackPointExtension>
            <gpxtpx:hr>170</gpxtpx:hr>
          </gpxtpx:TrackPointExtension>
        </extensions>
      </trkpt>
      <trkpt lat="22.72840540854631" lon="113.95132238574381">
        <ele>40.910495245829225</ele>
        <time>1970-01-01T00:32:23.900000Z</time>
        <extensions>
          <gpxtpx:TrackPointExtension>
            <gpxtpx:hr>170</gpxtpx:hr>
          </gpxtpx:TrackPointExtension>
        </extensions>
      </trkpt>
      <trkpt lat="22.72839513345654" lon="113.95129853530314">
        <ele>40.894137715920806</ele>
        <time>1970-01-01T00:32:24.900000Z</time>
        <extensions>
          <gpxtpx:TrackPointExtension>
            <gpxtpx:hr>170</gpxtpx:hr>
          </gpxtpx:TrackPointExtension>
        </extensions>
      </trkpt>
      <trkpt lat="22.728385702185925" lon="113.95127148883633">
        <ele>40.87703883834183</ele>
        <time>1970-01-01T00:32:25.900000Z</time>
        <extensions>
          <gpxtpx:TrackPointExtension>
            <gpxtpx:hr>170</gpxtpx:hr>
          </gpxtpx:TrackPointExtension>
        </extensions>
      </trkpt>
      <trkpt lat="22.728378346156006" lon="113.95124318651456">
        <ele>40.86037238128483</ele>
        <time>1970-01-01T00:32:26.900000Z</time>
        <extensions>
          <gpxtpx:TrackPointExtension>
            <gpxtpx:hr>168</gpxtpx:hr>
          </gpxtpx:TrackPointExtension>
        </extensions>
      </trkpt>
      <trkpt lat="22.728372129310454" lon="113.95121544101924">
        <ele>40.84554868377745</ele>
        <time>1970-01-01T00:32:27.900000Z</time>
        <extensions>
          <gpxtpx:TrackPointExtension>
            <gpxtpx:hr>168</gpxtpx:hr>
          </gpxtpx:TrackPointExtension>
        </extensions>
      </trkpt>
      <trkpt lat="22.728366077099484" lon="113.95118986587575">
        <ele>40.833840450271964</ele>
        <time>1970-01-01T00:32:28.900000Z</time>
        <extensions>
          <gpxtpx:TrackPointExtension>
            <gpxtpx:hr>168</gpxtpx:hr>
          </gpxtpx:TrackPointExtension>
        </extensions>
      </trkpt>
      <trkpt lat="22.72835971262853" lon="113.9511688829221">
        <ele>40.82569624111056</ele>
        <time>1970-01-01T00:32:29.900000Z</time>
        <extensions>
          <gpxtpx:TrackPointExtension>
            <gpxtpx:hr>168</gpxtpx:hr>
          </gpxtpx:TrackPointExtension>
        </extensions>
      </trkpt>
      <trkpt lat="22.728352402036634" lon="113.95115409898536">
        <ele>40.82105987612158</ele>
        <time>1970-01-01T00:32:30.900000Z</time>
        <extensions>
          <gpxtpx:TrackPointExtension>
            <gpxtpx:hr>168</gpxtpx:hr>
          </gpxtpx:TrackPointExtension>
        </extensions>
      </trkpt>
      <trkpt lat="22.728341846777138" lon="113.95114273281244">
        <ele>40.81952799297869</ele>
        <time>1970-01-01T00:32:31.900000Z</time>
        <extensions>
          <gpxtpx:TrackPointExtension>
            <gpxtpx:hr>168</gpxtpx:hr>
          </gpxtpx:TrackPointExtension>
        </extensions>
      </trkpt>
      <trkpt lat="22.728329992162244" lon="113.95113684182627">
        <ele>40.82079705502838</ele>
        <time>1970-01-01T00:32:32.900000Z</time>
        <extensions>
          <gpxtpx:TrackPointExtension>
            <gpxtpx:hr>168</gpxtpx:hr>
          </gpxtpx:TrackPointExtension>
        </extensions>
      </trkpt>
      <trkpt lat="22.728318589603465" lon="113.95113789529361">
        <ele>40.82470213714987</ele>
        <time>1970-01-01T00:32:33.900000Z</time>
        <extensions>
          <gpxtpx:TrackPointExtension>
            <gpxtpx:hr>169</gpxtpx:hr>
          </gpxtpx:TrackPointExtension>
        </extensions>
      </trkpt>
      <trkpt lat="22.72830767672781" lon="113.95114238412594">
        <ele>40.83159458078444</ele>
        <time>1970-01-01T00:32:34.900000Z</time>
        <extensions>
          <gpxtpx:TrackPointExtension>
            <gpxtpx:hr>169</gpxtpx:hr>
          </gpxtpx:TrackPointExtension>
        </extensions>
      </trkpt>
      <trkpt lat="22.728300566651793" lon="113.95115015296997">
        <ele>40.84120717365295</ele>
        <time>1970-01-01T00:32:35.900000Z</time>
        <extensions>
          <gpxtpx:TrackPointExtension>
            <gpxtpx:hr>169</gpxtpx:hr>
          </gpxtpx:TrackPointExtension>
        </extensions>
      </trkpt>
      <trkpt lat="22.728298508816575" lon="113.95116092268971">
        <ele>40.852983825840056</ele>
        <time>1970-01-01T00:32:36.900000Z</time>
        <extensions>
          <gpxtpx:TrackPointExtension>
            <gpxtpx:hr>169</gpxtpx:hr>
          </gpxtpx:TrackPointExtension>
        </extensions>
      </trkpt>
      <trkpt lat="22.72830083891554" lon="113.95117457166425">
        <ele>40.86619835626334</ele>
        <time>1970-01-01T00:32:37.900000Z</time>
        <extensions>
          <gpxtpx:TrackPointExtension>
            <gpxtpx:hr>170</gpxtpx:hr>
          </gpxtpx:TrackPointExtension>
        </extensions>
      </trkpt>
      <trkpt lat="22.728306019565075" lon="113.95118982687332">
        <ele>40.88028576038778</ele>
        <time>1970-01-01T00:32:38.900000Z</time>
        <extensions>
          <gpxtpx:TrackPointExtension>
            <gpxtpx:hr>170</gpxtpx:hr>
          </gpxtpx:TrackPointExtension>
        </extensions>
      </trkpt>
      <trkpt lat="22.7283127525808" lon="113.95120513942084">
        <ele>40.89416594617069</ele>
        <time>1970-01-01T00:32:39.900000Z</time>
        <extensions>
          <gpxtpx:TrackPointExtension>
            <gpxtpx:hr>170</gpxtpx:hr>
          </gpxtpx:TrackPointExtension>
        </extensions>
      </trkpt>
      <trkpt lat="22.728319979614287" lon="113.95122065718948">
        <ele>40.90643683914095</ele>
        <time>1970-01-01T00:32:40.900000Z</time>
        <extensions>
          <gpxtpx:TrackPointExtension>
            <gpxtpx:hr>171</gpxtpx:hr>
          </gpxtpx:TrackPointExtension>
        </extensions>
      </trkpt>
      <trkpt lat="22.728326884472285" lon="113.95123628588753">
        <ele>40.915597312152386</ele>
        <time>1970-01-01T00:32:41.900000Z</time>
        <extensions>
          <gpxtpx:TrackPointExtension>
            <gpxtpx:hr>171</gpxtpx:hr>
          </gpxtpx:TrackPointExtension>
        </extensions>
      </trkpt>
      <trkpt lat="22.72833321359305" lon="113.95125162870326">
        <ele>40.92047917470336</ele>
        <time>1970-01-01T00:32:42.900000Z</time>
        <extensions>
          <gpxtpx:TrackPointExtension>
            <gpxtpx:hr>171</gpxtpx:hr>
          </gpxtpx:TrackPointExtension>
        </extensions>
      </trkpt>
      <trkpt lat="22.728338710795548" lon="113.95126715969951">
        <ele>40.920758279040456</ele>
        <time>1970-01-01T00:32:43.900000Z</time>
        <extensions>
          <gpxtpx:TrackPointExtension>
            <gpxtpx:hr>171</gpxtpx:hr>
          </gpxtpx:TrackPointExtension>
        </extensions>
      </trkpt>
      <trkpt lat="22.72834336422247" lon="113.951283605032">
        <ele>40.917281915433705</ele>
        <time>1970-01-01T00:32:44.900000Z</time>
        <extensions>
          <gpxtpx:TrackPointExtension>
            <gpxtpx:hr>171</gpxtpx:hr>
          </gpxtpx:TrackPointExtension>
        </extensions>
      </trkpt>
      <trkpt lat="22.728347471452256" lon="113.95130043733771">
        <ele>40.91179985459894</ele>
        <time>1970-01-01T00:32:45.900000Z</time>
        <extensions>
          <gpxtpx:TrackPointExtension>
            <gpxtpx:hr>173</gpxtpx:hr>
          </gpxtpx:TrackPointExtension>
        </extensions>
      </trkpt>
      <trkpt lat="22.72835159302308" lon="113.95131705467008">
        <ele>40.9064877750352</ele>
        <time>1970-01-01T00:32:46.900000Z</time>
        <extensions>
          <gpxtpx:TrackPointExtension>
            <gpxtpx:hr>173</gpxtpx:hr>
          </gpxtpx:TrackPointExtension>
        </extensions>
      </trkpt>
      <trkpt lat="22.728356326874817" lon="113.95133359941637">
        <ele>40.90325935091823</ele>
        <time>1970-01-01T00:32:47.900000Z</time>
        <extensions>
          <gpxtpx:TrackPointExtension>
            <gpxtpx:hr>173</gpxtpx:hr>
          </gpxtpx:TrackPointExtension>
        </extensions>
      </trkpt>
      <trkpt lat="22.72836208421464" lon="113.95134968881317">
        <ele>40.903235187754035</ele>
        <time>1970-01-01T00:32:48.900000Z</time>
        <extensions>
          <gpxtpx:TrackPointExtension>
            <gpxtpx:hr>173</gpxtpx:hr>
          </gpxtpx:TrackPointExtension>
        </extensions>
      </trkpt>
      <trkpt lat="22.728369530172127" lon="113.95136415868944">
        <ele>40.906559146009386</ele>
        <time>1970-01-01T00:32:49.900000Z</time>
        <extensions>
          <gpxtpx:TrackPointExtension>
            <gpxtpx:hr>173</gpxtpx:hr>
          </gpxtpx:TrackPointExtension>
        </extensions>
      </trkpt>
      <trkpt lat="22.7283789987929" lon="113.95137837889331">
        <ele>40.91289853863418</ele>
        <time>1970-01-01T00:32:50.900000Z</time>
        <extensions>
          <gpxtpx:TrackPointExtension>
            <gpxtpx:hr>173</gpxtpx:hr>
          </gpxtpx:TrackPointExtension>
        </extensions>
      </trkpt>
      <trkpt lat="22.728390498325442" lon="113.95139455843733">
        <ele>40.921678118407726</ele>
        <time>1970-01-01T00:32:51.900000Z</time>
        <extensions>
          <gpxtpx:TrackPointExtension>
            <gpxtpx:hr>172</gpxtpx:hr>
          </gpxtpx:TrackPointExtension>
        </extensions>
      </trkpt>
      <trkpt lat="22.728403435780198" lon="113.95141280765463">
        <ele>40.9321678057313</ele>
        <time>1970-01-01T00:32:52.900000Z</time>
        <extensions>
          <gpxtpx:TrackPointExtension>
            <gpxtpx:hr>172</gpxtpx:hr>
          </gpxtpx:TrackPointExtension>
        </extensions>
      </trkpt>
      <trkpt lat="22.72841622509572" lon="113.95143241093206">
        <ele>40.94338690303266</ele>
        <time>1970-01-01T00:32:53.900000Z</time>
        <extensions>
          <gpxtpx:TrackPointExtension>
            <gpxtpx:hr>172</gpxtpx:hr>
          </gpxtpx:TrackPointExtension>
        </extensions>
      </trkpt>
      <trkpt lat="22.728428090263215" lon="113.95145330734758">
        <ele>40.95481128618121</ele>
        <time>1970-01-01T00:32:54.900000Z</time>
        <extensions>
          <gpxtpx:TrackPointExtension>
            <gpxtpx:hr>172</gpxtpx:hr>
          </gpxtpx:TrackPointExtension>
        </extensions>
      </trkpt>
      <trkpt lat="22.728439048603725" lon="113.95147499979686">
        <ele>40.968145314604044</ele>
        <time>1970-01-01T00:32:55.900000Z</time>
        <extensions>
          <gpxtpx:TrackPointExtension>
            <gpxtpx:hr>172</gpxtpx:hr>
          </gpxtpx:TrackPointExtension>
        </extensions>
      </trkpt>
      <trkpt lat="22.728450209187667" lon="113.95149692574573">
        <ele>40.99155776575208</ele>
        <time>1970-01-01T00:32:56.900000Z</time>
        <extensions>
          <gpxtpx:TrackPointExtension>
            <gpxtpx:hr>172</gpxtpx:hr>
          </gpxtpx:TrackPointExtension>
        </extensions>
      </trkpt>
      <trkpt lat="22.72846221519608" lon="113.95151841781838">
        <ele>41.016513149254024</ele>
        <time>1970-01-01T00:32:57.900000Z</time>
        <extensions>
          <gpxtpx:TrackPointExtension>
            <gpxtpx:hr>172</gpxtpx:hr>
          </gpxtpx:TrackPointExtension>
        </extensions>
      </trkpt>
      <trkpt lat="22.728475402688236" lon="113.95153925064153">
        <ele>41.04239950608462</ele>
        <time>1970-01-01T00:32:58.900000Z</time>
        <extensions>
          <gpxtpx:TrackPointExtension>
            <gpxtpx:hr>171</gpxtpx:hr>
          </gpxtpx:TrackPointExtension>
        </extensions>
      </trkpt>
      <trkpt lat="22.728490352580774" lon="113.95155976010047">
        <ele>41.06882746703923</ele>
        <time>1970-01-01T00:32:59.900000Z</time>
        <extensions>
          <gpxtpx:TrackPointExtension>
            <gpxtpx:hr>171</gpxtpx:hr>
          </gpxtpx:TrackPointExtension>
        </extensions>
      </trkpt>
      <trkpt lat="22.728506771286963" lon="113.95158082423221">
        <ele>41.094378834590316</ele>
        <time>1970-01-01T00:33:00.900000Z</time>
        <extensions>
          <gpxtpx:TrackPointExtension>
            <gpxtpx:hr>171</gpxtpx:hr>
          </gpxtpx:TrackPointExtension>
        </extensions>
      </trkpt>
      <trkpt lat="22.728523208865496" lon="113.95160175126803">
        <ele>41.11607892625034</ele>
        <time>1970-01-01T00:33:01.900000Z</time>
        <extensions>
          <gpxtpx:TrackPointExtension>
            <gpxtpx:hr>171</gpxtpx:hr>
          </gpxtpx:TrackPointExtension>
        </extensions>
      </trkpt>
      <trkpt lat="22.72853843489692" lon="113.95162155876761">
        <ele>41.129522843286395</ele>
        <time>1970-01-01T00:33:02.900000Z</time>
        <extensions>
          <gpxtpx:TrackPointExtension>
            <gpxtpx:hr>171</gpxtpx:hr>
          </gpxtpx:TrackPointExtension>
        </extensions>
      </trkpt>
      <trkpt lat="22.728552076835488" lon="113.95164008910989">
        <ele>41.128547242842615</ele>
        <time>1970-01-01T00:33:03.900000Z</time>
        <extensions>
          <gpxtpx:TrackPointExtension>
            <gpxtpx:hr>171</gpxtpx:hr>
          </gpxtpx:TrackPointExtension>
        </extensions>
      </trkpt>
      <trkpt lat="22.728564819435782" lon="113.95165750263408">
        <ele>41.104814109392464</ele>
        <time>1970-01-01T00:33:04.900000Z</time>
        <extensions>
          <gpxtpx:TrackPointExtension>
            <gpxtpx:hr>171</gpxtpx:hr>
          </gpxtpx:TrackPointExtension>
        </extensions>
      </trkpt>
      <trkpt lat="22.7285756057247" lon="113.95167193103393">
        <ele>41.064484898000956</ele>
        <time>1970-01-01T00:33:05.800000Z</time>
        <extensions>
          <gpxtpx:TrackPointExtension>
            <gpxtpx:hr>171</gpxtpx:hr>
          </gpxtpx:TrackPointExtension>
        </extensions>
      </trkpt>
      <trkpt lat="22.72857773585787" lon="113.95167451112518">
        <ele>41.06086102500558</ele>
        <time>1970-01-01T00:33:05.900000Z</time>
        <extensions>
          <gpxtpx:TrackPointExtension>
            <gpxtpx:hr>171</gpxtpx:hr>
          </gpxtpx:TrackPointExtension>
        </extensions>
      </trkpt>
      <trkpt lat="22.728590918672523" lon="113.95169071922442">
        <ele>41.016172882169485</ele>
        <time>1970-01-01T00:33:06.900000Z</time>
        <extensions>
          <gpxtpx:TrackPointExtension>
            <gpxtpx:hr>171</gpxtpx:hr>
          </gpxtpx:TrackPointExtension>
        </extensions>
      </trkpt>
      <trkpt lat="22.728605210812052" lon="113.9517067541635">
        <ele>40.996265267021954</ele>
        <time>1970-01-01T00:33:07.900000Z</time>
        <extensions>
          <gpxtpx:TrackPointExtension>
            <gpxtpx:hr>172</gpxtpx:hr>
          </gpxtpx:TrackPointExtension>
        </extensions>
      </trkpt>
      <trkpt lat="22.72862001511433" lon="113.95172316698324">
        <ele>40.99245220795274</ele>
        <time>1970-01-01T00:33:08.900000Z</time>
        <extensions>
          <gpxtpx:TrackPointExtension>
            <gpxtpx:hr>172</gpxtpx:hr>
          </gpxtpx:TrackPointExtension>
        </extensions>
      </trkpt>
      <trkpt lat="22.72863508970465" lon="113.95173942409487">
        <ele>40.99827434774488</ele>
        <time>1970-01-01T00:33:09.900000Z</time>
        <extensions>
          <gpxtpx:TrackPointExtension>
            <gpxtpx:hr>172</gpxtpx:hr>
          </gpxtpx:TrackPointExtension>
        </extensions>
      </trkpt>
      <trkpt lat="22.728650656305412" lon="113.95175466109161">
        <ele>41.00891360640526</ele>
        <time>1970-01-01T00:33:10.900000Z</time>
        <extensions>
          <gpxtpx:TrackPointExtension>
            <gpxtpx:hr>172</gpxtpx:hr>
          </gpxtpx:TrackPointExtension>
        </extensions>
      </trkpt>
      <trkpt lat="22.728667114738137" lon="113.95176870292613">
        <ele>41.02118012961</ele>
        <time>1970-01-01T00:33:11.900000Z</time>
        <extensions>
          <gpxtpx:TrackPointExtension>
            <gpxtpx:hr>172</gpxtpx:hr>
          </gpxtpx:TrackPointExtension>
        </extensions>
      </trkpt>
      <trkpt lat="22.728684621228997" lon="113.95178246365649">
        <ele>41.03291628882289</ele>
        <time>1970-01-01T00:33:12.900000Z</time>
        <extensions>
          <gpxtpx:TrackPointExtension>
            <gpxtpx:hr>172</gpxtpx:hr>
          </gpxtpx:TrackPointExtension>
        </extensions>
      </trkpt>
      <trkpt lat="22.72870279700872" lon="113.95179702149294">
        <ele>41.04282517172396</ele>
        <time>1970-01-01T00:33:13.900000Z</time>
        <extensions>
          <gpxtpx:TrackPointExtension>
            <gpxtpx:hr>172</gpxtpx:hr>
          </gpxtpx:TrackPointExtension>
        </extensions>
      </trkpt>
      <trkpt lat="22.728720495800367" lon="113.95181297399888">
        <ele>41.050353022292256</ele>
        <time>1970-01-01T00:33:14.900000Z</time>
        <extensions>
          <gpxtpx:TrackPointExtension>
            <gpxtpx:hr>172</gpxtpx:hr>
          </gpxtpx:TrackPointExtension>
        </extensions>
      </trkpt>
      <trkpt lat="22.72873656808582" lon="113.95182999170929">
        <ele>41.055552813224494</ele>
        <time>1970-01-01T00:33:15.900000Z</time>
        <extensions>
          <gpxtpx:TrackPointExtension>
            <gpxtpx:hr>172</gpxtpx:hr>
          </gpxtpx:TrackPointExtension>
        </extensions>
      </trkpt>
      <trkpt lat="22.728750595391233" lon="113.95184772762809">
        <ele>41.05929029453546</ele>
        <time>1970-01-01T00:33:16.900000Z</time>
        <extensions>
          <gpxtpx:TrackPointExtension>
            <gpxtpx:hr>172</gpxtpx:hr>
          </gpxtpx:TrackPointExtension>
        </extensions>
      </trkpt>
      <trkpt lat="22.72876215804194" lon="113.95186629007691">
        <ele>41.062995260581374</ele>
        <time>1970-01-01T00:33:17.900000Z</time>
        <extensions>
          <gpxtpx:TrackPointExtension>
            <gpxtpx:hr>172</gpxtpx:hr>
          </gpxtpx:TrackPointExtension>
        </extensions>
      </trkpt>
      <trkpt lat="22.728772148706057" lon="113.95188551788226">
        <ele>41.068118744529784</ele>
        <time>1970-01-01T00:33:18.900000Z</time>
        <extensions>
          <gpxtpx:TrackPointExtension>
            <gpxtpx:hr>172</gpxtpx:hr>
          </gpxtpx:TrackPointExtension>
        </extensions>
      </trkpt>
      <trkpt lat="22.72878282942773" lon="113.95190502105415">
        <ele>41.075760051608086</ele>
        <time>1970-01-01T00:33:19.900000Z</time>
        <extensions>
          <gpxtpx:TrackPointExtension>
            <gpxtpx:hr>172</gpxtpx:hr>
          </gpxtpx:TrackPointExtension>
        </extensions>
      </trkpt>
      <trkpt lat="22.728795687231475" lon="113.95192417026162">
        <ele>41.0864881016314</ele>
        <time>1970-01-01T00:33:20.900000Z</time>
        <extensions>
          <gpxtpx:TrackPointExtension>
            <gpxtpx:hr>172</gpxtpx:hr>
          </gpxtpx:TrackPointExtension>
        </extensions>
      </trkpt>
      <trkpt lat="22.72881037371772" lon="113.95194230479143">
        <ele>41.100268956273794</ele>
        <time>1970-01-01T00:33:21.900000Z</time>
        <extensions>
          <gpxtpx:TrackPointExtension>
            <gpxtpx:hr>173</gpxtpx:hr>
          </gpxtpx:TrackPointExtension>
        </extensions>
      </trkpt>
      <trkpt lat="22.72882574883293" lon="113.95195964589254">
        <ele>41.116597440093756</ele>
        <time>1970-01-01T00:33:22.900000Z</time>
        <extensions>
          <gpxtpx:TrackPointExtension>
            <gpxtpx:hr>173</gpxtpx:hr>
          </gpxtpx:TrackPointExtension>
        </extensions>
      </trkpt>
      <trkpt lat="22.72884051273173" lon="113.95197668584096">
        <ele>41.13467203825712</ele>
        <time>1970-01-01T00:33:23.900000Z</time>
        <extensions>
          <gpxtpx:TrackPointExtension>
            <gpxtpx:hr>173</gpxtpx:hr>
          </gpxtpx:TrackPointExtension>
        </extensions>
      </trkpt>
      <trkpt lat="22.728853756759346" lon="113.95199346734148">
        <ele>41.15342145971954</ele>
        <time>1970-01-01T00:33:24.900000Z</time>
        <extensions>
          <gpxtpx:TrackPointExtension>
            <gpxtpx:hr>173</gpxtpx:hr>
          </gpxtpx:TrackPointExtension>
        </extensions>
      </trkpt>
      <trkpt lat="22.728865810104175" lon="113.95201026754295">
        <ele>41.17156031448394</ele>
        <time>1970-01-01T00:33:25.900000Z</time>
        <extensions>
          <gpxtpx:TrackPointExtension>
            <gpxtpx:hr>173</gpxtpx:hr>
          </gpxtpx:TrackPointExtension>
        </extensions>
      </trkpt>
      <trkpt lat="22.728877272088553" lon="113.9520277067937">
        <ele>41.18770283553749</ele>
        <time>1970-01-01T00:33:26.900000Z</time>
        <extensions>
          <gpxtpx:TrackPointExtension>
            <gpxtpx:hr>173</gpxtpx:hr>
          </gpxtpx:TrackPointExtension>
        </extensions>
      </trkpt>
      <trkpt lat="22.72888842003378" lon="113.95204649668155">
        <ele>41.200584036298096</ele>
        <time>1970-01-01T00:33:27.900000Z</time>
        <extensions>
          <gpxtpx:TrackPointExtension>
            <gpxtpx:hr>173</gpxtpx:hr>
          </gpxtpx:TrackPointExtension>
        </extensions>
      </trkpt>
      <trkpt lat="22.728899332200495" lon="113.95206617143396">
        <ele>41.20951135829091</ele>
        <time>1970-01-01T00:33:28.900000Z</time>
        <extensions>
          <gpxtpx:TrackPointExtension>
            <gpxtpx:hr>173</gpxtpx:hr>
          </gpxtpx:TrackPointExtension>
        </extensions>
      </trkpt>
      <trkpt lat="22.728910130251187" lon="113.95208556405112">
        <ele>41.21466603502631</ele>
        <time>1970-01-01T00:33:29.900000Z</time>
        <extensions>
          <gpxtpx:TrackPointExtension>
            <gpxtpx:hr>173</gpxtpx:hr>
          </gpxtpx:TrackPointExtension>
        </extensions>
      </trkpt>
      <trkpt lat="22.72892104885366" lon="113.95210399884739">
        <ele>41.216713917441666</ele>
        <time>1970-01-01T00:33:30.900000Z</time>
        <extensions>
          <gpxtpx:TrackPointExtension>
            <gpxtpx:hr>173</gpxtpx:hr>
          </gpxtpx:TrackPointExtension>
        </extensions>
      </trkpt>
      <trkpt lat="22.728932002741182" lon="113.95212133939016">
        <ele>41.21626455336809</ele>
        <time>1970-01-01T00:33:31.900000Z</time>
        <extensions>
          <gpxtpx:TrackPointExtension>
            <gpxtpx:hr>173</gpxtpx:hr>
          </gpxtpx:TrackPointExtension>
        </extensions>
      </trkpt>
      <trkpt lat="22.72894224068787" lon="113.95213801670036">
        <ele>41.21397069096565</ele>
        <time>1970-01-01T00:33:32.900000Z</time>
        <extensions>
          <gpxtpx:TrackPointExtension>
            <gpxtpx:hr>173</gpxtpx:hr>
          </gpxtpx:TrackPointExtension>
        </extensions>
      </trkpt>
      <trkpt lat="22.728951273567933" lon="113.95215526375131">
        <ele>41.210630770772696</ele>
        <time>1970-01-01T00:33:33.900000Z</time>
        <extensions>
          <gpxtpx:TrackPointExtension>
            <gpxtpx:hr>173</gpxtpx:hr>
          </gpxtpx:TrackPointExtension>
        </extensions>
      </trkpt>
      <trkpt lat="22.728959945744755" lon="113.9521732168511">
        <ele>41.207356460392475</ele>
        <time>1970-01-01T00:33:34.900000Z</time>
        <extensions>
          <gpxtpx:TrackPointExtension>
            <gpxtpx:hr>173</gpxtpx:hr>
          </gpxtpx:TrackPointExtension>
        </extensions>
      </trkpt>
      <trkpt lat="22.728969755029823" lon="113.95219150719683">
        <ele>41.20536737795919</ele>
        <time>1970-01-01T00:33:35.900000Z</time>
        <extensions>
          <gpxtpx:TrackPointExtension>
            <gpxtpx:hr>173</gpxtpx:hr>
          </gpxtpx:TrackPointExtension>
        </extensions>
      </trkpt>
      <trkpt lat="22.728981169676224" lon="113.95220896179849">
        <ele>41.20551261398941</ele>
        <time>1970-01-01T00:33:36.900000Z</time>
        <extensions>
          <gpxtpx:TrackPointExtension>
            <gpxtpx:hr>173</gpxtpx:hr>
          </gpxtpx:TrackPointExtension>
        </extensions>
      </trkpt>
      <trkpt lat="22.728994921099936" lon="113.95222524221886">
        <ele>41.208187364041805</ele>
        <time>1970-01-01T00:33:37.900000Z</time>
        <extensions>
          <gpxtpx:TrackPointExtension>
            <gpxtpx:hr>173</gpxtpx:hr>
          </gpxtpx:TrackPointExtension>
        </extensions>
      </trkpt>
      <trkpt lat="22.72901090587265" lon="113.95224116582969">
        <ele>41.21326036378741</ele>
        <time>1970-01-01T00:33:38.900000Z</time>
        <extensions>
          <gpxtpx:TrackPointExtension>
            <gpxtpx:hr>173</gpxtpx:hr>
          </gpxtpx:TrackPointExtension>
        </extensions>
      </trkpt>
      <trkpt lat="22.72902821468699" lon="113.95225750402265">
        <ele>41.220105570741</ele>
        <time>1970-01-01T00:33:39.900000Z</time>
        <extensions>
          <gpxtpx:TrackPointExtension>
            <gpxtpx:hr>173</gpxtpx:hr>
          </gpxtpx:TrackPointExtension>
        </extensions>
      </trkpt>
      <trkpt lat="22.729046642693696" lon="113.95227465654855">
        <ele>41.22786810901016</ele>
        <time>1970-01-01T00:33:40.900000Z</time>
        <extensions>
          <gpxtpx:TrackPointExtension>
            <gpxtpx:hr>173</gpxtpx:hr>
          </gpxtpx:TrackPointExtension>
        </extensions>
      </trkpt>
      <trkpt lat="22.72906554359382" lon="113.95229227436087">
        <ele>41.235927055589855</ele>
        <time>1970-01-01T00:33:41.900000Z</time>
        <extensions>
          <gpxtpx:TrackPointExtension>
            <gpxtpx:hr>173</gpxtpx:hr>
          </gpxtpx:TrackPointExtension>
        </extensions>
      </trkpt>
      <trkpt lat="22.729084306502795" lon="113.95231035571521">
        <ele>41.24387324694544</ele>
        <time>1970-01-01T00:33:42.900000Z</time>
        <extensions>
          <gpxtpx:TrackPointExtension>
            <gpxtpx:hr>174</gpxtpx:hr>
          </gpxtpx:TrackPointExtension>
        </extensions>
      </trkpt>
      <trkpt lat="22.729102535525417" lon="113.9523293078083">
        <ele>41.25127452518791</ele>
        <time>1970-01-01T00:33:43.900000Z</time>
        <extensions>
          <gpxtpx:TrackPointExtension>
            <gpxtpx:hr>174</gpxtpx:hr>
          </gpxtpx:TrackPointExtension>
        </extensions>
      </trkpt>
      <trkpt lat="22.72911998114784" lon="113.9523491866972">
        <ele>41.2576414430514</ele>
        <time>1970-01-01T00:33:44.900000Z</time>
        <extensions>
          <gpxtpx:TrackPointExtension>
            <gpxtpx:hr>174</gpxtpx:hr>
          </gpxtpx:TrackPointExtension>
        </extensions>
      </trkpt>
      <trkpt lat="22.72913681533394" lon="113.95236926245337">
        <ele>41.26261773891747</ele>
        <time>1970-01-01T00:33:45.900000Z</time>
        <extensions>
          <gpxtpx:TrackPointExtension>
            <gpxtpx:hr>174</gpxtpx:hr>
          </gpxtpx:TrackPointExtension>
        </extensions>
      </trkpt>
      <trkpt lat="22.729153447740366" lon="113.9523889255983">
        <ele>41.266282649710774</ele>
        <time>1970-01-01T00:33:46.900000Z</time>
        <extensions>
          <gpxtpx:TrackPointExtension>
            <gpxtpx:hr>174</gpxtpx:hr>
          </gpxtpx:TrackPointExtension>
        </extensions>
      </trkpt>
      <trkpt lat="22.729170158136228" lon="113.95240814197109">
        <ele>41.269170806743205</ele>
        <time>1970-01-01T00:33:47.900000Z</time>
        <extensions>
          <gpxtpx:TrackPointExtension>
            <gpxtpx:hr>174</gpxtpx:hr>
          </gpxtpx:TrackPointExtension>
        </extensions>
      </trkpt>
      <trkpt lat="22.72918699861581" lon="113.95242756465557">
        <ele>41.27197474986315</ele>
        <time>1970-01-01T00:33:48.900000Z</time>
        <extensions>
          <gpxtpx:TrackPointExtension>
            <gpxtpx:hr>174</gpxtpx:hr>
          </gpxtpx:TrackPointExtension>
        </extensions>
      </trkpt>
      <trkpt lat="22.72920356339852" lon="113.95244810715577">
        <ele>41.27562531456351</ele>
        <time>1970-01-01T00:33:49.900000Z</time>
        <extensions>
          <gpxtpx:TrackPointExtension>
            <gpxtpx:hr>174</gpxtpx:hr>
          </gpxtpx:TrackPointExtension>
        </extensions>
      </trkpt>
      <trkpt lat="22.7292192182259" lon="113.95247007407056">
        <ele>41.28103859350085</ele>
        <time>1970-01-01T00:33:50.900000Z</time>
        <extensions>
          <gpxtpx:TrackPointExtension>
            <gpxtpx:hr>174</gpxtpx:hr>
          </gpxtpx:TrackPointExtension>
        </extensions>
      </trkpt>
      <trkpt lat="22.72923346393976" lon="113.95249268522872">
        <ele>41.28883187007159</ele>
        <time>1970-01-01T00:33:51.900000Z</time>
        <extensions>
          <gpxtpx:TrackPointExtension>
            <gpxtpx:hr>175</gpxtpx:hr>
          </gpxtpx:TrackPointExtension>
        </extensions>
      </trkpt>
      <trkpt lat="22.729246362348253" lon="113.95251523990477">
        <ele>41.299162082374096</ele>
        <time>1970-01-01T00:33:52.900000Z</time>
        <extensions>
          <gpxtpx:TrackPointExtension>
            <gpxtpx:hr>175</gpxtpx:hr>
          </gpxtpx:TrackPointExtension>
        </extensions>
      </trkpt>
      <trkpt lat="22.7292582992045" lon="113.95253732803215">
        <ele>41.31198845617473</ele>
        <time>1970-01-01T00:33:53.900000Z</time>
        <extensions>
          <gpxtpx:TrackPointExtension>
            <gpxtpx:hr>175</gpxtpx:hr>
          </gpxtpx:TrackPointExtension>
        </extensions>
      </trkpt>
      <trkpt lat="22.729269508282982" lon="113.95255816496318">
        <ele>41.32724896259606</ele>
        <time>1970-01-01T00:33:54.900000Z</time>
        <extensions>
          <gpxtpx:TrackPointExtension>
            <gpxtpx:hr>175</gpxtpx:hr>
          </gpxtpx:TrackPointExtension>
        </extensions>
      </trkpt>
      <trkpt lat="22.729280352251664" lon="113.95257782105644">
        <ele>41.33745675999671</ele>
        <time>1970-01-01T00:33:55.900000Z</time>
        <extensions>
          <gpxtpx:TrackPointExtension>
            <gpxtpx:hr>175</gpxtpx:hr>
          </gpxtpx:TrackPointExtension>
        </extensions>
      </trkpt>
      <trkpt lat="22.72929069380997" lon="113.9525968480558">
        <ele>41.35560064576566</ele>
        <time>1970-01-01T00:33:56.900000Z</time>
        <extensions>
          <gpxtpx:TrackPointExtension>
            <gpxtpx:hr>174</gpxtpx:hr>
          </gpxtpx:TrackPointExtension>
        </extensions>
      </trkpt>
      <trkpt lat="22.729300907885893" lon="113.95261563975674">
        <ele>41.37502266932279</ele>
        <time>1970-01-01T00:33:57.900000Z</time>
        <extensions>
          <gpxtpx:TrackPointExtension>
            <gpxtpx:hr>174</gpxtpx:hr>
          </gpxtpx:TrackPointExtension>
        </extensions>
      </trkpt>
      <trkpt lat="22.729310871687485" lon="113.95263423729573">
        <ele>41.395558558404446</ele>
        <time>1970-01-01T00:33:58.900000Z</time>
        <extensions>
          <gpxtpx:TrackPointExtension>
            <gpxtpx:hr>174</gpxtpx:hr>
          </gpxtpx:TrackPointExtension>
        </extensions>
      </trkpt>
      <trkpt lat="22.729320248893334" lon="113.95265220782512">
        <ele>41.41705994959921</ele>
        <time>1970-01-01T00:33:59.900000Z</time>
        <extensions>
          <gpxtpx:TrackPointExtension>
            <gpxtpx:hr>174</gpxtpx:hr>
          </gpxtpx:TrackPointExtension>
        </extensions>
      </trkpt>
      <trkpt lat="22.729328968117105" lon="113.95266928876632">
        <ele>41.43966019898653</ele>
        <time>1970-01-01T00:34:00.900000Z</time>
        <extensions>
          <gpxtpx:TrackPointExtension>
            <gpxtpx:hr>174</gpxtpx:hr>
          </gpxtpx:TrackPointExtension>
        </extensions>
      </trkpt>
      <trkpt lat="22.72933700384954" lon="113.952686172673">
        <ele>41.46413596812636</ele>
        <time>1970-01-01T00:34:01.900000Z</time>
        <extensions>
          <gpxtpx:TrackPointExtension>
            <gpxtpx:hr>174</gpxtpx:hr>
          </gpxtpx:TrackPointExtension>
        </extensions>
      </trkpt>
      <trkpt lat="22.72934544856511" lon="113.95270365702822">
        <ele>41.491488840430975</ele>
        <time>1970-01-01T00:34:02.900000Z</time>
        <extensions>
          <gpxtpx:TrackPointExtension>
            <gpxtpx:hr>174</gpxtpx:hr>
          </gpxtpx:TrackPointExtension>
        </extensions>
      </trkpt>
      <trkpt lat="22.729355284762807" lon="113.95272174495538">
        <ele>41.523267845623195</ele>
        <time>1970-01-01T00:34:03.900000Z</time>
        <extensions>
          <gpxtpx:TrackPointExtension>
            <gpxtpx:hr>174</gpxtpx:hr>
          </gpxtpx:TrackPointExtension>
        </extensions>
      </trkpt>
      <trkpt lat="22.729366235756704" lon="113.9527400702641">
        <ele>41.56139159668237</ele>
        <time>1970-01-01T00:34:04.900000Z</time>
        <extensions>
          <gpxtpx:TrackPointExtension>
            <gpxtpx:hr>174</gpxtpx:hr>
          </gpxtpx:TrackPointExtension>
        </extensions>
      </trkpt>
      <trkpt lat="22.729383251154243" lon="113.95276978185774">
        <ele>41.592505818232894</ele>
        <time>1970-01-01T00:34:06.500000Z</time>
        <extensions>
          <gpxtpx:TrackPointExtension>
            <gpxtpx:hr>174</gpxtpx:hr>
          </gpxtpx:TrackPointExtension>
        </extensions>
      </trkpt>
      <trkpt lat="22.729388474033513" lon="113.95277923522058">
        <ele>41.59588892105967</ele>
        <time>1970-01-01T00:34:06.900000Z</time>
        <extensions>
          <gpxtpx:TrackPointExtension>
            <gpxtpx:hr>172</gpxtpx:hr>
          </gpxtpx:TrackPointExtension>
        </extensions>
      </trkpt>
      <trkpt lat="22.729400716694315" lon="113.95279904797657">
        <ele>41.60047855693847</ele>
        <time>1970-01-01T00:34:07.900000Z</time>
        <extensions>
          <gpxtpx:TrackPointExtension>
            <gpxtpx:hr>172</gpxtpx:hr>
          </gpxtpx:TrackPointExtension>
        </extensions>
      </trkpt>
      <trkpt lat="22.729414270536225" lon="113.95281829314364">
        <ele>41.60886810999364</ele>
        <time>1970-01-01T00:34:08.900000Z</time>
        <extensions>
          <gpxtpx:TrackPointExtension>
            <gpxtpx:hr>172</gpxtpx:hr>
          </gpxtpx:TrackPointExtension>
        </extensions>
      </trkpt>
      <trkpt lat="22.7294283859222" lon="113.95283732158057">
        <ele>41.617946391925216</ele>
        <time>1970-01-01T00:34:09.900000Z</time>
        <extensions>
          <gpxtpx:TrackPointExtension>
            <gpxtpx:hr>172</gpxtpx:hr>
          </gpxtpx:TrackPointExtension>
        </extensions>
      </trkpt>
      <trkpt lat="22.72944236851538" lon="113.95285640340039">
        <ele>41.62540164310485</ele>
        <time>1970-01-01T00:34:10.900000Z</time>
        <extensions>
          <gpxtpx:TrackPointExtension>
            <gpxtpx:hr>172</gpxtpx:hr>
          </gpxtpx:TrackPointExtension>
        </extensions>
      </trkpt>
      <trkpt lat="22.729455857465705" lon="113.95287610024667">
        <ele>41.63014698494226</ele>
        <time>1970-01-01T00:34:11.900000Z</time>
        <extensions>
          <gpxtpx:TrackPointExtension>
            <gpxtpx:hr>173</gpxtpx:hr>
          </gpxtpx:TrackPointExtension>
        </extensions>
      </trkpt>
      <trkpt lat="22.72946868676505" lon="113.95289631438536">
        <ele>41.63219022657722</ele>
        <time>1970-01-01T00:34:12.900000Z</time>
        <extensions>
          <gpxtpx:TrackPointExtension>
            <gpxtpx:hr>173</gpxtpx:hr>
          </gpxtpx:TrackPointExtension>
        </extensions>
      </trkpt>
      <trkpt lat="22.729481146194985" lon="113.95291690559337">
        <ele>41.63243497721851</ele>
        <time>1970-01-01T00:34:13.900000Z</time>
        <extensions>
          <gpxtpx:TrackPointExtension>
            <gpxtpx:hr>173</gpxtpx:hr>
          </gpxtpx:TrackPointExtension>
        </extensions>
      </trkpt>
      <trkpt lat="22.72949330300598" lon="113.95293794949184">
        <ele>41.632086717523634</ele>
        <time>1970-01-01T00:34:14.900000Z</time>
        <extensions>
          <gpxtpx:TrackPointExtension>
            <gpxtpx:hr>172</gpxtpx:hr>
          </gpxtpx:TrackPointExtension>
        </extensions>
      </trkpt>
      <trkpt lat="22.729505032749444" lon="113.95295967556915">
        <ele>41.632229182869196</ele>
        <time>1970-01-01T00:34:15.900000Z</time>
        <extensions>
          <gpxtpx:TrackPointExtension>
            <gpxtpx:hr>172</gpxtpx:hr>
          </gpxtpx:TrackPointExtension>
        </extensions>
      </trkpt>
      <trkpt lat="22.729516585876" lon="113.95298227583623">
        <ele>41.6334323277697</ele>
        <time>1970-01-01T00:34:16.900000Z</time>
        <extensions>
          <gpxtpx:TrackPointExtension>
            <gpxtpx:hr>172</gpxtpx:hr>
          </gpxtpx:TrackPointExtension>
        </extensions>
      </trkpt>
      <trkpt lat="22.729527835095617" lon="113.9530049475214">
        <ele>41.63606610894203</ele>
        <time>1970-01-01T00:34:17.900000Z</time>
        <extensions>
          <gpxtpx:TrackPointExtension>
            <gpxtpx:hr>172</gpxtpx:hr>
          </gpxtpx:TrackPointExtension>
        </extensions>
      </trkpt>
      <trkpt lat="22.729538636625094" lon="113.95302681232158">
        <ele>41.640037547796965</ele>
        <time>1970-01-01T00:34:18.900000Z</time>
        <extensions>
          <gpxtpx:TrackPointExtension>
            <gpxtpx:hr>172</gpxtpx:hr>
          </gpxtpx:TrackPointExtension>
        </extensions>
      </trkpt>
      <trkpt lat="22.72954925030035" lon="113.95304854080183">
        <ele>41.644948376342654</ele>
        <time>1970-01-01T00:34:19.900000Z</time>
        <extensions>
          <gpxtpx:TrackPointExtension>
            <gpxtpx:hr>172</gpxtpx:hr>
          </gpxtpx:TrackPointExtension>
        </extensions>
      </trkpt>
      <trkpt lat="22.729559743179948" lon="113.95307050580192">
        <ele>41.65030548349023</ele>
        <time>1970-01-01T00:34:20.900000Z</time>
        <extensions>
          <gpxtpx:TrackPointExtension>
            <gpxtpx:hr>172</gpxtpx:hr>
          </gpxtpx:TrackPointExtension>
        </extensions>
      </trkpt>
      <trkpt lat="22.72957072009746" lon="113.9530927800458">
        <ele>41.6558274757117</ele>
        <time>1970-01-01T00:34:21.900000Z</time>
        <extensions>
          <gpxtpx:TrackPointExtension>
            <gpxtpx:hr>172</gpxtpx:hr>
          </gpxtpx:TrackPointExtension>
        </extensions>
      </trkpt>
      <trkpt lat="22.72958218106965" lon="113.95311493476804">
        <ele>41.66136538889259</ele>
        <time>1970-01-01T00:34:22.900000Z</time>
        <extensions>
          <gpxtpx:TrackPointExtension>
            <gpxtpx:hr>172</gpxtpx:hr>
          </gpxtpx:TrackPointExtension>
        </extensions>
      </trkpt>
      <trkpt lat="22.72959390160004" lon="113.95313682710278">
        <ele>41.66708043590188</ele>
        <time>1970-01-01T00:34:23.900000Z</time>
        <extensions>
          <gpxtpx:TrackPointExtension>
            <gpxtpx:hr>172</gpxtpx:hr>
          </gpxtpx:TrackPointExtension>
        </extensions>
      </trkpt>
      <trkpt lat="22.729605706272583" lon="113.95315852965402">
        <ele>41.6734115164727</ele>
        <time>1970-01-01T00:34:24.900000Z</time>
        <extensions>
          <gpxtpx:TrackPointExtension>
            <gpxtpx:hr>172</gpxtpx:hr>
          </gpxtpx:TrackPointExtension>
        </extensions>
      </trkpt>
      <trkpt lat="22.729617531479498" lon="113.95317953278291">
        <ele>41.68090317957103</ele>
        <time>1970-01-01T00:34:25.900000Z</time>
        <extensions>
          <gpxtpx:TrackPointExtension>
            <gpxtpx:hr>172</gpxtpx:hr>
          </gpxtpx:TrackPointExtension>
        </extensions>
      </trkpt>
      <trkpt lat="22.729629730705152" lon="113.953199858579">
        <ele>41.68991503305733</ele>
        <time>1970-01-01T00:34:26.900000Z</time>
        <extensions>
          <gpxtpx:TrackPointExtension>
            <gpxtpx:hr>172</gpxtpx:hr>
          </gpxtpx:TrackPointExtension>
        </extensions>
      </trkpt>
      <trkpt lat="22.729642398733663" lon="113.95322009954428">
        <ele>41.700352060608566</ele>
        <time>1970-01-01T00:34:27.900000Z</time>
        <extensions>
          <gpxtpx:TrackPointExtension>
            <gpxtpx:hr>172</gpxtpx:hr>
          </gpxtpx:TrackPointExtension>
        </extensions>
      </trkpt>
      <trkpt lat="22.729655281459184" lon="113.95324055690725">
        <ele>41.71172268129885</ele>
        <time>1970-01-01T00:34:28.900000Z</time>
        <extensions>
          <gpxtpx:TrackPointExtension>
            <gpxtpx:hr>172</gpxtpx:hr>
          </gpxtpx:TrackPointExtension>
        </extensions>
      </trkpt>
      <trkpt lat="22.72966823824009" lon="113.95326162522656">
        <ele>41.72331860754639</ele>
        <time>1970-01-01T00:34:29.900000Z</time>
        <extensions>
          <gpxtpx:TrackPointExtension>
            <gpxtpx:hr>172</gpxtpx:hr>
          </gpxtpx:TrackPointExtension>
        </extensions>
      </trkpt>
      <trkpt lat="22.72968118480621" lon="113.95328283134087">
        <ele>41.73446389473975</ele>
        <time>1970-01-01T00:34:30.900000Z</time>
        <extensions>
          <gpxtpx:TrackPointExtension>
            <gpxtpx:hr>171</gpxtpx:hr>
          </gpxtpx:TrackPointExtension>
        </extensions>
      </trkpt>
      <trkpt lat="22.729694010078692" lon="113.953303529619">
        <ele>41.74459244776517</ele>
        <time>1970-01-01T00:34:31.900000Z</time>
        <extensions>
          <gpxtpx:TrackPointExtension>
            <gpxtpx:hr>171</gpxtpx:hr>
          </gpxtpx:TrackPointExtension>
        </extensions>
      </trkpt>
      <trkpt lat="22.72970616828448" lon="113.95332373223023">
        <ele>41.75348575785756</ele>
        <time>1970-01-01T00:34:32.900000Z</time>
        <extensions>
          <gpxtpx:TrackPointExtension>
            <gpxtpx:hr>171</gpxtpx:hr>
          </gpxtpx:TrackPointExtension>
        </extensions>
      </trkpt>
      <trkpt lat="22.729716898057394" lon="113.95334331837273">
        <ele>41.76125494483858</ele>
        <time>1970-01-01T00:34:33.900000Z</time>
        <extensions>
          <gpxtpx:TrackPointExtension>
            <gpxtpx:hr>171</gpxtpx:hr>
          </gpxtpx:TrackPointExtension>
        </extensions>
      </trkpt>
      <trkpt lat="22.729726392527876" lon="113.95336268304787">
        <ele>41.768299313262105</ele>
        <time>1970-01-01T00:34:34.900000Z</time>
        <extensions>
          <gpxtpx:TrackPointExtension>
            <gpxtpx:hr>171</gpxtpx:hr>
          </gpxtpx:TrackPointExtension>
        </extensions>
      </trkpt>
      <trkpt lat="22.729735159510764" lon="113.95338214711484">
        <ele>41.774744156748056</ele>
        <time>1970-01-01T00:34:35.900000Z</time>
        <extensions>
          <gpxtpx:TrackPointExtension>
            <gpxtpx:hr>172</gpxtpx:hr>
          </gpxtpx:TrackPointExtension>
        </extensions>
      </trkpt>
      <trkpt lat="22.729743288571772" lon="113.95340146203897">
        <ele>41.78071618080139</ele>
        <time>1970-01-01T00:34:36.900000Z</time>
        <extensions>
          <gpxtpx:TrackPointExtension>
            <gpxtpx:hr>172</gpxtpx:hr>
          </gpxtpx:TrackPointExtension>
        </extensions>
      </trkpt>
      <trkpt lat="22.72975110090595" lon="113.95342001125748">
        <ele>41.786405831575394</ele>
        <time>1970-01-01T00:34:37.900000Z</time>
        <extensions>
          <gpxtpx:TrackPointExtension>
            <gpxtpx:hr>172</gpxtpx:hr>
          </gpxtpx:TrackPointExtension>
        </extensions>
      </trkpt>
      <trkpt lat="22.72975918833396" lon="113.9534379067206">
        <ele>41.79198401235044</ele>
        <time>1970-01-01T00:34:38.900000Z</time>
        <extensions>
          <gpxtpx:TrackPointExtension>
            <gpxtpx:hr>172</gpxtpx:hr>
          </gpxtpx:TrackPointExtension>
        </extensions>
      </trkpt>
      <trkpt lat="22.72976805688797" lon="113.95345565656748">
        <ele>41.79728865250945</ele>
        <time>1970-01-01T00:34:39.900000Z</time>
        <extensions>
          <gpxtpx:TrackPointExtension>
            <gpxtpx:hr>172</gpxtpx:hr>
          </gpxtpx:TrackPointExtension>
        </extensions>
      </trkpt>
      <trkpt lat="22.72977813601036" lon="113.95347321856019">
        <ele>41.80231861397624</ele>
        <time>1970-01-01T00:34:40.900000Z</time>
        <extensions>
          <gpxtpx:TrackPointExtension>
            <gpxtpx:hr>172</gpxtpx:hr>
          </gpxtpx:TrackPointExtension>
        </extensions>
      </trkpt>
      <trkpt lat="22.72978931279682" lon="113.95349100242338">
        <ele>41.80695932917297</ele>
        <time>1970-01-01T00:34:41.900000Z</time>
        <extensions>
          <gpxtpx:TrackPointExtension>
            <gpxtpx:hr>172</gpxtpx:hr>
          </gpxtpx:TrackPointExtension>
        </extensions>
      </trkpt>
      <trkpt lat="22.729800862476992" lon="113.95350959023101">
        <ele>41.81093654036522</ele>
        <time>1970-01-01T00:34:42.900000Z</time>
        <extensions>
          <gpxtpx:TrackPointExtension>
            <gpxtpx:hr>174</gpxtpx:hr>
          </gpxtpx:TrackPointExtension>
        </extensions>
      </trkpt>
      <trkpt lat="22.729812698390887" lon="113.95352854021132">
        <ele>41.813946356996894</ele>
        <time>1970-01-01T00:34:43.900000Z</time>
        <extensions>
          <gpxtpx:TrackPointExtension>
            <gpxtpx:hr>174</gpxtpx:hr>
          </gpxtpx:TrackPointExtension>
        </extensions>
      </trkpt>
      <trkpt lat="22.72982530814623" lon="113.95354742986986">
        <ele>41.8162030512467</ele>
        <time>1970-01-01T00:34:44.900000Z</time>
        <extensions>
          <gpxtpx:TrackPointExtension>
            <gpxtpx:hr>174</gpxtpx:hr>
          </gpxtpx:TrackPointExtension>
        </extensions>
      </trkpt>
      <trkpt lat="22.72983893340142" lon="113.95356649213923">
        <ele>41.81817784626037</ele>
        <time>1970-01-01T00:34:45.900000Z</time>
        <extensions>
          <gpxtpx:TrackPointExtension>
            <gpxtpx:hr>174</gpxtpx:hr>
          </gpxtpx:TrackPointExtension>
        </extensions>
      </trkpt>
      <trkpt lat="22.729852939695004" lon="113.95358571235805">
        <ele>41.83100381307304</ele>
        <time>1970-01-01T00:34:46.900000Z</time>
        <extensions>
          <gpxtpx:TrackPointExtension>
            <gpxtpx:hr>175</gpxtpx:hr>
          </gpxtpx:TrackPointExtension>
        </extensions>
      </trkpt>
      <trkpt lat="22.72986603660882" lon="113.95360449735867">
        <ele>41.81855529546738</ele>
        <time>1970-01-01T00:34:47.900000Z</time>
        <extensions>
          <gpxtpx:TrackPointExtension>
            <gpxtpx:hr>175</gpxtpx:hr>
          </gpxtpx:TrackPointExtension>
        </extensions>
      </trkpt>
      <trkpt lat="22.729877771253328" lon="113.95362311945591">
        <ele>41.72337423078716</ele>
        <time>1970-01-01T00:34:48.900000Z</time>
        <extensions>
          <gpxtpx:TrackPointExtension>
            <gpxtpx:hr>175</gpxtpx:hr>
          </gpxtpx:TrackPointExtension>
        </extensions>
      </trkpt>
      <trkpt lat="22.729888582306604" lon="113.95364221170834">
        <ele>41.65527679678053</ele>
        <time>1970-01-01T00:34:49.900000Z</time>
        <extensions>
          <gpxtpx:TrackPointExtension>
            <gpxtpx:hr>175</gpxtpx:hr>
          </gpxtpx:TrackPointExtension>
        </extensions>
      </trkpt>
      <trkpt lat="22.729899175857337" lon="113.95366116434485">
        <ele>41.57675454951823</ele>
        <time>1970-01-01T00:34:50.900000Z</time>
        <extensions>
          <gpxtpx:TrackPointExtension>
            <gpxtpx:hr>175</gpxtpx:hr>
          </gpxtpx:TrackPointExtension>
        </extensions>
      </trkpt>
      <trkpt lat="22.72991010232267" lon="113.95367966108837">
        <ele>41.48701186105609</ele>
        <time>1970-01-01T00:34:51.900000Z</time>
        <extensions>
          <gpxtpx:TrackPointExtension>
            <gpxtpx:hr>177</gpxtpx:hr>
          </gpxtpx:TrackPointExtension>
        </extensions>
      </trkpt>
      <trkpt lat="22.729921419149665" lon="113.95369842002859">
        <ele>41.38673373684287</ele>
        <time>1970-01-01T00:34:52.900000Z</time>
        <extensions>
          <gpxtpx:TrackPointExtension>
            <gpxtpx:hr>177</gpxtpx:hr>
          </gpxtpx:TrackPointExtension>
        </extensions>
      </trkpt>
      <trkpt lat="22.729932951165992" lon="113.95371773285615">
        <ele>41.28043389227241</ele>
        <time>1970-01-01T00:34:53.900000Z</time>
        <extensions>
          <gpxtpx:TrackPointExtension>
            <gpxtpx:hr>177</gpxtpx:hr>
          </gpxtpx:TrackPointExtension>
        </extensions>
      </trkpt>
      <trkpt lat="22.72994542763833" lon="113.95373765943894">
        <ele>41.18126123864204</ele>
        <time>1970-01-01T00:34:54.900000Z</time>
        <extensions>
          <gpxtpx:TrackPointExtension>
            <gpxtpx:hr>177</gpxtpx:hr>
          </gpxtpx:TrackPointExtension>
        </extensions>
      </trkpt>
      <trkpt lat="22.729960451542706" lon="113.9537585577529">
        <ele>41.11600846610963</ele>
        <time>1970-01-01T00:34:55.900000Z</time>
        <extensions>
          <gpxtpx:TrackPointExtension>
            <gpxtpx:hr>177</gpxtpx:hr>
          </gpxtpx:TrackPointExtension>
        </extensions>
      </trkpt>
      <trkpt lat="22.729980648348512" lon="113.95378222345285">
        <ele>41.13107292354107</ele>
        <time>1970-01-01T00:34:56.900000Z</time>
        <extensions>
          <gpxtpx:TrackPointExtension>
            <gpxtpx:hr>177</gpxtpx:hr>
          </gpxtpx:TrackPointExtension>
        </extensions>
      </trkpt>
      <trkpt lat="22.730307082013372" lon="113.95411303691687">
        <ele>42.57153502013534</ele>
        <time>1970-01-01T00:35:13.500000Z</time>
        <extensions>
          <gpxtpx:TrackPointExtension>
            <gpxtpx:hr>173</gpxtpx:hr>
          </gpxtpx:TrackPointExtension>
        </extensions>
      </trkpt>
      <trkpt lat="22.73032008434936" lon="113.95413222819403">
        <ele>42.59541522804648</ele>
        <time>1970-01-01T00:35:14.500000Z</time>
        <extensions>
          <gpxtpx:TrackPointExtension>
            <gpxtpx:hr>173</gpxtpx:hr>
          </gpxtpx:TrackPointExtension>
        </extensions>
      </trkpt>
      <trkpt lat="22.73032922232655" lon="113.95415616875391">
        <ele>42.53981077671051</ele>
        <time>1970-01-01T00:35:15.500000Z</time>
        <extensions>
          <gpxtpx:TrackPointExtension>
            <gpxtpx:hr>173</gpxtpx:hr>
          </gpxtpx:TrackPointExtension>
        </extensions>
      </trkpt>
      <trkpt lat="22.730335584358382" lon="113.95417668282491">
        <ele>42.450838974677026</ele>
        <time>1970-01-01T00:35:16.500000Z</time>
        <extensions>
          <gpxtpx:TrackPointExtension>
            <gpxtpx:hr>173</gpxtpx:hr>
          </gpxtpx:TrackPointExtension>
        </extensions>
      </trkpt>
      <trkpt lat="22.730340634154416" lon="113.95419539060302">
        <ele>42.35704472102225</ele>
        <time>1970-01-01T00:35:17.500000Z</time>
        <extensions>
          <gpxtpx:TrackPointExtension>
            <gpxtpx:hr>173</gpxtpx:hr>
          </gpxtpx:TrackPointExtension>
        </extensions>
      </trkpt>
      <trkpt lat="22.73034468592952" lon="113.95421316371514">
        <ele>42.27372775319964</ele>
        <time>1970-01-01T00:35:18.500000Z</time>
        <extensions>
          <gpxtpx:TrackPointExtension>
            <gpxtpx:hr>173</gpxtpx:hr>
          </gpxtpx:TrackPointExtension>
        </extensions>
      </trkpt>
      <trkpt lat="22.73034871667509" lon="113.95423657852967">
        <ele>42.2074875459075</ele>
        <time>1970-01-01T00:35:19.500000Z</time>
        <extensions>
          <gpxtpx:TrackPointExtension>
            <gpxtpx:hr>173</gpxtpx:hr>
          </gpxtpx:TrackPointExtension>
        </extensions>
      </trkpt>
      <trkpt lat="22.730352787826394" lon="113.95425760122777">
        <ele>42.1602030498907</ele>
        <time>1970-01-01T00:35:20.500000Z</time>
        <extensions>
          <gpxtpx:TrackPointExtension>
            <gpxtpx:hr>173</gpxtpx:hr>
          </gpxtpx:TrackPointExtension>
        </extensions>
      </trkpt>
      <trkpt lat="22.730356262013668" lon="113.95427709408067">
        <ele>42.13214234728366</ele>
        <time>1970-01-01T00:35:21.500000Z</time>
        <extensions>
          <gpxtpx:TrackPointExtension>
            <gpxtpx:hr>174</gpxtpx:hr>
          </gpxtpx:TrackPointExtension>
        </extensions>
      </trkpt>
      <trkpt lat="22.730325629899124" lon="113.95431706387292">
        <ele>42.1344868093729</ele>
        <time>1970-01-01T00:35:22.500000Z</time>
        <extensions>
          <gpxtpx:TrackPointExtension>
            <gpxtpx:hr>174</gpxtpx:hr>
          </gpxtpx:TrackPointExtension>
        </extensions>
      </trkpt>
      <trkpt lat="22.73032636941569" lon="113.95435356902372">
        <ele>42.15573661029339</ele>
        <time>1970-01-01T00:35:23.900000Z</time>
        <extensions>
          <gpxtpx:TrackPointExtension>
            <gpxtpx:hr>174</gpxtpx:hr>
          </gpxtpx:TrackPointExtension>
        </extensions>
      </trkpt>
      <trkpt lat="22.730334771936647" lon="113.95438300537916">
        <ele>42.17299741785973</ele>
        <time>1970-01-01T00:35:24.900000Z</time>
        <extensions>
          <gpxtpx:TrackPointExtension>
            <gpxtpx:hr>174</gpxtpx:hr>
          </gpxtpx:TrackPointExtension>
        </extensions>
      </trkpt>
      <trkpt lat="22.730343758181395" lon="113.95441343138023">
        <ele>42.182423521764576</ele>
        <time>1970-01-01T00:35:25.900000Z</time>
        <extensions>
          <gpxtpx:TrackPointExtension>
            <gpxtpx:hr>174</gpxtpx:hr>
          </gpxtpx:TrackPointExtension>
        </extensions>
      </trkpt>
      <trkpt lat="22.730351064348227" lon="113.95444416468592">
        <ele>42.18675224110484</ele>
        <time>1970-01-01T00:35:26.900000Z</time>
        <extensions>
          <gpxtpx:TrackPointExtension>
            <gpxtpx:hr>175</gpxtpx:hr>
          </gpxtpx:TrackPointExtension>
        </extensions>
      </trkpt>
      <trkpt lat="22.730356213447763" lon="113.9544745271697">
        <ele>42.187031203880906</ele>
        <time>1970-01-01T00:35:27.900000Z</time>
        <extensions>
          <gpxtpx:TrackPointExtension>
            <gpxtpx:hr>175</gpxtpx:hr>
          </gpxtpx:TrackPointExtension>
        </extensions>
      </trkpt>
      <trkpt lat="22.730359046846086" lon="113.95449984021602">
        <ele>42.16921788174659</ele>
        <time>1970-01-01T00:35:28.900000Z</time>
        <extensions>
          <gpxtpx:TrackPointExtension>
            <gpxtpx:hr>175</gpxtpx:hr>
          </gpxtpx:TrackPointExtension>
        </extensions>
      </trkpt>
      <trkpt lat="22.73035995938938" lon="113.95452444768988">
        <ele>42.13025268726051</ele>
        <time>1970-01-01T00:35:29.900000Z</time>
        <extensions>
          <gpxtpx:TrackPointExtension>
            <gpxtpx:hr>175</gpxtpx:hr>
          </gpxtpx:TrackPointExtension>
        </extensions>
      </trkpt>
      <trkpt lat="22.730359818215256" lon="113.95454859420529">
        <ele>42.054493989795446</ele>
        <time>1970-01-01T00:35:30.900000Z</time>
        <extensions>
          <gpxtpx:TrackPointExtension>
            <gpxtpx:hr>175</gpxtpx:hr>
          </gpxtpx:TrackPointExtension>
        </extensions>
      </trkpt>
      <trkpt lat="22.730360017723783" lon="113.9545711479344">
        <ele>41.92452960088849</ele>
        <time>1970-01-01T00:35:31.900000Z</time>
        <extensions>
          <gpxtpx:TrackPointExtension>
            <gpxtpx:hr>175</gpxtpx:hr>
          </gpxtpx:TrackPointExtension>
        </extensions>
      </trkpt>
      <trkpt lat="22.730360015904107" lon="113.95457115649843">
        <ele>41.90505714062601</ele>
        <time>1970-01-01T00:35:31.900000Z</time>
        <extensions>
          <gpxtpx:TrackPointExtension>
            <gpxtpx:hr>175</gpxtpx:hr>
          </gpxtpx:TrackPointExtension>
        </extensions>
      </trkpt>
      <trkpt lat="22.730360279936598" lon="113.95459236392269">
        <ele>41.768965212628245</ele>
        <time>1970-01-01T00:35:32.900000Z</time>
        <extensions>
          <gpxtpx:TrackPointExtension>
            <gpxtpx:hr>175</gpxtpx:hr>
          </gpxtpx:TrackPointExtension>
        </extensions>
      </trkpt>
      <trkpt lat="22.7303608224361" lon="113.95461367813444">
        <ele>41.643052901141346</ele>
        <time>1970-01-01T00:35:33.900000Z</time>
        <extensions>
          <gpxtpx:TrackPointExtension>
            <gpxtpx:hr>175</gpxtpx:hr>
          </gpxtpx:TrackPointExtension>
        </extensions>
      </trkpt>
      <trkpt lat="22.73036297965561" lon="113.95463506816623">
        <ele>41.52127740904689</ele>
        <time>1970-01-01T00:35:34.900000Z</time>
        <extensions>
          <gpxtpx:TrackPointExtension>
            <gpxtpx:hr>175</gpxtpx:hr>
          </gpxtpx:TrackPointExtension>
        </extensions>
      </trkpt>
      <trkpt lat="22.730366920792623" lon="113.95465613287661">
        <ele>41.40586765576154</ele>
        <time>1970-01-01T00:35:35.900000Z</time>
        <extensions>
          <gpxtpx:TrackPointExtension>
            <gpxtpx:hr>174</gpxtpx:hr>
          </gpxtpx:TrackPointExtension>
        </extensions>
      </trkpt>
      <trkpt lat="22.730372420478126" lon="113.95467807702607">
        <ele>41.31176195386797</ele>
        <time>1970-01-01T00:35:36.900000Z</time>
        <extensions>
          <gpxtpx:TrackPointExtension>
            <gpxtpx:hr>174</gpxtpx:hr>
          </gpxtpx:TrackPointExtension>
        </extensions>
      </trkpt>
      <trkpt lat="22.730389326637884" lon="113.95482546995241">
        <ele>42.52837863471359</ele>
        <time>1970-01-01T00:35:41.500000Z</time>
        <extensions>
          <gpxtpx:TrackPointExtension>
            <gpxtpx:hr>175</gpxtpx:hr>
          </gpxtpx:TrackPointExtension>
        </extensions>
      </trkpt>
      <trkpt lat="22.73045144909821" lon="113.95504714393624">
        <ele>44.22791761532426</ele>
        <time>1970-01-01T00:35:50.100000Z</time>
        <extensions>
          <gpxtpx:TrackPointExtension>
            <gpxtpx:hr>174</gpxtpx:hr>
          </gpxtpx:TrackPointExtension>
        </extensions>
      </trkpt>
      <trkpt lat="22.73047522974009" lon="113.95505875281691">
        <ele>43.9759137602523</ele>
        <time>1970-01-01T00:35:51.100000Z</time>
        <extensions>
          <gpxtpx:TrackPointExtension>
            <gpxtpx:hr>174</gpxtpx:hr>
          </gpxtpx:TrackPointExtension>
        </extensions>
      </trkpt>
      <trkpt lat="22.730498683150312" lon="113.95506845063662">
        <ele>43.684157324023545</ele>
        <time>1970-01-01T00:35:52.100000Z</time>
        <extensions>
          <gpxtpx:TrackPointExtension>
            <gpxtpx:hr>174</gpxtpx:hr>
          </gpxtpx:TrackPointExtension>
        </extensions>
      </trkpt>
      <trkpt lat="22.730524475299553" lon="113.95507828115971">
        <ele>43.39246717095375</ele>
        <time>1970-01-01T00:35:53.100000Z</time>
        <extensions>
          <gpxtpx:TrackPointExtension>
            <gpxtpx:hr>174</gpxtpx:hr>
          </gpxtpx:TrackPointExtension>
        </extensions>
      </trkpt>
      <trkpt lat="22.730547566399853" lon="113.95508832501213">
        <ele>43.13291483093053</ele>
        <time>1970-01-01T00:35:54.100000Z</time>
        <extensions>
          <gpxtpx:TrackPointExtension>
            <gpxtpx:hr>174</gpxtpx:hr>
          </gpxtpx:TrackPointExtension>
        </extensions>
      </trkpt>
      <trkpt lat="22.730574736302668" lon="113.95510392810971">
        <ele>42.92275834362954</ele>
        <time>1970-01-01T00:35:55.100000Z</time>
        <extensions>
          <gpxtpx:TrackPointExtension>
            <gpxtpx:hr>174</gpxtpx:hr>
          </gpxtpx:TrackPointExtension>
        </extensions>
      </trkpt>
      <trkpt lat="22.73060408642851" lon="113.95512303471544">
        <ele>42.78514662478119</ele>
        <time>1970-01-01T00:35:55.900000Z</time>
        <extensions>
          <gpxtpx:TrackPointExtension>
            <gpxtpx:hr>173</gpxtpx:hr>
          </gpxtpx:TrackPointExtension>
        </extensions>
      </trkpt>
      <trkpt lat="22.730638464714414" lon="113.95514767695357">
        <ele>42.66983974352479</ele>
        <time>1970-01-01T00:35:56.900000Z</time>
        <extensions>
          <gpxtpx:TrackPointExtension>
            <gpxtpx:hr>173</gpxtpx:hr>
          </gpxtpx:TrackPointExtension>
        </extensions>
      </trkpt>
      <trkpt lat="22.73067186487029" lon="113.95517352683314">
        <ele>42.60222816374153</ele>
        <time>1970-01-01T00:35:57.900000Z</time>
        <extensions>
          <gpxtpx:TrackPointExtension>
            <gpxtpx:hr>173</gpxtpx:hr>
          </gpxtpx:TrackPointExtension>
        </extensions>
      </trkpt>
      <trkpt lat="22.73070520798771" lon="113.95520146218537">
        <ele>42.57194716576487</ele>
        <time>1970-01-01T00:35:58.900000Z</time>
        <extensions>
          <gpxtpx:TrackPointExtension>
            <gpxtpx:hr>173</gpxtpx:hr>
          </gpxtpx:TrackPointExtension>
        </extensions>
      </trkpt>
      <trkpt lat="22.730736134837322" lon="113.955229130288">
        <ele>42.56905064545572</ele>
        <time>1970-01-01T00:35:59.900000Z</time>
        <extensions>
          <gpxtpx:TrackPointExtension>
            <gpxtpx:hr>173</gpxtpx:hr>
          </gpxtpx:TrackPointExtension>
        </extensions>
      </trkpt>
      <trkpt lat="22.730765267947024" lon="113.95525606511124">
        <ele>42.58549619652331</ele>
        <time>1970-01-01T00:36:00.900000Z</time>
        <extensions>
          <gpxtpx:TrackPointExtension>
            <gpxtpx:hr>172</gpxtpx:hr>
          </gpxtpx:TrackPointExtension>
        </extensions>
      </trkpt>
      <trkpt lat="22.730792501444213" lon="113.95528132806113">
        <ele>42.61548861954361</ele>
        <time>1970-01-01T00:36:01.900000Z</time>
        <extensions>
          <gpxtpx:TrackPointExtension>
            <gpxtpx:hr>172</gpxtpx:hr>
          </gpxtpx:TrackPointExtension>
        </extensions>
      </trkpt>
      <trkpt lat="22.730818034612227" lon="113.95530542821281">
        <ele>42.655193156562746</ele>
        <time>1970-01-01T00:36:02.900000Z</time>
        <extensions>
          <gpxtpx:TrackPointExtension>
            <gpxtpx:hr>172</gpxtpx:hr>
          </gpxtpx:TrackPointExtension>
        </extensions>
      </trkpt>
      <trkpt lat="22.730842198160243" lon="113.95532970103557">
        <ele>42.702063109725714</ele>
        <time>1970-01-01T00:36:03.900000Z</time>
        <extensions>
          <gpxtpx:TrackPointExtension>
            <gpxtpx:hr>172</gpxtpx:hr>
          </gpxtpx:TrackPointExtension>
        </extensions>
      </trkpt>
      <trkpt lat="22.730864836866154" lon="113.95535434717999">
        <ele>42.7540814159438</ele>
        <time>1970-01-01T00:36:04.900000Z</time>
        <extensions>
          <gpxtpx:TrackPointExtension>
            <gpxtpx:hr>174</gpxtpx:hr>
          </gpxtpx:TrackPointExtension>
        </extensions>
      </trkpt>
      <trkpt lat="22.730886278460954" lon="113.95537906121456">
        <ele>42.809435551054776</ele>
        <time>1970-01-01T00:36:05.900000Z</time>
        <extensions>
          <gpxtpx:TrackPointExtension>
            <gpxtpx:hr>174</gpxtpx:hr>
          </gpxtpx:TrackPointExtension>
        </extensions>
      </trkpt>
      <trkpt lat="22.730906031921716" lon="113.95540407444338">
        <ele>42.86614323873073</ele>
        <time>1970-01-01T00:36:06.900000Z</time>
        <extensions>
          <gpxtpx:TrackPointExtension>
            <gpxtpx:hr>174</gpxtpx:hr>
          </gpxtpx:TrackPointExtension>
        </extensions>
      </trkpt>
      <trkpt lat="22.73092265405564" lon="113.95542929178264">
        <ele>42.92205532733351</ele>
        <time>1970-01-01T00:36:07.900000Z</time>
        <extensions>
          <gpxtpx:TrackPointExtension>
            <gpxtpx:hr>174</gpxtpx:hr>
          </gpxtpx:TrackPointExtension>
        </extensions>
      </trkpt>
      <trkpt lat="22.730935373834345" lon="113.95545380429678">
        <ele>42.97540950868279</ele>
        <time>1970-01-01T00:36:08.900000Z</time>
        <extensions>
          <gpxtpx:TrackPointExtension>
            <gpxtpx:hr>174</gpxtpx:hr>
          </gpxtpx:TrackPointExtension>
        </extensions>
      </trkpt>
      <trkpt lat="22.730945086836254" lon="113.95547703153636">
        <ele>43.02533508464694</ele>
        <time>1970-01-01T00:36:09.900000Z</time>
        <extensions>
          <gpxtpx:TrackPointExtension>
            <gpxtpx:hr>174</gpxtpx:hr>
          </gpxtpx:TrackPointExtension>
        </extensions>
      </trkpt>
      <trkpt lat="22.730952846337715" lon="113.95549946015724">
        <ele>43.07143765874207</ele>
        <time>1970-01-01T00:36:10.900000Z</time>
        <extensions>
          <gpxtpx:TrackPointExtension>
            <gpxtpx:hr>174</gpxtpx:hr>
          </gpxtpx:TrackPointExtension>
        </extensions>
      </trkpt>
      <trkpt lat="22.730959877484487" lon="113.95552091148936">
        <ele>43.11357845645398</ele>
        <time>1970-01-01T00:36:11.900000Z</time>
        <extensions>
          <gpxtpx:TrackPointExtension>
            <gpxtpx:hr>176</gpxtpx:hr>
          </gpxtpx:TrackPointExtension>
        </extensions>
      </trkpt>
      <trkpt lat="22.730962624493625" lon="113.95554179391561">
        <ele>43.15210770256817</ele>
        <time>1970-01-01T00:36:12.900000Z</time>
        <extensions>
          <gpxtpx:TrackPointExtension>
            <gpxtpx:hr>176</gpxtpx:hr>
          </gpxtpx:TrackPointExtension>
        </extensions>
      </trkpt>
      <trkpt lat="22.730966990381436" lon="113.95556242618329">
        <ele>43.187300864607096</ele>
        <time>1970-01-01T00:36:13.900000Z</time>
        <extensions>
          <gpxtpx:TrackPointExtension>
            <gpxtpx:hr>176</gpxtpx:hr>
          </gpxtpx:TrackPointExtension>
        </extensions>
      </trkpt>
      <trkpt lat="22.730971306152114" lon="113.95558271238895">
        <ele>43.22004371788353</ele>
        <time>1970-01-01T00:36:14.900000Z</time>
        <extensions>
          <gpxtpx:TrackPointExtension>
            <gpxtpx:hr>176</gpxtpx:hr>
          </gpxtpx:TrackPointExtension>
        </extensions>
      </trkpt>
      <trkpt lat="22.730976190116845" lon="113.95560242520827">
        <ele>43.251764052547514</ele>
        <time>1970-01-01T00:36:15.900000Z</time>
        <extensions>
          <gpxtpx:TrackPointExtension>
            <gpxtpx:hr>176</gpxtpx:hr>
          </gpxtpx:TrackPointExtension>
        </extensions>
      </trkpt>
      <trkpt lat="22.730982187713458" lon="113.9556216590198">
        <ele>43.28442625515163</ele>
        <time>1970-01-01T00:36:16.900000Z</time>
        <extensions>
          <gpxtpx:TrackPointExtension>
            <gpxtpx:hr>176</gpxtpx:hr>
          </gpxtpx:TrackPointExtension>
        </extensions>
      </trkpt>
      <trkpt lat="22.730989545159463" lon="113.95564105524784">
        <ele>43.32002206053585</ele>
        <time>1970-01-01T00:36:17.900000Z</time>
        <extensions>
          <gpxtpx:TrackPointExtension>
            <gpxtpx:hr>176</gpxtpx:hr>
          </gpxtpx:TrackPointExtension>
        </extensions>
      </trkpt>
      <trkpt lat="22.73099796182632" lon="113.95566033260677">
        <ele>43.360845586284995</ele>
        <time>1970-01-01T00:36:18.900000Z</time>
        <extensions>
          <gpxtpx:TrackPointExtension>
            <gpxtpx:hr>176</gpxtpx:hr>
          </gpxtpx:TrackPointExtension>
        </extensions>
      </trkpt>
      <trkpt lat="22.731006875998442" lon="113.9556797090264">
        <ele>43.40866465866566</ele>
        <time>1970-01-01T00:36:19.900000Z</time>
        <extensions>
          <gpxtpx:TrackPointExtension>
            <gpxtpx:hr>176</gpxtpx:hr>
          </gpxtpx:TrackPointExtension>
        </extensions>
      </trkpt>
      <trkpt lat="22.731015786160444" lon="113.95569989759207">
        <ele>43.464534766972065</ele>
        <time>1970-01-01T00:36:20.900000Z</time>
        <extensions>
          <gpxtpx:TrackPointExtension>
            <gpxtpx:hr>176</gpxtpx:hr>
          </gpxtpx:TrackPointExtension>
        </extensions>
      </trkpt>
      <trkpt lat="22.731024475720282" lon="113.95572133272447">
        <ele>43.528636750765145</ele>
        <time>1970-01-01T00:36:21.900000Z</time>
        <extensions>
          <gpxtpx:TrackPointExtension>
            <gpxtpx:hr>176</gpxtpx:hr>
          </gpxtpx:TrackPointExtension>
        </extensions>
      </trkpt>
      <trkpt lat="22.73103278814514" lon="113.95574394629759">
        <ele>43.599859417416155</ele>
        <time>1970-01-01T00:36:22.900000Z</time>
        <extensions>
          <gpxtpx:TrackPointExtension>
            <gpxtpx:hr>178</gpxtpx:hr>
          </gpxtpx:TrackPointExtension>
        </extensions>
      </trkpt>
      <trkpt lat="22.73104125390572" lon="113.95576758580988">
        <ele>43.675994786433876</ele>
        <time>1970-01-01T00:36:23.900000Z</time>
        <extensions>
          <gpxtpx:TrackPointExtension>
            <gpxtpx:hr>178</gpxtpx:hr>
          </gpxtpx:TrackPointExtension>
        </extensions>
      </trkpt>
      <trkpt lat="22.731050611563937" lon="113.95579178776941">
        <ele>43.75399430748075</ele>
        <time>1970-01-01T00:36:24.900000Z</time>
        <extensions>
          <gpxtpx:TrackPointExtension>
            <gpxtpx:hr>178</gpxtpx:hr>
          </gpxtpx:TrackPointExtension>
        </extensions>
      </trkpt>
      <trkpt lat="22.731060821860048" lon="113.95581640105435">
        <ele>43.830478927120566</ele>
        <time>1970-01-01T00:36:25.900000Z</time>
        <extensions>
          <gpxtpx:TrackPointExtension>
            <gpxtpx:hr>178</gpxtpx:hr>
          </gpxtpx:TrackPointExtension>
        </extensions>
      </trkpt>
      <trkpt lat="22.731071342447336" lon="113.95584105181088">
        <ele>43.902451422065496</ele>
        <time>1970-01-01T00:36:26.900000Z</time>
        <extensions>
          <gpxtpx:TrackPointExtension>
            <gpxtpx:hr>178</gpxtpx:hr>
          </gpxtpx:TrackPointExtension>
        </extensions>
      </trkpt>
      <trkpt lat="22.731081787582294" lon="113.95586602008709">
        <ele>43.96759152971208</ele>
        <time>1970-01-01T00:36:27.900000Z</time>
        <extensions>
          <gpxtpx:TrackPointExtension>
            <gpxtpx:hr>178</gpxtpx:hr>
          </gpxtpx:TrackPointExtension>
        </extensions>
      </trkpt>
      <trkpt lat="22.73109237501593" lon="113.9558911656965">
        <ele>44.02446853462607</ele>
        <time>1970-01-01T00:36:28.900000Z</time>
        <extensions>
          <gpxtpx:TrackPointExtension>
            <gpxtpx:hr>178</gpxtpx:hr>
          </gpxtpx:TrackPointExtension>
        </extensions>
      </trkpt>
      <trkpt lat="22.731103011581627" lon="113.9559161049256">
        <ele>44.072712667286396</ele>
        <time>1970-01-01T00:36:29.900000Z</time>
        <extensions>
          <gpxtpx:TrackPointExtension>
            <gpxtpx:hr>178</gpxtpx:hr>
          </gpxtpx:TrackPointExtension>
        </extensions>
      </trkpt>
      <trkpt lat="22.731113213649945" lon="113.95594025763741">
        <ele>44.11291072238237</ele>
        <time>1970-01-01T00:36:30.900000Z</time>
        <extensions>
          <gpxtpx:TrackPointExtension>
            <gpxtpx:hr>179</gpxtpx:hr>
          </gpxtpx:TrackPointExtension>
        </extensions>
      </trkpt>
      <trkpt lat="22.731123087036906" lon="113.95596350617475">
        <ele>44.14613272622228</ele>
        <time>1970-01-01T00:36:31.900000Z</time>
        <extensions>
          <gpxtpx:TrackPointExtension>
            <gpxtpx:hr>179</gpxtpx:hr>
          </gpxtpx:TrackPointExtension>
        </extensions>
      </trkpt>
      <trkpt lat="22.731132961826468" lon="113.95598649890914">
        <ele>44.17392287775874</ele>
        <time>1970-01-01T00:36:32.900000Z</time>
        <extensions>
          <gpxtpx:TrackPointExtension>
            <gpxtpx:hr>179</gpxtpx:hr>
          </gpxtpx:TrackPointExtension>
        </extensions>
      </trkpt>
      <trkpt lat="22.73114317372579" lon="113.95600992789089">
        <ele>44.19792628008872</ele>
        <time>1970-01-01T00:36:33.900000Z</time>
        <extensions>
          <gpxtpx:TrackPointExtension>
            <gpxtpx:hr>179</gpxtpx:hr>
          </gpxtpx:TrackPointExtension>
        </extensions>
      </trkpt>
      <trkpt lat="22.73115379142422" lon="113.95603408074857">
        <ele>44.219699506647885</ele>
        <time>1970-01-01T00:36:34.900000Z</time>
        <extensions>
          <gpxtpx:TrackPointExtension>
            <gpxtpx:hr>179</gpxtpx:hr>
          </gpxtpx:TrackPointExtension>
        </extensions>
      </trkpt>
      <trkpt lat="22.731164659094084" lon="113.95605880682254">
        <ele>44.24065974075347</ele>
        <time>1970-01-01T00:36:35.900000Z</time>
        <extensions>
          <gpxtpx:TrackPointExtension>
            <gpxtpx:hr>179</gpxtpx:hr>
          </gpxtpx:TrackPointExtension>
        </extensions>
      </trkpt>
      <trkpt lat="22.731175821774315" lon="113.9560840055231">
        <ele>44.26200004387647</ele>
        <time>1970-01-01T00:36:36.900000Z</time>
        <extensions>
          <gpxtpx:TrackPointExtension>
            <gpxtpx:hr>180</gpxtpx:hr>
          </gpxtpx:TrackPointExtension>
        </extensions>
      </trkpt>
      <trkpt lat="22.73118754375324" lon="113.95610930607702">
        <ele>44.28515298292041</ele>
        <time>1970-01-01T00:36:37.900000Z</time>
        <extensions>
          <gpxtpx:TrackPointExtension>
            <gpxtpx:hr>180</gpxtpx:hr>
          </gpxtpx:TrackPointExtension>
        </extensions>
      </trkpt>
      <trkpt lat="22.731199885116705" lon="113.95613429493424">
        <ele>44.311437108553946</ele>
        <time>1970-01-01T00:36:38.900000Z</time>
        <extensions>
          <gpxtpx:TrackPointExtension>
            <gpxtpx:hr>180</gpxtpx:hr>
          </gpxtpx:TrackPointExtension>
        </extensions>
      </trkpt>
      <trkpt lat="22.731212472882103" lon="113.9561590831667">
        <ele>44.341812470927835</ele>
        <time>1970-01-01T00:36:39.900000Z</time>
        <extensions>
          <gpxtpx:TrackPointExtension>
            <gpxtpx:hr>180</gpxtpx:hr>
          </gpxtpx:TrackPointExtension>
        </extensions>
      </trkpt>
      <trkpt lat="22.731224735662302" lon="113.95618424810819">
        <ele>44.37672458495945</ele>
        <time>1970-01-01T00:36:40.900000Z</time>
        <extensions>
          <gpxtpx:TrackPointExtension>
            <gpxtpx:hr>180</gpxtpx:hr>
          </gpxtpx:TrackPointExtension>
        </extensions>
      </trkpt>
      <trkpt lat="22.731236279086907" lon="113.9562095698227">
        <ele>44.4163763159886</ele>
        <time>1970-01-01T00:36:41.900000Z</time>
        <extensions>
          <gpxtpx:TrackPointExtension>
            <gpxtpx:hr>180</gpxtpx:hr>
          </gpxtpx:TrackPointExtension>
        </extensions>
      </trkpt>
      <trkpt lat="22.73124704596983" lon="113.95623509478743">
        <ele>44.46059071086347</ele>
        <time>1970-01-01T00:36:42.900000Z</time>
        <extensions>
          <gpxtpx:TrackPointExtension>
            <gpxtpx:hr>180</gpxtpx:hr>
          </gpxtpx:TrackPointExtension>
        </extensions>
      </trkpt>
      <trkpt lat="22.731256551189055" lon="113.956261078888">
        <ele>44.50904885586351</ele>
        <time>1970-01-01T00:36:43.900000Z</time>
        <extensions>
          <gpxtpx:TrackPointExtension>
            <gpxtpx:hr>180</gpxtpx:hr>
          </gpxtpx:TrackPointExtension>
        </extensions>
      </trkpt>
      <trkpt lat="22.73126462454472" lon="113.95628798505484">
        <ele>44.561411913484335</ele>
        <time>1970-01-01T00:36:44.900000Z</time>
        <extensions>
          <gpxtpx:TrackPointExtension>
            <gpxtpx:hr>180</gpxtpx:hr>
          </gpxtpx:TrackPointExtension>
        </extensions>
      </trkpt>
      <trkpt lat="22.73127180698993" lon="113.95631545120457">
        <ele>44.61703620571643</ele>
        <time>1970-01-01T00:36:45.900000Z</time>
        <extensions>
          <gpxtpx:TrackPointExtension>
            <gpxtpx:hr>180</gpxtpx:hr>
          </gpxtpx:TrackPointExtension>
        </extensions>
      </trkpt>
      <trkpt lat="22.731279127114412" lon="113.95634281937349">
        <ele>44.67495740391314</ele>
        <time>1970-01-01T00:36:46.900000Z</time>
        <extensions>
          <gpxtpx:TrackPointExtension>
            <gpxtpx:hr>180</gpxtpx:hr>
          </gpxtpx:TrackPointExtension>
        </extensions>
      </trkpt>
      <trkpt lat="22.73128733942208" lon="113.95637030117574">
        <ele>44.73388325423002</ele>
        <time>1970-01-01T00:36:47.900000Z</time>
        <extensions>
          <gpxtpx:TrackPointExtension>
            <gpxtpx:hr>182</gpxtpx:hr>
          </gpxtpx:TrackPointExtension>
        </extensions>
      </trkpt>
      <trkpt lat="22.731296281423376" lon="113.95639811255529">
        <ele>44.7923039207235</ele>
        <time>1970-01-01T00:36:48.900000Z</time>
        <extensions>
          <gpxtpx:TrackPointExtension>
            <gpxtpx:hr>182</gpxtpx:hr>
          </gpxtpx:TrackPointExtension>
        </extensions>
      </trkpt>
      <trkpt lat="22.73130550338264" lon="113.95642617551921">
        <ele>44.84869670961052</ele>
        <time>1970-01-01T00:36:49.900000Z</time>
        <extensions>
          <gpxtpx:TrackPointExtension>
            <gpxtpx:hr>182</gpxtpx:hr>
          </gpxtpx:TrackPointExtension>
        </extensions>
      </trkpt>
      <trkpt lat="22.731314801439837" lon="113.95645416255323">
        <ele>44.90203948598355</ele>
        <time>1970-01-01T00:36:50.900000Z</time>
        <extensions>
          <gpxtpx:TrackPointExtension>
            <gpxtpx:hr>182</gpxtpx:hr>
          </gpxtpx:TrackPointExtension>
        </extensions>
      </trkpt>
      <trkpt lat="22.731324397609782" lon="113.95648197595416">
        <ele>44.951743733137846</ele>
        <time>1970-01-01T00:36:51.900000Z</time>
        <extensions>
          <gpxtpx:TrackPointExtension>
            <gpxtpx:hr>182</gpxtpx:hr>
          </gpxtpx:TrackPointExtension>
        </extensions>
      </trkpt>
      <trkpt lat="22.731334274608063" lon="113.95650974250627">
        <ele>44.99766078963876</ele>
        <time>1970-01-01T00:36:52.900000Z</time>
        <extensions>
          <gpxtpx:TrackPointExtension>
            <gpxtpx:hr>182</gpxtpx:hr>
          </gpxtpx:TrackPointExtension>
        </extensions>
      </trkpt>
      <trkpt lat="22.731344103431606" lon="113.9565374836925">
        <ele>45.04009065963328</ele>
        <time>1970-01-01T00:36:53.900000Z</time>
        <extensions>
          <gpxtpx:TrackPointExtension>
            <gpxtpx:hr>182</gpxtpx:hr>
          </gpxtpx:TrackPointExtension>
        </extensions>
      </trkpt>
      <trkpt lat="22.73135368003575" lon="113.95656452632329">
        <ele>45.07986382767558</ele>
        <time>1970-01-01T00:36:54.900000Z</time>
        <extensions>
          <gpxtpx:TrackPointExtension>
            <gpxtpx:hr>182</gpxtpx:hr>
          </gpxtpx:TrackPointExtension>
        </extensions>
      </trkpt>
      <trkpt lat="22.731363078374113" lon="113.95659040189406">
        <ele>45.1179732279852</ele>
        <time>1970-01-01T00:36:55.900000Z</time>
        <extensions>
          <gpxtpx:TrackPointExtension>
            <gpxtpx:hr>182</gpxtpx:hr>
          </gpxtpx:TrackPointExtension>
        </extensions>
      </trkpt>
      <trkpt lat="22.731372830258852" lon="113.95661588697403">
        <ele>45.15549142565578</ele>
        <time>1970-01-01T00:36:56.900000Z</time>
        <extensions>
          <gpxtpx:TrackPointExtension>
            <gpxtpx:hr>184</gpxtpx:hr>
          </gpxtpx:TrackPointExtension>
        </extensions>
      </trkpt>
      <trkpt lat="22.731383560684865" lon="113.95664199534586">
        <ele>45.19330026116222</ele>
        <time>1970-01-01T00:36:57.900000Z</time>
        <extensions>
          <gpxtpx:TrackPointExtension>
            <gpxtpx:hr>184</gpxtpx:hr>
          </gpxtpx:TrackPointExtension>
        </extensions>
      </trkpt>
      <trkpt lat="22.73139583392361" lon="113.95666890607882">
        <ele>45.23192272800952</ele>
        <time>1970-01-01T00:36:58.900000Z</time>
        <extensions>
          <gpxtpx:TrackPointExtension>
            <gpxtpx:hr>184</gpxtpx:hr>
          </gpxtpx:TrackPointExtension>
        </extensions>
      </trkpt>
      <trkpt lat="22.731409196769622" lon="113.95669646742716">
        <ele>45.271497359499335</ele>
        <time>1970-01-01T00:36:59.900000Z</time>
        <extensions>
          <gpxtpx:TrackPointExtension>
            <gpxtpx:hr>184</gpxtpx:hr>
          </gpxtpx:TrackPointExtension>
        </extensions>
      </trkpt>
      <trkpt lat="22.73142225509788" lon="113.95672476636322">
        <ele>45.31151194404811</ele>
        <time>1970-01-01T00:37:00.900000Z</time>
        <extensions>
          <gpxtpx:TrackPointExtension>
            <gpxtpx:hr>184</gpxtpx:hr>
          </gpxtpx:TrackPointExtension>
        </extensions>
      </trkpt>
      <trkpt lat="22.731434853927276" lon="113.95675335436216">
        <ele>45.351178721524775</ele>
        <time>1970-01-01T00:37:01.900000Z</time>
        <extensions>
          <gpxtpx:TrackPointExtension>
            <gpxtpx:hr>184</gpxtpx:hr>
          </gpxtpx:TrackPointExtension>
        </extensions>
      </trkpt>
      <trkpt lat="22.731447691667235" lon="113.95678167524918">
        <ele>45.38965752441436</ele>
        <time>1970-01-01T00:37:02.900000Z</time>
        <extensions>
          <gpxtpx:TrackPointExtension>
            <gpxtpx:hr>184</gpxtpx:hr>
          </gpxtpx:TrackPointExtension>
        </extensions>
      </trkpt>
      <trkpt lat="22.731460372488694" lon="113.95680926855277">
        <ele>45.42616823595017</ele>
        <time>1970-01-01T00:37:03.900000Z</time>
        <extensions>
          <gpxtpx:TrackPointExtension>
            <gpxtpx:hr>184</gpxtpx:hr>
          </gpxtpx:TrackPointExtension>
        </extensions>
      </trkpt>
      <trkpt lat="22.731472447656184" lon="113.95683593584644">
        <ele>45.460130172781646</ele>
        <time>1970-01-01T00:37:04.900000Z</time>
        <extensions>
          <gpxtpx:TrackPointExtension>
            <gpxtpx:hr>184</gpxtpx:hr>
          </gpxtpx:TrackPointExtension>
        </extensions>
      </trkpt>
      <trkpt lat="22.731484233553893" lon="113.95686216340934">
        <ele>45.4911875128746</ele>
        <time>1970-01-01T00:37:05.900000Z</time>
        <extensions>
          <gpxtpx:TrackPointExtension>
            <gpxtpx:hr>184</gpxtpx:hr>
          </gpxtpx:TrackPointExtension>
        </extensions>
      </trkpt>
      <trkpt lat="22.731495982976334" lon="113.95688840757128">
        <ele>45.51901905890554</ele>
        <time>1970-01-01T00:37:06.900000Z</time>
        <extensions>
          <gpxtpx:TrackPointExtension>
            <gpxtpx:hr>185</gpxtpx:hr>
          </gpxtpx:TrackPointExtension>
        </extensions>
      </trkpt>
      <trkpt lat="22.731507737986288" lon="113.95691521277942">
        <ele>45.54336035717279</ele>
        <time>1970-01-01T00:37:07.900000Z</time>
        <extensions>
          <gpxtpx:TrackPointExtension>
            <gpxtpx:hr>185</gpxtpx:hr>
          </gpxtpx:TrackPointExtension>
        </extensions>
      </trkpt>
      <trkpt lat="22.731519471780786" lon="113.95694248576844">
        <ele>45.564571185968816</ele>
        <time>1970-01-01T00:37:08.900000Z</time>
        <extensions>
          <gpxtpx:TrackPointExtension>
            <gpxtpx:hr>185</gpxtpx:hr>
          </gpxtpx:TrackPointExtension>
        </extensions>
      </trkpt>
      <trkpt lat="22.731531099561888" lon="113.95696942315344">
        <ele>45.5833510523662</ele>
        <time>1970-01-01T00:37:09.900000Z</time>
        <extensions>
          <gpxtpx:TrackPointExtension>
            <gpxtpx:hr>185</gpxtpx:hr>
          </gpxtpx:TrackPointExtension>
        </extensions>
      </trkpt>
      <trkpt lat="22.731542280885147" lon="113.9569952723695">
        <ele>45.600458583794534</ele>
        <time>1970-01-01T00:37:10.900000Z</time>
        <extensions>
          <gpxtpx:TrackPointExtension>
            <gpxtpx:hr>185</gpxtpx:hr>
          </gpxtpx:TrackPointExtension>
        </extensions>
      </trkpt>
      <trkpt lat="22.731552968629003" lon="113.9570210421532">
        <ele>45.61689557041973</ele>
        <time>1970-01-01T00:37:11.900000Z</time>
        <extensions>
          <gpxtpx:TrackPointExtension>
            <gpxtpx:hr>185</gpxtpx:hr>
          </gpxtpx:TrackPointExtension>
        </extensions>
      </trkpt>
      <trkpt lat="22.731562922930202" lon="113.95704796603735">
        <ele>45.63394594565034</ele>
        <time>1970-01-01T00:37:12.900000Z</time>
        <extensions>
          <gpxtpx:TrackPointExtension>
            <gpxtpx:hr>185</gpxtpx:hr>
          </gpxtpx:TrackPointExtension>
        </extensions>
      </trkpt>
      <trkpt lat="22.731572191554996" lon="113.95707584152495">
        <ele>45.652742207981646</ele>
        <time>1970-01-01T00:37:13.900000Z</time>
        <extensions>
          <gpxtpx:TrackPointExtension>
            <gpxtpx:hr>185</gpxtpx:hr>
          </gpxtpx:TrackPointExtension>
        </extensions>
      </trkpt>
      <trkpt lat="22.73158147476874" lon="113.95710362592676">
        <ele>45.67434989660978</ele>
        <time>1970-01-01T00:37:14.900000Z</time>
        <extensions>
          <gpxtpx:TrackPointExtension>
            <gpxtpx:hr>185</gpxtpx:hr>
          </gpxtpx:TrackPointExtension>
        </extensions>
      </trkpt>
      <trkpt lat="22.73159115073865" lon="113.95713089616358">
        <ele>45.69960638694465</ele>
        <time>1970-01-01T00:37:15.900000Z</time>
        <extensions>
          <gpxtpx:TrackPointExtension>
            <gpxtpx:hr>185</gpxtpx:hr>
          </gpxtpx:TrackPointExtension>
        </extensions>
      </trkpt>
      <trkpt lat="22.73160100484761" lon="113.9571582944441">
        <ele>45.72877399157733</ele>
        <time>1970-01-01T00:37:16.900000Z</time>
        <extensions>
          <gpxtpx:TrackPointExtension>
            <gpxtpx:hr>186</gpxtpx:hr>
          </gpxtpx:TrackPointExtension>
        </extensions>
      </trkpt>
      <trkpt lat="22.731610893989817" lon="113.95718619741324">
        <ele>45.76114008016884</ele>
        <time>1970-01-01T00:37:17.900000Z</time>
        <extensions>
          <gpxtpx:TrackPointExtension>
            <gpxtpx:hr>186</gpxtpx:hr>
          </gpxtpx:TrackPointExtension>
        </extensions>
      </trkpt>
      <trkpt lat="22.731620739300098" lon="113.95721452174517">
        <ele>45.79526264872402</ele>
        <time>1970-01-01T00:37:18.900000Z</time>
        <extensions>
          <gpxtpx:TrackPointExtension>
            <gpxtpx:hr>186</gpxtpx:hr>
          </gpxtpx:TrackPointExtension>
        </extensions>
      </trkpt>
      <trkpt lat="22.731630286056326" lon="113.95724278770982">
        <ele>45.82943182438612</ele>
        <time>1970-01-01T00:37:19.900000Z</time>
        <extensions>
          <gpxtpx:TrackPointExtension>
            <gpxtpx:hr>186</gpxtpx:hr>
          </gpxtpx:TrackPointExtension>
        </extensions>
      </trkpt>
      <trkpt lat="22.731639847352998" lon="113.95727066795764">
        <ele>45.862149397842586</ele>
        <time>1970-01-01T00:37:20.900000Z</time>
        <extensions>
          <gpxtpx:TrackPointExtension>
            <gpxtpx:hr>186</gpxtpx:hr>
          </gpxtpx:TrackPointExtension>
        </extensions>
      </trkpt>
      <trkpt lat="22.73164971400062" lon="113.9572981395003">
        <ele>45.89240447897464</ele>
        <time>1970-01-01T00:37:21.900000Z</time>
        <extensions>
          <gpxtpx:TrackPointExtension>
            <gpxtpx:hr>186</gpxtpx:hr>
          </gpxtpx:TrackPointExtension>
        </extensions>
      </trkpt>
      <trkpt lat="22.731659634457912" lon="113.95732569129912">
        <ele>45.919712339527905</ele>
        <time>1970-01-01T00:37:22.900000Z</time>
        <extensions>
          <gpxtpx:TrackPointExtension>
            <gpxtpx:hr>186</gpxtpx:hr>
          </gpxtpx:TrackPointExtension>
        </extensions>
      </trkpt>
      <trkpt lat="22.73166952211143" lon="113.95735336748812">
        <ele>45.94453262165189</ele>
        <time>1970-01-01T00:37:23.900000Z</time>
        <extensions>
          <gpxtpx:TrackPointExtension>
            <gpxtpx:hr>186</gpxtpx:hr>
          </gpxtpx:TrackPointExtension>
        </extensions>
      </trkpt>
      <trkpt lat="22.731679998966033" lon="113.95738083814373">
        <ele>45.96759616583586</ele>
        <time>1970-01-01T00:37:24.900000Z</time>
        <extensions>
          <gpxtpx:TrackPointExtension>
            <gpxtpx:hr>186</gpxtpx:hr>
          </gpxtpx:TrackPointExtension>
        </extensions>
      </trkpt>
      <trkpt lat="22.7316906072585" lon="113.95740796030354">
        <ele>45.98980189207941</ele>
        <time>1970-01-01T00:37:25.900000Z</time>
        <extensions>
          <gpxtpx:TrackPointExtension>
            <gpxtpx:hr>186</gpxtpx:hr>
          </gpxtpx:TrackPointExtension>
        </extensions>
      </trkpt>
      <trkpt lat="22.73170071851436" lon="113.95743503170792">
        <ele>46.012181238271296</ele>
        <time>1970-01-01T00:37:26.900000Z</time>
        <extensions>
          <gpxtpx:TrackPointExtension>
            <gpxtpx:hr>185</gpxtpx:hr>
          </gpxtpx:TrackPointExtension>
        </extensions>
      </trkpt>
      <trkpt lat="22.73171095889168" lon="113.95746135500704">
        <ele>46.03566817287356</ele>
        <time>1970-01-01T00:37:27.900000Z</time>
        <extensions>
          <gpxtpx:TrackPointExtension>
            <gpxtpx:hr>185</gpxtpx:hr>
          </gpxtpx:TrackPointExtension>
        </extensions>
      </trkpt>
      <trkpt lat="22.73172229006663" lon="113.95748629360382">
        <ele>46.06096532475203</ele>
        <time>1970-01-01T00:37:28.900000Z</time>
        <extensions>
          <gpxtpx:TrackPointExtension>
            <gpxtpx:hr>185</gpxtpx:hr>
          </gpxtpx:TrackPointExtension>
        </extensions>
      </trkpt>
      <trkpt lat="22.73173460327177" lon="113.95751012882333">
        <ele>46.0888932403177</ele>
        <time>1970-01-01T00:37:29.900000Z</time>
        <extensions>
          <gpxtpx:TrackPointExtension>
            <gpxtpx:hr>185</gpxtpx:hr>
          </gpxtpx:TrackPointExtension>
        </extensions>
      </trkpt>
      <trkpt lat="22.731747039031546" lon="113.95753402074894">
        <ele>46.12040975224227</ele>
        <time>1970-01-01T00:37:30.900000Z</time>
        <extensions>
          <gpxtpx:TrackPointExtension>
            <gpxtpx:hr>185</gpxtpx:hr>
          </gpxtpx:TrackPointExtension>
        </extensions>
      </trkpt>
      <trkpt lat="22.73175939750178" lon="113.95755885529577">
        <ele>46.15628645289689</ele>
        <time>1970-01-01T00:37:31.900000Z</time>
        <extensions>
          <gpxtpx:TrackPointExtension>
            <gpxtpx:hr>185</gpxtpx:hr>
          </gpxtpx:TrackPointExtension>
        </extensions>
      </trkpt>
      <trkpt lat="22.73177171959719" lon="113.95758427950081">
        <ele>46.19700144790113</ele>
        <time>1970-01-01T00:37:32.900000Z</time>
        <extensions>
          <gpxtpx:TrackPointExtension>
            <gpxtpx:hr>185</gpxtpx:hr>
          </gpxtpx:TrackPointExtension>
        </extensions>
      </trkpt>
      <trkpt lat="22.731783803149902" lon="113.95760946721042">
        <ele>46.24266000371426</ele>
        <time>1970-01-01T00:37:33.900000Z</time>
        <extensions>
          <gpxtpx:TrackPointExtension>
            <gpxtpx:hr>185</gpxtpx:hr>
          </gpxtpx:TrackPointExtension>
        </extensions>
      </trkpt>
      <trkpt lat="22.73179518792103" lon="113.95763407994225">
        <ele>46.29277755692601</ele>
        <time>1970-01-01T00:37:34.900000Z</time>
        <extensions>
          <gpxtpx:TrackPointExtension>
            <gpxtpx:hr>185</gpxtpx:hr>
          </gpxtpx:TrackPointExtension>
        </extensions>
      </trkpt>
      <trkpt lat="22.731806023450332" lon="113.95765887391629">
        <ele>46.34625015873462</ele>
        <time>1970-01-01T00:37:35.900000Z</time>
        <extensions>
          <gpxtpx:TrackPointExtension>
            <gpxtpx:hr>184</gpxtpx:hr>
          </gpxtpx:TrackPointExtension>
        </extensions>
      </trkpt>
      <trkpt lat="22.731817101170712" lon="113.95768403719792">
        <ele>46.40150217618793</ele>
        <time>1970-01-01T00:37:36.900000Z</time>
        <extensions>
          <gpxtpx:TrackPointExtension>
            <gpxtpx:hr>184</gpxtpx:hr>
          </gpxtpx:TrackPointExtension>
        </extensions>
      </trkpt>
      <trkpt lat="22.73182853410299" lon="113.95770981320074">
        <ele>46.45709753874689</ele>
        <time>1970-01-01T00:37:37.900000Z</time>
        <extensions>
          <gpxtpx:TrackPointExtension>
            <gpxtpx:hr>184</gpxtpx:hr>
          </gpxtpx:TrackPointExtension>
        </extensions>
      </trkpt>
      <trkpt lat="22.731839505706148" lon="113.95773637539288">
        <ele>46.51137088891119</ele>
        <time>1970-01-01T00:37:38.900000Z</time>
        <extensions>
          <gpxtpx:TrackPointExtension>
            <gpxtpx:hr>184</gpxtpx:hr>
          </gpxtpx:TrackPointExtension>
        </extensions>
      </trkpt>
      <trkpt lat="22.731849554053845" lon="113.95776358620058">
        <ele>46.56285952497274</ele>
        <time>1970-01-01T00:37:39.900000Z</time>
        <extensions>
          <gpxtpx:TrackPointExtension>
            <gpxtpx:hr>184</gpxtpx:hr>
          </gpxtpx:TrackPointExtension>
        </extensions>
      </trkpt>
      <trkpt lat="22.731859258426073" lon="113.95779136120753">
        <ele>46.61056107934564</ele>
        <time>1970-01-01T00:37:40.900000Z</time>
        <extensions>
          <gpxtpx:TrackPointExtension>
            <gpxtpx:hr>184</gpxtpx:hr>
          </gpxtpx:TrackPointExtension>
        </extensions>
      </trkpt>
      <trkpt lat="22.731869116555156" lon="113.95781941860362">
        <ele>46.654476878233254</ele>
        <time>1970-01-01T00:37:41.900000Z</time>
        <extensions>
          <gpxtpx:TrackPointExtension>
            <gpxtpx:hr>185</gpxtpx:hr>
          </gpxtpx:TrackPointExtension>
        </extensions>
      </trkpt>
      <trkpt lat="22.731878971926545" lon="113.95784694763474">
        <ele>46.694757955148816</ele>
        <time>1970-01-01T00:37:42.900000Z</time>
        <extensions>
          <gpxtpx:TrackPointExtension>
            <gpxtpx:hr>185</gpxtpx:hr>
          </gpxtpx:TrackPointExtension>
        </extensions>
      </trkpt>
      <trkpt lat="22.731888994081128" lon="113.95787354096943">
        <ele>46.73146289307624</ele>
        <time>1970-01-01T00:37:43.900000Z</time>
        <extensions>
          <gpxtpx:TrackPointExtension>
            <gpxtpx:hr>185</gpxtpx:hr>
          </gpxtpx:TrackPointExtension>
        </extensions>
      </trkpt>
      <trkpt lat="22.731899475513483" lon="113.95789913950212">
        <ele>46.76452586892992</ele>
        <time>1970-01-01T00:37:44.900000Z</time>
        <extensions>
          <gpxtpx:TrackPointExtension>
            <gpxtpx:hr>185</gpxtpx:hr>
          </gpxtpx:TrackPointExtension>
        </extensions>
      </trkpt>
      <trkpt lat="22.731910036028726" lon="113.9579243638822">
        <ele>46.79394104704261</ele>
        <time>1970-01-01T00:37:45.900000Z</time>
        <extensions>
          <gpxtpx:TrackPointExtension>
            <gpxtpx:hr>185</gpxtpx:hr>
          </gpxtpx:TrackPointExtension>
        </extensions>
      </trkpt>
      <trkpt lat="22.731920282124626" lon="113.95794999789845">
        <ele>46.81971445586532</ele>
        <time>1970-01-01T00:37:46.900000Z</time>
        <extensions>
          <gpxtpx:TrackPointExtension>
            <gpxtpx:hr>186</gpxtpx:hr>
          </gpxtpx:TrackPointExtension>
        </extensions>
      </trkpt>
      <trkpt lat="22.731930289805412" lon="113.9579760455602">
        <ele>46.842328016646206</ele>
        <time>1970-01-01T00:37:47.900000Z</time>
        <extensions>
          <gpxtpx:TrackPointExtension>
            <gpxtpx:hr>186</gpxtpx:hr>
          </gpxtpx:TrackPointExtension>
        </extensions>
      </trkpt>
      <trkpt lat="22.731940107745395" lon="113.95800255062552">
        <ele>46.86304779537022</ele>
        <time>1970-01-01T00:37:48.900000Z</time>
        <extensions>
          <gpxtpx:TrackPointExtension>
            <gpxtpx:hr>186</gpxtpx:hr>
          </gpxtpx:TrackPointExtension>
        </extensions>
      </trkpt>
      <trkpt lat="22.731949338912433" lon="113.95802880124329">
        <ele>46.883602063171566</ele>
        <time>1970-01-01T00:37:49.900000Z</time>
        <extensions>
          <gpxtpx:TrackPointExtension>
            <gpxtpx:hr>186</gpxtpx:hr>
          </gpxtpx:TrackPointExtension>
        </extensions>
      </trkpt>
      <trkpt lat="22.73195782740661" lon="113.95805483210732">
        <ele>46.90533710923046</ele>
        <time>1970-01-01T00:37:50.900000Z</time>
        <extensions>
          <gpxtpx:TrackPointExtension>
            <gpxtpx:hr>186</gpxtpx:hr>
          </gpxtpx:TrackPointExtension>
        </extensions>
      </trkpt>
      <trkpt lat="22.731965944071852" lon="113.95808154924023">
        <ele>46.92905414290726</ele>
        <time>1970-01-01T00:37:51.900000Z</time>
        <extensions>
          <gpxtpx:TrackPointExtension>
            <gpxtpx:hr>186</gpxtpx:hr>
          </gpxtpx:TrackPointExtension>
        </extensions>
      </trkpt>
      <trkpt lat="22.7319746123864" lon="113.95810937599782">
        <ele>46.954976953566074</ele>
        <time>1970-01-01T00:37:52.900000Z</time>
        <extensions>
          <gpxtpx:TrackPointExtension>
            <gpxtpx:hr>186</gpxtpx:hr>
          </gpxtpx:TrackPointExtension>
        </extensions>
      </trkpt>
      <trkpt lat="22.73198431463875" lon="113.9581374951035">
        <ele>46.982990679331124</ele>
        <time>1970-01-01T00:37:53.900000Z</time>
        <extensions>
          <gpxtpx:TrackPointExtension>
            <gpxtpx:hr>186</gpxtpx:hr>
          </gpxtpx:TrackPointExtension>
        </extensions>
      </trkpt>
      <trkpt lat="22.73199451843653" lon="113.9581652792959">
        <ele>47.01285589393228</ele>
        <time>1970-01-01T00:37:54.900000Z</time>
        <extensions>
          <gpxtpx:TrackPointExtension>
            <gpxtpx:hr>186</gpxtpx:hr>
          </gpxtpx:TrackPointExtension>
        </extensions>
      </trkpt>
      <trkpt lat="22.73200456850349" lon="113.95819245901016">
        <ele>47.04459333047271</ele>
        <time>1970-01-01T00:37:55.900000Z</time>
        <extensions>
          <gpxtpx:TrackPointExtension>
            <gpxtpx:hr>186</gpxtpx:hr>
          </gpxtpx:TrackPointExtension>
        </extensions>
      </trkpt>
      <trkpt lat="22.732014485537583" lon="113.95821884548965">
        <ele>47.07828719820827</ele>
        <time>1970-01-01T00:37:56.900000Z</time>
        <extensions>
          <gpxtpx:TrackPointExtension>
            <gpxtpx:hr>186</gpxtpx:hr>
          </gpxtpx:TrackPointExtension>
        </extensions>
      </trkpt>
      <trkpt lat="22.732024171488135" lon="113.95824475614181">
        <ele>47.114095284603536</ele>
        <time>1970-01-01T00:37:57.900000Z</time>
        <extensions>
          <gpxtpx:TrackPointExtension>
            <gpxtpx:hr>186</gpxtpx:hr>
          </gpxtpx:TrackPointExtension>
        </extensions>
      </trkpt>
      <trkpt lat="22.732033504942688" lon="113.95827067876155">
        <ele>47.15200913883746</ele>
        <time>1970-01-01T00:37:58.900000Z</time>
        <extensions>
          <gpxtpx:TrackPointExtension>
            <gpxtpx:hr>186</gpxtpx:hr>
          </gpxtpx:TrackPointExtension>
        </extensions>
      </trkpt>
      <trkpt lat="22.73204241471828" lon="113.95829682011204">
        <ele>47.191698126494884</ele>
        <time>1970-01-01T00:37:59.900000Z</time>
        <extensions>
          <gpxtpx:TrackPointExtension>
            <gpxtpx:hr>186</gpxtpx:hr>
          </gpxtpx:TrackPointExtension>
        </extensions>
      </trkpt>
      <trkpt lat="22.73205048282937" lon="113.95832304939897">
        <ele>47.23238353431225</ele>
        <time>1970-01-01T00:38:00.900000Z</time>
        <extensions>
          <gpxtpx:TrackPointExtension>
            <gpxtpx:hr>186</gpxtpx:hr>
          </gpxtpx:TrackPointExtension>
        </extensions>
      </trkpt>
      <trkpt lat="22.732057560909563" lon="113.9583497999448">
        <ele>47.27329204045236</ele>
        <time>1970-01-01T00:38:01.900000Z</time>
        <extensions>
          <gpxtpx:TrackPointExtension>
            <gpxtpx:hr>186</gpxtpx:hr>
          </gpxtpx:TrackPointExtension>
        </extensions>
      </trkpt>
      <trkpt lat="22.732064108874816" lon="113.95837741237045">
        <ele>47.31365569960326</ele>
        <time>1970-01-01T00:38:02.900000Z</time>
        <extensions>
          <gpxtpx:TrackPointExtension>
            <gpxtpx:hr>187</gpxtpx:hr>
          </gpxtpx:TrackPointExtension>
        </extensions>
      </trkpt>
      <trkpt lat="22.732070649578528" lon="113.95840545476638">
        <ele>47.35283528175205</ele>
        <time>1970-01-01T00:38:03.900000Z</time>
        <extensions>
          <gpxtpx:TrackPointExtension>
            <gpxtpx:hr>187</gpxtpx:hr>
          </gpxtpx:TrackPointExtension>
        </extensions>
      </trkpt>
      <trkpt lat="22.732077332675136" lon="113.95843297267025">
        <ele>47.39040334708989</ele>
        <time>1970-01-01T00:38:04.900000Z</time>
        <extensions>
          <gpxtpx:TrackPointExtension>
            <gpxtpx:hr>187</gpxtpx:hr>
          </gpxtpx:TrackPointExtension>
        </extensions>
      </trkpt>
      <trkpt lat="22.7320850810426" lon="113.95846006043038">
        <ele>47.426256185397506</ele>
        <time>1970-01-01T00:38:05.900000Z</time>
        <extensions>
          <gpxtpx:TrackPointExtension>
            <gpxtpx:hr>187</gpxtpx:hr>
          </gpxtpx:TrackPointExtension>
        </extensions>
      </trkpt>
      <trkpt lat="22.73209417400916" lon="113.95848749422794">
        <ele>47.460825772956014</ele>
        <time>1970-01-01T00:38:06.900000Z</time>
        <extensions>
          <gpxtpx:TrackPointExtension>
            <gpxtpx:hr>187</gpxtpx:hr>
          </gpxtpx:TrackPointExtension>
        </extensions>
      </trkpt>
      <trkpt lat="22.732103470193852" lon="113.95851558532729">
        <ele>47.49494384974241</ele>
        <time>1970-01-01T00:38:07.900000Z</time>
        <extensions>
          <gpxtpx:TrackPointExtension>
            <gpxtpx:hr>187</gpxtpx:hr>
          </gpxtpx:TrackPointExtension>
        </extensions>
      </trkpt>
      <trkpt lat="22.73211174701527" lon="113.95854441482393">
        <ele>47.52965000271797</ele>
        <time>1970-01-01T00:38:08.900000Z</time>
        <extensions>
          <gpxtpx:TrackPointExtension>
            <gpxtpx:hr>187</gpxtpx:hr>
          </gpxtpx:TrackPointExtension>
        </extensions>
      </trkpt>
      <trkpt lat="22.73211836301813" lon="113.95857316046876">
        <ele>47.56586851365864</ele>
        <time>1970-01-01T00:38:09.900000Z</time>
        <extensions>
          <gpxtpx:TrackPointExtension>
            <gpxtpx:hr>187</gpxtpx:hr>
          </gpxtpx:TrackPointExtension>
        </extensions>
      </trkpt>
      <trkpt lat="22.73212383111594" lon="113.95860106670256">
        <ele>47.60436907503754</ele>
        <time>1970-01-01T00:38:10.900000Z</time>
        <extensions>
          <gpxtpx:TrackPointExtension>
            <gpxtpx:hr>187</gpxtpx:hr>
          </gpxtpx:TrackPointExtension>
        </extensions>
      </trkpt>
      <trkpt lat="22.732128995353456" lon="113.95862794070104">
        <ele>47.64533406030387</ele>
        <time>1970-01-01T00:38:11.900000Z</time>
        <extensions>
          <gpxtpx:TrackPointExtension>
            <gpxtpx:hr>187</gpxtpx:hr>
          </gpxtpx:TrackPointExtension>
        </extensions>
      </trkpt>
      <trkpt lat="22.73213478686776" lon="113.95865483862582">
        <ele>47.68844985682517</ele>
        <time>1970-01-01T00:38:12.900000Z</time>
        <extensions>
          <gpxtpx:TrackPointExtension>
            <gpxtpx:hr>187</gpxtpx:hr>
          </gpxtpx:TrackPointExtension>
        </extensions>
      </trkpt>
      <trkpt lat="22.732141344417528" lon="113.95868221176593">
        <ele>47.73317666258663</ele>
        <time>1970-01-01T00:38:13.900000Z</time>
        <extensions>
          <gpxtpx:TrackPointExtension>
            <gpxtpx:hr>187</gpxtpx:hr>
          </gpxtpx:TrackPointExtension>
        </extensions>
      </trkpt>
      <trkpt lat="22.732148209987276" lon="113.95870958318847">
        <ele>47.77898277435452</ele>
        <time>1970-01-01T00:38:14.900000Z</time>
        <extensions>
          <gpxtpx:TrackPointExtension>
            <gpxtpx:hr>187</gpxtpx:hr>
          </gpxtpx:TrackPointExtension>
        </extensions>
      </trkpt>
      <trkpt lat="22.732154892633968" lon="113.95873639359542">
        <ele>47.825203251093626</ele>
        <time>1970-01-01T00:38:15.900000Z</time>
        <extensions>
          <gpxtpx:TrackPointExtension>
            <gpxtpx:hr>187</gpxtpx:hr>
          </gpxtpx:TrackPointExtension>
        </extensions>
      </trkpt>
      <trkpt lat="22.732161391488436" lon="113.95876317852965">
        <ele>47.870969861745834</ele>
        <time>1970-01-01T00:38:16.900000Z</time>
        <extensions>
          <gpxtpx:TrackPointExtension>
            <gpxtpx:hr>188</gpxtpx:hr>
          </gpxtpx:TrackPointExtension>
        </extensions>
      </trkpt>
      <trkpt lat="22.732168140835885" lon="113.95879045693057">
        <ele>47.915289900265634</ele>
        <time>1970-01-01T00:38:17.900000Z</time>
        <extensions>
          <gpxtpx:TrackPointExtension>
            <gpxtpx:hr>188</gpxtpx:hr>
          </gpxtpx:TrackPointExtension>
        </extensions>
      </trkpt>
      <trkpt lat="22.73217530216241" lon="113.95881787285931">
        <ele>47.95727615430951</ele>
        <time>1970-01-01T00:38:18.900000Z</time>
        <extensions>
          <gpxtpx:TrackPointExtension>
            <gpxtpx:hr>188</gpxtpx:hr>
          </gpxtpx:TrackPointExtension>
        </extensions>
      </trkpt>
      <trkpt lat="22.732182349289022" lon="113.95884541011331">
        <ele>47.99625555425882</ele>
        <time>1970-01-01T00:38:19.900000Z</time>
        <extensions>
          <gpxtpx:TrackPointExtension>
            <gpxtpx:hr>188</gpxtpx:hr>
          </gpxtpx:TrackPointExtension>
        </extensions>
      </trkpt>
      <trkpt lat="22.732189219892973" lon="113.95887253734094">
        <ele>48.0319542363286</ele>
        <time>1970-01-01T00:38:20.900000Z</time>
        <extensions>
          <gpxtpx:TrackPointExtension>
            <gpxtpx:hr>188</gpxtpx:hr>
          </gpxtpx:TrackPointExtension>
        </extensions>
      </trkpt>
      <trkpt lat="22.73219633685654" lon="113.95889939481403">
        <ele>48.06451868545264</ele>
        <time>1970-01-01T00:38:21.900000Z</time>
        <extensions>
          <gpxtpx:TrackPointExtension>
            <gpxtpx:hr>188</gpxtpx:hr>
          </gpxtpx:TrackPointExtension>
        </extensions>
      </trkpt>
      <trkpt lat="22.73220314464911" lon="113.95892603862647">
        <ele>48.09436391014606</ele>
        <time>1970-01-01T00:38:22.900000Z</time>
        <extensions>
          <gpxtpx:TrackPointExtension>
            <gpxtpx:hr>188</gpxtpx:hr>
          </gpxtpx:TrackPointExtension>
        </extensions>
      </trkpt>
      <trkpt lat="22.732209791235338" lon="113.95895217956148">
        <ele>48.12186002917588</ele>
        <time>1970-01-01T00:38:23.900000Z</time>
        <extensions>
          <gpxtpx:TrackPointExtension>
            <gpxtpx:hr>188</gpxtpx:hr>
          </gpxtpx:TrackPointExtension>
        </extensions>
      </trkpt>
      <trkpt lat="22.73221682128605" lon="113.95897794524569">
        <ele>48.14749090746045</ele>
        <time>1970-01-01T00:38:24.900000Z</time>
        <extensions>
          <gpxtpx:TrackPointExtension>
            <gpxtpx:hr>188</gpxtpx:hr>
          </gpxtpx:TrackPointExtension>
        </extensions>
      </trkpt>
      <trkpt lat="22.732223866380625" lon="113.95900363921878">
        <ele>48.17168758343905</ele>
        <time>1970-01-01T00:38:25.900000Z</time>
        <extensions>
          <gpxtpx:TrackPointExtension>
            <gpxtpx:hr>187</gpxtpx:hr>
          </gpxtpx:TrackPointExtension>
        </extensions>
      </trkpt>
      <trkpt lat="22.73223052454354" lon="113.95902916123603">
        <ele>48.19479266460985</ele>
        <time>1970-01-01T00:38:26.900000Z</time>
        <extensions>
          <gpxtpx:TrackPointExtension>
            <gpxtpx:hr>187</gpxtpx:hr>
          </gpxtpx:TrackPointExtension>
        </extensions>
      </trkpt>
      <trkpt lat="22.732236140689594" lon="113.95905425918396">
        <ele>48.21692713815719</ele>
        <time>1970-01-01T00:38:27.900000Z</time>
        <extensions>
          <gpxtpx:TrackPointExtension>
            <gpxtpx:hr>187</gpxtpx:hr>
          </gpxtpx:TrackPointExtension>
        </extensions>
      </trkpt>
      <trkpt lat="22.73224108540307" lon="113.95907894793997">
        <ele>48.238030415959656</ele>
        <time>1970-01-01T00:38:28.900000Z</time>
        <extensions>
          <gpxtpx:TrackPointExtension>
            <gpxtpx:hr>187</gpxtpx:hr>
          </gpxtpx:TrackPointExtension>
        </extensions>
      </trkpt>
      <trkpt lat="22.732246323052212" lon="113.95910337976021">
        <ele>48.25844719726592</ele>
        <time>1970-01-01T00:38:29.900000Z</time>
        <extensions>
          <gpxtpx:TrackPointExtension>
            <gpxtpx:hr>187</gpxtpx:hr>
          </gpxtpx:TrackPointExtension>
        </extensions>
      </trkpt>
      <trkpt lat="22.73225234407239" lon="113.9591279318649">
        <ele>48.278697771020234</ele>
        <time>1970-01-01T00:38:30.900000Z</time>
        <extensions>
          <gpxtpx:TrackPointExtension>
            <gpxtpx:hr>187</gpxtpx:hr>
          </gpxtpx:TrackPointExtension>
        </extensions>
      </trkpt>
      <trkpt lat="22.732259564442177" lon="113.95915286319209">
        <ele>48.29938191361725</ele>
        <time>1970-01-01T00:38:31.900000Z</time>
        <extensions>
          <gpxtpx:TrackPointExtension>
            <gpxtpx:hr>187</gpxtpx:hr>
          </gpxtpx:TrackPointExtension>
        </extensions>
      </trkpt>
      <trkpt lat="22.73226774203108" lon="113.9591788533821">
        <ele>48.32109424378723</ele>
        <time>1970-01-01T00:38:32.900000Z</time>
        <extensions>
          <gpxtpx:TrackPointExtension>
            <gpxtpx:hr>187</gpxtpx:hr>
          </gpxtpx:TrackPointExtension>
        </extensions>
      </trkpt>
      <trkpt lat="22.732276291870672" lon="113.95920596359277">
        <ele>48.34438236057758</ele>
        <time>1970-01-01T00:38:33.900000Z</time>
        <extensions>
          <gpxtpx:TrackPointExtension>
            <gpxtpx:hr>187</gpxtpx:hr>
          </gpxtpx:TrackPointExtension>
        </extensions>
      </trkpt>
      <trkpt lat="22.732284282116098" lon="113.95923325689607">
        <ele>48.36951901577413</ele>
        <time>1970-01-01T00:38:34.900000Z</time>
        <extensions>
          <gpxtpx:TrackPointExtension>
            <gpxtpx:hr>187</gpxtpx:hr>
          </gpxtpx:TrackPointExtension>
        </extensions>
      </trkpt>
      <trkpt lat="22.732291166787125" lon="113.95925984026886">
        <ele>48.396693830378354</ele>
        <time>1970-01-01T00:38:35.900000Z</time>
        <extensions>
          <gpxtpx:TrackPointExtension>
            <gpxtpx:hr>187</gpxtpx:hr>
          </gpxtpx:TrackPointExtension>
        </extensions>
      </trkpt>
      <trkpt lat="22.73229692017676" lon="113.95928571673923">
        <ele>48.42626592237502</ele>
        <time>1970-01-01T00:38:36.900000Z</time>
        <extensions>
          <gpxtpx:TrackPointExtension>
            <gpxtpx:hr>187</gpxtpx:hr>
          </gpxtpx:TrackPointExtension>
        </extensions>
      </trkpt>
      <trkpt lat="22.732301496959234" lon="113.95931145922073">
        <ele>48.458635612390935</ele>
        <time>1970-01-01T00:38:37.900000Z</time>
        <extensions>
          <gpxtpx:TrackPointExtension>
            <gpxtpx:hr>187</gpxtpx:hr>
          </gpxtpx:TrackPointExtension>
        </extensions>
      </trkpt>
      <trkpt lat="22.73230503256589" lon="113.95933704143032">
        <ele>48.49410282727331</ele>
        <time>1970-01-01T00:38:38.900000Z</time>
        <extensions>
          <gpxtpx:TrackPointExtension>
            <gpxtpx:hr>187</gpxtpx:hr>
          </gpxtpx:TrackPointExtension>
        </extensions>
      </trkpt>
      <trkpt lat="22.732308638081825" lon="113.95936244857965">
        <ele>48.53225013241172</ele>
        <time>1970-01-01T00:38:39.900000Z</time>
        <extensions>
          <gpxtpx:TrackPointExtension>
            <gpxtpx:hr>187</gpxtpx:hr>
          </gpxtpx:TrackPointExtension>
        </extensions>
      </trkpt>
      <trkpt lat="22.732313444669227" lon="113.95938810896078">
        <ele>48.57197583001107</ele>
        <time>1970-01-01T00:38:40.900000Z</time>
        <extensions>
          <gpxtpx:TrackPointExtension>
            <gpxtpx:hr>187</gpxtpx:hr>
          </gpxtpx:TrackPointExtension>
        </extensions>
      </trkpt>
      <trkpt lat="22.73231912881786" lon="113.9594144816951">
        <ele>48.61166702769697</ele>
        <time>1970-01-01T00:38:41.900000Z</time>
        <extensions>
          <gpxtpx:TrackPointExtension>
            <gpxtpx:hr>187</gpxtpx:hr>
          </gpxtpx:TrackPointExtension>
        </extensions>
      </trkpt>
      <trkpt lat="22.73232516345386" lon="113.95944159191632">
        <ele>48.65029748249799</ele>
        <time>1970-01-01T00:38:42.900000Z</time>
        <extensions>
          <gpxtpx:TrackPointExtension>
            <gpxtpx:hr>187</gpxtpx:hr>
          </gpxtpx:TrackPointExtension>
        </extensions>
      </trkpt>
      <trkpt lat="22.732331375723284" lon="113.95946905135024">
        <ele>48.686991680413485</ele>
        <time>1970-01-01T00:38:43.900000Z</time>
        <extensions>
          <gpxtpx:TrackPointExtension>
            <gpxtpx:hr>187</gpxtpx:hr>
          </gpxtpx:TrackPointExtension>
        </extensions>
      </trkpt>
      <trkpt lat="22.73233799891954" lon="113.95949640631991">
        <ele>48.721156121231616</ele>
        <time>1970-01-01T00:38:44.900000Z</time>
        <extensions>
          <gpxtpx:TrackPointExtension>
            <gpxtpx:hr>187</gpxtpx:hr>
          </gpxtpx:TrackPointExtension>
        </extensions>
      </trkpt>
      <trkpt lat="22.732345403432966" lon="113.95952292185507">
        <ele>48.75253538321704</ele>
        <time>1970-01-01T00:38:45.900000Z</time>
        <extensions>
          <gpxtpx:TrackPointExtension>
            <gpxtpx:hr>187</gpxtpx:hr>
          </gpxtpx:TrackPointExtension>
        </extensions>
      </trkpt>
      <trkpt lat="22.732353941681176" lon="113.95954854079706">
        <ele>48.78156375605613</ele>
        <time>1970-01-01T00:38:46.900000Z</time>
        <extensions>
          <gpxtpx:TrackPointExtension>
            <gpxtpx:hr>187</gpxtpx:hr>
          </gpxtpx:TrackPointExtension>
        </extensions>
      </trkpt>
      <trkpt lat="22.73236340166306" lon="113.9595736332599">
        <ele>48.80840795394033</ele>
        <time>1970-01-01T00:38:47.900000Z</time>
        <extensions>
          <gpxtpx:TrackPointExtension>
            <gpxtpx:hr>187</gpxtpx:hr>
          </gpxtpx:TrackPointExtension>
        </extensions>
      </trkpt>
      <trkpt lat="22.732372590714604" lon="113.9595991005942">
        <ele>48.83356524538249</ele>
        <time>1970-01-01T00:38:48.900000Z</time>
        <extensions>
          <gpxtpx:TrackPointExtension>
            <gpxtpx:hr>185</gpxtpx:hr>
          </gpxtpx:TrackPointExtension>
        </extensions>
      </trkpt>
      <trkpt lat="22.73238042892121" lon="113.95962466008886">
        <ele>48.85795331373811</ele>
        <time>1970-01-01T00:38:49.900000Z</time>
        <extensions>
          <gpxtpx:TrackPointExtension>
            <gpxtpx:hr>185</gpxtpx:hr>
          </gpxtpx:TrackPointExtension>
        </extensions>
      </trkpt>
      <trkpt lat="22.73238675539614" lon="113.95965023052793">
        <ele>48.882732200436294</ele>
        <time>1970-01-01T00:38:50.900000Z</time>
        <extensions>
          <gpxtpx:TrackPointExtension>
            <gpxtpx:hr>185</gpxtpx:hr>
          </gpxtpx:TrackPointExtension>
        </extensions>
      </trkpt>
      <trkpt lat="22.732392441701553" lon="113.9596759673374">
        <ele>48.908425935544074</ele>
        <time>1970-01-01T00:38:51.900000Z</time>
        <extensions>
          <gpxtpx:TrackPointExtension>
            <gpxtpx:hr>185</gpxtpx:hr>
          </gpxtpx:TrackPointExtension>
        </extensions>
      </trkpt>
      <trkpt lat="22.732398288280137" lon="113.95970194671811">
        <ele>48.934831243008375</ele>
        <time>1970-01-01T00:38:52.900000Z</time>
        <extensions>
          <gpxtpx:TrackPointExtension>
            <gpxtpx:hr>185</gpxtpx:hr>
          </gpxtpx:TrackPointExtension>
        </extensions>
      </trkpt>
      <trkpt lat="22.732404416086762" lon="113.95972869469419">
        <ele>48.96107166726142</ele>
        <time>1970-01-01T00:38:53.900000Z</time>
        <extensions>
          <gpxtpx:TrackPointExtension>
            <gpxtpx:hr>185</gpxtpx:hr>
          </gpxtpx:TrackPointExtension>
        </extensions>
      </trkpt>
      <trkpt lat="22.732410984165682" lon="113.95975621692959">
        <ele>48.986079605296254</ele>
        <time>1970-01-01T00:38:54.900000Z</time>
        <extensions>
          <gpxtpx:TrackPointExtension>
            <gpxtpx:hr>185</gpxtpx:hr>
          </gpxtpx:TrackPointExtension>
        </extensions>
      </trkpt>
      <trkpt lat="22.7324182654446" lon="113.95978393881671">
        <ele>49.00916696153581</ele>
        <time>1970-01-01T00:38:55.900000Z</time>
        <extensions>
          <gpxtpx:TrackPointExtension>
            <gpxtpx:hr>185</gpxtpx:hr>
          </gpxtpx:TrackPointExtension>
        </extensions>
      </trkpt>
      <trkpt lat="22.732426329631505" lon="113.95981093719122">
        <ele>49.03031242266297</ele>
        <time>1970-01-01T00:38:56.900000Z</time>
        <extensions>
          <gpxtpx:TrackPointExtension>
            <gpxtpx:hr>185</gpxtpx:hr>
          </gpxtpx:TrackPointExtension>
        </extensions>
      </trkpt>
      <trkpt lat="22.732434861325878" lon="113.95983706674934">
        <ele>49.0505213374272</ele>
        <time>1970-01-01T00:38:57.900000Z</time>
        <extensions>
          <gpxtpx:TrackPointExtension>
            <gpxtpx:hr>187</gpxtpx:hr>
          </gpxtpx:TrackPointExtension>
        </extensions>
      </trkpt>
      <trkpt lat="22.732442809112893" lon="113.9598631486989">
        <ele>49.07146503869444</ele>
        <time>1970-01-01T00:38:58.900000Z</time>
        <extensions>
          <gpxtpx:TrackPointExtension>
            <gpxtpx:hr>187</gpxtpx:hr>
          </gpxtpx:TrackPointExtension>
        </extensions>
      </trkpt>
      <trkpt lat="22.732449740706528" lon="113.9598893609352">
        <ele>49.0948898922652</ele>
        <time>1970-01-01T00:38:59.900000Z</time>
        <extensions>
          <gpxtpx:TrackPointExtension>
            <gpxtpx:hr>187</gpxtpx:hr>
          </gpxtpx:TrackPointExtension>
        </extensions>
      </trkpt>
      <trkpt lat="22.73245650073828" lon="113.95991496784472">
        <ele>49.121863898821175</ele>
        <time>1970-01-01T00:39:00.900000Z</time>
        <extensions>
          <gpxtpx:TrackPointExtension>
            <gpxtpx:hr>187</gpxtpx:hr>
          </gpxtpx:TrackPointExtension>
        </extensions>
      </trkpt>
      <trkpt lat="22.732464012279298" lon="113.95993978616492">
        <ele>49.15301654487848</ele>
        <time>1970-01-01T00:39:01.900000Z</time>
        <extensions>
          <gpxtpx:TrackPointExtension>
            <gpxtpx:hr>187</gpxtpx:hr>
          </gpxtpx:TrackPointExtension>
        </extensions>
      </trkpt>
      <trkpt lat="22.732472819086844" lon="113.95996463528321">
        <ele>49.188481143675745</ele>
        <time>1970-01-01T00:39:02.900000Z</time>
        <extensions>
          <gpxtpx:TrackPointExtension>
            <gpxtpx:hr>187</gpxtpx:hr>
          </gpxtpx:TrackPointExtension>
        </extensions>
      </trkpt>
      <trkpt lat="22.732482723834263" lon="113.95999038458079">
        <ele>49.22790797799826</ele>
        <time>1970-01-01T00:39:03.900000Z</time>
        <extensions>
          <gpxtpx:TrackPointExtension>
            <gpxtpx:hr>187</gpxtpx:hr>
          </gpxtpx:TrackPointExtension>
        </extensions>
      </trkpt>
      <trkpt lat="22.732492057211275" lon="113.96001709469101">
        <ele>49.27048059832305</ele>
        <time>1970-01-01T00:39:04.900000Z</time>
        <extensions>
          <gpxtpx:TrackPointExtension>
            <gpxtpx:hr>187</gpxtpx:hr>
          </gpxtpx:TrackPointExtension>
        </extensions>
      </trkpt>
      <trkpt lat="22.732499276472485" lon="113.96004413655237">
        <ele>49.3150892034173</ele>
        <time>1970-01-01T00:39:05.900000Z</time>
        <extensions>
          <gpxtpx:TrackPointExtension>
            <gpxtpx:hr>189</gpxtpx:hr>
          </gpxtpx:TrackPointExtension>
        </extensions>
      </trkpt>
      <trkpt lat="22.73250443254987" lon="113.96007150270765">
        <ele>49.36046536453068</ele>
        <time>1970-01-01T00:39:06.900000Z</time>
        <extensions>
          <gpxtpx:TrackPointExtension>
            <gpxtpx:hr>189</gpxtpx:hr>
          </gpxtpx:TrackPointExtension>
        </extensions>
      </trkpt>
      <trkpt lat="22.732508576106838" lon="113.96009866329959">
        <ele>49.405102813616395</ele>
        <time>1970-01-01T00:39:07.900000Z</time>
        <extensions>
          <gpxtpx:TrackPointExtension>
            <gpxtpx:hr>189</gpxtpx:hr>
          </gpxtpx:TrackPointExtension>
        </extensions>
      </trkpt>
      <trkpt lat="22.73251289034815" lon="113.96012539515162">
        <ele>49.44750628992915</ele>
        <time>1970-01-01T00:39:08.900000Z</time>
        <extensions>
          <gpxtpx:TrackPointExtension>
            <gpxtpx:hr>189</gpxtpx:hr>
          </gpxtpx:TrackPointExtension>
        </extensions>
      </trkpt>
      <trkpt lat="22.73251748258158" lon="113.9601517731346">
        <ele>49.486500868573785</ele>
        <time>1970-01-01T00:39:09.900000Z</time>
        <extensions>
          <gpxtpx:TrackPointExtension>
            <gpxtpx:hr>189</gpxtpx:hr>
          </gpxtpx:TrackPointExtension>
        </extensions>
      </trkpt>
      <trkpt lat="22.73252126706942" lon="113.96017777546649">
        <ele>49.52190767414868</ele>
        <time>1970-01-01T00:39:10.900000Z</time>
        <extensions>
          <gpxtpx:TrackPointExtension>
            <gpxtpx:hr>189</gpxtpx:hr>
          </gpxtpx:TrackPointExtension>
        </extensions>
      </trkpt>
      <trkpt lat="22.732524077182635" lon="113.96020315859573">
        <ele>49.553982177749276</ele>
        <time>1970-01-01T00:39:11.900000Z</time>
        <extensions>
          <gpxtpx:TrackPointExtension>
            <gpxtpx:hr>189</gpxtpx:hr>
          </gpxtpx:TrackPointExtension>
        </extensions>
      </trkpt>
      <trkpt lat="22.73252667071003" lon="113.96022828892988">
        <ele>49.58319167047739</ele>
        <time>1970-01-01T00:39:12.900000Z</time>
        <extensions>
          <gpxtpx:TrackPointExtension>
            <gpxtpx:hr>189</gpxtpx:hr>
          </gpxtpx:TrackPointExtension>
        </extensions>
      </trkpt>
      <trkpt lat="22.73252959368599" lon="113.96025368857207">
        <ele>49.61006649956107</ele>
        <time>1970-01-01T00:39:13.900000Z</time>
        <extensions>
          <gpxtpx:TrackPointExtension>
            <gpxtpx:hr>189</gpxtpx:hr>
          </gpxtpx:TrackPointExtension>
        </extensions>
      </trkpt>
      <trkpt lat="22.732533098166407" lon="113.9602795213832">
        <ele>49.63526956830174</ele>
        <time>1970-01-01T00:39:14.900000Z</time>
        <extensions>
          <gpxtpx:TrackPointExtension>
            <gpxtpx:hr>189</gpxtpx:hr>
          </gpxtpx:TrackPointExtension>
        </extensions>
      </trkpt>
      <trkpt lat="22.732537700742338" lon="113.96030552968195">
        <ele>49.65907052811235</ele>
        <time>1970-01-01T00:39:15.900000Z</time>
        <extensions>
          <gpxtpx:TrackPointExtension>
            <gpxtpx:hr>189</gpxtpx:hr>
          </gpxtpx:TrackPointExtension>
        </extensions>
      </trkpt>
      <trkpt lat="22.732543607139853" lon="113.96033129423311">
        <ele>49.68176821805537</ele>
        <time>1970-01-01T00:39:16.900000Z</time>
        <extensions>
          <gpxtpx:TrackPointExtension>
            <gpxtpx:hr>189</gpxtpx:hr>
          </gpxtpx:TrackPointExtension>
        </extensions>
      </trkpt>
      <trkpt lat="22.73255060704387" lon="113.96035699773122">
        <ele>49.70393077656627</ele>
        <time>1970-01-01T00:39:17.900000Z</time>
        <extensions>
          <gpxtpx:TrackPointExtension>
            <gpxtpx:hr>189</gpxtpx:hr>
          </gpxtpx:TrackPointExtension>
        </extensions>
      </trkpt>
      <trkpt lat="22.73255845938076" lon="113.96038293846328">
        <ele>49.726412784308195</ele>
        <time>1970-01-01T00:39:18.900000Z</time>
        <extensions>
          <gpxtpx:TrackPointExtension>
            <gpxtpx:hr>189</gpxtpx:hr>
          </gpxtpx:TrackPointExtension>
        </extensions>
      </trkpt>
      <trkpt lat="22.73256648573128" lon="113.96040953668522">
        <ele>49.74977677222341</ele>
        <time>1970-01-01T00:39:19.900000Z</time>
        <extensions>
          <gpxtpx:TrackPointExtension>
            <gpxtpx:hr>189</gpxtpx:hr>
          </gpxtpx:TrackPointExtension>
        </extensions>
      </trkpt>
      <trkpt lat="22.732573697018434" lon="113.96043653266722">
        <ele>49.774134151637554</ele>
        <time>1970-01-01T00:39:20.900000Z</time>
        <extensions>
          <gpxtpx:TrackPointExtension>
            <gpxtpx:hr>189</gpxtpx:hr>
          </gpxtpx:TrackPointExtension>
        </extensions>
      </trkpt>
      <trkpt lat="22.73258049664973" lon="113.96046349248655">
        <ele>49.7992252074182</ele>
        <time>1970-01-01T00:39:21.900000Z</time>
        <extensions>
          <gpxtpx:TrackPointExtension>
            <gpxtpx:hr>189</gpxtpx:hr>
          </gpxtpx:TrackPointExtension>
        </extensions>
      </trkpt>
      <trkpt lat="22.73258771100356" lon="113.96048998394346">
        <ele>49.82463469263166</ele>
        <time>1970-01-01T00:39:22.900000Z</time>
        <extensions>
          <gpxtpx:TrackPointExtension>
            <gpxtpx:hr>189</gpxtpx:hr>
          </gpxtpx:TrackPointExtension>
        </extensions>
      </trkpt>
      <trkpt lat="22.732596098510207" lon="113.96051584943203">
        <ele>49.849914462305605</ele>
        <time>1970-01-01T00:39:23.900000Z</time>
        <extensions>
          <gpxtpx:TrackPointExtension>
            <gpxtpx:hr>189</gpxtpx:hr>
          </gpxtpx:TrackPointExtension>
        </extensions>
      </trkpt>
      <trkpt lat="22.732605552354762" lon="113.96054093553586">
        <ele>49.87489260267466</ele>
        <time>1970-01-01T00:39:24.900000Z</time>
        <extensions>
          <gpxtpx:TrackPointExtension>
            <gpxtpx:hr>189</gpxtpx:hr>
          </gpxtpx:TrackPointExtension>
        </extensions>
      </trkpt>
      <trkpt lat="22.732615672362925" lon="113.96056542373397">
        <ele>49.899956808425486</ele>
        <time>1970-01-01T00:39:25.900000Z</time>
        <extensions>
          <gpxtpx:TrackPointExtension>
            <gpxtpx:hr>189</gpxtpx:hr>
          </gpxtpx:TrackPointExtension>
        </extensions>
      </trkpt>
      <trkpt lat="22.732626499145397" lon="113.96058974675877">
        <ele>49.92575215641409</ele>
        <time>1970-01-01T00:39:26.900000Z</time>
        <extensions>
          <gpxtpx:TrackPointExtension>
            <gpxtpx:hr>189</gpxtpx:hr>
          </gpxtpx:TrackPointExtension>
        </extensions>
      </trkpt>
      <trkpt lat="22.732637970913512" lon="113.96061350179633">
        <ele>49.95278601069003</ele>
        <time>1970-01-01T00:39:27.900000Z</time>
        <extensions>
          <gpxtpx:TrackPointExtension>
            <gpxtpx:hr>189</gpxtpx:hr>
          </gpxtpx:TrackPointExtension>
        </extensions>
      </trkpt>
      <trkpt lat="22.732650216019355" lon="113.96063648672153">
        <ele>49.98122192919254</ele>
        <time>1970-01-01T00:39:28.900000Z</time>
        <extensions>
          <gpxtpx:TrackPointExtension>
            <gpxtpx:hr>189</gpxtpx:hr>
          </gpxtpx:TrackPointExtension>
        </extensions>
      </trkpt>
      <trkpt lat="22.732663352671956" lon="113.96065898546574">
        <ele>50.01099005434662</ele>
        <time>1970-01-01T00:39:29.900000Z</time>
        <extensions>
          <gpxtpx:TrackPointExtension>
            <gpxtpx:hr>189</gpxtpx:hr>
          </gpxtpx:TrackPointExtension>
        </extensions>
      </trkpt>
      <trkpt lat="22.732676822219528" lon="113.96068180306689">
        <ele>50.041817523539066</ele>
        <time>1970-01-01T00:39:30.900000Z</time>
        <extensions>
          <gpxtpx:TrackPointExtension>
            <gpxtpx:hr>189</gpxtpx:hr>
          </gpxtpx:TrackPointExtension>
        </extensions>
      </trkpt>
      <trkpt lat="22.73268987793394" lon="113.96070480199718">
        <ele>50.0733880167827</ele>
        <time>1970-01-01T00:39:31.900000Z</time>
        <extensions>
          <gpxtpx:TrackPointExtension>
            <gpxtpx:hr>189</gpxtpx:hr>
          </gpxtpx:TrackPointExtension>
        </extensions>
      </trkpt>
      <trkpt lat="22.732702622397493" lon="113.96072794477678">
        <ele>50.10550684388727</ele>
        <time>1970-01-01T00:39:32.900000Z</time>
        <extensions>
          <gpxtpx:TrackPointExtension>
            <gpxtpx:hr>189</gpxtpx:hr>
          </gpxtpx:TrackPointExtension>
        </extensions>
      </trkpt>
      <trkpt lat="22.73271536789279" lon="113.96075131929292">
        <ele>50.13809339608997</ele>
        <time>1970-01-01T00:39:33.900000Z</time>
        <extensions>
          <gpxtpx:TrackPointExtension>
            <gpxtpx:hr>189</gpxtpx:hr>
          </gpxtpx:TrackPointExtension>
        </extensions>
      </trkpt>
      <trkpt lat="22.732728166236505" lon="113.96077463282302">
        <ele>50.17100958060473</ele>
        <time>1970-01-01T00:39:34.900000Z</time>
        <extensions>
          <gpxtpx:TrackPointExtension>
            <gpxtpx:hr>189</gpxtpx:hr>
          </gpxtpx:TrackPointExtension>
        </extensions>
      </trkpt>
      <trkpt lat="22.732741152439083" lon="113.9607969431287">
        <ele>50.20407088659704</ele>
        <time>1970-01-01T00:39:35.900000Z</time>
        <extensions>
          <gpxtpx:TrackPointExtension>
            <gpxtpx:hr>189</gpxtpx:hr>
          </gpxtpx:TrackPointExtension>
        </extensions>
      </trkpt>
      <trkpt lat="22.73275487145931" lon="113.96081790252609">
        <ele>50.23707364406437</ele>
        <time>1970-01-01T00:39:36.900000Z</time>
        <extensions>
          <gpxtpx:TrackPointExtension>
            <gpxtpx:hr>189</gpxtpx:hr>
          </gpxtpx:TrackPointExtension>
        </extensions>
      </trkpt>
      <trkpt lat="22.732769882348254" lon="113.96083780973288">
        <ele>50.26997632160783</ele>
        <time>1970-01-01T00:39:37.900000Z</time>
        <extensions>
          <gpxtpx:TrackPointExtension>
            <gpxtpx:hr>189</gpxtpx:hr>
          </gpxtpx:TrackPointExtension>
        </extensions>
      </trkpt>
      <trkpt lat="22.73278613207395" lon="113.96085644642929">
        <ele>50.302410220727324</ele>
        <time>1970-01-01T00:39:38.900000Z</time>
        <extensions>
          <gpxtpx:TrackPointExtension>
            <gpxtpx:hr>189</gpxtpx:hr>
          </gpxtpx:TrackPointExtension>
        </extensions>
      </trkpt>
      <trkpt lat="22.732803355886546" lon="113.96087333390814">
        <ele>50.33413453493267</ele>
        <time>1970-01-01T00:39:39.900000Z</time>
        <extensions>
          <gpxtpx:TrackPointExtension>
            <gpxtpx:hr>189</gpxtpx:hr>
          </gpxtpx:TrackPointExtension>
        </extensions>
      </trkpt>
      <trkpt lat="22.732821668389718" lon="113.96088767158778">
        <ele>50.365038310177624</ele>
        <time>1970-01-01T00:39:40.900000Z</time>
        <extensions>
          <gpxtpx:TrackPointExtension>
            <gpxtpx:hr>189</gpxtpx:hr>
          </gpxtpx:TrackPointExtension>
        </extensions>
      </trkpt>
      <trkpt lat="22.73284104729801" lon="113.96089855541496">
        <ele>50.395087025128305</ele>
        <time>1970-01-01T00:39:41.900000Z</time>
        <extensions>
          <gpxtpx:TrackPointExtension>
            <gpxtpx:hr>187</gpxtpx:hr>
          </gpxtpx:TrackPointExtension>
        </extensions>
      </trkpt>
      <trkpt lat="22.73286127650292" lon="113.96090507044528">
        <ele>50.424359031021595</ele>
        <time>1970-01-01T00:39:42.900000Z</time>
        <extensions>
          <gpxtpx:TrackPointExtension>
            <gpxtpx:hr>187</gpxtpx:hr>
          </gpxtpx:TrackPointExtension>
        </extensions>
      </trkpt>
      <trkpt lat="22.732882560777572" lon="113.96090711103187">
        <ele>50.45258422009647</ele>
        <time>1970-01-01T00:39:43.900000Z</time>
        <extensions>
          <gpxtpx:TrackPointExtension>
            <gpxtpx:hr>187</gpxtpx:hr>
          </gpxtpx:TrackPointExtension>
        </extensions>
      </trkpt>
      <trkpt lat="22.732904399652977" lon="113.9609042035176">
        <ele>50.47932816762477</ele>
        <time>1970-01-01T00:39:44.900000Z</time>
        <extensions>
          <gpxtpx:TrackPointExtension>
            <gpxtpx:hr>187</gpxtpx:hr>
          </gpxtpx:TrackPointExtension>
        </extensions>
      </trkpt>
      <trkpt lat="22.73292557864349" lon="113.96089627923719">
        <ele>50.50380871538073</ele>
        <time>1970-01-01T00:39:45.900000Z</time>
        <extensions>
          <gpxtpx:TrackPointExtension>
            <gpxtpx:hr>187</gpxtpx:hr>
          </gpxtpx:TrackPointExtension>
        </extensions>
      </trkpt>
      <trkpt lat="22.732944434862066" lon="113.96088394967819">
        <ele>50.5247647780925</ele>
        <time>1970-01-01T00:39:46.900000Z</time>
        <extensions>
          <gpxtpx:TrackPointExtension>
            <gpxtpx:hr>187</gpxtpx:hr>
          </gpxtpx:TrackPointExtension>
        </extensions>
      </trkpt>
      <trkpt lat="22.732960009276233" lon="113.96086759139821">
        <ele>50.541111084632576</ele>
        <time>1970-01-01T00:39:47.900000Z</time>
        <extensions>
          <gpxtpx:TrackPointExtension>
            <gpxtpx:hr>187</gpxtpx:hr>
          </gpxtpx:TrackPointExtension>
        </extensions>
      </trkpt>
      <trkpt lat="22.7329717025021" lon="113.96084715279535">
        <ele>50.55187315493822</ele>
        <time>1970-01-01T00:39:48.900000Z</time>
        <extensions>
          <gpxtpx:TrackPointExtension>
            <gpxtpx:hr>187</gpxtpx:hr>
          </gpxtpx:TrackPointExtension>
        </extensions>
      </trkpt>
      <trkpt lat="22.73297907146562" lon="113.96082271362273">
        <ele>50.55612151231617</ele>
        <time>1970-01-01T00:39:49.900000Z</time>
        <extensions>
          <gpxtpx:TrackPointExtension>
            <gpxtpx:hr>187</gpxtpx:hr>
          </gpxtpx:TrackPointExtension>
        </extensions>
      </trkpt>
      <trkpt lat="22.732981775140296" lon="113.96079499399197">
        <ele>50.55293009895831</ele>
        <time>1970-01-01T00:39:50.900000Z</time>
        <extensions>
          <gpxtpx:TrackPointExtension>
            <gpxtpx:hr>187</gpxtpx:hr>
          </gpxtpx:TrackPointExtension>
        </extensions>
      </trkpt>
      <trkpt lat="22.732979529225737" lon="113.9607654023688">
        <ele>50.541943069547415</ele>
        <time>1970-01-01T00:39:51.900000Z</time>
        <extensions>
          <gpxtpx:TrackPointExtension>
            <gpxtpx:hr>187</gpxtpx:hr>
          </gpxtpx:TrackPointExtension>
        </extensions>
      </trkpt>
      <trkpt lat="22.73297326678991" lon="113.96073590253089">
        <ele>50.52302949037403</ele>
        <time>1970-01-01T00:39:52.900000Z</time>
        <extensions>
          <gpxtpx:TrackPointExtension>
            <gpxtpx:hr>187</gpxtpx:hr>
          </gpxtpx:TrackPointExtension>
        </extensions>
      </trkpt>
      <trkpt lat="22.732963959169112" lon="113.96070775894704">
        <ele>50.49630052689463</ele>
        <time>1970-01-01T00:39:53.900000Z</time>
        <extensions>
          <gpxtpx:TrackPointExtension>
            <gpxtpx:hr>187</gpxtpx:hr>
          </gpxtpx:TrackPointExtension>
        </extensions>
      </trkpt>
      <trkpt lat="22.732952537246266" lon="113.96068033928321">
        <ele>50.46234426833689</ele>
        <time>1970-01-01T00:39:54.900000Z</time>
        <extensions>
          <gpxtpx:TrackPointExtension>
            <gpxtpx:hr>187</gpxtpx:hr>
          </gpxtpx:TrackPointExtension>
        </extensions>
      </trkpt>
      <trkpt lat="22.73294026018457" lon="113.96065335144179">
        <ele>50.42240952141583</ele>
        <time>1970-01-01T00:39:55.900000Z</time>
        <extensions>
          <gpxtpx:TrackPointExtension>
            <gpxtpx:hr>187</gpxtpx:hr>
          </gpxtpx:TrackPointExtension>
        </extensions>
      </trkpt>
      <trkpt lat="22.73292778026354" lon="113.96062733805076">
        <ele>50.37814875040203</ele>
        <time>1970-01-01T00:39:56.900000Z</time>
        <extensions>
          <gpxtpx:TrackPointExtension>
            <gpxtpx:hr>187</gpxtpx:hr>
          </gpxtpx:TrackPointExtension>
        </extensions>
      </trkpt>
      <trkpt lat="22.732914909049917" lon="113.96060219396543">
        <ele>50.33157103508711</ele>
        <time>1970-01-01T00:39:57.900000Z</time>
        <extensions>
          <gpxtpx:TrackPointExtension>
            <gpxtpx:hr>186</gpxtpx:hr>
          </gpxtpx:TrackPointExtension>
        </extensions>
      </trkpt>
      <trkpt lat="22.732901121347634" lon="113.96057681354648">
        <ele>50.28481596335769</ele>
        <time>1970-01-01T00:39:58.900000Z</time>
        <extensions>
          <gpxtpx:TrackPointExtension>
            <gpxtpx:hr>186</gpxtpx:hr>
          </gpxtpx:TrackPointExtension>
        </extensions>
      </trkpt>
      <trkpt lat="22.732886509738748" lon="113.9605513752147">
        <ele>50.23966720048338</ele>
        <time>1970-01-01T00:39:59.900000Z</time>
        <extensions>
          <gpxtpx:TrackPointExtension>
            <gpxtpx:hr>186</gpxtpx:hr>
          </gpxtpx:TrackPointExtension>
        </extensions>
      </trkpt>
      <trkpt lat="22.732871306095017" lon="113.9605262940535">
        <ele>50.19699453935027</ele>
        <time>1970-01-01T00:40:00.900000Z</time>
        <extensions>
          <gpxtpx:TrackPointExtension>
            <gpxtpx:hr>187</gpxtpx:hr>
          </gpxtpx:TrackPointExtension>
        </extensions>
      </trkpt>
      <trkpt lat="22.73285574777182" lon="113.96050128373399">
        <ele>50.156624618917704</ele>
        <time>1970-01-01T00:40:01.900000Z</time>
        <extensions>
          <gpxtpx:TrackPointExtension>
            <gpxtpx:hr>187</gpxtpx:hr>
          </gpxtpx:TrackPointExtension>
        </extensions>
      </trkpt>
      <trkpt lat="22.732839963311683" lon="113.96047612046019">
        <ele>50.117745383642614</ele>
        <time>1970-01-01T00:40:02.900000Z</time>
        <extensions>
          <gpxtpx:TrackPointExtension>
            <gpxtpx:hr>187</gpxtpx:hr>
          </gpxtpx:TrackPointExtension>
        </extensions>
      </trkpt>
      <trkpt lat="22.732824227865667" lon="113.96045086474545">
        <ele>50.07943026255816</ele>
        <time>1970-01-01T00:40:03.900000Z</time>
        <extensions>
          <gpxtpx:TrackPointExtension>
            <gpxtpx:hr>187</gpxtpx:hr>
          </gpxtpx:TrackPointExtension>
        </extensions>
      </trkpt>
      <trkpt lat="22.73280896245238" lon="113.96042525840231">
        <ele>50.04094474762678</ele>
        <time>1970-01-01T00:40:04.900000Z</time>
        <extensions>
          <gpxtpx:TrackPointExtension>
            <gpxtpx:hr>187</gpxtpx:hr>
          </gpxtpx:TrackPointExtension>
        </extensions>
      </trkpt>
      <trkpt lat="22.732794439221646" lon="113.96039979715222">
        <ele>50.001816920004785</ele>
        <time>1970-01-01T00:40:05.900000Z</time>
        <extensions>
          <gpxtpx:TrackPointExtension>
            <gpxtpx:hr>187</gpxtpx:hr>
          </gpxtpx:TrackPointExtension>
        </extensions>
      </trkpt>
      <trkpt lat="22.732780684087572" lon="113.9603746746679">
        <ele>49.962161087431014</ele>
        <time>1970-01-01T00:40:06.900000Z</time>
        <extensions>
          <gpxtpx:TrackPointExtension>
            <gpxtpx:hr>187</gpxtpx:hr>
          </gpxtpx:TrackPointExtension>
        </extensions>
      </trkpt>
      <trkpt lat="22.732767891991944" lon="113.9603495333491">
        <ele>49.92236140090972</ele>
        <time>1970-01-01T00:40:07.900000Z</time>
        <extensions>
          <gpxtpx:TrackPointExtension>
            <gpxtpx:hr>187</gpxtpx:hr>
          </gpxtpx:TrackPointExtension>
        </extensions>
      </trkpt>
      <trkpt lat="22.732756347290493" lon="113.96032449202389">
        <ele>49.88280472904444</ele>
        <time>1970-01-01T00:40:08.900000Z</time>
        <extensions>
          <gpxtpx:TrackPointExtension>
            <gpxtpx:hr>187</gpxtpx:hr>
          </gpxtpx:TrackPointExtension>
        </extensions>
      </trkpt>
      <trkpt lat="22.732746382445544" lon="113.96029908514446">
        <ele>49.84376919642091</ele>
        <time>1970-01-01T00:40:09.900000Z</time>
        <extensions>
          <gpxtpx:TrackPointExtension>
            <gpxtpx:hr>187</gpxtpx:hr>
          </gpxtpx:TrackPointExtension>
        </extensions>
      </trkpt>
      <trkpt lat="22.732739130569687" lon="113.96027294845406">
        <ele>49.80546558089554</ele>
        <time>1970-01-01T00:40:10.900000Z</time>
        <extensions>
          <gpxtpx:TrackPointExtension>
            <gpxtpx:hr>187</gpxtpx:hr>
          </gpxtpx:TrackPointExtension>
        </extensions>
      </trkpt>
      <trkpt lat="22.732733665962765" lon="113.96024592977633">
        <ele>49.76815361343324</ele>
        <time>1970-01-01T00:40:11.900000Z</time>
        <extensions>
          <gpxtpx:TrackPointExtension>
            <gpxtpx:hr>187</gpxtpx:hr>
          </gpxtpx:TrackPointExtension>
        </extensions>
      </trkpt>
      <trkpt lat="22.73272823517969" lon="113.96021862921084">
        <ele>49.7320995721966</ele>
        <time>1970-01-01T00:40:12.900000Z</time>
        <extensions>
          <gpxtpx:TrackPointExtension>
            <gpxtpx:hr>187</gpxtpx:hr>
          </gpxtpx:TrackPointExtension>
        </extensions>
      </trkpt>
      <trkpt lat="22.73272258058054" lon="113.96019112792372">
        <ele>49.697496462613344</ele>
        <time>1970-01-01T00:40:13.900000Z</time>
        <extensions>
          <gpxtpx:TrackPointExtension>
            <gpxtpx:hr>187</gpxtpx:hr>
          </gpxtpx:TrackPointExtension>
        </extensions>
      </trkpt>
      <trkpt lat="22.732716526576844" lon="113.96016412533508">
        <ele>49.66431551147252</ele>
        <time>1970-01-01T00:40:14.900000Z</time>
        <extensions>
          <gpxtpx:TrackPointExtension>
            <gpxtpx:hr>187</gpxtpx:hr>
          </gpxtpx:TrackPointExtension>
        </extensions>
      </trkpt>
      <trkpt lat="22.732710162910024" lon="113.96013772423422">
        <ele>49.63233886286616</ele>
        <time>1970-01-01T00:40:15.900000Z</time>
        <extensions>
          <gpxtpx:TrackPointExtension>
            <gpxtpx:hr>187</gpxtpx:hr>
          </gpxtpx:TrackPointExtension>
        </extensions>
      </trkpt>
      <trkpt lat="22.732703816495786" lon="113.96011221126685">
        <ele>49.601093688979745</ele>
        <time>1970-01-01T00:40:16.900000Z</time>
        <extensions>
          <gpxtpx:TrackPointExtension>
            <gpxtpx:hr>186</gpxtpx:hr>
          </gpxtpx:TrackPointExtension>
        </extensions>
      </trkpt>
      <trkpt lat="22.732697665715666" lon="113.96008679578469">
        <ele>49.569946265779436</ele>
        <time>1970-01-01T00:40:17.900000Z</time>
        <extensions>
          <gpxtpx:TrackPointExtension>
            <gpxtpx:hr>186</gpxtpx:hr>
          </gpxtpx:TrackPointExtension>
        </extensions>
      </trkpt>
      <trkpt lat="22.732691704599432" lon="113.96006049895513">
        <ele>49.53832261636853</ele>
        <time>1970-01-01T00:40:18.900000Z</time>
        <extensions>
          <gpxtpx:TrackPointExtension>
            <gpxtpx:hr>186</gpxtpx:hr>
          </gpxtpx:TrackPointExtension>
        </extensions>
      </trkpt>
      <trkpt lat="22.732686034583136" lon="113.96003393722398">
        <ele>49.50601912941784</ele>
        <time>1970-01-01T00:40:19.900000Z</time>
        <extensions>
          <gpxtpx:TrackPointExtension>
            <gpxtpx:hr>186</gpxtpx:hr>
          </gpxtpx:TrackPointExtension>
        </extensions>
      </trkpt>
      <trkpt lat="22.732680644168404" lon="113.96000758713325">
        <ele>49.473075094632804</ele>
        <time>1970-01-01T00:40:20.900000Z</time>
        <extensions>
          <gpxtpx:TrackPointExtension>
            <gpxtpx:hr>185</gpxtpx:hr>
          </gpxtpx:TrackPointExtension>
        </extensions>
      </trkpt>
      <trkpt lat="22.732675617922876" lon="113.95998112249946">
        <ele>49.43928911816329</ele>
        <time>1970-01-01T00:40:21.900000Z</time>
        <extensions>
          <gpxtpx:TrackPointExtension>
            <gpxtpx:hr>185</gpxtpx:hr>
          </gpxtpx:TrackPointExtension>
        </extensions>
      </trkpt>
      <trkpt lat="22.732670857964568" lon="113.95995445988513">
        <ele>49.40440715663135</ele>
        <time>1970-01-01T00:40:22.900000Z</time>
        <extensions>
          <gpxtpx:TrackPointExtension>
            <gpxtpx:hr>185</gpxtpx:hr>
          </gpxtpx:TrackPointExtension>
        </extensions>
      </trkpt>
      <trkpt lat="22.732665751753558" lon="113.959927960635">
        <ele>49.36831119842827</ele>
        <time>1970-01-01T00:40:23.900000Z</time>
        <extensions>
          <gpxtpx:TrackPointExtension>
            <gpxtpx:hr>185</gpxtpx:hr>
          </gpxtpx:TrackPointExtension>
        </extensions>
      </trkpt>
      <trkpt lat="22.73265996942892" lon="113.95990114294034">
        <ele>49.33122153673321</ele>
        <time>1970-01-01T00:40:24.900000Z</time>
        <extensions>
          <gpxtpx:TrackPointExtension>
            <gpxtpx:hr>185</gpxtpx:hr>
          </gpxtpx:TrackPointExtension>
        </extensions>
      </trkpt>
      <trkpt lat="22.732653746105054" lon="113.95987376449942">
        <ele>49.293513781391084</ele>
        <time>1970-01-01T00:40:25.900000Z</time>
        <extensions>
          <gpxtpx:TrackPointExtension>
            <gpxtpx:hr>185</gpxtpx:hr>
          </gpxtpx:TrackPointExtension>
        </extensions>
      </trkpt>
      <trkpt lat="22.73264714952491" lon="113.95984588532134">
        <ele>49.25545140448958</ele>
        <time>1970-01-01T00:40:26.900000Z</time>
        <extensions>
          <gpxtpx:TrackPointExtension>
            <gpxtpx:hr>185</gpxtpx:hr>
          </gpxtpx:TrackPointExtension>
        </extensions>
      </trkpt>
      <trkpt lat="22.732641174659673" lon="113.95981944784273">
        <ele>49.227317137643695</ele>
        <time>1970-01-01T00:40:27.900000Z</time>
        <extensions>
          <gpxtpx:TrackPointExtension>
            <gpxtpx:hr>185</gpxtpx:hr>
          </gpxtpx:TrackPointExtension>
        </extensions>
      </trkpt>
      <trkpt lat="22.732635913379774" lon="113.959792537344">
        <ele>49.19893259741366</ele>
        <time>1970-01-01T00:40:28.900000Z</time>
        <extensions>
          <gpxtpx:TrackPointExtension>
            <gpxtpx:hr>185</gpxtpx:hr>
          </gpxtpx:TrackPointExtension>
        </extensions>
      </trkpt>
      <trkpt lat="22.732631028313282" lon="113.95976565378393">
        <ele>49.16903625242412</ele>
        <time>1970-01-01T00:40:29.900000Z</time>
        <extensions>
          <gpxtpx:TrackPointExtension>
            <gpxtpx:hr>185</gpxtpx:hr>
          </gpxtpx:TrackPointExtension>
        </extensions>
      </trkpt>
      <trkpt lat="22.732625723982757" lon="113.95973912241999">
        <ele>49.13725378084928</ele>
        <time>1970-01-01T00:40:30.900000Z</time>
        <extensions>
          <gpxtpx:TrackPointExtension>
            <gpxtpx:hr>185</gpxtpx:hr>
          </gpxtpx:TrackPointExtension>
        </extensions>
      </trkpt>
      <trkpt lat="22.73261957676442" lon="113.95971381726763">
        <ele>49.103333132341504</ele>
        <time>1970-01-01T00:40:31.900000Z</time>
        <extensions>
          <gpxtpx:TrackPointExtension>
            <gpxtpx:hr>185</gpxtpx:hr>
          </gpxtpx:TrackPointExtension>
        </extensions>
      </trkpt>
      <trkpt lat="22.73261243508613" lon="113.95968999938042">
        <ele>49.066360485740006</ele>
        <time>1970-01-01T00:40:32.900000Z</time>
        <extensions>
          <gpxtpx:TrackPointExtension>
            <gpxtpx:hr>185</gpxtpx:hr>
          </gpxtpx:TrackPointExtension>
        </extensions>
      </trkpt>
      <trkpt lat="22.73260490588324" lon="113.9596666508396">
        <ele>49.02404832933098</ele>
        <time>1970-01-01T00:40:33.900000Z</time>
        <extensions>
          <gpxtpx:TrackPointExtension>
            <gpxtpx:hr>186</gpxtpx:hr>
          </gpxtpx:TrackPointExtension>
        </extensions>
      </trkpt>
      <trkpt lat="22.732597644465137" lon="113.95964282922678">
        <ele>48.972138435579836</ele>
        <time>1970-01-01T00:40:34.900000Z</time>
        <extensions>
          <gpxtpx:TrackPointExtension>
            <gpxtpx:hr>186</gpxtpx:hr>
          </gpxtpx:TrackPointExtension>
        </extensions>
      </trkpt>
      <trkpt lat="22.732590498171966" lon="113.95961858644355">
        <ele>48.904166146181524</ele>
        <time>1970-01-01T00:40:35.900000Z</time>
        <extensions>
          <gpxtpx:TrackPointExtension>
            <gpxtpx:hr>186</gpxtpx:hr>
          </gpxtpx:TrackPointExtension>
        </extensions>
      </trkpt>
      <trkpt lat="22.732583121381843" lon="113.95959365515174">
        <ele>48.81086469441652</ele>
        <time>1970-01-01T00:40:36.900000Z</time>
        <extensions>
          <gpxtpx:TrackPointExtension>
            <gpxtpx:hr>186</gpxtpx:hr>
          </gpxtpx:TrackPointExtension>
        </extensions>
      </trkpt>
      <trkpt lat="22.73258306651937" lon="113.9595933789651">
        <ele>48.81623883266002</ele>
        <time>1970-01-01T00:40:36.900000Z</time>
        <extensions>
          <gpxtpx:TrackPointExtension>
            <gpxtpx:hr>186</gpxtpx:hr>
          </gpxtpx:TrackPointExtension>
        </extensions>
      </trkpt>
      <trkpt lat="22.73257567773675" lon="113.95956771758664">
        <ele>48.72527454607189</ele>
        <time>1970-01-01T00:40:37.900000Z</time>
        <extensions>
          <gpxtpx:TrackPointExtension>
            <gpxtpx:hr>185</gpxtpx:hr>
          </gpxtpx:TrackPointExtension>
        </extensions>
      </trkpt>
      <trkpt lat="22.73256846865406" lon="113.95954161356501">
        <ele>48.66322063282132</ele>
        <time>1970-01-01T00:40:38.900000Z</time>
        <extensions>
          <gpxtpx:TrackPointExtension>
            <gpxtpx:hr>185</gpxtpx:hr>
          </gpxtpx:TrackPointExtension>
        </extensions>
      </trkpt>
      <trkpt lat="22.732561779651057" lon="113.95951510859129">
        <ele>48.61975275911391</ele>
        <time>1970-01-01T00:40:39.900000Z</time>
        <extensions>
          <gpxtpx:TrackPointExtension>
            <gpxtpx:hr>185</gpxtpx:hr>
          </gpxtpx:TrackPointExtension>
        </extensions>
      </trkpt>
      <trkpt lat="22.732556166948996" lon="113.95948849282868">
        <ele>48.587237742729485</ele>
        <time>1970-01-01T00:40:40.900000Z</time>
        <extensions>
          <gpxtpx:TrackPointExtension>
            <gpxtpx:hr>185</gpxtpx:hr>
          </gpxtpx:TrackPointExtension>
        </extensions>
      </trkpt>
      <trkpt lat="22.732551218055804" lon="113.95946104336427">
        <ele>48.560458357445896</ele>
        <time>1970-01-01T00:40:41.900000Z</time>
        <extensions>
          <gpxtpx:TrackPointExtension>
            <gpxtpx:hr>185</gpxtpx:hr>
          </gpxtpx:TrackPointExtension>
        </extensions>
      </trkpt>
      <trkpt lat="22.732546369559458" lon="113.9594320950687">
        <ele>48.53614540863782</ele>
        <time>1970-01-01T00:40:42.900000Z</time>
        <extensions>
          <gpxtpx:TrackPointExtension>
            <gpxtpx:hr>185</gpxtpx:hr>
          </gpxtpx:TrackPointExtension>
        </extensions>
      </trkpt>
      <trkpt lat="22.732541520734387" lon="113.95940212120425">
        <ele>48.51234993617982</ele>
        <time>1970-01-01T00:40:43.900000Z</time>
        <extensions>
          <gpxtpx:TrackPointExtension>
            <gpxtpx:hr>185</gpxtpx:hr>
          </gpxtpx:TrackPointExtension>
        </extensions>
      </trkpt>
      <trkpt lat="22.732536303904222" lon="113.9593723711136">
        <ele>48.48783346451819</ele>
        <time>1970-01-01T00:40:44.900000Z</time>
        <extensions>
          <gpxtpx:TrackPointExtension>
            <gpxtpx:hr>185</gpxtpx:hr>
          </gpxtpx:TrackPointExtension>
        </extensions>
      </trkpt>
      <trkpt lat="22.73253009116356" lon="113.95934377621435">
        <ele>48.461971211247146</ele>
        <time>1970-01-01T00:40:45.900000Z</time>
        <extensions>
          <gpxtpx:TrackPointExtension>
            <gpxtpx:hr>185</gpxtpx:hr>
          </gpxtpx:TrackPointExtension>
        </extensions>
      </trkpt>
      <trkpt lat="22.73252329201153" lon="113.95931627563323">
        <ele>48.43467566836625</ele>
        <time>1970-01-01T00:40:46.900000Z</time>
        <extensions>
          <gpxtpx:TrackPointExtension>
            <gpxtpx:hr>185</gpxtpx:hr>
          </gpxtpx:TrackPointExtension>
        </extensions>
      </trkpt>
      <trkpt lat="22.732516423504336" lon="113.95928947045924">
        <ele>48.40591641049832</ele>
        <time>1970-01-01T00:40:47.900000Z</time>
        <extensions>
          <gpxtpx:TrackPointExtension>
            <gpxtpx:hr>186</gpxtpx:hr>
          </gpxtpx:TrackPointExtension>
        </extensions>
      </trkpt>
      <trkpt lat="22.73250925905978" lon="113.95926231283333">
        <ele>48.37563373707235</ele>
        <time>1970-01-01T00:40:48.900000Z</time>
        <extensions>
          <gpxtpx:TrackPointExtension>
            <gpxtpx:hr>186</gpxtpx:hr>
          </gpxtpx:TrackPointExtension>
        </extensions>
      </trkpt>
      <trkpt lat="22.73250150435121" lon="113.95923414278317">
        <ele>48.34399142395705</ele>
        <time>1970-01-01T00:40:49.900000Z</time>
        <extensions>
          <gpxtpx:TrackPointExtension>
            <gpxtpx:hr>186</gpxtpx:hr>
          </gpxtpx:TrackPointExtension>
        </extensions>
      </trkpt>
      <trkpt lat="22.732493229499017" lon="113.95920570728089">
        <ele>48.31112166121602</ele>
        <time>1970-01-01T00:40:50.900000Z</time>
        <extensions>
          <gpxtpx:TrackPointExtension>
            <gpxtpx:hr>186</gpxtpx:hr>
          </gpxtpx:TrackPointExtension>
        </extensions>
      </trkpt>
      <trkpt lat="22.732484766711732" lon="113.959177448046">
        <ele>48.27694668620825</ele>
        <time>1970-01-01T00:40:51.900000Z</time>
        <extensions>
          <gpxtpx:TrackPointExtension>
            <gpxtpx:hr>186</gpxtpx:hr>
          </gpxtpx:TrackPointExtension>
        </extensions>
      </trkpt>
      <trkpt lat="22.732476533925233" lon="113.9591488701699">
        <ele>48.241136798635125</ele>
        <time>1970-01-01T00:40:52.900000Z</time>
        <extensions>
          <gpxtpx:TrackPointExtension>
            <gpxtpx:hr>186</gpxtpx:hr>
          </gpxtpx:TrackPointExtension>
        </extensions>
      </trkpt>
      <trkpt lat="22.732468467696823" lon="113.95911991023416">
        <ele>48.20330749358982</ele>
        <time>1970-01-01T00:40:53.900000Z</time>
        <extensions>
          <gpxtpx:TrackPointExtension>
            <gpxtpx:hr>186</gpxtpx:hr>
          </gpxtpx:TrackPointExtension>
        </extensions>
      </trkpt>
      <trkpt lat="22.732460394375234" lon="113.95909101822429">
        <ele>48.163389638997614</ele>
        <time>1970-01-01T00:40:54.900000Z</time>
        <extensions>
          <gpxtpx:TrackPointExtension>
            <gpxtpx:hr>186</gpxtpx:hr>
          </gpxtpx:TrackPointExtension>
        </extensions>
      </trkpt>
      <trkpt lat="22.732452244740653" lon="113.95906212381188">
        <ele>48.12178021483123</ele>
        <time>1970-01-01T00:40:55.900000Z</time>
        <extensions>
          <gpxtpx:TrackPointExtension>
            <gpxtpx:hr>186</gpxtpx:hr>
          </gpxtpx:TrackPointExtension>
        </extensions>
      </trkpt>
      <trkpt lat="22.732443837968393" lon="113.95903328680906">
        <ele>48.07944248151034</ele>
        <time>1970-01-01T00:40:56.900000Z</time>
        <extensions>
          <gpxtpx:TrackPointExtension>
            <gpxtpx:hr>186</gpxtpx:hr>
          </gpxtpx:TrackPointExtension>
        </extensions>
      </trkpt>
      <trkpt lat="22.732435608304193" lon="113.9590048976905">
        <ele>48.03746543452144</ele>
        <time>1970-01-01T00:40:57.900000Z</time>
        <extensions>
          <gpxtpx:TrackPointExtension>
            <gpxtpx:hr>186</gpxtpx:hr>
          </gpxtpx:TrackPointExtension>
        </extensions>
      </trkpt>
      <trkpt lat="22.732427950481014" lon="113.95897707360857">
        <ele>47.99687125347555</ele>
        <time>1970-01-01T00:40:58.900000Z</time>
        <extensions>
          <gpxtpx:TrackPointExtension>
            <gpxtpx:hr>186</gpxtpx:hr>
          </gpxtpx:TrackPointExtension>
        </extensions>
      </trkpt>
      <trkpt lat="22.732420560400573" lon="113.95894937188966">
        <ele>47.95826591178775</ele>
        <time>1970-01-01T00:40:59.900000Z</time>
        <extensions>
          <gpxtpx:TrackPointExtension>
            <gpxtpx:hr>186</gpxtpx:hr>
          </gpxtpx:TrackPointExtension>
        </extensions>
      </trkpt>
      <trkpt lat="22.732412834620142" lon="113.95892148027363">
        <ele>47.92182016558945</ele>
        <time>1970-01-01T00:41:00.900000Z</time>
        <extensions>
          <gpxtpx:TrackPointExtension>
            <gpxtpx:hr>186</gpxtpx:hr>
          </gpxtpx:TrackPointExtension>
        </extensions>
      </trkpt>
      <trkpt lat="22.73240447570559" lon="113.95889339086195">
        <ele>47.887540489435196</ele>
        <time>1970-01-01T00:41:01.900000Z</time>
        <extensions>
          <gpxtpx:TrackPointExtension>
            <gpxtpx:hr>187</gpxtpx:hr>
          </gpxtpx:TrackPointExtension>
        </extensions>
      </trkpt>
      <trkpt lat="22.732395735712824" lon="113.95886550590123">
        <ele>47.85502968356013</ele>
        <time>1970-01-01T00:41:02.900000Z</time>
        <extensions>
          <gpxtpx:TrackPointExtension>
            <gpxtpx:hr>187</gpxtpx:hr>
          </gpxtpx:TrackPointExtension>
        </extensions>
      </trkpt>
      <trkpt lat="22.73238731869383" lon="113.95883813638315">
        <ele>47.82365046907216</ele>
        <time>1970-01-01T00:41:03.900000Z</time>
        <extensions>
          <gpxtpx:TrackPointExtension>
            <gpxtpx:hr>187</gpxtpx:hr>
          </gpxtpx:TrackPointExtension>
        </extensions>
      </trkpt>
      <trkpt lat="22.732379768638918" lon="113.95881098787096">
        <ele>47.792622435837984</ele>
        <time>1970-01-01T00:41:04.900000Z</time>
        <extensions>
          <gpxtpx:TrackPointExtension>
            <gpxtpx:hr>187</gpxtpx:hr>
          </gpxtpx:TrackPointExtension>
        </extensions>
      </trkpt>
      <trkpt lat="22.7323729813244" lon="113.9587834808339">
        <ele>47.7612672271207</ele>
        <time>1970-01-01T00:41:05.900000Z</time>
        <extensions>
          <gpxtpx:TrackPointExtension>
            <gpxtpx:hr>187</gpxtpx:hr>
          </gpxtpx:TrackPointExtension>
        </extensions>
      </trkpt>
      <trkpt lat="22.732366906996585" lon="113.95875542101066">
        <ele>47.729069284163415</ele>
        <time>1970-01-01T00:41:06.900000Z</time>
        <extensions>
          <gpxtpx:TrackPointExtension>
            <gpxtpx:hr>187</gpxtpx:hr>
          </gpxtpx:TrackPointExtension>
        </extensions>
      </trkpt>
      <trkpt lat="22.732361759709278" lon="113.95872675933553">
        <ele>47.695774531923234</ele>
        <time>1970-01-01T00:41:07.900000Z</time>
        <extensions>
          <gpxtpx:TrackPointExtension>
            <gpxtpx:hr>187</gpxtpx:hr>
          </gpxtpx:TrackPointExtension>
        </extensions>
      </trkpt>
      <trkpt lat="22.732357219248414" lon="113.95869745285728">
        <ele>47.66133581660688</ele>
        <time>1970-01-01T00:41:08.900000Z</time>
        <extensions>
          <gpxtpx:TrackPointExtension>
            <gpxtpx:hr>187</gpxtpx:hr>
          </gpxtpx:TrackPointExtension>
        </extensions>
      </trkpt>
      <trkpt lat="22.732352372849615" lon="113.95866786169834">
        <ele>47.62583880033344</ele>
        <time>1970-01-01T00:41:09.900000Z</time>
        <extensions>
          <gpxtpx:TrackPointExtension>
            <gpxtpx:hr>187</gpxtpx:hr>
          </gpxtpx:TrackPointExtension>
        </extensions>
      </trkpt>
      <trkpt lat="22.732346463049122" lon="113.95863822887296">
        <ele>47.589618287049234</ele>
        <time>1970-01-01T00:41:10.900000Z</time>
        <extensions>
          <gpxtpx:TrackPointExtension>
            <gpxtpx:hr>187</gpxtpx:hr>
          </gpxtpx:TrackPointExtension>
        </extensions>
      </trkpt>
      <trkpt lat="22.7323389362145" lon="113.95860814606051">
        <ele>47.55341486260295</ele>
        <time>1970-01-01T00:41:11.900000Z</time>
        <extensions>
          <gpxtpx:TrackPointExtension>
            <gpxtpx:hr>187</gpxtpx:hr>
          </gpxtpx:TrackPointExtension>
        </extensions>
      </trkpt>
      <trkpt lat="22.73232981044203" lon="113.95857766147854">
        <ele>47.51788728218526</ele>
        <time>1970-01-01T00:41:12.900000Z</time>
        <extensions>
          <gpxtpx:TrackPointExtension>
            <gpxtpx:hr>187</gpxtpx:hr>
          </gpxtpx:TrackPointExtension>
        </extensions>
      </trkpt>
      <trkpt lat="22.732319694473347" lon="113.95854767491443">
        <ele>47.48360605724156</ele>
        <time>1970-01-01T00:41:13.900000Z</time>
        <extensions>
          <gpxtpx:TrackPointExtension>
            <gpxtpx:hr>187</gpxtpx:hr>
          </gpxtpx:TrackPointExtension>
        </extensions>
      </trkpt>
      <trkpt lat="22.732309280966415" lon="113.95851939167666">
        <ele>47.45084370393306</ele>
        <time>1970-01-01T00:41:14.900000Z</time>
        <extensions>
          <gpxtpx:TrackPointExtension>
            <gpxtpx:hr>187</gpxtpx:hr>
          </gpxtpx:TrackPointExtension>
        </extensions>
      </trkpt>
      <trkpt lat="22.732299068128743" lon="113.95849250955156">
        <ele>47.41949959285557</ele>
        <time>1970-01-01T00:41:15.900000Z</time>
        <extensions>
          <gpxtpx:TrackPointExtension>
            <gpxtpx:hr>187</gpxtpx:hr>
          </gpxtpx:TrackPointExtension>
        </extensions>
      </trkpt>
      <trkpt lat="22.73228928183874" lon="113.9584658460653">
        <ele>47.38918719161302</ele>
        <time>1970-01-01T00:41:16.900000Z</time>
        <extensions>
          <gpxtpx:TrackPointExtension>
            <gpxtpx:hr>187</gpxtpx:hr>
          </gpxtpx:TrackPointExtension>
        </extensions>
      </trkpt>
      <trkpt lat="22.732280611221547" lon="113.95843964834107">
        <ele>47.359265252016485</ele>
        <time>1970-01-01T00:41:17.900000Z</time>
        <extensions>
          <gpxtpx:TrackPointExtension>
            <gpxtpx:hr>187</gpxtpx:hr>
          </gpxtpx:TrackPointExtension>
        </extensions>
      </trkpt>
      <trkpt lat="22.73227380420848" lon="113.95841408571219">
        <ele>47.328875824809074</ele>
        <time>1970-01-01T00:41:18.900000Z</time>
        <extensions>
          <gpxtpx:TrackPointExtension>
            <gpxtpx:hr>187</gpxtpx:hr>
          </gpxtpx:TrackPointExtension>
        </extensions>
      </trkpt>
      <trkpt lat="22.732268680551478" lon="113.95838860269748">
        <ele>47.29695407953113</ele>
        <time>1970-01-01T00:41:19.900000Z</time>
        <extensions>
          <gpxtpx:TrackPointExtension>
            <gpxtpx:hr>187</gpxtpx:hr>
          </gpxtpx:TrackPointExtension>
        </extensions>
      </trkpt>
      <trkpt lat="22.732264431136706" lon="113.95836313146152">
        <ele>47.262507600709796</ele>
        <time>1970-01-01T00:41:20.900000Z</time>
        <extensions>
          <gpxtpx:TrackPointExtension>
            <gpxtpx:hr>185</gpxtpx:hr>
          </gpxtpx:TrackPointExtension>
        </extensions>
      </trkpt>
      <trkpt lat="22.73225990289138" lon="113.95833772711116">
        <ele>47.2248295256868</ele>
        <time>1970-01-01T00:41:21.900000Z</time>
        <extensions>
          <gpxtpx:TrackPointExtension>
            <gpxtpx:hr>185</gpxtpx:hr>
          </gpxtpx:TrackPointExtension>
        </extensions>
      </trkpt>
      <trkpt lat="22.732254352187212" lon="113.95831210107758">
        <ele>47.183721454814076</ele>
        <time>1970-01-01T00:41:22.900000Z</time>
        <extensions>
          <gpxtpx:TrackPointExtension>
            <gpxtpx:hr>185</gpxtpx:hr>
          </gpxtpx:TrackPointExtension>
        </extensions>
      </trkpt>
      <trkpt lat="22.73224799557077" lon="113.95828615067916">
        <ele>47.13942913711071</ele>
        <time>1970-01-01T00:41:23.900000Z</time>
        <extensions>
          <gpxtpx:TrackPointExtension>
            <gpxtpx:hr>185</gpxtpx:hr>
          </gpxtpx:TrackPointExtension>
        </extensions>
      </trkpt>
      <trkpt lat="22.73224139897443" lon="113.95826076818584">
        <ele>47.09233889915049</ele>
        <time>1970-01-01T00:41:24.900000Z</time>
        <extensions>
          <gpxtpx:TrackPointExtension>
            <gpxtpx:hr>185</gpxtpx:hr>
          </gpxtpx:TrackPointExtension>
        </extensions>
      </trkpt>
      <trkpt lat="22.73223449242324" lon="113.95823646873943">
        <ele>47.04317373409867</ele>
        <time>1970-01-01T00:41:25.900000Z</time>
        <extensions>
          <gpxtpx:TrackPointExtension>
            <gpxtpx:hr>185</gpxtpx:hr>
          </gpxtpx:TrackPointExtension>
        </extensions>
      </trkpt>
      <trkpt lat="22.732227238885848" lon="113.95821239640803">
        <ele>46.99270914774388</ele>
        <time>1970-01-01T00:41:26.900000Z</time>
        <extensions>
          <gpxtpx:TrackPointExtension>
            <gpxtpx:hr>185</gpxtpx:hr>
          </gpxtpx:TrackPointExtension>
        </extensions>
      </trkpt>
      <trkpt lat="22.732219881614395" lon="113.95818714417535">
        <ele>46.94174985960126</ele>
        <time>1970-01-01T00:41:27.900000Z</time>
        <extensions>
          <gpxtpx:TrackPointExtension>
            <gpxtpx:hr>185</gpxtpx:hr>
          </gpxtpx:TrackPointExtension>
        </extensions>
      </trkpt>
      <trkpt lat="22.7322121889164" lon="113.95815982621546">
        <ele>46.89106836076826</ele>
        <time>1970-01-01T00:41:28.900000Z</time>
        <extensions>
          <gpxtpx:TrackPointExtension>
            <gpxtpx:hr>185</gpxtpx:hr>
          </gpxtpx:TrackPointExtension>
        </extensions>
      </trkpt>
      <trkpt lat="22.732203461393997" lon="113.95812959403511">
        <ele>46.84152018465102</ele>
        <time>1970-01-01T00:41:29.900000Z</time>
        <extensions>
          <gpxtpx:TrackPointExtension>
            <gpxtpx:hr>185</gpxtpx:hr>
          </gpxtpx:TrackPointExtension>
        </extensions>
      </trkpt>
      <trkpt lat="22.73219390706902" lon="113.95809713153622">
        <ele>46.79338616412133</ele>
        <time>1970-01-01T00:41:30.900000Z</time>
        <extensions>
          <gpxtpx:TrackPointExtension>
            <gpxtpx:hr>185</gpxtpx:hr>
          </gpxtpx:TrackPointExtension>
        </extensions>
      </trkpt>
      <trkpt lat="22.732184235800293" lon="113.95806415630847">
        <ele>46.74673224054277</ele>
        <time>1970-01-01T00:41:31.900000Z</time>
        <extensions>
          <gpxtpx:TrackPointExtension>
            <gpxtpx:hr>186</gpxtpx:hr>
          </gpxtpx:TrackPointExtension>
        </extensions>
      </trkpt>
      <trkpt lat="22.73217436052792" lon="113.95803149348998">
        <ele>46.70156170986593</ele>
        <time>1970-01-01T00:41:32.900000Z</time>
        <extensions>
          <gpxtpx:TrackPointExtension>
            <gpxtpx:hr>186</gpxtpx:hr>
          </gpxtpx:TrackPointExtension>
        </extensions>
      </trkpt>
      <trkpt lat="22.732164060633036" lon="113.95799938807755">
        <ele>46.65790112502873</ele>
        <time>1970-01-01T00:41:33.900000Z</time>
        <extensions>
          <gpxtpx:TrackPointExtension>
            <gpxtpx:hr>186</gpxtpx:hr>
          </gpxtpx:TrackPointExtension>
        </extensions>
      </trkpt>
      <trkpt lat="22.732153586652544" lon="113.95796815925962">
        <ele>46.61547816731036</ele>
        <time>1970-01-01T00:41:34.900000Z</time>
        <extensions>
          <gpxtpx:TrackPointExtension>
            <gpxtpx:hr>186</gpxtpx:hr>
          </gpxtpx:TrackPointExtension>
        </extensions>
      </trkpt>
      <trkpt lat="22.73214296036031" lon="113.9579380248488">
        <ele>46.57369021140039</ele>
        <time>1970-01-01T00:41:35.900000Z</time>
        <extensions>
          <gpxtpx:TrackPointExtension>
            <gpxtpx:hr>186</gpxtpx:hr>
          </gpxtpx:TrackPointExtension>
        </extensions>
      </trkpt>
      <trkpt lat="22.73213224065009" lon="113.95790909231546">
        <ele>46.531651644036174</ele>
        <time>1970-01-01T00:41:36.900000Z</time>
        <extensions>
          <gpxtpx:TrackPointExtension>
            <gpxtpx:hr>186</gpxtpx:hr>
          </gpxtpx:TrackPointExtension>
        </extensions>
      </trkpt>
      <trkpt lat="22.73212183373097" lon="113.9578816407141">
        <ele>46.488515545614064</ele>
        <time>1970-01-01T00:41:37.900000Z</time>
        <extensions>
          <gpxtpx:TrackPointExtension>
            <gpxtpx:hr>186</gpxtpx:hr>
          </gpxtpx:TrackPointExtension>
        </extensions>
      </trkpt>
      <trkpt lat="22.732111755739844" lon="113.95785549629883">
        <ele>46.44411024916917</ele>
        <time>1970-01-01T00:41:38.900000Z</time>
        <extensions>
          <gpxtpx:TrackPointExtension>
            <gpxtpx:hr>186</gpxtpx:hr>
          </gpxtpx:TrackPointExtension>
        </extensions>
      </trkpt>
      <trkpt lat="22.732102054637302" lon="113.95783046340391">
        <ele>46.39890011306852</ele>
        <time>1970-01-01T00:41:39.900000Z</time>
        <extensions>
          <gpxtpx:TrackPointExtension>
            <gpxtpx:hr>186</gpxtpx:hr>
          </gpxtpx:TrackPointExtension>
        </extensions>
      </trkpt>
      <trkpt lat="22.732092693798077" lon="113.95780638802418">
        <ele>46.35381550062448</ele>
        <time>1970-01-01T00:41:40.900000Z</time>
        <extensions>
          <gpxtpx:TrackPointExtension>
            <gpxtpx:hr>186</gpxtpx:hr>
          </gpxtpx:TrackPointExtension>
        </extensions>
      </trkpt>
      <trkpt lat="22.732083094689482" lon="113.95778284143077">
        <ele>46.310165335424244</ele>
        <time>1970-01-01T00:41:41.900000Z</time>
        <extensions>
          <gpxtpx:TrackPointExtension>
            <gpxtpx:hr>186</gpxtpx:hr>
          </gpxtpx:TrackPointExtension>
        </extensions>
      </trkpt>
      <trkpt lat="22.732072978485775" lon="113.95775920803679">
        <ele>46.26932044699788</ele>
        <time>1970-01-01T00:41:42.900000Z</time>
        <extensions>
          <gpxtpx:TrackPointExtension>
            <gpxtpx:hr>186</gpxtpx:hr>
          </gpxtpx:TrackPointExtension>
        </extensions>
      </trkpt>
      <trkpt lat="22.732062961584212" lon="113.95773588934892">
        <ele>46.23205594904721</ele>
        <time>1970-01-01T00:41:43.900000Z</time>
        <extensions>
          <gpxtpx:TrackPointExtension>
            <gpxtpx:hr>186</gpxtpx:hr>
          </gpxtpx:TrackPointExtension>
        </extensions>
      </trkpt>
      <trkpt lat="22.732053647752018" lon="113.95771315996464">
        <ele>46.19885009713471</ele>
        <time>1970-01-01T00:41:44.900000Z</time>
        <extensions>
          <gpxtpx:TrackPointExtension>
            <gpxtpx:hr>186</gpxtpx:hr>
          </gpxtpx:TrackPointExtension>
        </extensions>
      </trkpt>
      <trkpt lat="22.73204477329009" lon="113.9576904282493">
        <ele>46.16982655506581</ele>
        <time>1970-01-01T00:41:45.900000Z</time>
        <extensions>
          <gpxtpx:TrackPointExtension>
            <gpxtpx:hr>186</gpxtpx:hr>
          </gpxtpx:TrackPointExtension>
        </extensions>
      </trkpt>
      <trkpt lat="22.73203561489261" lon="113.95766764708299">
        <ele>46.14455325901508</ele>
        <time>1970-01-01T00:41:46.900000Z</time>
        <extensions>
          <gpxtpx:TrackPointExtension>
            <gpxtpx:hr>185</gpxtpx:hr>
          </gpxtpx:TrackPointExtension>
        </extensions>
      </trkpt>
      <trkpt lat="22.73202579635737" lon="113.95764506408352">
        <ele>46.121727847494185</ele>
        <time>1970-01-01T00:41:47.900000Z</time>
        <extensions>
          <gpxtpx:TrackPointExtension>
            <gpxtpx:hr>185</gpxtpx:hr>
          </gpxtpx:TrackPointExtension>
        </extensions>
      </trkpt>
      <trkpt lat="22.732015158161495" lon="113.95762257504995">
        <ele>46.09985986445099</ele>
        <time>1970-01-01T00:41:48.900000Z</time>
        <extensions>
          <gpxtpx:TrackPointExtension>
            <gpxtpx:hr>185</gpxtpx:hr>
          </gpxtpx:TrackPointExtension>
        </extensions>
      </trkpt>
      <trkpt lat="22.732004003260293" lon="113.95759957185216">
        <ele>46.077340486459434</ele>
        <time>1970-01-01T00:41:49.900000Z</time>
        <extensions>
          <gpxtpx:TrackPointExtension>
            <gpxtpx:hr>185</gpxtpx:hr>
          </gpxtpx:TrackPointExtension>
        </extensions>
      </trkpt>
      <trkpt lat="22.731993152395866" lon="113.95757597871632">
        <ele>46.05277277901769</ele>
        <time>1970-01-01T00:41:50.900000Z</time>
        <extensions>
          <gpxtpx:TrackPointExtension>
            <gpxtpx:hr>185</gpxtpx:hr>
          </gpxtpx:TrackPointExtension>
        </extensions>
      </trkpt>
      <trkpt lat="22.731983222908674" lon="113.95755198354549">
        <ele>46.02527076564729</ele>
        <time>1970-01-01T00:41:51.900000Z</time>
        <extensions>
          <gpxtpx:TrackPointExtension>
            <gpxtpx:hr>185</gpxtpx:hr>
          </gpxtpx:TrackPointExtension>
        </extensions>
      </trkpt>
      <trkpt lat="22.731974170611608" lon="113.95752735929464">
        <ele>45.99485628399998</ele>
        <time>1970-01-01T00:41:52.900000Z</time>
        <extensions>
          <gpxtpx:TrackPointExtension>
            <gpxtpx:hr>185</gpxtpx:hr>
          </gpxtpx:TrackPointExtension>
        </extensions>
      </trkpt>
      <trkpt lat="22.731965481204504" lon="113.95750160179223">
        <ele>45.962091432884336</ele>
        <time>1970-01-01T00:41:53.900000Z</time>
        <extensions>
          <gpxtpx:TrackPointExtension>
            <gpxtpx:hr>185</gpxtpx:hr>
          </gpxtpx:TrackPointExtension>
        </extensions>
      </trkpt>
      <trkpt lat="22.731956483133082" lon="113.95747443832536">
        <ele>45.927935998886824</ele>
        <time>1970-01-01T00:41:54.900000Z</time>
        <extensions>
          <gpxtpx:TrackPointExtension>
            <gpxtpx:hr>185</gpxtpx:hr>
          </gpxtpx:TrackPointExtension>
        </extensions>
      </trkpt>
      <trkpt lat="22.731946823105037" lon="113.95744649158695">
        <ele>45.89348549861461</ele>
        <time>1970-01-01T00:41:55.900000Z</time>
        <extensions>
          <gpxtpx:TrackPointExtension>
            <gpxtpx:hr>185</gpxtpx:hr>
          </gpxtpx:TrackPointExtension>
        </extensions>
      </trkpt>
      <trkpt lat="22.73193667877437" lon="113.95741840402178">
        <ele>45.85969546250999</ele>
        <time>1970-01-01T00:41:56.900000Z</time>
        <extensions>
          <gpxtpx:TrackPointExtension>
            <gpxtpx:hr>185</gpxtpx:hr>
          </gpxtpx:TrackPointExtension>
        </extensions>
      </trkpt>
      <trkpt lat="22.731926345694703" lon="113.95738997195875">
        <ele>45.826968158595264</ele>
        <time>1970-01-01T00:41:57.900000Z</time>
        <extensions>
          <gpxtpx:TrackPointExtension>
            <gpxtpx:hr>185</gpxtpx:hr>
          </gpxtpx:TrackPointExtension>
        </extensions>
      </trkpt>
      <trkpt lat="22.73191638048915" lon="113.95736046428028">
        <ele>45.7948661390692</ele>
        <time>1970-01-01T00:41:58.900000Z</time>
        <extensions>
          <gpxtpx:TrackPointExtension>
            <gpxtpx:hr>186</gpxtpx:hr>
          </gpxtpx:TrackPointExtension>
        </extensions>
      </trkpt>
      <trkpt lat="22.731907500313408" lon="113.95732978475036">
        <ele>45.762569557875395</ele>
        <time>1970-01-01T00:41:59.900000Z</time>
        <extensions>
          <gpxtpx:TrackPointExtension>
            <gpxtpx:hr>186</gpxtpx:hr>
          </gpxtpx:TrackPointExtension>
        </extensions>
      </trkpt>
      <trkpt lat="22.73189960595803" lon="113.95729872770531">
        <ele>45.729361101053655</ele>
        <time>1970-01-01T00:42:00.900000Z</time>
        <extensions>
          <gpxtpx:TrackPointExtension>
            <gpxtpx:hr>186</gpxtpx:hr>
          </gpxtpx:TrackPointExtension>
        </extensions>
      </trkpt>
      <trkpt lat="22.73189231832969" lon="113.957268494353">
        <ele>45.69489749521017</ele>
        <time>1970-01-01T00:42:01.900000Z</time>
        <extensions>
          <gpxtpx:TrackPointExtension>
            <gpxtpx:hr>186</gpxtpx:hr>
          </gpxtpx:TrackPointExtension>
        </extensions>
      </trkpt>
      <trkpt lat="22.731885287942713" lon="113.95723961673521">
        <ele>45.659200753085315</ele>
        <time>1970-01-01T00:42:02.900000Z</time>
        <extensions>
          <gpxtpx:TrackPointExtension>
            <gpxtpx:hr>186</gpxtpx:hr>
          </gpxtpx:TrackPointExtension>
        </extensions>
      </trkpt>
      <trkpt lat="22.731877892162867" lon="113.9572117078191">
        <ele>45.62272411957383</ele>
        <time>1970-01-01T00:42:03.900000Z</time>
        <extensions>
          <gpxtpx:TrackPointExtension>
            <gpxtpx:hr>186</gpxtpx:hr>
          </gpxtpx:TrackPointExtension>
        </extensions>
      </trkpt>
      <trkpt lat="22.731869644332146" lon="113.95718419960626">
        <ele>45.586031892336905</ele>
        <time>1970-01-01T00:42:04.900000Z</time>
        <extensions>
          <gpxtpx:TrackPointExtension>
            <gpxtpx:hr>186</gpxtpx:hr>
          </gpxtpx:TrackPointExtension>
        </extensions>
      </trkpt>
      <trkpt lat="22.731860391632857" lon="113.9571568548162">
        <ele>45.549519527703524</ele>
        <time>1970-01-01T00:42:05.900000Z</time>
        <extensions>
          <gpxtpx:TrackPointExtension>
            <gpxtpx:hr>186</gpxtpx:hr>
          </gpxtpx:TrackPointExtension>
        </extensions>
      </trkpt>
      <trkpt lat="22.731850261658977" lon="113.95712920226825">
        <ele>45.51340417005122</ele>
        <time>1970-01-01T00:42:06.900000Z</time>
        <extensions>
          <gpxtpx:TrackPointExtension>
            <gpxtpx:hr>186</gpxtpx:hr>
          </gpxtpx:TrackPointExtension>
        </extensions>
      </trkpt>
      <trkpt lat="22.731839509675336" lon="113.95710073187239">
        <ele>45.47800359874964</ele>
        <time>1970-01-01T00:42:07.900000Z</time>
        <extensions>
          <gpxtpx:TrackPointExtension>
            <gpxtpx:hr>186</gpxtpx:hr>
          </gpxtpx:TrackPointExtension>
        </extensions>
      </trkpt>
      <trkpt lat="22.731828363584977" lon="113.95707207319057">
        <ele>45.44341360125691</ele>
        <time>1970-01-01T00:42:08.900000Z</time>
        <extensions>
          <gpxtpx:TrackPointExtension>
            <gpxtpx:hr>186</gpxtpx:hr>
          </gpxtpx:TrackPointExtension>
        </extensions>
      </trkpt>
      <trkpt lat="22.73181698999327" lon="113.95704398207248">
        <ele>45.409633189439774</ele>
        <time>1970-01-01T00:42:09.900000Z</time>
        <extensions>
          <gpxtpx:TrackPointExtension>
            <gpxtpx:hr>186</gpxtpx:hr>
          </gpxtpx:TrackPointExtension>
        </extensions>
      </trkpt>
      <trkpt lat="22.73180557667679" lon="113.95701590151256">
        <ele>45.376549827866256</ele>
        <time>1970-01-01T00:42:10.900000Z</time>
        <extensions>
          <gpxtpx:TrackPointExtension>
            <gpxtpx:hr>186</gpxtpx:hr>
          </gpxtpx:TrackPointExtension>
        </extensions>
      </trkpt>
      <trkpt lat="22.731793952053696" lon="113.95698685255874">
        <ele>45.34414263535291</ele>
        <time>1970-01-01T00:42:11.900000Z</time>
        <extensions>
          <gpxtpx:TrackPointExtension>
            <gpxtpx:hr>185</gpxtpx:hr>
          </gpxtpx:TrackPointExtension>
        </extensions>
      </trkpt>
      <trkpt lat="22.7317819102351" lon="113.95695761603345">
        <ele>45.31201496813446</ele>
        <time>1970-01-01T00:42:12.900000Z</time>
        <extensions>
          <gpxtpx:TrackPointExtension>
            <gpxtpx:hr>185</gpxtpx:hr>
          </gpxtpx:TrackPointExtension>
        </extensions>
      </trkpt>
      <trkpt lat="22.73176947010796" lon="113.95692958050387">
        <ele>45.27986836619675</ele>
        <time>1970-01-01T00:42:13.900000Z</time>
        <extensions>
          <gpxtpx:TrackPointExtension>
            <gpxtpx:hr>185</gpxtpx:hr>
          </gpxtpx:TrackPointExtension>
        </extensions>
      </trkpt>
      <trkpt lat="22.731756691175235" lon="113.95690260737963">
        <ele>45.247526817023754</ele>
        <time>1970-01-01T00:42:14.900000Z</time>
        <extensions>
          <gpxtpx:TrackPointExtension>
            <gpxtpx:hr>185</gpxtpx:hr>
          </gpxtpx:TrackPointExtension>
        </extensions>
      </trkpt>
      <trkpt lat="22.731743641868746" lon="113.95687612940473">
        <ele>45.21503921877593</ele>
        <time>1970-01-01T00:42:15.900000Z</time>
        <extensions>
          <gpxtpx:TrackPointExtension>
            <gpxtpx:hr>185</gpxtpx:hr>
          </gpxtpx:TrackPointExtension>
        </extensions>
      </trkpt>
      <trkpt lat="22.73173089220015" lon="113.95684993613918">
        <ele>45.182069048285484</ele>
        <time>1970-01-01T00:42:16.900000Z</time>
        <extensions>
          <gpxtpx:TrackPointExtension>
            <gpxtpx:hr>185</gpxtpx:hr>
          </gpxtpx:TrackPointExtension>
        </extensions>
      </trkpt>
      <trkpt lat="22.731718806242593" lon="113.95682328580638">
        <ele>45.148755258880556</ele>
        <time>1970-01-01T00:42:17.900000Z</time>
        <extensions>
          <gpxtpx:TrackPointExtension>
            <gpxtpx:hr>185</gpxtpx:hr>
          </gpxtpx:TrackPointExtension>
        </extensions>
      </trkpt>
      <trkpt lat="22.731707371351686" lon="113.95679653317036">
        <ele>45.11576698254794</ele>
        <time>1970-01-01T00:42:18.900000Z</time>
        <extensions>
          <gpxtpx:TrackPointExtension>
            <gpxtpx:hr>185</gpxtpx:hr>
          </gpxtpx:TrackPointExtension>
        </extensions>
      </trkpt>
      <trkpt lat="22.731696737981714" lon="113.95677037376296">
        <ele>45.0840528793633</ele>
        <time>1970-01-01T00:42:19.900000Z</time>
        <extensions>
          <gpxtpx:TrackPointExtension>
            <gpxtpx:hr>185</gpxtpx:hr>
          </gpxtpx:TrackPointExtension>
        </extensions>
      </trkpt>
      <trkpt lat="22.731686407071535" lon="113.95674437665816">
        <ele>45.05423610191792</ele>
        <time>1970-01-01T00:42:20.900000Z</time>
        <extensions>
          <gpxtpx:TrackPointExtension>
            <gpxtpx:hr>185</gpxtpx:hr>
          </gpxtpx:TrackPointExtension>
        </extensions>
      </trkpt>
      <trkpt lat="22.731675744098517" lon="113.95671867542357">
        <ele>45.02677517570555</ele>
        <time>1970-01-01T00:42:21.900000Z</time>
        <extensions>
          <gpxtpx:TrackPointExtension>
            <gpxtpx:hr>184</gpxtpx:hr>
          </gpxtpx:TrackPointExtension>
        </extensions>
      </trkpt>
      <trkpt lat="22.731664323446655" lon="113.9566927828799">
        <ele>45.001361089758575</ele>
        <time>1970-01-01T00:42:22.900000Z</time>
        <extensions>
          <gpxtpx:TrackPointExtension>
            <gpxtpx:hr>184</gpxtpx:hr>
          </gpxtpx:TrackPointExtension>
        </extensions>
      </trkpt>
      <trkpt lat="22.73165207430139" lon="113.95666562941918">
        <ele>44.97694221418351</ele>
        <time>1970-01-01T00:42:23.900000Z</time>
        <extensions>
          <gpxtpx:TrackPointExtension>
            <gpxtpx:hr>184</gpxtpx:hr>
          </gpxtpx:TrackPointExtension>
        </extensions>
      </trkpt>
      <trkpt lat="22.731639296916967" lon="113.95663766468338">
        <ele>44.95213519781828</ele>
        <time>1970-01-01T00:42:24.900000Z</time>
        <extensions>
          <gpxtpx:TrackPointExtension>
            <gpxtpx:hr>184</gpxtpx:hr>
          </gpxtpx:TrackPointExtension>
        </extensions>
      </trkpt>
      <trkpt lat="22.731626180020285" lon="113.95660985473789">
        <ele>44.92620134819299</ele>
        <time>1970-01-01T00:42:25.900000Z</time>
        <extensions>
          <gpxtpx:TrackPointExtension>
            <gpxtpx:hr>184</gpxtpx:hr>
          </gpxtpx:TrackPointExtension>
        </extensions>
      </trkpt>
      <trkpt lat="22.73161301045948" lon="113.95658216990573">
        <ele>44.89859251398593</ele>
        <time>1970-01-01T00:42:26.900000Z</time>
        <extensions>
          <gpxtpx:TrackPointExtension>
            <gpxtpx:hr>184</gpxtpx:hr>
          </gpxtpx:TrackPointExtension>
        </extensions>
      </trkpt>
      <trkpt lat="22.73160016852123" lon="113.95655479938644">
        <ele>44.869427774101496</ele>
        <time>1970-01-01T00:42:27.900000Z</time>
        <extensions>
          <gpxtpx:TrackPointExtension>
            <gpxtpx:hr>184</gpxtpx:hr>
          </gpxtpx:TrackPointExtension>
        </extensions>
      </trkpt>
      <trkpt lat="22.73158788066888" lon="113.95652812860244">
        <ele>44.8391936449334</ele>
        <time>1970-01-01T00:42:28.900000Z</time>
        <extensions>
          <gpxtpx:TrackPointExtension>
            <gpxtpx:hr>184</gpxtpx:hr>
          </gpxtpx:TrackPointExtension>
        </extensions>
      </trkpt>
      <trkpt lat="22.731575622063897" lon="113.9565019484907">
        <ele>44.80833754595369</ele>
        <time>1970-01-01T00:42:29.900000Z</time>
        <extensions>
          <gpxtpx:TrackPointExtension>
            <gpxtpx:hr>184</gpxtpx:hr>
          </gpxtpx:TrackPointExtension>
        </extensions>
      </trkpt>
      <trkpt lat="22.731562485095246" lon="113.95647584464356">
        <ele>44.77675280254334</ele>
        <time>1970-01-01T00:42:30.900000Z</time>
        <extensions>
          <gpxtpx:TrackPointExtension>
            <gpxtpx:hr>186</gpxtpx:hr>
          </gpxtpx:TrackPointExtension>
        </extensions>
      </trkpt>
      <trkpt lat="22.73154839711406" lon="113.95644928515681">
        <ele>44.74395231809467</ele>
        <time>1970-01-01T00:42:31.900000Z</time>
        <extensions>
          <gpxtpx:TrackPointExtension>
            <gpxtpx:hr>186</gpxtpx:hr>
          </gpxtpx:TrackPointExtension>
        </extensions>
      </trkpt>
      <trkpt lat="22.731533619138123" lon="113.95642139324477">
        <ele>44.70895101130009</ele>
        <time>1970-01-01T00:42:32.900000Z</time>
        <extensions>
          <gpxtpx:TrackPointExtension>
            <gpxtpx:hr>186</gpxtpx:hr>
          </gpxtpx:TrackPointExtension>
        </extensions>
      </trkpt>
      <trkpt lat="22.731518377182457" lon="113.9563924962387">
        <ele>44.67049601115286</ele>
        <time>1970-01-01T00:42:33.900000Z</time>
        <extensions>
          <gpxtpx:TrackPointExtension>
            <gpxtpx:hr>186</gpxtpx:hr>
          </gpxtpx:TrackPointExtension>
        </extensions>
      </trkpt>
      <trkpt lat="22.731503329152392" lon="113.95636424655771">
        <ele>44.62744169961661</ele>
        <time>1970-01-01T00:42:34.900000Z</time>
        <extensions>
          <gpxtpx:TrackPointExtension>
            <gpxtpx:hr>186</gpxtpx:hr>
          </gpxtpx:TrackPointExtension>
        </extensions>
      </trkpt>
      <trkpt lat="22.731488887173388" lon="113.95633680684192">
        <ele>44.57913640793413</ele>
        <time>1970-01-01T00:42:35.900000Z</time>
        <extensions>
          <gpxtpx:TrackPointExtension>
            <gpxtpx:hr>186</gpxtpx:hr>
          </gpxtpx:TrackPointExtension>
        </extensions>
      </trkpt>
      <trkpt lat="22.73147511502188" lon="113.95630956407634">
        <ele>44.5260522402823</ele>
        <time>1970-01-01T00:42:36.900000Z</time>
        <extensions>
          <gpxtpx:TrackPointExtension>
            <gpxtpx:hr>186</gpxtpx:hr>
          </gpxtpx:TrackPointExtension>
        </extensions>
      </trkpt>
      <trkpt lat="22.731462227854216" lon="113.95628260489094">
        <ele>44.469556372612715</ele>
        <time>1970-01-01T00:42:37.900000Z</time>
        <extensions>
          <gpxtpx:TrackPointExtension>
            <gpxtpx:hr>186</gpxtpx:hr>
          </gpxtpx:TrackPointExtension>
        </extensions>
      </trkpt>
      <trkpt lat="22.73144973579295" lon="113.9562558088564">
        <ele>44.411485029384494</ele>
        <time>1970-01-01T00:42:38.900000Z</time>
        <extensions>
          <gpxtpx:TrackPointExtension>
            <gpxtpx:hr>186</gpxtpx:hr>
          </gpxtpx:TrackPointExtension>
        </extensions>
      </trkpt>
      <trkpt lat="22.731437094088676" lon="113.95622913898028">
        <ele>44.35368163138628</ele>
        <time>1970-01-01T00:42:39.900000Z</time>
        <extensions>
          <gpxtpx:TrackPointExtension>
            <gpxtpx:hr>186</gpxtpx:hr>
          </gpxtpx:TrackPointExtension>
        </extensions>
      </trkpt>
      <trkpt lat="22.731424577526184" lon="113.95620263667264">
        <ele>44.29781979415566</ele>
        <time>1970-01-01T00:42:40.900000Z</time>
        <extensions>
          <gpxtpx:TrackPointExtension>
            <gpxtpx:hr>186</gpxtpx:hr>
          </gpxtpx:TrackPointExtension>
        </extensions>
      </trkpt>
      <trkpt lat="22.731412156705414" lon="113.95617616126187">
        <ele>44.24494542274624</ele>
        <time>1970-01-01T00:42:41.900000Z</time>
        <extensions>
          <gpxtpx:TrackPointExtension>
            <gpxtpx:hr>186</gpxtpx:hr>
          </gpxtpx:TrackPointExtension>
        </extensions>
      </trkpt>
      <trkpt lat="22.73139938159422" lon="113.95614950191305">
        <ele>44.19550193101168</ele>
        <time>1970-01-01T00:42:42.900000Z</time>
        <extensions>
          <gpxtpx:TrackPointExtension>
            <gpxtpx:hr>186</gpxtpx:hr>
          </gpxtpx:TrackPointExtension>
        </extensions>
      </trkpt>
      <trkpt lat="22.73138644787554" lon="113.95612326210839">
        <ele>44.14947635587305</ele>
        <time>1970-01-01T00:42:43.900000Z</time>
        <extensions>
          <gpxtpx:TrackPointExtension>
            <gpxtpx:hr>186</gpxtpx:hr>
          </gpxtpx:TrackPointExtension>
        </extensions>
      </trkpt>
      <trkpt lat="22.731373820096316" lon="113.95609763264744">
        <ele>44.10678087826818</ele>
        <time>1970-01-01T00:42:44.900000Z</time>
        <extensions>
          <gpxtpx:TrackPointExtension>
            <gpxtpx:hr>186</gpxtpx:hr>
          </gpxtpx:TrackPointExtension>
        </extensions>
      </trkpt>
      <trkpt lat="22.731361219330438" lon="113.95607166858954">
        <ele>44.06696008145809</ele>
        <time>1970-01-01T00:42:45.900000Z</time>
        <extensions>
          <gpxtpx:TrackPointExtension>
            <gpxtpx:hr>186</gpxtpx:hr>
          </gpxtpx:TrackPointExtension>
        </extensions>
      </trkpt>
      <trkpt lat="22.731348010787983" lon="113.95604524099102">
        <ele>44.029246353544295</ele>
        <time>1970-01-01T00:42:46.900000Z</time>
        <extensions>
          <gpxtpx:TrackPointExtension>
            <gpxtpx:hr>186</gpxtpx:hr>
          </gpxtpx:TrackPointExtension>
        </extensions>
      </trkpt>
      <trkpt lat="22.731334334729343" lon="113.95601909944396">
        <ele>43.99272758886218</ele>
        <time>1970-01-01T00:42:47.900000Z</time>
        <extensions>
          <gpxtpx:TrackPointExtension>
            <gpxtpx:hr>186</gpxtpx:hr>
          </gpxtpx:TrackPointExtension>
        </extensions>
      </trkpt>
      <trkpt lat="22.73132118685884" lon="113.95599300236547">
        <ele>43.95676188543439</ele>
        <time>1970-01-01T00:42:48.900000Z</time>
        <extensions>
          <gpxtpx:TrackPointExtension>
            <gpxtpx:hr>186</gpxtpx:hr>
          </gpxtpx:TrackPointExtension>
        </extensions>
      </trkpt>
      <trkpt lat="22.731309299673576" lon="113.95596668987031">
        <ele>43.92060124408454</ele>
        <time>1970-01-01T00:42:49.900000Z</time>
        <extensions>
          <gpxtpx:TrackPointExtension>
            <gpxtpx:hr>186</gpxtpx:hr>
          </gpxtpx:TrackPointExtension>
        </extensions>
      </trkpt>
      <trkpt lat="22.731298209528063" lon="113.95594128997188">
        <ele>43.883879399858415</ele>
        <time>1970-01-01T00:42:50.900000Z</time>
        <extensions>
          <gpxtpx:TrackPointExtension>
            <gpxtpx:hr>186</gpxtpx:hr>
          </gpxtpx:TrackPointExtension>
        </extensions>
      </trkpt>
      <trkpt lat="22.73128703311283" lon="113.95591694953254">
        <ele>43.84663053508848</ele>
        <time>1970-01-01T00:42:51.900000Z</time>
        <extensions>
          <gpxtpx:TrackPointExtension>
            <gpxtpx:hr>186</gpxtpx:hr>
          </gpxtpx:TrackPointExtension>
        </extensions>
      </trkpt>
      <trkpt lat="22.731275458794336" lon="113.95589234500598">
        <ele>43.80913040880114</ele>
        <time>1970-01-01T00:42:52.900000Z</time>
        <extensions>
          <gpxtpx:TrackPointExtension>
            <gpxtpx:hr>186</gpxtpx:hr>
          </gpxtpx:TrackPointExtension>
        </extensions>
      </trkpt>
      <trkpt lat="22.731263108072408" lon="113.95586656726277">
        <ele>43.77128319442272</ele>
        <time>1970-01-01T00:42:53.900000Z</time>
        <extensions>
          <gpxtpx:TrackPointExtension>
            <gpxtpx:hr>185</gpxtpx:hr>
          </gpxtpx:TrackPointExtension>
        </extensions>
      </trkpt>
      <trkpt lat="22.73125014223029" lon="113.95584049349327">
        <ele>43.73324210662395</ele>
        <time>1970-01-01T00:42:54.900000Z</time>
        <extensions>
          <gpxtpx:TrackPointExtension>
            <gpxtpx:hr>185</gpxtpx:hr>
          </gpxtpx:TrackPointExtension>
        </extensions>
      </trkpt>
      <trkpt lat="22.73123741603613" lon="113.95581478027435">
        <ele>43.69502744264901</ele>
        <time>1970-01-01T00:42:55.900000Z</time>
        <extensions>
          <gpxtpx:TrackPointExtension>
            <gpxtpx:hr>185</gpxtpx:hr>
          </gpxtpx:TrackPointExtension>
        </extensions>
      </trkpt>
      <trkpt lat="22.73122488125036" lon="113.95578862682017">
        <ele>43.656494916416705</ele>
        <time>1970-01-01T00:42:56.900000Z</time>
        <extensions>
          <gpxtpx:TrackPointExtension>
            <gpxtpx:hr>185</gpxtpx:hr>
          </gpxtpx:TrackPointExtension>
        </extensions>
      </trkpt>
      <trkpt lat="22.731211882910575" lon="113.95576206093743">
        <ele>43.61723872739822</ele>
        <time>1970-01-01T00:42:57.900000Z</time>
        <extensions>
          <gpxtpx:TrackPointExtension>
            <gpxtpx:hr>185</gpxtpx:hr>
          </gpxtpx:TrackPointExtension>
        </extensions>
      </trkpt>
      <trkpt lat="22.731198820840014" lon="113.95573623560522">
        <ele>43.57729197014123</ele>
        <time>1970-01-01T00:42:58.900000Z</time>
        <extensions>
          <gpxtpx:TrackPointExtension>
            <gpxtpx:hr>186</gpxtpx:hr>
          </gpxtpx:TrackPointExtension>
        </extensions>
      </trkpt>
      <trkpt lat="22.731186266737705" lon="113.9557116522132">
        <ele>43.5370987104252</ele>
        <time>1970-01-01T00:42:59.900000Z</time>
        <extensions>
          <gpxtpx:TrackPointExtension>
            <gpxtpx:hr>186</gpxtpx:hr>
          </gpxtpx:TrackPointExtension>
        </extensions>
      </trkpt>
      <trkpt lat="22.73117357201645" lon="113.95568789116952">
        <ele>43.497408201918006</ele>
        <time>1970-01-01T00:43:00.900000Z</time>
        <extensions>
          <gpxtpx:TrackPointExtension>
            <gpxtpx:hr>186</gpxtpx:hr>
          </gpxtpx:TrackPointExtension>
        </extensions>
      </trkpt>
      <trkpt lat="22.731160378581873" lon="113.95566382996307">
        <ele>43.458957991562784</ele>
        <time>1970-01-01T00:43:01.900000Z</time>
        <extensions>
          <gpxtpx:TrackPointExtension>
            <gpxtpx:hr>186</gpxtpx:hr>
          </gpxtpx:TrackPointExtension>
        </extensions>
      </trkpt>
      <trkpt lat="22.731147312937157" lon="113.9556389653111">
        <ele>43.422182383947074</ele>
        <time>1970-01-01T00:43:02.900000Z</time>
        <extensions>
          <gpxtpx:TrackPointExtension>
            <gpxtpx:hr>186</gpxtpx:hr>
          </gpxtpx:TrackPointExtension>
        </extensions>
      </trkpt>
      <trkpt lat="22.731134560281234" lon="113.95561398519337">
        <ele>43.38681666832417</ele>
        <time>1970-01-01T00:43:03.900000Z</time>
        <extensions>
          <gpxtpx:TrackPointExtension>
            <gpxtpx:hr>186</gpxtpx:hr>
          </gpxtpx:TrackPointExtension>
        </extensions>
      </trkpt>
      <trkpt lat="22.731122220418225" lon="113.95558930280396">
        <ele>43.35180971957743</ele>
        <time>1970-01-01T00:43:04.900000Z</time>
        <extensions>
          <gpxtpx:TrackPointExtension>
            <gpxtpx:hr>186</gpxtpx:hr>
          </gpxtpx:TrackPointExtension>
        </extensions>
      </trkpt>
      <trkpt lat="22.731110390301502" lon="113.95556415420343">
        <ele>43.31567429471761</ele>
        <time>1970-01-01T00:43:05.900000Z</time>
        <extensions>
          <gpxtpx:TrackPointExtension>
            <gpxtpx:hr>184</gpxtpx:hr>
          </gpxtpx:TrackPointExtension>
        </extensions>
      </trkpt>
      <trkpt lat="22.731098471512716" lon="113.95553828389515">
        <ele>43.27703747432679</ele>
        <time>1970-01-01T00:43:06.900000Z</time>
        <extensions>
          <gpxtpx:TrackPointExtension>
            <gpxtpx:hr>184</gpxtpx:hr>
          </gpxtpx:TrackPointExtension>
        </extensions>
      </trkpt>
      <trkpt lat="22.7310862864983" lon="113.95551286143262">
        <ele>43.23554033506662</ele>
        <time>1970-01-01T00:43:07.900000Z</time>
        <extensions>
          <gpxtpx:TrackPointExtension>
            <gpxtpx:hr>184</gpxtpx:hr>
          </gpxtpx:TrackPointExtension>
        </extensions>
      </trkpt>
      <trkpt lat="22.731073932898298" lon="113.95548817045395">
        <ele>43.191635207273066</ele>
        <time>1970-01-01T00:43:08.900000Z</time>
        <extensions>
          <gpxtpx:TrackPointExtension>
            <gpxtpx:hr>184</gpxtpx:hr>
          </gpxtpx:TrackPointExtension>
        </extensions>
      </trkpt>
      <trkpt lat="22.73106079199291" lon="113.95546363294798">
        <ele>43.14597576018423</ele>
        <time>1970-01-01T00:43:09.900000Z</time>
        <extensions>
          <gpxtpx:TrackPointExtension>
            <gpxtpx:hr>184</gpxtpx:hr>
          </gpxtpx:TrackPointExtension>
        </extensions>
      </trkpt>
      <trkpt lat="22.73104684373761" lon="113.95543884526354">
        <ele>43.099275248125196</ele>
        <time>1970-01-01T00:43:10.900000Z</time>
        <extensions>
          <gpxtpx:TrackPointExtension>
            <gpxtpx:hr>184</gpxtpx:hr>
          </gpxtpx:TrackPointExtension>
        </extensions>
      </trkpt>
      <trkpt lat="22.731033156362916" lon="113.95541417831384">
        <ele>43.05233884137124</ele>
        <time>1970-01-01T00:43:11.900000Z</time>
        <extensions>
          <gpxtpx:TrackPointExtension>
            <gpxtpx:hr>184</gpxtpx:hr>
          </gpxtpx:TrackPointExtension>
        </extensions>
      </trkpt>
      <trkpt lat="22.731019903302762" lon="113.95539063793628">
        <ele>43.00593480095267</ele>
        <time>1970-01-01T00:43:12.900000Z</time>
        <extensions>
          <gpxtpx:TrackPointExtension>
            <gpxtpx:hr>184</gpxtpx:hr>
          </gpxtpx:TrackPointExtension>
        </extensions>
      </trkpt>
      <trkpt lat="22.73100609122369" lon="113.95536776054654">
        <ele>42.96057262830436</ele>
        <time>1970-01-01T00:43:13.900000Z</time>
        <extensions>
          <gpxtpx:TrackPointExtension>
            <gpxtpx:hr>184</gpxtpx:hr>
          </gpxtpx:TrackPointExtension>
        </extensions>
      </trkpt>
      <trkpt lat="22.730991452637475" lon="113.95534458390222">
        <ele>42.9165053460747</ele>
        <time>1970-01-01T00:43:14.900000Z</time>
        <extensions>
          <gpxtpx:TrackPointExtension>
            <gpxtpx:hr>184</gpxtpx:hr>
          </gpxtpx:TrackPointExtension>
        </extensions>
      </trkpt>
      <trkpt lat="22.730977323681152" lon="113.95532173163103">
        <ele>42.87363454606384</ele>
        <time>1970-01-01T00:43:15.900000Z</time>
        <extensions>
          <gpxtpx:TrackPointExtension>
            <gpxtpx:hr>184</gpxtpx:hr>
          </gpxtpx:TrackPointExtension>
        </extensions>
      </trkpt>
      <trkpt lat="22.730964885360798" lon="113.9552988381452">
        <ele>42.83128336444497</ele>
        <time>1970-01-01T00:43:16.900000Z</time>
        <extensions>
          <gpxtpx:TrackPointExtension>
            <gpxtpx:hr>184</gpxtpx:hr>
          </gpxtpx:TrackPointExtension>
        </extensions>
      </trkpt>
      <trkpt lat="22.730954475049316" lon="113.95527573285864">
        <ele>42.7882937612012</ele>
        <time>1970-01-01T00:43:17.900000Z</time>
        <extensions>
          <gpxtpx:TrackPointExtension>
            <gpxtpx:hr>184</gpxtpx:hr>
          </gpxtpx:TrackPointExtension>
        </extensions>
      </trkpt>
      <trkpt lat="22.730945567963822" lon="113.95525287994067">
        <ele>42.74351045489311</ele>
        <time>1970-01-01T00:43:18.900000Z</time>
        <extensions>
          <gpxtpx:TrackPointExtension>
            <gpxtpx:hr>184</gpxtpx:hr>
          </gpxtpx:TrackPointExtension>
        </extensions>
      </trkpt>
      <trkpt lat="22.730936854924593" lon="113.95522986377141">
        <ele>42.69648232962936</ele>
        <time>1970-01-01T00:43:19.900000Z</time>
        <extensions>
          <gpxtpx:TrackPointExtension>
            <gpxtpx:hr>184</gpxtpx:hr>
          </gpxtpx:TrackPointExtension>
        </extensions>
      </trkpt>
      <trkpt lat="22.730927282375834" lon="113.95520655928905">
        <ele>42.647709073498845</ele>
        <time>1970-01-01T00:43:20.900000Z</time>
        <extensions>
          <gpxtpx:TrackPointExtension>
            <gpxtpx:hr>183</gpxtpx:hr>
          </gpxtpx:TrackPointExtension>
        </extensions>
      </trkpt>
      <trkpt lat="22.730916630103177" lon="113.95518315371868">
        <ele>42.59828555211425</ele>
        <time>1970-01-01T00:43:21.900000Z</time>
        <extensions>
          <gpxtpx:TrackPointExtension>
            <gpxtpx:hr>183</gpxtpx:hr>
          </gpxtpx:TrackPointExtension>
        </extensions>
      </trkpt>
      <trkpt lat="22.73090487273319" lon="113.95515993613698">
        <ele>42.54927338194102</ele>
        <time>1970-01-01T00:43:22.900000Z</time>
        <extensions>
          <gpxtpx:TrackPointExtension>
            <gpxtpx:hr>183</gpxtpx:hr>
          </gpxtpx:TrackPointExtension>
        </extensions>
      </trkpt>
      <trkpt lat="22.730892134858596" lon="113.95513761878863">
        <ele>42.50167177710682</ele>
        <time>1970-01-01T00:43:23.900000Z</time>
        <extensions>
          <gpxtpx:TrackPointExtension>
            <gpxtpx:hr>183</gpxtpx:hr>
          </gpxtpx:TrackPointExtension>
        </extensions>
      </trkpt>
      <trkpt lat="22.730878542074638" lon="113.95511601012382">
        <ele>42.45624347962439</ele>
        <time>1970-01-01T00:43:24.900000Z</time>
        <extensions>
          <gpxtpx:TrackPointExtension>
            <gpxtpx:hr>183</gpxtpx:hr>
          </gpxtpx:TrackPointExtension>
        </extensions>
      </trkpt>
      <trkpt lat="22.73086462324794" lon="113.95509446249028">
        <ele>42.41337276156992</ele>
        <time>1970-01-01T00:43:25.900000Z</time>
        <extensions>
          <gpxtpx:TrackPointExtension>
            <gpxtpx:hr>183</gpxtpx:hr>
          </gpxtpx:TrackPointExtension>
        </extensions>
      </trkpt>
      <trkpt lat="22.730850904101217" lon="113.95507216112698">
        <ele>42.38199358433485</ele>
        <time>1970-01-01T00:43:26.900000Z</time>
        <extensions>
          <gpxtpx:TrackPointExtension>
            <gpxtpx:hr>183</gpxtpx:hr>
          </gpxtpx:TrackPointExtension>
        </extensions>
      </trkpt>
      <trkpt lat="22.730837577353377" lon="113.9550489435532">
        <ele>42.344645934179425</ele>
        <time>1970-01-01T00:43:27.900000Z</time>
        <extensions>
          <gpxtpx:TrackPointExtension>
            <gpxtpx:hr>183</gpxtpx:hr>
          </gpxtpx:TrackPointExtension>
        </extensions>
      </trkpt>
      <trkpt lat="22.730824365713346" lon="113.95502521198704">
        <ele>42.288948621600866</ele>
        <time>1970-01-01T00:43:28.900000Z</time>
        <extensions>
          <gpxtpx:TrackPointExtension>
            <gpxtpx:hr>183</gpxtpx:hr>
          </gpxtpx:TrackPointExtension>
        </extensions>
      </trkpt>
      <trkpt lat="22.73081138262929" lon="113.95500202292838">
        <ele>42.21223797556013</ele>
        <time>1970-01-01T00:43:29.900000Z</time>
        <extensions>
          <gpxtpx:TrackPointExtension>
            <gpxtpx:hr>182</gpxtpx:hr>
          </gpxtpx:TrackPointExtension>
        </extensions>
      </trkpt>
      <trkpt lat="22.73079893217964" lon="113.95497980348827">
        <ele>42.10430118907243</ele>
        <time>1970-01-01T00:43:30.900000Z</time>
        <extensions>
          <gpxtpx:TrackPointExtension>
            <gpxtpx:hr>182</gpxtpx:hr>
          </gpxtpx:TrackPointExtension>
        </extensions>
      </trkpt>
      <trkpt lat="22.730786389148584" lon="113.95495773329687">
        <ele>41.95196155272424</ele>
        <time>1970-01-01T00:43:31.900000Z</time>
        <extensions>
          <gpxtpx:TrackPointExtension>
            <gpxtpx:hr>182</gpxtpx:hr>
          </gpxtpx:TrackPointExtension>
        </extensions>
      </trkpt>
      <trkpt lat="22.730772859862228" lon="113.95493554784278">
        <ele>41.74106771685183</ele>
        <time>1970-01-01T00:43:32.900000Z</time>
        <extensions>
          <gpxtpx:TrackPointExtension>
            <gpxtpx:hr>182</gpxtpx:hr>
          </gpxtpx:TrackPointExtension>
        </extensions>
      </trkpt>
      <trkpt lat="22.73075777644688" lon="113.95491361531437">
        <ele>41.458806877955794</ele>
        <time>1970-01-01T00:43:33.900000Z</time>
        <extensions>
          <gpxtpx:TrackPointExtension>
            <gpxtpx:hr>182</gpxtpx:hr>
          </gpxtpx:TrackPointExtension>
        </extensions>
      </trkpt>
      <trkpt lat="22.73074200750933" lon="113.95489245117012">
        <ele>41.09666342381388</ele>
        <time>1970-01-01T00:43:34.900000Z</time>
        <extensions>
          <gpxtpx:TrackPointExtension>
            <gpxtpx:hr>182</gpxtpx:hr>
          </gpxtpx:TrackPointExtension>
        </extensions>
      </trkpt>
      <trkpt lat="22.73072641973302" lon="113.95487111343436">
        <ele>40.675146530382335</ele>
        <time>1970-01-01T00:43:35.900000Z</time>
        <extensions>
          <gpxtpx:TrackPointExtension>
            <gpxtpx:hr>182</gpxtpx:hr>
          </gpxtpx:TrackPointExtension>
        </extensions>
      </trkpt>
      <trkpt lat="22.730710977933434" lon="113.9548481518284">
        <ele>40.20241819135845</ele>
        <time>1970-01-01T00:43:36.900000Z</time>
        <extensions>
          <gpxtpx:TrackPointExtension>
            <gpxtpx:hr>182</gpxtpx:hr>
          </gpxtpx:TrackPointExtension>
        </extensions>
      </trkpt>
      <trkpt lat="22.730696015545956" lon="113.95482133660555">
        <ele>41.292225626297295</ele>
        <time>1970-01-01T00:43:37.900000Z</time>
        <extensions>
          <gpxtpx:TrackPointExtension>
            <gpxtpx:hr>182</gpxtpx:hr>
          </gpxtpx:TrackPointExtension>
        </extensions>
      </trkpt>
      <trkpt lat="22.73060051002307" lon="113.95453617245379">
        <ele>42.42151853814721</ele>
        <time>1970-01-01T00:43:48.700000Z</time>
        <extensions>
          <gpxtpx:TrackPointExtension>
            <gpxtpx:hr>183</gpxtpx:hr>
          </gpxtpx:TrackPointExtension>
        </extensions>
      </trkpt>
      <trkpt lat="22.73058826668562" lon="113.95448581250218">
        <ele>43.05917927995324</ele>
        <time>1970-01-01T00:43:49.700000Z</time>
        <extensions>
          <gpxtpx:TrackPointExtension>
            <gpxtpx:hr>183</gpxtpx:hr>
          </gpxtpx:TrackPointExtension>
        </extensions>
      </trkpt>
      <trkpt lat="22.73057887702274" lon="113.95444976592285">
        <ele>43.36968231480569</ele>
        <time>1970-01-01T00:43:50.700000Z</time>
        <extensions>
          <gpxtpx:TrackPointExtension>
            <gpxtpx:hr>183</gpxtpx:hr>
          </gpxtpx:TrackPointExtension>
        </extensions>
      </trkpt>
      <trkpt lat="22.73057141347068" lon="113.95442344748035">
        <ele>43.46844570990652</ele>
        <time>1970-01-01T00:43:51.700000Z</time>
        <extensions>
          <gpxtpx:TrackPointExtension>
            <gpxtpx:hr>183</gpxtpx:hr>
          </gpxtpx:TrackPointExtension>
        </extensions>
      </trkpt>
      <trkpt lat="22.73056473368252" lon="113.95440228794943">
        <ele>43.41964690759778</ele>
        <time>1970-01-01T00:43:52.700000Z</time>
        <extensions>
          <gpxtpx:TrackPointExtension>
            <gpxtpx:hr>183</gpxtpx:hr>
          </gpxtpx:TrackPointExtension>
        </extensions>
      </trkpt>
      <trkpt lat="22.730558217746538" lon="113.95438433245874">
        <ele>43.2588556939736</ele>
        <time>1970-01-01T00:43:53.700000Z</time>
        <extensions>
          <gpxtpx:TrackPointExtension>
            <gpxtpx:hr>183</gpxtpx:hr>
          </gpxtpx:TrackPointExtension>
        </extensions>
      </trkpt>
      <trkpt lat="22.730549848883555" lon="113.95436311945086">
        <ele>43.02184008900076</ele>
        <time>1970-01-01T00:43:54.700000Z</time>
        <extensions>
          <gpxtpx:TrackPointExtension>
            <gpxtpx:hr>183</gpxtpx:hr>
          </gpxtpx:TrackPointExtension>
        </extensions>
      </trkpt>
      <trkpt lat="22.730541142825807" lon="113.95434504883718">
        <ele>42.73917781189084</ele>
        <time>1970-01-01T00:43:55.700000Z</time>
        <extensions>
          <gpxtpx:TrackPointExtension>
            <gpxtpx:hr>183</gpxtpx:hr>
          </gpxtpx:TrackPointExtension>
        </extensions>
      </trkpt>
      <trkpt lat="22.730531188831183" lon="113.95432673212643">
        <ele>42.43648314848542</ele>
        <time>1970-01-01T00:43:56.700000Z</time>
        <extensions>
          <gpxtpx:TrackPointExtension>
            <gpxtpx:hr>183</gpxtpx:hr>
          </gpxtpx:TrackPointExtension>
        </extensions>
      </trkpt>
      <trkpt lat="22.73051707969421" lon="113.95430662356452">
        <ele>42.13647512719035</ele>
        <time>1970-01-01T00:43:57.700000Z</time>
        <extensions>
          <gpxtpx:TrackPointExtension>
            <gpxtpx:hr>183</gpxtpx:hr>
          </gpxtpx:TrackPointExtension>
        </extensions>
      </trkpt>
      <trkpt lat="22.73049645959524" lon="113.95428004287687">
        <ele>41.85925015434623</ele>
        <time>1970-01-01T00:43:58.700000Z</time>
        <extensions>
          <gpxtpx:TrackPointExtension>
            <gpxtpx:hr>183</gpxtpx:hr>
          </gpxtpx:TrackPointExtension>
        </extensions>
      </trkpt>
      <trkpt lat="22.730470989568367" lon="113.95425190677402">
        <ele>41.56439190451056</ele>
        <time>1970-01-01T00:43:59.900000Z</time>
        <extensions>
          <gpxtpx:TrackPointExtension>
            <gpxtpx:hr>183</gpxtpx:hr>
          </gpxtpx:TrackPointExtension>
        </extensions>
      </trkpt>
      <trkpt lat="22.73044905603831" lon="113.9542293960856">
        <ele>41.360970822162926</ele>
        <time>1970-01-01T00:44:00.900000Z</time>
        <extensions>
          <gpxtpx:TrackPointExtension>
            <gpxtpx:hr>183</gpxtpx:hr>
          </gpxtpx:TrackPointExtension>
        </extensions>
      </trkpt>
      <trkpt lat="22.730427678058213" lon="113.95420785705265">
        <ele>41.18337808921933</ele>
        <time>1970-01-01T00:44:01.900000Z</time>
        <extensions>
          <gpxtpx:TrackPointExtension>
            <gpxtpx:hr>183</gpxtpx:hr>
          </gpxtpx:TrackPointExtension>
        </extensions>
      </trkpt>
      <trkpt lat="22.73040831540188" lon="113.95418668648345">
        <ele>41.028663978911936</ele>
        <time>1970-01-01T00:44:02.900000Z</time>
        <extensions>
          <gpxtpx:TrackPointExtension>
            <gpxtpx:hr>183</gpxtpx:hr>
          </gpxtpx:TrackPointExtension>
        </extensions>
      </trkpt>
      <trkpt lat="22.730391043197763" lon="113.95416590636411">
        <ele>40.89331346563995</ele>
        <time>1970-01-01T00:44:03.900000Z</time>
        <extensions>
          <gpxtpx:TrackPointExtension>
            <gpxtpx:hr>183</gpxtpx:hr>
          </gpxtpx:TrackPointExtension>
        </extensions>
      </trkpt>
      <trkpt lat="22.730375664394142" lon="113.95414447317404">
        <ele>40.77481521386653</ele>
        <time>1970-01-01T00:44:04.900000Z</time>
        <extensions>
          <gpxtpx:TrackPointExtension>
            <gpxtpx:hr>183</gpxtpx:hr>
          </gpxtpx:TrackPointExtension>
        </extensions>
      </trkpt>
      <trkpt lat="22.730360104854718" lon="113.95413703078881">
        <ele>40.67977754864842</ele>
        <time>1970-01-01T00:44:05.900000Z</time>
        <extensions>
          <gpxtpx:TrackPointExtension>
            <gpxtpx:hr>183</gpxtpx:hr>
          </gpxtpx:TrackPointExtension>
        </extensions>
      </trkpt>
      <trkpt lat="22.730345412328177" lon="113.95412206346954">
        <ele>40.59836145490408</ele>
        <time>1970-01-01T00:44:06.900000Z</time>
        <extensions>
          <gpxtpx:TrackPointExtension>
            <gpxtpx:hr>183</gpxtpx:hr>
          </gpxtpx:TrackPointExtension>
        </extensions>
      </trkpt>
      <trkpt lat="22.730330580630202" lon="113.954103526044">
        <ele>40.52519665192813</ele>
        <time>1970-01-01T00:44:07.900000Z</time>
        <extensions>
          <gpxtpx:TrackPointExtension>
            <gpxtpx:hr>183</gpxtpx:hr>
          </gpxtpx:TrackPointExtension>
        </extensions>
      </trkpt>
      <trkpt lat="22.730315742018888" lon="113.9540837995338">
        <ele>40.46620486304164</ele>
        <time>1970-01-01T00:44:08.900000Z</time>
        <extensions>
          <gpxtpx:TrackPointExtension>
            <gpxtpx:hr>185</gpxtpx:hr>
          </gpxtpx:TrackPointExtension>
        </extensions>
      </trkpt>
      <trkpt lat="22.73030130728899" lon="113.9540645622985">
        <ele>40.42926871590316</ele>
        <time>1970-01-01T00:44:09.900000Z</time>
        <extensions>
          <gpxtpx:TrackPointExtension>
            <gpxtpx:hr>185</gpxtpx:hr>
          </gpxtpx:TrackPointExtension>
        </extensions>
      </trkpt>
      <trkpt lat="22.73028745843486" lon="113.95404633337675">
        <ele>40.405176426284015</ele>
        <time>1970-01-01T00:44:10.900000Z</time>
        <extensions>
          <gpxtpx:TrackPointExtension>
            <gpxtpx:hr>185</gpxtpx:hr>
          </gpxtpx:TrackPointExtension>
        </extensions>
      </trkpt>
      <trkpt lat="22.730273556994437" lon="113.95402999676786">
        <ele>40.416276352480054</ele>
        <time>1970-01-01T00:44:11.900000Z</time>
        <extensions>
          <gpxtpx:TrackPointExtension>
            <gpxtpx:hr>185</gpxtpx:hr>
          </gpxtpx:TrackPointExtension>
        </extensions>
      </trkpt>
      <trkpt lat="22.730259894131716" lon="113.95401655810676">
        <ele>40.314748637378216</ele>
        <time>1970-01-01T00:44:12.900000Z</time>
        <extensions>
          <gpxtpx:TrackPointExtension>
            <gpxtpx:hr>185</gpxtpx:hr>
          </gpxtpx:TrackPointExtension>
        </extensions>
      </trkpt>
      <trkpt lat="22.730246622207154" lon="113.95400515494292">
        <ele>40.167366705834866</ele>
        <time>1970-01-01T00:44:13.900000Z</time>
        <extensions>
          <gpxtpx:TrackPointExtension>
            <gpxtpx:hr>184</gpxtpx:hr>
          </gpxtpx:TrackPointExtension>
        </extensions>
      </trkpt>
      <trkpt lat="22.730233314370736" lon="113.95399231939105">
        <ele>39.95421333424747</ele>
        <time>1970-01-01T00:44:14.900000Z</time>
        <extensions>
          <gpxtpx:TrackPointExtension>
            <gpxtpx:hr>184</gpxtpx:hr>
          </gpxtpx:TrackPointExtension>
        </extensions>
      </trkpt>
      <trkpt lat="22.73023331011215" lon="113.95399231475089">
        <ele>39.95413333643228</ele>
        <time>1970-01-01T00:44:14.900000Z</time>
        <extensions>
          <gpxtpx:TrackPointExtension>
            <gpxtpx:hr>184</gpxtpx:hr>
          </gpxtpx:TrackPointExtension>
        </extensions>
      </trkpt>
      <trkpt lat="22.730219690502473" lon="113.95397827401968">
        <ele>39.68803192302585</ele>
        <time>1970-01-01T00:44:15.900000Z</time>
        <extensions>
          <gpxtpx:TrackPointExtension>
            <gpxtpx:hr>184</gpxtpx:hr>
          </gpxtpx:TrackPointExtension>
        </extensions>
      </trkpt>
      <trkpt lat="22.730205786501294" lon="113.95396418081775">
        <ele>39.38724604807794</ele>
        <time>1970-01-01T00:44:16.900000Z</time>
        <extensions>
          <gpxtpx:TrackPointExtension>
            <gpxtpx:hr>184</gpxtpx:hr>
          </gpxtpx:TrackPointExtension>
        </extensions>
      </trkpt>
      <trkpt lat="22.730191762561347" lon="113.95394920968583">
        <ele>39.04321726504713</ele>
        <time>1970-01-01T00:44:17.900000Z</time>
        <extensions>
          <gpxtpx:TrackPointExtension>
            <gpxtpx:hr>184</gpxtpx:hr>
          </gpxtpx:TrackPointExtension>
        </extensions>
      </trkpt>
      <trkpt lat="22.73017752445051" lon="113.95393466557022">
        <ele>38.6510759498924</ele>
        <time>1970-01-01T00:44:18.900000Z</time>
        <extensions>
          <gpxtpx:TrackPointExtension>
            <gpxtpx:hr>184</gpxtpx:hr>
          </gpxtpx:TrackPointExtension>
        </extensions>
      </trkpt>
      <trkpt lat="22.73016344178205" lon="113.95392139849999">
        <ele>38.21087323501706</ele>
        <time>1970-01-01T00:44:19.900000Z</time>
        <extensions>
          <gpxtpx:TrackPointExtension>
            <gpxtpx:hr>184</gpxtpx:hr>
          </gpxtpx:TrackPointExtension>
        </extensions>
      </trkpt>
      <trkpt lat="22.73015012062032" lon="113.95390915664095">
        <ele>37.731397334486246</ele>
        <time>1970-01-01T00:44:20.900000Z</time>
        <extensions>
          <gpxtpx:TrackPointExtension>
            <gpxtpx:hr>184</gpxtpx:hr>
          </gpxtpx:TrackPointExtension>
        </extensions>
      </trkpt>
    </trkseg>
  </trk>
</gpx>